2026-05-09 22:00:52 | INFO | each_eight_hours.py:39 | LOG FILE PATH: \\vmware-host\Shared Folders\SHARED FILES VM\MS\logs\each_eight_hours_2026-05-09_22-00-51.log
2026-05-09 22:00:52 | INFO | each_eight_hours.py:40 | Logger initialized
2026-05-09 22:00:52 | INFO | each_eight_hours.py:67 | Script initialized
2026-05-09 22:00:54 | INFO | each_eight_hours.py:117 | Execution started
2026-05-09 22:00:54 | INFO | each_eight_hours.py:120 | Mouse moved to initial position
2026-05-09 22:00:54 | INFO | each_eight_hours.py:127 | snap.exe terminated if it was running
2026-05-09 22:00:54 | INFO | my_functions.py:60 | ⏳ Esperando WebSocket de OBS...
2026-05-09 22:01:01 | INFO | baseclient.py:33 | Connecting with parameters: host='localhost' port=4455 password='' subs=0 timeout=None
2026-05-09 22:01:01 | INFO | reqs.py:23 | Successfully identified ReqClient with the server using RPC version:1
2026-05-09 22:01:01 | INFO | my_functions.py:66 | ✅ Conectado al OBS WebSocket
2026-05-09 22:01:01 | ERROR | reqs.py:59 | OBSSDKRequestError: Request GetRecordStatus returned code 207. With message: OBS is not ready to perform the request.
Traceback (most recent call last):
  File "C:\Users\Farm\AppData\Local\Programs\Python\Python311\Lib\site-packages\obsws_python\reqs.py", line 53, in send
    raise OBSSDKRequestError(
obsws_python.error.OBSSDKRequestError: Request GetRecordStatus returned code 207. With message: OBS is not ready to perform the request.
2026-05-09 22:01:02 | INFO | my_functions.py:91 | 🎬 Grabación iniciada
2026-05-09 22:01:02 | INFO | each_eight_hours.py:130 | OBS started and recording
2026-05-09 22:01:02 | INFO | my_functions.py:1668 | ⏱ Esperando 0.1 segundos antes de empezar...
2026-05-09 22:01:02 | INFO | my_functions.py:1675 | 🔍 Esperando ventana que contenga alguna de: ['py', 'eight_hours'] (máx 20s)
2026-05-09 22:01:02 | INFO | my_functions.py:1687 | ✅ Ventana encontrada: 'each_eight_hours - Acceso directo'
2026-05-09 22:01:02 | INFO | my_functions.py:1702 | ✅ Ventana seleccionada: 'each_eight_hours - Acceso directo'
2026-05-09 22:01:04 | INFO | my_functions.py:1725 | 🔁 Reajuste #1...
2026-05-09 22:01:04 | INFO | my_functions.py:1732 | ✔ Verificación completa. Se hicieron 1 reajustes.
2026-05-09 22:01:04 | INFO | each_eight_hours.py:136 | Console window resized
2026-05-09 22:01:34 | INFO | my_functions.py:2515 | Starting Steam window scan
2026-05-09 22:01:34 | INFO | my_functions.py:2518 | Found window: 
2026-05-09 22:01:34 | INFO | my_functions.py:2518 | Found window: each_eight_hours - Acceso directo
2026-05-09 22:01:34 | INFO | my_functions.py:2518 | Found window: 
2026-05-09 22:01:34 | INFO | my_functions.py:2518 | Found window: 
2026-05-09 22:01:34 | INFO | my_functions.py:2518 | Found window: 
2026-05-09 22:01:34 | INFO | my_functions.py:2518 | Found window: 
2026-05-09 22:01:34 | INFO | my_functions.py:2518 | Found window: RivaTunerStatisticsServer
2026-05-09 22:01:34 | INFO | my_functions.py:2518 | Found window: Program Manager
2026-05-09 22:01:34 | INFO | each_eight_hours.py:142 | Steam popup windows closed
2026-05-09 22:01:34 | INFO | each_eight_hours.py:146 | Processing account: reeps_vm
2026-05-09 22:01:35 | INFO | each_eight_hours.py:149 | Game relaunched for account
2026-05-09 22:01:35 | INFO | my_functions.py:1668 | ⏱ Esperando 0.1 segundos antes de empezar...
2026-05-09 22:01:35 | INFO | my_functions.py:1675 | 🔍 Esperando ventana que contenga alguna de: ['SNAP'] (máx 20s)
2026-05-09 22:01:39 | INFO | my_functions.py:1687 | ✅ Ventana encontrada: 'SNAP'
2026-05-09 22:01:39 | INFO | my_functions.py:1702 | ✅ Ventana seleccionada: 'SNAP'
2026-05-09 22:01:41 | INFO | my_functions.py:1734 | ✔ Verificación completa. No hubo cambios después del primer ajuste.
2026-05-09 22:01:41 | INFO | each_eight_hours.py:156 | Game window resized
2026-05-09 22:01:41 | INFO | my_functions.py:1207 | [DEBUG] Resizing SNAP window...
2026-05-09 22:01:41 | INFO | my_functions.py:1668 | ⏱ Esperando 0.1 segundos antes de empezar...
2026-05-09 22:01:41 | INFO | my_functions.py:1675 | 🔍 Esperando ventana que contenga alguna de: ['SNAP'] (máx 20s)
2026-05-09 22:01:41 | INFO | my_functions.py:1687 | ✅ Ventana encontrada: 'SNAP'
2026-05-09 22:01:41 | INFO | my_functions.py:1702 | ✅ Ventana seleccionada: 'SNAP'
2026-05-09 22:01:44 | INFO | my_functions.py:1734 | ✔ Verificación completa. No hubo cambios después del primer ajuste.
2026-05-09 22:01:44 | INFO | my_functions.py:231 | [DEBUG] wait_for_image_and_click -> submit.PNG timeout=90s delay_click=0.2s confidence=0.8
2026-05-09 22:01:44 | INFO | my_functions.py:172 | Searching submit.PNG (timeout=90s)
2026-05-09 22:01:51 | INFO | my_functions.py:198 | 
✅ Found: submit.PNG pos=(385, 784) time=7.15s confidence=0.8
2026-05-09 22:01:52 | INFO | my_functions.py:138 | Haciendo click en la posición (385, 784)
2026-05-09 22:01:52 | INFO | my_functions.py:251 | 🖱️ Click OK: submit.PNG at (385, 784) delay=0.2s
2026-05-09 22:01:52 | INFO | my_functions.py:1668 | ⏱ Esperando 0.1 segundos antes de empezar...
2026-05-09 22:01:52 | INFO | my_functions.py:1675 | 🔍 Esperando ventana que contenga alguna de: ['SNAP'] (máx 20s)
2026-05-09 22:01:52 | INFO | my_functions.py:1687 | ✅ Ventana encontrada: 'SNAP'
2026-05-09 22:01:52 | INFO | my_functions.py:1702 | ✅ Ventana seleccionada: 'SNAP'
2026-05-09 22:01:54 | INFO | my_functions.py:1725 | 🔁 Reajuste #1...
2026-05-09 22:01:55 | INFO | my_functions.py:1732 | ✔ Verificación completa. Se hicieron 1 reajustes.
2026-05-09 22:01:55 | INFO | my_functions.py:172 | Searching please_sign.png (timeout=0s)
2026-05-09 22:01:55 | INFO | my_functions.py:198 | 
✅ Found: please_sign.png pos=(383, 438) time=0.2s confidence=0.8
2026-05-09 22:01:55 | INFO | my_functions.py:231 | [DEBUG] wait_for_image_and_click -> ok_btn.png timeout=20s delay_click=1s confidence=0.8
2026-05-09 22:01:55 | INFO | my_functions.py:172 | Searching ok_btn.png (timeout=20s)
2026-05-09 22:01:55 | INFO | my_functions.py:198 | 
✅ Found: ok_btn.png pos=(382, 634) time=0.22s confidence=0.8
2026-05-09 22:01:56 | INFO | my_functions.py:138 | Haciendo click en la posición (382, 634)
2026-05-09 22:01:57 | INFO | my_functions.py:251 | 🖱️ Click OK: ok_btn.png at (382, 634) delay=1s
2026-05-09 22:01:57 | INFO | my_functions.py:231 | [DEBUG] wait_for_image_and_click -> submit.PNG timeout=90s delay_click=0.2s confidence=0.8
2026-05-09 22:01:57 | INFO | my_functions.py:172 | Searching submit.PNG (timeout=90s)
2026-05-09 22:01:58 | INFO | my_functions.py:198 | 
✅ Found: submit.PNG pos=(385, 780) time=1.37s confidence=0.8
2026-05-09 22:01:58 | INFO | my_functions.py:138 | Haciendo click en la posición (385, 780)
2026-05-09 22:01:58 | INFO | my_functions.py:251 | 🖱️ Click OK: submit.PNG at (385, 780) delay=0.2s
2026-05-09 22:01:58 | INFO | my_functions.py:172 | Searching sign_in_with_google2.PNG (timeout=90s)
2026-05-09 22:02:00 | INFO | my_functions.py:198 | 
✅ Found: sign_in_with_google2.PNG pos=(406, 957) time=1.26s confidence=0.8
2026-05-09 22:02:00 | INFO | my_functions.py:231 | [DEBUG] wait_for_image_and_click -> sign_in_with_google2.PNG timeout=20s delay_click=1s confidence=0.8
2026-05-09 22:02:00 | INFO | my_functions.py:172 | Searching sign_in_with_google2.PNG (timeout=20s)
2026-05-09 22:02:00 | INFO | my_functions.py:198 | 
✅ Found: sign_in_with_google2.PNG pos=(406, 957) time=0.17s confidence=0.8
2026-05-09 22:02:01 | INFO | my_functions.py:138 | Haciendo click en la posición (406, 957)
2026-05-09 22:02:01 | INFO | my_functions.py:251 | 🖱️ Click OK: sign_in_with_google2.PNG at (406, 957) delay=1s
2026-05-09 22:02:01 | INFO | my_functions.py:231 | [DEBUG] wait_for_image_and_click -> reeps_vm.png timeout=30s delay_click=3s confidence=0.8
2026-05-09 22:02:01 | INFO | my_functions.py:172 | Searching reeps_vm.png (timeout=30s)
2026-05-09 22:02:13 | INFO | my_functions.py:198 | 
✅ Found: reeps_vm.png pos=(1126, 534) time=11.81s confidence=0.8
2026-05-09 22:02:16 | INFO | my_functions.py:138 | Haciendo click en la posición (1126, 534)
2026-05-09 22:02:16 | INFO | my_functions.py:251 | 🖱️ Click OK: reeps_vm.png at (1126, 534) delay=3s
2026-05-09 22:02:18 | INFO | my_functions.py:231 | [DEBUG] wait_for_image_and_click -> python_icon.PNG timeout=5s delay_click=1s confidence=0.8
2026-05-09 22:02:18 | INFO | my_functions.py:172 | Searching python_icon.PNG (timeout=5s)
2026-05-09 22:02:19 | INFO | my_functions.py:198 | 
✅ Found: python_icon.PNG pos=(647, 1054) time=1.34s confidence=0.8
2026-05-09 22:02:20 | INFO | my_functions.py:138 | Haciendo click en la posición (647, 1054)
2026-05-09 22:02:21 | INFO | my_functions.py:251 | 🖱️ Click OK: python_icon.PNG at (647, 1054) delay=1s
2026-05-09 22:02:21 | INFO | my_functions.py:231 | [DEBUG] wait_for_image_and_click -> snap_icon_task_bar.PNG timeout=20s delay_click=1s confidence=0.8
2026-05-09 22:02:21 | INFO | my_functions.py:172 | Searching snap_icon_task_bar.PNG (timeout=20s)
2026-05-09 22:02:21 | INFO | my_functions.py:198 | 
✅ Found: snap_icon_task_bar.PNG pos=(524, 1052) time=0.4s confidence=0.8
2026-05-09 22:02:22 | INFO | my_functions.py:138 | Haciendo click en la posición (524, 1052)
2026-05-09 22:02:22 | INFO | my_functions.py:251 | 🖱️ Click OK: snap_icon_task_bar.PNG at (524, 1052) delay=1s
2026-05-09 22:02:22 | INFO | my_functions.py:172 | Searching play.PNG (timeout=30s)
2026-05-09 22:02:37 | INFO | my_functions.py:198 | 
✅ Found: play.PNG pos=(384, 824) time=14.82s confidence=0.8
2026-05-09 22:02:37 | INFO | my_functions.py:1265 | [DEBUG] Login completado correctamente.
2026-05-09 22:02:37 | INFO | each_eight_hours.py:160 | Login executed
2026-05-09 22:02:37 | INFO | my_functions.py:172 | Searching shop_unselected.PNG (timeout=0s)
2026-05-09 22:02:37 | INFO | my_functions.py:198 | 
✅ Found: shop_unselected.PNG pos=(88, 961) time=0.23s confidence=0.8
2026-05-09 22:02:45 | INFO | my_functions.py:172 | Searching shop_unselected.PNG (timeout=0s)
2026-05-09 22:02:45 | INFO | my_functions.py:209 | 
⛔ Not found: shop_unselected.PNG after 0.0s region=(0, 0, 765, 1038) confidence=0.8
2026-05-09 22:02:46 | INFO | my_functions.py:172 | Searching shop_unselected.PNG (timeout=0s)
2026-05-09 22:02:47 | INFO | my_functions.py:209 | 
⛔ Not found: shop_unselected.PNG after 0.0s region=(0, 0, 765, 1038) confidence=0.8
2026-05-09 22:02:47 | INFO | my_functions.py:231 | [DEBUG] wait_for_image_and_click -> super_premium.PNG timeout=0s delay_click=1s confidence=0.8
2026-05-09 22:02:47 | INFO | my_functions.py:172 | Searching super_premium.PNG (timeout=0s)
2026-05-09 22:02:47 | INFO | my_functions.py:198 | 
✅ Found: super_premium.PNG pos=(480, 777) time=0.43s confidence=0.8
2026-05-09 22:02:48 | INFO | my_functions.py:138 | Haciendo click en la posición (480, 777)
2026-05-09 22:02:48 | INFO | my_functions.py:251 | 🖱️ Click OK: super_premium.PNG at (480, 777) delay=1s
2026-05-09 22:02:48 | INFO | my_functions.py:146 | Presionando ESC (1/1)
2026-05-09 22:02:57 | INFO | my_functions.py:172 | Searching shop_unselected.PNG (timeout=0s)
2026-05-09 22:02:57 | INFO | my_functions.py:198 | 
✅ Found: shop_unselected.PNG pos=(88, 961) time=0.2s confidence=0.8
2026-05-09 22:02:57 | INFO | my_functions.py:720 | Ya esta listo
2026-05-09 22:02:57 | INFO | each_eight_hours.py:163 | Initial images processed
2026-05-09 22:02:58 | INFO | each_eight_hours.py:166 | Chrome terminated
2026-05-09 22:02:58 | INFO | my_functions.py:231 | [DEBUG] wait_for_image_and_click -> missions_unnotified2.png timeout=20s delay_click=1s confidence=0.8
2026-05-09 22:02:58 | INFO | my_functions.py:172 | Searching missions_unnotified2.png (timeout=20s)
2026-05-09 22:02:58 | INFO | my_functions.py:198 | 
✅ Found: missions_unnotified2.png pos=(516, 127) time=0.19s confidence=0.8
2026-05-09 22:02:59 | INFO | my_functions.py:138 | Haciendo click en la posición (516, 127)
2026-05-09 22:02:59 | INFO | my_functions.py:251 | 🖱️ Click OK: missions_unnotified2.png at (516, 127) delay=1s
2026-05-09 22:02:59 | INFO | my_functions.py:231 | [DEBUG] wait_for_image_and_click -> calendar_missions_daily.png timeout=3s delay_click=1s confidence=0.8
2026-05-09 22:02:59 | INFO | my_functions.py:172 | Searching calendar_missions_daily.png (timeout=3s)
2026-05-09 22:03:00 | INFO | my_functions.py:198 | 
✅ Found: calendar_missions_daily.png pos=(189, 131) time=1.13s confidence=0.8
2026-05-09 22:03:01 | INFO | my_functions.py:138 | Haciendo click en la posición (189, 131)
2026-05-09 22:03:02 | INFO | my_functions.py:251 | 🖱️ Click OK: calendar_missions_daily.png at (189, 131) delay=1s
2026-05-09 22:03:02 | INFO | each_eight_hours.py:180 | Mission screens opened
2026-05-09 22:03:02 | INFO | my_functions.py:295 | JSON file located at C:\Users\Farm\AppData\LocalLow\Second Dinner\SNAP\Standalone\States\nvprod\MissionState.json
2026-05-09 22:03:05 | INFO | my_functions.py:434 | AVAILABLE: 4
2026-05-09 22:03:05 | INFO | my_functions.py:444 | [INFO] Waiting for Notepad++ process...
2026-05-09 22:03:05 | INFO | my_functions.py:458 | [INFO] Notepad++ detected PID=2212
2026-05-09 22:03:08 | INFO | my_functions.py:466 | [SUCCESS] Notepad++ closed successfully
2026-05-09 22:03:09 | INFO | my_functions.py:1593 | [INFO] Iniciando click_missions_blue2
2026-05-09 22:03:09 | INFO | my_functions.py:138 | Haciendo click en la posición (150, 132)
2026-05-09 22:03:10 | INFO | my_functions.py:1596 | [ACTION] Click hecho en icono de calendario que me dirige a las misiones ordinarias
2026-05-09 22:03:10 | INFO | my_functions.py:172 | Searching bonus_challenge.png (timeout=0s)
2026-05-09 22:03:10 | INFO | my_functions.py:209 | 
⛔ Not found: bonus_challenge.png after 0.01s region=(0, 0, 765, 1038) confidence=0.8
2026-05-09 22:03:12 | INFO | my_functions.py:172 | Searching flechita_mission.PNG (timeout=0s)
2026-05-09 22:03:13 | INFO | my_functions.py:209 | 
⛔ Not found: flechita_mission.PNG after 0.19s region=(0, 0, 765, 1038) confidence=0.8
2026-05-09 22:03:13 | INFO | my_functions.py:231 | [DEBUG] wait_for_image_and_click -> weekly3.PNG timeout=0s delay_click=0.1s confidence=0.8
2026-05-09 22:03:13 | INFO | my_functions.py:172 | Searching weekly3.PNG (timeout=0s)
2026-05-09 22:03:13 | INFO | my_functions.py:209 | 
⛔ Not found: weekly3.PNG after 0.01s region=(0, 0, 765, 1038) confidence=0.8
2026-05-09 22:03:13 | INFO | my_functions.py:258 | [DEBUG] Click skipped, image not found: weekly3.PNG
2026-05-09 22:03:13 | INFO | my_functions.py:231 | [DEBUG] wait_for_image_and_click -> weekly3.PNG timeout=0s delay_click=0.1s confidence=0.8
2026-05-09 22:03:13 | INFO | my_functions.py:172 | Searching weekly3.PNG (timeout=0s)
2026-05-09 22:03:13 | INFO | my_functions.py:209 | 
⛔ Not found: weekly3.PNG after 0.01s region=(0, 0, 765, 1038) confidence=0.8
2026-05-09 22:03:13 | INFO | my_functions.py:258 | [DEBUG] Click skipped, image not found: weekly3.PNG
2026-05-09 22:03:13 | INFO | my_functions.py:231 | [DEBUG] wait_for_image_and_click -> weekly3.PNG timeout=0s delay_click=0.1s confidence=0.8
2026-05-09 22:03:13 | INFO | my_functions.py:172 | Searching weekly3.PNG (timeout=0s)
2026-05-09 22:03:13 | INFO | my_functions.py:209 | 
⛔ Not found: weekly3.PNG after 0.0s region=(0, 0, 765, 1038) confidence=0.8
2026-05-09 22:03:13 | INFO | my_functions.py:258 | [DEBUG] Click skipped, image not found: weekly3.PNG
2026-05-09 22:03:13 | INFO | my_functions.py:231 | [DEBUG] wait_for_image_and_click -> weekly3.PNG timeout=0s delay_click=0.1s confidence=0.8
2026-05-09 22:03:13 | INFO | my_functions.py:172 | Searching weekly3.PNG (timeout=0s)
2026-05-09 22:03:13 | INFO | my_functions.py:209 | 
⛔ Not found: weekly3.PNG after 0.0s region=(0, 0, 765, 1038) confidence=0.8
2026-05-09 22:03:13 | INFO | my_functions.py:258 | [DEBUG] Click skipped, image not found: weekly3.PNG
2026-05-09 22:03:13 | INFO | my_functions.py:231 | [DEBUG] wait_for_image_and_click -> weekly3.PNG timeout=0s delay_click=0.1s confidence=0.8
2026-05-09 22:03:13 | INFO | my_functions.py:172 | Searching weekly3.PNG (timeout=0s)
2026-05-09 22:03:13 | INFO | my_functions.py:209 | 
⛔ Not found: weekly3.PNG after 0.01s region=(0, 0, 765, 1038) confidence=0.8
2026-05-09 22:03:13 | INFO | my_functions.py:258 | [DEBUG] Click skipped, image not found: weekly3.PNG
2026-05-09 22:03:13 | INFO | my_functions.py:231 | [DEBUG] wait_for_image_and_click -> weekly3.PNG timeout=0s delay_click=0.1s confidence=0.8
2026-05-09 22:03:13 | INFO | my_functions.py:172 | Searching weekly3.PNG (timeout=0s)
2026-05-09 22:03:14 | INFO | my_functions.py:209 | 
⛔ Not found: weekly3.PNG after 0.01s region=(0, 0, 765, 1038) confidence=0.8
2026-05-09 22:03:14 | INFO | my_functions.py:258 | [DEBUG] Click skipped, image not found: weekly3.PNG
2026-05-09 22:03:14 | INFO | my_functions.py:231 | [DEBUG] wait_for_image_and_click -> weekly3.PNG timeout=0s delay_click=0.1s confidence=0.8
2026-05-09 22:03:14 | INFO | my_functions.py:172 | Searching weekly3.PNG (timeout=0s)
2026-05-09 22:03:14 | INFO | my_functions.py:209 | 
⛔ Not found: weekly3.PNG after 0.0s region=(0, 0, 765, 1038) confidence=0.8
2026-05-09 22:03:14 | INFO | my_functions.py:258 | [DEBUG] Click skipped, image not found: weekly3.PNG
2026-05-09 22:03:14 | INFO | my_functions.py:231 | [DEBUG] wait_for_image_and_click -> weekly3.PNG timeout=0s delay_click=0.1s confidence=0.8
2026-05-09 22:03:14 | INFO | my_functions.py:172 | Searching weekly3.PNG (timeout=0s)
2026-05-09 22:03:14 | INFO | my_functions.py:209 | 
⛔ Not found: weekly3.PNG after 0.01s region=(0, 0, 765, 1038) confidence=0.8
2026-05-09 22:03:14 | INFO | my_functions.py:258 | [DEBUG] Click skipped, image not found: weekly3.PNG
2026-05-09 22:03:14 | INFO | my_functions.py:231 | [DEBUG] wait_for_image_and_click -> weekly3.PNG timeout=0s delay_click=0.1s confidence=0.8
2026-05-09 22:03:14 | INFO | my_functions.py:172 | Searching weekly3.PNG (timeout=0s)
2026-05-09 22:03:14 | INFO | my_functions.py:209 | 
⛔ Not found: weekly3.PNG after 0.01s region=(0, 0, 765, 1038) confidence=0.8
2026-05-09 22:03:14 | INFO | my_functions.py:258 | [DEBUG] Click skipped, image not found: weekly3.PNG
2026-05-09 22:03:14 | INFO | my_functions.py:231 | [DEBUG] wait_for_image_and_click -> weekly3.PNG timeout=0s delay_click=0.1s confidence=0.8
2026-05-09 22:03:14 | INFO | my_functions.py:172 | Searching weekly3.PNG (timeout=0s)
2026-05-09 22:03:14 | INFO | my_functions.py:209 | 
⛔ Not found: weekly3.PNG after 0.01s region=(0, 0, 765, 1038) confidence=0.8
2026-05-09 22:03:14 | INFO | my_functions.py:258 | [DEBUG] Click skipped, image not found: weekly3.PNG
2026-05-09 22:03:14 | INFO | my_functions.py:231 | [DEBUG] wait_for_image_and_click -> weekly3.PNG timeout=0s delay_click=0.1s confidence=0.8
2026-05-09 22:03:14 | INFO | my_functions.py:172 | Searching weekly3.PNG (timeout=0s)
2026-05-09 22:03:15 | INFO | my_functions.py:209 | 
⛔ Not found: weekly3.PNG after 0.0s region=(0, 0, 765, 1038) confidence=0.8
2026-05-09 22:03:15 | INFO | my_functions.py:258 | [DEBUG] Click skipped, image not found: weekly3.PNG
2026-05-09 22:03:15 | INFO | my_functions.py:295 | JSON file located at C:\Users\Farm\AppData\LocalLow\Second Dinner\SNAP\Standalone\States\nvprod\MissionState.json
2026-05-09 22:03:18 | INFO | my_functions.py:434 | AVAILABLE: 4
2026-05-09 22:03:18 | INFO | my_functions.py:444 | [INFO] Waiting for Notepad++ process...
2026-05-09 22:03:18 | INFO | my_functions.py:458 | [INFO] Notepad++ detected PID=9664
2026-05-09 22:03:21 | INFO | my_functions.py:466 | [SUCCESS] Notepad++ closed successfully
2026-05-09 22:03:22 | INFO | each_eight_hours.py:219 | Entering shop to claim credits
2026-05-09 22:03:22 | INFO | my_functions.py:138 | Haciendo click en la posición (557, 64)
2026-05-09 22:03:23 | INFO | my_functions.py:231 | [DEBUG] wait_for_image_and_click -> offers.PNG timeout=0s delay_click=1s confidence=0.8
2026-05-09 22:03:23 | INFO | my_functions.py:172 | Searching offers.PNG (timeout=0s)
2026-05-09 22:03:23 | INFO | my_functions.py:209 | 
⛔ Not found: offers.PNG after 0.0s region=(0, 0, 765, 1038) confidence=0.8
2026-05-09 22:03:23 | INFO | my_functions.py:258 | [DEBUG] Click skipped, image not found: offers.PNG
2026-05-09 22:03:23 | INFO | my_functions.py:231 | [DEBUG] wait_for_image_and_click -> offers_selected.PNG timeout=0s delay_click=1s confidence=0.8
2026-05-09 22:03:23 | INFO | my_functions.py:172 | Searching offers_selected.PNG (timeout=0s)
2026-05-09 22:03:23 | INFO | my_functions.py:209 | 
⛔ Not found: offers_selected.PNG after 0.01s region=(0, 0, 765, 1038) confidence=0.8
2026-05-09 22:03:23 | INFO | my_functions.py:258 | [DEBUG] Click skipped, image not found: offers_selected.PNG
2026-05-09 22:03:23 | INFO | my_functions.py:231 | [DEBUG] wait_for_image_and_click -> offers.PNG timeout=0s delay_click=1s confidence=0.8
2026-05-09 22:03:23 | INFO | my_functions.py:172 | Searching offers.PNG (timeout=0s)
2026-05-09 22:03:24 | INFO | my_functions.py:198 | 
✅ Found: offers.PNG pos=(197, 121) time=0.21s confidence=0.8
2026-05-09 22:03:25 | INFO | my_functions.py:138 | Haciendo click en la posición (197, 121)
2026-05-09 22:03:25 | INFO | my_functions.py:251 | 🖱️ Click OK: offers.PNG at (197, 121) delay=1s
2026-05-09 22:03:25 | INFO | each_eight_hours.py:229 | Offers screen opened
2026-05-09 22:03:25 | INFO | my_functions.py:231 | [DEBUG] wait_for_image_and_click -> credits_selected.png timeout=0s delay_click=1s confidence=0.8
2026-05-09 22:03:25 | INFO | my_functions.py:172 | Searching credits_selected.png (timeout=0s)
2026-05-09 22:03:25 | INFO | my_functions.py:209 | 
⛔ Not found: credits_selected.png after 0.01s region=(0, 0, 765, 1038) confidence=0.8
2026-05-09 22:03:25 | INFO | my_functions.py:258 | [DEBUG] Click skipped, image not found: credits_selected.png
2026-05-09 22:03:25 | INFO | my_functions.py:231 | [DEBUG] wait_for_image_and_click -> credits.PNG timeout=0s delay_click=1s confidence=0.8
2026-05-09 22:03:25 | INFO | my_functions.py:172 | Searching credits.PNG (timeout=0s)
2026-05-09 22:03:25 | INFO | my_functions.py:198 | 
✅ Found: credits.PNG pos=(173, 64) time=0.23s confidence=0.8
2026-05-09 22:03:26 | INFO | my_functions.py:138 | Haciendo click en la posición (173, 64)
2026-05-09 22:03:27 | INFO | my_functions.py:251 | 🖱️ Click OK: credits.PNG at (173, 64) delay=1s
2026-05-09 22:03:28 | INFO | my_functions.py:231 | [DEBUG] wait_for_image_and_click -> claim_25_credits.png timeout=3s delay_click=1s confidence=0.8
2026-05-09 22:03:28 | INFO | my_functions.py:172 | Searching claim_25_credits.png (timeout=3s)
2026-05-09 22:03:28 | INFO | my_functions.py:198 | 
✅ Found: claim_25_credits.png pos=(236, 328) time=0.23s confidence=0.8
2026-05-09 22:03:29 | INFO | my_functions.py:138 | Haciendo click en la posición (236, 328)
2026-05-09 22:03:29 | INFO | my_functions.py:251 | 🖱️ Click OK: claim_25_credits.png at (236, 328) delay=1s
2026-05-09 22:03:29 | INFO | each_eight_hours.py:258 | Credits claimed
2026-05-09 22:03:29 | INFO | my_functions.py:146 | Presionando ESC (1/1)
2026-05-09 22:03:30 | INFO | my_functions.py:231 | [DEBUG] wait_for_image_and_click -> white_x.png timeout=2s delay_click=1s confidence=0.8
2026-05-09 22:03:30 | INFO | my_functions.py:172 | Searching white_x.png (timeout=2s)
2026-05-09 22:03:32 | INFO | my_functions.py:209 | 
⛔ Not found: white_x.png after 2.14s region=(0, 0, 765, 1038) confidence=0.8
2026-05-09 22:03:32 | INFO | my_functions.py:258 | [DEBUG] Click skipped, image not found: white_x.png
2026-05-09 22:03:32 | INFO | my_functions.py:1443 | [DEBUG] Starting logout process...
2026-05-09 22:03:32 | INFO | my_functions.py:1445 | [DEBUG] Clicking nut icon...
2026-05-09 22:03:32 | INFO | my_functions.py:231 | [DEBUG] wait_for_image_and_click -> nut.png timeout=20s delay_click=1s confidence=0.8
2026-05-09 22:03:32 | INFO | my_functions.py:172 | Searching nut.png (timeout=20s)
2026-05-09 22:03:33 | INFO | my_functions.py:198 | 
✅ Found: nut.png pos=(184, 78) time=0.21s confidence=0.8
2026-05-09 22:03:34 | INFO | my_functions.py:138 | Haciendo click en la posición (184, 78)
2026-05-09 22:03:34 | INFO | my_functions.py:251 | 🖱️ Click OK: nut.png at (184, 78) delay=1s
2026-05-09 22:03:34 | INFO | my_functions.py:1448 | [DEBUG] Waiting for graphics quality image...
2026-05-09 22:03:34 | INFO | my_functions.py:172 | Searching graphics_quality.png (timeout=3s)
2026-05-09 22:03:35 | INFO | my_functions.py:198 | 
✅ Found: graphics_quality.png pos=(304, 644) time=0.87s confidence=0.8
2026-05-09 22:03:35 | INFO | my_functions.py:1450 | [DEBUG] graphics_quality result: Point(x=304, y=644)
2026-05-09 22:03:35 | INFO | my_functions.py:1456 | [DEBUG] Clicking graphics quality...
2026-05-09 22:03:36 | INFO | my_functions.py:1461 | [DEBUG] Scrolling down...
2026-05-09 22:03:36 | INFO | my_functions.py:1464 | [DEBUG] Clicking sign_out...
2026-05-09 22:03:36 | INFO | my_functions.py:231 | [DEBUG] wait_for_image_and_click -> sign_out.png timeout=20s delay_click=1s confidence=0.8
2026-05-09 22:03:36 | INFO | my_functions.py:172 | Searching sign_out.png (timeout=20s)
2026-05-09 22:03:36 | INFO | my_functions.py:198 | 
✅ Found: sign_out.png pos=(380, 796) time=0.2s confidence=0.8
2026-05-09 22:03:37 | INFO | my_functions.py:138 | Haciendo click en la posición (380, 796)
2026-05-09 22:03:37 | INFO | my_functions.py:251 | 🖱️ Click OK: sign_out.png at (380, 796) delay=1s
2026-05-09 22:03:38 | INFO | my_functions.py:1469 | [DEBUG] Clicking big sign_out...
2026-05-09 22:03:38 | INFO | my_functions.py:231 | [DEBUG] wait_for_image_and_click -> sign_out_grande.png timeout=20s delay_click=1s confidence=0.8
2026-05-09 22:03:38 | INFO | my_functions.py:172 | Searching sign_out_grande.png (timeout=20s)
2026-05-09 22:03:39 | INFO | my_functions.py:198 | 
✅ Found: sign_out_grande.png pos=(359, 437) time=0.2s confidence=0.8
2026-05-09 22:03:40 | INFO | my_functions.py:138 | Haciendo click en la posición (359, 437)
2026-05-09 22:03:40 | INFO | my_functions.py:251 | 🖱️ Click OK: sign_out_grande.png at (359, 437) delay=1s
2026-05-09 22:03:40 | INFO | my_functions.py:1472 | [DEBUG] Clicking sign_out2...
2026-05-09 22:03:40 | INFO | my_functions.py:231 | [DEBUG] wait_for_image_and_click -> sign_out2.png timeout=20s delay_click=1s confidence=0.8
2026-05-09 22:03:40 | INFO | my_functions.py:172 | Searching sign_out2.png (timeout=20s)
2026-05-09 22:03:40 | INFO | my_functions.py:198 | 
✅ Found: sign_out2.png pos=(383, 634) time=0.2s confidence=0.8
2026-05-09 22:03:41 | INFO | my_functions.py:138 | Haciendo click en la posición (383, 634)
2026-05-09 22:03:41 | INFO | my_functions.py:251 | 🖱️ Click OK: sign_out2.png at (383, 634) delay=1s
2026-05-09 22:03:41 | INFO | my_functions.py:1475 | [DEBUG] Resizing SNAP window...
2026-05-09 22:03:41 | INFO | my_functions.py:1668 | ⏱ Esperando 0.1 segundos antes de empezar...
2026-05-09 22:03:41 | INFO | my_functions.py:1675 | 🔍 Esperando ventana que contenga alguna de: SNAP (máx 20s)
2026-05-09 22:03:41 | INFO | my_functions.py:1687 | ✅ Ventana encontrada: 'SNAP'
2026-05-09 22:03:41 | INFO | my_functions.py:1702 | ✅ Ventana seleccionada: 'SNAP'
2026-05-09 22:03:43 | INFO | my_functions.py:1725 | 🔁 Reajuste #1...
2026-05-09 22:03:45 | INFO | my_functions.py:1732 | ✔ Verificación completa. Se hicieron 1 reajustes.
2026-05-09 22:03:46 | INFO | my_functions.py:1484 | snap.exe closed
2026-05-09 22:03:49 | INFO | my_functions.py:1487 | [DEBUG] Logout completed successfully.
2026-05-09 22:03:49 | INFO | each_eight_hours.py:269 | Logged out due to insufficient submissions
2026-05-09 22:03:51 | INFO | each_eight_hours.py:273 | snap.exe closed
2026-05-09 22:03:54 | INFO | each_eight_hours.py:146 | Processing account: overture_vm
2026-05-09 22:03:54 | INFO | each_eight_hours.py:149 | Game relaunched for account
2026-05-09 22:03:54 | INFO | my_functions.py:1668 | ⏱ Esperando 0.1 segundos antes de empezar...
2026-05-09 22:03:54 | INFO | my_functions.py:1675 | 🔍 Esperando ventana que contenga alguna de: ['SNAP'] (máx 20s)
2026-05-09 22:03:56 | INFO | my_functions.py:1687 | ✅ Ventana encontrada: 'SNAP'
2026-05-09 22:03:56 | INFO | my_functions.py:1702 | ✅ Ventana seleccionada: 'SNAP'
2026-05-09 22:03:58 | INFO | my_functions.py:1734 | ✔ Verificación completa. No hubo cambios después del primer ajuste.
2026-05-09 22:03:58 | INFO | each_eight_hours.py:156 | Game window resized
2026-05-09 22:03:58 | INFO | my_functions.py:1207 | [DEBUG] Resizing SNAP window...
2026-05-09 22:03:58 | INFO | my_functions.py:1668 | ⏱ Esperando 0.1 segundos antes de empezar...
2026-05-09 22:03:58 | INFO | my_functions.py:1675 | 🔍 Esperando ventana que contenga alguna de: ['SNAP'] (máx 20s)
2026-05-09 22:03:58 | INFO | my_functions.py:1687 | ✅ Ventana encontrada: 'SNAP'
2026-05-09 22:03:58 | INFO | my_functions.py:1702 | ✅ Ventana seleccionada: 'SNAP'
2026-05-09 22:04:01 | INFO | my_functions.py:1734 | ✔ Verificación completa. No hubo cambios después del primer ajuste.
2026-05-09 22:04:01 | INFO | my_functions.py:231 | [DEBUG] wait_for_image_and_click -> submit.PNG timeout=90s delay_click=0.2s confidence=0.8
2026-05-09 22:04:01 | INFO | my_functions.py:172 | Searching submit.PNG (timeout=90s)
2026-05-09 22:04:03 | INFO | my_functions.py:198 | 
✅ Found: submit.PNG pos=(385, 776) time=2.04s confidence=0.8
2026-05-09 22:04:03 | INFO | my_functions.py:138 | Haciendo click en la posición (385, 776)
2026-05-09 22:04:03 | INFO | my_functions.py:251 | 🖱️ Click OK: submit.PNG at (385, 776) delay=0.2s
2026-05-09 22:04:03 | INFO | my_functions.py:1668 | ⏱ Esperando 0.1 segundos antes de empezar...
2026-05-09 22:04:04 | INFO | my_functions.py:1675 | 🔍 Esperando ventana que contenga alguna de: ['SNAP'] (máx 20s)
2026-05-09 22:04:04 | INFO | my_functions.py:1687 | ✅ Ventana encontrada: 'SNAP'
2026-05-09 22:04:04 | INFO | my_functions.py:1702 | ✅ Ventana seleccionada: 'SNAP'
2026-05-09 22:04:06 | INFO | my_functions.py:1725 | 🔁 Reajuste #1...
2026-05-09 22:04:07 | INFO | my_functions.py:1732 | ✔ Verificación completa. Se hicieron 1 reajustes.
2026-05-09 22:04:07 | INFO | my_functions.py:172 | Searching please_sign.png (timeout=0s)
2026-05-09 22:04:07 | INFO | my_functions.py:198 | 
✅ Found: please_sign.png pos=(383, 438) time=0.21s confidence=0.8
2026-05-09 22:04:07 | INFO | my_functions.py:231 | [DEBUG] wait_for_image_and_click -> ok_btn.png timeout=20s delay_click=1s confidence=0.8
2026-05-09 22:04:07 | INFO | my_functions.py:172 | Searching ok_btn.png (timeout=20s)
2026-05-09 22:04:07 | INFO | my_functions.py:198 | 
✅ Found: ok_btn.png pos=(382, 634) time=0.19s confidence=0.8
2026-05-09 22:04:08 | INFO | my_functions.py:138 | Haciendo click en la posición (382, 634)
2026-05-09 22:04:08 | INFO | my_functions.py:251 | 🖱️ Click OK: ok_btn.png at (382, 634) delay=1s
2026-05-09 22:04:08 | INFO | my_functions.py:231 | [DEBUG] wait_for_image_and_click -> submit.PNG timeout=90s delay_click=0.2s confidence=0.8
2026-05-09 22:04:08 | INFO | my_functions.py:172 | Searching submit.PNG (timeout=90s)
2026-05-09 22:04:10 | INFO | my_functions.py:198 | 
✅ Found: submit.PNG pos=(385, 779) time=1.4s confidence=0.8
2026-05-09 22:04:10 | INFO | my_functions.py:138 | Haciendo click en la posición (385, 779)
2026-05-09 22:04:10 | INFO | my_functions.py:251 | 🖱️ Click OK: submit.PNG at (385, 779) delay=0.2s
2026-05-09 22:04:10 | INFO | my_functions.py:172 | Searching sign_in_with_google2.PNG (timeout=90s)
2026-05-09 22:04:11 | INFO | my_functions.py:198 | 
✅ Found: sign_in_with_google2.PNG pos=(406, 957) time=0.84s confidence=0.8
2026-05-09 22:04:11 | INFO | my_functions.py:231 | [DEBUG] wait_for_image_and_click -> sign_in_with_google2.PNG timeout=20s delay_click=1s confidence=0.8
2026-05-09 22:04:11 | INFO | my_functions.py:172 | Searching sign_in_with_google2.PNG (timeout=20s)
2026-05-09 22:04:11 | INFO | my_functions.py:198 | 
✅ Found: sign_in_with_google2.PNG pos=(406, 957) time=0.34s confidence=0.8
2026-05-09 22:04:12 | INFO | my_functions.py:138 | Haciendo click en la posición (406, 957)
2026-05-09 22:04:13 | INFO | my_functions.py:251 | 🖱️ Click OK: sign_in_with_google2.PNG at (406, 957) delay=1s
2026-05-09 22:04:13 | INFO | my_functions.py:231 | [DEBUG] wait_for_image_and_click -> overture_vm.png timeout=30s delay_click=3s confidence=0.8
2026-05-09 22:04:13 | INFO | my_functions.py:172 | Searching overture_vm.png (timeout=30s)
2026-05-09 22:04:17 | INFO | my_functions.py:198 | 
✅ Found: overture_vm.png pos=(1126, 447) time=4.78s confidence=0.8
2026-05-09 22:04:20 | INFO | my_functions.py:138 | Haciendo click en la posición (1126, 447)
2026-05-09 22:04:21 | INFO | my_functions.py:251 | 🖱️ Click OK: overture_vm.png at (1126, 447) delay=3s
2026-05-09 22:04:23 | INFO | my_functions.py:231 | [DEBUG] wait_for_image_and_click -> python_icon.PNG timeout=5s delay_click=1s confidence=0.8
2026-05-09 22:04:23 | INFO | my_functions.py:172 | Searching python_icon.PNG (timeout=5s)
2026-05-09 22:04:23 | INFO | my_functions.py:198 | 
✅ Found: python_icon.PNG pos=(647, 1054) time=0.29s confidence=0.8
2026-05-09 22:04:24 | INFO | my_functions.py:138 | Haciendo click en la posición (647, 1054)
2026-05-09 22:04:24 | INFO | my_functions.py:251 | 🖱️ Click OK: python_icon.PNG at (647, 1054) delay=1s
2026-05-09 22:04:24 | INFO | my_functions.py:231 | [DEBUG] wait_for_image_and_click -> snap_icon_task_bar.PNG timeout=20s delay_click=1s confidence=0.8
2026-05-09 22:04:24 | INFO | my_functions.py:172 | Searching snap_icon_task_bar.PNG (timeout=20s)
2026-05-09 22:04:24 | INFO | my_functions.py:198 | 
✅ Found: snap_icon_task_bar.PNG pos=(524, 1052) time=0.34s confidence=0.8
2026-05-09 22:04:25 | INFO | my_functions.py:138 | Haciendo click en la posición (524, 1052)
2026-05-09 22:04:26 | INFO | my_functions.py:251 | 🖱️ Click OK: snap_icon_task_bar.PNG at (524, 1052) delay=1s
2026-05-09 22:04:26 | INFO | my_functions.py:172 | Searching play.PNG (timeout=30s)
2026-05-09 22:04:35 | INFO | my_functions.py:198 | 
✅ Found: play.PNG pos=(384, 824) time=9.88s confidence=0.8
2026-05-09 22:04:35 | INFO | my_functions.py:1265 | [DEBUG] Login completado correctamente.
2026-05-09 22:04:36 | INFO | each_eight_hours.py:160 | Login executed
2026-05-09 22:04:36 | INFO | my_functions.py:172 | Searching shop_unselected.PNG (timeout=0s)
2026-05-09 22:04:36 | INFO | my_functions.py:198 | 
✅ Found: shop_unselected.PNG pos=(88, 961) time=0.2s confidence=0.8
2026-05-09 22:04:44 | INFO | my_functions.py:172 | Searching shop_unselected.PNG (timeout=0s)
2026-05-09 22:04:44 | INFO | my_functions.py:209 | 
⛔ Not found: shop_unselected.PNG after 0.0s region=(0, 0, 765, 1038) confidence=0.8
2026-05-09 22:04:45 | INFO | my_functions.py:172 | Searching shop_unselected.PNG (timeout=0s)
2026-05-09 22:04:45 | INFO | my_functions.py:209 | 
⛔ Not found: shop_unselected.PNG after 0.0s region=(0, 0, 765, 1038) confidence=0.8
2026-05-09 22:04:45 | INFO | my_functions.py:231 | [DEBUG] wait_for_image_and_click -> super_premium.PNG timeout=0s delay_click=1s confidence=0.8
2026-05-09 22:04:45 | INFO | my_functions.py:172 | Searching super_premium.PNG (timeout=0s)
2026-05-09 22:04:45 | INFO | my_functions.py:198 | 
✅ Found: super_premium.PNG pos=(480, 777) time=0.19s confidence=0.8
2026-05-09 22:04:46 | INFO | my_functions.py:138 | Haciendo click en la posición (480, 777)
2026-05-09 22:04:47 | INFO | my_functions.py:251 | 🖱️ Click OK: super_premium.PNG at (480, 777) delay=1s
2026-05-09 22:04:47 | INFO | my_functions.py:146 | Presionando ESC (1/1)
2026-05-09 22:04:55 | INFO | my_functions.py:172 | Searching shop_unselected.PNG (timeout=0s)
2026-05-09 22:04:55 | INFO | my_functions.py:198 | 
✅ Found: shop_unselected.PNG pos=(88, 961) time=0.19s confidence=0.8
2026-05-09 22:04:55 | INFO | my_functions.py:720 | Ya esta listo
2026-05-09 22:04:55 | INFO | each_eight_hours.py:163 | Initial images processed
2026-05-09 22:04:56 | INFO | each_eight_hours.py:166 | Chrome terminated
2026-05-09 22:04:56 | INFO | my_functions.py:231 | [DEBUG] wait_for_image_and_click -> missions_unnotified2.png timeout=20s delay_click=1s confidence=0.8
2026-05-09 22:04:56 | INFO | my_functions.py:172 | Searching missions_unnotified2.png (timeout=20s)
2026-05-09 22:04:56 | INFO | my_functions.py:198 | 
✅ Found: missions_unnotified2.png pos=(516, 127) time=0.2s confidence=0.8
2026-05-09 22:04:57 | INFO | my_functions.py:138 | Haciendo click en la posición (516, 127)
2026-05-09 22:04:57 | INFO | my_functions.py:251 | 🖱️ Click OK: missions_unnotified2.png at (516, 127) delay=1s
2026-05-09 22:04:57 | INFO | my_functions.py:231 | [DEBUG] wait_for_image_and_click -> calendar_missions_daily.png timeout=3s delay_click=1s confidence=0.8
2026-05-09 22:04:57 | INFO | my_functions.py:172 | Searching calendar_missions_daily.png (timeout=3s)
2026-05-09 22:04:58 | INFO | my_functions.py:198 | 
✅ Found: calendar_missions_daily.png pos=(189, 131) time=1.1s confidence=0.8
2026-05-09 22:04:59 | INFO | my_functions.py:138 | Haciendo click en la posición (189, 131)
2026-05-09 22:04:59 | INFO | my_functions.py:251 | 🖱️ Click OK: calendar_missions_daily.png at (189, 131) delay=1s
2026-05-09 22:04:59 | INFO | each_eight_hours.py:180 | Mission screens opened
2026-05-09 22:04:59 | INFO | my_functions.py:295 | JSON file located at C:\Users\Farm\AppData\LocalLow\Second Dinner\SNAP\Standalone\States\nvprod\MissionState.json
2026-05-09 22:05:02 | INFO | my_functions.py:434 | AVAILABLE: 5
2026-05-09 22:05:02 | INFO | my_functions.py:444 | [INFO] Waiting for Notepad++ process...
2026-05-09 22:05:02 | INFO | my_functions.py:458 | [INFO] Notepad++ detected PID=5484
2026-05-09 22:05:05 | INFO | my_functions.py:466 | [SUCCESS] Notepad++ closed successfully
2026-05-09 22:05:06 | INFO | my_functions.py:1593 | [INFO] Iniciando click_missions_blue2
2026-05-09 22:05:06 | INFO | my_functions.py:138 | Haciendo click en la posición (150, 132)
2026-05-09 22:05:08 | INFO | my_functions.py:1596 | [ACTION] Click hecho en icono de calendario que me dirige a las misiones ordinarias
2026-05-09 22:05:08 | INFO | my_functions.py:172 | Searching bonus_challenge.png (timeout=0s)
2026-05-09 22:05:08 | INFO | my_functions.py:209 | 
⛔ Not found: bonus_challenge.png after 0.0s region=(0, 0, 765, 1038) confidence=0.8
2026-05-09 22:05:10 | INFO | my_functions.py:172 | Searching flechita_mission.PNG (timeout=0s)
2026-05-09 22:05:10 | INFO | my_functions.py:209 | 
⛔ Not found: flechita_mission.PNG after 0.0s region=(0, 0, 765, 1038) confidence=0.8
2026-05-09 22:05:10 | INFO | my_functions.py:231 | [DEBUG] wait_for_image_and_click -> weekly3.PNG timeout=0s delay_click=0.1s confidence=0.8
2026-05-09 22:05:10 | INFO | my_functions.py:172 | Searching weekly3.PNG (timeout=0s)
2026-05-09 22:05:10 | INFO | my_functions.py:209 | 
⛔ Not found: weekly3.PNG after 0.01s region=(0, 0, 765, 1038) confidence=0.8
2026-05-09 22:05:10 | INFO | my_functions.py:258 | [DEBUG] Click skipped, image not found: weekly3.PNG
2026-05-09 22:05:10 | INFO | my_functions.py:231 | [DEBUG] wait_for_image_and_click -> weekly3.PNG timeout=0s delay_click=0.1s confidence=0.8
2026-05-09 22:05:10 | INFO | my_functions.py:172 | Searching weekly3.PNG (timeout=0s)
2026-05-09 22:05:10 | INFO | my_functions.py:209 | 
⛔ Not found: weekly3.PNG after 0.0s region=(0, 0, 765, 1038) confidence=0.8
2026-05-09 22:05:10 | INFO | my_functions.py:258 | [DEBUG] Click skipped, image not found: weekly3.PNG
2026-05-09 22:05:10 | INFO | my_functions.py:231 | [DEBUG] wait_for_image_and_click -> weekly3.PNG timeout=0s delay_click=0.1s confidence=0.8
2026-05-09 22:05:10 | INFO | my_functions.py:172 | Searching weekly3.PNG (timeout=0s)
2026-05-09 22:05:10 | INFO | my_functions.py:209 | 
⛔ Not found: weekly3.PNG after 0.01s region=(0, 0, 765, 1038) confidence=0.8
2026-05-09 22:05:10 | INFO | my_functions.py:258 | [DEBUG] Click skipped, image not found: weekly3.PNG
2026-05-09 22:05:11 | INFO | my_functions.py:231 | [DEBUG] wait_for_image_and_click -> weekly3.PNG timeout=0s delay_click=0.1s confidence=0.8
2026-05-09 22:05:11 | INFO | my_functions.py:172 | Searching weekly3.PNG (timeout=0s)
2026-05-09 22:05:11 | INFO | my_functions.py:209 | 
⛔ Not found: weekly3.PNG after 0.01s region=(0, 0, 765, 1038) confidence=0.8
2026-05-09 22:05:11 | INFO | my_functions.py:258 | [DEBUG] Click skipped, image not found: weekly3.PNG
2026-05-09 22:05:11 | INFO | my_functions.py:231 | [DEBUG] wait_for_image_and_click -> weekly3.PNG timeout=0s delay_click=0.1s confidence=0.8
2026-05-09 22:05:11 | INFO | my_functions.py:172 | Searching weekly3.PNG (timeout=0s)
2026-05-09 22:05:11 | INFO | my_functions.py:209 | 
⛔ Not found: weekly3.PNG after 0.0s region=(0, 0, 765, 1038) confidence=0.8
2026-05-09 22:05:11 | INFO | my_functions.py:258 | [DEBUG] Click skipped, image not found: weekly3.PNG
2026-05-09 22:05:11 | INFO | my_functions.py:231 | [DEBUG] wait_for_image_and_click -> weekly3.PNG timeout=0s delay_click=0.1s confidence=0.8
2026-05-09 22:05:11 | INFO | my_functions.py:172 | Searching weekly3.PNG (timeout=0s)
2026-05-09 22:05:11 | INFO | my_functions.py:209 | 
⛔ Not found: weekly3.PNG after 0.0s region=(0, 0, 765, 1038) confidence=0.8
2026-05-09 22:05:11 | INFO | my_functions.py:258 | [DEBUG] Click skipped, image not found: weekly3.PNG
2026-05-09 22:05:11 | INFO | my_functions.py:231 | [DEBUG] wait_for_image_and_click -> weekly3.PNG timeout=0s delay_click=0.1s confidence=0.8
2026-05-09 22:05:11 | INFO | my_functions.py:172 | Searching weekly3.PNG (timeout=0s)
2026-05-09 22:05:11 | INFO | my_functions.py:209 | 
⛔ Not found: weekly3.PNG after 0.01s region=(0, 0, 765, 1038) confidence=0.8
2026-05-09 22:05:11 | INFO | my_functions.py:258 | [DEBUG] Click skipped, image not found: weekly3.PNG
2026-05-09 22:05:11 | INFO | my_functions.py:231 | [DEBUG] wait_for_image_and_click -> weekly3.PNG timeout=0s delay_click=0.1s confidence=0.8
2026-05-09 22:05:11 | INFO | my_functions.py:172 | Searching weekly3.PNG (timeout=0s)
2026-05-09 22:05:11 | INFO | my_functions.py:209 | 
⛔ Not found: weekly3.PNG after 0.0s region=(0, 0, 765, 1038) confidence=0.8
2026-05-09 22:05:11 | INFO | my_functions.py:258 | [DEBUG] Click skipped, image not found: weekly3.PNG
2026-05-09 22:05:11 | INFO | my_functions.py:231 | [DEBUG] wait_for_image_and_click -> weekly3.PNG timeout=0s delay_click=0.1s confidence=0.8
2026-05-09 22:05:11 | INFO | my_functions.py:172 | Searching weekly3.PNG (timeout=0s)
2026-05-09 22:05:12 | INFO | my_functions.py:209 | 
⛔ Not found: weekly3.PNG after 0.0s region=(0, 0, 765, 1038) confidence=0.8
2026-05-09 22:05:12 | INFO | my_functions.py:258 | [DEBUG] Click skipped, image not found: weekly3.PNG
2026-05-09 22:05:12 | INFO | my_functions.py:231 | [DEBUG] wait_for_image_and_click -> weekly3.PNG timeout=0s delay_click=0.1s confidence=0.8
2026-05-09 22:05:12 | INFO | my_functions.py:172 | Searching weekly3.PNG (timeout=0s)
2026-05-09 22:05:12 | INFO | my_functions.py:209 | 
⛔ Not found: weekly3.PNG after 0.0s region=(0, 0, 765, 1038) confidence=0.8
2026-05-09 22:05:12 | INFO | my_functions.py:258 | [DEBUG] Click skipped, image not found: weekly3.PNG
2026-05-09 22:05:12 | INFO | my_functions.py:231 | [DEBUG] wait_for_image_and_click -> weekly3.PNG timeout=0s delay_click=0.1s confidence=0.8
2026-05-09 22:05:12 | INFO | my_functions.py:172 | Searching weekly3.PNG (timeout=0s)
2026-05-09 22:05:12 | INFO | my_functions.py:209 | 
⛔ Not found: weekly3.PNG after 0.01s region=(0, 0, 765, 1038) confidence=0.8
2026-05-09 22:05:12 | INFO | my_functions.py:258 | [DEBUG] Click skipped, image not found: weekly3.PNG
2026-05-09 22:05:12 | INFO | my_functions.py:295 | JSON file located at C:\Users\Farm\AppData\LocalLow\Second Dinner\SNAP\Standalone\States\nvprod\MissionState.json
2026-05-09 22:05:15 | INFO | my_functions.py:434 | AVAILABLE: 5
2026-05-09 22:05:15 | INFO | my_functions.py:444 | [INFO] Waiting for Notepad++ process...
2026-05-09 22:05:15 | INFO | my_functions.py:458 | [INFO] Notepad++ detected PID=9364
2026-05-09 22:05:18 | INFO | my_functions.py:466 | [SUCCESS] Notepad++ closed successfully
2026-05-09 22:05:19 | INFO | my_functions.py:146 | Presionando ESC (1/1)
2026-05-09 22:05:20 | INFO | my_functions.py:231 | [DEBUG] wait_for_image_and_click -> white_x.png timeout=2s delay_click=1s confidence=0.8
2026-05-09 22:05:20 | INFO | my_functions.py:172 | Searching white_x.png (timeout=2s)
2026-05-09 22:05:22 | INFO | my_functions.py:209 | 
⛔ Not found: white_x.png after 2.16s region=(0, 0, 765, 1038) confidence=0.8
2026-05-09 22:05:22 | INFO | my_functions.py:258 | [DEBUG] Click skipped, image not found: white_x.png
2026-05-09 22:05:22 | INFO | my_functions.py:172 | Searching play.PNG (timeout=0s)
2026-05-09 22:05:22 | INFO | my_functions.py:198 | 
✅ Found: play.PNG pos=(384, 824) time=0.18s confidence=0.8
2026-05-09 22:05:22 | INFO | my_functions.py:1563 | [INFO] Click realizado donde se equipa el deck a jugar
2026-05-09 22:05:26 | INFO | my_functions.py:231 | [DEBUG] wait_for_image_and_click -> deck_666666.png timeout=3s delay_click=1s confidence=0.8
2026-05-09 22:05:26 | INFO | my_functions.py:172 | Searching deck_666666.png (timeout=3s)
2026-05-09 22:05:27 | INFO | my_functions.py:198 | 
✅ Found: deck_666666.png pos=(235, 546) time=0.2s confidence=0.8
2026-05-09 22:05:28 | INFO | my_functions.py:138 | Haciendo click en la posición (235, 546)
2026-05-09 22:05:28 | INFO | my_functions.py:251 | 🖱️ Click OK: deck_666666.png at (235, 546) delay=1s
2026-05-09 22:05:28 | INFO | my_functions.py:231 | [DEBUG] wait_for_image_and_click -> equip.png timeout=3s delay_click=1s confidence=0.95
2026-05-09 22:05:28 | INFO | my_functions.py:172 | Searching equip.png (timeout=3s)
2026-05-09 22:05:28 | INFO | my_functions.py:198 | 
✅ Found: equip.png pos=(548, 983) time=0.24s confidence=0.95
2026-05-09 22:05:29 | INFO | my_functions.py:138 | Haciendo click en la posición (548, 983)
2026-05-09 22:05:29 | INFO | my_functions.py:251 | 🖱️ Click OK: equip.png at (548, 983) delay=1s
2026-05-09 22:05:29 | INFO | each_eight_hours.py:217 | Deck selected: 6turns
2026-05-09 22:05:29 | INFO | my_functions.py:231 | [DEBUG] wait_for_image_and_click -> maybe_later.PNG timeout=2s delay_click=1s confidence=0.8
2026-05-09 22:05:29 | INFO | my_functions.py:172 | Searching maybe_later.PNG (timeout=2s)
2026-05-09 22:05:32 | INFO | my_functions.py:209 | 
⛔ Not found: maybe_later.PNG after 2.14s region=(0, 0, 765, 1038) confidence=0.8
2026-05-09 22:05:32 | INFO | my_functions.py:258 | [DEBUG] Click skipped, image not found: maybe_later.PNG
2026-05-09 22:05:32 | INFO | my_functions.py:231 | [DEBUG] wait_for_image_and_click -> maybe_later2.PNG timeout=2s delay_click=1s confidence=0.8
2026-05-09 22:05:32 | INFO | my_functions.py:172 | Searching maybe_later2.PNG (timeout=2s)
2026-05-09 22:05:34 | INFO | my_functions.py:209 | 
⛔ Not found: maybe_later2.PNG after 2.12s region=(0, 0, 765, 1038) confidence=0.8
2026-05-09 22:05:34 | INFO | my_functions.py:258 | [DEBUG] Click skipped, image not found: maybe_later2.PNG
2026-05-09 22:05:34 | INFO | each_eight_hours.py:287 | Starting game loop 1
2026-05-09 22:05:34 | INFO | my_functions.py:231 | [DEBUG] wait_for_image_and_click -> play.PNG timeout=20s delay_click=3s confidence=0.8
2026-05-09 22:05:34 | INFO | my_functions.py:172 | Searching play.PNG (timeout=20s)
2026-05-09 22:05:34 | INFO | my_functions.py:198 | 
✅ Found: play.PNG pos=(384, 824) time=0.19s confidence=0.8
2026-05-09 22:05:37 | INFO | my_functions.py:138 | Haciendo click en la posición (384, 824)
2026-05-09 22:05:37 | INFO | my_functions.py:251 | 🖱️ Click OK: play.PNG at (384, 824) delay=3s
2026-05-09 22:05:37 | INFO | each_eight_hours.py:293 | Play button clicked
2026-05-09 22:05:59 | INFO | my_functions.py:198 | 
✅ Found: end_turn.PNG pos=(681, 945) time=0.18s confidence=0.8
2026-05-09 22:05:59 | INFO | my_functions.py:231 | [DEBUG] wait_for_image_and_click -> snap.PNG timeout=0s delay_click=1s confidence=0.8
2026-05-09 22:05:59 | INFO | my_functions.py:198 | 
✅ Found: snap.PNG pos=(386, 122) time=0.2s confidence=0.8
2026-05-09 22:06:00 | INFO | my_functions.py:138 | Haciendo click en la posición (386, 122)
2026-05-09 22:06:00 | INFO | my_functions.py:251 | 🖱️ Click OK: snap.PNG at (386, 122) delay=1s
2026-05-09 22:06:05 | INFO | my_functions.py:138 | Haciendo click en la posición (681, 945)
2026-05-09 22:06:07 | INFO | each_eight_hours.py:314 | End turn executed
2026-05-09 22:06:22 | INFO | my_functions.py:198 | 
✅ Found: end_turn.PNG pos=(681, 945) time=0.19s confidence=0.8
2026-05-09 22:06:22 | INFO | my_functions.py:231 | [DEBUG] wait_for_image_and_click -> snap.PNG timeout=0s delay_click=1s confidence=0.8
2026-05-09 22:06:22 | INFO | my_functions.py:258 | [DEBUG] Click skipped, image not found: snap.PNG
2026-05-09 22:06:27 | INFO | my_functions.py:138 | Haciendo click en la posición (681, 945)
2026-05-09 22:06:28 | INFO | each_eight_hours.py:314 | End turn executed
2026-05-09 22:06:42 | INFO | my_functions.py:198 | 
✅ Found: end_turn.PNG pos=(681, 945) time=0.18s confidence=0.8
2026-05-09 22:06:42 | INFO | my_functions.py:231 | [DEBUG] wait_for_image_and_click -> snap.PNG timeout=0s delay_click=1s confidence=0.8
2026-05-09 22:06:43 | INFO | my_functions.py:258 | [DEBUG] Click skipped, image not found: snap.PNG
2026-05-09 22:06:48 | INFO | my_functions.py:138 | Haciendo click en la posición (681, 945)
2026-05-09 22:06:49 | INFO | each_eight_hours.py:314 | End turn executed
2026-05-09 22:07:05 | INFO | my_functions.py:198 | 
✅ Found: end_turn.PNG pos=(681, 945) time=0.2s confidence=0.8
2026-05-09 22:07:05 | INFO | my_functions.py:231 | [DEBUG] wait_for_image_and_click -> snap.PNG timeout=0s delay_click=1s confidence=0.8
2026-05-09 22:07:05 | INFO | my_functions.py:258 | [DEBUG] Click skipped, image not found: snap.PNG
2026-05-09 22:07:11 | INFO | my_functions.py:138 | Haciendo click en la posición (681, 945)
2026-05-09 22:07:12 | INFO | each_eight_hours.py:314 | End turn executed
2026-05-09 22:07:24 | INFO | my_functions.py:198 | 
✅ Found: end_turn.PNG pos=(681, 945) time=0.2s confidence=0.8
2026-05-09 22:07:24 | INFO | my_functions.py:231 | [DEBUG] wait_for_image_and_click -> snap.PNG timeout=0s delay_click=1s confidence=0.8
2026-05-09 22:07:24 | INFO | my_functions.py:258 | [DEBUG] Click skipped, image not found: snap.PNG
2026-05-09 22:07:29 | INFO | my_functions.py:138 | Haciendo click en la posición (681, 945)
2026-05-09 22:07:30 | INFO | each_eight_hours.py:314 | End turn executed
2026-05-09 22:07:51 | INFO | my_functions.py:198 | 
✅ Found: end_turn.PNG pos=(681, 945) time=0.19s confidence=0.8
2026-05-09 22:07:51 | INFO | my_functions.py:231 | [DEBUG] wait_for_image_and_click -> snap.PNG timeout=0s delay_click=1s confidence=0.8
2026-05-09 22:07:51 | INFO | my_functions.py:258 | [DEBUG] Click skipped, image not found: snap.PNG
2026-05-09 22:07:56 | INFO | my_functions.py:138 | Haciendo click en la posición (681, 945)
2026-05-09 22:07:57 | INFO | each_eight_hours.py:314 | End turn executed
2026-05-09 22:08:38 | INFO | my_functions.py:198 | 
✅ Found: collect_rewards.PNG pos=(679, 959) time=0.22s confidence=0.8
2026-05-09 22:08:38 | INFO | each_eight_hours.py:353 | Rewards detected, exiting match
2026-05-09 22:08:38 | INFO | my_functions.py:231 | [DEBUG] wait_for_image_and_click -> collect_rewards.PNG timeout=20s delay_click=1s confidence=0.8
2026-05-09 22:08:38 | INFO | my_functions.py:172 | Searching collect_rewards.PNG (timeout=20s)
2026-05-09 22:08:39 | INFO | my_functions.py:198 | 
✅ Found: collect_rewards.PNG pos=(679, 957) time=0.23s confidence=0.8
2026-05-09 22:08:40 | INFO | my_functions.py:138 | Haciendo click en la posición (679, 957)
2026-05-09 22:08:40 | INFO | my_functions.py:251 | 🖱️ Click OK: collect_rewards.PNG at (679, 957) delay=1s
2026-05-09 22:08:40 | INFO | my_functions.py:231 | [DEBUG] wait_for_image_and_click -> next.PNG timeout=20s delay_click=1s confidence=0.8
2026-05-09 22:08:40 | INFO | my_functions.py:172 | Searching next.PNG (timeout=20s)
2026-05-09 22:08:43 | INFO | my_functions.py:198 | 
✅ Found: next.PNG pos=(676, 1010) time=3.03s confidence=0.8
2026-05-09 22:08:44 | INFO | my_functions.py:138 | Haciendo click en la posición (676, 1010)
2026-05-09 22:08:44 | INFO | my_functions.py:251 | 🖱️ Click OK: next.PNG at (676, 1010) delay=1s
2026-05-09 22:08:48 | INFO | my_functions.py:434 | AVAILABLE: 5
2026-05-09 22:08:48 | INFO | my_functions.py:444 | [INFO] Waiting for Notepad++ process...
2026-05-09 22:08:48 | INFO | my_functions.py:458 | [INFO] Notepad++ detected PID=9528
2026-05-09 22:08:51 | INFO | my_functions.py:466 | [SUCCESS] Notepad++ closed successfully
2026-05-09 22:08:52 | INFO | each_eight_hours.py:421 | Submissions after match: 5
2026-05-09 22:08:52 | INFO | my_functions.py:378 | Misiones completadas: 1
2026-05-09 22:08:52 | INFO | each_eight_hours.py:430 | Submission condition met, breaking loop
2026-05-09 22:08:52 | INFO | my_functions.py:231 | [DEBUG] wait_for_image_and_click -> missionsNotify2.png timeout=20s delay_click=3s confidence=0.8
2026-05-09 22:08:52 | INFO | my_functions.py:172 | Searching missionsNotify2.png (timeout=20s)
2026-05-09 22:08:53 | INFO | my_functions.py:198 | 
✅ Found: missionsNotify2.png pos=(538, 124) time=0.22s confidence=0.8
2026-05-09 22:08:56 | INFO | my_functions.py:138 | Haciendo click en la posición (538, 124)
2026-05-09 22:08:56 | INFO | my_functions.py:251 | 🖱️ Click OK: missionsNotify2.png at (538, 124) delay=3s
2026-05-09 22:08:56 | INFO | my_functions.py:1593 | [INFO] Iniciando click_missions_blue2
2026-05-09 22:08:56 | INFO | my_functions.py:138 | Haciendo click en la posición (150, 132)
2026-05-09 22:08:57 | INFO | my_functions.py:1596 | [ACTION] Click hecho en icono de calendario que me dirige a las misiones ordinarias
2026-05-09 22:08:57 | INFO | my_functions.py:172 | Searching bonus_challenge.png (timeout=0s)
2026-05-09 22:08:57 | INFO | my_functions.py:209 | 
⛔ Not found: bonus_challenge.png after 0.0s region=(0, 0, 765, 1038) confidence=0.8
2026-05-09 22:08:59 | INFO | my_functions.py:138 | Haciendo click en la posición (362, 493)
2026-05-09 22:09:00 | INFO | my_functions.py:1609 | [ACTION] Click 1/1 en misión azul
2026-05-09 22:09:01 | INFO | my_functions.py:172 | Searching flechita_mission.PNG (timeout=0s)
2026-05-09 22:09:01 | INFO | my_functions.py:209 | 
⛔ Not found: flechita_mission.PNG after 0.0s region=(0, 0, 765, 1038) confidence=0.8
2026-05-09 22:09:01 | INFO | my_functions.py:231 | [DEBUG] wait_for_image_and_click -> weekly3.PNG timeout=0s delay_click=0.1s confidence=0.8
2026-05-09 22:09:01 | INFO | my_functions.py:172 | Searching weekly3.PNG (timeout=0s)
2026-05-09 22:09:01 | INFO | my_functions.py:198 | 
✅ Found: weekly3.PNG pos=(485, 266) time=0.19s confidence=0.8
2026-05-09 22:09:01 | INFO | my_functions.py:138 | Haciendo click en la posición (485, 266)
2026-05-09 22:09:02 | INFO | my_functions.py:251 | 🖱️ Click OK: weekly3.PNG at (485, 266) delay=0.1s
2026-05-09 22:09:02 | INFO | my_functions.py:231 | [DEBUG] wait_for_image_and_click -> claim!.PNG timeout=0s delay_click=0.2s confidence=0.8
2026-05-09 22:09:02 | INFO | my_functions.py:172 | Searching claim!.PNG (timeout=0s)
2026-05-09 22:09:02 | INFO | my_functions.py:209 | 
⛔ Not found: claim!.PNG after 0.01s region=(0, 0, 765, 1038) confidence=0.8
2026-05-09 22:09:02 | INFO | my_functions.py:258 | [DEBUG] Click skipped, image not found: claim!.PNG
2026-05-09 22:09:02 | INFO | my_functions.py:231 | [DEBUG] wait_for_image_and_click -> claim_hover.PNG timeout=0s delay_click=0.2s confidence=0.8
2026-05-09 22:09:02 | INFO | my_functions.py:172 | Searching claim_hover.PNG (timeout=0s)
2026-05-09 22:09:02 | INFO | my_functions.py:209 | 
⛔ Not found: claim_hover.PNG after 0.0s region=(0, 0, 765, 1038) confidence=0.8
2026-05-09 22:09:02 | INFO | my_functions.py:258 | [DEBUG] Click skipped, image not found: claim_hover.PNG
2026-05-09 22:09:02 | INFO | my_functions.py:231 | [DEBUG] wait_for_image_and_click -> claim!.PNG timeout=0s delay_click=0.2s confidence=0.8
2026-05-09 22:09:02 | INFO | my_functions.py:172 | Searching claim!.PNG (timeout=0s)
2026-05-09 22:09:02 | INFO | my_functions.py:198 | 
✅ Found: claim!.PNG pos=(381, 924) time=0.24s confidence=0.8
2026-05-09 22:09:03 | INFO | my_functions.py:138 | Haciendo click en la posición (381, 924)
2026-05-09 22:09:03 | INFO | my_functions.py:251 | 🖱️ Click OK: claim!.PNG at (381, 924) delay=0.2s
2026-05-09 22:09:03 | INFO | my_functions.py:231 | [DEBUG] wait_for_image_and_click -> claim_hover.PNG timeout=0s delay_click=0.2s confidence=0.8
2026-05-09 22:09:03 | INFO | my_functions.py:172 | Searching claim_hover.PNG (timeout=0s)
2026-05-09 22:09:03 | INFO | my_functions.py:198 | 
✅ Found: claim_hover.PNG pos=(383, 921) time=0.28s confidence=0.8
2026-05-09 22:09:03 | INFO | my_functions.py:138 | Haciendo click en la posición (383, 921)
2026-05-09 22:09:04 | INFO | my_functions.py:251 | 🖱️ Click OK: claim_hover.PNG at (383, 921) delay=0.2s
2026-05-09 22:09:04 | INFO | my_functions.py:231 | [DEBUG] wait_for_image_and_click -> claim!.PNG timeout=0s delay_click=0.2s confidence=0.8
2026-05-09 22:09:04 | INFO | my_functions.py:172 | Searching claim!.PNG (timeout=0s)
2026-05-09 22:09:04 | INFO | my_functions.py:209 | 
⛔ Not found: claim!.PNG after 0.0s region=(0, 0, 765, 1038) confidence=0.8
2026-05-09 22:09:04 | INFO | my_functions.py:258 | [DEBUG] Click skipped, image not found: claim!.PNG
2026-05-09 22:09:04 | INFO | my_functions.py:231 | [DEBUG] wait_for_image_and_click -> claim_hover.PNG timeout=0s delay_click=0.2s confidence=0.8
2026-05-09 22:09:04 | INFO | my_functions.py:172 | Searching claim_hover.PNG (timeout=0s)
2026-05-09 22:09:04 | INFO | my_functions.py:198 | 
✅ Found: claim_hover.PNG pos=(383, 921) time=0.27s confidence=0.8
2026-05-09 22:09:04 | INFO | my_functions.py:138 | Haciendo click en la posición (383, 921)
2026-05-09 22:09:05 | INFO | my_functions.py:251 | 🖱️ Click OK: claim_hover.PNG at (383, 921) delay=0.2s
2026-05-09 22:09:05 | INFO | my_functions.py:231 | [DEBUG] wait_for_image_and_click -> claim!.PNG timeout=0s delay_click=0.2s confidence=0.8
2026-05-09 22:09:05 | INFO | my_functions.py:172 | Searching claim!.PNG (timeout=0s)
2026-05-09 22:09:05 | INFO | my_functions.py:209 | 
⛔ Not found: claim!.PNG after 0.0s region=(0, 0, 765, 1038) confidence=0.8
2026-05-09 22:09:05 | INFO | my_functions.py:258 | [DEBUG] Click skipped, image not found: claim!.PNG
2026-05-09 22:09:05 | INFO | my_functions.py:231 | [DEBUG] wait_for_image_and_click -> claim_hover.PNG timeout=0s delay_click=0.2s confidence=0.8
2026-05-09 22:09:05 | INFO | my_functions.py:172 | Searching claim_hover.PNG (timeout=0s)
2026-05-09 22:09:05 | INFO | my_functions.py:209 | 
⛔ Not found: claim_hover.PNG after 0.01s region=(0, 0, 765, 1038) confidence=0.8
2026-05-09 22:09:05 | INFO | my_functions.py:258 | [DEBUG] Click skipped, image not found: claim_hover.PNG
2026-05-09 22:09:05 | INFO | my_functions.py:231 | [DEBUG] wait_for_image_and_click -> claim!.PNG timeout=0s delay_click=0.2s confidence=0.8
2026-05-09 22:09:05 | INFO | my_functions.py:172 | Searching claim!.PNG (timeout=0s)
2026-05-09 22:09:05 | INFO | my_functions.py:209 | 
⛔ Not found: claim!.PNG after 0.0s region=(0, 0, 765, 1038) confidence=0.8
2026-05-09 22:09:05 | INFO | my_functions.py:258 | [DEBUG] Click skipped, image not found: claim!.PNG
2026-05-09 22:09:05 | INFO | my_functions.py:231 | [DEBUG] wait_for_image_and_click -> claim_hover.PNG timeout=0s delay_click=0.2s confidence=0.8
2026-05-09 22:09:05 | INFO | my_functions.py:172 | Searching claim_hover.PNG (timeout=0s)
2026-05-09 22:09:06 | INFO | my_functions.py:209 | 
⛔ Not found: claim_hover.PNG after 0.0s region=(0, 0, 765, 1038) confidence=0.8
2026-05-09 22:09:06 | INFO | my_functions.py:258 | [DEBUG] Click skipped, image not found: claim_hover.PNG
2026-05-09 22:09:06 | INFO | my_functions.py:231 | [DEBUG] wait_for_image_and_click -> claim!.PNG timeout=0s delay_click=0.2s confidence=0.8
2026-05-09 22:09:06 | INFO | my_functions.py:172 | Searching claim!.PNG (timeout=0s)
2026-05-09 22:09:06 | INFO | my_functions.py:209 | 
⛔ Not found: claim!.PNG after 0.01s region=(0, 0, 765, 1038) confidence=0.8
2026-05-09 22:09:06 | INFO | my_functions.py:258 | [DEBUG] Click skipped, image not found: claim!.PNG
2026-05-09 22:09:06 | INFO | my_functions.py:231 | [DEBUG] wait_for_image_and_click -> claim_hover.PNG timeout=0s delay_click=0.2s confidence=0.8
2026-05-09 22:09:06 | INFO | my_functions.py:172 | Searching claim_hover.PNG (timeout=0s)
2026-05-09 22:09:06 | INFO | my_functions.py:209 | 
⛔ Not found: claim_hover.PNG after 0.01s region=(0, 0, 765, 1038) confidence=0.8
2026-05-09 22:09:06 | INFO | my_functions.py:258 | [DEBUG] Click skipped, image not found: claim_hover.PNG
2026-05-09 22:09:06 | INFO | my_functions.py:231 | [DEBUG] wait_for_image_and_click -> claim!.PNG timeout=0s delay_click=0.2s confidence=0.8
2026-05-09 22:09:06 | INFO | my_functions.py:172 | Searching claim!.PNG (timeout=0s)
2026-05-09 22:09:06 | INFO | my_functions.py:209 | 
⛔ Not found: claim!.PNG after 0.01s region=(0, 0, 765, 1038) confidence=0.8
2026-05-09 22:09:06 | INFO | my_functions.py:258 | [DEBUG] Click skipped, image not found: claim!.PNG
2026-05-09 22:09:06 | INFO | my_functions.py:231 | [DEBUG] wait_for_image_and_click -> claim_hover.PNG timeout=0s delay_click=0.2s confidence=0.8
2026-05-09 22:09:06 | INFO | my_functions.py:172 | Searching claim_hover.PNG (timeout=0s)
2026-05-09 22:09:07 | INFO | my_functions.py:209 | 
⛔ Not found: claim_hover.PNG after 0.01s region=(0, 0, 765, 1038) confidence=0.8
2026-05-09 22:09:07 | INFO | my_functions.py:258 | [DEBUG] Click skipped, image not found: claim_hover.PNG
2026-05-09 22:09:07 | INFO | my_functions.py:231 | [DEBUG] wait_for_image_and_click -> claim!.PNG timeout=0s delay_click=0.2s confidence=0.8
2026-05-09 22:09:07 | INFO | my_functions.py:172 | Searching claim!.PNG (timeout=0s)
2026-05-09 22:09:07 | INFO | my_functions.py:209 | 
⛔ Not found: claim!.PNG after 0.01s region=(0, 0, 765, 1038) confidence=0.8
2026-05-09 22:09:07 | INFO | my_functions.py:258 | [DEBUG] Click skipped, image not found: claim!.PNG
2026-05-09 22:09:07 | INFO | my_functions.py:231 | [DEBUG] wait_for_image_and_click -> claim_hover.PNG timeout=0s delay_click=0.2s confidence=0.8
2026-05-09 22:09:07 | INFO | my_functions.py:172 | Searching claim_hover.PNG (timeout=0s)
2026-05-09 22:09:07 | INFO | my_functions.py:209 | 
⛔ Not found: claim_hover.PNG after 0.01s region=(0, 0, 765, 1038) confidence=0.8
2026-05-09 22:09:07 | INFO | my_functions.py:258 | [DEBUG] Click skipped, image not found: claim_hover.PNG
2026-05-09 22:09:07 | INFO | my_functions.py:231 | [DEBUG] wait_for_image_and_click -> weekly3.PNG timeout=0s delay_click=0.1s confidence=0.8
2026-05-09 22:09:07 | INFO | my_functions.py:172 | Searching weekly3.PNG (timeout=0s)
2026-05-09 22:09:07 | INFO | my_functions.py:209 | 
⛔ Not found: weekly3.PNG after 0.0s region=(0, 0, 765, 1038) confidence=0.8
2026-05-09 22:09:07 | INFO | my_functions.py:258 | [DEBUG] Click skipped, image not found: weekly3.PNG
2026-05-09 22:09:07 | INFO | my_functions.py:231 | [DEBUG] wait_for_image_and_click -> weekly3.PNG timeout=0s delay_click=0.1s confidence=0.8
2026-05-09 22:09:07 | INFO | my_functions.py:172 | Searching weekly3.PNG (timeout=0s)
2026-05-09 22:09:08 | INFO | my_functions.py:209 | 
⛔ Not found: weekly3.PNG after 0.0s region=(0, 0, 765, 1038) confidence=0.8
2026-05-09 22:09:08 | INFO | my_functions.py:258 | [DEBUG] Click skipped, image not found: weekly3.PNG
2026-05-09 22:09:08 | INFO | my_functions.py:231 | [DEBUG] wait_for_image_and_click -> weekly3.PNG timeout=0s delay_click=0.1s confidence=0.8
2026-05-09 22:09:08 | INFO | my_functions.py:172 | Searching weekly3.PNG (timeout=0s)
2026-05-09 22:09:08 | INFO | my_functions.py:209 | 
⛔ Not found: weekly3.PNG after 0.0s region=(0, 0, 765, 1038) confidence=0.8
2026-05-09 22:09:08 | INFO | my_functions.py:258 | [DEBUG] Click skipped, image not found: weekly3.PNG
2026-05-09 22:09:08 | INFO | my_functions.py:231 | [DEBUG] wait_for_image_and_click -> weekly3.PNG timeout=0s delay_click=0.1s confidence=0.8
2026-05-09 22:09:08 | INFO | my_functions.py:172 | Searching weekly3.PNG (timeout=0s)
2026-05-09 22:09:08 | INFO | my_functions.py:209 | 
⛔ Not found: weekly3.PNG after 0.0s region=(0, 0, 765, 1038) confidence=0.8
2026-05-09 22:09:08 | INFO | my_functions.py:258 | [DEBUG] Click skipped, image not found: weekly3.PNG
2026-05-09 22:09:08 | INFO | my_functions.py:231 | [DEBUG] wait_for_image_and_click -> weekly3.PNG timeout=0s delay_click=0.1s confidence=0.8
2026-05-09 22:09:08 | INFO | my_functions.py:172 | Searching weekly3.PNG (timeout=0s)
2026-05-09 22:09:08 | INFO | my_functions.py:209 | 
⛔ Not found: weekly3.PNG after 0.01s region=(0, 0, 765, 1038) confidence=0.8
2026-05-09 22:09:08 | INFO | my_functions.py:258 | [DEBUG] Click skipped, image not found: weekly3.PNG
2026-05-09 22:09:08 | INFO | my_functions.py:231 | [DEBUG] wait_for_image_and_click -> weekly3.PNG timeout=0s delay_click=0.1s confidence=0.8
2026-05-09 22:09:08 | INFO | my_functions.py:172 | Searching weekly3.PNG (timeout=0s)
2026-05-09 22:09:08 | INFO | my_functions.py:209 | 
⛔ Not found: weekly3.PNG after 0.0s region=(0, 0, 765, 1038) confidence=0.8
2026-05-09 22:09:08 | INFO | my_functions.py:258 | [DEBUG] Click skipped, image not found: weekly3.PNG
2026-05-09 22:09:08 | INFO | my_functions.py:231 | [DEBUG] wait_for_image_and_click -> weekly3.PNG timeout=0s delay_click=0.1s confidence=0.8
2026-05-09 22:09:08 | INFO | my_functions.py:172 | Searching weekly3.PNG (timeout=0s)
2026-05-09 22:09:09 | INFO | my_functions.py:209 | 
⛔ Not found: weekly3.PNG after 0.01s region=(0, 0, 765, 1038) confidence=0.8
2026-05-09 22:09:09 | INFO | my_functions.py:258 | [DEBUG] Click skipped, image not found: weekly3.PNG
2026-05-09 22:09:09 | INFO | my_functions.py:231 | [DEBUG] wait_for_image_and_click -> weekly3.PNG timeout=0s delay_click=0.1s confidence=0.8
2026-05-09 22:09:09 | INFO | my_functions.py:172 | Searching weekly3.PNG (timeout=0s)
2026-05-09 22:09:09 | INFO | my_functions.py:209 | 
⛔ Not found: weekly3.PNG after 0.01s region=(0, 0, 765, 1038) confidence=0.8
2026-05-09 22:09:09 | INFO | my_functions.py:258 | [DEBUG] Click skipped, image not found: weekly3.PNG
2026-05-09 22:09:09 | INFO | my_functions.py:231 | [DEBUG] wait_for_image_and_click -> weekly3.PNG timeout=0s delay_click=0.1s confidence=0.8
2026-05-09 22:09:09 | INFO | my_functions.py:172 | Searching weekly3.PNG (timeout=0s)
2026-05-09 22:09:09 | INFO | my_functions.py:209 | 
⛔ Not found: weekly3.PNG after 0.0s region=(0, 0, 765, 1038) confidence=0.8
2026-05-09 22:09:09 | INFO | my_functions.py:258 | [DEBUG] Click skipped, image not found: weekly3.PNG
2026-05-09 22:09:09 | INFO | my_functions.py:231 | [DEBUG] wait_for_image_and_click -> weekly3.PNG timeout=0s delay_click=0.1s confidence=0.8
2026-05-09 22:09:09 | INFO | my_functions.py:172 | Searching weekly3.PNG (timeout=0s)
2026-05-09 22:09:09 | INFO | my_functions.py:209 | 
⛔ Not found: weekly3.PNG after 0.01s region=(0, 0, 765, 1038) confidence=0.8
2026-05-09 22:09:09 | INFO | my_functions.py:258 | [DEBUG] Click skipped, image not found: weekly3.PNG
2026-05-09 22:09:09 | INFO | my_functions.py:138 | Haciendo click en la posición (557, 64)
2026-05-09 22:09:10 | INFO | my_functions.py:231 | [DEBUG] wait_for_image_and_click -> cards_shop.PNG timeout=20s delay_click=1s confidence=0.8
2026-05-09 22:09:10 | INFO | my_functions.py:172 | Searching cards_shop.PNG (timeout=20s)
2026-05-09 22:09:11 | INFO | my_functions.py:198 | 
✅ Found: cards_shop.PNG pos=(568, 121) time=0.64s confidence=0.8
2026-05-09 22:09:12 | INFO | my_functions.py:138 | Haciendo click en la posición (568, 121)
2026-05-09 22:09:12 | INFO | my_functions.py:251 | 🖱️ Click OK: cards_shop.PNG at (568, 121) delay=1s
2026-05-09 22:09:12 | INFO | my_functions.py:231 | [DEBUG] wait_for_image_and_click -> token_icon.PNG timeout=20s delay_click=1s confidence=0.8
2026-05-09 22:09:12 | INFO | my_functions.py:172 | Searching token_icon.PNG (timeout=20s)
2026-05-09 22:09:14 | INFO | my_functions.py:198 | 
✅ Found: token_icon.PNG pos=(661, 171) time=1.96s confidence=0.8
2026-05-09 22:09:15 | INFO | my_functions.py:138 | Haciendo click en la posición (661, 171)
2026-05-09 22:09:15 | INFO | my_functions.py:251 | 🖱️ Click OK: token_icon.PNG at (661, 171) delay=1s
2026-05-09 22:09:17 | INFO | my_functions.py:231 | [DEBUG] wait_for_image_and_click -> claim!_token_3.PNG timeout=4s delay_click=1s confidence=0.8
2026-05-09 22:09:17 | INFO | my_functions.py:172 | Searching claim!_token_3.PNG (timeout=4s)
2026-05-09 22:09:22 | INFO | my_functions.py:209 | 
⛔ Not found: claim!_token_3.PNG after 4.2s region=(0, 0, 765, 1038) confidence=0.8
2026-05-09 22:09:22 | INFO | my_functions.py:258 | [DEBUG] Click skipped, image not found: claim!_token_3.PNG
2026-05-09 22:09:22 | INFO | my_functions.py:231 | [DEBUG] wait_for_image_and_click -> offers.PNG timeout=0.1s delay_click=1s confidence=0.8
2026-05-09 22:09:22 | INFO | my_functions.py:172 | Searching offers.PNG (timeout=0.1s)
2026-05-09 22:09:22 | INFO | my_functions.py:198 | 
✅ Found: offers.PNG pos=(197, 121) time=0.2s confidence=0.8
2026-05-09 22:09:23 | INFO | my_functions.py:138 | Haciendo click en la posición (197, 121)
2026-05-09 22:09:23 | INFO | my_functions.py:251 | 🖱️ Click OK: offers.PNG at (197, 121) delay=1s
2026-05-09 22:09:23 | INFO | my_functions.py:231 | [DEBUG] wait_for_image_and_click -> credits_selected.png timeout=0.1s delay_click=1s confidence=0.8
2026-05-09 22:09:23 | INFO | my_functions.py:172 | Searching credits_selected.png (timeout=0.1s)
2026-05-09 22:09:24 | INFO | my_functions.py:198 | 
✅ Found: credits_selected.png pos=(442, 168) time=0.2s confidence=0.8
2026-05-09 22:09:25 | INFO | my_functions.py:138 | Haciendo click en la posición (442, 168)
2026-05-09 22:09:25 | INFO | my_functions.py:251 | 🖱️ Click OK: credits_selected.png at (442, 168) delay=1s
2026-05-09 22:09:26 | INFO | my_functions.py:231 | [DEBUG] wait_for_image_and_click -> claim_25_credits.png timeout=2s delay_click=1s confidence=0.8
2026-05-09 22:09:26 | INFO | my_functions.py:172 | Searching claim_25_credits.png (timeout=2s)
2026-05-09 22:09:26 | INFO | my_functions.py:198 | 
✅ Found: claim_25_credits.png pos=(236, 328) time=0.2s confidence=0.8
2026-05-09 22:09:27 | INFO | my_functions.py:138 | Haciendo click en la posición (236, 328)
2026-05-09 22:09:28 | INFO | my_functions.py:251 | 🖱️ Click OK: claim_25_credits.png at (236, 328) delay=1s
2026-05-09 22:09:28 | INFO | my_functions.py:231 | [DEBUG] wait_for_image_and_click -> cards_shop.PNG timeout=20s delay_click=1s confidence=0.8
2026-05-09 22:09:28 | INFO | my_functions.py:172 | Searching cards_shop.PNG (timeout=20s)
2026-05-09 22:09:28 | INFO | my_functions.py:198 | 
✅ Found: cards_shop.PNG pos=(568, 121) time=0.19s confidence=0.8
2026-05-09 22:09:29 | INFO | my_functions.py:138 | Haciendo click en la posición (568, 121)
2026-05-09 22:09:29 | INFO | my_functions.py:251 | 🖱️ Click OK: cards_shop.PNG at (568, 121) delay=1s
2026-05-09 22:09:29 | INFO | my_functions.py:231 | [DEBUG] wait_for_image_and_click -> offers.PNG timeout=20s delay_click=1s confidence=0.8
2026-05-09 22:09:29 | INFO | my_functions.py:172 | Searching offers.PNG (timeout=20s)
2026-05-09 22:09:29 | INFO | my_functions.py:198 | 
✅ Found: offers.PNG pos=(197, 122) time=0.19s confidence=0.8
2026-05-09 22:09:30 | INFO | my_functions.py:138 | Haciendo click en la posición (197, 122)
2026-05-09 22:09:30 | INFO | my_functions.py:251 | 🖱️ Click OK: offers.PNG at (197, 122) delay=1s
2026-05-09 22:09:30 | INFO | my_functions.py:1491 | [INFO] Iniciando mejora de cartas
2026-05-09 22:09:30 | INFO | my_functions.py:231 | [DEBUG] wait_for_image_and_click -> upgrade_cards_icon.PNG timeout=20s delay_click=1s confidence=0.8
2026-05-09 22:09:30 | INFO | my_functions.py:172 | Searching upgrade_cards_icon.PNG (timeout=20s)
2026-05-09 22:09:31 | INFO | my_functions.py:198 | 
✅ Found: upgrade_cards_icon.PNG pos=(322, 170) time=0.21s confidence=0.8
2026-05-09 22:09:32 | INFO | my_functions.py:138 | Haciendo click en la posición (322, 170)
2026-05-09 22:09:32 | INFO | my_functions.py:251 | 🖱️ Click OK: upgrade_cards_icon.PNG at (322, 170) delay=1s
2026-05-09 22:09:32 | INFO | my_functions.py:1495 | [INFO] Abriendo icono de upgrade_cards
2026-05-09 22:09:33 | INFO | my_functions.py:1501 | [STEP] Mejorando carta 1
2026-05-09 22:09:33 | INFO | my_functions.py:1505 | [ACTION] Click en carta 1
2026-05-09 22:09:34 | INFO | my_functions.py:1510 | [ACTION] Click en botón upgrade
2026-05-09 22:09:41 | INFO | my_functions.py:231 | [DEBUG] wait_for_image_and_click -> you_need_more_credits!.png timeout=3s delay_click=1s confidence=0.8
2026-05-09 22:09:41 | INFO | my_functions.py:172 | Searching you_need_more_credits!.png (timeout=3s)
2026-05-09 22:09:45 | INFO | my_functions.py:209 | 
⛔ Not found: you_need_more_credits!.png after 3.06s region=(0, 0, 765, 1038) confidence=0.8
2026-05-09 22:09:45 | INFO | my_functions.py:258 | [DEBUG] Click skipped, image not found: you_need_more_credits!.png
2026-05-09 22:09:50 | INFO | my_functions.py:1525 | [ACTION] Click para continuar a stage de nivel de coleccion
2026-05-09 22:09:55 | INFO | my_functions.py:146 | Presionando ESC (1/1)
2026-05-09 22:09:55 | INFO | my_functions.py:1530 | [ACTION] Saliendo de stage nivel de coleccion con ESC
2026-05-09 22:09:56 | INFO | my_functions.py:231 | [DEBUG] wait_for_image_and_click -> upgrade_cards_icon_selected.PNG timeout=0s delay_click=1s confidence=0.8
2026-05-09 22:09:56 | INFO | my_functions.py:172 | Searching upgrade_cards_icon_selected.PNG (timeout=0s)
2026-05-09 22:09:56 | INFO | my_functions.py:198 | 
✅ Found: upgrade_cards_icon_selected.PNG pos=(320, 173) time=0.2s confidence=0.8
2026-05-09 22:09:57 | INFO | my_functions.py:138 | Haciendo click en la posición (320, 173)
2026-05-09 22:09:58 | INFO | my_functions.py:251 | 🖱️ Click OK: upgrade_cards_icon_selected.PNG at (320, 173) delay=1s
2026-05-09 22:09:58 | INFO | my_functions.py:1550 | [INFO] Reabriendo icono de upgrade_cards
2026-05-09 22:09:59 | INFO | my_functions.py:1501 | [STEP] Mejorando carta 2
2026-05-09 22:09:59 | INFO | my_functions.py:1505 | [ACTION] Click en carta 2
2026-05-09 22:10:00 | INFO | my_functions.py:1510 | [ACTION] Click en botón upgrade
2026-05-09 22:10:07 | INFO | my_functions.py:231 | [DEBUG] wait_for_image_and_click -> you_need_more_credits!.png timeout=3s delay_click=1s confidence=0.8
2026-05-09 22:10:07 | INFO | my_functions.py:172 | Searching you_need_more_credits!.png (timeout=3s)
2026-05-09 22:10:07 | INFO | my_functions.py:198 | 
✅ Found: you_need_more_credits!.png pos=(381, 345) time=0.21s confidence=0.8
2026-05-09 22:10:08 | INFO | my_functions.py:138 | Haciendo click en la posición (381, 345)
2026-05-09 22:10:08 | INFO | my_functions.py:251 | 🖱️ Click OK: you_need_more_credits!.png at (381, 345) delay=1s
2026-05-09 22:10:08 | INFO | my_functions.py:146 | Presionando ESC (1/2)
2026-05-09 22:10:09 | INFO | my_functions.py:146 | Presionando ESC (2/2)
2026-05-09 22:10:12 | INFO | my_functions.py:1553 | [INFO] Mejora de cartas completada ✅
2026-05-09 22:10:12 | INFO | my_functions.py:146 | Presionando ESC (1/1)
2026-05-09 22:10:12 | INFO | each_eight_hours.py:437 | Finished all games
2026-05-09 22:10:12 | INFO | my_functions.py:1443 | [DEBUG] Starting logout process...
2026-05-09 22:10:12 | INFO | my_functions.py:1445 | [DEBUG] Clicking nut icon...
2026-05-09 22:10:12 | INFO | my_functions.py:231 | [DEBUG] wait_for_image_and_click -> nut.png timeout=20s delay_click=1s confidence=0.8
2026-05-09 22:10:12 | INFO | my_functions.py:172 | Searching nut.png (timeout=20s)
2026-05-09 22:10:12 | INFO | my_functions.py:198 | 
✅ Found: nut.png pos=(184, 78) time=0.18s confidence=0.8
2026-05-09 22:10:13 | INFO | my_functions.py:138 | Haciendo click en la posición (184, 78)
2026-05-09 22:10:14 | INFO | my_functions.py:251 | 🖱️ Click OK: nut.png at (184, 78) delay=1s
2026-05-09 22:10:14 | INFO | my_functions.py:1448 | [DEBUG] Waiting for graphics quality image...
2026-05-09 22:10:14 | INFO | my_functions.py:172 | Searching graphics_quality.png (timeout=3s)
2026-05-09 22:10:14 | INFO | my_functions.py:198 | 
✅ Found: graphics_quality.png pos=(305, 642) time=0.5s confidence=0.8
2026-05-09 22:10:14 | INFO | my_functions.py:1450 | [DEBUG] graphics_quality result: Point(x=305, y=642)
2026-05-09 22:10:14 | INFO | my_functions.py:1456 | [DEBUG] Clicking graphics quality...
2026-05-09 22:10:15 | INFO | my_functions.py:1461 | [DEBUG] Scrolling down...
2026-05-09 22:10:15 | INFO | my_functions.py:1464 | [DEBUG] Clicking sign_out...
2026-05-09 22:10:15 | INFO | my_functions.py:231 | [DEBUG] wait_for_image_and_click -> sign_out.png timeout=20s delay_click=1s confidence=0.8
2026-05-09 22:10:15 | INFO | my_functions.py:172 | Searching sign_out.png (timeout=20s)
2026-05-09 22:10:16 | INFO | my_functions.py:198 | 
✅ Found: sign_out.png pos=(380, 796) time=0.17s confidence=0.8
2026-05-09 22:10:17 | INFO | my_functions.py:138 | Haciendo click en la posición (380, 796)
2026-05-09 22:10:17 | INFO | my_functions.py:251 | 🖱️ Click OK: sign_out.png at (380, 796) delay=1s
2026-05-09 22:10:18 | INFO | my_functions.py:1469 | [DEBUG] Clicking big sign_out...
2026-05-09 22:10:18 | INFO | my_functions.py:231 | [DEBUG] wait_for_image_and_click -> sign_out_grande.png timeout=20s delay_click=1s confidence=0.8
2026-05-09 22:10:18 | INFO | my_functions.py:172 | Searching sign_out_grande.png (timeout=20s)
2026-05-09 22:10:18 | INFO | my_functions.py:198 | 
✅ Found: sign_out_grande.png pos=(359, 437) time=0.19s confidence=0.8
2026-05-09 22:10:19 | INFO | my_functions.py:138 | Haciendo click en la posición (359, 437)
2026-05-09 22:10:19 | INFO | my_functions.py:251 | 🖱️ Click OK: sign_out_grande.png at (359, 437) delay=1s
2026-05-09 22:10:19 | INFO | my_functions.py:1472 | [DEBUG] Clicking sign_out2...
2026-05-09 22:10:19 | INFO | my_functions.py:231 | [DEBUG] wait_for_image_and_click -> sign_out2.png timeout=20s delay_click=1s confidence=0.8
2026-05-09 22:10:19 | INFO | my_functions.py:172 | Searching sign_out2.png (timeout=20s)
2026-05-09 22:10:19 | INFO | my_functions.py:198 | 
✅ Found: sign_out2.png pos=(383, 634) time=0.19s confidence=0.8
2026-05-09 22:10:20 | INFO | my_functions.py:138 | Haciendo click en la posición (383, 634)
2026-05-09 22:10:21 | INFO | my_functions.py:251 | 🖱️ Click OK: sign_out2.png at (383, 634) delay=1s
2026-05-09 22:10:21 | INFO | my_functions.py:1475 | [DEBUG] Resizing SNAP window...
2026-05-09 22:10:21 | INFO | my_functions.py:1668 | ⏱ Esperando 0.1 segundos antes de empezar...
2026-05-09 22:10:21 | INFO | my_functions.py:1675 | 🔍 Esperando ventana que contenga alguna de: SNAP (máx 20s)
2026-05-09 22:10:21 | INFO | my_functions.py:1687 | ✅ Ventana encontrada: 'SNAP'
2026-05-09 22:10:21 | INFO | my_functions.py:1702 | ✅ Ventana seleccionada: 'SNAP'
2026-05-09 22:10:23 | INFO | my_functions.py:1725 | 🔁 Reajuste #1...
2026-05-09 22:10:25 | INFO | my_functions.py:1732 | ✔ Verificación completa. Se hicieron 1 reajustes.
2026-05-09 22:10:26 | INFO | my_functions.py:1484 | snap.exe closed
2026-05-09 22:10:29 | INFO | my_functions.py:1487 | [DEBUG] Logout completed successfully.
2026-05-09 22:10:29 | INFO | each_eight_hours.py:146 | Processing account: bender_vm
2026-05-09 22:10:29 | INFO | each_eight_hours.py:149 | Game relaunched for account
2026-05-09 22:10:29 | INFO | my_functions.py:1668 | ⏱ Esperando 0.1 segundos antes de empezar...
2026-05-09 22:10:29 | INFO | my_functions.py:1675 | 🔍 Esperando ventana que contenga alguna de: ['SNAP'] (máx 20s)
2026-05-09 22:10:32 | INFO | my_functions.py:1687 | ✅ Ventana encontrada: 'SNAP'
2026-05-09 22:10:32 | INFO | my_functions.py:1702 | ✅ Ventana seleccionada: 'SNAP'
2026-05-09 22:10:34 | INFO | my_functions.py:1734 | ✔ Verificación completa. No hubo cambios después del primer ajuste.
2026-05-09 22:10:34 | INFO | each_eight_hours.py:156 | Game window resized
2026-05-09 22:10:34 | INFO | my_functions.py:1207 | [DEBUG] Resizing SNAP window...
2026-05-09 22:10:34 | INFO | my_functions.py:1668 | ⏱ Esperando 0.1 segundos antes de empezar...
2026-05-09 22:10:34 | INFO | my_functions.py:1675 | 🔍 Esperando ventana que contenga alguna de: ['SNAP'] (máx 20s)
2026-05-09 22:10:34 | INFO | my_functions.py:1687 | ✅ Ventana encontrada: 'SNAP'
2026-05-09 22:10:34 | INFO | my_functions.py:1702 | ✅ Ventana seleccionada: 'SNAP'
2026-05-09 22:10:37 | INFO | my_functions.py:1734 | ✔ Verificación completa. No hubo cambios después del primer ajuste.
2026-05-09 22:10:37 | INFO | my_functions.py:231 | [DEBUG] wait_for_image_and_click -> submit.PNG timeout=90s delay_click=0.2s confidence=0.8
2026-05-09 22:10:37 | INFO | my_functions.py:172 | Searching submit.PNG (timeout=90s)
2026-05-09 22:10:40 | INFO | my_functions.py:198 | 
✅ Found: submit.PNG pos=(385, 779) time=2.89s confidence=0.8
2026-05-09 22:10:40 | INFO | my_functions.py:138 | Haciendo click en la posición (385, 779)
2026-05-09 22:10:40 | INFO | my_functions.py:251 | 🖱️ Click OK: submit.PNG at (385, 779) delay=0.2s
2026-05-09 22:10:40 | INFO | my_functions.py:1668 | ⏱ Esperando 0.1 segundos antes de empezar...
2026-05-09 22:10:40 | INFO | my_functions.py:1675 | 🔍 Esperando ventana que contenga alguna de: ['SNAP'] (máx 20s)
2026-05-09 22:10:40 | INFO | my_functions.py:1687 | ✅ Ventana encontrada: 'SNAP'
2026-05-09 22:10:40 | INFO | my_functions.py:1702 | ✅ Ventana seleccionada: 'SNAP'
2026-05-09 22:10:42 | INFO | my_functions.py:1725 | 🔁 Reajuste #1...
2026-05-09 22:10:43 | INFO | my_functions.py:1732 | ✔ Verificación completa. Se hicieron 1 reajustes.
2026-05-09 22:10:43 | INFO | my_functions.py:172 | Searching please_sign.png (timeout=0s)
2026-05-09 22:10:44 | INFO | my_functions.py:198 | 
✅ Found: please_sign.png pos=(383, 438) time=0.2s confidence=0.8
2026-05-09 22:10:44 | INFO | my_functions.py:231 | [DEBUG] wait_for_image_and_click -> ok_btn.png timeout=20s delay_click=1s confidence=0.8
2026-05-09 22:10:44 | INFO | my_functions.py:172 | Searching ok_btn.png (timeout=20s)
2026-05-09 22:10:44 | INFO | my_functions.py:198 | 
✅ Found: ok_btn.png pos=(382, 634) time=0.19s confidence=0.8
2026-05-09 22:10:45 | INFO | my_functions.py:138 | Haciendo click en la posición (382, 634)
2026-05-09 22:10:45 | INFO | my_functions.py:251 | 🖱️ Click OK: ok_btn.png at (382, 634) delay=1s
2026-05-09 22:10:45 | INFO | my_functions.py:231 | [DEBUG] wait_for_image_and_click -> submit.PNG timeout=90s delay_click=0.2s confidence=0.8
2026-05-09 22:10:45 | INFO | my_functions.py:172 | Searching submit.PNG (timeout=90s)
2026-05-09 22:10:46 | INFO | my_functions.py:198 | 
✅ Found: submit.PNG pos=(385, 782) time=0.97s confidence=0.8
2026-05-09 22:10:46 | INFO | my_functions.py:138 | Haciendo click en la posición (385, 782)
2026-05-09 22:10:46 | INFO | my_functions.py:251 | 🖱️ Click OK: submit.PNG at (385, 782) delay=0.2s
2026-05-09 22:10:46 | INFO | my_functions.py:172 | Searching sign_in_with_google2.PNG (timeout=90s)
2026-05-09 22:10:48 | INFO | my_functions.py:198 | 
✅ Found: sign_in_with_google2.PNG pos=(406, 957) time=1.39s confidence=0.8
2026-05-09 22:10:48 | INFO | my_functions.py:231 | [DEBUG] wait_for_image_and_click -> sign_in_with_google2.PNG timeout=20s delay_click=1s confidence=0.8
2026-05-09 22:10:48 | INFO | my_functions.py:172 | Searching sign_in_with_google2.PNG (timeout=20s)
2026-05-09 22:10:48 | INFO | my_functions.py:198 | 
✅ Found: sign_in_with_google2.PNG pos=(406, 957) time=0.16s confidence=0.8
2026-05-09 22:10:49 | INFO | my_functions.py:138 | Haciendo click en la posición (406, 957)
2026-05-09 22:10:49 | INFO | my_functions.py:251 | 🖱️ Click OK: sign_in_with_google2.PNG at (406, 957) delay=1s
2026-05-09 22:10:49 | INFO | my_functions.py:231 | [DEBUG] wait_for_image_and_click -> bender_vm.png timeout=30s delay_click=3s confidence=0.8
2026-05-09 22:10:49 | INFO | my_functions.py:172 | Searching bender_vm.png (timeout=30s)
2026-05-09 22:10:56 | INFO | my_functions.py:198 | 
✅ Found: bender_vm.png pos=(1125, 358) time=6.93s confidence=0.8
2026-05-09 22:10:59 | INFO | my_functions.py:138 | Haciendo click en la posición (1125, 358)
2026-05-09 22:10:59 | INFO | my_functions.py:251 | 🖱️ Click OK: bender_vm.png at (1125, 358) delay=3s
2026-05-09 22:11:01 | INFO | my_functions.py:231 | [DEBUG] wait_for_image_and_click -> python_icon.PNG timeout=5s delay_click=1s confidence=0.8
2026-05-09 22:11:01 | INFO | my_functions.py:172 | Searching python_icon.PNG (timeout=5s)
2026-05-09 22:11:02 | INFO | my_functions.py:198 | 
✅ Found: python_icon.PNG pos=(647, 1054) time=0.49s confidence=0.8
2026-05-09 22:11:03 | INFO | my_functions.py:138 | Haciendo click en la posición (647, 1054)
2026-05-09 22:11:03 | INFO | my_functions.py:251 | 🖱️ Click OK: python_icon.PNG at (647, 1054) delay=1s
2026-05-09 22:11:03 | INFO | my_functions.py:231 | [DEBUG] wait_for_image_and_click -> snap_icon_task_bar.PNG timeout=20s delay_click=1s confidence=0.8
2026-05-09 22:11:03 | INFO | my_functions.py:172 | Searching snap_icon_task_bar.PNG (timeout=20s)
2026-05-09 22:11:04 | INFO | my_functions.py:198 | 
✅ Found: snap_icon_task_bar.PNG pos=(524, 1052) time=0.47s confidence=0.8
2026-05-09 22:11:05 | INFO | my_functions.py:138 | Haciendo click en la posición (524, 1052)
2026-05-09 22:11:05 | INFO | my_functions.py:251 | 🖱️ Click OK: snap_icon_task_bar.PNG at (524, 1052) delay=1s
2026-05-09 22:11:05 | INFO | my_functions.py:172 | Searching play.PNG (timeout=30s)
2026-05-09 22:11:06 | INFO | my_functions.py:198 | 
✅ Found: play.PNG pos=(304, 775) time=1.3s confidence=0.8
2026-05-09 22:11:06 | INFO | my_functions.py:1265 | [DEBUG] Login completado correctamente.
2026-05-09 22:11:06 | INFO | each_eight_hours.py:160 | Login executed
2026-05-09 22:11:06 | INFO | my_functions.py:172 | Searching shop_unselected.PNG (timeout=0s)
2026-05-09 22:11:06 | INFO | my_functions.py:209 | 
⛔ Not found: shop_unselected.PNG after 0.01s region=(0, 0, 765, 1038) confidence=0.8
2026-05-09 22:11:06 | INFO | my_functions.py:231 | [DEBUG] wait_for_image_and_click -> super_premium.PNG timeout=0s delay_click=1s confidence=0.8
2026-05-09 22:11:06 | INFO | my_functions.py:172 | Searching super_premium.PNG (timeout=0s)
2026-05-09 22:11:07 | INFO | my_functions.py:209 | 
⛔ Not found: super_premium.PNG after 0.0s region=(0, 0, 765, 1038) confidence=0.8
2026-05-09 22:11:07 | INFO | my_functions.py:258 | [DEBUG] Click skipped, image not found: super_premium.PNG
2026-05-09 22:11:07 | INFO | my_functions.py:231 | [DEBUG] wait_for_image_and_click -> maybe_later.PNG timeout=0s delay_click=1s confidence=0.8
2026-05-09 22:11:07 | INFO | my_functions.py:172 | Searching maybe_later.PNG (timeout=0s)
2026-05-09 22:11:07 | INFO | my_functions.py:209 | 
⛔ Not found: maybe_later.PNG after 0.0s region=(0, 0, 765, 1038) confidence=0.8
2026-05-09 22:11:07 | INFO | my_functions.py:258 | [DEBUG] Click skipped, image not found: maybe_later.PNG
2026-05-09 22:11:07 | INFO | my_functions.py:231 | [DEBUG] wait_for_image_and_click -> maybe_later2.PNG timeout=0s delay_click=1s confidence=0.8
2026-05-09 22:11:07 | INFO | my_functions.py:172 | Searching maybe_later2.PNG (timeout=0s)
2026-05-09 22:11:07 | INFO | my_functions.py:209 | 
⛔ Not found: maybe_later2.PNG after 0.01s region=(0, 0, 765, 1038) confidence=0.8
2026-05-09 22:11:07 | INFO | my_functions.py:258 | [DEBUG] Click skipped, image not found: maybe_later2.PNG
2026-05-09 22:11:07 | INFO | my_functions.py:172 | Searching go_to_shop.PNG (timeout=0s)
2026-05-09 22:11:07 | INFO | my_functions.py:209 | 
⛔ Not found: go_to_shop.PNG after 0.0s region=(0, 0, 765, 1038) confidence=0.8
2026-05-09 22:11:07 | INFO | my_functions.py:231 | [DEBUG] wait_for_image_and_click -> 14_days_of_winterverse.PNG timeout=0s delay_click=1s confidence=0.8
2026-05-09 22:11:07 | INFO | my_functions.py:172 | Searching 14_days_of_winterverse.PNG (timeout=0s)
2026-05-09 22:11:07 | INFO | my_functions.py:209 | 
⛔ Not found: 14_days_of_winterverse.PNG after 0.01s region=(0, 0, 765, 1038) confidence=0.8
2026-05-09 22:11:07 | INFO | my_functions.py:258 | [DEBUG] Click skipped, image not found: 14_days_of_winterverse.PNG
2026-05-09 22:11:07 | INFO | my_functions.py:172 | Searching welcome_back_calendar.PNG (timeout=0s)
2026-05-09 22:11:08 | INFO | my_functions.py:209 | 
⛔ Not found: welcome_back_calendar.PNG after 0.0s region=(0, 0, 765, 1038) confidence=0.8
2026-05-09 22:11:08 | INFO | my_functions.py:231 | [DEBUG] wait_for_image_and_click -> start_the_countdown.PNG timeout=0s delay_click=1s confidence=0.8
2026-05-09 22:11:08 | INFO | my_functions.py:172 | Searching start_the_countdown.PNG (timeout=0s)
2026-05-09 22:11:08 | INFO | my_functions.py:209 | 
⛔ Not found: start_the_countdown.PNG after 0.01s region=(0, 0, 765, 1038) confidence=0.8
2026-05-09 22:11:08 | INFO | my_functions.py:258 | [DEBUG] Click skipped, image not found: start_the_countdown.PNG
2026-05-09 22:11:08 | INFO | my_functions.py:231 | [DEBUG] wait_for_image_and_click -> event_has_ended_sanctum.PNG timeout=0s delay_click=1s confidence=0.8
2026-05-09 22:11:08 | INFO | my_functions.py:172 | Searching event_has_ended_sanctum.PNG (timeout=0s)
2026-05-09 22:11:08 | INFO | my_functions.py:209 | 
⛔ Not found: event_has_ended_sanctum.PNG after 0.01s region=(0, 0, 765, 1038) confidence=0.8
2026-05-09 22:11:08 | INFO | my_functions.py:258 | [DEBUG] Click skipped, image not found: event_has_ended_sanctum.PNG
2026-05-09 22:11:08 | INFO | my_functions.py:231 | [DEBUG] wait_for_image_and_click -> image_part_of_event_grand_arena_finished.PNG timeout=0s delay_click=1s confidence=0.8
2026-05-09 22:11:08 | INFO | my_functions.py:172 | Searching image_part_of_event_grand_arena_finished.PNG (timeout=0s)
2026-05-09 22:11:08 | INFO | my_functions.py:209 | 
⛔ Not found: image_part_of_event_grand_arena_finished.PNG after 0.01s region=(0, 0, 765, 1038) confidence=0.8
2026-05-09 22:11:08 | INFO | my_functions.py:258 | [DEBUG] Click skipped, image not found: image_part_of_event_grand_arena_finished.PNG
2026-05-09 22:11:08 | INFO | my_functions.py:172 | Searching 28_day_event_login_rewards.PNG (timeout=0s)
2026-05-09 22:11:08 | INFO | my_functions.py:209 | 
⛔ Not found: 28_day_event_login_rewards.PNG after 0.0s region=(0, 0, 765, 1038) confidence=0.8
2026-05-09 22:11:08 | INFO | my_functions.py:172 | Searching 7_day_event_login.PNG (timeout=0s)
2026-05-09 22:11:09 | INFO | my_functions.py:209 | 
⛔ Not found: 7_day_event_login.PNG after 0.0s region=(0, 0, 765, 1038) confidence=0.8
2026-05-09 22:11:09 | INFO | my_functions.py:172 | Searching 14_days_event.PNG (timeout=0s)
2026-05-09 22:11:09 | INFO | my_functions.py:209 | 
⛔ Not found: 14_days_event.PNG after 0.0s region=(0, 0, 765, 1038) confidence=0.8
2026-05-09 22:11:09 | INFO | my_functions.py:231 | [DEBUG] wait_for_image_and_click -> lets_go.PNG timeout=0s delay_click=1s confidence=0.8
2026-05-09 22:11:09 | INFO | my_functions.py:172 | Searching lets_go.PNG (timeout=0s)
2026-05-09 22:11:09 | INFO | my_functions.py:209 | 
⛔ Not found: lets_go.PNG after 0.0s region=(0, 0, 765, 1038) confidence=0.8
2026-05-09 22:11:09 | INFO | my_functions.py:258 | [DEBUG] Click skipped, image not found: lets_go.PNG
2026-05-09 22:11:10 | INFO | my_functions.py:172 | Searching shop_unselected.PNG (timeout=0s)
2026-05-09 22:11:10 | INFO | my_functions.py:209 | 
⛔ Not found: shop_unselected.PNG after 0.0s region=(0, 0, 765, 1038) confidence=0.8
2026-05-09 22:11:10 | INFO | my_functions.py:231 | [DEBUG] wait_for_image_and_click -> super_premium.PNG timeout=0s delay_click=1s confidence=0.8
2026-05-09 22:11:10 | INFO | my_functions.py:172 | Searching super_premium.PNG (timeout=0s)
2026-05-09 22:11:10 | INFO | my_functions.py:209 | 
⛔ Not found: super_premium.PNG after 0.0s region=(0, 0, 765, 1038) confidence=0.8
2026-05-09 22:11:10 | INFO | my_functions.py:258 | [DEBUG] Click skipped, image not found: super_premium.PNG
2026-05-09 22:11:10 | INFO | my_functions.py:231 | [DEBUG] wait_for_image_and_click -> maybe_later.PNG timeout=0s delay_click=1s confidence=0.8
2026-05-09 22:11:10 | INFO | my_functions.py:172 | Searching maybe_later.PNG (timeout=0s)
2026-05-09 22:11:11 | INFO | my_functions.py:209 | 
⛔ Not found: maybe_later.PNG after 0.01s region=(0, 0, 765, 1038) confidence=0.8
2026-05-09 22:11:11 | INFO | my_functions.py:258 | [DEBUG] Click skipped, image not found: maybe_later.PNG
2026-05-09 22:11:11 | INFO | my_functions.py:231 | [DEBUG] wait_for_image_and_click -> maybe_later2.PNG timeout=0s delay_click=1s confidence=0.8
2026-05-09 22:11:11 | INFO | my_functions.py:172 | Searching maybe_later2.PNG (timeout=0s)
2026-05-09 22:11:11 | INFO | my_functions.py:209 | 
⛔ Not found: maybe_later2.PNG after 0.0s region=(0, 0, 765, 1038) confidence=0.8
2026-05-09 22:11:11 | INFO | my_functions.py:258 | [DEBUG] Click skipped, image not found: maybe_later2.PNG
2026-05-09 22:11:11 | INFO | my_functions.py:172 | Searching go_to_shop.PNG (timeout=0s)
2026-05-09 22:11:12 | INFO | my_functions.py:209 | 
⛔ Not found: go_to_shop.PNG after 0.01s region=(0, 0, 765, 1038) confidence=0.8
2026-05-09 22:11:12 | INFO | my_functions.py:231 | [DEBUG] wait_for_image_and_click -> 14_days_of_winterverse.PNG timeout=0s delay_click=1s confidence=0.8
2026-05-09 22:11:12 | INFO | my_functions.py:172 | Searching 14_days_of_winterverse.PNG (timeout=0s)
2026-05-09 22:11:12 | INFO | my_functions.py:209 | 
⛔ Not found: 14_days_of_winterverse.PNG after 0.01s region=(0, 0, 765, 1038) confidence=0.8
2026-05-09 22:11:12 | INFO | my_functions.py:258 | [DEBUG] Click skipped, image not found: 14_days_of_winterverse.PNG
2026-05-09 22:11:12 | INFO | my_functions.py:172 | Searching welcome_back_calendar.PNG (timeout=0s)
2026-05-09 22:11:12 | INFO | my_functions.py:209 | 
⛔ Not found: welcome_back_calendar.PNG after 0.01s region=(0, 0, 765, 1038) confidence=0.8
2026-05-09 22:11:12 | INFO | my_functions.py:231 | [DEBUG] wait_for_image_and_click -> start_the_countdown.PNG timeout=0s delay_click=1s confidence=0.8
2026-05-09 22:11:12 | INFO | my_functions.py:172 | Searching start_the_countdown.PNG (timeout=0s)
2026-05-09 22:11:12 | INFO | my_functions.py:209 | 
⛔ Not found: start_the_countdown.PNG after 0.01s region=(0, 0, 765, 1038) confidence=0.8
2026-05-09 22:11:12 | INFO | my_functions.py:258 | [DEBUG] Click skipped, image not found: start_the_countdown.PNG
2026-05-09 22:11:12 | INFO | my_functions.py:231 | [DEBUG] wait_for_image_and_click -> event_has_ended_sanctum.PNG timeout=0s delay_click=1s confidence=0.8
2026-05-09 22:11:12 | INFO | my_functions.py:172 | Searching event_has_ended_sanctum.PNG (timeout=0s)
2026-05-09 22:11:13 | INFO | my_functions.py:209 | 
⛔ Not found: event_has_ended_sanctum.PNG after 0.01s region=(0, 0, 765, 1038) confidence=0.8
2026-05-09 22:11:13 | INFO | my_functions.py:258 | [DEBUG] Click skipped, image not found: event_has_ended_sanctum.PNG
2026-05-09 22:11:13 | INFO | my_functions.py:231 | [DEBUG] wait_for_image_and_click -> image_part_of_event_grand_arena_finished.PNG timeout=0s delay_click=1s confidence=0.8
2026-05-09 22:11:13 | INFO | my_functions.py:172 | Searching image_part_of_event_grand_arena_finished.PNG (timeout=0s)
2026-05-09 22:11:13 | INFO | my_functions.py:209 | 
⛔ Not found: image_part_of_event_grand_arena_finished.PNG after 0.01s region=(0, 0, 765, 1038) confidence=0.8
2026-05-09 22:11:13 | INFO | my_functions.py:258 | [DEBUG] Click skipped, image not found: image_part_of_event_grand_arena_finished.PNG
2026-05-09 22:11:13 | INFO | my_functions.py:172 | Searching 28_day_event_login_rewards.PNG (timeout=0s)
2026-05-09 22:11:13 | INFO | my_functions.py:209 | 
⛔ Not found: 28_day_event_login_rewards.PNG after 0.0s region=(0, 0, 765, 1038) confidence=0.8
2026-05-09 22:11:13 | INFO | my_functions.py:172 | Searching 7_day_event_login.PNG (timeout=0s)
2026-05-09 22:11:13 | INFO | my_functions.py:209 | 
⛔ Not found: 7_day_event_login.PNG after 0.0s region=(0, 0, 765, 1038) confidence=0.8
2026-05-09 22:11:13 | INFO | my_functions.py:172 | Searching 14_days_event.PNG (timeout=0s)
2026-05-09 22:11:14 | INFO | my_functions.py:209 | 
⛔ Not found: 14_days_event.PNG after 0.0s region=(0, 0, 765, 1038) confidence=0.8
2026-05-09 22:11:14 | INFO | my_functions.py:231 | [DEBUG] wait_for_image_and_click -> lets_go.PNG timeout=0s delay_click=1s confidence=0.8
2026-05-09 22:11:14 | INFO | my_functions.py:172 | Searching lets_go.PNG (timeout=0s)
2026-05-09 22:11:14 | INFO | my_functions.py:209 | 
⛔ Not found: lets_go.PNG after 0.0s region=(0, 0, 765, 1038) confidence=0.8
2026-05-09 22:11:14 | INFO | my_functions.py:258 | [DEBUG] Click skipped, image not found: lets_go.PNG
2026-05-09 22:11:15 | INFO | my_functions.py:172 | Searching shop_unselected.PNG (timeout=0s)
2026-05-09 22:11:15 | INFO | my_functions.py:198 | 
✅ Found: shop_unselected.PNG pos=(88, 961) time=0.22s confidence=0.8
2026-05-09 22:11:23 | INFO | my_functions.py:172 | Searching shop_unselected.PNG (timeout=0s)
2026-05-09 22:11:23 | INFO | my_functions.py:209 | 
⛔ Not found: shop_unselected.PNG after 0.0s region=(0, 0, 765, 1038) confidence=0.8
2026-05-09 22:11:24 | INFO | my_functions.py:172 | Searching shop_unselected.PNG (timeout=0s)
2026-05-09 22:11:24 | INFO | my_functions.py:209 | 
⛔ Not found: shop_unselected.PNG after 0.01s region=(0, 0, 765, 1038) confidence=0.8
2026-05-09 22:11:24 | INFO | my_functions.py:231 | [DEBUG] wait_for_image_and_click -> super_premium.PNG timeout=0s delay_click=1s confidence=0.8
2026-05-09 22:11:24 | INFO | my_functions.py:172 | Searching super_premium.PNG (timeout=0s)
2026-05-09 22:11:25 | INFO | my_functions.py:198 | 
✅ Found: super_premium.PNG pos=(480, 777) time=0.22s confidence=0.8
2026-05-09 22:11:26 | INFO | my_functions.py:138 | Haciendo click en la posición (480, 777)
2026-05-09 22:11:26 | INFO | my_functions.py:251 | 🖱️ Click OK: super_premium.PNG at (480, 777) delay=1s
2026-05-09 22:11:26 | INFO | my_functions.py:146 | Presionando ESC (1/1)
2026-05-09 22:11:34 | INFO | my_functions.py:172 | Searching shop_unselected.PNG (timeout=0s)
2026-05-09 22:11:35 | INFO | my_functions.py:198 | 
✅ Found: shop_unselected.PNG pos=(89, 961) time=0.23s confidence=0.8
2026-05-09 22:11:35 | INFO | my_functions.py:720 | Ya esta listo
2026-05-09 22:11:35 | INFO | each_eight_hours.py:163 | Initial images processed
2026-05-09 22:11:35 | INFO | each_eight_hours.py:166 | Chrome terminated
2026-05-09 22:11:35 | INFO | my_functions.py:231 | [DEBUG] wait_for_image_and_click -> missions_unnotified2.png timeout=20s delay_click=1s confidence=0.8
2026-05-09 22:11:35 | INFO | my_functions.py:172 | Searching missions_unnotified2.png (timeout=20s)
2026-05-09 22:11:35 | INFO | my_functions.py:198 | 
✅ Found: missions_unnotified2.png pos=(516, 127) time=0.25s confidence=0.8
2026-05-09 22:11:36 | INFO | my_functions.py:138 | Haciendo click en la posición (516, 127)
2026-05-09 22:11:37 | INFO | my_functions.py:251 | 🖱️ Click OK: missions_unnotified2.png at (516, 127) delay=1s
2026-05-09 22:11:37 | INFO | my_functions.py:231 | [DEBUG] wait_for_image_and_click -> calendar_missions_daily.png timeout=3s delay_click=1s confidence=0.8
2026-05-09 22:11:37 | INFO | my_functions.py:172 | Searching calendar_missions_daily.png (timeout=3s)
2026-05-09 22:11:38 | INFO | my_functions.py:198 | 
✅ Found: calendar_missions_daily.png pos=(189, 131) time=1.42s confidence=0.8
2026-05-09 22:11:39 | INFO | my_functions.py:138 | Haciendo click en la posición (189, 131)
2026-05-09 22:11:39 | INFO | my_functions.py:251 | 🖱️ Click OK: calendar_missions_daily.png at (189, 131) delay=1s
2026-05-09 22:11:39 | INFO | each_eight_hours.py:180 | Mission screens opened
2026-05-09 22:11:39 | INFO | my_functions.py:295 | JSON file located at C:\Users\Farm\AppData\LocalLow\Second Dinner\SNAP\Standalone\States\nvprod\MissionState.json
2026-05-09 22:11:42 | INFO | my_functions.py:434 | AVAILABLE: 6
2026-05-09 22:11:42 | INFO | my_functions.py:444 | [INFO] Waiting for Notepad++ process...
2026-05-09 22:11:42 | INFO | my_functions.py:458 | [INFO] Notepad++ detected PID=4748
2026-05-09 22:11:45 | INFO | my_functions.py:466 | [SUCCESS] Notepad++ closed successfully
2026-05-09 22:11:46 | INFO | my_functions.py:1593 | [INFO] Iniciando click_missions_blue2
2026-05-09 22:11:46 | INFO | my_functions.py:138 | Haciendo click en la posición (150, 132)
2026-05-09 22:11:48 | INFO | my_functions.py:1596 | [ACTION] Click hecho en icono de calendario que me dirige a las misiones ordinarias
2026-05-09 22:11:48 | INFO | my_functions.py:172 | Searching bonus_challenge.png (timeout=0s)
2026-05-09 22:11:48 | INFO | my_functions.py:209 | 
⛔ Not found: bonus_challenge.png after 0.01s region=(0, 0, 765, 1038) confidence=0.8
2026-05-09 22:11:50 | INFO | my_functions.py:172 | Searching flechita_mission.PNG (timeout=0s)
2026-05-09 22:11:50 | INFO | my_functions.py:209 | 
⛔ Not found: flechita_mission.PNG after 0.0s region=(0, 0, 765, 1038) confidence=0.8
2026-05-09 22:11:50 | INFO | my_functions.py:231 | [DEBUG] wait_for_image_and_click -> weekly3.PNG timeout=0s delay_click=0.1s confidence=0.8
2026-05-09 22:11:50 | INFO | my_functions.py:172 | Searching weekly3.PNG (timeout=0s)
2026-05-09 22:11:50 | INFO | my_functions.py:209 | 
⛔ Not found: weekly3.PNG after 0.0s region=(0, 0, 765, 1038) confidence=0.8
2026-05-09 22:11:50 | INFO | my_functions.py:258 | [DEBUG] Click skipped, image not found: weekly3.PNG
2026-05-09 22:11:50 | INFO | my_functions.py:231 | [DEBUG] wait_for_image_and_click -> weekly3.PNG timeout=0s delay_click=0.1s confidence=0.8
2026-05-09 22:11:50 | INFO | my_functions.py:172 | Searching weekly3.PNG (timeout=0s)
2026-05-09 22:11:50 | INFO | my_functions.py:209 | 
⛔ Not found: weekly3.PNG after 0.01s region=(0, 0, 765, 1038) confidence=0.8
2026-05-09 22:11:50 | INFO | my_functions.py:258 | [DEBUG] Click skipped, image not found: weekly3.PNG
2026-05-09 22:11:50 | INFO | my_functions.py:231 | [DEBUG] wait_for_image_and_click -> weekly3.PNG timeout=0s delay_click=0.1s confidence=0.8
2026-05-09 22:11:50 | INFO | my_functions.py:172 | Searching weekly3.PNG (timeout=0s)
2026-05-09 22:11:50 | INFO | my_functions.py:209 | 
⛔ Not found: weekly3.PNG after 0.01s region=(0, 0, 765, 1038) confidence=0.8
2026-05-09 22:11:50 | INFO | my_functions.py:258 | [DEBUG] Click skipped, image not found: weekly3.PNG
2026-05-09 22:11:50 | INFO | my_functions.py:231 | [DEBUG] wait_for_image_and_click -> weekly3.PNG timeout=0s delay_click=0.1s confidence=0.8
2026-05-09 22:11:50 | INFO | my_functions.py:172 | Searching weekly3.PNG (timeout=0s)
2026-05-09 22:11:51 | INFO | my_functions.py:209 | 
⛔ Not found: weekly3.PNG after 0.01s region=(0, 0, 765, 1038) confidence=0.8
2026-05-09 22:11:51 | INFO | my_functions.py:258 | [DEBUG] Click skipped, image not found: weekly3.PNG
2026-05-09 22:11:51 | INFO | my_functions.py:231 | [DEBUG] wait_for_image_and_click -> weekly3.PNG timeout=0s delay_click=0.1s confidence=0.8
2026-05-09 22:11:51 | INFO | my_functions.py:172 | Searching weekly3.PNG (timeout=0s)
2026-05-09 22:11:51 | INFO | my_functions.py:209 | 
⛔ Not found: weekly3.PNG after 0.01s region=(0, 0, 765, 1038) confidence=0.8
2026-05-09 22:11:51 | INFO | my_functions.py:258 | [DEBUG] Click skipped, image not found: weekly3.PNG
2026-05-09 22:11:51 | INFO | my_functions.py:231 | [DEBUG] wait_for_image_and_click -> weekly3.PNG timeout=0s delay_click=0.1s confidence=0.8
2026-05-09 22:11:51 | INFO | my_functions.py:172 | Searching weekly3.PNG (timeout=0s)
2026-05-09 22:11:51 | INFO | my_functions.py:209 | 
⛔ Not found: weekly3.PNG after 0.01s region=(0, 0, 765, 1038) confidence=0.8
2026-05-09 22:11:51 | INFO | my_functions.py:258 | [DEBUG] Click skipped, image not found: weekly3.PNG
2026-05-09 22:11:51 | INFO | my_functions.py:231 | [DEBUG] wait_for_image_and_click -> weekly3.PNG timeout=0s delay_click=0.1s confidence=0.8
2026-05-09 22:11:51 | INFO | my_functions.py:172 | Searching weekly3.PNG (timeout=0s)
2026-05-09 22:11:51 | INFO | my_functions.py:209 | 
⛔ Not found: weekly3.PNG after 0.01s region=(0, 0, 765, 1038) confidence=0.8
2026-05-09 22:11:51 | INFO | my_functions.py:258 | [DEBUG] Click skipped, image not found: weekly3.PNG
2026-05-09 22:11:51 | INFO | my_functions.py:231 | [DEBUG] wait_for_image_and_click -> weekly3.PNG timeout=0s delay_click=0.1s confidence=0.8
2026-05-09 22:11:51 | INFO | my_functions.py:172 | Searching weekly3.PNG (timeout=0s)
2026-05-09 22:11:51 | INFO | my_functions.py:209 | 
⛔ Not found: weekly3.PNG after 0.01s region=(0, 0, 765, 1038) confidence=0.8
2026-05-09 22:11:51 | INFO | my_functions.py:258 | [DEBUG] Click skipped, image not found: weekly3.PNG
2026-05-09 22:11:51 | INFO | my_functions.py:231 | [DEBUG] wait_for_image_and_click -> weekly3.PNG timeout=0s delay_click=0.1s confidence=0.8
2026-05-09 22:11:51 | INFO | my_functions.py:172 | Searching weekly3.PNG (timeout=0s)
2026-05-09 22:11:52 | INFO | my_functions.py:209 | 
⛔ Not found: weekly3.PNG after 0.0s region=(0, 0, 765, 1038) confidence=0.8
2026-05-09 22:11:52 | INFO | my_functions.py:258 | [DEBUG] Click skipped, image not found: weekly3.PNG
2026-05-09 22:11:52 | INFO | my_functions.py:231 | [DEBUG] wait_for_image_and_click -> weekly3.PNG timeout=0s delay_click=0.1s confidence=0.8
2026-05-09 22:11:52 | INFO | my_functions.py:172 | Searching weekly3.PNG (timeout=0s)
2026-05-09 22:11:52 | INFO | my_functions.py:209 | 
⛔ Not found: weekly3.PNG after 0.01s region=(0, 0, 765, 1038) confidence=0.8
2026-05-09 22:11:52 | INFO | my_functions.py:258 | [DEBUG] Click skipped, image not found: weekly3.PNG
2026-05-09 22:11:52 | INFO | my_functions.py:231 | [DEBUG] wait_for_image_and_click -> weekly3.PNG timeout=0s delay_click=0.1s confidence=0.8
2026-05-09 22:11:52 | INFO | my_functions.py:172 | Searching weekly3.PNG (timeout=0s)
2026-05-09 22:11:52 | INFO | my_functions.py:209 | 
⛔ Not found: weekly3.PNG after 0.0s region=(0, 0, 765, 1038) confidence=0.8
2026-05-09 22:11:52 | INFO | my_functions.py:258 | [DEBUG] Click skipped, image not found: weekly3.PNG
2026-05-09 22:11:52 | INFO | my_functions.py:295 | JSON file located at C:\Users\Farm\AppData\LocalLow\Second Dinner\SNAP\Standalone\States\nvprod\MissionState.json
2026-05-09 22:11:55 | INFO | my_functions.py:434 | AVAILABLE: 6
2026-05-09 22:11:55 | INFO | my_functions.py:444 | [INFO] Waiting for Notepad++ process...
2026-05-09 22:11:55 | INFO | my_functions.py:458 | [INFO] Notepad++ detected PID=5236
2026-05-09 22:11:58 | INFO | my_functions.py:466 | [SUCCESS] Notepad++ closed successfully
2026-05-09 22:11:59 | INFO | my_functions.py:146 | Presionando ESC (1/1)
2026-05-09 22:12:00 | INFO | my_functions.py:231 | [DEBUG] wait_for_image_and_click -> white_x.png timeout=2s delay_click=1s confidence=0.8
2026-05-09 22:12:00 | INFO | my_functions.py:172 | Searching white_x.png (timeout=2s)
2026-05-09 22:12:02 | INFO | my_functions.py:209 | 
⛔ Not found: white_x.png after 2.02s region=(0, 0, 765, 1038) confidence=0.8
2026-05-09 22:12:02 | INFO | my_functions.py:258 | [DEBUG] Click skipped, image not found: white_x.png
2026-05-09 22:12:02 | INFO | my_functions.py:172 | Searching play.PNG (timeout=0s)
2026-05-09 22:12:02 | INFO | my_functions.py:198 | 
✅ Found: play.PNG pos=(384, 824) time=0.21s confidence=0.8
2026-05-09 22:12:02 | INFO | my_functions.py:1563 | [INFO] Click realizado donde se equipa el deck a jugar
2026-05-09 22:12:06 | INFO | my_functions.py:231 | [DEBUG] wait_for_image_and_click -> deck_666666.png timeout=3s delay_click=1s confidence=0.8
2026-05-09 22:12:06 | INFO | my_functions.py:172 | Searching deck_666666.png (timeout=3s)
2026-05-09 22:12:07 | INFO | my_functions.py:198 | 
✅ Found: deck_666666.png pos=(235, 546) time=0.22s confidence=0.8
2026-05-09 22:12:08 | INFO | my_functions.py:138 | Haciendo click en la posición (235, 546)
2026-05-09 22:12:08 | INFO | my_functions.py:251 | 🖱️ Click OK: deck_666666.png at (235, 546) delay=1s
2026-05-09 22:12:08 | INFO | my_functions.py:231 | [DEBUG] wait_for_image_and_click -> equip.png timeout=3s delay_click=1s confidence=0.95
2026-05-09 22:12:08 | INFO | my_functions.py:172 | Searching equip.png (timeout=3s)
2026-05-09 22:12:08 | INFO | my_functions.py:198 | 
✅ Found: equip.png pos=(548, 983) time=0.21s confidence=0.95
2026-05-09 22:12:09 | INFO | my_functions.py:138 | Haciendo click en la posición (548, 983)
2026-05-09 22:12:09 | INFO | my_functions.py:251 | 🖱️ Click OK: equip.png at (548, 983) delay=1s
2026-05-09 22:12:09 | INFO | each_eight_hours.py:217 | Deck selected: 6turns
2026-05-09 22:12:09 | INFO | my_functions.py:231 | [DEBUG] wait_for_image_and_click -> maybe_later.PNG timeout=2s delay_click=1s confidence=0.8
2026-05-09 22:12:09 | INFO | my_functions.py:172 | Searching maybe_later.PNG (timeout=2s)
2026-05-09 22:12:11 | INFO | my_functions.py:209 | 
⛔ Not found: maybe_later.PNG after 2.01s region=(0, 0, 765, 1038) confidence=0.8
2026-05-09 22:12:11 | INFO | my_functions.py:258 | [DEBUG] Click skipped, image not found: maybe_later.PNG
2026-05-09 22:12:11 | INFO | my_functions.py:231 | [DEBUG] wait_for_image_and_click -> maybe_later2.PNG timeout=2s delay_click=1s confidence=0.8
2026-05-09 22:12:11 | INFO | my_functions.py:172 | Searching maybe_later2.PNG (timeout=2s)
2026-05-09 22:12:14 | INFO | my_functions.py:209 | 
⛔ Not found: maybe_later2.PNG after 2.18s region=(0, 0, 765, 1038) confidence=0.8
2026-05-09 22:12:14 | INFO | my_functions.py:258 | [DEBUG] Click skipped, image not found: maybe_later2.PNG
2026-05-09 22:12:14 | INFO | each_eight_hours.py:287 | Starting game loop 1
2026-05-09 22:12:14 | INFO | my_functions.py:231 | [DEBUG] wait_for_image_and_click -> play.PNG timeout=20s delay_click=3s confidence=0.8
2026-05-09 22:12:14 | INFO | my_functions.py:172 | Searching play.PNG (timeout=20s)
2026-05-09 22:12:14 | INFO | my_functions.py:198 | 
✅ Found: play.PNG pos=(384, 824) time=0.22s confidence=0.8
2026-05-09 22:12:17 | INFO | my_functions.py:138 | Haciendo click en la posición (384, 824)
2026-05-09 22:12:17 | INFO | my_functions.py:251 | 🖱️ Click OK: play.PNG at (384, 824) delay=3s
2026-05-09 22:12:17 | INFO | each_eight_hours.py:293 | Play button clicked
2026-05-09 22:12:48 | INFO | my_functions.py:198 | 
✅ Found: end_turn.PNG pos=(681, 945) time=0.19s confidence=0.8
2026-05-09 22:12:48 | INFO | my_functions.py:231 | [DEBUG] wait_for_image_and_click -> snap.PNG timeout=0s delay_click=1s confidence=0.8
2026-05-09 22:12:48 | INFO | my_functions.py:198 | 
✅ Found: snap.PNG pos=(386, 124) time=0.2s confidence=0.8
2026-05-09 22:12:49 | INFO | my_functions.py:138 | Haciendo click en la posición (386, 124)
2026-05-09 22:12:49 | INFO | my_functions.py:251 | 🖱️ Click OK: snap.PNG at (386, 124) delay=1s
2026-05-09 22:12:54 | INFO | my_functions.py:138 | Haciendo click en la posición (681, 945)
2026-05-09 22:12:55 | INFO | each_eight_hours.py:314 | End turn executed
2026-05-09 22:13:11 | INFO | my_functions.py:198 | 
✅ Found: end_turn.PNG pos=(681, 945) time=0.2s confidence=0.8
2026-05-09 22:13:11 | INFO | my_functions.py:231 | [DEBUG] wait_for_image_and_click -> snap.PNG timeout=0s delay_click=1s confidence=0.8
2026-05-09 22:13:11 | INFO | my_functions.py:258 | [DEBUG] Click skipped, image not found: snap.PNG
2026-05-09 22:13:16 | INFO | my_functions.py:138 | Haciendo click en la posición (681, 945)
2026-05-09 22:13:17 | INFO | each_eight_hours.py:314 | End turn executed
2026-05-09 22:13:36 | INFO | my_functions.py:198 | 
✅ Found: end_turn.PNG pos=(681, 945) time=0.18s confidence=0.8
2026-05-09 22:13:36 | INFO | my_functions.py:231 | [DEBUG] wait_for_image_and_click -> snap.PNG timeout=0s delay_click=1s confidence=0.8
2026-05-09 22:13:36 | INFO | my_functions.py:258 | [DEBUG] Click skipped, image not found: snap.PNG
2026-05-09 22:13:41 | INFO | my_functions.py:138 | Haciendo click en la posición (681, 945)
2026-05-09 22:13:42 | INFO | each_eight_hours.py:314 | End turn executed
2026-05-09 22:13:51 | INFO | my_functions.py:198 | 
✅ Found: never_seen_before.png pos=(395, 141) time=0.18s confidence=0.8
2026-05-09 22:13:52 | WARNING | each_eight_hours.py:327 | Unknown popup handled
2026-05-09 22:13:59 | INFO | my_functions.py:198 | 
✅ Found: end_turn.PNG pos=(681, 945) time=0.19s confidence=0.8
2026-05-09 22:13:59 | INFO | my_functions.py:231 | [DEBUG] wait_for_image_and_click -> snap.PNG timeout=0s delay_click=1s confidence=0.8
2026-05-09 22:13:59 | INFO | my_functions.py:258 | [DEBUG] Click skipped, image not found: snap.PNG
2026-05-09 22:14:05 | INFO | my_functions.py:138 | Haciendo click en la posición (681, 945)
2026-05-09 22:14:06 | INFO | each_eight_hours.py:314 | End turn executed
2026-05-09 22:14:27 | INFO | my_functions.py:198 | 
✅ Found: end_turn.PNG pos=(681, 945) time=0.18s confidence=0.8
2026-05-09 22:14:27 | INFO | my_functions.py:231 | [DEBUG] wait_for_image_and_click -> snap.PNG timeout=0s delay_click=1s confidence=0.8
2026-05-09 22:14:27 | INFO | my_functions.py:258 | [DEBUG] Click skipped, image not found: snap.PNG
2026-05-09 22:14:32 | INFO | my_functions.py:138 | Haciendo click en la posición (681, 945)
2026-05-09 22:14:33 | INFO | each_eight_hours.py:314 | End turn executed
2026-05-09 22:14:53 | INFO | my_functions.py:198 | 
✅ Found: end_turn.PNG pos=(681, 945) time=0.19s confidence=0.8
2026-05-09 22:14:53 | INFO | my_functions.py:231 | [DEBUG] wait_for_image_and_click -> snap.PNG timeout=0s delay_click=1s confidence=0.8
2026-05-09 22:14:53 | INFO | my_functions.py:258 | [DEBUG] Click skipped, image not found: snap.PNG
2026-05-09 22:14:58 | INFO | my_functions.py:138 | Haciendo click en la posición (681, 945)
2026-05-09 22:15:00 | INFO | each_eight_hours.py:314 | End turn executed
2026-05-09 22:15:00 | INFO | my_functions.py:198 | 
✅ Found: flechas.png pos=(42, 912) time=0.2s confidence=0.8
2026-05-09 22:15:02 | INFO | my_functions.py:146 | Presionando ESC (1/1)
2026-05-09 22:15:03 | INFO | my_functions.py:231 | [DEBUG] wait_for_image_and_click -> end_turn.PNG timeout=0s delay_click=1s confidence=0.8
2026-05-09 22:15:03 | INFO | my_functions.py:198 | 
✅ Found: end_turn.PNG pos=(682, 945) time=0.2s confidence=0.8
2026-05-09 22:15:04 | INFO | my_functions.py:138 | Haciendo click en la posición (682, 945)
2026-05-09 22:15:04 | INFO | my_functions.py:251 | 🖱️ Click OK: end_turn.PNG at (682, 945) delay=1s
2026-05-09 22:15:04 | WARNING | each_eight_hours.py:351 | Arrow overlay handled
2026-05-09 22:16:00 | INFO | my_functions.py:198 | 
✅ Found: collect_rewards.PNG pos=(679, 957) time=0.22s confidence=0.8
2026-05-09 22:16:00 | INFO | each_eight_hours.py:353 | Rewards detected, exiting match
2026-05-09 22:16:00 | INFO | my_functions.py:231 | [DEBUG] wait_for_image_and_click -> collect_rewards.PNG timeout=20s delay_click=1s confidence=0.8
2026-05-09 22:16:00 | INFO | my_functions.py:172 | Searching collect_rewards.PNG (timeout=20s)
2026-05-09 22:16:00 | INFO | my_functions.py:198 | 
✅ Found: collect_rewards.PNG pos=(679, 957) time=0.26s confidence=0.8
2026-05-09 22:16:01 | INFO | my_functions.py:138 | Haciendo click en la posición (679, 957)
2026-05-09 22:16:01 | INFO | my_functions.py:251 | 🖱️ Click OK: collect_rewards.PNG at (679, 957) delay=1s
2026-05-09 22:16:01 | INFO | my_functions.py:231 | [DEBUG] wait_for_image_and_click -> next.PNG timeout=20s delay_click=1s confidence=0.8
2026-05-09 22:16:01 | INFO | my_functions.py:172 | Searching next.PNG (timeout=20s)
2026-05-09 22:16:04 | INFO | my_functions.py:198 | 
✅ Found: next.PNG pos=(678, 972) time=3.17s confidence=0.8
2026-05-09 22:16:05 | INFO | my_functions.py:138 | Haciendo click en la posición (678, 972)
2026-05-09 22:16:05 | INFO | my_functions.py:251 | 🖱️ Click OK: next.PNG at (678, 972) delay=1s
2026-05-09 22:16:09 | INFO | my_functions.py:434 | AVAILABLE: 6
2026-05-09 22:16:09 | INFO | my_functions.py:444 | [INFO] Waiting for Notepad++ process...
2026-05-09 22:16:10 | INFO | my_functions.py:458 | [INFO] Notepad++ detected PID=7616
2026-05-09 22:16:13 | INFO | my_functions.py:466 | [SUCCESS] Notepad++ closed successfully
2026-05-09 22:16:14 | INFO | each_eight_hours.py:421 | Submissions after match: 6
2026-05-09 22:16:14 | INFO | my_functions.py:378 | Misiones completadas: 2
2026-05-09 22:16:14 | INFO | each_eight_hours.py:425 | Submission condition met, breaking loop
2026-05-09 22:16:14 | INFO | my_functions.py:231 | [DEBUG] wait_for_image_and_click -> missionsNotify2.png timeout=20s delay_click=3s confidence=0.8
2026-05-09 22:16:14 | INFO | my_functions.py:172 | Searching missionsNotify2.png (timeout=20s)
2026-05-09 22:16:14 | INFO | my_functions.py:198 | 
✅ Found: missionsNotify2.png pos=(538, 124) time=0.24s confidence=0.8
2026-05-09 22:16:17 | INFO | my_functions.py:138 | Haciendo click en la posición (538, 124)
2026-05-09 22:16:17 | INFO | my_functions.py:251 | 🖱️ Click OK: missionsNotify2.png at (538, 124) delay=3s
2026-05-09 22:16:17 | INFO | my_functions.py:1593 | [INFO] Iniciando click_missions_blue2
2026-05-09 22:16:17 | INFO | my_functions.py:138 | Haciendo click en la posición (150, 132)
2026-05-09 22:16:18 | INFO | my_functions.py:1596 | [ACTION] Click hecho en icono de calendario que me dirige a las misiones ordinarias
2026-05-09 22:16:18 | INFO | my_functions.py:172 | Searching bonus_challenge.png (timeout=0s)
2026-05-09 22:16:19 | INFO | my_functions.py:209 | 
⛔ Not found: bonus_challenge.png after 0.0s region=(0, 0, 765, 1038) confidence=0.8
2026-05-09 22:16:21 | INFO | my_functions.py:138 | Haciendo click en la posición (362, 493)
2026-05-09 22:16:22 | INFO | my_functions.py:1609 | [ACTION] Click 1/2 en misión azul
2026-05-09 22:16:22 | INFO | my_functions.py:138 | Haciendo click en la posición (362, 493)
2026-05-09 22:16:24 | INFO | my_functions.py:1609 | [ACTION] Click 2/2 en misión azul
2026-05-09 22:16:24 | INFO | my_functions.py:172 | Searching flechita_mission.PNG (timeout=0s)
2026-05-09 22:16:24 | INFO | my_functions.py:209 | 
⛔ Not found: flechita_mission.PNG after 0.0s region=(0, 0, 765, 1038) confidence=0.8
2026-05-09 22:16:24 | INFO | my_functions.py:231 | [DEBUG] wait_for_image_and_click -> weekly3.PNG timeout=0s delay_click=0.1s confidence=0.8
2026-05-09 22:16:24 | INFO | my_functions.py:172 | Searching weekly3.PNG (timeout=0s)
2026-05-09 22:16:24 | INFO | my_functions.py:209 | 
⛔ Not found: weekly3.PNG after 0.0s region=(0, 0, 765, 1038) confidence=0.8
2026-05-09 22:16:24 | INFO | my_functions.py:258 | [DEBUG] Click skipped, image not found: weekly3.PNG
2026-05-09 22:16:24 | INFO | my_functions.py:231 | [DEBUG] wait_for_image_and_click -> weekly3.PNG timeout=0s delay_click=0.1s confidence=0.8
2026-05-09 22:16:24 | INFO | my_functions.py:172 | Searching weekly3.PNG (timeout=0s)
2026-05-09 22:16:25 | INFO | my_functions.py:209 | 
⛔ Not found: weekly3.PNG after 0.0s region=(0, 0, 765, 1038) confidence=0.8
2026-05-09 22:16:25 | INFO | my_functions.py:258 | [DEBUG] Click skipped, image not found: weekly3.PNG
2026-05-09 22:16:25 | INFO | my_functions.py:231 | [DEBUG] wait_for_image_and_click -> weekly3.PNG timeout=0s delay_click=0.1s confidence=0.8
2026-05-09 22:16:25 | INFO | my_functions.py:172 | Searching weekly3.PNG (timeout=0s)
2026-05-09 22:16:25 | INFO | my_functions.py:209 | 
⛔ Not found: weekly3.PNG after 0.01s region=(0, 0, 765, 1038) confidence=0.8
2026-05-09 22:16:25 | INFO | my_functions.py:258 | [DEBUG] Click skipped, image not found: weekly3.PNG
2026-05-09 22:16:25 | INFO | my_functions.py:231 | [DEBUG] wait_for_image_and_click -> weekly3.PNG timeout=0s delay_click=0.1s confidence=0.8
2026-05-09 22:16:25 | INFO | my_functions.py:172 | Searching weekly3.PNG (timeout=0s)
2026-05-09 22:16:25 | INFO | my_functions.py:209 | 
⛔ Not found: weekly3.PNG after 0.01s region=(0, 0, 765, 1038) confidence=0.8
2026-05-09 22:16:25 | INFO | my_functions.py:258 | [DEBUG] Click skipped, image not found: weekly3.PNG
2026-05-09 22:16:25 | INFO | my_functions.py:231 | [DEBUG] wait_for_image_and_click -> weekly3.PNG timeout=0s delay_click=0.1s confidence=0.8
2026-05-09 22:16:25 | INFO | my_functions.py:172 | Searching weekly3.PNG (timeout=0s)
2026-05-09 22:16:25 | INFO | my_functions.py:209 | 
⛔ Not found: weekly3.PNG after 0.01s region=(0, 0, 765, 1038) confidence=0.8
2026-05-09 22:16:25 | INFO | my_functions.py:258 | [DEBUG] Click skipped, image not found: weekly3.PNG
2026-05-09 22:16:25 | INFO | my_functions.py:231 | [DEBUG] wait_for_image_and_click -> weekly3.PNG timeout=0s delay_click=0.1s confidence=0.8
2026-05-09 22:16:25 | INFO | my_functions.py:172 | Searching weekly3.PNG (timeout=0s)
2026-05-09 22:16:26 | INFO | my_functions.py:209 | 
⛔ Not found: weekly3.PNG after 0.01s region=(0, 0, 765, 1038) confidence=0.8
2026-05-09 22:16:26 | INFO | my_functions.py:258 | [DEBUG] Click skipped, image not found: weekly3.PNG
2026-05-09 22:16:26 | INFO | my_functions.py:231 | [DEBUG] wait_for_image_and_click -> weekly3.PNG timeout=0s delay_click=0.1s confidence=0.8
2026-05-09 22:16:26 | INFO | my_functions.py:172 | Searching weekly3.PNG (timeout=0s)
2026-05-09 22:16:26 | INFO | my_functions.py:209 | 
⛔ Not found: weekly3.PNG after 0.01s region=(0, 0, 765, 1038) confidence=0.8
2026-05-09 22:16:26 | INFO | my_functions.py:258 | [DEBUG] Click skipped, image not found: weekly3.PNG
2026-05-09 22:16:26 | INFO | my_functions.py:231 | [DEBUG] wait_for_image_and_click -> weekly3.PNG timeout=0s delay_click=0.1s confidence=0.8
2026-05-09 22:16:26 | INFO | my_functions.py:172 | Searching weekly3.PNG (timeout=0s)
2026-05-09 22:16:26 | INFO | my_functions.py:209 | 
⛔ Not found: weekly3.PNG after 0.0s region=(0, 0, 765, 1038) confidence=0.8
2026-05-09 22:16:26 | INFO | my_functions.py:258 | [DEBUG] Click skipped, image not found: weekly3.PNG
2026-05-09 22:16:26 | INFO | my_functions.py:231 | [DEBUG] wait_for_image_and_click -> weekly3.PNG timeout=0s delay_click=0.1s confidence=0.8
2026-05-09 22:16:26 | INFO | my_functions.py:172 | Searching weekly3.PNG (timeout=0s)
2026-05-09 22:16:26 | INFO | my_functions.py:209 | 
⛔ Not found: weekly3.PNG after 0.01s region=(0, 0, 765, 1038) confidence=0.8
2026-05-09 22:16:26 | INFO | my_functions.py:258 | [DEBUG] Click skipped, image not found: weekly3.PNG
2026-05-09 22:16:26 | INFO | my_functions.py:231 | [DEBUG] wait_for_image_and_click -> weekly3.PNG timeout=0s delay_click=0.1s confidence=0.8
2026-05-09 22:16:26 | INFO | my_functions.py:172 | Searching weekly3.PNG (timeout=0s)
2026-05-09 22:16:26 | INFO | my_functions.py:209 | 
⛔ Not found: weekly3.PNG after 0.01s region=(0, 0, 765, 1038) confidence=0.8
2026-05-09 22:16:26 | INFO | my_functions.py:258 | [DEBUG] Click skipped, image not found: weekly3.PNG
2026-05-09 22:16:26 | INFO | my_functions.py:138 | Haciendo click en la posición (557, 64)
2026-05-09 22:16:28 | INFO | my_functions.py:231 | [DEBUG] wait_for_image_and_click -> cards_shop.PNG timeout=20s delay_click=1s confidence=0.8
2026-05-09 22:16:28 | INFO | my_functions.py:172 | Searching cards_shop.PNG (timeout=20s)
2026-05-09 22:16:28 | INFO | my_functions.py:198 | 
✅ Found: cards_shop.PNG pos=(568, 121) time=0.63s confidence=0.8
2026-05-09 22:16:29 | INFO | my_functions.py:138 | Haciendo click en la posición (568, 121)
2026-05-09 22:16:29 | INFO | my_functions.py:251 | 🖱️ Click OK: cards_shop.PNG at (568, 121) delay=1s
2026-05-09 22:16:29 | INFO | my_functions.py:231 | [DEBUG] wait_for_image_and_click -> token_icon.PNG timeout=20s delay_click=1s confidence=0.8
2026-05-09 22:16:29 | INFO | my_functions.py:172 | Searching token_icon.PNG (timeout=20s)
2026-05-09 22:16:31 | INFO | my_functions.py:198 | 
✅ Found: token_icon.PNG pos=(661, 171) time=1.83s confidence=0.8
2026-05-09 22:16:32 | INFO | my_functions.py:138 | Haciendo click en la posición (661, 171)
2026-05-09 22:16:32 | INFO | my_functions.py:251 | 🖱️ Click OK: token_icon.PNG at (661, 171) delay=1s
2026-05-09 22:16:34 | INFO | my_functions.py:231 | [DEBUG] wait_for_image_and_click -> claim!_token_3.PNG timeout=4s delay_click=1s confidence=0.8
2026-05-09 22:16:34 | INFO | my_functions.py:172 | Searching claim!_token_3.PNG (timeout=4s)
2026-05-09 22:16:39 | INFO | my_functions.py:209 | 
⛔ Not found: claim!_token_3.PNG after 4.09s region=(0, 0, 765, 1038) confidence=0.8
2026-05-09 22:16:39 | INFO | my_functions.py:258 | [DEBUG] Click skipped, image not found: claim!_token_3.PNG
2026-05-09 22:16:39 | INFO | my_functions.py:231 | [DEBUG] wait_for_image_and_click -> offers.PNG timeout=0.1s delay_click=1s confidence=0.8
2026-05-09 22:16:39 | INFO | my_functions.py:172 | Searching offers.PNG (timeout=0.1s)
2026-05-09 22:16:39 | INFO | my_functions.py:198 | 
✅ Found: offers.PNG pos=(197, 121) time=0.23s confidence=0.8
2026-05-09 22:16:40 | INFO | my_functions.py:138 | Haciendo click en la posición (197, 121)
2026-05-09 22:16:40 | INFO | my_functions.py:251 | 🖱️ Click OK: offers.PNG at (197, 121) delay=1s
2026-05-09 22:16:40 | INFO | my_functions.py:231 | [DEBUG] wait_for_image_and_click -> credits_selected.png timeout=0.1s delay_click=1s confidence=0.8
2026-05-09 22:16:40 | INFO | my_functions.py:172 | Searching credits_selected.png (timeout=0.1s)
2026-05-09 22:16:41 | INFO | my_functions.py:209 | 
⛔ Not found: credits_selected.png after 0.21s region=(0, 0, 765, 1038) confidence=0.8
2026-05-09 22:16:41 | INFO | my_functions.py:258 | [DEBUG] Click skipped, image not found: credits_selected.png
2026-05-09 22:16:41 | INFO | my_functions.py:231 | [DEBUG] wait_for_image_and_click -> credits.PNG timeout=0.1s delay_click=1s confidence=0.95
2026-05-09 22:16:41 | INFO | my_functions.py:172 | Searching credits.PNG (timeout=0.1s)
2026-05-09 22:16:41 | INFO | my_functions.py:198 | 
✅ Found: credits.PNG pos=(442, 172) time=0.21s confidence=0.95
2026-05-09 22:16:42 | INFO | my_functions.py:138 | Haciendo click en la posición (442, 172)
2026-05-09 22:16:42 | INFO | my_functions.py:251 | 🖱️ Click OK: credits.PNG at (442, 172) delay=1s
2026-05-09 22:16:43 | INFO | my_functions.py:231 | [DEBUG] wait_for_image_and_click -> claim_25_credits.png timeout=2s delay_click=1s confidence=0.8
2026-05-09 22:16:43 | INFO | my_functions.py:172 | Searching claim_25_credits.png (timeout=2s)
2026-05-09 22:16:44 | INFO | my_functions.py:198 | 
✅ Found: claim_25_credits.png pos=(236, 328) time=0.2s confidence=0.8
2026-05-09 22:16:45 | INFO | my_functions.py:138 | Haciendo click en la posición (236, 328)
2026-05-09 22:16:45 | INFO | my_functions.py:251 | 🖱️ Click OK: claim_25_credits.png at (236, 328) delay=1s
2026-05-09 22:16:45 | INFO | my_functions.py:231 | [DEBUG] wait_for_image_and_click -> cards_shop.PNG timeout=20s delay_click=1s confidence=0.8
2026-05-09 22:16:45 | INFO | my_functions.py:172 | Searching cards_shop.PNG (timeout=20s)
2026-05-09 22:16:45 | INFO | my_functions.py:198 | 
✅ Found: cards_shop.PNG pos=(568, 121) time=0.2s confidence=0.8
2026-05-09 22:16:46 | INFO | my_functions.py:138 | Haciendo click en la posición (568, 121)
2026-05-09 22:16:46 | INFO | my_functions.py:251 | 🖱️ Click OK: cards_shop.PNG at (568, 121) delay=1s
2026-05-09 22:16:46 | INFO | my_functions.py:231 | [DEBUG] wait_for_image_and_click -> offers.PNG timeout=20s delay_click=1s confidence=0.8
2026-05-09 22:16:46 | INFO | my_functions.py:172 | Searching offers.PNG (timeout=20s)
2026-05-09 22:16:47 | INFO | my_functions.py:198 | 
✅ Found: offers.PNG pos=(197, 122) time=0.21s confidence=0.8
2026-05-09 22:16:48 | INFO | my_functions.py:138 | Haciendo click en la posición (197, 122)
2026-05-09 22:16:48 | INFO | my_functions.py:251 | 🖱️ Click OK: offers.PNG at (197, 122) delay=1s
2026-05-09 22:16:48 | INFO | my_functions.py:1491 | [INFO] Iniciando mejora de cartas
2026-05-09 22:16:48 | INFO | my_functions.py:231 | [DEBUG] wait_for_image_and_click -> upgrade_cards_icon.PNG timeout=20s delay_click=1s confidence=0.8
2026-05-09 22:16:48 | INFO | my_functions.py:172 | Searching upgrade_cards_icon.PNG (timeout=20s)
2026-05-09 22:16:48 | INFO | my_functions.py:198 | 
✅ Found: upgrade_cards_icon.PNG pos=(322, 170) time=0.21s confidence=0.8
2026-05-09 22:16:49 | INFO | my_functions.py:138 | Haciendo click en la posición (322, 170)
2026-05-09 22:16:49 | INFO | my_functions.py:251 | 🖱️ Click OK: upgrade_cards_icon.PNG at (322, 170) delay=1s
2026-05-09 22:16:49 | INFO | my_functions.py:1495 | [INFO] Abriendo icono de upgrade_cards
2026-05-09 22:16:50 | INFO | my_functions.py:1501 | [STEP] Mejorando carta 1
2026-05-09 22:16:50 | INFO | my_functions.py:1505 | [ACTION] Click en carta 1
2026-05-09 22:16:51 | INFO | my_functions.py:1510 | [ACTION] Click en botón upgrade
2026-05-09 22:16:59 | INFO | my_functions.py:231 | [DEBUG] wait_for_image_and_click -> you_need_more_credits!.png timeout=3s delay_click=1s confidence=0.8
2026-05-09 22:16:59 | INFO | my_functions.py:172 | Searching you_need_more_credits!.png (timeout=3s)
2026-05-09 22:17:02 | INFO | my_functions.py:209 | 
⛔ Not found: you_need_more_credits!.png after 3.17s region=(0, 0, 765, 1038) confidence=0.8
2026-05-09 22:17:02 | INFO | my_functions.py:258 | [DEBUG] Click skipped, image not found: you_need_more_credits!.png
2026-05-09 22:17:07 | INFO | my_functions.py:1525 | [ACTION] Click para continuar a stage de nivel de coleccion
2026-05-09 22:17:12 | INFO | my_functions.py:146 | Presionando ESC (1/1)
2026-05-09 22:17:13 | INFO | my_functions.py:1530 | [ACTION] Saliendo de stage nivel de coleccion con ESC
2026-05-09 22:17:14 | INFO | my_functions.py:231 | [DEBUG] wait_for_image_and_click -> upgrade_cards_icon_selected.PNG timeout=0s delay_click=1s confidence=0.8
2026-05-09 22:17:14 | INFO | my_functions.py:172 | Searching upgrade_cards_icon_selected.PNG (timeout=0s)
2026-05-09 22:17:14 | INFO | my_functions.py:198 | 
✅ Found: upgrade_cards_icon_selected.PNG pos=(320, 173) time=0.21s confidence=0.8
2026-05-09 22:17:15 | INFO | my_functions.py:138 | Haciendo click en la posición (320, 173)
2026-05-09 22:17:15 | INFO | my_functions.py:251 | 🖱️ Click OK: upgrade_cards_icon_selected.PNG at (320, 173) delay=1s
2026-05-09 22:17:15 | INFO | my_functions.py:1550 | [INFO] Reabriendo icono de upgrade_cards
2026-05-09 22:17:16 | INFO | my_functions.py:1501 | [STEP] Mejorando carta 2
2026-05-09 22:17:16 | INFO | my_functions.py:1505 | [ACTION] Click en carta 2
2026-05-09 22:17:17 | INFO | my_functions.py:1510 | [ACTION] Click en botón upgrade
2026-05-09 22:17:24 | INFO | my_functions.py:231 | [DEBUG] wait_for_image_and_click -> you_need_more_credits!.png timeout=3s delay_click=1s confidence=0.8
2026-05-09 22:17:24 | INFO | my_functions.py:172 | Searching you_need_more_credits!.png (timeout=3s)
2026-05-09 22:17:25 | INFO | my_functions.py:198 | 
✅ Found: you_need_more_credits!.png pos=(381, 345) time=0.18s confidence=0.8
2026-05-09 22:17:26 | INFO | my_functions.py:138 | Haciendo click en la posición (381, 345)
2026-05-09 22:17:26 | INFO | my_functions.py:251 | 🖱️ Click OK: you_need_more_credits!.png at (381, 345) delay=1s
2026-05-09 22:17:26 | INFO | my_functions.py:146 | Presionando ESC (1/2)
2026-05-09 22:17:26 | INFO | my_functions.py:146 | Presionando ESC (2/2)
2026-05-09 22:17:29 | INFO | my_functions.py:1553 | [INFO] Mejora de cartas completada ✅
2026-05-09 22:17:29 | INFO | my_functions.py:146 | Presionando ESC (1/1)
2026-05-09 22:17:30 | INFO | each_eight_hours.py:437 | Finished all games
2026-05-09 22:17:30 | INFO | my_functions.py:1443 | [DEBUG] Starting logout process...
2026-05-09 22:17:30 | INFO | my_functions.py:1445 | [DEBUG] Clicking nut icon...
2026-05-09 22:17:30 | INFO | my_functions.py:231 | [DEBUG] wait_for_image_and_click -> nut.png timeout=20s delay_click=1s confidence=0.8
2026-05-09 22:17:30 | INFO | my_functions.py:172 | Searching nut.png (timeout=20s)
2026-05-09 22:17:30 | INFO | my_functions.py:198 | 
✅ Found: nut.png pos=(184, 78) time=0.21s confidence=0.8
2026-05-09 22:17:31 | INFO | my_functions.py:138 | Haciendo click en la posición (184, 78)
2026-05-09 22:17:31 | INFO | my_functions.py:251 | 🖱️ Click OK: nut.png at (184, 78) delay=1s
2026-05-09 22:17:31 | INFO | my_functions.py:1448 | [DEBUG] Waiting for graphics quality image...
2026-05-09 22:17:31 | INFO | my_functions.py:172 | Searching graphics_quality.png (timeout=3s)
2026-05-09 22:17:32 | INFO | my_functions.py:198 | 
✅ Found: graphics_quality.png pos=(305, 642) time=0.53s confidence=0.8
2026-05-09 22:17:32 | INFO | my_functions.py:1450 | [DEBUG] graphics_quality result: Point(x=305, y=642)
2026-05-09 22:17:32 | INFO | my_functions.py:1456 | [DEBUG] Clicking graphics quality...
2026-05-09 22:17:33 | INFO | my_functions.py:1461 | [DEBUG] Scrolling down...
2026-05-09 22:17:33 | INFO | my_functions.py:1464 | [DEBUG] Clicking sign_out...
2026-05-09 22:17:33 | INFO | my_functions.py:231 | [DEBUG] wait_for_image_and_click -> sign_out.png timeout=20s delay_click=1s confidence=0.8
2026-05-09 22:17:33 | INFO | my_functions.py:172 | Searching sign_out.png (timeout=20s)
2026-05-09 22:17:33 | INFO | my_functions.py:198 | 
✅ Found: sign_out.png pos=(380, 796) time=0.21s confidence=0.8
2026-05-09 22:17:34 | INFO | my_functions.py:138 | Haciendo click en la posición (380, 796)
2026-05-09 22:17:34 | INFO | my_functions.py:251 | 🖱️ Click OK: sign_out.png at (380, 796) delay=1s
2026-05-09 22:17:35 | INFO | my_functions.py:1469 | [DEBUG] Clicking big sign_out...
2026-05-09 22:17:35 | INFO | my_functions.py:231 | [DEBUG] wait_for_image_and_click -> sign_out_grande.png timeout=20s delay_click=1s confidence=0.8
2026-05-09 22:17:35 | INFO | my_functions.py:172 | Searching sign_out_grande.png (timeout=20s)
2026-05-09 22:17:35 | INFO | my_functions.py:198 | 
✅ Found: sign_out_grande.png pos=(359, 437) time=0.2s confidence=0.8
2026-05-09 22:17:36 | INFO | my_functions.py:138 | Haciendo click en la posición (359, 437)
2026-05-09 22:17:37 | INFO | my_functions.py:251 | 🖱️ Click OK: sign_out_grande.png at (359, 437) delay=1s
2026-05-09 22:17:37 | INFO | my_functions.py:1472 | [DEBUG] Clicking sign_out2...
2026-05-09 22:17:37 | INFO | my_functions.py:231 | [DEBUG] wait_for_image_and_click -> sign_out2.png timeout=20s delay_click=1s confidence=0.8
2026-05-09 22:17:37 | INFO | my_functions.py:172 | Searching sign_out2.png (timeout=20s)
2026-05-09 22:17:37 | INFO | my_functions.py:198 | 
✅ Found: sign_out2.png pos=(383, 634) time=0.23s confidence=0.8
2026-05-09 22:17:38 | INFO | my_functions.py:138 | Haciendo click en la posición (383, 634)
2026-05-09 22:17:38 | INFO | my_functions.py:251 | 🖱️ Click OK: sign_out2.png at (383, 634) delay=1s
2026-05-09 22:17:38 | INFO | my_functions.py:1475 | [DEBUG] Resizing SNAP window...
2026-05-09 22:17:38 | INFO | my_functions.py:1668 | ⏱ Esperando 0.1 segundos antes de empezar...
2026-05-09 22:17:38 | INFO | my_functions.py:1675 | 🔍 Esperando ventana que contenga alguna de: SNAP (máx 20s)
2026-05-09 22:17:38 | INFO | my_functions.py:1687 | ✅ Ventana encontrada: 'SNAP'
2026-05-09 22:17:38 | INFO | my_functions.py:1702 | ✅ Ventana seleccionada: 'SNAP'
2026-05-09 22:17:40 | INFO | my_functions.py:1725 | 🔁 Reajuste #1...
2026-05-09 22:17:42 | INFO | my_functions.py:1732 | ✔ Verificación completa. Se hicieron 1 reajustes.
2026-05-09 22:17:43 | INFO | my_functions.py:1484 | snap.exe closed
2026-05-09 22:17:46 | INFO | my_functions.py:1487 | [DEBUG] Logout completed successfully.
2026-05-09 22:17:46 | INFO | each_eight_hours.py:146 | Processing account: john
2026-05-09 22:17:47 | INFO | each_eight_hours.py:149 | Game relaunched for account
2026-05-09 22:17:47 | INFO | my_functions.py:1668 | ⏱ Esperando 0.1 segundos antes de empezar...
2026-05-09 22:17:47 | INFO | my_functions.py:1675 | 🔍 Esperando ventana que contenga alguna de: ['SNAP'] (máx 20s)
2026-05-09 22:17:49 | INFO | my_functions.py:1687 | ✅ Ventana encontrada: 'SNAP'
2026-05-09 22:17:49 | INFO | my_functions.py:1702 | ✅ Ventana seleccionada: 'SNAP'
2026-05-09 22:17:52 | INFO | my_functions.py:1734 | ✔ Verificación completa. No hubo cambios después del primer ajuste.
2026-05-09 22:17:52 | INFO | each_eight_hours.py:156 | Game window resized
2026-05-09 22:17:52 | INFO | my_functions.py:1207 | [DEBUG] Resizing SNAP window...
2026-05-09 22:17:52 | INFO | my_functions.py:1668 | ⏱ Esperando 0.1 segundos antes de empezar...
2026-05-09 22:17:52 | INFO | my_functions.py:1675 | 🔍 Esperando ventana que contenga alguna de: ['SNAP'] (máx 20s)
2026-05-09 22:17:52 | INFO | my_functions.py:1687 | ✅ Ventana encontrada: 'SNAP'
2026-05-09 22:17:52 | INFO | my_functions.py:1702 | ✅ Ventana seleccionada: 'SNAP'
2026-05-09 22:17:55 | INFO | my_functions.py:1734 | ✔ Verificación completa. No hubo cambios después del primer ajuste.
2026-05-09 22:17:55 | INFO | my_functions.py:231 | [DEBUG] wait_for_image_and_click -> submit.PNG timeout=90s delay_click=0.2s confidence=0.8
2026-05-09 22:17:55 | INFO | my_functions.py:172 | Searching submit.PNG (timeout=90s)
2026-05-09 22:17:57 | INFO | my_functions.py:198 | 
✅ Found: submit.PNG pos=(386, 784) time=2.63s confidence=0.8
2026-05-09 22:17:58 | INFO | my_functions.py:138 | Haciendo click en la posición (386, 784)
2026-05-09 22:17:58 | INFO | my_functions.py:251 | 🖱️ Click OK: submit.PNG at (386, 784) delay=0.2s
2026-05-09 22:17:58 | INFO | my_functions.py:1668 | ⏱ Esperando 0.1 segundos antes de empezar...
2026-05-09 22:17:58 | INFO | my_functions.py:1675 | 🔍 Esperando ventana que contenga alguna de: ['SNAP'] (máx 20s)
2026-05-09 22:17:58 | INFO | my_functions.py:1687 | ✅ Ventana encontrada: 'SNAP'
2026-05-09 22:17:58 | INFO | my_functions.py:1702 | ✅ Ventana seleccionada: 'SNAP'
2026-05-09 22:18:00 | INFO | my_functions.py:1725 | 🔁 Reajuste #1...
2026-05-09 22:18:01 | INFO | my_functions.py:1732 | ✔ Verificación completa. Se hicieron 1 reajustes.
2026-05-09 22:18:01 | INFO | my_functions.py:172 | Searching please_sign.png (timeout=0s)
2026-05-09 22:18:01 | INFO | my_functions.py:198 | 
✅ Found: please_sign.png pos=(383, 438) time=0.22s confidence=0.8
2026-05-09 22:18:01 | INFO | my_functions.py:231 | [DEBUG] wait_for_image_and_click -> ok_btn.png timeout=20s delay_click=1s confidence=0.8
2026-05-09 22:18:01 | INFO | my_functions.py:172 | Searching ok_btn.png (timeout=20s)
2026-05-09 22:18:01 | INFO | my_functions.py:198 | 
✅ Found: ok_btn.png pos=(382, 634) time=0.19s confidence=0.8
2026-05-09 22:18:02 | INFO | my_functions.py:138 | Haciendo click en la posición (382, 634)
2026-05-09 22:18:03 | INFO | my_functions.py:251 | 🖱️ Click OK: ok_btn.png at (382, 634) delay=1s
2026-05-09 22:18:03 | INFO | my_functions.py:231 | [DEBUG] wait_for_image_and_click -> submit.PNG timeout=90s delay_click=0.2s confidence=0.8
2026-05-09 22:18:03 | INFO | my_functions.py:172 | Searching submit.PNG (timeout=90s)
2026-05-09 22:18:04 | INFO | my_functions.py:198 | 
✅ Found: submit.PNG pos=(386, 773) time=0.92s confidence=0.8
2026-05-09 22:18:04 | INFO | my_functions.py:138 | Haciendo click en la posición (386, 773)
2026-05-09 22:18:04 | INFO | my_functions.py:251 | 🖱️ Click OK: submit.PNG at (386, 773) delay=0.2s
2026-05-09 22:18:04 | INFO | my_functions.py:172 | Searching sign_in_with_google2.PNG (timeout=90s)
2026-05-09 22:18:05 | INFO | my_functions.py:198 | 
✅ Found: sign_in_with_google2.PNG pos=(406, 957) time=0.77s confidence=0.8
2026-05-09 22:18:05 | INFO | my_functions.py:231 | [DEBUG] wait_for_image_and_click -> sign_in_with_google2.PNG timeout=20s delay_click=1s confidence=0.8
2026-05-09 22:18:05 | INFO | my_functions.py:172 | Searching sign_in_with_google2.PNG (timeout=20s)
2026-05-09 22:18:05 | INFO | my_functions.py:198 | 
✅ Found: sign_in_with_google2.PNG pos=(406, 957) time=0.33s confidence=0.8
2026-05-09 22:18:06 | INFO | my_functions.py:138 | Haciendo click en la posición (406, 957)
2026-05-09 22:18:06 | INFO | my_functions.py:251 | 🖱️ Click OK: sign_in_with_google2.PNG at (406, 957) delay=1s
2026-05-09 22:18:06 | INFO | my_functions.py:231 | [DEBUG] wait_for_image_and_click -> john.png timeout=30s delay_click=3s confidence=0.8
2026-05-09 22:18:06 | INFO | my_functions.py:172 | Searching john.png (timeout=30s)
2026-05-09 22:18:11 | INFO | my_functions.py:198 | 
✅ Found: john.png pos=(1143, 619) time=4.66s confidence=0.8
2026-05-09 22:18:14 | INFO | my_functions.py:138 | Haciendo click en la posición (1143, 619)
2026-05-09 22:18:14 | INFO | my_functions.py:251 | 🖱️ Click OK: john.png at (1143, 619) delay=3s
2026-05-09 22:18:16 | INFO | my_functions.py:231 | [DEBUG] wait_for_image_and_click -> python_icon.PNG timeout=5s delay_click=1s confidence=0.8
2026-05-09 22:18:16 | INFO | my_functions.py:172 | Searching python_icon.PNG (timeout=5s)
2026-05-09 22:18:17 | INFO | my_functions.py:198 | 
✅ Found: python_icon.PNG pos=(647, 1054) time=0.4s confidence=0.8
2026-05-09 22:18:18 | INFO | my_functions.py:138 | Haciendo click en la posición (647, 1054)
2026-05-09 22:18:18 | INFO | my_functions.py:251 | 🖱️ Click OK: python_icon.PNG at (647, 1054) delay=1s
2026-05-09 22:18:18 | INFO | my_functions.py:231 | [DEBUG] wait_for_image_and_click -> snap_icon_task_bar.PNG timeout=20s delay_click=1s confidence=0.8
2026-05-09 22:18:18 | INFO | my_functions.py:172 | Searching snap_icon_task_bar.PNG (timeout=20s)
2026-05-09 22:18:18 | INFO | my_functions.py:198 | 
✅ Found: snap_icon_task_bar.PNG pos=(524, 1052) time=0.66s confidence=0.8
2026-05-09 22:18:19 | INFO | my_functions.py:138 | Haciendo click en la posición (524, 1052)
2026-05-09 22:18:20 | INFO | my_functions.py:251 | 🖱️ Click OK: snap_icon_task_bar.PNG at (524, 1052) delay=1s
2026-05-09 22:18:20 | INFO | my_functions.py:172 | Searching play.PNG (timeout=30s)
2026-05-09 22:18:29 | INFO | my_functions.py:198 | 
✅ Found: play.PNG pos=(384, 824) time=9.53s confidence=0.8
2026-05-09 22:18:29 | INFO | my_functions.py:1265 | [DEBUG] Login completado correctamente.
2026-05-09 22:18:29 | INFO | each_eight_hours.py:160 | Login executed
2026-05-09 22:18:29 | INFO | my_functions.py:172 | Searching shop_unselected.PNG (timeout=0s)
2026-05-09 22:18:29 | INFO | my_functions.py:198 | 
✅ Found: shop_unselected.PNG pos=(88, 961) time=0.2s confidence=0.8
2026-05-09 22:18:37 | INFO | my_functions.py:172 | Searching shop_unselected.PNG (timeout=0s)
2026-05-09 22:18:38 | INFO | my_functions.py:198 | 
✅ Found: shop_unselected.PNG pos=(89, 961) time=0.2s confidence=0.8
2026-05-09 22:18:38 | INFO | my_functions.py:720 | Ya esta listo
2026-05-09 22:18:38 | INFO | each_eight_hours.py:163 | Initial images processed
2026-05-09 22:18:38 | INFO | each_eight_hours.py:166 | Chrome terminated
2026-05-09 22:18:38 | INFO | my_functions.py:231 | [DEBUG] wait_for_image_and_click -> missions_unnotified2.png timeout=20s delay_click=1s confidence=0.8
2026-05-09 22:18:38 | INFO | my_functions.py:172 | Searching missions_unnotified2.png (timeout=20s)
2026-05-09 22:18:38 | INFO | my_functions.py:198 | 
✅ Found: missions_unnotified2.png pos=(516, 127) time=0.21s confidence=0.8
2026-05-09 22:18:39 | INFO | my_functions.py:138 | Haciendo click en la posición (516, 127)
2026-05-09 22:18:39 | INFO | my_functions.py:251 | 🖱️ Click OK: missions_unnotified2.png at (516, 127) delay=1s
2026-05-09 22:18:39 | INFO | my_functions.py:231 | [DEBUG] wait_for_image_and_click -> calendar_missions_daily.png timeout=3s delay_click=1s confidence=0.8
2026-05-09 22:18:39 | INFO | my_functions.py:172 | Searching calendar_missions_daily.png (timeout=3s)
2026-05-09 22:18:41 | INFO | my_functions.py:198 | 
✅ Found: calendar_missions_daily.png pos=(189, 131) time=1.51s confidence=0.8
2026-05-09 22:18:42 | INFO | my_functions.py:138 | Haciendo click en la posición (189, 131)
2026-05-09 22:18:42 | INFO | my_functions.py:251 | 🖱️ Click OK: calendar_missions_daily.png at (189, 131) delay=1s
2026-05-09 22:18:42 | INFO | each_eight_hours.py:180 | Mission screens opened
2026-05-09 22:18:42 | INFO | my_functions.py:295 | JSON file located at C:\Users\Farm\AppData\LocalLow\Second Dinner\SNAP\Standalone\States\nvprod\MissionState.json
2026-05-09 22:18:45 | INFO | my_functions.py:434 | AVAILABLE: 6
2026-05-09 22:18:45 | INFO | my_functions.py:444 | [INFO] Waiting for Notepad++ process...
2026-05-09 22:18:45 | INFO | my_functions.py:458 | [INFO] Notepad++ detected PID=1396
2026-05-09 22:18:48 | INFO | my_functions.py:466 | [SUCCESS] Notepad++ closed successfully
2026-05-09 22:18:49 | INFO | my_functions.py:1593 | [INFO] Iniciando click_missions_blue2
2026-05-09 22:18:49 | INFO | my_functions.py:138 | Haciendo click en la posición (150, 132)
2026-05-09 22:18:50 | INFO | my_functions.py:1596 | [ACTION] Click hecho en icono de calendario que me dirige a las misiones ordinarias
2026-05-09 22:18:50 | INFO | my_functions.py:172 | Searching bonus_challenge.png (timeout=0s)
2026-05-09 22:18:50 | INFO | my_functions.py:209 | 
⛔ Not found: bonus_challenge.png after 0.0s region=(0, 0, 765, 1038) confidence=0.8
2026-05-09 22:18:52 | INFO | my_functions.py:172 | Searching flechita_mission.PNG (timeout=0s)
2026-05-09 22:18:53 | INFO | my_functions.py:209 | 
⛔ Not found: flechita_mission.PNG after 0.0s region=(0, 0, 765, 1038) confidence=0.8
2026-05-09 22:18:53 | INFO | my_functions.py:231 | [DEBUG] wait_for_image_and_click -> weekly3.PNG timeout=0s delay_click=0.1s confidence=0.8
2026-05-09 22:18:53 | INFO | my_functions.py:172 | Searching weekly3.PNG (timeout=0s)
2026-05-09 22:18:53 | INFO | my_functions.py:209 | 
⛔ Not found: weekly3.PNG after 0.0s region=(0, 0, 765, 1038) confidence=0.8
2026-05-09 22:18:53 | INFO | my_functions.py:258 | [DEBUG] Click skipped, image not found: weekly3.PNG
2026-05-09 22:18:53 | INFO | my_functions.py:231 | [DEBUG] wait_for_image_and_click -> weekly3.PNG timeout=0s delay_click=0.1s confidence=0.8
2026-05-09 22:18:53 | INFO | my_functions.py:172 | Searching weekly3.PNG (timeout=0s)
2026-05-09 22:18:53 | INFO | my_functions.py:209 | 
⛔ Not found: weekly3.PNG after 0.0s region=(0, 0, 765, 1038) confidence=0.8
2026-05-09 22:18:53 | INFO | my_functions.py:258 | [DEBUG] Click skipped, image not found: weekly3.PNG
2026-05-09 22:18:53 | INFO | my_functions.py:231 | [DEBUG] wait_for_image_and_click -> weekly3.PNG timeout=0s delay_click=0.1s confidence=0.8
2026-05-09 22:18:53 | INFO | my_functions.py:172 | Searching weekly3.PNG (timeout=0s)
2026-05-09 22:18:54 | INFO | my_functions.py:209 | 
⛔ Not found: weekly3.PNG after 0.0s region=(0, 0, 765, 1038) confidence=0.8
2026-05-09 22:18:54 | INFO | my_functions.py:258 | [DEBUG] Click skipped, image not found: weekly3.PNG
2026-05-09 22:18:54 | INFO | my_functions.py:231 | [DEBUG] wait_for_image_and_click -> weekly3.PNG timeout=0s delay_click=0.1s confidence=0.8
2026-05-09 22:18:54 | INFO | my_functions.py:172 | Searching weekly3.PNG (timeout=0s)
2026-05-09 22:18:54 | INFO | my_functions.py:209 | 
⛔ Not found: weekly3.PNG after 0.01s region=(0, 0, 765, 1038) confidence=0.8
2026-05-09 22:18:54 | INFO | my_functions.py:258 | [DEBUG] Click skipped, image not found: weekly3.PNG
2026-05-09 22:18:54 | INFO | my_functions.py:231 | [DEBUG] wait_for_image_and_click -> weekly3.PNG timeout=0s delay_click=0.1s confidence=0.8
2026-05-09 22:18:54 | INFO | my_functions.py:172 | Searching weekly3.PNG (timeout=0s)
2026-05-09 22:18:54 | INFO | my_functions.py:209 | 
⛔ Not found: weekly3.PNG after 0.0s region=(0, 0, 765, 1038) confidence=0.8
2026-05-09 22:18:54 | INFO | my_functions.py:258 | [DEBUG] Click skipped, image not found: weekly3.PNG
2026-05-09 22:18:54 | INFO | my_functions.py:231 | [DEBUG] wait_for_image_and_click -> weekly3.PNG timeout=0s delay_click=0.1s confidence=0.8
2026-05-09 22:18:54 | INFO | my_functions.py:172 | Searching weekly3.PNG (timeout=0s)
2026-05-09 22:18:54 | INFO | my_functions.py:209 | 
⛔ Not found: weekly3.PNG after 0.01s region=(0, 0, 765, 1038) confidence=0.8
2026-05-09 22:18:54 | INFO | my_functions.py:258 | [DEBUG] Click skipped, image not found: weekly3.PNG
2026-05-09 22:18:54 | INFO | my_functions.py:231 | [DEBUG] wait_for_image_and_click -> weekly3.PNG timeout=0s delay_click=0.1s confidence=0.8
2026-05-09 22:18:54 | INFO | my_functions.py:172 | Searching weekly3.PNG (timeout=0s)
2026-05-09 22:18:54 | INFO | my_functions.py:209 | 
⛔ Not found: weekly3.PNG after 0.01s region=(0, 0, 765, 1038) confidence=0.8
2026-05-09 22:18:54 | INFO | my_functions.py:258 | [DEBUG] Click skipped, image not found: weekly3.PNG
2026-05-09 22:18:54 | INFO | my_functions.py:231 | [DEBUG] wait_for_image_and_click -> weekly3.PNG timeout=0s delay_click=0.1s confidence=0.8
2026-05-09 22:18:54 | INFO | my_functions.py:172 | Searching weekly3.PNG (timeout=0s)
2026-05-09 22:18:55 | INFO | my_functions.py:209 | 
⛔ Not found: weekly3.PNG after 0.01s region=(0, 0, 765, 1038) confidence=0.8
2026-05-09 22:18:55 | INFO | my_functions.py:258 | [DEBUG] Click skipped, image not found: weekly3.PNG
2026-05-09 22:18:55 | INFO | my_functions.py:231 | [DEBUG] wait_for_image_and_click -> weekly3.PNG timeout=0s delay_click=0.1s confidence=0.8
2026-05-09 22:18:55 | INFO | my_functions.py:172 | Searching weekly3.PNG (timeout=0s)
2026-05-09 22:18:55 | INFO | my_functions.py:209 | 
⛔ Not found: weekly3.PNG after 0.0s region=(0, 0, 765, 1038) confidence=0.8
2026-05-09 22:18:55 | INFO | my_functions.py:258 | [DEBUG] Click skipped, image not found: weekly3.PNG
2026-05-09 22:18:55 | INFO | my_functions.py:295 | JSON file located at C:\Users\Farm\AppData\LocalLow\Second Dinner\SNAP\Standalone\States\nvprod\MissionState.json
2026-05-09 22:18:58 | INFO | my_functions.py:434 | AVAILABLE: 6
2026-05-09 22:18:58 | INFO | my_functions.py:444 | [INFO] Waiting for Notepad++ process...
2026-05-09 22:18:58 | INFO | my_functions.py:458 | [INFO] Notepad++ detected PID=2872
2026-05-09 22:19:01 | INFO | my_functions.py:466 | [SUCCESS] Notepad++ closed successfully
2026-05-09 22:19:02 | INFO | my_functions.py:146 | Presionando ESC (1/1)
2026-05-09 22:19:03 | INFO | my_functions.py:231 | [DEBUG] wait_for_image_and_click -> white_x.png timeout=2s delay_click=1s confidence=0.8
2026-05-09 22:19:03 | INFO | my_functions.py:172 | Searching white_x.png (timeout=2s)
2026-05-09 22:19:05 | INFO | my_functions.py:209 | 
⛔ Not found: white_x.png after 2.06s region=(0, 0, 765, 1038) confidence=0.8
2026-05-09 22:19:05 | INFO | my_functions.py:258 | [DEBUG] Click skipped, image not found: white_x.png
2026-05-09 22:19:05 | INFO | my_functions.py:172 | Searching play.PNG (timeout=0s)
2026-05-09 22:19:05 | INFO | my_functions.py:198 | 
✅ Found: play.PNG pos=(384, 824) time=0.2s confidence=0.8
2026-05-09 22:19:05 | INFO | my_functions.py:1563 | [INFO] Click realizado donde se equipa el deck a jugar
2026-05-09 22:19:09 | INFO | my_functions.py:231 | [DEBUG] wait_for_image_and_click -> deck_666666.png timeout=3s delay_click=1s confidence=0.8
2026-05-09 22:19:09 | INFO | my_functions.py:172 | Searching deck_666666.png (timeout=3s)
2026-05-09 22:19:09 | INFO | my_functions.py:198 | 
✅ Found: deck_666666.png pos=(384, 546) time=0.19s confidence=0.8
2026-05-09 22:19:10 | INFO | my_functions.py:138 | Haciendo click en la posición (384, 546)
2026-05-09 22:19:11 | INFO | my_functions.py:251 | 🖱️ Click OK: deck_666666.png at (384, 546) delay=1s
2026-05-09 22:19:11 | INFO | my_functions.py:231 | [DEBUG] wait_for_image_and_click -> equip.png timeout=3s delay_click=1s confidence=0.95
2026-05-09 22:19:11 | INFO | my_functions.py:172 | Searching equip.png (timeout=3s)
2026-05-09 22:19:11 | INFO | my_functions.py:198 | 
✅ Found: equip.png pos=(548, 983) time=0.19s confidence=0.95
2026-05-09 22:19:12 | INFO | my_functions.py:138 | Haciendo click en la posición (548, 983)
2026-05-09 22:19:12 | INFO | my_functions.py:251 | 🖱️ Click OK: equip.png at (548, 983) delay=1s
2026-05-09 22:19:12 | INFO | each_eight_hours.py:217 | Deck selected: 6turns
2026-05-09 22:19:12 | INFO | my_functions.py:231 | [DEBUG] wait_for_image_and_click -> maybe_later.PNG timeout=2s delay_click=1s confidence=0.8
2026-05-09 22:19:12 | INFO | my_functions.py:172 | Searching maybe_later.PNG (timeout=2s)
2026-05-09 22:19:14 | INFO | my_functions.py:209 | 
⛔ Not found: maybe_later.PNG after 2.06s region=(0, 0, 765, 1038) confidence=0.8
2026-05-09 22:19:14 | INFO | my_functions.py:258 | [DEBUG] Click skipped, image not found: maybe_later.PNG
2026-05-09 22:19:14 | INFO | my_functions.py:231 | [DEBUG] wait_for_image_and_click -> maybe_later2.PNG timeout=2s delay_click=1s confidence=0.8
2026-05-09 22:19:14 | INFO | my_functions.py:172 | Searching maybe_later2.PNG (timeout=2s)
2026-05-09 22:19:17 | INFO | my_functions.py:209 | 
⛔ Not found: maybe_later2.PNG after 2.09s region=(0, 0, 765, 1038) confidence=0.8
2026-05-09 22:19:17 | INFO | my_functions.py:258 | [DEBUG] Click skipped, image not found: maybe_later2.PNG
2026-05-09 22:19:17 | INFO | each_eight_hours.py:287 | Starting game loop 1
2026-05-09 22:19:17 | INFO | my_functions.py:231 | [DEBUG] wait_for_image_and_click -> play.PNG timeout=20s delay_click=3s confidence=0.8
2026-05-09 22:19:17 | INFO | my_functions.py:172 | Searching play.PNG (timeout=20s)
2026-05-09 22:19:17 | INFO | my_functions.py:198 | 
✅ Found: play.PNG pos=(384, 824) time=0.2s confidence=0.8
2026-05-09 22:19:20 | INFO | my_functions.py:138 | Haciendo click en la posición (384, 824)
2026-05-09 22:19:20 | INFO | my_functions.py:251 | 🖱️ Click OK: play.PNG at (384, 824) delay=3s
2026-05-09 22:19:20 | INFO | each_eight_hours.py:293 | Play button clicked
2026-05-09 22:19:33 | INFO | my_functions.py:198 | 
✅ Found: end_turn.PNG pos=(681, 945) time=0.2s confidence=0.8
2026-05-09 22:19:33 | INFO | my_functions.py:231 | [DEBUG] wait_for_image_and_click -> snap.PNG timeout=0s delay_click=1s confidence=0.8
2026-05-09 22:19:34 | INFO | my_functions.py:198 | 
✅ Found: snap.PNG pos=(386, 122) time=0.21s confidence=0.8
2026-05-09 22:19:35 | INFO | my_functions.py:138 | Haciendo click en la posición (386, 122)
2026-05-09 22:19:35 | INFO | my_functions.py:251 | 🖱️ Click OK: snap.PNG at (386, 122) delay=1s
2026-05-09 22:19:40 | INFO | my_functions.py:138 | Haciendo click en la posición (681, 945)
2026-05-09 22:19:41 | INFO | each_eight_hours.py:314 | End turn executed
2026-05-09 22:20:05 | INFO | my_functions.py:198 | 
✅ Found: end_turn.PNG pos=(681, 945) time=0.19s confidence=0.8
2026-05-09 22:20:05 | INFO | my_functions.py:231 | [DEBUG] wait_for_image_and_click -> snap.PNG timeout=0s delay_click=1s confidence=0.8
2026-05-09 22:20:05 | INFO | my_functions.py:258 | [DEBUG] Click skipped, image not found: snap.PNG
2026-05-09 22:20:10 | INFO | my_functions.py:138 | Haciendo click en la posición (681, 945)
2026-05-09 22:20:11 | INFO | each_eight_hours.py:314 | End turn executed
2026-05-09 22:20:19 | INFO | my_functions.py:198 | 
✅ Found: end_turn.PNG pos=(681, 945) time=0.19s confidence=0.8
2026-05-09 22:20:19 | INFO | my_functions.py:231 | [DEBUG] wait_for_image_and_click -> snap.PNG timeout=0s delay_click=1s confidence=0.8
2026-05-09 22:20:19 | INFO | my_functions.py:258 | [DEBUG] Click skipped, image not found: snap.PNG
2026-05-09 22:20:24 | INFO | my_functions.py:138 | Haciendo click en la posición (681, 945)
2026-05-09 22:20:26 | INFO | each_eight_hours.py:314 | End turn executed
2026-05-09 22:20:35 | INFO | my_functions.py:198 | 
✅ Found: end_turn.PNG pos=(681, 945) time=0.21s confidence=0.8
2026-05-09 22:20:35 | INFO | my_functions.py:231 | [DEBUG] wait_for_image_and_click -> snap.PNG timeout=0s delay_click=1s confidence=0.8
2026-05-09 22:20:35 | INFO | my_functions.py:258 | [DEBUG] Click skipped, image not found: snap.PNG
2026-05-09 22:20:40 | INFO | my_functions.py:138 | Haciendo click en la posición (681, 945)
2026-05-09 22:20:41 | INFO | each_eight_hours.py:314 | End turn executed
2026-05-09 22:20:48 | INFO | my_functions.py:198 | 
✅ Found: end_turn.PNG pos=(681, 945) time=0.19s confidence=0.8
2026-05-09 22:20:48 | INFO | my_functions.py:231 | [DEBUG] wait_for_image_and_click -> snap.PNG timeout=0s delay_click=1s confidence=0.8
2026-05-09 22:20:49 | INFO | my_functions.py:258 | [DEBUG] Click skipped, image not found: snap.PNG
2026-05-09 22:20:54 | INFO | my_functions.py:138 | Haciendo click en la posición (681, 945)
2026-05-09 22:20:55 | INFO | each_eight_hours.py:314 | End turn executed
2026-05-09 22:21:04 | INFO | my_functions.py:198 | 
✅ Found: end_turn.PNG pos=(682, 945) time=0.19s confidence=0.8
2026-05-09 22:21:04 | INFO | my_functions.py:231 | [DEBUG] wait_for_image_and_click -> snap.PNG timeout=0s delay_click=1s confidence=0.8
2026-05-09 22:21:04 | INFO | my_functions.py:258 | [DEBUG] Click skipped, image not found: snap.PNG
2026-05-09 22:21:09 | INFO | my_functions.py:138 | Haciendo click en la posición (682, 945)
2026-05-09 22:21:10 | INFO | each_eight_hours.py:314 | End turn executed
2026-05-09 22:21:11 | INFO | my_functions.py:198 | 
✅ Found: flechas.png pos=(42, 912) time=0.17s confidence=0.8
2026-05-09 22:21:13 | INFO | my_functions.py:146 | Presionando ESC (1/1)
2026-05-09 22:21:14 | INFO | my_functions.py:231 | [DEBUG] wait_for_image_and_click -> end_turn.PNG timeout=0s delay_click=1s confidence=0.8
2026-05-09 22:21:14 | INFO | my_functions.py:198 | 
✅ Found: end_turn.PNG pos=(682, 945) time=0.2s confidence=0.8
2026-05-09 22:21:15 | INFO | my_functions.py:138 | Haciendo click en la posición (682, 945)
2026-05-09 22:21:15 | INFO | my_functions.py:251 | 🖱️ Click OK: end_turn.PNG at (682, 945) delay=1s
2026-05-09 22:21:15 | WARNING | each_eight_hours.py:351 | Arrow overlay handled
2026-05-09 22:21:34 | INFO | my_functions.py:198 | 
✅ Found: collect_rewards.PNG pos=(679, 957) time=0.25s confidence=0.8
2026-05-09 22:21:34 | INFO | each_eight_hours.py:353 | Rewards detected, exiting match
2026-05-09 22:21:34 | INFO | my_functions.py:231 | [DEBUG] wait_for_image_and_click -> collect_rewards.PNG timeout=20s delay_click=1s confidence=0.8
2026-05-09 22:21:34 | INFO | my_functions.py:172 | Searching collect_rewards.PNG (timeout=20s)
2026-05-09 22:21:34 | INFO | my_functions.py:198 | 
✅ Found: collect_rewards.PNG pos=(679, 957) time=0.32s confidence=0.8
2026-05-09 22:21:35 | INFO | my_functions.py:138 | Haciendo click en la posición (679, 957)
2026-05-09 22:21:35 | INFO | my_functions.py:251 | 🖱️ Click OK: collect_rewards.PNG at (679, 957) delay=1s
2026-05-09 22:21:35 | INFO | my_functions.py:231 | [DEBUG] wait_for_image_and_click -> next.PNG timeout=20s delay_click=1s confidence=0.8
2026-05-09 22:21:35 | INFO | my_functions.py:172 | Searching next.PNG (timeout=20s)
2026-05-09 22:21:40 | INFO | my_functions.py:198 | 
✅ Found: next.PNG pos=(678, 972) time=5.09s confidence=0.8
2026-05-09 22:21:41 | INFO | my_functions.py:138 | Haciendo click en la posición (678, 972)
2026-05-09 22:21:42 | INFO | my_functions.py:251 | 🖱️ Click OK: next.PNG at (678, 972) delay=1s
2026-05-09 22:21:46 | INFO | my_functions.py:434 | AVAILABLE: 6
2026-05-09 22:21:46 | INFO | my_functions.py:444 | [INFO] Waiting for Notepad++ process...
2026-05-09 22:21:46 | INFO | my_functions.py:458 | [INFO] Notepad++ detected PID=6952
2026-05-09 22:21:49 | INFO | my_functions.py:466 | [SUCCESS] Notepad++ closed successfully
2026-05-09 22:21:50 | INFO | each_eight_hours.py:421 | Submissions after match: 6
2026-05-09 22:21:50 | INFO | my_functions.py:378 | Misiones completadas: 0
2026-05-09 22:21:50 | INFO | each_eight_hours.py:287 | Starting game loop 2
2026-05-09 22:21:50 | INFO | my_functions.py:231 | [DEBUG] wait_for_image_and_click -> play.PNG timeout=20s delay_click=3s confidence=0.8
2026-05-09 22:21:50 | INFO | my_functions.py:172 | Searching play.PNG (timeout=20s)
2026-05-09 22:21:50 | INFO | my_functions.py:198 | 
✅ Found: play.PNG pos=(384, 824) time=0.22s confidence=0.8
2026-05-09 22:21:53 | INFO | my_functions.py:138 | Haciendo click en la posición (384, 824)
2026-05-09 22:21:53 | INFO | my_functions.py:251 | 🖱️ Click OK: play.PNG at (384, 824) delay=3s
2026-05-09 22:21:53 | INFO | each_eight_hours.py:293 | Play button clicked
2026-05-09 22:22:17 | INFO | my_functions.py:198 | 
✅ Found: end_turn.PNG pos=(682, 945) time=0.2s confidence=0.8
2026-05-09 22:22:17 | INFO | my_functions.py:231 | [DEBUG] wait_for_image_and_click -> snap.PNG timeout=0s delay_click=1s confidence=0.8
2026-05-09 22:22:17 | INFO | my_functions.py:198 | 
✅ Found: snap.PNG pos=(386, 122) time=0.2s confidence=0.8
2026-05-09 22:22:18 | INFO | my_functions.py:138 | Haciendo click en la posición (386, 122)
2026-05-09 22:22:19 | INFO | my_functions.py:251 | 🖱️ Click OK: snap.PNG at (386, 122) delay=1s
2026-05-09 22:22:23 | INFO | my_functions.py:138 | Haciendo click en la posición (682, 945)
2026-05-09 22:22:25 | INFO | each_eight_hours.py:314 | End turn executed
2026-05-09 22:22:27 | INFO | my_functions.py:198 | 
✅ Found: end_turn.PNG pos=(682, 946) time=0.17s confidence=0.8
2026-05-09 22:22:27 | INFO | my_functions.py:231 | [DEBUG] wait_for_image_and_click -> snap.PNG timeout=0s delay_click=1s confidence=0.8
2026-05-09 22:22:28 | INFO | my_functions.py:258 | [DEBUG] Click skipped, image not found: snap.PNG
2026-05-09 22:22:33 | INFO | my_functions.py:138 | Haciendo click en la posición (682, 946)
2026-05-09 22:22:34 | INFO | each_eight_hours.py:314 | End turn executed
2026-05-09 22:22:41 | INFO | my_functions.py:198 | 
✅ Found: end_turn.PNG pos=(681, 945) time=0.19s confidence=0.8
2026-05-09 22:22:41 | INFO | my_functions.py:231 | [DEBUG] wait_for_image_and_click -> snap.PNG timeout=0s delay_click=1s confidence=0.8
2026-05-09 22:22:41 | INFO | my_functions.py:258 | [DEBUG] Click skipped, image not found: snap.PNG
2026-05-09 22:22:46 | INFO | my_functions.py:138 | Haciendo click en la posición (681, 945)
2026-05-09 22:22:48 | INFO | each_eight_hours.py:314 | End turn executed
2026-05-09 22:22:53 | INFO | my_functions.py:198 | 
✅ Found: end_turn.PNG pos=(681, 945) time=0.19s confidence=0.8
2026-05-09 22:22:53 | INFO | my_functions.py:231 | [DEBUG] wait_for_image_and_click -> snap.PNG timeout=0s delay_click=1s confidence=0.8
2026-05-09 22:22:53 | INFO | my_functions.py:258 | [DEBUG] Click skipped, image not found: snap.PNG
2026-05-09 22:22:58 | INFO | my_functions.py:138 | Haciendo click en la posición (681, 945)
2026-05-09 22:23:00 | INFO | each_eight_hours.py:314 | End turn executed
2026-05-09 22:23:11 | INFO | my_functions.py:198 | 
✅ Found: end_turn.PNG pos=(681, 945) time=0.18s confidence=0.8
2026-05-09 22:23:11 | INFO | my_functions.py:231 | [DEBUG] wait_for_image_and_click -> snap.PNG timeout=0s delay_click=1s confidence=0.8
2026-05-09 22:23:11 | INFO | my_functions.py:258 | [DEBUG] Click skipped, image not found: snap.PNG
2026-05-09 22:23:16 | INFO | my_functions.py:138 | Haciendo click en la posición (681, 945)
2026-05-09 22:23:17 | INFO | each_eight_hours.py:314 | End turn executed
2026-05-09 22:23:35 | INFO | my_functions.py:198 | 
✅ Found: end_turn.PNG pos=(681, 945) time=0.19s confidence=0.8
2026-05-09 22:23:35 | INFO | my_functions.py:231 | [DEBUG] wait_for_image_and_click -> snap.PNG timeout=0s delay_click=1s confidence=0.8
2026-05-09 22:23:35 | INFO | my_functions.py:258 | [DEBUG] Click skipped, image not found: snap.PNG
2026-05-09 22:23:40 | INFO | my_functions.py:138 | Haciendo click en la posición (681, 945)
2026-05-09 22:23:41 | INFO | each_eight_hours.py:314 | End turn executed
2026-05-09 22:24:00 | INFO | my_functions.py:198 | 
✅ Found: end_turn.PNG pos=(681, 945) time=0.19s confidence=0.8
2026-05-09 22:24:00 | INFO | my_functions.py:231 | [DEBUG] wait_for_image_and_click -> snap.PNG timeout=0s delay_click=1s confidence=0.8
2026-05-09 22:24:00 | INFO | my_functions.py:258 | [DEBUG] Click skipped, image not found: snap.PNG
2026-05-09 22:24:05 | INFO | my_functions.py:138 | Haciendo click en la posición (681, 945)
2026-05-09 22:24:06 | INFO | each_eight_hours.py:314 | End turn executed
2026-05-09 22:24:36 | INFO | my_functions.py:198 | 
✅ Found: collect_rewards.PNG pos=(679, 957) time=0.22s confidence=0.8
2026-05-09 22:24:36 | INFO | each_eight_hours.py:353 | Rewards detected, exiting match
2026-05-09 22:24:36 | INFO | my_functions.py:231 | [DEBUG] wait_for_image_and_click -> collect_rewards.PNG timeout=20s delay_click=1s confidence=0.8
2026-05-09 22:24:36 | INFO | my_functions.py:172 | Searching collect_rewards.PNG (timeout=20s)
2026-05-09 22:24:36 | INFO | my_functions.py:198 | 
✅ Found: collect_rewards.PNG pos=(679, 957) time=0.22s confidence=0.8
2026-05-09 22:24:37 | INFO | my_functions.py:138 | Haciendo click en la posición (679, 957)
2026-05-09 22:24:37 | INFO | my_functions.py:251 | 🖱️ Click OK: collect_rewards.PNG at (679, 957) delay=1s
2026-05-09 22:24:37 | INFO | my_functions.py:231 | [DEBUG] wait_for_image_and_click -> next.PNG timeout=20s delay_click=1s confidence=0.8
2026-05-09 22:24:37 | INFO | my_functions.py:172 | Searching next.PNG (timeout=20s)
2026-05-09 22:24:40 | INFO | my_functions.py:198 | 
✅ Found: next.PNG pos=(678, 972) time=3.23s confidence=0.8
2026-05-09 22:24:41 | INFO | my_functions.py:138 | Haciendo click en la posición (678, 972)
2026-05-09 22:24:42 | INFO | my_functions.py:251 | 🖱️ Click OK: next.PNG at (678, 972) delay=1s
2026-05-09 22:24:46 | INFO | my_functions.py:434 | AVAILABLE: 6
2026-05-09 22:24:46 | INFO | my_functions.py:444 | [INFO] Waiting for Notepad++ process...
2026-05-09 22:24:46 | INFO | my_functions.py:458 | [INFO] Notepad++ detected PID=7820
2026-05-09 22:24:49 | INFO | my_functions.py:466 | [SUCCESS] Notepad++ closed successfully
2026-05-09 22:24:50 | INFO | each_eight_hours.py:421 | Submissions after match: 6
2026-05-09 22:24:50 | INFO | my_functions.py:378 | Misiones completadas: 0
2026-05-09 22:24:50 | INFO | each_eight_hours.py:287 | Starting game loop 3
2026-05-09 22:24:50 | INFO | my_functions.py:231 | [DEBUG] wait_for_image_and_click -> play.PNG timeout=20s delay_click=3s confidence=0.8
2026-05-09 22:24:50 | INFO | my_functions.py:172 | Searching play.PNG (timeout=20s)
2026-05-09 22:24:50 | INFO | my_functions.py:198 | 
✅ Found: play.PNG pos=(384, 824) time=0.25s confidence=0.8
2026-05-09 22:24:53 | INFO | my_functions.py:138 | Haciendo click en la posición (384, 824)
2026-05-09 22:24:53 | INFO | my_functions.py:251 | 🖱️ Click OK: play.PNG at (384, 824) delay=3s
2026-05-09 22:24:53 | INFO | each_eight_hours.py:293 | Play button clicked
2026-05-09 22:25:16 | INFO | my_functions.py:198 | 
✅ Found: end_turn.PNG pos=(681, 945) time=0.18s confidence=0.8
2026-05-09 22:25:16 | INFO | my_functions.py:231 | [DEBUG] wait_for_image_and_click -> snap.PNG timeout=0s delay_click=1s confidence=0.8
2026-05-09 22:25:16 | INFO | my_functions.py:198 | 
✅ Found: snap.PNG pos=(386, 122) time=0.19s confidence=0.8
2026-05-09 22:25:17 | INFO | my_functions.py:138 | Haciendo click en la posición (386, 122)
2026-05-09 22:25:17 | INFO | my_functions.py:251 | 🖱️ Click OK: snap.PNG at (386, 122) delay=1s
2026-05-09 22:25:22 | INFO | my_functions.py:138 | Haciendo click en la posición (681, 945)
2026-05-09 22:25:24 | INFO | each_eight_hours.py:314 | End turn executed
2026-05-09 22:25:46 | INFO | my_functions.py:198 | 
✅ Found: end_turn.PNG pos=(681, 945) time=0.17s confidence=0.8
2026-05-09 22:25:46 | INFO | my_functions.py:231 | [DEBUG] wait_for_image_and_click -> snap.PNG timeout=0s delay_click=1s confidence=0.8
2026-05-09 22:25:46 | INFO | my_functions.py:258 | [DEBUG] Click skipped, image not found: snap.PNG
2026-05-09 22:25:51 | INFO | my_functions.py:138 | Haciendo click en la posición (681, 945)
2026-05-09 22:25:52 | INFO | each_eight_hours.py:314 | End turn executed
2026-05-09 22:26:06 | INFO | my_functions.py:198 | 
✅ Found: end_turn.PNG pos=(681, 945) time=0.19s confidence=0.8
2026-05-09 22:26:06 | INFO | my_functions.py:231 | [DEBUG] wait_for_image_and_click -> snap.PNG timeout=0s delay_click=1s confidence=0.8
2026-05-09 22:26:06 | INFO | my_functions.py:258 | [DEBUG] Click skipped, image not found: snap.PNG
2026-05-09 22:26:11 | INFO | my_functions.py:138 | Haciendo click en la posición (681, 945)
2026-05-09 22:26:12 | INFO | each_eight_hours.py:314 | End turn executed
2026-05-09 22:26:20 | INFO | my_functions.py:198 | 
✅ Found: end_turn.PNG pos=(681, 945) time=0.2s confidence=0.8
2026-05-09 22:26:20 | INFO | my_functions.py:231 | [DEBUG] wait_for_image_and_click -> snap.PNG timeout=0s delay_click=1s confidence=0.8
2026-05-09 22:26:21 | INFO | my_functions.py:258 | [DEBUG] Click skipped, image not found: snap.PNG
2026-05-09 22:26:26 | INFO | my_functions.py:138 | Haciendo click en la posición (681, 945)
2026-05-09 22:26:27 | INFO | each_eight_hours.py:314 | End turn executed
2026-05-09 22:26:37 | INFO | my_functions.py:198 | 
✅ Found: end_turn.PNG pos=(681, 945) time=0.18s confidence=0.8
2026-05-09 22:26:37 | INFO | my_functions.py:231 | [DEBUG] wait_for_image_and_click -> snap.PNG timeout=0s delay_click=1s confidence=0.8
2026-05-09 22:26:37 | INFO | my_functions.py:258 | [DEBUG] Click skipped, image not found: snap.PNG
2026-05-09 22:26:42 | INFO | my_functions.py:138 | Haciendo click en la posición (681, 945)
2026-05-09 22:26:44 | INFO | each_eight_hours.py:314 | End turn executed
2026-05-09 22:27:01 | INFO | my_functions.py:198 | 
✅ Found: end_turn.PNG pos=(681, 945) time=0.18s confidence=0.8
2026-05-09 22:27:01 | INFO | my_functions.py:231 | [DEBUG] wait_for_image_and_click -> snap.PNG timeout=0s delay_click=1s confidence=0.8
2026-05-09 22:27:01 | INFO | my_functions.py:258 | [DEBUG] Click skipped, image not found: snap.PNG
2026-05-09 22:27:06 | INFO | my_functions.py:138 | Haciendo click en la posición (681, 945)
2026-05-09 22:27:07 | INFO | each_eight_hours.py:314 | End turn executed
2026-05-09 22:27:23 | INFO | my_functions.py:198 | 
✅ Found: collect_rewards.PNG pos=(679, 957) time=0.21s confidence=0.8
2026-05-09 22:27:23 | INFO | each_eight_hours.py:353 | Rewards detected, exiting match
2026-05-09 22:27:23 | INFO | my_functions.py:231 | [DEBUG] wait_for_image_and_click -> collect_rewards.PNG timeout=20s delay_click=1s confidence=0.8
2026-05-09 22:27:23 | INFO | my_functions.py:172 | Searching collect_rewards.PNG (timeout=20s)
2026-05-09 22:27:24 | INFO | my_functions.py:198 | 
✅ Found: collect_rewards.PNG pos=(679, 957) time=0.24s confidence=0.8
2026-05-09 22:27:25 | INFO | my_functions.py:138 | Haciendo click en la posición (679, 957)
2026-05-09 22:27:25 | INFO | my_functions.py:251 | 🖱️ Click OK: collect_rewards.PNG at (679, 957) delay=1s
2026-05-09 22:27:25 | INFO | my_functions.py:231 | [DEBUG] wait_for_image_and_click -> next.PNG timeout=20s delay_click=1s confidence=0.8
2026-05-09 22:27:25 | INFO | my_functions.py:172 | Searching next.PNG (timeout=20s)
2026-05-09 22:27:28 | INFO | my_functions.py:198 | 
✅ Found: next.PNG pos=(677, 973) time=3.09s confidence=0.8
2026-05-09 22:27:29 | INFO | my_functions.py:138 | Haciendo click en la posición (677, 973)
2026-05-09 22:27:29 | INFO | my_functions.py:251 | 🖱️ Click OK: next.PNG at (677, 973) delay=1s
2026-05-09 22:27:33 | INFO | my_functions.py:434 | AVAILABLE: 6
2026-05-09 22:27:33 | INFO | my_functions.py:444 | [INFO] Waiting for Notepad++ process...
2026-05-09 22:27:33 | INFO | my_functions.py:458 | [INFO] Notepad++ detected PID=3880
2026-05-09 22:27:36 | INFO | my_functions.py:466 | [SUCCESS] Notepad++ closed successfully
2026-05-09 22:27:37 | INFO | each_eight_hours.py:421 | Submissions after match: 6
2026-05-09 22:27:37 | INFO | my_functions.py:378 | Misiones completadas: 0
2026-05-09 22:27:37 | INFO | each_eight_hours.py:287 | Starting game loop 4
2026-05-09 22:27:37 | INFO | my_functions.py:231 | [DEBUG] wait_for_image_and_click -> play.PNG timeout=20s delay_click=3s confidence=0.8
2026-05-09 22:27:37 | INFO | my_functions.py:172 | Searching play.PNG (timeout=20s)
2026-05-09 22:27:38 | INFO | my_functions.py:198 | 
✅ Found: play.PNG pos=(384, 824) time=0.2s confidence=0.8
2026-05-09 22:27:41 | INFO | my_functions.py:138 | Haciendo click en la posición (384, 824)
2026-05-09 22:27:41 | INFO | my_functions.py:251 | 🖱️ Click OK: play.PNG at (384, 824) delay=3s
2026-05-09 22:27:41 | INFO | each_eight_hours.py:293 | Play button clicked
2026-05-09 22:27:55 | INFO | my_functions.py:198 | 
✅ Found: end_turn.PNG pos=(681, 945) time=0.19s confidence=0.8
2026-05-09 22:27:55 | INFO | my_functions.py:231 | [DEBUG] wait_for_image_and_click -> snap.PNG timeout=0s delay_click=1s confidence=0.8
2026-05-09 22:27:55 | INFO | my_functions.py:198 | 
✅ Found: snap.PNG pos=(386, 123) time=0.2s confidence=0.8
2026-05-09 22:27:56 | INFO | my_functions.py:138 | Haciendo click en la posición (386, 123)
2026-05-09 22:27:56 | INFO | my_functions.py:251 | 🖱️ Click OK: snap.PNG at (386, 123) delay=1s
2026-05-09 22:28:01 | INFO | my_functions.py:138 | Haciendo click en la posición (681, 945)
2026-05-09 22:28:02 | INFO | each_eight_hours.py:314 | End turn executed
2026-05-09 22:28:21 | INFO | my_functions.py:198 | 
✅ Found: end_turn.PNG pos=(681, 945) time=0.18s confidence=0.8
2026-05-09 22:28:21 | INFO | my_functions.py:231 | [DEBUG] wait_for_image_and_click -> snap.PNG timeout=0s delay_click=1s confidence=0.8
2026-05-09 22:28:21 | INFO | my_functions.py:258 | [DEBUG] Click skipped, image not found: snap.PNG
2026-05-09 22:28:26 | INFO | my_functions.py:138 | Haciendo click en la posición (681, 945)
2026-05-09 22:28:28 | INFO | each_eight_hours.py:314 | End turn executed
2026-05-09 22:28:50 | INFO | my_functions.py:198 | 
✅ Found: end_turn.PNG pos=(681, 945) time=0.18s confidence=0.8
2026-05-09 22:28:50 | INFO | my_functions.py:231 | [DEBUG] wait_for_image_and_click -> snap.PNG timeout=0s delay_click=1s confidence=0.8
2026-05-09 22:28:50 | INFO | my_functions.py:258 | [DEBUG] Click skipped, image not found: snap.PNG
2026-05-09 22:28:55 | INFO | my_functions.py:138 | Haciendo click en la posición (681, 945)
2026-05-09 22:28:57 | INFO | each_eight_hours.py:314 | End turn executed
2026-05-09 22:29:16 | INFO | my_functions.py:198 | 
✅ Found: end_turn.PNG pos=(681, 945) time=0.19s confidence=0.8
2026-05-09 22:29:16 | INFO | my_functions.py:231 | [DEBUG] wait_for_image_and_click -> snap.PNG timeout=0s delay_click=1s confidence=0.8
2026-05-09 22:29:16 | INFO | my_functions.py:258 | [DEBUG] Click skipped, image not found: snap.PNG
2026-05-09 22:29:21 | INFO | my_functions.py:138 | Haciendo click en la posición (681, 945)
2026-05-09 22:29:22 | INFO | each_eight_hours.py:314 | End turn executed
2026-05-09 22:29:41 | INFO | my_functions.py:198 | 
✅ Found: end_turn.PNG pos=(681, 945) time=0.18s confidence=0.8
2026-05-09 22:29:41 | INFO | my_functions.py:231 | [DEBUG] wait_for_image_and_click -> snap.PNG timeout=0s delay_click=1s confidence=0.8
2026-05-09 22:29:41 | INFO | my_functions.py:258 | [DEBUG] Click skipped, image not found: snap.PNG
2026-05-09 22:29:46 | INFO | my_functions.py:138 | Haciendo click en la posición (681, 945)
2026-05-09 22:29:48 | INFO | each_eight_hours.py:314 | End turn executed
2026-05-09 22:30:15 | INFO | my_functions.py:198 | 
✅ Found: end_turn.PNG pos=(681, 945) time=0.19s confidence=0.8
2026-05-09 22:30:15 | INFO | my_functions.py:231 | [DEBUG] wait_for_image_and_click -> snap.PNG timeout=0s delay_click=1s confidence=0.8
2026-05-09 22:30:15 | INFO | my_functions.py:258 | [DEBUG] Click skipped, image not found: snap.PNG
2026-05-09 22:30:20 | INFO | my_functions.py:138 | Haciendo click en la posición (681, 945)
2026-05-09 22:30:21 | INFO | each_eight_hours.py:314 | End turn executed
2026-05-09 22:30:52 | INFO | my_functions.py:198 | 
✅ Found: collect_rewards.PNG pos=(679, 957) time=0.19s confidence=0.8
2026-05-09 22:30:52 | INFO | each_eight_hours.py:353 | Rewards detected, exiting match
2026-05-09 22:30:52 | INFO | my_functions.py:231 | [DEBUG] wait_for_image_and_click -> collect_rewards.PNG timeout=20s delay_click=1s confidence=0.8
2026-05-09 22:30:52 | INFO | my_functions.py:172 | Searching collect_rewards.PNG (timeout=20s)
2026-05-09 22:30:52 | INFO | my_functions.py:198 | 
✅ Found: collect_rewards.PNG pos=(679, 957) time=0.22s confidence=0.8
2026-05-09 22:30:53 | INFO | my_functions.py:138 | Haciendo click en la posición (679, 957)
2026-05-09 22:30:53 | INFO | my_functions.py:251 | 🖱️ Click OK: collect_rewards.PNG at (679, 957) delay=1s
2026-05-09 22:30:53 | INFO | my_functions.py:231 | [DEBUG] wait_for_image_and_click -> next.PNG timeout=20s delay_click=1s confidence=0.8
2026-05-09 22:30:53 | INFO | my_functions.py:172 | Searching next.PNG (timeout=20s)
2026-05-09 22:30:58 | INFO | my_functions.py:198 | 
✅ Found: next.PNG pos=(677, 973) time=5.16s confidence=0.8
2026-05-09 22:30:59 | INFO | my_functions.py:138 | Haciendo click en la posición (677, 973)
2026-05-09 22:30:59 | INFO | my_functions.py:251 | 🖱️ Click OK: next.PNG at (677, 973) delay=1s
2026-05-09 22:31:03 | INFO | my_functions.py:434 | AVAILABLE: 6
2026-05-09 22:31:03 | INFO | my_functions.py:444 | [INFO] Waiting for Notepad++ process...
2026-05-09 22:31:04 | INFO | my_functions.py:458 | [INFO] Notepad++ detected PID=3024
2026-05-09 22:31:07 | INFO | my_functions.py:466 | [SUCCESS] Notepad++ closed successfully
2026-05-09 22:31:08 | INFO | each_eight_hours.py:421 | Submissions after match: 6
2026-05-09 22:31:08 | INFO | my_functions.py:378 | Misiones completadas: 0
2026-05-09 22:31:08 | INFO | each_eight_hours.py:287 | Starting game loop 5
2026-05-09 22:31:08 | INFO | my_functions.py:231 | [DEBUG] wait_for_image_and_click -> play.PNG timeout=20s delay_click=3s confidence=0.8
2026-05-09 22:31:08 | INFO | my_functions.py:172 | Searching play.PNG (timeout=20s)
2026-05-09 22:31:08 | INFO | my_functions.py:198 | 
✅ Found: play.PNG pos=(384, 824) time=0.19s confidence=0.8
2026-05-09 22:31:11 | INFO | my_functions.py:138 | Haciendo click en la posición (384, 824)
2026-05-09 22:31:11 | INFO | my_functions.py:251 | 🖱️ Click OK: play.PNG at (384, 824) delay=3s
2026-05-09 22:31:11 | INFO | each_eight_hours.py:293 | Play button clicked
2026-05-09 22:31:21 | INFO | my_functions.py:198 | 
✅ Found: end_turn.PNG pos=(681, 945) time=0.17s confidence=0.8
2026-05-09 22:31:21 | INFO | my_functions.py:231 | [DEBUG] wait_for_image_and_click -> snap.PNG timeout=0s delay_click=1s confidence=0.8
2026-05-09 22:31:22 | INFO | my_functions.py:198 | 
✅ Found: snap.PNG pos=(386, 122) time=0.19s confidence=0.8
2026-05-09 22:31:23 | INFO | my_functions.py:138 | Haciendo click en la posición (386, 122)
2026-05-09 22:31:23 | INFO | my_functions.py:251 | 🖱️ Click OK: snap.PNG at (386, 122) delay=1s
2026-05-09 22:31:28 | INFO | my_functions.py:138 | Haciendo click en la posición (681, 945)
2026-05-09 22:31:29 | INFO | each_eight_hours.py:314 | End turn executed
2026-05-09 22:31:36 | INFO | my_functions.py:198 | 
✅ Found: end_turn.PNG pos=(681, 945) time=0.18s confidence=0.8
2026-05-09 22:31:36 | INFO | my_functions.py:231 | [DEBUG] wait_for_image_and_click -> snap.PNG timeout=0s delay_click=1s confidence=0.8
2026-05-09 22:31:36 | INFO | my_functions.py:258 | [DEBUG] Click skipped, image not found: snap.PNG
2026-05-09 22:31:41 | INFO | my_functions.py:138 | Haciendo click en la posición (681, 945)
2026-05-09 22:31:43 | INFO | each_eight_hours.py:314 | End turn executed
2026-05-09 22:32:05 | INFO | my_functions.py:198 | 
✅ Found: end_turn.PNG pos=(681, 945) time=0.18s confidence=0.8
2026-05-09 22:32:05 | INFO | my_functions.py:231 | [DEBUG] wait_for_image_and_click -> snap.PNG timeout=0s delay_click=1s confidence=0.8
2026-05-09 22:32:05 | INFO | my_functions.py:258 | [DEBUG] Click skipped, image not found: snap.PNG
2026-05-09 22:32:10 | INFO | my_functions.py:138 | Haciendo click en la posición (681, 945)
2026-05-09 22:32:11 | INFO | each_eight_hours.py:314 | End turn executed
2026-05-09 22:32:22 | INFO | my_functions.py:198 | 
✅ Found: end_turn.PNG pos=(681, 945) time=0.18s confidence=0.8
2026-05-09 22:32:22 | INFO | my_functions.py:231 | [DEBUG] wait_for_image_and_click -> snap.PNG timeout=0s delay_click=1s confidence=0.8
2026-05-09 22:32:22 | INFO | my_functions.py:258 | [DEBUG] Click skipped, image not found: snap.PNG
2026-05-09 22:32:27 | INFO | my_functions.py:138 | Haciendo click en la posición (681, 945)
2026-05-09 22:32:28 | INFO | each_eight_hours.py:314 | End turn executed
2026-05-09 22:32:55 | INFO | my_functions.py:198 | 
✅ Found: end_turn.PNG pos=(681, 945) time=0.21s confidence=0.8
2026-05-09 22:32:55 | INFO | my_functions.py:231 | [DEBUG] wait_for_image_and_click -> snap.PNG timeout=0s delay_click=1s confidence=0.8
2026-05-09 22:32:55 | INFO | my_functions.py:258 | [DEBUG] Click skipped, image not found: snap.PNG
2026-05-09 22:33:00 | INFO | my_functions.py:138 | Haciendo click en la posición (681, 945)
2026-05-09 22:33:01 | INFO | each_eight_hours.py:314 | End turn executed
2026-05-09 22:33:32 | INFO | my_functions.py:198 | 
✅ Found: end_turn.PNG pos=(681, 945) time=0.18s confidence=0.8
2026-05-09 22:33:32 | INFO | my_functions.py:231 | [DEBUG] wait_for_image_and_click -> snap.PNG timeout=0s delay_click=1s confidence=0.8
2026-05-09 22:33:32 | INFO | my_functions.py:258 | [DEBUG] Click skipped, image not found: snap.PNG
2026-05-09 22:33:37 | INFO | my_functions.py:138 | Haciendo click en la posición (681, 945)
2026-05-09 22:33:38 | INFO | each_eight_hours.py:314 | End turn executed
2026-05-09 22:33:38 | INFO | my_functions.py:198 | 
✅ Found: flechas.png pos=(42, 912) time=0.17s confidence=0.8
2026-05-09 22:33:40 | INFO | my_functions.py:146 | Presionando ESC (1/1)
2026-05-09 22:33:41 | INFO | my_functions.py:231 | [DEBUG] wait_for_image_and_click -> end_turn.PNG timeout=0s delay_click=1s confidence=0.8
2026-05-09 22:33:41 | INFO | my_functions.py:198 | 
✅ Found: end_turn.PNG pos=(682, 945) time=0.2s confidence=0.8
2026-05-09 22:33:42 | INFO | my_functions.py:138 | Haciendo click en la posición (682, 945)
2026-05-09 22:33:42 | INFO | my_functions.py:251 | 🖱️ Click OK: end_turn.PNG at (682, 945) delay=1s
2026-05-09 22:33:42 | WARNING | each_eight_hours.py:351 | Arrow overlay handled
2026-05-09 22:34:03 | INFO | my_functions.py:198 | 
✅ Found: collect_rewards.PNG pos=(679, 957) time=0.21s confidence=0.8
2026-05-09 22:34:03 | INFO | each_eight_hours.py:353 | Rewards detected, exiting match
2026-05-09 22:34:03 | INFO | my_functions.py:231 | [DEBUG] wait_for_image_and_click -> collect_rewards.PNG timeout=20s delay_click=1s confidence=0.8
2026-05-09 22:34:03 | INFO | my_functions.py:172 | Searching collect_rewards.PNG (timeout=20s)
2026-05-09 22:34:03 | INFO | my_functions.py:198 | 
✅ Found: collect_rewards.PNG pos=(679, 957) time=0.23s confidence=0.8
2026-05-09 22:34:04 | INFO | my_functions.py:138 | Haciendo click en la posición (679, 957)
2026-05-09 22:34:04 | INFO | my_functions.py:251 | 🖱️ Click OK: collect_rewards.PNG at (679, 957) delay=1s
2026-05-09 22:34:04 | INFO | my_functions.py:231 | [DEBUG] wait_for_image_and_click -> next.PNG timeout=20s delay_click=1s confidence=0.8
2026-05-09 22:34:04 | INFO | my_functions.py:172 | Searching next.PNG (timeout=20s)
2026-05-09 22:34:09 | INFO | my_functions.py:198 | 
✅ Found: next.PNG pos=(678, 972) time=4.26s confidence=0.8
2026-05-09 22:34:10 | INFO | my_functions.py:138 | Haciendo click en la posición (678, 972)
2026-05-09 22:34:10 | INFO | my_functions.py:251 | 🖱️ Click OK: next.PNG at (678, 972) delay=1s
2026-05-09 22:34:14 | INFO | my_functions.py:434 | AVAILABLE: 6
2026-05-09 22:34:14 | INFO | my_functions.py:444 | [INFO] Waiting for Notepad++ process...
2026-05-09 22:34:14 | INFO | my_functions.py:458 | [INFO] Notepad++ detected PID=10068
2026-05-09 22:34:17 | INFO | my_functions.py:466 | [SUCCESS] Notepad++ closed successfully
2026-05-09 22:34:18 | INFO | each_eight_hours.py:421 | Submissions after match: 6
2026-05-09 22:34:18 | INFO | my_functions.py:378 | Misiones completadas: 3
2026-05-09 22:34:18 | INFO | each_eight_hours.py:425 | Submission condition met, breaking loop
2026-05-09 22:34:18 | INFO | my_functions.py:231 | [DEBUG] wait_for_image_and_click -> missionsNotify2.png timeout=20s delay_click=3s confidence=0.8
2026-05-09 22:34:18 | INFO | my_functions.py:172 | Searching missionsNotify2.png (timeout=20s)
2026-05-09 22:34:18 | INFO | my_functions.py:198 | 
✅ Found: missionsNotify2.png pos=(538, 124) time=0.2s confidence=0.8
2026-05-09 22:34:21 | INFO | my_functions.py:138 | Haciendo click en la posición (538, 124)
2026-05-09 22:34:21 | INFO | my_functions.py:251 | 🖱️ Click OK: missionsNotify2.png at (538, 124) delay=3s
2026-05-09 22:34:21 | INFO | my_functions.py:1593 | [INFO] Iniciando click_missions_blue2
2026-05-09 22:34:21 | INFO | my_functions.py:138 | Haciendo click en la posición (150, 132)
2026-05-09 22:34:23 | INFO | my_functions.py:1596 | [ACTION] Click hecho en icono de calendario que me dirige a las misiones ordinarias
2026-05-09 22:34:23 | INFO | my_functions.py:172 | Searching bonus_challenge.png (timeout=0s)
2026-05-09 22:34:23 | INFO | my_functions.py:209 | 
⛔ Not found: bonus_challenge.png after 0.0s region=(0, 0, 765, 1038) confidence=0.8
2026-05-09 22:34:25 | INFO | my_functions.py:138 | Haciendo click en la posición (362, 493)
2026-05-09 22:34:26 | INFO | my_functions.py:1609 | [ACTION] Click 1/3 en misión azul
2026-05-09 22:34:27 | INFO | my_functions.py:138 | Haciendo click en la posición (362, 493)
2026-05-09 22:34:28 | INFO | my_functions.py:1609 | [ACTION] Click 2/3 en misión azul
2026-05-09 22:34:28 | INFO | my_functions.py:138 | Haciendo click en la posición (362, 493)
2026-05-09 22:34:29 | INFO | my_functions.py:1609 | [ACTION] Click 3/3 en misión azul
2026-05-09 22:34:30 | INFO | my_functions.py:172 | Searching flechita_mission.PNG (timeout=0s)
2026-05-09 22:34:30 | INFO | my_functions.py:209 | 
⛔ Not found: flechita_mission.PNG after 0.18s region=(0, 0, 765, 1038) confidence=0.8
2026-05-09 22:34:30 | INFO | my_functions.py:231 | [DEBUG] wait_for_image_and_click -> weekly3.PNG timeout=0s delay_click=0.1s confidence=0.8
2026-05-09 22:34:30 | INFO | my_functions.py:172 | Searching weekly3.PNG (timeout=0s)
2026-05-09 22:34:31 | INFO | my_functions.py:198 | 
✅ Found: weekly3.PNG pos=(485, 266) time=0.17s confidence=0.8
2026-05-09 22:34:31 | INFO | my_functions.py:138 | Haciendo click en la posición (485, 266)
2026-05-09 22:34:31 | INFO | my_functions.py:251 | 🖱️ Click OK: weekly3.PNG at (485, 266) delay=0.1s
2026-05-09 22:34:31 | INFO | my_functions.py:231 | [DEBUG] wait_for_image_and_click -> claim!.PNG timeout=0s delay_click=0.2s confidence=0.8
2026-05-09 22:34:31 | INFO | my_functions.py:172 | Searching claim!.PNG (timeout=0s)
2026-05-09 22:34:31 | INFO | my_functions.py:198 | 
✅ Found: claim!.PNG pos=(381, 924) time=0.27s confidence=0.8
2026-05-09 22:34:31 | INFO | my_functions.py:138 | Haciendo click en la posición (381, 924)
2026-05-09 22:34:32 | INFO | my_functions.py:251 | 🖱️ Click OK: claim!.PNG at (381, 924) delay=0.2s
2026-05-09 22:34:32 | INFO | my_functions.py:231 | [DEBUG] wait_for_image_and_click -> claim_hover.PNG timeout=0s delay_click=0.2s confidence=0.8
2026-05-09 22:34:32 | INFO | my_functions.py:172 | Searching claim_hover.PNG (timeout=0s)
2026-05-09 22:34:32 | INFO | my_functions.py:198 | 
✅ Found: claim_hover.PNG pos=(383, 921) time=0.21s confidence=0.8
2026-05-09 22:34:32 | INFO | my_functions.py:138 | Haciendo click en la posición (383, 921)
2026-05-09 22:34:32 | INFO | my_functions.py:251 | 🖱️ Click OK: claim_hover.PNG at (383, 921) delay=0.2s
2026-05-09 22:34:32 | INFO | my_functions.py:231 | [DEBUG] wait_for_image_and_click -> claim!.PNG timeout=0s delay_click=0.2s confidence=0.8
2026-05-09 22:34:32 | INFO | my_functions.py:172 | Searching claim!.PNG (timeout=0s)
2026-05-09 22:34:32 | INFO | my_functions.py:209 | 
⛔ Not found: claim!.PNG after 0.0s region=(0, 0, 765, 1038) confidence=0.8
2026-05-09 22:34:32 | INFO | my_functions.py:258 | [DEBUG] Click skipped, image not found: claim!.PNG
2026-05-09 22:34:32 | INFO | my_functions.py:231 | [DEBUG] wait_for_image_and_click -> claim_hover.PNG timeout=0s delay_click=0.2s confidence=0.8
2026-05-09 22:34:32 | INFO | my_functions.py:172 | Searching claim_hover.PNG (timeout=0s)
2026-05-09 22:34:33 | INFO | my_functions.py:198 | 
✅ Found: claim_hover.PNG pos=(383, 921) time=0.23s confidence=0.8
2026-05-09 22:34:33 | INFO | my_functions.py:138 | Haciendo click en la posición (383, 921)
2026-05-09 22:34:33 | INFO | my_functions.py:251 | 🖱️ Click OK: claim_hover.PNG at (383, 921) delay=0.2s
2026-05-09 22:34:33 | INFO | my_functions.py:231 | [DEBUG] wait_for_image_and_click -> claim!.PNG timeout=0s delay_click=0.2s confidence=0.8
2026-05-09 22:34:33 | INFO | my_functions.py:172 | Searching claim!.PNG (timeout=0s)
2026-05-09 22:34:33 | INFO | my_functions.py:209 | 
⛔ Not found: claim!.PNG after 0.0s region=(0, 0, 765, 1038) confidence=0.8
2026-05-09 22:34:33 | INFO | my_functions.py:258 | [DEBUG] Click skipped, image not found: claim!.PNG
2026-05-09 22:34:33 | INFO | my_functions.py:231 | [DEBUG] wait_for_image_and_click -> claim_hover.PNG timeout=0s delay_click=0.2s confidence=0.8
2026-05-09 22:34:33 | INFO | my_functions.py:172 | Searching claim_hover.PNG (timeout=0s)
2026-05-09 22:34:33 | INFO | my_functions.py:209 | 
⛔ Not found: claim_hover.PNG after 0.0s region=(0, 0, 765, 1038) confidence=0.8
2026-05-09 22:34:33 | INFO | my_functions.py:258 | [DEBUG] Click skipped, image not found: claim_hover.PNG
2026-05-09 22:34:33 | INFO | my_functions.py:231 | [DEBUG] wait_for_image_and_click -> claim!.PNG timeout=0s delay_click=0.2s confidence=0.8
2026-05-09 22:34:33 | INFO | my_functions.py:172 | Searching claim!.PNG (timeout=0s)
2026-05-09 22:34:34 | INFO | my_functions.py:209 | 
⛔ Not found: claim!.PNG after 0.01s region=(0, 0, 765, 1038) confidence=0.8
2026-05-09 22:34:34 | INFO | my_functions.py:258 | [DEBUG] Click skipped, image not found: claim!.PNG
2026-05-09 22:34:34 | INFO | my_functions.py:231 | [DEBUG] wait_for_image_and_click -> claim_hover.PNG timeout=0s delay_click=0.2s confidence=0.8
2026-05-09 22:34:34 | INFO | my_functions.py:172 | Searching claim_hover.PNG (timeout=0s)
2026-05-09 22:34:34 | INFO | my_functions.py:209 | 
⛔ Not found: claim_hover.PNG after 0.01s region=(0, 0, 765, 1038) confidence=0.8
2026-05-09 22:34:34 | INFO | my_functions.py:258 | [DEBUG] Click skipped, image not found: claim_hover.PNG
2026-05-09 22:34:34 | INFO | my_functions.py:231 | [DEBUG] wait_for_image_and_click -> claim!.PNG timeout=0s delay_click=0.2s confidence=0.8
2026-05-09 22:34:34 | INFO | my_functions.py:172 | Searching claim!.PNG (timeout=0s)
2026-05-09 22:34:34 | INFO | my_functions.py:209 | 
⛔ Not found: claim!.PNG after 0.0s region=(0, 0, 765, 1038) confidence=0.8
2026-05-09 22:34:34 | INFO | my_functions.py:258 | [DEBUG] Click skipped, image not found: claim!.PNG
2026-05-09 22:34:34 | INFO | my_functions.py:231 | [DEBUG] wait_for_image_and_click -> claim_hover.PNG timeout=0s delay_click=0.2s confidence=0.8
2026-05-09 22:34:34 | INFO | my_functions.py:172 | Searching claim_hover.PNG (timeout=0s)
2026-05-09 22:34:34 | INFO | my_functions.py:209 | 
⛔ Not found: claim_hover.PNG after 0.01s region=(0, 0, 765, 1038) confidence=0.8
2026-05-09 22:34:34 | INFO | my_functions.py:258 | [DEBUG] Click skipped, image not found: claim_hover.PNG
2026-05-09 22:34:34 | INFO | my_functions.py:231 | [DEBUG] wait_for_image_and_click -> claim!.PNG timeout=0s delay_click=0.2s confidence=0.8
2026-05-09 22:34:34 | INFO | my_functions.py:172 | Searching claim!.PNG (timeout=0s)
2026-05-09 22:34:35 | INFO | my_functions.py:209 | 
⛔ Not found: claim!.PNG after 0.01s region=(0, 0, 765, 1038) confidence=0.8
2026-05-09 22:34:35 | INFO | my_functions.py:258 | [DEBUG] Click skipped, image not found: claim!.PNG
2026-05-09 22:34:35 | INFO | my_functions.py:231 | [DEBUG] wait_for_image_and_click -> claim_hover.PNG timeout=0s delay_click=0.2s confidence=0.8
2026-05-09 22:34:35 | INFO | my_functions.py:172 | Searching claim_hover.PNG (timeout=0s)
2026-05-09 22:34:35 | INFO | my_functions.py:209 | 
⛔ Not found: claim_hover.PNG after 0.01s region=(0, 0, 765, 1038) confidence=0.8
2026-05-09 22:34:35 | INFO | my_functions.py:258 | [DEBUG] Click skipped, image not found: claim_hover.PNG
2026-05-09 22:34:35 | INFO | my_functions.py:231 | [DEBUG] wait_for_image_and_click -> claim!.PNG timeout=0s delay_click=0.2s confidence=0.8
2026-05-09 22:34:35 | INFO | my_functions.py:172 | Searching claim!.PNG (timeout=0s)
2026-05-09 22:34:35 | INFO | my_functions.py:209 | 
⛔ Not found: claim!.PNG after 0.01s region=(0, 0, 765, 1038) confidence=0.8
2026-05-09 22:34:35 | INFO | my_functions.py:258 | [DEBUG] Click skipped, image not found: claim!.PNG
2026-05-09 22:34:35 | INFO | my_functions.py:231 | [DEBUG] wait_for_image_and_click -> claim_hover.PNG timeout=0s delay_click=0.2s confidence=0.8
2026-05-09 22:34:35 | INFO | my_functions.py:172 | Searching claim_hover.PNG (timeout=0s)
2026-05-09 22:34:35 | INFO | my_functions.py:209 | 
⛔ Not found: claim_hover.PNG after 0.01s region=(0, 0, 765, 1038) confidence=0.8
2026-05-09 22:34:35 | INFO | my_functions.py:258 | [DEBUG] Click skipped, image not found: claim_hover.PNG
2026-05-09 22:34:35 | INFO | my_functions.py:231 | [DEBUG] wait_for_image_and_click -> claim!.PNG timeout=0s delay_click=0.2s confidence=0.8
2026-05-09 22:34:35 | INFO | my_functions.py:172 | Searching claim!.PNG (timeout=0s)
2026-05-09 22:34:35 | INFO | my_functions.py:209 | 
⛔ Not found: claim!.PNG after 0.01s region=(0, 0, 765, 1038) confidence=0.8
2026-05-09 22:34:35 | INFO | my_functions.py:258 | [DEBUG] Click skipped, image not found: claim!.PNG
2026-05-09 22:34:35 | INFO | my_functions.py:231 | [DEBUG] wait_for_image_and_click -> claim_hover.PNG timeout=0s delay_click=0.2s confidence=0.8
2026-05-09 22:34:35 | INFO | my_functions.py:172 | Searching claim_hover.PNG (timeout=0s)
2026-05-09 22:34:36 | INFO | my_functions.py:209 | 
⛔ Not found: claim_hover.PNG after 0.01s region=(0, 0, 765, 1038) confidence=0.8
2026-05-09 22:34:36 | INFO | my_functions.py:258 | [DEBUG] Click skipped, image not found: claim_hover.PNG
2026-05-09 22:34:36 | INFO | my_functions.py:231 | [DEBUG] wait_for_image_and_click -> claim!.PNG timeout=0s delay_click=0.2s confidence=0.8
2026-05-09 22:34:36 | INFO | my_functions.py:172 | Searching claim!.PNG (timeout=0s)
2026-05-09 22:34:36 | INFO | my_functions.py:209 | 
⛔ Not found: claim!.PNG after 0.01s region=(0, 0, 765, 1038) confidence=0.8
2026-05-09 22:34:36 | INFO | my_functions.py:258 | [DEBUG] Click skipped, image not found: claim!.PNG
2026-05-09 22:34:36 | INFO | my_functions.py:231 | [DEBUG] wait_for_image_and_click -> claim_hover.PNG timeout=0s delay_click=0.2s confidence=0.8
2026-05-09 22:34:36 | INFO | my_functions.py:172 | Searching claim_hover.PNG (timeout=0s)
2026-05-09 22:34:36 | INFO | my_functions.py:209 | 
⛔ Not found: claim_hover.PNG after 0.01s region=(0, 0, 765, 1038) confidence=0.8
2026-05-09 22:34:36 | INFO | my_functions.py:258 | [DEBUG] Click skipped, image not found: claim_hover.PNG
2026-05-09 22:34:36 | INFO | my_functions.py:231 | [DEBUG] wait_for_image_and_click -> weekly3.PNG timeout=0s delay_click=0.1s confidence=0.8
2026-05-09 22:34:36 | INFO | my_functions.py:172 | Searching weekly3.PNG (timeout=0s)
2026-05-09 22:34:36 | INFO | my_functions.py:209 | 
⛔ Not found: weekly3.PNG after 0.0s region=(0, 0, 765, 1038) confidence=0.8
2026-05-09 22:34:36 | INFO | my_functions.py:258 | [DEBUG] Click skipped, image not found: weekly3.PNG
2026-05-09 22:34:36 | INFO | my_functions.py:231 | [DEBUG] wait_for_image_and_click -> weekly3.PNG timeout=0s delay_click=0.1s confidence=0.8
2026-05-09 22:34:36 | INFO | my_functions.py:172 | Searching weekly3.PNG (timeout=0s)
2026-05-09 22:34:36 | INFO | my_functions.py:209 | 
⛔ Not found: weekly3.PNG after 0.01s region=(0, 0, 765, 1038) confidence=0.8
2026-05-09 22:34:36 | INFO | my_functions.py:258 | [DEBUG] Click skipped, image not found: weekly3.PNG
2026-05-09 22:34:36 | INFO | my_functions.py:231 | [DEBUG] wait_for_image_and_click -> weekly3.PNG timeout=0s delay_click=0.1s confidence=0.8
2026-05-09 22:34:36 | INFO | my_functions.py:172 | Searching weekly3.PNG (timeout=0s)
2026-05-09 22:34:37 | INFO | my_functions.py:209 | 
⛔ Not found: weekly3.PNG after 0.01s region=(0, 0, 765, 1038) confidence=0.8
2026-05-09 22:34:37 | INFO | my_functions.py:258 | [DEBUG] Click skipped, image not found: weekly3.PNG
2026-05-09 22:34:37 | INFO | my_functions.py:231 | [DEBUG] wait_for_image_and_click -> weekly3.PNG timeout=0s delay_click=0.1s confidence=0.8
2026-05-09 22:34:37 | INFO | my_functions.py:172 | Searching weekly3.PNG (timeout=0s)
2026-05-09 22:34:37 | INFO | my_functions.py:209 | 
⛔ Not found: weekly3.PNG after 0.01s region=(0, 0, 765, 1038) confidence=0.8
2026-05-09 22:34:37 | INFO | my_functions.py:258 | [DEBUG] Click skipped, image not found: weekly3.PNG
2026-05-09 22:34:37 | INFO | my_functions.py:231 | [DEBUG] wait_for_image_and_click -> weekly3.PNG timeout=0s delay_click=0.1s confidence=0.8
2026-05-09 22:34:37 | INFO | my_functions.py:172 | Searching weekly3.PNG (timeout=0s)
2026-05-09 22:34:37 | INFO | my_functions.py:209 | 
⛔ Not found: weekly3.PNG after 0.0s region=(0, 0, 765, 1038) confidence=0.8
2026-05-09 22:34:37 | INFO | my_functions.py:258 | [DEBUG] Click skipped, image not found: weekly3.PNG
2026-05-09 22:34:37 | INFO | my_functions.py:231 | [DEBUG] wait_for_image_and_click -> weekly3.PNG timeout=0s delay_click=0.1s confidence=0.8
2026-05-09 22:34:37 | INFO | my_functions.py:172 | Searching weekly3.PNG (timeout=0s)
2026-05-09 22:34:37 | INFO | my_functions.py:209 | 
⛔ Not found: weekly3.PNG after 0.01s region=(0, 0, 765, 1038) confidence=0.8
2026-05-09 22:34:37 | INFO | my_functions.py:258 | [DEBUG] Click skipped, image not found: weekly3.PNG
2026-05-09 22:34:37 | INFO | my_functions.py:231 | [DEBUG] wait_for_image_and_click -> weekly3.PNG timeout=0s delay_click=0.1s confidence=0.8
2026-05-09 22:34:37 | INFO | my_functions.py:172 | Searching weekly3.PNG (timeout=0s)
2026-05-09 22:34:37 | INFO | my_functions.py:209 | 
⛔ Not found: weekly3.PNG after 0.01s region=(0, 0, 765, 1038) confidence=0.8
2026-05-09 22:34:37 | INFO | my_functions.py:258 | [DEBUG] Click skipped, image not found: weekly3.PNG
2026-05-09 22:34:37 | INFO | my_functions.py:231 | [DEBUG] wait_for_image_and_click -> weekly3.PNG timeout=0s delay_click=0.1s confidence=0.8
2026-05-09 22:34:37 | INFO | my_functions.py:172 | Searching weekly3.PNG (timeout=0s)
2026-05-09 22:34:37 | INFO | my_functions.py:209 | 
⛔ Not found: weekly3.PNG after 0.01s region=(0, 0, 765, 1038) confidence=0.8
2026-05-09 22:34:37 | INFO | my_functions.py:258 | [DEBUG] Click skipped, image not found: weekly3.PNG
2026-05-09 22:34:37 | INFO | my_functions.py:231 | [DEBUG] wait_for_image_and_click -> weekly3.PNG timeout=0s delay_click=0.1s confidence=0.8
2026-05-09 22:34:37 | INFO | my_functions.py:172 | Searching weekly3.PNG (timeout=0s)
2026-05-09 22:34:38 | INFO | my_functions.py:209 | 
⛔ Not found: weekly3.PNG after 0.01s region=(0, 0, 765, 1038) confidence=0.8
2026-05-09 22:34:38 | INFO | my_functions.py:258 | [DEBUG] Click skipped, image not found: weekly3.PNG
2026-05-09 22:34:38 | INFO | my_functions.py:231 | [DEBUG] wait_for_image_and_click -> weekly3.PNG timeout=0s delay_click=0.1s confidence=0.8
2026-05-09 22:34:38 | INFO | my_functions.py:172 | Searching weekly3.PNG (timeout=0s)
2026-05-09 22:34:38 | INFO | my_functions.py:209 | 
⛔ Not found: weekly3.PNG after 0.01s region=(0, 0, 765, 1038) confidence=0.8
2026-05-09 22:34:38 | INFO | my_functions.py:258 | [DEBUG] Click skipped, image not found: weekly3.PNG
2026-05-09 22:34:38 | INFO | my_functions.py:231 | [DEBUG] wait_for_image_and_click -> weekly3.PNG timeout=0s delay_click=0.1s confidence=0.8
2026-05-09 22:34:38 | INFO | my_functions.py:172 | Searching weekly3.PNG (timeout=0s)
2026-05-09 22:34:38 | INFO | my_functions.py:209 | 
⛔ Not found: weekly3.PNG after 0.0s region=(0, 0, 765, 1038) confidence=0.8
2026-05-09 22:34:38 | INFO | my_functions.py:258 | [DEBUG] Click skipped, image not found: weekly3.PNG
2026-05-09 22:34:38 | INFO | my_functions.py:138 | Haciendo click en la posición (557, 64)
2026-05-09 22:34:39 | INFO | my_functions.py:231 | [DEBUG] wait_for_image_and_click -> cards_shop.PNG timeout=20s delay_click=1s confidence=0.8
2026-05-09 22:34:39 | INFO | my_functions.py:172 | Searching cards_shop.PNG (timeout=20s)
2026-05-09 22:34:40 | INFO | my_functions.py:198 | 
✅ Found: cards_shop.PNG pos=(568, 121) time=0.58s confidence=0.8
2026-05-09 22:34:41 | INFO | my_functions.py:138 | Haciendo click en la posición (568, 121)
2026-05-09 22:34:41 | INFO | my_functions.py:251 | 🖱️ Click OK: cards_shop.PNG at (568, 121) delay=1s
2026-05-09 22:34:41 | INFO | my_functions.py:231 | [DEBUG] wait_for_image_and_click -> token_icon.PNG timeout=20s delay_click=1s confidence=0.8
2026-05-09 22:34:41 | INFO | my_functions.py:172 | Searching token_icon.PNG (timeout=20s)
2026-05-09 22:34:43 | INFO | my_functions.py:198 | 
✅ Found: token_icon.PNG pos=(531, 171) time=1.71s confidence=0.8
2026-05-09 22:34:44 | INFO | my_functions.py:138 | Haciendo click en la posición (531, 171)
2026-05-09 22:34:44 | INFO | my_functions.py:251 | 🖱️ Click OK: token_icon.PNG at (531, 171) delay=1s
2026-05-09 22:34:46 | INFO | my_functions.py:231 | [DEBUG] wait_for_image_and_click -> claim!_token_3.PNG timeout=4s delay_click=1s confidence=0.8
2026-05-09 22:34:46 | INFO | my_functions.py:172 | Searching claim!_token_3.PNG (timeout=4s)
2026-05-09 22:34:46 | INFO | my_functions.py:198 | 
✅ Found: claim!_token_3.PNG pos=(231, 573) time=0.21s confidence=0.8
2026-05-09 22:34:47 | INFO | my_functions.py:138 | Haciendo click en la posición (231, 573)
2026-05-09 22:34:47 | INFO | my_functions.py:251 | 🖱️ Click OK: claim!_token_3.PNG at (231, 573) delay=1s
2026-05-09 22:34:47 | INFO | my_functions.py:231 | [DEBUG] wait_for_image_and_click -> offers.PNG timeout=0.1s delay_click=1s confidence=0.8
2026-05-09 22:34:47 | INFO | my_functions.py:172 | Searching offers.PNG (timeout=0.1s)
2026-05-09 22:34:48 | INFO | my_functions.py:198 | 
✅ Found: offers.PNG pos=(197, 121) time=0.27s confidence=0.8
2026-05-09 22:34:49 | INFO | my_functions.py:138 | Haciendo click en la posición (197, 121)
2026-05-09 22:34:49 | INFO | my_functions.py:251 | 🖱️ Click OK: offers.PNG at (197, 121) delay=1s
2026-05-09 22:34:49 | INFO | my_functions.py:231 | [DEBUG] wait_for_image_and_click -> credits_selected.png timeout=0.1s delay_click=1s confidence=0.8
2026-05-09 22:34:49 | INFO | my_functions.py:172 | Searching credits_selected.png (timeout=0.1s)
2026-05-09 22:34:49 | INFO | my_functions.py:198 | 
✅ Found: credits_selected.png pos=(442, 168) time=0.21s confidence=0.8
2026-05-09 22:34:50 | INFO | my_functions.py:138 | Haciendo click en la posición (442, 168)
2026-05-09 22:34:50 | INFO | my_functions.py:251 | 🖱️ Click OK: credits_selected.png at (442, 168) delay=1s
2026-05-09 22:34:52 | INFO | my_functions.py:231 | [DEBUG] wait_for_image_and_click -> claim_25_credits.png timeout=2s delay_click=1s confidence=0.8
2026-05-09 22:34:52 | INFO | my_functions.py:172 | Searching claim_25_credits.png (timeout=2s)
2026-05-09 22:34:52 | INFO | my_functions.py:198 | 
✅ Found: claim_25_credits.png pos=(236, 328) time=0.21s confidence=0.8
2026-05-09 22:34:53 | INFO | my_functions.py:138 | Haciendo click en la posición (236, 328)
2026-05-09 22:34:53 | INFO | my_functions.py:251 | 🖱️ Click OK: claim_25_credits.png at (236, 328) delay=1s
2026-05-09 22:34:53 | INFO | my_functions.py:231 | [DEBUG] wait_for_image_and_click -> cards_shop.PNG timeout=20s delay_click=1s confidence=0.8
2026-05-09 22:34:53 | INFO | my_functions.py:172 | Searching cards_shop.PNG (timeout=20s)
2026-05-09 22:34:54 | INFO | my_functions.py:198 | 
✅ Found: cards_shop.PNG pos=(568, 121) time=0.2s confidence=0.8
2026-05-09 22:34:55 | INFO | my_functions.py:138 | Haciendo click en la posición (568, 121)
2026-05-09 22:34:55 | INFO | my_functions.py:251 | 🖱️ Click OK: cards_shop.PNG at (568, 121) delay=1s
2026-05-09 22:34:55 | INFO | my_functions.py:231 | [DEBUG] wait_for_image_and_click -> offers.PNG timeout=20s delay_click=1s confidence=0.8
2026-05-09 22:34:55 | INFO | my_functions.py:172 | Searching offers.PNG (timeout=20s)
2026-05-09 22:34:55 | INFO | my_functions.py:198 | 
✅ Found: offers.PNG pos=(197, 122) time=0.19s confidence=0.8
2026-05-09 22:34:56 | INFO | my_functions.py:138 | Haciendo click en la posición (197, 122)
2026-05-09 22:34:56 | INFO | my_functions.py:251 | 🖱️ Click OK: offers.PNG at (197, 122) delay=1s
2026-05-09 22:34:56 | INFO | my_functions.py:1491 | [INFO] Iniciando mejora de cartas
2026-05-09 22:34:56 | INFO | my_functions.py:231 | [DEBUG] wait_for_image_and_click -> upgrade_cards_icon.PNG timeout=20s delay_click=1s confidence=0.8
2026-05-09 22:34:56 | INFO | my_functions.py:172 | Searching upgrade_cards_icon.PNG (timeout=20s)
2026-05-09 22:34:56 | INFO | my_functions.py:198 | 
✅ Found: upgrade_cards_icon.PNG pos=(322, 170) time=0.19s confidence=0.8
2026-05-09 22:34:57 | INFO | my_functions.py:138 | Haciendo click en la posición (322, 170)
2026-05-09 22:34:58 | INFO | my_functions.py:251 | 🖱️ Click OK: upgrade_cards_icon.PNG at (322, 170) delay=1s
2026-05-09 22:34:58 | INFO | my_functions.py:1495 | [INFO] Abriendo icono de upgrade_cards
2026-05-09 22:34:59 | INFO | my_functions.py:1501 | [STEP] Mejorando carta 1
2026-05-09 22:34:59 | INFO | my_functions.py:1505 | [ACTION] Click en carta 1
2026-05-09 22:35:00 | INFO | my_functions.py:1510 | [ACTION] Click en botón upgrade
2026-05-09 22:35:07 | INFO | my_functions.py:231 | [DEBUG] wait_for_image_and_click -> you_need_more_credits!.png timeout=3s delay_click=1s confidence=0.8
2026-05-09 22:35:07 | INFO | my_functions.py:172 | Searching you_need_more_credits!.png (timeout=3s)
2026-05-09 22:35:10 | INFO | my_functions.py:209 | 
⛔ Not found: you_need_more_credits!.png after 3.1s region=(0, 0, 765, 1038) confidence=0.8
2026-05-09 22:35:10 | INFO | my_functions.py:258 | [DEBUG] Click skipped, image not found: you_need_more_credits!.png
2026-05-09 22:35:15 | INFO | my_functions.py:1525 | [ACTION] Click para continuar a stage de nivel de coleccion
2026-05-09 22:35:20 | INFO | my_functions.py:146 | Presionando ESC (1/1)
2026-05-09 22:35:21 | INFO | my_functions.py:1530 | [ACTION] Saliendo de stage nivel de coleccion con ESC
2026-05-09 22:35:22 | INFO | my_functions.py:231 | [DEBUG] wait_for_image_and_click -> upgrade_cards_icon_selected.PNG timeout=0s delay_click=1s confidence=0.8
2026-05-09 22:35:22 | INFO | my_functions.py:172 | Searching upgrade_cards_icon_selected.PNG (timeout=0s)
2026-05-09 22:35:22 | INFO | my_functions.py:198 | 
✅ Found: upgrade_cards_icon_selected.PNG pos=(320, 173) time=0.19s confidence=0.8
2026-05-09 22:35:23 | INFO | my_functions.py:138 | Haciendo click en la posición (320, 173)
2026-05-09 22:35:23 | INFO | my_functions.py:251 | 🖱️ Click OK: upgrade_cards_icon_selected.PNG at (320, 173) delay=1s
2026-05-09 22:35:23 | INFO | my_functions.py:1550 | [INFO] Reabriendo icono de upgrade_cards
2026-05-09 22:35:24 | INFO | my_functions.py:1501 | [STEP] Mejorando carta 2
2026-05-09 22:35:24 | INFO | my_functions.py:1505 | [ACTION] Click en carta 2
2026-05-09 22:35:26 | INFO | my_functions.py:1510 | [ACTION] Click en botón upgrade
2026-05-09 22:35:33 | INFO | my_functions.py:231 | [DEBUG] wait_for_image_and_click -> you_need_more_credits!.png timeout=3s delay_click=1s confidence=0.8
2026-05-09 22:35:33 | INFO | my_functions.py:172 | Searching you_need_more_credits!.png (timeout=3s)
2026-05-09 22:35:36 | INFO | my_functions.py:209 | 
⛔ Not found: you_need_more_credits!.png after 3.14s region=(0, 0, 765, 1038) confidence=0.8
2026-05-09 22:35:36 | INFO | my_functions.py:258 | [DEBUG] Click skipped, image not found: you_need_more_credits!.png
2026-05-09 22:35:41 | INFO | my_functions.py:1525 | [ACTION] Click para continuar a stage de nivel de coleccion
2026-05-09 22:35:46 | INFO | my_functions.py:146 | Presionando ESC (1/1)
2026-05-09 22:35:47 | INFO | my_functions.py:1530 | [ACTION] Saliendo de stage nivel de coleccion con ESC
2026-05-09 22:35:48 | INFO | my_functions.py:231 | [DEBUG] wait_for_image_and_click -> upgrade_cards_icon_selected.PNG timeout=0s delay_click=1s confidence=0.8
2026-05-09 22:35:48 | INFO | my_functions.py:172 | Searching upgrade_cards_icon_selected.PNG (timeout=0s)
2026-05-09 22:35:48 | INFO | my_functions.py:198 | 
✅ Found: upgrade_cards_icon_selected.PNG pos=(320, 173) time=0.21s confidence=0.8
2026-05-09 22:35:49 | INFO | my_functions.py:138 | Haciendo click en la posición (320, 173)
2026-05-09 22:35:49 | INFO | my_functions.py:251 | 🖱️ Click OK: upgrade_cards_icon_selected.PNG at (320, 173) delay=1s
2026-05-09 22:35:49 | INFO | my_functions.py:1550 | [INFO] Reabriendo icono de upgrade_cards
2026-05-09 22:35:50 | INFO | my_functions.py:1501 | [STEP] Mejorando carta 3
2026-05-09 22:35:50 | INFO | my_functions.py:1505 | [ACTION] Click en carta 3
2026-05-09 22:35:51 | INFO | my_functions.py:1510 | [ACTION] Click en botón upgrade
2026-05-09 22:35:58 | INFO | my_functions.py:231 | [DEBUG] wait_for_image_and_click -> you_need_more_credits!.png timeout=3s delay_click=1s confidence=0.8
2026-05-09 22:35:58 | INFO | my_functions.py:172 | Searching you_need_more_credits!.png (timeout=3s)
2026-05-09 22:36:02 | INFO | my_functions.py:209 | 
⛔ Not found: you_need_more_credits!.png after 3.02s region=(0, 0, 765, 1038) confidence=0.8
2026-05-09 22:36:02 | INFO | my_functions.py:258 | [DEBUG] Click skipped, image not found: you_need_more_credits!.png
2026-05-09 22:36:07 | INFO | my_functions.py:1525 | [ACTION] Click para continuar a stage de nivel de coleccion
2026-05-09 22:36:12 | INFO | my_functions.py:146 | Presionando ESC (1/1)
2026-05-09 22:36:12 | INFO | my_functions.py:1530 | [ACTION] Saliendo de stage nivel de coleccion con ESC
2026-05-09 22:36:13 | INFO | my_functions.py:1553 | [INFO] Mejora de cartas completada ✅
2026-05-09 22:36:13 | INFO | my_functions.py:146 | Presionando ESC (1/1)
2026-05-09 22:36:14 | INFO | each_eight_hours.py:437 | Finished all games
2026-05-09 22:36:14 | INFO | my_functions.py:1443 | [DEBUG] Starting logout process...
2026-05-09 22:36:14 | INFO | my_functions.py:1445 | [DEBUG] Clicking nut icon...
2026-05-09 22:36:14 | INFO | my_functions.py:231 | [DEBUG] wait_for_image_and_click -> nut.png timeout=20s delay_click=1s confidence=0.8
2026-05-09 22:36:14 | INFO | my_functions.py:172 | Searching nut.png (timeout=20s)
2026-05-09 22:36:14 | INFO | my_functions.py:198 | 
✅ Found: nut.png pos=(184, 78) time=0.18s confidence=0.8
2026-05-09 22:36:15 | INFO | my_functions.py:138 | Haciendo click en la posición (184, 78)
2026-05-09 22:36:15 | INFO | my_functions.py:251 | 🖱️ Click OK: nut.png at (184, 78) delay=1s
2026-05-09 22:36:15 | INFO | my_functions.py:1448 | [DEBUG] Waiting for graphics quality image...
2026-05-09 22:36:15 | INFO | my_functions.py:172 | Searching graphics_quality.png (timeout=3s)
2026-05-09 22:36:16 | INFO | my_functions.py:198 | 
✅ Found: graphics_quality.png pos=(305, 642) time=0.53s confidence=0.8
2026-05-09 22:36:16 | INFO | my_functions.py:1450 | [DEBUG] graphics_quality result: Point(x=305, y=642)
2026-05-09 22:36:16 | INFO | my_functions.py:1456 | [DEBUG] Clicking graphics quality...
2026-05-09 22:36:17 | INFO | my_functions.py:1461 | [DEBUG] Scrolling down...
2026-05-09 22:36:17 | INFO | my_functions.py:1464 | [DEBUG] Clicking sign_out...
2026-05-09 22:36:17 | INFO | my_functions.py:231 | [DEBUG] wait_for_image_and_click -> sign_out.png timeout=20s delay_click=1s confidence=0.8
2026-05-09 22:36:17 | INFO | my_functions.py:172 | Searching sign_out.png (timeout=20s)
2026-05-09 22:36:17 | INFO | my_functions.py:198 | 
✅ Found: sign_out.png pos=(380, 796) time=0.17s confidence=0.8
2026-05-09 22:36:18 | INFO | my_functions.py:138 | Haciendo click en la posición (380, 796)
2026-05-09 22:36:19 | INFO | my_functions.py:251 | 🖱️ Click OK: sign_out.png at (380, 796) delay=1s
2026-05-09 22:36:20 | INFO | my_functions.py:1469 | [DEBUG] Clicking big sign_out...
2026-05-09 22:36:20 | INFO | my_functions.py:231 | [DEBUG] wait_for_image_and_click -> sign_out_grande.png timeout=20s delay_click=1s confidence=0.8
2026-05-09 22:36:20 | INFO | my_functions.py:172 | Searching sign_out_grande.png (timeout=20s)
2026-05-09 22:36:20 | INFO | my_functions.py:198 | 
✅ Found: sign_out_grande.png pos=(359, 437) time=0.18s confidence=0.8
2026-05-09 22:36:21 | INFO | my_functions.py:138 | Haciendo click en la posición (359, 437)
2026-05-09 22:36:21 | INFO | my_functions.py:251 | 🖱️ Click OK: sign_out_grande.png at (359, 437) delay=1s
2026-05-09 22:36:21 | INFO | my_functions.py:1472 | [DEBUG] Clicking sign_out2...
2026-05-09 22:36:21 | INFO | my_functions.py:231 | [DEBUG] wait_for_image_and_click -> sign_out2.png timeout=20s delay_click=1s confidence=0.8
2026-05-09 22:36:21 | INFO | my_functions.py:172 | Searching sign_out2.png (timeout=20s)
2026-05-09 22:36:21 | INFO | my_functions.py:198 | 
✅ Found: sign_out2.png pos=(383, 634) time=0.18s confidence=0.8
2026-05-09 22:36:22 | INFO | my_functions.py:138 | Haciendo click en la posición (383, 634)
2026-05-09 22:36:22 | INFO | my_functions.py:251 | 🖱️ Click OK: sign_out2.png at (383, 634) delay=1s
2026-05-09 22:36:22 | INFO | my_functions.py:1475 | [DEBUG] Resizing SNAP window...
2026-05-09 22:36:22 | INFO | my_functions.py:1668 | ⏱ Esperando 0.1 segundos antes de empezar...
2026-05-09 22:36:22 | INFO | my_functions.py:1675 | 🔍 Esperando ventana que contenga alguna de: SNAP (máx 20s)
2026-05-09 22:36:22 | INFO | my_functions.py:1687 | ✅ Ventana encontrada: 'SNAP'
2026-05-09 22:36:22 | INFO | my_functions.py:1702 | ✅ Ventana seleccionada: 'SNAP'
2026-05-09 22:36:24 | INFO | my_functions.py:1725 | 🔁 Reajuste #1...
2026-05-09 22:36:27 | INFO | my_functions.py:1732 | ✔ Verificación completa. Se hicieron 1 reajustes.
2026-05-09 22:36:28 | INFO | my_functions.py:1484 | snap.exe closed
2026-05-09 22:36:31 | INFO | my_functions.py:1487 | [DEBUG] Logout completed successfully.
2026-05-09 22:36:31 | INFO | each_eight_hours.py:146 | Processing account: guille
2026-05-09 22:36:31 | INFO | each_eight_hours.py:149 | Game relaunched for account
2026-05-09 22:36:31 | INFO | my_functions.py:1668 | ⏱ Esperando 0.1 segundos antes de empezar...
2026-05-09 22:36:31 | INFO | my_functions.py:1675 | 🔍 Esperando ventana que contenga alguna de: ['SNAP'] (máx 20s)
2026-05-09 22:36:33 | INFO | my_functions.py:1687 | ✅ Ventana encontrada: 'SNAP'
2026-05-09 22:36:33 | INFO | my_functions.py:1702 | ✅ Ventana seleccionada: 'SNAP'
2026-05-09 22:36:35 | INFO | my_functions.py:1734 | ✔ Verificación completa. No hubo cambios después del primer ajuste.
2026-05-09 22:36:35 | INFO | each_eight_hours.py:156 | Game window resized
2026-05-09 22:36:35 | INFO | my_functions.py:1207 | [DEBUG] Resizing SNAP window...
2026-05-09 22:36:35 | INFO | my_functions.py:1668 | ⏱ Esperando 0.1 segundos antes de empezar...
2026-05-09 22:36:36 | INFO | my_functions.py:1675 | 🔍 Esperando ventana que contenga alguna de: ['SNAP'] (máx 20s)
2026-05-09 22:36:36 | INFO | my_functions.py:1687 | ✅ Ventana encontrada: 'SNAP'
2026-05-09 22:36:36 | INFO | my_functions.py:1702 | ✅ Ventana seleccionada: 'SNAP'
2026-05-09 22:36:39 | INFO | my_functions.py:1734 | ✔ Verificación completa. No hubo cambios después del primer ajuste.
2026-05-09 22:36:39 | INFO | my_functions.py:231 | [DEBUG] wait_for_image_and_click -> submit.PNG timeout=90s delay_click=0.2s confidence=0.8
2026-05-09 22:36:39 | INFO | my_functions.py:172 | Searching submit.PNG (timeout=90s)
2026-05-09 22:36:41 | INFO | my_functions.py:198 | 
✅ Found: submit.PNG pos=(385, 779) time=2.83s confidence=0.8
2026-05-09 22:36:42 | INFO | my_functions.py:138 | Haciendo click en la posición (385, 779)
2026-05-09 22:36:42 | INFO | my_functions.py:251 | 🖱️ Click OK: submit.PNG at (385, 779) delay=0.2s
2026-05-09 22:36:42 | INFO | my_functions.py:1668 | ⏱ Esperando 0.1 segundos antes de empezar...
2026-05-09 22:36:42 | INFO | my_functions.py:1675 | 🔍 Esperando ventana que contenga alguna de: ['SNAP'] (máx 20s)
2026-05-09 22:36:42 | INFO | my_functions.py:1687 | ✅ Ventana encontrada: 'SNAP'
2026-05-09 22:36:42 | INFO | my_functions.py:1702 | ✅ Ventana seleccionada: 'SNAP'
2026-05-09 22:36:44 | INFO | my_functions.py:1725 | 🔁 Reajuste #1...
2026-05-09 22:36:45 | INFO | my_functions.py:1732 | ✔ Verificación completa. Se hicieron 1 reajustes.
2026-05-09 22:36:45 | INFO | my_functions.py:172 | Searching please_sign.png (timeout=0s)
2026-05-09 22:36:45 | INFO | my_functions.py:198 | 
✅ Found: please_sign.png pos=(383, 438) time=0.18s confidence=0.8
2026-05-09 22:36:45 | INFO | my_functions.py:231 | [DEBUG] wait_for_image_and_click -> ok_btn.png timeout=20s delay_click=1s confidence=0.8
2026-05-09 22:36:45 | INFO | my_functions.py:172 | Searching ok_btn.png (timeout=20s)
2026-05-09 22:36:45 | INFO | my_functions.py:198 | 
✅ Found: ok_btn.png pos=(382, 634) time=0.19s confidence=0.8
2026-05-09 22:36:46 | INFO | my_functions.py:138 | Haciendo click en la posición (382, 634)
2026-05-09 22:36:47 | INFO | my_functions.py:251 | 🖱️ Click OK: ok_btn.png at (382, 634) delay=1s
2026-05-09 22:36:47 | INFO | my_functions.py:231 | [DEBUG] wait_for_image_and_click -> submit.PNG timeout=90s delay_click=0.2s confidence=0.8
2026-05-09 22:36:47 | INFO | my_functions.py:172 | Searching submit.PNG (timeout=90s)
2026-05-09 22:36:48 | INFO | my_functions.py:198 | 
✅ Found: submit.PNG pos=(385, 784) time=1.14s confidence=0.8
2026-05-09 22:36:48 | INFO | my_functions.py:138 | Haciendo click en la posición (385, 784)
2026-05-09 22:36:48 | INFO | my_functions.py:251 | 🖱️ Click OK: submit.PNG at (385, 784) delay=0.2s
2026-05-09 22:36:48 | INFO | my_functions.py:172 | Searching sign_in_with_google2.PNG (timeout=90s)
2026-05-09 22:36:49 | INFO | my_functions.py:198 | 
✅ Found: sign_in_with_google2.PNG pos=(406, 958) time=0.74s confidence=0.8
2026-05-09 22:36:49 | INFO | my_functions.py:231 | [DEBUG] wait_for_image_and_click -> sign_in_with_google2.PNG timeout=20s delay_click=1s confidence=0.8
2026-05-09 22:36:49 | INFO | my_functions.py:172 | Searching sign_in_with_google2.PNG (timeout=20s)
2026-05-09 22:36:49 | INFO | my_functions.py:198 | 
✅ Found: sign_in_with_google2.PNG pos=(406, 957) time=0.33s confidence=0.8
2026-05-09 22:36:50 | INFO | my_functions.py:138 | Haciendo click en la posición (406, 957)
2026-05-09 22:36:50 | INFO | my_functions.py:251 | 🖱️ Click OK: sign_in_with_google2.PNG at (406, 957) delay=1s
2026-05-09 22:36:50 | INFO | my_functions.py:231 | [DEBUG] wait_for_image_and_click -> guille.png timeout=30s delay_click=3s confidence=0.8
2026-05-09 22:36:50 | INFO | my_functions.py:172 | Searching guille.png (timeout=30s)
2026-05-09 22:36:57 | INFO | my_functions.py:198 | 
✅ Found: guille.png pos=(1147, 704) time=6.25s confidence=0.8
2026-05-09 22:37:00 | INFO | my_functions.py:138 | Haciendo click en la posición (1147, 704)
2026-05-09 22:37:00 | INFO | my_functions.py:251 | 🖱️ Click OK: guille.png at (1147, 704) delay=3s
2026-05-09 22:37:02 | INFO | my_functions.py:231 | [DEBUG] wait_for_image_and_click -> python_icon.PNG timeout=5s delay_click=1s confidence=0.8
2026-05-09 22:37:02 | INFO | my_functions.py:172 | Searching python_icon.PNG (timeout=5s)
2026-05-09 22:37:02 | INFO | my_functions.py:198 | 
✅ Found: python_icon.PNG pos=(647, 1054) time=0.33s confidence=0.8
2026-05-09 22:37:03 | INFO | my_functions.py:138 | Haciendo click en la posición (647, 1054)
2026-05-09 22:37:03 | INFO | my_functions.py:251 | 🖱️ Click OK: python_icon.PNG at (647, 1054) delay=1s
2026-05-09 22:37:03 | INFO | my_functions.py:231 | [DEBUG] wait_for_image_and_click -> snap_icon_task_bar.PNG timeout=20s delay_click=1s confidence=0.8
2026-05-09 22:37:03 | INFO | my_functions.py:172 | Searching snap_icon_task_bar.PNG (timeout=20s)
2026-05-09 22:37:04 | INFO | my_functions.py:198 | 
✅ Found: snap_icon_task_bar.PNG pos=(524, 1052) time=0.28s confidence=0.8
2026-05-09 22:37:05 | INFO | my_functions.py:138 | Haciendo click en la posición (524, 1052)
2026-05-09 22:37:05 | INFO | my_functions.py:251 | 🖱️ Click OK: snap_icon_task_bar.PNG at (524, 1052) delay=1s
2026-05-09 22:37:05 | INFO | my_functions.py:172 | Searching play.PNG (timeout=30s)
2026-05-09 22:37:13 | INFO | my_functions.py:198 | 
✅ Found: play.PNG pos=(384, 824) time=8.46s confidence=0.8
2026-05-09 22:37:13 | INFO | my_functions.py:1265 | [DEBUG] Login completado correctamente.
2026-05-09 22:37:13 | INFO | each_eight_hours.py:160 | Login executed
2026-05-09 22:37:13 | INFO | my_functions.py:172 | Searching shop_unselected.PNG (timeout=0s)
2026-05-09 22:37:14 | INFO | my_functions.py:198 | 
✅ Found: shop_unselected.PNG pos=(88, 961) time=0.2s confidence=0.8
2026-05-09 22:37:22 | INFO | my_functions.py:172 | Searching shop_unselected.PNG (timeout=0s)
2026-05-09 22:37:22 | INFO | my_functions.py:209 | 
⛔ Not found: shop_unselected.PNG after 0.0s region=(0, 0, 765, 1038) confidence=0.8
2026-05-09 22:37:23 | INFO | my_functions.py:172 | Searching shop_unselected.PNG (timeout=0s)
2026-05-09 22:37:23 | INFO | my_functions.py:209 | 
⛔ Not found: shop_unselected.PNG after 0.0s region=(0, 0, 765, 1038) confidence=0.8
2026-05-09 22:37:23 | INFO | my_functions.py:231 | [DEBUG] wait_for_image_and_click -> super_premium.PNG timeout=0s delay_click=1s confidence=0.8
2026-05-09 22:37:23 | INFO | my_functions.py:172 | Searching super_premium.PNG (timeout=0s)
2026-05-09 22:37:23 | INFO | my_functions.py:209 | 
⛔ Not found: super_premium.PNG after 0.01s region=(0, 0, 765, 1038) confidence=0.8
2026-05-09 22:37:23 | INFO | my_functions.py:258 | [DEBUG] Click skipped, image not found: super_premium.PNG
2026-05-09 22:37:23 | INFO | my_functions.py:231 | [DEBUG] wait_for_image_and_click -> maybe_later.PNG timeout=0s delay_click=1s confidence=0.8
2026-05-09 22:37:23 | INFO | my_functions.py:172 | Searching maybe_later.PNG (timeout=0s)
2026-05-09 22:37:23 | INFO | my_functions.py:209 | 
⛔ Not found: maybe_later.PNG after 0.0s region=(0, 0, 765, 1038) confidence=0.8
2026-05-09 22:37:23 | INFO | my_functions.py:258 | [DEBUG] Click skipped, image not found: maybe_later.PNG
2026-05-09 22:37:23 | INFO | my_functions.py:231 | [DEBUG] wait_for_image_and_click -> maybe_later2.PNG timeout=0s delay_click=1s confidence=0.8
2026-05-09 22:37:23 | INFO | my_functions.py:172 | Searching maybe_later2.PNG (timeout=0s)
2026-05-09 22:37:24 | INFO | my_functions.py:209 | 
⛔ Not found: maybe_later2.PNG after 0.23s region=(0, 0, 765, 1038) confidence=0.8
2026-05-09 22:37:24 | INFO | my_functions.py:258 | [DEBUG] Click skipped, image not found: maybe_later2.PNG
2026-05-09 22:37:24 | INFO | my_functions.py:172 | Searching go_to_shop.PNG (timeout=0s)
2026-05-09 22:37:24 | INFO | my_functions.py:198 | 
✅ Found: go_to_shop.PNG pos=(275, 827) time=0.19s confidence=0.8
2026-05-09 22:37:26 | INFO | my_functions.py:146 | Presionando ESC (1/1)
2026-05-09 22:37:35 | INFO | my_functions.py:172 | Searching shop_unselected.PNG (timeout=0s)
2026-05-09 22:37:35 | INFO | my_functions.py:209 | 
⛔ Not found: shop_unselected.PNG after 0.0s region=(0, 0, 765, 1038) confidence=0.8
2026-05-09 22:37:36 | INFO | my_functions.py:172 | Searching shop_unselected.PNG (timeout=0s)
2026-05-09 22:37:36 | INFO | my_functions.py:209 | 
⛔ Not found: shop_unselected.PNG after 0.0s region=(0, 0, 765, 1038) confidence=0.8
2026-05-09 22:37:36 | INFO | my_functions.py:231 | [DEBUG] wait_for_image_and_click -> super_premium.PNG timeout=0s delay_click=1s confidence=0.8
2026-05-09 22:37:36 | INFO | my_functions.py:172 | Searching super_premium.PNG (timeout=0s)
2026-05-09 22:37:36 | INFO | my_functions.py:209 | 
⛔ Not found: super_premium.PNG after 0.01s region=(0, 0, 765, 1038) confidence=0.8
2026-05-09 22:37:36 | INFO | my_functions.py:258 | [DEBUG] Click skipped, image not found: super_premium.PNG
2026-05-09 22:37:36 | INFO | my_functions.py:231 | [DEBUG] wait_for_image_and_click -> maybe_later.PNG timeout=0s delay_click=1s confidence=0.8
2026-05-09 22:37:36 | INFO | my_functions.py:172 | Searching maybe_later.PNG (timeout=0s)
2026-05-09 22:37:36 | INFO | my_functions.py:209 | 
⛔ Not found: maybe_later.PNG after 0.0s region=(0, 0, 765, 1038) confidence=0.8
2026-05-09 22:37:36 | INFO | my_functions.py:258 | [DEBUG] Click skipped, image not found: maybe_later.PNG
2026-05-09 22:37:36 | INFO | my_functions.py:231 | [DEBUG] wait_for_image_and_click -> maybe_later2.PNG timeout=0s delay_click=1s confidence=0.8
2026-05-09 22:37:36 | INFO | my_functions.py:172 | Searching maybe_later2.PNG (timeout=0s)
2026-05-09 22:37:37 | INFO | my_functions.py:209 | 
⛔ Not found: maybe_later2.PNG after 0.01s region=(0, 0, 765, 1038) confidence=0.8
2026-05-09 22:37:37 | INFO | my_functions.py:258 | [DEBUG] Click skipped, image not found: maybe_later2.PNG
2026-05-09 22:37:37 | INFO | my_functions.py:172 | Searching go_to_shop.PNG (timeout=0s)
2026-05-09 22:37:37 | INFO | my_functions.py:198 | 
✅ Found: go_to_shop.PNG pos=(275, 827) time=0.17s confidence=0.8
2026-05-09 22:37:39 | INFO | my_functions.py:146 | Presionando ESC (1/1)
2026-05-09 22:37:47 | INFO | my_functions.py:172 | Searching shop_unselected.PNG (timeout=0s)
2026-05-09 22:37:48 | INFO | my_functions.py:198 | 
✅ Found: shop_unselected.PNG pos=(89, 961) time=0.17s confidence=0.8
2026-05-09 22:37:48 | INFO | my_functions.py:720 | Ya esta listo
2026-05-09 22:37:48 | INFO | each_eight_hours.py:163 | Initial images processed
2026-05-09 22:37:48 | INFO | each_eight_hours.py:166 | Chrome terminated
2026-05-09 22:37:48 | INFO | my_functions.py:231 | [DEBUG] wait_for_image_and_click -> missions_unnotified2.png timeout=20s delay_click=1s confidence=0.8
2026-05-09 22:37:48 | INFO | my_functions.py:172 | Searching missions_unnotified2.png (timeout=20s)
2026-05-09 22:37:48 | INFO | my_functions.py:198 | 
✅ Found: missions_unnotified2.png pos=(516, 127) time=0.19s confidence=0.8
2026-05-09 22:37:49 | INFO | my_functions.py:138 | Haciendo click en la posición (516, 127)
2026-05-09 22:37:49 | INFO | my_functions.py:251 | 🖱️ Click OK: missions_unnotified2.png at (516, 127) delay=1s
2026-05-09 22:37:49 | INFO | my_functions.py:231 | [DEBUG] wait_for_image_and_click -> calendar_missions_daily.png timeout=3s delay_click=1s confidence=0.8
2026-05-09 22:37:49 | INFO | my_functions.py:172 | Searching calendar_missions_daily.png (timeout=3s)
2026-05-09 22:37:50 | INFO | my_functions.py:198 | 
✅ Found: calendar_missions_daily.png pos=(189, 131) time=1.03s confidence=0.8
2026-05-09 22:37:51 | INFO | my_functions.py:138 | Haciendo click en la posición (189, 131)
2026-05-09 22:37:51 | INFO | my_functions.py:251 | 🖱️ Click OK: calendar_missions_daily.png at (189, 131) delay=1s
2026-05-09 22:37:51 | INFO | each_eight_hours.py:180 | Mission screens opened
2026-05-09 22:37:51 | INFO | my_functions.py:295 | JSON file located at C:\Users\Farm\AppData\LocalLow\Second Dinner\SNAP\Standalone\States\nvprod\MissionState.json
2026-05-09 22:37:55 | INFO | my_functions.py:434 | AVAILABLE: 6
2026-05-09 22:37:55 | INFO | my_functions.py:444 | [INFO] Waiting for Notepad++ process...
2026-05-09 22:37:55 | INFO | my_functions.py:458 | [INFO] Notepad++ detected PID=4824
2026-05-09 22:37:58 | INFO | my_functions.py:466 | [SUCCESS] Notepad++ closed successfully
2026-05-09 22:37:59 | INFO | my_functions.py:1593 | [INFO] Iniciando click_missions_blue2
2026-05-09 22:37:59 | INFO | my_functions.py:138 | Haciendo click en la posición (150, 132)
2026-05-09 22:38:00 | INFO | my_functions.py:1596 | [ACTION] Click hecho en icono de calendario que me dirige a las misiones ordinarias
2026-05-09 22:38:00 | INFO | my_functions.py:172 | Searching bonus_challenge.png (timeout=0s)
2026-05-09 22:38:00 | INFO | my_functions.py:209 | 
⛔ Not found: bonus_challenge.png after 0.0s region=(0, 0, 765, 1038) confidence=0.8
2026-05-09 22:38:02 | INFO | my_functions.py:172 | Searching flechita_mission.PNG (timeout=0s)
2026-05-09 22:38:02 | INFO | my_functions.py:209 | 
⛔ Not found: flechita_mission.PNG after 0.0s region=(0, 0, 765, 1038) confidence=0.8
2026-05-09 22:38:02 | INFO | my_functions.py:231 | [DEBUG] wait_for_image_and_click -> weekly3.PNG timeout=0s delay_click=0.1s confidence=0.8
2026-05-09 22:38:02 | INFO | my_functions.py:172 | Searching weekly3.PNG (timeout=0s)
2026-05-09 22:38:02 | INFO | my_functions.py:209 | 
⛔ Not found: weekly3.PNG after 0.0s region=(0, 0, 765, 1038) confidence=0.8
2026-05-09 22:38:02 | INFO | my_functions.py:258 | [DEBUG] Click skipped, image not found: weekly3.PNG
2026-05-09 22:38:02 | INFO | my_functions.py:231 | [DEBUG] wait_for_image_and_click -> weekly3.PNG timeout=0s delay_click=0.1s confidence=0.8
2026-05-09 22:38:02 | INFO | my_functions.py:172 | Searching weekly3.PNG (timeout=0s)
2026-05-09 22:38:02 | INFO | my_functions.py:209 | 
⛔ Not found: weekly3.PNG after 0.01s region=(0, 0, 765, 1038) confidence=0.8
2026-05-09 22:38:02 | INFO | my_functions.py:258 | [DEBUG] Click skipped, image not found: weekly3.PNG
2026-05-09 22:38:02 | INFO | my_functions.py:231 | [DEBUG] wait_for_image_and_click -> weekly3.PNG timeout=0s delay_click=0.1s confidence=0.8
2026-05-09 22:38:02 | INFO | my_functions.py:172 | Searching weekly3.PNG (timeout=0s)
2026-05-09 22:38:03 | INFO | my_functions.py:209 | 
⛔ Not found: weekly3.PNG after 0.01s region=(0, 0, 765, 1038) confidence=0.8
2026-05-09 22:38:03 | INFO | my_functions.py:258 | [DEBUG] Click skipped, image not found: weekly3.PNG
2026-05-09 22:38:03 | INFO | my_functions.py:231 | [DEBUG] wait_for_image_and_click -> weekly3.PNG timeout=0s delay_click=0.1s confidence=0.8
2026-05-09 22:38:03 | INFO | my_functions.py:172 | Searching weekly3.PNG (timeout=0s)
2026-05-09 22:38:03 | INFO | my_functions.py:209 | 
⛔ Not found: weekly3.PNG after 0.01s region=(0, 0, 765, 1038) confidence=0.8
2026-05-09 22:38:03 | INFO | my_functions.py:258 | [DEBUG] Click skipped, image not found: weekly3.PNG
2026-05-09 22:38:03 | INFO | my_functions.py:231 | [DEBUG] wait_for_image_and_click -> weekly3.PNG timeout=0s delay_click=0.1s confidence=0.8
2026-05-09 22:38:03 | INFO | my_functions.py:172 | Searching weekly3.PNG (timeout=0s)
2026-05-09 22:38:03 | INFO | my_functions.py:209 | 
⛔ Not found: weekly3.PNG after 0.01s region=(0, 0, 765, 1038) confidence=0.8
2026-05-09 22:38:03 | INFO | my_functions.py:258 | [DEBUG] Click skipped, image not found: weekly3.PNG
2026-05-09 22:38:03 | INFO | my_functions.py:231 | [DEBUG] wait_for_image_and_click -> weekly3.PNG timeout=0s delay_click=0.1s confidence=0.8
2026-05-09 22:38:03 | INFO | my_functions.py:172 | Searching weekly3.PNG (timeout=0s)
2026-05-09 22:38:03 | INFO | my_functions.py:209 | 
⛔ Not found: weekly3.PNG after 0.01s region=(0, 0, 765, 1038) confidence=0.8
2026-05-09 22:38:03 | INFO | my_functions.py:258 | [DEBUG] Click skipped, image not found: weekly3.PNG
2026-05-09 22:38:03 | INFO | my_functions.py:231 | [DEBUG] wait_for_image_and_click -> weekly3.PNG timeout=0s delay_click=0.1s confidence=0.8
2026-05-09 22:38:03 | INFO | my_functions.py:172 | Searching weekly3.PNG (timeout=0s)
2026-05-09 22:38:03 | INFO | my_functions.py:209 | 
⛔ Not found: weekly3.PNG after 0.01s region=(0, 0, 765, 1038) confidence=0.8
2026-05-09 22:38:03 | INFO | my_functions.py:258 | [DEBUG] Click skipped, image not found: weekly3.PNG
2026-05-09 22:38:03 | INFO | my_functions.py:231 | [DEBUG] wait_for_image_and_click -> weekly3.PNG timeout=0s delay_click=0.1s confidence=0.8
2026-05-09 22:38:03 | INFO | my_functions.py:172 | Searching weekly3.PNG (timeout=0s)
2026-05-09 22:38:03 | INFO | my_functions.py:209 | 
⛔ Not found: weekly3.PNG after 0.01s region=(0, 0, 765, 1038) confidence=0.8
2026-05-09 22:38:03 | INFO | my_functions.py:258 | [DEBUG] Click skipped, image not found: weekly3.PNG
2026-05-09 22:38:03 | INFO | my_functions.py:231 | [DEBUG] wait_for_image_and_click -> weekly3.PNG timeout=0s delay_click=0.1s confidence=0.8
2026-05-09 22:38:03 | INFO | my_functions.py:172 | Searching weekly3.PNG (timeout=0s)
2026-05-09 22:38:04 | INFO | my_functions.py:209 | 
⛔ Not found: weekly3.PNG after 0.01s region=(0, 0, 765, 1038) confidence=0.8
2026-05-09 22:38:04 | INFO | my_functions.py:258 | [DEBUG] Click skipped, image not found: weekly3.PNG
2026-05-09 22:38:04 | INFO | my_functions.py:231 | [DEBUG] wait_for_image_and_click -> weekly3.PNG timeout=0s delay_click=0.1s confidence=0.8
2026-05-09 22:38:04 | INFO | my_functions.py:172 | Searching weekly3.PNG (timeout=0s)
2026-05-09 22:38:04 | INFO | my_functions.py:209 | 
⛔ Not found: weekly3.PNG after 0.01s region=(0, 0, 765, 1038) confidence=0.8
2026-05-09 22:38:04 | INFO | my_functions.py:258 | [DEBUG] Click skipped, image not found: weekly3.PNG
2026-05-09 22:38:04 | INFO | my_functions.py:231 | [DEBUG] wait_for_image_and_click -> weekly3.PNG timeout=0s delay_click=0.1s confidence=0.8
2026-05-09 22:38:04 | INFO | my_functions.py:172 | Searching weekly3.PNG (timeout=0s)
2026-05-09 22:38:04 | INFO | my_functions.py:209 | 
⛔ Not found: weekly3.PNG after 0.0s region=(0, 0, 765, 1038) confidence=0.8
2026-05-09 22:38:04 | INFO | my_functions.py:258 | [DEBUG] Click skipped, image not found: weekly3.PNG
2026-05-09 22:38:04 | INFO | my_functions.py:231 | [DEBUG] wait_for_image_and_click -> weekly3.PNG timeout=0s delay_click=0.1s confidence=0.8
2026-05-09 22:38:04 | INFO | my_functions.py:172 | Searching weekly3.PNG (timeout=0s)
2026-05-09 22:38:04 | INFO | my_functions.py:209 | 
⛔ Not found: weekly3.PNG after 0.01s region=(0, 0, 765, 1038) confidence=0.8
2026-05-09 22:38:04 | INFO | my_functions.py:258 | [DEBUG] Click skipped, image not found: weekly3.PNG
2026-05-09 22:38:04 | INFO | my_functions.py:295 | JSON file located at C:\Users\Farm\AppData\LocalLow\Second Dinner\SNAP\Standalone\States\nvprod\MissionState.json
2026-05-09 22:38:07 | INFO | my_functions.py:434 | AVAILABLE: 6
2026-05-09 22:38:07 | INFO | my_functions.py:444 | [INFO] Waiting for Notepad++ process...
2026-05-09 22:38:07 | INFO | my_functions.py:458 | [INFO] Notepad++ detected PID=8556
2026-05-09 22:38:10 | INFO | my_functions.py:466 | [SUCCESS] Notepad++ closed successfully
2026-05-09 22:38:11 | INFO | my_functions.py:146 | Presionando ESC (1/1)
2026-05-09 22:38:12 | INFO | my_functions.py:231 | [DEBUG] wait_for_image_and_click -> white_x.png timeout=2s delay_click=1s confidence=0.8
2026-05-09 22:38:12 | INFO | my_functions.py:172 | Searching white_x.png (timeout=2s)
2026-05-09 22:38:14 | INFO | my_functions.py:209 | 
⛔ Not found: white_x.png after 2.13s region=(0, 0, 765, 1038) confidence=0.8
2026-05-09 22:38:14 | INFO | my_functions.py:258 | [DEBUG] Click skipped, image not found: white_x.png
2026-05-09 22:38:14 | INFO | my_functions.py:172 | Searching play.PNG (timeout=0s)
2026-05-09 22:38:14 | INFO | my_functions.py:198 | 
✅ Found: play.PNG pos=(384, 824) time=0.2s confidence=0.8
2026-05-09 22:38:15 | INFO | my_functions.py:1563 | [INFO] Click realizado donde se equipa el deck a jugar
2026-05-09 22:38:19 | INFO | my_functions.py:231 | [DEBUG] wait_for_image_and_click -> deck_666666.png timeout=3s delay_click=1s confidence=0.8
2026-05-09 22:38:19 | INFO | my_functions.py:172 | Searching deck_666666.png (timeout=3s)
2026-05-09 22:38:19 | INFO | my_functions.py:198 | 
✅ Found: deck_666666.png pos=(235, 546) time=0.2s confidence=0.8
2026-05-09 22:38:20 | INFO | my_functions.py:138 | Haciendo click en la posición (235, 546)
2026-05-09 22:38:20 | INFO | my_functions.py:251 | 🖱️ Click OK: deck_666666.png at (235, 546) delay=1s
2026-05-09 22:38:20 | INFO | my_functions.py:231 | [DEBUG] wait_for_image_and_click -> equip.png timeout=3s delay_click=1s confidence=0.95
2026-05-09 22:38:20 | INFO | my_functions.py:172 | Searching equip.png (timeout=3s)
2026-05-09 22:38:20 | INFO | my_functions.py:198 | 
✅ Found: equip.png pos=(548, 983) time=0.19s confidence=0.95
2026-05-09 22:38:21 | INFO | my_functions.py:138 | Haciendo click en la posición (548, 983)
2026-05-09 22:38:21 | INFO | my_functions.py:251 | 🖱️ Click OK: equip.png at (548, 983) delay=1s
2026-05-09 22:38:21 | INFO | each_eight_hours.py:217 | Deck selected: 6turns
2026-05-09 22:38:21 | INFO | my_functions.py:231 | [DEBUG] wait_for_image_and_click -> maybe_later.PNG timeout=2s delay_click=1s confidence=0.8
2026-05-09 22:38:21 | INFO | my_functions.py:172 | Searching maybe_later.PNG (timeout=2s)
2026-05-09 22:38:24 | INFO | my_functions.py:209 | 
⛔ Not found: maybe_later.PNG after 2.08s region=(0, 0, 765, 1038) confidence=0.8
2026-05-09 22:38:24 | INFO | my_functions.py:258 | [DEBUG] Click skipped, image not found: maybe_later.PNG
2026-05-09 22:38:24 | INFO | my_functions.py:231 | [DEBUG] wait_for_image_and_click -> maybe_later2.PNG timeout=2s delay_click=1s confidence=0.8
2026-05-09 22:38:24 | INFO | my_functions.py:172 | Searching maybe_later2.PNG (timeout=2s)
2026-05-09 22:38:26 | INFO | my_functions.py:209 | 
⛔ Not found: maybe_later2.PNG after 2.01s region=(0, 0, 765, 1038) confidence=0.8
2026-05-09 22:38:26 | INFO | my_functions.py:258 | [DEBUG] Click skipped, image not found: maybe_later2.PNG
2026-05-09 22:38:26 | INFO | each_eight_hours.py:287 | Starting game loop 1
2026-05-09 22:38:26 | INFO | my_functions.py:231 | [DEBUG] wait_for_image_and_click -> play.PNG timeout=20s delay_click=3s confidence=0.8
2026-05-09 22:38:26 | INFO | my_functions.py:172 | Searching play.PNG (timeout=20s)
2026-05-09 22:38:26 | INFO | my_functions.py:198 | 
✅ Found: play.PNG pos=(384, 824) time=0.2s confidence=0.8
2026-05-09 22:38:29 | INFO | my_functions.py:138 | Haciendo click en la posición (384, 824)
2026-05-09 22:38:29 | INFO | my_functions.py:251 | 🖱️ Click OK: play.PNG at (384, 824) delay=3s
2026-05-09 22:38:29 | INFO | each_eight_hours.py:293 | Play button clicked
2026-05-09 22:38:42 | INFO | my_functions.py:198 | 
✅ Found: end_turn.PNG pos=(681, 945) time=0.16s confidence=0.8
2026-05-09 22:38:42 | INFO | my_functions.py:231 | [DEBUG] wait_for_image_and_click -> snap.PNG timeout=0s delay_click=1s confidence=0.8
2026-05-09 22:38:42 | INFO | my_functions.py:198 | 
✅ Found: snap.PNG pos=(386, 122) time=0.19s confidence=0.8
2026-05-09 22:38:43 | INFO | my_functions.py:138 | Haciendo click en la posición (386, 122)
2026-05-09 22:38:43 | INFO | my_functions.py:251 | 🖱️ Click OK: snap.PNG at (386, 122) delay=1s
2026-05-09 22:38:48 | INFO | my_functions.py:138 | Haciendo click en la posición (681, 945)
2026-05-09 22:38:49 | INFO | each_eight_hours.py:314 | End turn executed
2026-05-09 22:39:02 | INFO | my_functions.py:198 | 
✅ Found: end_turn.PNG pos=(681, 945) time=0.17s confidence=0.8
2026-05-09 22:39:02 | INFO | my_functions.py:231 | [DEBUG] wait_for_image_and_click -> snap.PNG timeout=0s delay_click=1s confidence=0.8
2026-05-09 22:39:02 | INFO | my_functions.py:258 | [DEBUG] Click skipped, image not found: snap.PNG
2026-05-09 22:39:07 | INFO | my_functions.py:138 | Haciendo click en la posición (681, 945)
2026-05-09 22:39:08 | INFO | each_eight_hours.py:314 | End turn executed
2026-05-09 22:39:26 | INFO | my_functions.py:198 | 
✅ Found: end_turn.PNG pos=(681, 945) time=0.16s confidence=0.8
2026-05-09 22:39:26 | INFO | my_functions.py:231 | [DEBUG] wait_for_image_and_click -> snap.PNG timeout=0s delay_click=1s confidence=0.8
2026-05-09 22:39:26 | INFO | my_functions.py:258 | [DEBUG] Click skipped, image not found: snap.PNG
2026-05-09 22:39:31 | INFO | my_functions.py:138 | Haciendo click en la posición (681, 945)
2026-05-09 22:39:32 | INFO | each_eight_hours.py:314 | End turn executed
2026-05-09 22:39:56 | INFO | my_functions.py:198 | 
✅ Found: end_turn.PNG pos=(681, 945) time=0.17s confidence=0.8
2026-05-09 22:39:56 | INFO | my_functions.py:231 | [DEBUG] wait_for_image_and_click -> snap.PNG timeout=0s delay_click=1s confidence=0.8
2026-05-09 22:39:56 | INFO | my_functions.py:258 | [DEBUG] Click skipped, image not found: snap.PNG
2026-05-09 22:40:01 | INFO | my_functions.py:138 | Haciendo click en la posición (681, 945)
2026-05-09 22:40:02 | INFO | each_eight_hours.py:314 | End turn executed
2026-05-09 22:40:22 | INFO | my_functions.py:198 | 
✅ Found: end_turn.PNG pos=(681, 945) time=0.19s confidence=0.8
2026-05-09 22:40:22 | INFO | my_functions.py:231 | [DEBUG] wait_for_image_and_click -> snap.PNG timeout=0s delay_click=1s confidence=0.8
2026-05-09 22:40:23 | INFO | my_functions.py:258 | [DEBUG] Click skipped, image not found: snap.PNG
2026-05-09 22:40:28 | INFO | my_functions.py:138 | Haciendo click en la posición (681, 945)
2026-05-09 22:40:29 | INFO | each_eight_hours.py:314 | End turn executed
2026-05-09 22:40:52 | INFO | my_functions.py:198 | 
✅ Found: end_turn.PNG pos=(681, 945) time=0.18s confidence=0.8
2026-05-09 22:40:52 | INFO | my_functions.py:231 | [DEBUG] wait_for_image_and_click -> snap.PNG timeout=0s delay_click=1s confidence=0.8
2026-05-09 22:40:52 | INFO | my_functions.py:258 | [DEBUG] Click skipped, image not found: snap.PNG
2026-05-09 22:40:57 | INFO | my_functions.py:138 | Haciendo click en la posición (681, 945)
2026-05-09 22:40:58 | INFO | each_eight_hours.py:314 | End turn executed
2026-05-09 22:41:22 | INFO | my_functions.py:198 | 
✅ Found: collect_rewards.PNG pos=(679, 957) time=0.21s confidence=0.8
2026-05-09 22:41:22 | INFO | each_eight_hours.py:353 | Rewards detected, exiting match
2026-05-09 22:41:22 | INFO | my_functions.py:231 | [DEBUG] wait_for_image_and_click -> collect_rewards.PNG timeout=20s delay_click=1s confidence=0.8
2026-05-09 22:41:22 | INFO | my_functions.py:172 | Searching collect_rewards.PNG (timeout=20s)
2026-05-09 22:41:22 | INFO | my_functions.py:198 | 
✅ Found: collect_rewards.PNG pos=(679, 957) time=0.24s confidence=0.8
2026-05-09 22:41:23 | INFO | my_functions.py:138 | Haciendo click en la posición (679, 957)
2026-05-09 22:41:24 | INFO | my_functions.py:251 | 🖱️ Click OK: collect_rewards.PNG at (679, 957) delay=1s
2026-05-09 22:41:24 | INFO | my_functions.py:231 | [DEBUG] wait_for_image_and_click -> next.PNG timeout=20s delay_click=1s confidence=0.8
2026-05-09 22:41:24 | INFO | my_functions.py:172 | Searching next.PNG (timeout=20s)
2026-05-09 22:41:29 | INFO | my_functions.py:198 | 
✅ Found: next.PNG pos=(677, 973) time=5.07s confidence=0.8
2026-05-09 22:41:30 | INFO | my_functions.py:138 | Haciendo click en la posición (677, 973)
2026-05-09 22:41:30 | INFO | my_functions.py:251 | 🖱️ Click OK: next.PNG at (677, 973) delay=1s
2026-05-09 22:41:34 | INFO | my_functions.py:434 | AVAILABLE: 6
2026-05-09 22:41:34 | INFO | my_functions.py:444 | [INFO] Waiting for Notepad++ process...
2026-05-09 22:41:34 | INFO | my_functions.py:458 | [INFO] Notepad++ detected PID=9320
2026-05-09 22:41:37 | INFO | my_functions.py:466 | [SUCCESS] Notepad++ closed successfully
2026-05-09 22:41:38 | INFO | each_eight_hours.py:421 | Submissions after match: 6
2026-05-09 22:41:38 | INFO | my_functions.py:378 | Misiones completadas: 1
2026-05-09 22:41:38 | INFO | each_eight_hours.py:287 | Starting game loop 2
2026-05-09 22:41:38 | INFO | my_functions.py:231 | [DEBUG] wait_for_image_and_click -> play.PNG timeout=20s delay_click=3s confidence=0.8
2026-05-09 22:41:38 | INFO | my_functions.py:172 | Searching play.PNG (timeout=20s)
2026-05-09 22:41:38 | INFO | my_functions.py:198 | 
✅ Found: play.PNG pos=(384, 824) time=0.22s confidence=0.8
2026-05-09 22:41:41 | INFO | my_functions.py:138 | Haciendo click en la posición (384, 824)
2026-05-09 22:41:42 | INFO | my_functions.py:251 | 🖱️ Click OK: play.PNG at (384, 824) delay=3s
2026-05-09 22:41:42 | INFO | each_eight_hours.py:293 | Play button clicked
2026-05-09 22:41:53 | INFO | my_functions.py:198 | 
✅ Found: end_turn.PNG pos=(681, 945) time=0.19s confidence=0.8
2026-05-09 22:41:53 | INFO | my_functions.py:231 | [DEBUG] wait_for_image_and_click -> snap.PNG timeout=0s delay_click=1s confidence=0.8
2026-05-09 22:41:53 | INFO | my_functions.py:198 | 
✅ Found: snap.PNG pos=(386, 123) time=0.18s confidence=0.8
2026-05-09 22:41:54 | INFO | my_functions.py:138 | Haciendo click en la posición (386, 123)
2026-05-09 22:41:54 | INFO | my_functions.py:251 | 🖱️ Click OK: snap.PNG at (386, 123) delay=1s
2026-05-09 22:42:00 | INFO | my_functions.py:138 | Haciendo click en la posición (681, 945)
2026-05-09 22:42:01 | INFO | each_eight_hours.py:314 | End turn executed
2026-05-09 22:42:15 | INFO | my_functions.py:198 | 
✅ Found: end_turn.PNG pos=(681, 945) time=0.17s confidence=0.8
2026-05-09 22:42:15 | INFO | my_functions.py:231 | [DEBUG] wait_for_image_and_click -> snap.PNG timeout=0s delay_click=1s confidence=0.8
2026-05-09 22:42:15 | INFO | my_functions.py:258 | [DEBUG] Click skipped, image not found: snap.PNG
2026-05-09 22:42:20 | INFO | my_functions.py:138 | Haciendo click en la posición (681, 945)
2026-05-09 22:42:21 | INFO | each_eight_hours.py:314 | End turn executed
2026-05-09 22:42:40 | INFO | my_functions.py:198 | 
✅ Found: end_turn.PNG pos=(681, 945) time=0.18s confidence=0.8
2026-05-09 22:42:40 | INFO | my_functions.py:231 | [DEBUG] wait_for_image_and_click -> snap.PNG timeout=0s delay_click=1s confidence=0.8
2026-05-09 22:42:40 | INFO | my_functions.py:258 | [DEBUG] Click skipped, image not found: snap.PNG
2026-05-09 22:42:45 | INFO | my_functions.py:138 | Haciendo click en la posición (681, 945)
2026-05-09 22:42:46 | INFO | each_eight_hours.py:314 | End turn executed
2026-05-09 22:43:13 | INFO | my_functions.py:198 | 
✅ Found: end_turn.PNG pos=(681, 945) time=0.18s confidence=0.8
2026-05-09 22:43:13 | INFO | my_functions.py:231 | [DEBUG] wait_for_image_and_click -> snap.PNG timeout=0s delay_click=1s confidence=0.8
2026-05-09 22:43:13 | INFO | my_functions.py:258 | [DEBUG] Click skipped, image not found: snap.PNG
2026-05-09 22:43:18 | INFO | my_functions.py:138 | Haciendo click en la posición (681, 945)
2026-05-09 22:43:19 | INFO | each_eight_hours.py:314 | End turn executed
2026-05-09 22:43:37 | INFO | my_functions.py:198 | 
✅ Found: end_turn.PNG pos=(681, 945) time=0.16s confidence=0.8
2026-05-09 22:43:37 | INFO | my_functions.py:231 | [DEBUG] wait_for_image_and_click -> snap.PNG timeout=0s delay_click=1s confidence=0.8
2026-05-09 22:43:37 | INFO | my_functions.py:258 | [DEBUG] Click skipped, image not found: snap.PNG
2026-05-09 22:43:42 | INFO | my_functions.py:138 | Haciendo click en la posición (681, 945)
2026-05-09 22:43:43 | INFO | each_eight_hours.py:314 | End turn executed
2026-05-09 22:43:55 | INFO | my_functions.py:198 | 
✅ Found: end_turn.PNG pos=(681, 945) time=0.18s confidence=0.8
2026-05-09 22:43:55 | INFO | my_functions.py:231 | [DEBUG] wait_for_image_and_click -> snap.PNG timeout=0s delay_click=1s confidence=0.8
2026-05-09 22:43:55 | INFO | my_functions.py:258 | [DEBUG] Click skipped, image not found: snap.PNG
2026-05-09 22:44:00 | INFO | my_functions.py:138 | Haciendo click en la posición (681, 945)
2026-05-09 22:44:01 | INFO | each_eight_hours.py:314 | End turn executed
2026-05-09 22:44:22 | INFO | my_functions.py:198 | 
✅ Found: collect_rewards.PNG pos=(679, 957) time=0.21s confidence=0.8
2026-05-09 22:44:22 | INFO | each_eight_hours.py:353 | Rewards detected, exiting match
2026-05-09 22:44:22 | INFO | my_functions.py:231 | [DEBUG] wait_for_image_and_click -> collect_rewards.PNG timeout=20s delay_click=1s confidence=0.8
2026-05-09 22:44:22 | INFO | my_functions.py:172 | Searching collect_rewards.PNG (timeout=20s)
2026-05-09 22:44:22 | INFO | my_functions.py:198 | 
✅ Found: collect_rewards.PNG pos=(679, 957) time=0.22s confidence=0.8
2026-05-09 22:44:23 | INFO | my_functions.py:138 | Haciendo click en la posición (679, 957)
2026-05-09 22:44:23 | INFO | my_functions.py:251 | 🖱️ Click OK: collect_rewards.PNG at (679, 957) delay=1s
2026-05-09 22:44:23 | INFO | my_functions.py:231 | [DEBUG] wait_for_image_and_click -> next.PNG timeout=20s delay_click=1s confidence=0.8
2026-05-09 22:44:23 | INFO | my_functions.py:172 | Searching next.PNG (timeout=20s)
2026-05-09 22:44:28 | INFO | my_functions.py:198 | 
✅ Found: next.PNG pos=(677, 973) time=5.22s confidence=0.8
2026-05-09 22:44:29 | INFO | my_functions.py:138 | Haciendo click en la posición (677, 973)
2026-05-09 22:44:29 | INFO | my_functions.py:251 | 🖱️ Click OK: next.PNG at (677, 973) delay=1s
2026-05-09 22:44:33 | INFO | my_functions.py:434 | AVAILABLE: 6
2026-05-09 22:44:33 | INFO | my_functions.py:444 | [INFO] Waiting for Notepad++ process...
2026-05-09 22:44:34 | INFO | my_functions.py:458 | [INFO] Notepad++ detected PID=8612
2026-05-09 22:44:37 | INFO | my_functions.py:466 | [SUCCESS] Notepad++ closed successfully
2026-05-09 22:44:38 | INFO | each_eight_hours.py:421 | Submissions after match: 6
2026-05-09 22:44:38 | INFO | my_functions.py:378 | Misiones completadas: 3
2026-05-09 22:44:38 | INFO | each_eight_hours.py:425 | Submission condition met, breaking loop
2026-05-09 22:44:38 | INFO | my_functions.py:231 | [DEBUG] wait_for_image_and_click -> missionsNotify2.png timeout=20s delay_click=3s confidence=0.8
2026-05-09 22:44:38 | INFO | my_functions.py:172 | Searching missionsNotify2.png (timeout=20s)
2026-05-09 22:44:38 | INFO | my_functions.py:198 | 
✅ Found: missionsNotify2.png pos=(538, 124) time=0.19s confidence=0.8
2026-05-09 22:44:41 | INFO | my_functions.py:138 | Haciendo click en la posición (538, 124)
2026-05-09 22:44:41 | INFO | my_functions.py:251 | 🖱️ Click OK: missionsNotify2.png at (538, 124) delay=3s
2026-05-09 22:44:41 | INFO | my_functions.py:1593 | [INFO] Iniciando click_missions_blue2
2026-05-09 22:44:41 | INFO | my_functions.py:138 | Haciendo click en la posición (150, 132)
2026-05-09 22:44:42 | INFO | my_functions.py:1596 | [ACTION] Click hecho en icono de calendario que me dirige a las misiones ordinarias
2026-05-09 22:44:42 | INFO | my_functions.py:172 | Searching bonus_challenge.png (timeout=0s)
2026-05-09 22:44:43 | INFO | my_functions.py:209 | 
⛔ Not found: bonus_challenge.png after 0.0s region=(0, 0, 765, 1038) confidence=0.8
2026-05-09 22:44:45 | INFO | my_functions.py:138 | Haciendo click en la posición (362, 493)
2026-05-09 22:44:46 | INFO | my_functions.py:1609 | [ACTION] Click 1/3 en misión azul
2026-05-09 22:44:46 | INFO | my_functions.py:138 | Haciendo click en la posición (362, 493)
2026-05-09 22:44:47 | INFO | my_functions.py:1609 | [ACTION] Click 2/3 en misión azul
2026-05-09 22:44:48 | INFO | my_functions.py:138 | Haciendo click en la posición (362, 493)
2026-05-09 22:44:49 | INFO | my_functions.py:1609 | [ACTION] Click 3/3 en misión azul
2026-05-09 22:44:50 | INFO | my_functions.py:172 | Searching flechita_mission.PNG (timeout=0s)
2026-05-09 22:44:50 | INFO | my_functions.py:209 | 
⛔ Not found: flechita_mission.PNG after 0.16s region=(0, 0, 765, 1038) confidence=0.8
2026-05-09 22:44:50 | INFO | my_functions.py:231 | [DEBUG] wait_for_image_and_click -> weekly3.PNG timeout=0s delay_click=0.1s confidence=0.8
2026-05-09 22:44:50 | INFO | my_functions.py:172 | Searching weekly3.PNG (timeout=0s)
2026-05-09 22:44:50 | INFO | my_functions.py:209 | 
⛔ Not found: weekly3.PNG after 0.0s region=(0, 0, 765, 1038) confidence=0.8
2026-05-09 22:44:50 | INFO | my_functions.py:258 | [DEBUG] Click skipped, image not found: weekly3.PNG
2026-05-09 22:44:50 | INFO | my_functions.py:231 | [DEBUG] wait_for_image_and_click -> weekly3.PNG timeout=0s delay_click=0.1s confidence=0.8
2026-05-09 22:44:50 | INFO | my_functions.py:172 | Searching weekly3.PNG (timeout=0s)
2026-05-09 22:44:50 | INFO | my_functions.py:209 | 
⛔ Not found: weekly3.PNG after 0.01s region=(0, 0, 765, 1038) confidence=0.8
2026-05-09 22:44:50 | INFO | my_functions.py:258 | [DEBUG] Click skipped, image not found: weekly3.PNG
2026-05-09 22:44:50 | INFO | my_functions.py:231 | [DEBUG] wait_for_image_and_click -> weekly3.PNG timeout=0s delay_click=0.1s confidence=0.8
2026-05-09 22:44:50 | INFO | my_functions.py:172 | Searching weekly3.PNG (timeout=0s)
2026-05-09 22:44:51 | INFO | my_functions.py:209 | 
⛔ Not found: weekly3.PNG after 0.01s region=(0, 0, 765, 1038) confidence=0.8
2026-05-09 22:44:51 | INFO | my_functions.py:258 | [DEBUG] Click skipped, image not found: weekly3.PNG
2026-05-09 22:44:51 | INFO | my_functions.py:231 | [DEBUG] wait_for_image_and_click -> weekly3.PNG timeout=0s delay_click=0.1s confidence=0.8
2026-05-09 22:44:51 | INFO | my_functions.py:172 | Searching weekly3.PNG (timeout=0s)
2026-05-09 22:44:51 | INFO | my_functions.py:209 | 
⛔ Not found: weekly3.PNG after 0.01s region=(0, 0, 765, 1038) confidence=0.8
2026-05-09 22:44:51 | INFO | my_functions.py:258 | [DEBUG] Click skipped, image not found: weekly3.PNG
2026-05-09 22:44:51 | INFO | my_functions.py:231 | [DEBUG] wait_for_image_and_click -> weekly3.PNG timeout=0s delay_click=0.1s confidence=0.8
2026-05-09 22:44:51 | INFO | my_functions.py:172 | Searching weekly3.PNG (timeout=0s)
2026-05-09 22:44:51 | INFO | my_functions.py:209 | 
⛔ Not found: weekly3.PNG after 0.01s region=(0, 0, 765, 1038) confidence=0.8
2026-05-09 22:44:51 | INFO | my_functions.py:258 | [DEBUG] Click skipped, image not found: weekly3.PNG
2026-05-09 22:44:51 | INFO | my_functions.py:231 | [DEBUG] wait_for_image_and_click -> weekly3.PNG timeout=0s delay_click=0.1s confidence=0.8
2026-05-09 22:44:51 | INFO | my_functions.py:172 | Searching weekly3.PNG (timeout=0s)
2026-05-09 22:44:51 | INFO | my_functions.py:209 | 
⛔ Not found: weekly3.PNG after 0.01s region=(0, 0, 765, 1038) confidence=0.8
2026-05-09 22:44:51 | INFO | my_functions.py:258 | [DEBUG] Click skipped, image not found: weekly3.PNG
2026-05-09 22:44:51 | INFO | my_functions.py:231 | [DEBUG] wait_for_image_and_click -> weekly3.PNG timeout=0s delay_click=0.1s confidence=0.8
2026-05-09 22:44:51 | INFO | my_functions.py:172 | Searching weekly3.PNG (timeout=0s)
2026-05-09 22:44:51 | INFO | my_functions.py:209 | 
⛔ Not found: weekly3.PNG after 0.01s region=(0, 0, 765, 1038) confidence=0.8
2026-05-09 22:44:51 | INFO | my_functions.py:258 | [DEBUG] Click skipped, image not found: weekly3.PNG
2026-05-09 22:44:51 | INFO | my_functions.py:231 | [DEBUG] wait_for_image_and_click -> weekly3.PNG timeout=0s delay_click=0.1s confidence=0.8
2026-05-09 22:44:51 | INFO | my_functions.py:172 | Searching weekly3.PNG (timeout=0s)
2026-05-09 22:44:52 | INFO | my_functions.py:209 | 
⛔ Not found: weekly3.PNG after 0.18s region=(0, 0, 765, 1038) confidence=0.8
2026-05-09 22:44:52 | INFO | my_functions.py:258 | [DEBUG] Click skipped, image not found: weekly3.PNG
2026-05-09 22:44:52 | INFO | my_functions.py:231 | [DEBUG] wait_for_image_and_click -> weekly3.PNG timeout=0s delay_click=0.1s confidence=0.8
2026-05-09 22:44:52 | INFO | my_functions.py:172 | Searching weekly3.PNG (timeout=0s)
2026-05-09 22:44:52 | INFO | my_functions.py:209 | 
⛔ Not found: weekly3.PNG after 0.01s region=(0, 0, 765, 1038) confidence=0.8
2026-05-09 22:44:52 | INFO | my_functions.py:258 | [DEBUG] Click skipped, image not found: weekly3.PNG
2026-05-09 22:44:52 | INFO | my_functions.py:231 | [DEBUG] wait_for_image_and_click -> weekly3.PNG timeout=0s delay_click=0.1s confidence=0.8
2026-05-09 22:44:52 | INFO | my_functions.py:172 | Searching weekly3.PNG (timeout=0s)
2026-05-09 22:44:52 | INFO | my_functions.py:209 | 
⛔ Not found: weekly3.PNG after 0.01s region=(0, 0, 765, 1038) confidence=0.8
2026-05-09 22:44:52 | INFO | my_functions.py:258 | [DEBUG] Click skipped, image not found: weekly3.PNG
2026-05-09 22:44:52 | INFO | my_functions.py:138 | Haciendo click en la posición (557, 64)
2026-05-09 22:44:53 | INFO | my_functions.py:231 | [DEBUG] wait_for_image_and_click -> cards_shop.PNG timeout=20s delay_click=1s confidence=0.8
2026-05-09 22:44:53 | INFO | my_functions.py:172 | Searching cards_shop.PNG (timeout=20s)
2026-05-09 22:44:54 | INFO | my_functions.py:198 | 
✅ Found: cards_shop.PNG pos=(568, 121) time=0.57s confidence=0.8
2026-05-09 22:44:55 | INFO | my_functions.py:138 | Haciendo click en la posición (568, 121)
2026-05-09 22:44:55 | INFO | my_functions.py:251 | 🖱️ Click OK: cards_shop.PNG at (568, 121) delay=1s
2026-05-09 22:44:55 | INFO | my_functions.py:231 | [DEBUG] wait_for_image_and_click -> token_icon.PNG timeout=20s delay_click=1s confidence=0.8
2026-05-09 22:44:55 | INFO | my_functions.py:172 | Searching token_icon.PNG (timeout=20s)
2026-05-09 22:44:57 | INFO | my_functions.py:198 | 
✅ Found: token_icon.PNG pos=(531, 171) time=1.92s confidence=0.8
2026-05-09 22:44:58 | INFO | my_functions.py:138 | Haciendo click en la posición (531, 171)
2026-05-09 22:44:58 | INFO | my_functions.py:251 | 🖱️ Click OK: token_icon.PNG at (531, 171) delay=1s
2026-05-09 22:45:00 | INFO | my_functions.py:231 | [DEBUG] wait_for_image_and_click -> claim!_token_3.PNG timeout=4s delay_click=1s confidence=0.8
2026-05-09 22:45:00 | INFO | my_functions.py:172 | Searching claim!_token_3.PNG (timeout=4s)
2026-05-09 22:45:04 | INFO | my_functions.py:209 | 
⛔ Not found: claim!_token_3.PNG after 4.13s region=(0, 0, 765, 1038) confidence=0.8
2026-05-09 22:45:04 | INFO | my_functions.py:258 | [DEBUG] Click skipped, image not found: claim!_token_3.PNG
2026-05-09 22:45:04 | INFO | my_functions.py:231 | [DEBUG] wait_for_image_and_click -> offers.PNG timeout=0.1s delay_click=1s confidence=0.8
2026-05-09 22:45:04 | INFO | my_functions.py:172 | Searching offers.PNG (timeout=0.1s)
2026-05-09 22:45:05 | INFO | my_functions.py:198 | 
✅ Found: offers.PNG pos=(197, 121) time=0.2s confidence=0.8
2026-05-09 22:45:06 | INFO | my_functions.py:138 | Haciendo click en la posición (197, 121)
2026-05-09 22:45:06 | INFO | my_functions.py:251 | 🖱️ Click OK: offers.PNG at (197, 121) delay=1s
2026-05-09 22:45:06 | INFO | my_functions.py:231 | [DEBUG] wait_for_image_and_click -> credits_selected.png timeout=0.1s delay_click=1s confidence=0.8
2026-05-09 22:45:06 | INFO | my_functions.py:172 | Searching credits_selected.png (timeout=0.1s)
2026-05-09 22:45:06 | INFO | my_functions.py:198 | 
✅ Found: credits_selected.png pos=(442, 168) time=0.19s confidence=0.8
2026-05-09 22:45:07 | INFO | my_functions.py:138 | Haciendo click en la posición (442, 168)
2026-05-09 22:45:07 | INFO | my_functions.py:251 | 🖱️ Click OK: credits_selected.png at (442, 168) delay=1s
2026-05-09 22:45:09 | INFO | my_functions.py:231 | [DEBUG] wait_for_image_and_click -> claim_25_credits.png timeout=2s delay_click=1s confidence=0.8
2026-05-09 22:45:09 | INFO | my_functions.py:172 | Searching claim_25_credits.png (timeout=2s)
2026-05-09 22:45:09 | INFO | my_functions.py:198 | 
✅ Found: claim_25_credits.png pos=(236, 328) time=0.2s confidence=0.8
2026-05-09 22:45:10 | INFO | my_functions.py:138 | Haciendo click en la posición (236, 328)
2026-05-09 22:45:10 | INFO | my_functions.py:251 | 🖱️ Click OK: claim_25_credits.png at (236, 328) delay=1s
2026-05-09 22:45:10 | INFO | my_functions.py:231 | [DEBUG] wait_for_image_and_click -> cards_shop.PNG timeout=20s delay_click=1s confidence=0.8
2026-05-09 22:45:10 | INFO | my_functions.py:172 | Searching cards_shop.PNG (timeout=20s)
2026-05-09 22:45:10 | INFO | my_functions.py:198 | 
✅ Found: cards_shop.PNG pos=(568, 121) time=0.18s confidence=0.8
2026-05-09 22:45:11 | INFO | my_functions.py:138 | Haciendo click en la posición (568, 121)
2026-05-09 22:45:12 | INFO | my_functions.py:251 | 🖱️ Click OK: cards_shop.PNG at (568, 121) delay=1s
2026-05-09 22:45:12 | INFO | my_functions.py:231 | [DEBUG] wait_for_image_and_click -> offers.PNG timeout=20s delay_click=1s confidence=0.8
2026-05-09 22:45:12 | INFO | my_functions.py:172 | Searching offers.PNG (timeout=20s)
2026-05-09 22:45:12 | INFO | my_functions.py:198 | 
✅ Found: offers.PNG pos=(197, 122) time=0.2s confidence=0.8
2026-05-09 22:45:13 | INFO | my_functions.py:138 | Haciendo click en la posición (197, 122)
2026-05-09 22:45:13 | INFO | my_functions.py:251 | 🖱️ Click OK: offers.PNG at (197, 122) delay=1s
2026-05-09 22:45:13 | INFO | my_functions.py:1491 | [INFO] Iniciando mejora de cartas
2026-05-09 22:45:13 | INFO | my_functions.py:231 | [DEBUG] wait_for_image_and_click -> upgrade_cards_icon.PNG timeout=20s delay_click=1s confidence=0.8
2026-05-09 22:45:13 | INFO | my_functions.py:172 | Searching upgrade_cards_icon.PNG (timeout=20s)
2026-05-09 22:45:13 | INFO | my_functions.py:198 | 
✅ Found: upgrade_cards_icon.PNG pos=(322, 170) time=0.19s confidence=0.8
2026-05-09 22:45:14 | INFO | my_functions.py:138 | Haciendo click en la posición (322, 170)
2026-05-09 22:45:14 | INFO | my_functions.py:251 | 🖱️ Click OK: upgrade_cards_icon.PNG at (322, 170) delay=1s
2026-05-09 22:45:14 | INFO | my_functions.py:1495 | [INFO] Abriendo icono de upgrade_cards
2026-05-09 22:45:15 | INFO | my_functions.py:1501 | [STEP] Mejorando carta 1
2026-05-09 22:45:16 | INFO | my_functions.py:1505 | [ACTION] Click en carta 1
2026-05-09 22:45:17 | INFO | my_functions.py:1510 | [ACTION] Click en botón upgrade
2026-05-09 22:45:24 | INFO | my_functions.py:231 | [DEBUG] wait_for_image_and_click -> you_need_more_credits!.png timeout=3s delay_click=1s confidence=0.8
2026-05-09 22:45:24 | INFO | my_functions.py:172 | Searching you_need_more_credits!.png (timeout=3s)
2026-05-09 22:45:27 | INFO | my_functions.py:209 | 
⛔ Not found: you_need_more_credits!.png after 3.08s region=(0, 0, 765, 1038) confidence=0.8
2026-05-09 22:45:27 | INFO | my_functions.py:258 | [DEBUG] Click skipped, image not found: you_need_more_credits!.png
2026-05-09 22:45:32 | INFO | my_functions.py:1525 | [ACTION] Click para continuar a stage de nivel de coleccion
2026-05-09 22:45:37 | INFO | my_functions.py:146 | Presionando ESC (1/1)
2026-05-09 22:45:38 | INFO | my_functions.py:1530 | [ACTION] Saliendo de stage nivel de coleccion con ESC
2026-05-09 22:45:39 | INFO | my_functions.py:231 | [DEBUG] wait_for_image_and_click -> upgrade_cards_icon_selected.PNG timeout=0s delay_click=1s confidence=0.8
2026-05-09 22:45:39 | INFO | my_functions.py:172 | Searching upgrade_cards_icon_selected.PNG (timeout=0s)
2026-05-09 22:45:39 | INFO | my_functions.py:198 | 
✅ Found: upgrade_cards_icon_selected.PNG pos=(320, 173) time=0.18s confidence=0.8
2026-05-09 22:45:40 | INFO | my_functions.py:138 | Haciendo click en la posición (320, 173)
2026-05-09 22:45:40 | INFO | my_functions.py:251 | 🖱️ Click OK: upgrade_cards_icon_selected.PNG at (320, 173) delay=1s
2026-05-09 22:45:40 | INFO | my_functions.py:1550 | [INFO] Reabriendo icono de upgrade_cards
2026-05-09 22:45:41 | INFO | my_functions.py:1501 | [STEP] Mejorando carta 2
2026-05-09 22:45:41 | INFO | my_functions.py:1505 | [ACTION] Click en carta 2
2026-05-09 22:45:42 | INFO | my_functions.py:1510 | [ACTION] Click en botón upgrade
2026-05-09 22:45:49 | INFO | my_functions.py:231 | [DEBUG] wait_for_image_and_click -> you_need_more_credits!.png timeout=3s delay_click=1s confidence=0.8
2026-05-09 22:45:49 | INFO | my_functions.py:172 | Searching you_need_more_credits!.png (timeout=3s)
2026-05-09 22:45:53 | INFO | my_functions.py:209 | 
⛔ Not found: you_need_more_credits!.png after 3.17s region=(0, 0, 765, 1038) confidence=0.8
2026-05-09 22:45:53 | INFO | my_functions.py:258 | [DEBUG] Click skipped, image not found: you_need_more_credits!.png
2026-05-09 22:45:58 | INFO | my_functions.py:1525 | [ACTION] Click para continuar a stage de nivel de coleccion
2026-05-09 22:46:03 | INFO | my_functions.py:146 | Presionando ESC (1/1)
2026-05-09 22:46:04 | INFO | my_functions.py:1530 | [ACTION] Saliendo de stage nivel de coleccion con ESC
2026-05-09 22:46:05 | INFO | my_functions.py:231 | [DEBUG] wait_for_image_and_click -> upgrade_cards_icon_selected.PNG timeout=0s delay_click=1s confidence=0.8
2026-05-09 22:46:05 | INFO | my_functions.py:172 | Searching upgrade_cards_icon_selected.PNG (timeout=0s)
2026-05-09 22:46:05 | INFO | my_functions.py:198 | 
✅ Found: upgrade_cards_icon_selected.PNG pos=(320, 173) time=0.17s confidence=0.8
2026-05-09 22:46:06 | INFO | my_functions.py:138 | Haciendo click en la posición (320, 173)
2026-05-09 22:46:06 | INFO | my_functions.py:251 | 🖱️ Click OK: upgrade_cards_icon_selected.PNG at (320, 173) delay=1s
2026-05-09 22:46:06 | INFO | my_functions.py:1550 | [INFO] Reabriendo icono de upgrade_cards
2026-05-09 22:46:07 | INFO | my_functions.py:1501 | [STEP] Mejorando carta 3
2026-05-09 22:46:07 | INFO | my_functions.py:1505 | [ACTION] Click en carta 3
2026-05-09 22:46:08 | INFO | my_functions.py:1510 | [ACTION] Click en botón upgrade
2026-05-09 22:46:15 | INFO | my_functions.py:231 | [DEBUG] wait_for_image_and_click -> you_need_more_credits!.png timeout=3s delay_click=1s confidence=0.8
2026-05-09 22:46:15 | INFO | my_functions.py:172 | Searching you_need_more_credits!.png (timeout=3s)
2026-05-09 22:46:19 | INFO | my_functions.py:209 | 
⛔ Not found: you_need_more_credits!.png after 3.11s region=(0, 0, 765, 1038) confidence=0.8
2026-05-09 22:46:19 | INFO | my_functions.py:258 | [DEBUG] Click skipped, image not found: you_need_more_credits!.png
2026-05-09 22:46:24 | INFO | my_functions.py:1525 | [ACTION] Click para continuar a stage de nivel de coleccion
2026-05-09 22:46:29 | INFO | my_functions.py:146 | Presionando ESC (1/1)
2026-05-09 22:46:29 | INFO | my_functions.py:1530 | [ACTION] Saliendo de stage nivel de coleccion con ESC
2026-05-09 22:46:30 | INFO | my_functions.py:1553 | [INFO] Mejora de cartas completada ✅
2026-05-09 22:46:30 | INFO | my_functions.py:146 | Presionando ESC (1/1)
2026-05-09 22:46:31 | INFO | each_eight_hours.py:437 | Finished all games
2026-05-09 22:46:31 | INFO | my_functions.py:1443 | [DEBUG] Starting logout process...
2026-05-09 22:46:31 | INFO | my_functions.py:1445 | [DEBUG] Clicking nut icon...
2026-05-09 22:46:31 | INFO | my_functions.py:231 | [DEBUG] wait_for_image_and_click -> nut.png timeout=20s delay_click=1s confidence=0.8
2026-05-09 22:46:31 | INFO | my_functions.py:172 | Searching nut.png (timeout=20s)
2026-05-09 22:46:31 | INFO | my_functions.py:198 | 
✅ Found: nut.png pos=(184, 78) time=0.19s confidence=0.8
2026-05-09 22:46:32 | INFO | my_functions.py:138 | Haciendo click en la posición (184, 78)
2026-05-09 22:46:32 | INFO | my_functions.py:251 | 🖱️ Click OK: nut.png at (184, 78) delay=1s
2026-05-09 22:46:32 | INFO | my_functions.py:1448 | [DEBUG] Waiting for graphics quality image...
2026-05-09 22:46:32 | INFO | my_functions.py:172 | Searching graphics_quality.png (timeout=3s)
2026-05-09 22:46:33 | INFO | my_functions.py:198 | 
✅ Found: graphics_quality.png pos=(304, 644) time=0.83s confidence=0.8
2026-05-09 22:46:33 | INFO | my_functions.py:1450 | [DEBUG] graphics_quality result: Point(x=304, y=644)
2026-05-09 22:46:33 | INFO | my_functions.py:1456 | [DEBUG] Clicking graphics quality...
2026-05-09 22:46:34 | INFO | my_functions.py:1461 | [DEBUG] Scrolling down...
2026-05-09 22:46:34 | INFO | my_functions.py:1464 | [DEBUG] Clicking sign_out...
2026-05-09 22:46:34 | INFO | my_functions.py:231 | [DEBUG] wait_for_image_and_click -> sign_out.png timeout=20s delay_click=1s confidence=0.8
2026-05-09 22:46:34 | INFO | my_functions.py:172 | Searching sign_out.png (timeout=20s)
2026-05-09 22:46:35 | INFO | my_functions.py:198 | 
✅ Found: sign_out.png pos=(380, 796) time=0.18s confidence=0.8
2026-05-09 22:46:36 | INFO | my_functions.py:138 | Haciendo click en la posición (380, 796)
2026-05-09 22:46:36 | INFO | my_functions.py:251 | 🖱️ Click OK: sign_out.png at (380, 796) delay=1s
2026-05-09 22:46:37 | INFO | my_functions.py:1469 | [DEBUG] Clicking big sign_out...
2026-05-09 22:46:37 | INFO | my_functions.py:231 | [DEBUG] wait_for_image_and_click -> sign_out_grande.png timeout=20s delay_click=1s confidence=0.8
2026-05-09 22:46:37 | INFO | my_functions.py:172 | Searching sign_out_grande.png (timeout=20s)
2026-05-09 22:46:37 | INFO | my_functions.py:198 | 
✅ Found: sign_out_grande.png pos=(359, 437) time=0.19s confidence=0.8
2026-05-09 22:46:38 | INFO | my_functions.py:138 | Haciendo click en la posición (359, 437)
2026-05-09 22:46:38 | INFO | my_functions.py:251 | 🖱️ Click OK: sign_out_grande.png at (359, 437) delay=1s
2026-05-09 22:46:38 | INFO | my_functions.py:1472 | [DEBUG] Clicking sign_out2...
2026-05-09 22:46:38 | INFO | my_functions.py:231 | [DEBUG] wait_for_image_and_click -> sign_out2.png timeout=20s delay_click=1s confidence=0.8
2026-05-09 22:46:38 | INFO | my_functions.py:172 | Searching sign_out2.png (timeout=20s)
2026-05-09 22:46:38 | INFO | my_functions.py:198 | 
✅ Found: sign_out2.png pos=(383, 634) time=0.19s confidence=0.8
2026-05-09 22:46:39 | INFO | my_functions.py:138 | Haciendo click en la posición (383, 634)
2026-05-09 22:46:40 | INFO | my_functions.py:251 | 🖱️ Click OK: sign_out2.png at (383, 634) delay=1s
2026-05-09 22:46:40 | INFO | my_functions.py:1475 | [DEBUG] Resizing SNAP window...
2026-05-09 22:46:40 | INFO | my_functions.py:1668 | ⏱ Esperando 0.1 segundos antes de empezar...
2026-05-09 22:46:40 | INFO | my_functions.py:1675 | 🔍 Esperando ventana que contenga alguna de: SNAP (máx 20s)
2026-05-09 22:46:40 | INFO | my_functions.py:1687 | ✅ Ventana encontrada: 'SNAP'
2026-05-09 22:46:40 | INFO | my_functions.py:1702 | ✅ Ventana seleccionada: 'SNAP'
2026-05-09 22:46:42 | INFO | my_functions.py:1725 | 🔁 Reajuste #1...
2026-05-09 22:46:44 | INFO | my_functions.py:1732 | ✔ Verificación completa. Se hicieron 1 reajustes.
2026-05-09 22:46:45 | INFO | my_functions.py:1484 | snap.exe closed
2026-05-09 22:46:48 | INFO | my_functions.py:1487 | [DEBUG] Logout completed successfully.
2026-05-09 22:46:48 | INFO | each_eight_hours.py:146 | Processing account: robert
2026-05-09 22:46:48 | INFO | each_eight_hours.py:149 | Game relaunched for account
2026-05-09 22:46:48 | INFO | my_functions.py:1668 | ⏱ Esperando 0.1 segundos antes de empezar...
2026-05-09 22:46:48 | INFO | my_functions.py:1675 | 🔍 Esperando ventana que contenga alguna de: ['SNAP'] (máx 20s)
2026-05-09 22:46:50 | INFO | my_functions.py:1687 | ✅ Ventana encontrada: 'SNAP'
2026-05-09 22:46:50 | INFO | my_functions.py:1702 | ✅ Ventana seleccionada: 'SNAP'
2026-05-09 22:46:52 | INFO | my_functions.py:1734 | ✔ Verificación completa. No hubo cambios después del primer ajuste.
2026-05-09 22:46:52 | INFO | each_eight_hours.py:156 | Game window resized
2026-05-09 22:46:52 | INFO | my_functions.py:1207 | [DEBUG] Resizing SNAP window...
2026-05-09 22:46:52 | INFO | my_functions.py:1668 | ⏱ Esperando 0.1 segundos antes de empezar...
2026-05-09 22:46:53 | INFO | my_functions.py:1675 | 🔍 Esperando ventana que contenga alguna de: ['SNAP'] (máx 20s)
2026-05-09 22:46:53 | INFO | my_functions.py:1687 | ✅ Ventana encontrada: 'SNAP'
2026-05-09 22:46:53 | INFO | my_functions.py:1702 | ✅ Ventana seleccionada: 'SNAP'
2026-05-09 22:46:56 | INFO | my_functions.py:1734 | ✔ Verificación completa. No hubo cambios después del primer ajuste.
2026-05-09 22:46:56 | INFO | my_functions.py:231 | [DEBUG] wait_for_image_and_click -> submit.PNG timeout=90s delay_click=0.2s confidence=0.8
2026-05-09 22:46:56 | INFO | my_functions.py:172 | Searching submit.PNG (timeout=90s)
2026-05-09 22:46:58 | INFO | my_functions.py:198 | 
✅ Found: submit.PNG pos=(386, 771) time=2.1s confidence=0.8
2026-05-09 22:46:58 | INFO | my_functions.py:138 | Haciendo click en la posición (386, 771)
2026-05-09 22:46:58 | INFO | my_functions.py:251 | 🖱️ Click OK: submit.PNG at (386, 771) delay=0.2s
2026-05-09 22:46:58 | INFO | my_functions.py:1668 | ⏱ Esperando 0.1 segundos antes de empezar...
2026-05-09 22:46:58 | INFO | my_functions.py:1675 | 🔍 Esperando ventana que contenga alguna de: ['SNAP'] (máx 20s)
2026-05-09 22:46:58 | INFO | my_functions.py:1687 | ✅ Ventana encontrada: 'SNAP'
2026-05-09 22:46:58 | INFO | my_functions.py:1702 | ✅ Ventana seleccionada: 'SNAP'
2026-05-09 22:47:00 | INFO | my_functions.py:1725 | 🔁 Reajuste #1...
2026-05-09 22:47:01 | INFO | my_functions.py:1732 | ✔ Verificación completa. Se hicieron 1 reajustes.
2026-05-09 22:47:01 | INFO | my_functions.py:172 | Searching please_sign.png (timeout=0s)
2026-05-09 22:47:01 | INFO | my_functions.py:198 | 
✅ Found: please_sign.png pos=(383, 438) time=0.17s confidence=0.8
2026-05-09 22:47:01 | INFO | my_functions.py:231 | [DEBUG] wait_for_image_and_click -> ok_btn.png timeout=20s delay_click=1s confidence=0.8
2026-05-09 22:47:01 | INFO | my_functions.py:172 | Searching ok_btn.png (timeout=20s)
2026-05-09 22:47:02 | INFO | my_functions.py:198 | 
✅ Found: ok_btn.png pos=(382, 634) time=0.2s confidence=0.8
2026-05-09 22:47:03 | INFO | my_functions.py:138 | Haciendo click en la posición (382, 634)
2026-05-09 22:47:03 | INFO | my_functions.py:251 | 🖱️ Click OK: ok_btn.png at (382, 634) delay=1s
2026-05-09 22:47:03 | INFO | my_functions.py:231 | [DEBUG] wait_for_image_and_click -> submit.PNG timeout=90s delay_click=0.2s confidence=0.8
2026-05-09 22:47:03 | INFO | my_functions.py:172 | Searching submit.PNG (timeout=90s)
2026-05-09 22:47:04 | INFO | my_functions.py:198 | 
✅ Found: submit.PNG pos=(385, 779) time=1.24s confidence=0.8
2026-05-09 22:47:04 | INFO | my_functions.py:138 | Haciendo click en la posición (385, 779)
2026-05-09 22:47:05 | INFO | my_functions.py:251 | 🖱️ Click OK: submit.PNG at (385, 779) delay=0.2s
2026-05-09 22:47:05 | INFO | my_functions.py:172 | Searching sign_in_with_google2.PNG (timeout=90s)
2026-05-09 22:47:05 | INFO | my_functions.py:198 | 
✅ Found: sign_in_with_google2.PNG pos=(406, 958) time=0.8s confidence=0.8
2026-05-09 22:47:05 | INFO | my_functions.py:231 | [DEBUG] wait_for_image_and_click -> sign_in_with_google2.PNG timeout=20s delay_click=1s confidence=0.8
2026-05-09 22:47:05 | INFO | my_functions.py:172 | Searching sign_in_with_google2.PNG (timeout=20s)
2026-05-09 22:47:06 | INFO | my_functions.py:198 | 
✅ Found: sign_in_with_google2.PNG pos=(406, 957) time=0.33s confidence=0.8
2026-05-09 22:47:07 | INFO | my_functions.py:138 | Haciendo click en la posición (406, 957)
2026-05-09 22:47:07 | INFO | my_functions.py:251 | 🖱️ Click OK: sign_in_with_google2.PNG at (406, 957) delay=1s
2026-05-09 22:47:07 | INFO | my_functions.py:231 | [DEBUG] wait_for_image_and_click -> robert.png timeout=30s delay_click=3s confidence=0.8
2026-05-09 22:47:07 | INFO | my_functions.py:172 | Searching robert.png (timeout=30s)
2026-05-09 22:47:12 | INFO | my_functions.py:198 | 
✅ Found: robert.png pos=(1152, 794) time=4.65s confidence=0.8
2026-05-09 22:47:15 | INFO | my_functions.py:138 | Haciendo click en la posición (1152, 794)
2026-05-09 22:47:15 | INFO | my_functions.py:251 | 🖱️ Click OK: robert.png at (1152, 794) delay=3s
2026-05-09 22:47:17 | INFO | my_functions.py:231 | [DEBUG] wait_for_image_and_click -> python_icon.PNG timeout=5s delay_click=1s confidence=0.8
2026-05-09 22:47:17 | INFO | my_functions.py:172 | Searching python_icon.PNG (timeout=5s)
2026-05-09 22:47:17 | INFO | my_functions.py:198 | 
✅ Found: python_icon.PNG pos=(647, 1054) time=0.28s confidence=0.8
2026-05-09 22:47:18 | INFO | my_functions.py:138 | Haciendo click en la posición (647, 1054)
2026-05-09 22:47:18 | INFO | my_functions.py:251 | 🖱️ Click OK: python_icon.PNG at (647, 1054) delay=1s
2026-05-09 22:47:18 | INFO | my_functions.py:231 | [DEBUG] wait_for_image_and_click -> snap_icon_task_bar.PNG timeout=20s delay_click=1s confidence=0.8
2026-05-09 22:47:18 | INFO | my_functions.py:172 | Searching snap_icon_task_bar.PNG (timeout=20s)
2026-05-09 22:47:19 | INFO | my_functions.py:198 | 
✅ Found: snap_icon_task_bar.PNG pos=(524, 1052) time=0.46s confidence=0.8
2026-05-09 22:47:20 | INFO | my_functions.py:138 | Haciendo click en la posición (524, 1052)
2026-05-09 22:47:20 | INFO | my_functions.py:251 | 🖱️ Click OK: snap_icon_task_bar.PNG at (524, 1052) delay=1s
2026-05-09 22:47:20 | INFO | my_functions.py:172 | Searching play.PNG (timeout=30s)
2026-05-09 22:47:29 | INFO | my_functions.py:198 | 
✅ Found: play.PNG pos=(384, 824) time=9.39s confidence=0.8
2026-05-09 22:47:29 | INFO | my_functions.py:1265 | [DEBUG] Login completado correctamente.
2026-05-09 22:47:29 | INFO | each_eight_hours.py:160 | Login executed
2026-05-09 22:47:29 | INFO | my_functions.py:172 | Searching shop_unselected.PNG (timeout=0s)
2026-05-09 22:47:30 | INFO | my_functions.py:198 | 
✅ Found: shop_unselected.PNG pos=(88, 961) time=0.2s confidence=0.8
2026-05-09 22:47:38 | INFO | my_functions.py:172 | Searching shop_unselected.PNG (timeout=0s)
2026-05-09 22:47:38 | INFO | my_functions.py:209 | 
⛔ Not found: shop_unselected.PNG after 0.0s region=(0, 0, 765, 1038) confidence=0.8
2026-05-09 22:47:39 | INFO | my_functions.py:172 | Searching shop_unselected.PNG (timeout=0s)
2026-05-09 22:47:39 | INFO | my_functions.py:209 | 
⛔ Not found: shop_unselected.PNG after 0.0s region=(0, 0, 765, 1038) confidence=0.8
2026-05-09 22:47:39 | INFO | my_functions.py:231 | [DEBUG] wait_for_image_and_click -> super_premium.PNG timeout=0s delay_click=1s confidence=0.8
2026-05-09 22:47:39 | INFO | my_functions.py:172 | Searching super_premium.PNG (timeout=0s)
2026-05-09 22:47:39 | INFO | my_functions.py:198 | 
✅ Found: super_premium.PNG pos=(480, 777) time=0.2s confidence=0.8
2026-05-09 22:47:40 | INFO | my_functions.py:138 | Haciendo click en la posición (480, 777)
2026-05-09 22:47:40 | INFO | my_functions.py:251 | 🖱️ Click OK: super_premium.PNG at (480, 777) delay=1s
2026-05-09 22:47:40 | INFO | my_functions.py:146 | Presionando ESC (1/1)
2026-05-09 22:47:49 | INFO | my_functions.py:172 | Searching shop_unselected.PNG (timeout=0s)
2026-05-09 22:47:49 | INFO | my_functions.py:198 | 
✅ Found: shop_unselected.PNG pos=(88, 961) time=0.17s confidence=0.8
2026-05-09 22:47:49 | INFO | my_functions.py:720 | Ya esta listo
2026-05-09 22:47:49 | INFO | each_eight_hours.py:163 | Initial images processed
2026-05-09 22:47:49 | INFO | each_eight_hours.py:166 | Chrome terminated
2026-05-09 22:47:49 | INFO | my_functions.py:231 | [DEBUG] wait_for_image_and_click -> missions_unnotified2.png timeout=20s delay_click=1s confidence=0.8
2026-05-09 22:47:49 | INFO | my_functions.py:172 | Searching missions_unnotified2.png (timeout=20s)
2026-05-09 22:47:50 | INFO | my_functions.py:198 | 
✅ Found: missions_unnotified2.png pos=(516, 127) time=0.18s confidence=0.8
2026-05-09 22:47:51 | INFO | my_functions.py:138 | Haciendo click en la posición (516, 127)
2026-05-09 22:47:51 | INFO | my_functions.py:251 | 🖱️ Click OK: missions_unnotified2.png at (516, 127) delay=1s
2026-05-09 22:47:51 | INFO | my_functions.py:231 | [DEBUG] wait_for_image_and_click -> calendar_missions_daily.png timeout=3s delay_click=1s confidence=0.8
2026-05-09 22:47:51 | INFO | my_functions.py:172 | Searching calendar_missions_daily.png (timeout=3s)
2026-05-09 22:47:52 | INFO | my_functions.py:198 | 
✅ Found: calendar_missions_daily.png pos=(189, 131) time=1.13s confidence=0.8
2026-05-09 22:47:53 | INFO | my_functions.py:138 | Haciendo click en la posición (189, 131)
2026-05-09 22:47:53 | INFO | my_functions.py:251 | 🖱️ Click OK: calendar_missions_daily.png at (189, 131) delay=1s
2026-05-09 22:47:53 | INFO | each_eight_hours.py:180 | Mission screens opened
2026-05-09 22:47:53 | INFO | my_functions.py:295 | JSON file located at C:\Users\Farm\AppData\LocalLow\Second Dinner\SNAP\Standalone\States\nvprod\MissionState.json
2026-05-09 22:47:56 | INFO | my_functions.py:434 | AVAILABLE: 6
2026-05-09 22:47:56 | INFO | my_functions.py:444 | [INFO] Waiting for Notepad++ process...
2026-05-09 22:47:56 | INFO | my_functions.py:458 | [INFO] Notepad++ detected PID=9100
2026-05-09 22:47:59 | INFO | my_functions.py:466 | [SUCCESS] Notepad++ closed successfully
2026-05-09 22:48:00 | INFO | my_functions.py:1593 | [INFO] Iniciando click_missions_blue2
2026-05-09 22:48:00 | INFO | my_functions.py:138 | Haciendo click en la posición (150, 132)
2026-05-09 22:48:02 | INFO | my_functions.py:1596 | [ACTION] Click hecho en icono de calendario que me dirige a las misiones ordinarias
2026-05-09 22:48:02 | INFO | my_functions.py:172 | Searching bonus_challenge.png (timeout=0s)
2026-05-09 22:48:02 | INFO | my_functions.py:209 | 
⛔ Not found: bonus_challenge.png after 0.0s region=(0, 0, 765, 1038) confidence=0.8
2026-05-09 22:48:04 | INFO | my_functions.py:172 | Searching flechita_mission.PNG (timeout=0s)
2026-05-09 22:48:04 | INFO | my_functions.py:209 | 
⛔ Not found: flechita_mission.PNG after 0.0s region=(0, 0, 765, 1038) confidence=0.8
2026-05-09 22:48:04 | INFO | my_functions.py:231 | [DEBUG] wait_for_image_and_click -> weekly3.PNG timeout=0s delay_click=0.1s confidence=0.8
2026-05-09 22:48:04 | INFO | my_functions.py:172 | Searching weekly3.PNG (timeout=0s)
2026-05-09 22:48:04 | INFO | my_functions.py:209 | 
⛔ Not found: weekly3.PNG after 0.0s region=(0, 0, 765, 1038) confidence=0.8
2026-05-09 22:48:04 | INFO | my_functions.py:258 | [DEBUG] Click skipped, image not found: weekly3.PNG
2026-05-09 22:48:04 | INFO | my_functions.py:231 | [DEBUG] wait_for_image_and_click -> weekly3.PNG timeout=0s delay_click=0.1s confidence=0.8
2026-05-09 22:48:04 | INFO | my_functions.py:172 | Searching weekly3.PNG (timeout=0s)
2026-05-09 22:48:04 | INFO | my_functions.py:209 | 
⛔ Not found: weekly3.PNG after 0.0s region=(0, 0, 765, 1038) confidence=0.8
2026-05-09 22:48:04 | INFO | my_functions.py:258 | [DEBUG] Click skipped, image not found: weekly3.PNG
2026-05-09 22:48:04 | INFO | my_functions.py:231 | [DEBUG] wait_for_image_and_click -> weekly3.PNG timeout=0s delay_click=0.1s confidence=0.8
2026-05-09 22:48:04 | INFO | my_functions.py:172 | Searching weekly3.PNG (timeout=0s)
2026-05-09 22:48:04 | INFO | my_functions.py:209 | 
⛔ Not found: weekly3.PNG after 0.01s region=(0, 0, 765, 1038) confidence=0.8
2026-05-09 22:48:04 | INFO | my_functions.py:258 | [DEBUG] Click skipped, image not found: weekly3.PNG
2026-05-09 22:48:04 | INFO | my_functions.py:231 | [DEBUG] wait_for_image_and_click -> weekly3.PNG timeout=0s delay_click=0.1s confidence=0.8
2026-05-09 22:48:04 | INFO | my_functions.py:172 | Searching weekly3.PNG (timeout=0s)
2026-05-09 22:48:05 | INFO | my_functions.py:209 | 
⛔ Not found: weekly3.PNG after 0.01s region=(0, 0, 765, 1038) confidence=0.8
2026-05-09 22:48:05 | INFO | my_functions.py:258 | [DEBUG] Click skipped, image not found: weekly3.PNG
2026-05-09 22:48:05 | INFO | my_functions.py:231 | [DEBUG] wait_for_image_and_click -> weekly3.PNG timeout=0s delay_click=0.1s confidence=0.8
2026-05-09 22:48:05 | INFO | my_functions.py:172 | Searching weekly3.PNG (timeout=0s)
2026-05-09 22:48:05 | INFO | my_functions.py:209 | 
⛔ Not found: weekly3.PNG after 0.01s region=(0, 0, 765, 1038) confidence=0.8
2026-05-09 22:48:05 | INFO | my_functions.py:258 | [DEBUG] Click skipped, image not found: weekly3.PNG
2026-05-09 22:48:05 | INFO | my_functions.py:231 | [DEBUG] wait_for_image_and_click -> weekly3.PNG timeout=0s delay_click=0.1s confidence=0.8
2026-05-09 22:48:05 | INFO | my_functions.py:172 | Searching weekly3.PNG (timeout=0s)
2026-05-09 22:48:05 | INFO | my_functions.py:209 | 
⛔ Not found: weekly3.PNG after 0.01s region=(0, 0, 765, 1038) confidence=0.8
2026-05-09 22:48:05 | INFO | my_functions.py:258 | [DEBUG] Click skipped, image not found: weekly3.PNG
2026-05-09 22:48:05 | INFO | my_functions.py:231 | [DEBUG] wait_for_image_and_click -> weekly3.PNG timeout=0s delay_click=0.1s confidence=0.8
2026-05-09 22:48:05 | INFO | my_functions.py:172 | Searching weekly3.PNG (timeout=0s)
2026-05-09 22:48:05 | INFO | my_functions.py:209 | 
⛔ Not found: weekly3.PNG after 0.01s region=(0, 0, 765, 1038) confidence=0.8
2026-05-09 22:48:05 | INFO | my_functions.py:258 | [DEBUG] Click skipped, image not found: weekly3.PNG
2026-05-09 22:48:05 | INFO | my_functions.py:231 | [DEBUG] wait_for_image_and_click -> weekly3.PNG timeout=0s delay_click=0.1s confidence=0.8
2026-05-09 22:48:05 | INFO | my_functions.py:172 | Searching weekly3.PNG (timeout=0s)
2026-05-09 22:48:05 | INFO | my_functions.py:209 | 
⛔ Not found: weekly3.PNG after 0.01s region=(0, 0, 765, 1038) confidence=0.8
2026-05-09 22:48:05 | INFO | my_functions.py:258 | [DEBUG] Click skipped, image not found: weekly3.PNG
2026-05-09 22:48:05 | INFO | my_functions.py:231 | [DEBUG] wait_for_image_and_click -> weekly3.PNG timeout=0s delay_click=0.1s confidence=0.8
2026-05-09 22:48:05 | INFO | my_functions.py:172 | Searching weekly3.PNG (timeout=0s)
2026-05-09 22:48:05 | INFO | my_functions.py:209 | 
⛔ Not found: weekly3.PNG after 0.01s region=(0, 0, 765, 1038) confidence=0.8
2026-05-09 22:48:05 | INFO | my_functions.py:258 | [DEBUG] Click skipped, image not found: weekly3.PNG
2026-05-09 22:48:05 | INFO | my_functions.py:231 | [DEBUG] wait_for_image_and_click -> weekly3.PNG timeout=0s delay_click=0.1s confidence=0.8
2026-05-09 22:48:05 | INFO | my_functions.py:172 | Searching weekly3.PNG (timeout=0s)
2026-05-09 22:48:06 | INFO | my_functions.py:209 | 
⛔ Not found: weekly3.PNG after 0.01s region=(0, 0, 765, 1038) confidence=0.8
2026-05-09 22:48:06 | INFO | my_functions.py:258 | [DEBUG] Click skipped, image not found: weekly3.PNG
2026-05-09 22:48:06 | INFO | my_functions.py:231 | [DEBUG] wait_for_image_and_click -> weekly3.PNG timeout=0s delay_click=0.1s confidence=0.8
2026-05-09 22:48:06 | INFO | my_functions.py:172 | Searching weekly3.PNG (timeout=0s)
2026-05-09 22:48:06 | INFO | my_functions.py:209 | 
⛔ Not found: weekly3.PNG after 0.0s region=(0, 0, 765, 1038) confidence=0.8
2026-05-09 22:48:06 | INFO | my_functions.py:258 | [DEBUG] Click skipped, image not found: weekly3.PNG
2026-05-09 22:48:06 | INFO | my_functions.py:231 | [DEBUG] wait_for_image_and_click -> weekly3.PNG timeout=0s delay_click=0.1s confidence=0.8
2026-05-09 22:48:06 | INFO | my_functions.py:172 | Searching weekly3.PNG (timeout=0s)
2026-05-09 22:48:06 | INFO | my_functions.py:209 | 
⛔ Not found: weekly3.PNG after 0.01s region=(0, 0, 765, 1038) confidence=0.8
2026-05-09 22:48:06 | INFO | my_functions.py:258 | [DEBUG] Click skipped, image not found: weekly3.PNG
2026-05-09 22:48:06 | INFO | my_functions.py:295 | JSON file located at C:\Users\Farm\AppData\LocalLow\Second Dinner\SNAP\Standalone\States\nvprod\MissionState.json
2026-05-09 22:48:09 | INFO | my_functions.py:434 | AVAILABLE: 6
2026-05-09 22:48:09 | INFO | my_functions.py:444 | [INFO] Waiting for Notepad++ process...
2026-05-09 22:48:09 | INFO | my_functions.py:458 | [INFO] Notepad++ detected PID=6876
2026-05-09 22:48:12 | INFO | my_functions.py:466 | [SUCCESS] Notepad++ closed successfully
2026-05-09 22:48:13 | INFO | my_functions.py:146 | Presionando ESC (1/1)
2026-05-09 22:48:14 | INFO | my_functions.py:231 | [DEBUG] wait_for_image_and_click -> white_x.png timeout=2s delay_click=1s confidence=0.8
2026-05-09 22:48:14 | INFO | my_functions.py:172 | Searching white_x.png (timeout=2s)
2026-05-09 22:48:16 | INFO | my_functions.py:209 | 
⛔ Not found: white_x.png after 2.17s region=(0, 0, 765, 1038) confidence=0.8
2026-05-09 22:48:16 | INFO | my_functions.py:258 | [DEBUG] Click skipped, image not found: white_x.png
2026-05-09 22:48:16 | INFO | my_functions.py:172 | Searching play.PNG (timeout=0s)
2026-05-09 22:48:16 | INFO | my_functions.py:198 | 
✅ Found: play.PNG pos=(384, 824) time=0.18s confidence=0.8
2026-05-09 22:48:16 | INFO | my_functions.py:1563 | [INFO] Click realizado donde se equipa el deck a jugar
2026-05-09 22:48:20 | INFO | my_functions.py:231 | [DEBUG] wait_for_image_and_click -> deck_666666.png timeout=3s delay_click=1s confidence=0.8
2026-05-09 22:48:20 | INFO | my_functions.py:172 | Searching deck_666666.png (timeout=3s)
2026-05-09 22:48:20 | INFO | my_functions.py:198 | 
✅ Found: deck_666666.png pos=(234, 702) time=0.19s confidence=0.8
2026-05-09 22:48:21 | INFO | my_functions.py:138 | Haciendo click en la posición (234, 702)
2026-05-09 22:48:22 | INFO | my_functions.py:251 | 🖱️ Click OK: deck_666666.png at (234, 702) delay=1s
2026-05-09 22:48:22 | INFO | my_functions.py:231 | [DEBUG] wait_for_image_and_click -> equip.png timeout=3s delay_click=1s confidence=0.95
2026-05-09 22:48:22 | INFO | my_functions.py:172 | Searching equip.png (timeout=3s)
2026-05-09 22:48:22 | INFO | my_functions.py:198 | 
✅ Found: equip.png pos=(548, 983) time=0.18s confidence=0.95
2026-05-09 22:48:23 | INFO | my_functions.py:138 | Haciendo click en la posición (548, 983)
2026-05-09 22:48:23 | INFO | my_functions.py:251 | 🖱️ Click OK: equip.png at (548, 983) delay=1s
2026-05-09 22:48:23 | INFO | each_eight_hours.py:217 | Deck selected: 6turns
2026-05-09 22:48:23 | INFO | my_functions.py:231 | [DEBUG] wait_for_image_and_click -> maybe_later.PNG timeout=2s delay_click=1s confidence=0.8
2026-05-09 22:48:23 | INFO | my_functions.py:172 | Searching maybe_later.PNG (timeout=2s)
2026-05-09 22:48:25 | INFO | my_functions.py:209 | 
⛔ Not found: maybe_later.PNG after 2.0s region=(0, 0, 765, 1038) confidence=0.8
2026-05-09 22:48:25 | INFO | my_functions.py:258 | [DEBUG] Click skipped, image not found: maybe_later.PNG
2026-05-09 22:48:25 | INFO | my_functions.py:231 | [DEBUG] wait_for_image_and_click -> maybe_later2.PNG timeout=2s delay_click=1s confidence=0.8
2026-05-09 22:48:25 | INFO | my_functions.py:172 | Searching maybe_later2.PNG (timeout=2s)
2026-05-09 22:48:27 | INFO | my_functions.py:209 | 
⛔ Not found: maybe_later2.PNG after 2.01s region=(0, 0, 765, 1038) confidence=0.8
2026-05-09 22:48:27 | INFO | my_functions.py:258 | [DEBUG] Click skipped, image not found: maybe_later2.PNG
2026-05-09 22:48:27 | INFO | each_eight_hours.py:287 | Starting game loop 1
2026-05-09 22:48:27 | INFO | my_functions.py:231 | [DEBUG] wait_for_image_and_click -> play.PNG timeout=20s delay_click=3s confidence=0.8
2026-05-09 22:48:27 | INFO | my_functions.py:172 | Searching play.PNG (timeout=20s)
2026-05-09 22:48:28 | INFO | my_functions.py:198 | 
✅ Found: play.PNG pos=(384, 824) time=0.19s confidence=0.8
2026-05-09 22:48:31 | INFO | my_functions.py:138 | Haciendo click en la posición (384, 824)
2026-05-09 22:48:31 | INFO | my_functions.py:251 | 🖱️ Click OK: play.PNG at (384, 824) delay=3s
2026-05-09 22:48:31 | INFO | each_eight_hours.py:293 | Play button clicked
2026-05-09 22:48:43 | INFO | my_functions.py:198 | 
✅ Found: end_turn.PNG pos=(681, 945) time=0.2s confidence=0.8
2026-05-09 22:48:43 | INFO | my_functions.py:231 | [DEBUG] wait_for_image_and_click -> snap.PNG timeout=0s delay_click=1s confidence=0.8
2026-05-09 22:48:43 | INFO | my_functions.py:198 | 
✅ Found: snap.PNG pos=(386, 122) time=0.2s confidence=0.8
2026-05-09 22:48:44 | INFO | my_functions.py:138 | Haciendo click en la posición (386, 122)
2026-05-09 22:48:45 | INFO | my_functions.py:251 | 🖱️ Click OK: snap.PNG at (386, 122) delay=1s
2026-05-09 22:48:50 | INFO | my_functions.py:138 | Haciendo click en la posición (681, 945)
2026-05-09 22:48:51 | INFO | each_eight_hours.py:314 | End turn executed
2026-05-09 22:49:05 | INFO | my_functions.py:198 | 
✅ Found: end_turn.PNG pos=(681, 945) time=0.16s confidence=0.8
2026-05-09 22:49:05 | INFO | my_functions.py:231 | [DEBUG] wait_for_image_and_click -> snap.PNG timeout=0s delay_click=1s confidence=0.8
2026-05-09 22:49:05 | INFO | my_functions.py:258 | [DEBUG] Click skipped, image not found: snap.PNG
2026-05-09 22:49:10 | INFO | my_functions.py:138 | Haciendo click en la posición (681, 945)
2026-05-09 22:49:11 | INFO | each_eight_hours.py:314 | End turn executed
2026-05-09 22:49:28 | INFO | my_functions.py:198 | 
✅ Found: end_turn.PNG pos=(681, 945) time=0.17s confidence=0.8
2026-05-09 22:49:28 | INFO | my_functions.py:231 | [DEBUG] wait_for_image_and_click -> snap.PNG timeout=0s delay_click=1s confidence=0.8
2026-05-09 22:49:28 | INFO | my_functions.py:258 | [DEBUG] Click skipped, image not found: snap.PNG
2026-05-09 22:49:33 | INFO | my_functions.py:138 | Haciendo click en la posición (681, 945)
2026-05-09 22:49:34 | INFO | each_eight_hours.py:314 | End turn executed
2026-05-09 22:49:50 | INFO | my_functions.py:198 | 
✅ Found: end_turn.PNG pos=(681, 945) time=0.18s confidence=0.8
2026-05-09 22:49:50 | INFO | my_functions.py:231 | [DEBUG] wait_for_image_and_click -> snap.PNG timeout=0s delay_click=1s confidence=0.8
2026-05-09 22:49:50 | INFO | my_functions.py:258 | [DEBUG] Click skipped, image not found: snap.PNG
2026-05-09 22:49:55 | INFO | my_functions.py:138 | Haciendo click en la posición (681, 945)
2026-05-09 22:49:56 | INFO | each_eight_hours.py:314 | End turn executed
2026-05-09 22:50:20 | INFO | my_functions.py:198 | 
✅ Found: end_turn.PNG pos=(681, 945) time=0.18s confidence=0.8
2026-05-09 22:50:20 | INFO | my_functions.py:231 | [DEBUG] wait_for_image_and_click -> snap.PNG timeout=0s delay_click=1s confidence=0.8
2026-05-09 22:50:20 | INFO | my_functions.py:258 | [DEBUG] Click skipped, image not found: snap.PNG
2026-05-09 22:50:25 | INFO | my_functions.py:138 | Haciendo click en la posición (681, 945)
2026-05-09 22:50:26 | INFO | each_eight_hours.py:314 | End turn executed
2026-05-09 22:50:43 | INFO | my_functions.py:198 | 
✅ Found: end_turn.PNG pos=(681, 945) time=0.18s confidence=0.8
2026-05-09 22:50:43 | INFO | my_functions.py:231 | [DEBUG] wait_for_image_and_click -> snap.PNG timeout=0s delay_click=1s confidence=0.8
2026-05-09 22:50:43 | INFO | my_functions.py:258 | [DEBUG] Click skipped, image not found: snap.PNG
2026-05-09 22:50:48 | INFO | my_functions.py:138 | Haciendo click en la posición (681, 945)
2026-05-09 22:50:49 | INFO | each_eight_hours.py:314 | End turn executed
2026-05-09 22:50:50 | INFO | my_functions.py:198 | 
✅ Found: flechas.png pos=(42, 912) time=0.18s confidence=0.8
2026-05-09 22:50:52 | INFO | my_functions.py:146 | Presionando ESC (1/1)
2026-05-09 22:50:52 | INFO | my_functions.py:231 | [DEBUG] wait_for_image_and_click -> end_turn.PNG timeout=0s delay_click=1s confidence=0.8
2026-05-09 22:50:53 | INFO | my_functions.py:198 | 
✅ Found: end_turn.PNG pos=(682, 945) time=0.19s confidence=0.8
2026-05-09 22:50:54 | INFO | my_functions.py:138 | Haciendo click en la posición (682, 945)
2026-05-09 22:50:54 | INFO | my_functions.py:251 | 🖱️ Click OK: end_turn.PNG at (682, 945) delay=1s
2026-05-09 22:50:54 | WARNING | each_eight_hours.py:351 | Arrow overlay handled
2026-05-09 22:51:25 | INFO | my_functions.py:198 | 
✅ Found: collect_rewards.PNG pos=(679, 957) time=0.22s confidence=0.8
2026-05-09 22:51:25 | INFO | each_eight_hours.py:353 | Rewards detected, exiting match
2026-05-09 22:51:25 | INFO | my_functions.py:231 | [DEBUG] wait_for_image_and_click -> collect_rewards.PNG timeout=20s delay_click=1s confidence=0.8
2026-05-09 22:51:25 | INFO | my_functions.py:172 | Searching collect_rewards.PNG (timeout=20s)
2026-05-09 22:51:25 | INFO | my_functions.py:198 | 
✅ Found: collect_rewards.PNG pos=(679, 957) time=0.2s confidence=0.8
2026-05-09 22:51:26 | INFO | my_functions.py:138 | Haciendo click en la posición (679, 957)
2026-05-09 22:51:27 | INFO | my_functions.py:251 | 🖱️ Click OK: collect_rewards.PNG at (679, 957) delay=1s
2026-05-09 22:51:27 | INFO | my_functions.py:231 | [DEBUG] wait_for_image_and_click -> next.PNG timeout=20s delay_click=1s confidence=0.8
2026-05-09 22:51:27 | INFO | my_functions.py:172 | Searching next.PNG (timeout=20s)
2026-05-09 22:51:32 | INFO | my_functions.py:198 | 
✅ Found: next.PNG pos=(677, 973) time=5.16s confidence=0.8
2026-05-09 22:51:33 | INFO | my_functions.py:138 | Haciendo click en la posición (677, 973)
2026-05-09 22:51:33 | INFO | my_functions.py:251 | 🖱️ Click OK: next.PNG at (677, 973) delay=1s
2026-05-09 22:51:37 | INFO | my_functions.py:434 | AVAILABLE: 6
2026-05-09 22:51:37 | INFO | my_functions.py:444 | [INFO] Waiting for Notepad++ process...
2026-05-09 22:51:37 | INFO | my_functions.py:458 | [INFO] Notepad++ detected PID=4244
2026-05-09 22:51:40 | INFO | my_functions.py:466 | [SUCCESS] Notepad++ closed successfully
2026-05-09 22:51:41 | INFO | each_eight_hours.py:421 | Submissions after match: 6
2026-05-09 22:51:41 | INFO | my_functions.py:378 | Misiones completadas: 0
2026-05-09 22:51:41 | INFO | each_eight_hours.py:287 | Starting game loop 2
2026-05-09 22:51:41 | INFO | my_functions.py:231 | [DEBUG] wait_for_image_and_click -> play.PNG timeout=20s delay_click=3s confidence=0.8
2026-05-09 22:51:41 | INFO | my_functions.py:172 | Searching play.PNG (timeout=20s)
2026-05-09 22:51:41 | INFO | my_functions.py:198 | 
✅ Found: play.PNG pos=(384, 824) time=0.21s confidence=0.8
2026-05-09 22:51:44 | INFO | my_functions.py:138 | Haciendo click en la posición (384, 824)
2026-05-09 22:51:45 | INFO | my_functions.py:251 | 🖱️ Click OK: play.PNG at (384, 824) delay=3s
2026-05-09 22:51:45 | INFO | each_eight_hours.py:293 | Play button clicked
2026-05-09 22:52:04 | INFO | my_functions.py:198 | 
✅ Found: end_turn.PNG pos=(682, 945) time=0.18s confidence=0.8
2026-05-09 22:52:04 | INFO | my_functions.py:231 | [DEBUG] wait_for_image_and_click -> snap.PNG timeout=0s delay_click=1s confidence=0.8
2026-05-09 22:52:04 | INFO | my_functions.py:198 | 
✅ Found: snap.PNG pos=(386, 122) time=0.18s confidence=0.8
2026-05-09 22:52:05 | INFO | my_functions.py:138 | Haciendo click en la posición (386, 122)
2026-05-09 22:52:06 | INFO | my_functions.py:251 | 🖱️ Click OK: snap.PNG at (386, 122) delay=1s
2026-05-09 22:52:11 | INFO | my_functions.py:138 | Haciendo click en la posición (682, 945)
2026-05-09 22:52:12 | INFO | each_eight_hours.py:314 | End turn executed
2026-05-09 22:52:25 | INFO | my_functions.py:198 | 
✅ Found: end_turn.PNG pos=(681, 945) time=0.19s confidence=0.8
2026-05-09 22:52:25 | INFO | my_functions.py:231 | [DEBUG] wait_for_image_and_click -> snap.PNG timeout=0s delay_click=1s confidence=0.8
2026-05-09 22:52:25 | INFO | my_functions.py:258 | [DEBUG] Click skipped, image not found: snap.PNG
2026-05-09 22:52:31 | INFO | my_functions.py:138 | Haciendo click en la posición (681, 945)
2026-05-09 22:52:32 | INFO | each_eight_hours.py:314 | End turn executed
2026-05-09 22:52:43 | INFO | my_functions.py:198 | 
✅ Found: end_turn.PNG pos=(681, 945) time=0.16s confidence=0.8
2026-05-09 22:52:43 | INFO | my_functions.py:231 | [DEBUG] wait_for_image_and_click -> snap.PNG timeout=0s delay_click=1s confidence=0.8
2026-05-09 22:52:44 | INFO | my_functions.py:258 | [DEBUG] Click skipped, image not found: snap.PNG
2026-05-09 22:52:49 | INFO | my_functions.py:138 | Haciendo click en la posición (681, 945)
2026-05-09 22:52:50 | INFO | each_eight_hours.py:314 | End turn executed
2026-05-09 22:52:58 | INFO | my_functions.py:198 | 
✅ Found: end_turn.PNG pos=(681, 945) time=0.18s confidence=0.8
2026-05-09 22:52:58 | INFO | my_functions.py:231 | [DEBUG] wait_for_image_and_click -> snap.PNG timeout=0s delay_click=1s confidence=0.8
2026-05-09 22:52:58 | INFO | my_functions.py:258 | [DEBUG] Click skipped, image not found: snap.PNG
2026-05-09 22:53:03 | INFO | my_functions.py:138 | Haciendo click en la posición (681, 945)
2026-05-09 22:53:05 | INFO | each_eight_hours.py:314 | End turn executed
2026-05-09 22:53:23 | INFO | my_functions.py:198 | 
✅ Found: end_turn.PNG pos=(681, 945) time=0.17s confidence=0.8
2026-05-09 22:53:23 | INFO | my_functions.py:231 | [DEBUG] wait_for_image_and_click -> snap.PNG timeout=0s delay_click=1s confidence=0.8
2026-05-09 22:53:23 | INFO | my_functions.py:258 | [DEBUG] Click skipped, image not found: snap.PNG
2026-05-09 22:53:28 | INFO | my_functions.py:138 | Haciendo click en la posición (681, 945)
2026-05-09 22:53:29 | INFO | each_eight_hours.py:314 | End turn executed
2026-05-09 22:53:51 | INFO | my_functions.py:198 | 
✅ Found: end_turn.PNG pos=(681, 945) time=0.17s confidence=0.8
2026-05-09 22:53:51 | INFO | my_functions.py:231 | [DEBUG] wait_for_image_and_click -> snap.PNG timeout=0s delay_click=1s confidence=0.8
2026-05-09 22:53:51 | INFO | my_functions.py:258 | [DEBUG] Click skipped, image not found: snap.PNG
2026-05-09 22:53:56 | INFO | my_functions.py:138 | Haciendo click en la posición (681, 945)
2026-05-09 22:53:57 | INFO | each_eight_hours.py:314 | End turn executed
2026-05-09 22:54:29 | INFO | my_functions.py:198 | 
✅ Found: collect_rewards.PNG pos=(679, 968) time=0.21s confidence=0.8
2026-05-09 22:54:29 | INFO | each_eight_hours.py:353 | Rewards detected, exiting match
2026-05-09 22:54:29 | INFO | my_functions.py:231 | [DEBUG] wait_for_image_and_click -> collect_rewards.PNG timeout=20s delay_click=1s confidence=0.8
2026-05-09 22:54:29 | INFO | my_functions.py:172 | Searching collect_rewards.PNG (timeout=20s)
2026-05-09 22:54:29 | INFO | my_functions.py:198 | 
✅ Found: collect_rewards.PNG pos=(679, 958) time=0.21s confidence=0.8
2026-05-09 22:54:30 | INFO | my_functions.py:138 | Haciendo click en la posición (679, 958)
2026-05-09 22:54:30 | INFO | my_functions.py:251 | 🖱️ Click OK: collect_rewards.PNG at (679, 958) delay=1s
2026-05-09 22:54:30 | INFO | my_functions.py:231 | [DEBUG] wait_for_image_and_click -> next.PNG timeout=20s delay_click=1s confidence=0.8
2026-05-09 22:54:30 | INFO | my_functions.py:172 | Searching next.PNG (timeout=20s)
2026-05-09 22:54:34 | INFO | my_functions.py:198 | 
✅ Found: next.PNG pos=(677, 973) time=3.43s confidence=0.8
2026-05-09 22:54:35 | INFO | my_functions.py:138 | Haciendo click en la posición (677, 973)
2026-05-09 22:54:35 | INFO | my_functions.py:251 | 🖱️ Click OK: next.PNG at (677, 973) delay=1s
2026-05-09 22:54:39 | INFO | my_functions.py:434 | AVAILABLE: 6
2026-05-09 22:54:39 | INFO | my_functions.py:444 | [INFO] Waiting for Notepad++ process...
2026-05-09 22:54:39 | INFO | my_functions.py:458 | [INFO] Notepad++ detected PID=7064
2026-05-09 22:54:42 | INFO | my_functions.py:466 | [SUCCESS] Notepad++ closed successfully
2026-05-09 22:54:43 | INFO | each_eight_hours.py:421 | Submissions after match: 6
2026-05-09 22:54:43 | INFO | my_functions.py:378 | Misiones completadas: 1
2026-05-09 22:54:43 | INFO | each_eight_hours.py:287 | Starting game loop 3
2026-05-09 22:54:43 | INFO | my_functions.py:231 | [DEBUG] wait_for_image_and_click -> play.PNG timeout=20s delay_click=3s confidence=0.8
2026-05-09 22:54:43 | INFO | my_functions.py:172 | Searching play.PNG (timeout=20s)
2026-05-09 22:54:44 | INFO | my_functions.py:198 | 
✅ Found: play.PNG pos=(384, 824) time=0.2s confidence=0.8
2026-05-09 22:54:47 | INFO | my_functions.py:138 | Haciendo click en la posición (384, 824)
2026-05-09 22:54:47 | INFO | my_functions.py:251 | 🖱️ Click OK: play.PNG at (384, 824) delay=3s
2026-05-09 22:54:47 | INFO | each_eight_hours.py:293 | Play button clicked
2026-05-09 22:54:57 | INFO | my_functions.py:198 | 
✅ Found: end_turn.PNG pos=(682, 945) time=0.17s confidence=0.8
2026-05-09 22:54:57 | INFO | my_functions.py:231 | [DEBUG] wait_for_image_and_click -> snap.PNG timeout=0s delay_click=1s confidence=0.8
2026-05-09 22:54:58 | INFO | my_functions.py:198 | 
✅ Found: snap.PNG pos=(386, 123) time=0.18s confidence=0.8
2026-05-09 22:54:59 | INFO | my_functions.py:138 | Haciendo click en la posición (386, 123)
2026-05-09 22:54:59 | INFO | my_functions.py:251 | 🖱️ Click OK: snap.PNG at (386, 123) delay=1s
2026-05-09 22:55:04 | INFO | my_functions.py:138 | Haciendo click en la posición (682, 945)
2026-05-09 22:55:05 | INFO | each_eight_hours.py:314 | End turn executed
2026-05-09 22:55:25 | INFO | my_functions.py:198 | 
✅ Found: end_turn.PNG pos=(681, 945) time=0.18s confidence=0.8
2026-05-09 22:55:25 | INFO | my_functions.py:231 | [DEBUG] wait_for_image_and_click -> snap.PNG timeout=0s delay_click=1s confidence=0.8
2026-05-09 22:55:25 | INFO | my_functions.py:258 | [DEBUG] Click skipped, image not found: snap.PNG
2026-05-09 22:55:30 | INFO | my_functions.py:138 | Haciendo click en la posición (681, 945)
2026-05-09 22:55:32 | INFO | each_eight_hours.py:314 | End turn executed
2026-05-09 22:55:48 | INFO | my_functions.py:198 | 
✅ Found: end_turn.PNG pos=(681, 945) time=0.17s confidence=0.8
2026-05-09 22:55:48 | INFO | my_functions.py:231 | [DEBUG] wait_for_image_and_click -> snap.PNG timeout=0s delay_click=1s confidence=0.8
2026-05-09 22:55:48 | INFO | my_functions.py:258 | [DEBUG] Click skipped, image not found: snap.PNG
2026-05-09 22:55:54 | INFO | my_functions.py:138 | Haciendo click en la posición (681, 945)
2026-05-09 22:55:55 | INFO | each_eight_hours.py:314 | End turn executed
2026-05-09 22:56:06 | INFO | my_functions.py:198 | 
✅ Found: end_turn.PNG pos=(681, 945) time=0.17s confidence=0.8
2026-05-09 22:56:06 | INFO | my_functions.py:231 | [DEBUG] wait_for_image_and_click -> snap.PNG timeout=0s delay_click=1s confidence=0.8
2026-05-09 22:56:07 | INFO | my_functions.py:258 | [DEBUG] Click skipped, image not found: snap.PNG
2026-05-09 22:56:12 | INFO | my_functions.py:138 | Haciendo click en la posición (681, 945)
2026-05-09 22:56:13 | INFO | each_eight_hours.py:314 | End turn executed
2026-05-09 22:56:36 | INFO | my_functions.py:198 | 
✅ Found: end_turn.PNG pos=(681, 945) time=0.17s confidence=0.8
2026-05-09 22:56:36 | INFO | my_functions.py:231 | [DEBUG] wait_for_image_and_click -> snap.PNG timeout=0s delay_click=1s confidence=0.8
2026-05-09 22:56:36 | INFO | my_functions.py:258 | [DEBUG] Click skipped, image not found: snap.PNG
2026-05-09 22:56:41 | INFO | my_functions.py:138 | Haciendo click en la posición (681, 945)
2026-05-09 22:56:42 | INFO | each_eight_hours.py:314 | End turn executed
2026-05-09 22:56:53 | INFO | my_functions.py:198 | 
✅ Found: never_seen_before.png pos=(395, 141) time=0.17s confidence=0.8
2026-05-09 22:56:54 | WARNING | each_eight_hours.py:327 | Unknown popup handled
2026-05-09 22:57:10 | INFO | my_functions.py:198 | 
✅ Found: end_turn.PNG pos=(681, 945) time=0.17s confidence=0.8
2026-05-09 22:57:10 | INFO | my_functions.py:231 | [DEBUG] wait_for_image_and_click -> snap.PNG timeout=0s delay_click=1s confidence=0.8
2026-05-09 22:57:11 | INFO | my_functions.py:258 | [DEBUG] Click skipped, image not found: snap.PNG
2026-05-09 22:57:16 | INFO | my_functions.py:138 | Haciendo click en la posición (681, 945)
2026-05-09 22:57:17 | INFO | each_eight_hours.py:314 | End turn executed
2026-05-09 22:57:46 | INFO | my_functions.py:198 | 
✅ Found: collect_rewards.PNG pos=(679, 963) time=0.21s confidence=0.8
2026-05-09 22:57:46 | INFO | each_eight_hours.py:353 | Rewards detected, exiting match
2026-05-09 22:57:46 | INFO | my_functions.py:231 | [DEBUG] wait_for_image_and_click -> collect_rewards.PNG timeout=20s delay_click=1s confidence=0.8
2026-05-09 22:57:46 | INFO | my_functions.py:172 | Searching collect_rewards.PNG (timeout=20s)
2026-05-09 22:57:47 | INFO | my_functions.py:198 | 
✅ Found: collect_rewards.PNG pos=(680, 957) time=0.21s confidence=0.8
2026-05-09 22:57:48 | INFO | my_functions.py:138 | Haciendo click en la posición (680, 957)
2026-05-09 22:57:48 | INFO | my_functions.py:251 | 🖱️ Click OK: collect_rewards.PNG at (680, 957) delay=1s
2026-05-09 22:57:48 | INFO | my_functions.py:231 | [DEBUG] wait_for_image_and_click -> next.PNG timeout=20s delay_click=1s confidence=0.8
2026-05-09 22:57:48 | INFO | my_functions.py:172 | Searching next.PNG (timeout=20s)
2026-05-09 22:57:53 | INFO | my_functions.py:198 | 
✅ Found: next.PNG pos=(677, 973) time=5.24s confidence=0.8
2026-05-09 22:57:54 | INFO | my_functions.py:138 | Haciendo click en la posición (677, 973)
2026-05-09 22:57:54 | INFO | my_functions.py:251 | 🖱️ Click OK: next.PNG at (677, 973) delay=1s
2026-05-09 22:57:58 | INFO | my_functions.py:434 | AVAILABLE: 6
2026-05-09 22:57:58 | INFO | my_functions.py:444 | [INFO] Waiting for Notepad++ process...
2026-05-09 22:57:59 | INFO | my_functions.py:458 | [INFO] Notepad++ detected PID=5196
2026-05-09 22:58:02 | INFO | my_functions.py:466 | [SUCCESS] Notepad++ closed successfully
2026-05-09 22:58:03 | INFO | each_eight_hours.py:421 | Submissions after match: 6
2026-05-09 22:58:03 | INFO | my_functions.py:378 | Misiones completadas: 1
2026-05-09 22:58:03 | INFO | each_eight_hours.py:287 | Starting game loop 4
2026-05-09 22:58:03 | INFO | my_functions.py:231 | [DEBUG] wait_for_image_and_click -> play.PNG timeout=20s delay_click=3s confidence=0.8
2026-05-09 22:58:03 | INFO | my_functions.py:172 | Searching play.PNG (timeout=20s)
2026-05-09 22:58:03 | INFO | my_functions.py:198 | 
✅ Found: play.PNG pos=(384, 824) time=0.2s confidence=0.8
2026-05-09 22:58:06 | INFO | my_functions.py:138 | Haciendo click en la posición (384, 824)
2026-05-09 22:58:06 | INFO | my_functions.py:251 | 🖱️ Click OK: play.PNG at (384, 824) delay=3s
2026-05-09 22:58:06 | INFO | each_eight_hours.py:293 | Play button clicked
2026-05-09 22:58:25 | INFO | my_functions.py:198 | 
✅ Found: end_turn.PNG pos=(681, 945) time=0.18s confidence=0.8
2026-05-09 22:58:25 | INFO | my_functions.py:231 | [DEBUG] wait_for_image_and_click -> snap.PNG timeout=0s delay_click=1s confidence=0.8
2026-05-09 22:58:25 | INFO | my_functions.py:198 | 
✅ Found: snap.PNG pos=(386, 123) time=0.18s confidence=0.8
2026-05-09 22:58:26 | INFO | my_functions.py:138 | Haciendo click en la posición (386, 123)
2026-05-09 22:58:26 | INFO | my_functions.py:251 | 🖱️ Click OK: snap.PNG at (386, 123) delay=1s
2026-05-09 22:58:31 | INFO | my_functions.py:138 | Haciendo click en la posición (681, 945)
2026-05-09 22:58:32 | INFO | each_eight_hours.py:314 | End turn executed
2026-05-09 22:58:47 | INFO | my_functions.py:198 | 
✅ Found: end_turn.PNG pos=(681, 945) time=0.16s confidence=0.8
2026-05-09 22:58:47 | INFO | my_functions.py:231 | [DEBUG] wait_for_image_and_click -> snap.PNG timeout=0s delay_click=1s confidence=0.8
2026-05-09 22:58:47 | INFO | my_functions.py:258 | [DEBUG] Click skipped, image not found: snap.PNG
2026-05-09 22:58:52 | INFO | my_functions.py:138 | Haciendo click en la posición (681, 945)
2026-05-09 22:58:54 | INFO | each_eight_hours.py:314 | End turn executed
2026-05-09 22:59:05 | INFO | my_functions.py:198 | 
✅ Found: end_turn.PNG pos=(681, 945) time=0.18s confidence=0.8
2026-05-09 22:59:05 | INFO | my_functions.py:231 | [DEBUG] wait_for_image_and_click -> snap.PNG timeout=0s delay_click=1s confidence=0.8
2026-05-09 22:59:05 | INFO | my_functions.py:258 | [DEBUG] Click skipped, image not found: snap.PNG
2026-05-09 22:59:10 | INFO | my_functions.py:138 | Haciendo click en la posición (681, 945)
2026-05-09 22:59:11 | INFO | each_eight_hours.py:314 | End turn executed
2026-05-09 22:59:23 | INFO | my_functions.py:198 | 
✅ Found: end_turn.PNG pos=(681, 945) time=0.19s confidence=0.8
2026-05-09 22:59:23 | INFO | my_functions.py:231 | [DEBUG] wait_for_image_and_click -> snap.PNG timeout=0s delay_click=1s confidence=0.8
2026-05-09 22:59:23 | INFO | my_functions.py:258 | [DEBUG] Click skipped, image not found: snap.PNG
2026-05-09 22:59:28 | INFO | my_functions.py:138 | Haciendo click en la posición (681, 945)
2026-05-09 22:59:29 | INFO | each_eight_hours.py:314 | End turn executed
2026-05-09 22:59:43 | INFO | my_functions.py:198 | 
✅ Found: end_turn.PNG pos=(681, 945) time=0.16s confidence=0.8
2026-05-09 22:59:43 | INFO | my_functions.py:231 | [DEBUG] wait_for_image_and_click -> snap.PNG timeout=0s delay_click=1s confidence=0.8
2026-05-09 22:59:43 | INFO | my_functions.py:258 | [DEBUG] Click skipped, image not found: snap.PNG
2026-05-09 22:59:48 | INFO | my_functions.py:138 | Haciendo click en la posición (681, 945)
2026-05-09 22:59:49 | INFO | each_eight_hours.py:314 | End turn executed
2026-05-09 23:00:15 | INFO | my_functions.py:198 | 
✅ Found: end_turn.PNG pos=(681, 945) time=0.18s confidence=0.8
2026-05-09 23:00:15 | INFO | my_functions.py:231 | [DEBUG] wait_for_image_and_click -> snap.PNG timeout=0s delay_click=1s confidence=0.8
2026-05-09 23:00:15 | INFO | my_functions.py:258 | [DEBUG] Click skipped, image not found: snap.PNG
2026-05-09 23:00:20 | INFO | my_functions.py:138 | Haciendo click en la posición (681, 945)
2026-05-09 23:00:21 | INFO | each_eight_hours.py:314 | End turn executed
2026-05-09 23:00:46 | INFO | my_functions.py:198 | 
✅ Found: collect_rewards.PNG pos=(680, 959) time=0.2s confidence=0.8
2026-05-09 23:00:46 | INFO | each_eight_hours.py:353 | Rewards detected, exiting match
2026-05-09 23:00:46 | INFO | my_functions.py:231 | [DEBUG] wait_for_image_and_click -> collect_rewards.PNG timeout=20s delay_click=1s confidence=0.8
2026-05-09 23:00:46 | INFO | my_functions.py:172 | Searching collect_rewards.PNG (timeout=20s)
2026-05-09 23:00:47 | INFO | my_functions.py:198 | 
✅ Found: collect_rewards.PNG pos=(679, 957) time=0.21s confidence=0.8
2026-05-09 23:00:48 | INFO | my_functions.py:138 | Haciendo click en la posición (679, 957)
2026-05-09 23:00:48 | INFO | my_functions.py:251 | 🖱️ Click OK: collect_rewards.PNG at (679, 957) delay=1s
2026-05-09 23:00:48 | INFO | my_functions.py:231 | [DEBUG] wait_for_image_and_click -> next.PNG timeout=20s delay_click=1s confidence=0.8
2026-05-09 23:00:48 | INFO | my_functions.py:172 | Searching next.PNG (timeout=20s)
2026-05-09 23:00:52 | INFO | my_functions.py:198 | 
✅ Found: next.PNG pos=(678, 972) time=4.29s confidence=0.8
2026-05-09 23:00:53 | INFO | my_functions.py:138 | Haciendo click en la posición (678, 972)
2026-05-09 23:00:53 | INFO | my_functions.py:251 | 🖱️ Click OK: next.PNG at (678, 972) delay=1s
2026-05-09 23:00:57 | INFO | my_functions.py:434 | AVAILABLE: 6
2026-05-09 23:00:57 | INFO | my_functions.py:444 | [INFO] Waiting for Notepad++ process...
2026-05-09 23:00:58 | INFO | my_functions.py:458 | [INFO] Notepad++ detected PID=3212
2026-05-09 23:01:01 | INFO | my_functions.py:466 | [SUCCESS] Notepad++ closed successfully
2026-05-09 23:01:02 | INFO | each_eight_hours.py:421 | Submissions after match: 6
2026-05-09 23:01:02 | INFO | my_functions.py:378 | Misiones completadas: 2
2026-05-09 23:01:02 | INFO | each_eight_hours.py:425 | Submission condition met, breaking loop
2026-05-09 23:01:02 | INFO | my_functions.py:231 | [DEBUG] wait_for_image_and_click -> missionsNotify2.png timeout=20s delay_click=3s confidence=0.8
2026-05-09 23:01:02 | INFO | my_functions.py:172 | Searching missionsNotify2.png (timeout=20s)
2026-05-09 23:01:02 | INFO | my_functions.py:198 | 
✅ Found: missionsNotify2.png pos=(538, 124) time=0.18s confidence=0.8
2026-05-09 23:01:05 | INFO | my_functions.py:138 | Haciendo click en la posición (538, 124)
2026-05-09 23:01:05 | INFO | my_functions.py:251 | 🖱️ Click OK: missionsNotify2.png at (538, 124) delay=3s
2026-05-09 23:01:05 | INFO | my_functions.py:1593 | [INFO] Iniciando click_missions_blue2
2026-05-09 23:01:05 | INFO | my_functions.py:138 | Haciendo click en la posición (150, 132)
2026-05-09 23:01:06 | INFO | my_functions.py:1596 | [ACTION] Click hecho en icono de calendario que me dirige a las misiones ordinarias
2026-05-09 23:01:06 | INFO | my_functions.py:172 | Searching bonus_challenge.png (timeout=0s)
2026-05-09 23:01:06 | INFO | my_functions.py:209 | 
⛔ Not found: bonus_challenge.png after 0.0s region=(0, 0, 765, 1038) confidence=0.8
2026-05-09 23:01:08 | INFO | my_functions.py:138 | Haciendo click en la posición (362, 493)
2026-05-09 23:01:10 | INFO | my_functions.py:1609 | [ACTION] Click 1/2 en misión azul
2026-05-09 23:01:10 | INFO | my_functions.py:138 | Haciendo click en la posición (362, 493)
2026-05-09 23:01:11 | INFO | my_functions.py:1609 | [ACTION] Click 2/2 en misión azul
2026-05-09 23:01:12 | INFO | my_functions.py:172 | Searching flechita_mission.PNG (timeout=0s)
2026-05-09 23:01:12 | INFO | my_functions.py:209 | 
⛔ Not found: flechita_mission.PNG after 0.18s region=(0, 0, 765, 1038) confidence=0.8
2026-05-09 23:01:12 | INFO | my_functions.py:231 | [DEBUG] wait_for_image_and_click -> weekly3.PNG timeout=0s delay_click=0.1s confidence=0.8
2026-05-09 23:01:12 | INFO | my_functions.py:172 | Searching weekly3.PNG (timeout=0s)
2026-05-09 23:01:12 | INFO | my_functions.py:198 | 
✅ Found: weekly3.PNG pos=(485, 266) time=0.17s confidence=0.8
2026-05-09 23:01:13 | INFO | my_functions.py:138 | Haciendo click en la posición (485, 266)
2026-05-09 23:01:13 | INFO | my_functions.py:251 | 🖱️ Click OK: weekly3.PNG at (485, 266) delay=0.1s
2026-05-09 23:01:13 | INFO | my_functions.py:231 | [DEBUG] wait_for_image_and_click -> claim!.PNG timeout=0s delay_click=0.2s confidence=0.8
2026-05-09 23:01:13 | INFO | my_functions.py:172 | Searching claim!.PNG (timeout=0s)
2026-05-09 23:01:13 | INFO | my_functions.py:198 | 
✅ Found: claim!.PNG pos=(381, 924) time=0.23s confidence=0.8
2026-05-09 23:01:13 | INFO | my_functions.py:138 | Haciendo click en la posición (381, 924)
2026-05-09 23:01:13 | INFO | my_functions.py:251 | 🖱️ Click OK: claim!.PNG at (381, 924) delay=0.2s
2026-05-09 23:01:13 | INFO | my_functions.py:231 | [DEBUG] wait_for_image_and_click -> claim_hover.PNG timeout=0s delay_click=0.2s confidence=0.8
2026-05-09 23:01:13 | INFO | my_functions.py:172 | Searching claim_hover.PNG (timeout=0s)
2026-05-09 23:01:14 | INFO | my_functions.py:198 | 
✅ Found: claim_hover.PNG pos=(384, 921) time=0.21s confidence=0.8
2026-05-09 23:01:14 | INFO | my_functions.py:138 | Haciendo click en la posición (384, 921)
2026-05-09 23:01:14 | INFO | my_functions.py:251 | 🖱️ Click OK: claim_hover.PNG at (384, 921) delay=0.2s
2026-05-09 23:01:14 | INFO | my_functions.py:231 | [DEBUG] wait_for_image_and_click -> claim!.PNG timeout=0s delay_click=0.2s confidence=0.8
2026-05-09 23:01:14 | INFO | my_functions.py:172 | Searching claim!.PNG (timeout=0s)
2026-05-09 23:01:14 | INFO | my_functions.py:209 | 
⛔ Not found: claim!.PNG after 0.0s region=(0, 0, 765, 1038) confidence=0.8
2026-05-09 23:01:14 | INFO | my_functions.py:258 | [DEBUG] Click skipped, image not found: claim!.PNG
2026-05-09 23:01:14 | INFO | my_functions.py:231 | [DEBUG] wait_for_image_and_click -> claim_hover.PNG timeout=0s delay_click=0.2s confidence=0.8
2026-05-09 23:01:14 | INFO | my_functions.py:172 | Searching claim_hover.PNG (timeout=0s)
2026-05-09 23:01:14 | INFO | my_functions.py:198 | 
✅ Found: claim_hover.PNG pos=(383, 921) time=0.2s confidence=0.8
2026-05-09 23:01:15 | INFO | my_functions.py:138 | Haciendo click en la posición (383, 921)
2026-05-09 23:01:15 | INFO | my_functions.py:251 | 🖱️ Click OK: claim_hover.PNG at (383, 921) delay=0.2s
2026-05-09 23:01:15 | INFO | my_functions.py:231 | [DEBUG] wait_for_image_and_click -> claim!.PNG timeout=0s delay_click=0.2s confidence=0.8
2026-05-09 23:01:15 | INFO | my_functions.py:172 | Searching claim!.PNG (timeout=0s)
2026-05-09 23:01:15 | INFO | my_functions.py:209 | 
⛔ Not found: claim!.PNG after 0.01s region=(0, 0, 765, 1038) confidence=0.8
2026-05-09 23:01:15 | INFO | my_functions.py:258 | [DEBUG] Click skipped, image not found: claim!.PNG
2026-05-09 23:01:15 | INFO | my_functions.py:231 | [DEBUG] wait_for_image_and_click -> claim_hover.PNG timeout=0s delay_click=0.2s confidence=0.8
2026-05-09 23:01:15 | INFO | my_functions.py:172 | Searching claim_hover.PNG (timeout=0s)
2026-05-09 23:01:15 | INFO | my_functions.py:209 | 
⛔ Not found: claim_hover.PNG after 0.0s region=(0, 0, 765, 1038) confidence=0.8
2026-05-09 23:01:15 | INFO | my_functions.py:258 | [DEBUG] Click skipped, image not found: claim_hover.PNG
2026-05-09 23:01:15 | INFO | my_functions.py:231 | [DEBUG] wait_for_image_and_click -> claim!.PNG timeout=0s delay_click=0.2s confidence=0.8
2026-05-09 23:01:15 | INFO | my_functions.py:172 | Searching claim!.PNG (timeout=0s)
2026-05-09 23:01:16 | INFO | my_functions.py:209 | 
⛔ Not found: claim!.PNG after 0.0s region=(0, 0, 765, 1038) confidence=0.8
2026-05-09 23:01:16 | INFO | my_functions.py:258 | [DEBUG] Click skipped, image not found: claim!.PNG
2026-05-09 23:01:16 | INFO | my_functions.py:231 | [DEBUG] wait_for_image_and_click -> claim_hover.PNG timeout=0s delay_click=0.2s confidence=0.8
2026-05-09 23:01:16 | INFO | my_functions.py:172 | Searching claim_hover.PNG (timeout=0s)
2026-05-09 23:01:16 | INFO | my_functions.py:209 | 
⛔ Not found: claim_hover.PNG after 0.01s region=(0, 0, 765, 1038) confidence=0.8
2026-05-09 23:01:16 | INFO | my_functions.py:258 | [DEBUG] Click skipped, image not found: claim_hover.PNG
2026-05-09 23:01:16 | INFO | my_functions.py:231 | [DEBUG] wait_for_image_and_click -> claim!.PNG timeout=0s delay_click=0.2s confidence=0.8
2026-05-09 23:01:16 | INFO | my_functions.py:172 | Searching claim!.PNG (timeout=0s)
2026-05-09 23:01:16 | INFO | my_functions.py:209 | 
⛔ Not found: claim!.PNG after 0.01s region=(0, 0, 765, 1038) confidence=0.8
2026-05-09 23:01:16 | INFO | my_functions.py:258 | [DEBUG] Click skipped, image not found: claim!.PNG
2026-05-09 23:01:16 | INFO | my_functions.py:231 | [DEBUG] wait_for_image_and_click -> claim_hover.PNG timeout=0s delay_click=0.2s confidence=0.8
2026-05-09 23:01:16 | INFO | my_functions.py:172 | Searching claim_hover.PNG (timeout=0s)
2026-05-09 23:01:16 | INFO | my_functions.py:209 | 
⛔ Not found: claim_hover.PNG after 0.01s region=(0, 0, 765, 1038) confidence=0.8
2026-05-09 23:01:16 | INFO | my_functions.py:258 | [DEBUG] Click skipped, image not found: claim_hover.PNG
2026-05-09 23:01:16 | INFO | my_functions.py:231 | [DEBUG] wait_for_image_and_click -> claim!.PNG timeout=0s delay_click=0.2s confidence=0.8
2026-05-09 23:01:16 | INFO | my_functions.py:172 | Searching claim!.PNG (timeout=0s)
2026-05-09 23:01:16 | INFO | my_functions.py:209 | 
⛔ Not found: claim!.PNG after 0.01s region=(0, 0, 765, 1038) confidence=0.8
2026-05-09 23:01:16 | INFO | my_functions.py:258 | [DEBUG] Click skipped, image not found: claim!.PNG
2026-05-09 23:01:16 | INFO | my_functions.py:231 | [DEBUG] wait_for_image_and_click -> claim_hover.PNG timeout=0s delay_click=0.2s confidence=0.8
2026-05-09 23:01:16 | INFO | my_functions.py:172 | Searching claim_hover.PNG (timeout=0s)
2026-05-09 23:01:17 | INFO | my_functions.py:209 | 
⛔ Not found: claim_hover.PNG after 0.01s region=(0, 0, 765, 1038) confidence=0.8
2026-05-09 23:01:17 | INFO | my_functions.py:258 | [DEBUG] Click skipped, image not found: claim_hover.PNG
2026-05-09 23:01:17 | INFO | my_functions.py:231 | [DEBUG] wait_for_image_and_click -> claim!.PNG timeout=0s delay_click=0.2s confidence=0.8
2026-05-09 23:01:17 | INFO | my_functions.py:172 | Searching claim!.PNG (timeout=0s)
2026-05-09 23:01:17 | INFO | my_functions.py:209 | 
⛔ Not found: claim!.PNG after 0.01s region=(0, 0, 765, 1038) confidence=0.8
2026-05-09 23:01:17 | INFO | my_functions.py:258 | [DEBUG] Click skipped, image not found: claim!.PNG
2026-05-09 23:01:17 | INFO | my_functions.py:231 | [DEBUG] wait_for_image_and_click -> claim_hover.PNG timeout=0s delay_click=0.2s confidence=0.8
2026-05-09 23:01:17 | INFO | my_functions.py:172 | Searching claim_hover.PNG (timeout=0s)
2026-05-09 23:01:17 | INFO | my_functions.py:209 | 
⛔ Not found: claim_hover.PNG after 0.0s region=(0, 0, 765, 1038) confidence=0.8
2026-05-09 23:01:17 | INFO | my_functions.py:258 | [DEBUG] Click skipped, image not found: claim_hover.PNG
2026-05-09 23:01:17 | INFO | my_functions.py:231 | [DEBUG] wait_for_image_and_click -> claim!.PNG timeout=0s delay_click=0.2s confidence=0.8
2026-05-09 23:01:17 | INFO | my_functions.py:172 | Searching claim!.PNG (timeout=0s)
2026-05-09 23:01:17 | INFO | my_functions.py:209 | 
⛔ Not found: claim!.PNG after 0.01s region=(0, 0, 765, 1038) confidence=0.8
2026-05-09 23:01:17 | INFO | my_functions.py:258 | [DEBUG] Click skipped, image not found: claim!.PNG
2026-05-09 23:01:17 | INFO | my_functions.py:231 | [DEBUG] wait_for_image_and_click -> claim_hover.PNG timeout=0s delay_click=0.2s confidence=0.8
2026-05-09 23:01:17 | INFO | my_functions.py:172 | Searching claim_hover.PNG (timeout=0s)
2026-05-09 23:01:17 | INFO | my_functions.py:209 | 
⛔ Not found: claim_hover.PNG after 0.01s region=(0, 0, 765, 1038) confidence=0.8
2026-05-09 23:01:17 | INFO | my_functions.py:258 | [DEBUG] Click skipped, image not found: claim_hover.PNG
2026-05-09 23:01:17 | INFO | my_functions.py:231 | [DEBUG] wait_for_image_and_click -> claim!.PNG timeout=0s delay_click=0.2s confidence=0.8
2026-05-09 23:01:17 | INFO | my_functions.py:172 | Searching claim!.PNG (timeout=0s)
2026-05-09 23:01:18 | INFO | my_functions.py:209 | 
⛔ Not found: claim!.PNG after 0.01s region=(0, 0, 765, 1038) confidence=0.8
2026-05-09 23:01:18 | INFO | my_functions.py:258 | [DEBUG] Click skipped, image not found: claim!.PNG
2026-05-09 23:01:18 | INFO | my_functions.py:231 | [DEBUG] wait_for_image_and_click -> claim_hover.PNG timeout=0s delay_click=0.2s confidence=0.8
2026-05-09 23:01:18 | INFO | my_functions.py:172 | Searching claim_hover.PNG (timeout=0s)
2026-05-09 23:01:18 | INFO | my_functions.py:209 | 
⛔ Not found: claim_hover.PNG after 0.01s region=(0, 0, 765, 1038) confidence=0.8
2026-05-09 23:01:18 | INFO | my_functions.py:258 | [DEBUG] Click skipped, image not found: claim_hover.PNG
2026-05-09 23:01:18 | INFO | my_functions.py:231 | [DEBUG] wait_for_image_and_click -> weekly3.PNG timeout=0s delay_click=0.1s confidence=0.8
2026-05-09 23:01:18 | INFO | my_functions.py:172 | Searching weekly3.PNG (timeout=0s)
2026-05-09 23:01:18 | INFO | my_functions.py:209 | 
⛔ Not found: weekly3.PNG after 0.01s region=(0, 0, 765, 1038) confidence=0.8
2026-05-09 23:01:18 | INFO | my_functions.py:258 | [DEBUG] Click skipped, image not found: weekly3.PNG
2026-05-09 23:01:18 | INFO | my_functions.py:231 | [DEBUG] wait_for_image_and_click -> weekly3.PNG timeout=0s delay_click=0.1s confidence=0.8
2026-05-09 23:01:18 | INFO | my_functions.py:172 | Searching weekly3.PNG (timeout=0s)
2026-05-09 23:01:18 | INFO | my_functions.py:209 | 
⛔ Not found: weekly3.PNG after 0.01s region=(0, 0, 765, 1038) confidence=0.8
2026-05-09 23:01:18 | INFO | my_functions.py:258 | [DEBUG] Click skipped, image not found: weekly3.PNG
2026-05-09 23:01:18 | INFO | my_functions.py:231 | [DEBUG] wait_for_image_and_click -> weekly3.PNG timeout=0s delay_click=0.1s confidence=0.8
2026-05-09 23:01:18 | INFO | my_functions.py:172 | Searching weekly3.PNG (timeout=0s)
2026-05-09 23:01:18 | INFO | my_functions.py:209 | 
⛔ Not found: weekly3.PNG after 0.0s region=(0, 0, 765, 1038) confidence=0.8
2026-05-09 23:01:18 | INFO | my_functions.py:258 | [DEBUG] Click skipped, image not found: weekly3.PNG
2026-05-09 23:01:18 | INFO | my_functions.py:231 | [DEBUG] wait_for_image_and_click -> weekly3.PNG timeout=0s delay_click=0.1s confidence=0.8
2026-05-09 23:01:18 | INFO | my_functions.py:172 | Searching weekly3.PNG (timeout=0s)
2026-05-09 23:01:19 | INFO | my_functions.py:209 | 
⛔ Not found: weekly3.PNG after 0.01s region=(0, 0, 765, 1038) confidence=0.8
2026-05-09 23:01:19 | INFO | my_functions.py:258 | [DEBUG] Click skipped, image not found: weekly3.PNG
2026-05-09 23:01:19 | INFO | my_functions.py:231 | [DEBUG] wait_for_image_and_click -> weekly3.PNG timeout=0s delay_click=0.1s confidence=0.8
2026-05-09 23:01:19 | INFO | my_functions.py:172 | Searching weekly3.PNG (timeout=0s)
2026-05-09 23:01:19 | INFO | my_functions.py:209 | 
⛔ Not found: weekly3.PNG after 0.01s region=(0, 0, 765, 1038) confidence=0.8
2026-05-09 23:01:19 | INFO | my_functions.py:258 | [DEBUG] Click skipped, image not found: weekly3.PNG
2026-05-09 23:01:19 | INFO | my_functions.py:231 | [DEBUG] wait_for_image_and_click -> weekly3.PNG timeout=0s delay_click=0.1s confidence=0.8
2026-05-09 23:01:19 | INFO | my_functions.py:172 | Searching weekly3.PNG (timeout=0s)
2026-05-09 23:01:19 | INFO | my_functions.py:209 | 
⛔ Not found: weekly3.PNG after 0.01s region=(0, 0, 765, 1038) confidence=0.8
2026-05-09 23:01:19 | INFO | my_functions.py:258 | [DEBUG] Click skipped, image not found: weekly3.PNG
2026-05-09 23:01:19 | INFO | my_functions.py:231 | [DEBUG] wait_for_image_and_click -> weekly3.PNG timeout=0s delay_click=0.1s confidence=0.8
2026-05-09 23:01:19 | INFO | my_functions.py:172 | Searching weekly3.PNG (timeout=0s)
2026-05-09 23:01:19 | INFO | my_functions.py:209 | 
⛔ Not found: weekly3.PNG after 0.01s region=(0, 0, 765, 1038) confidence=0.8
2026-05-09 23:01:19 | INFO | my_functions.py:258 | [DEBUG] Click skipped, image not found: weekly3.PNG
2026-05-09 23:01:19 | INFO | my_functions.py:231 | [DEBUG] wait_for_image_and_click -> weekly3.PNG timeout=0s delay_click=0.1s confidence=0.8
2026-05-09 23:01:19 | INFO | my_functions.py:172 | Searching weekly3.PNG (timeout=0s)
2026-05-09 23:01:19 | INFO | my_functions.py:209 | 
⛔ Not found: weekly3.PNG after 0.01s region=(0, 0, 765, 1038) confidence=0.8
2026-05-09 23:01:19 | INFO | my_functions.py:258 | [DEBUG] Click skipped, image not found: weekly3.PNG
2026-05-09 23:01:19 | INFO | my_functions.py:231 | [DEBUG] wait_for_image_and_click -> weekly3.PNG timeout=0s delay_click=0.1s confidence=0.8
2026-05-09 23:01:19 | INFO | my_functions.py:172 | Searching weekly3.PNG (timeout=0s)
2026-05-09 23:01:20 | INFO | my_functions.py:209 | 
⛔ Not found: weekly3.PNG after 0.01s region=(0, 0, 765, 1038) confidence=0.8
2026-05-09 23:01:20 | INFO | my_functions.py:258 | [DEBUG] Click skipped, image not found: weekly3.PNG
2026-05-09 23:01:20 | INFO | my_functions.py:231 | [DEBUG] wait_for_image_and_click -> weekly3.PNG timeout=0s delay_click=0.1s confidence=0.8
2026-05-09 23:01:20 | INFO | my_functions.py:172 | Searching weekly3.PNG (timeout=0s)
2026-05-09 23:01:20 | INFO | my_functions.py:209 | 
⛔ Not found: weekly3.PNG after 0.01s region=(0, 0, 765, 1038) confidence=0.8
2026-05-09 23:01:20 | INFO | my_functions.py:258 | [DEBUG] Click skipped, image not found: weekly3.PNG
2026-05-09 23:01:20 | INFO | my_functions.py:231 | [DEBUG] wait_for_image_and_click -> weekly3.PNG timeout=0s delay_click=0.1s confidence=0.8
2026-05-09 23:01:20 | INFO | my_functions.py:172 | Searching weekly3.PNG (timeout=0s)
2026-05-09 23:01:20 | INFO | my_functions.py:209 | 
⛔ Not found: weekly3.PNG after 0.01s region=(0, 0, 765, 1038) confidence=0.8
2026-05-09 23:01:20 | INFO | my_functions.py:258 | [DEBUG] Click skipped, image not found: weekly3.PNG
2026-05-09 23:01:20 | INFO | my_functions.py:231 | [DEBUG] wait_for_image_and_click -> weekly3.PNG timeout=0s delay_click=0.1s confidence=0.8
2026-05-09 23:01:20 | INFO | my_functions.py:172 | Searching weekly3.PNG (timeout=0s)
2026-05-09 23:01:20 | INFO | my_functions.py:209 | 
⛔ Not found: weekly3.PNG after 0.0s region=(0, 0, 765, 1038) confidence=0.8
2026-05-09 23:01:20 | INFO | my_functions.py:258 | [DEBUG] Click skipped, image not found: weekly3.PNG
2026-05-09 23:01:20 | INFO | my_functions.py:138 | Haciendo click en la posición (557, 64)
2026-05-09 23:01:21 | INFO | my_functions.py:231 | [DEBUG] wait_for_image_and_click -> cards_shop.PNG timeout=20s delay_click=1s confidence=0.8
2026-05-09 23:01:21 | INFO | my_functions.py:172 | Searching cards_shop.PNG (timeout=20s)
2026-05-09 23:01:22 | INFO | my_functions.py:198 | 
✅ Found: cards_shop.PNG pos=(568, 121) time=0.54s confidence=0.8
2026-05-09 23:01:23 | INFO | my_functions.py:138 | Haciendo click en la posición (568, 121)
2026-05-09 23:01:23 | INFO | my_functions.py:251 | 🖱️ Click OK: cards_shop.PNG at (568, 121) delay=1s
2026-05-09 23:01:23 | INFO | my_functions.py:231 | [DEBUG] wait_for_image_and_click -> token_icon.PNG timeout=20s delay_click=1s confidence=0.8
2026-05-09 23:01:23 | INFO | my_functions.py:172 | Searching token_icon.PNG (timeout=20s)
2026-05-09 23:01:25 | INFO | my_functions.py:198 | 
✅ Found: token_icon.PNG pos=(531, 171) time=1.57s confidence=0.8
2026-05-09 23:01:26 | INFO | my_functions.py:138 | Haciendo click en la posición (531, 171)
2026-05-09 23:01:26 | INFO | my_functions.py:251 | 🖱️ Click OK: token_icon.PNG at (531, 171) delay=1s
2026-05-09 23:01:28 | INFO | my_functions.py:231 | [DEBUG] wait_for_image_and_click -> claim!_token_3.PNG timeout=4s delay_click=1s confidence=0.8
2026-05-09 23:01:28 | INFO | my_functions.py:172 | Searching claim!_token_3.PNG (timeout=4s)
2026-05-09 23:01:32 | INFO | my_functions.py:209 | 
⛔ Not found: claim!_token_3.PNG after 4.15s region=(0, 0, 765, 1038) confidence=0.8
2026-05-09 23:01:32 | INFO | my_functions.py:258 | [DEBUG] Click skipped, image not found: claim!_token_3.PNG
2026-05-09 23:01:32 | INFO | my_functions.py:231 | [DEBUG] wait_for_image_and_click -> offers.PNG timeout=0.1s delay_click=1s confidence=0.8
2026-05-09 23:01:32 | INFO | my_functions.py:172 | Searching offers.PNG (timeout=0.1s)
2026-05-09 23:01:32 | INFO | my_functions.py:198 | 
✅ Found: offers.PNG pos=(197, 121) time=0.22s confidence=0.8
2026-05-09 23:01:33 | INFO | my_functions.py:138 | Haciendo click en la posición (197, 121)
2026-05-09 23:01:34 | INFO | my_functions.py:251 | 🖱️ Click OK: offers.PNG at (197, 121) delay=1s
2026-05-09 23:01:34 | INFO | my_functions.py:231 | [DEBUG] wait_for_image_and_click -> credits_selected.png timeout=0.1s delay_click=1s confidence=0.8
2026-05-09 23:01:34 | INFO | my_functions.py:172 | Searching credits_selected.png (timeout=0.1s)
2026-05-09 23:01:34 | INFO | my_functions.py:198 | 
✅ Found: credits_selected.png pos=(443, 167) time=0.21s confidence=0.8
2026-05-09 23:01:35 | INFO | my_functions.py:138 | Haciendo click en la posición (443, 167)
2026-05-09 23:01:35 | INFO | my_functions.py:251 | 🖱️ Click OK: credits_selected.png at (443, 167) delay=1s
2026-05-09 23:01:37 | INFO | my_functions.py:231 | [DEBUG] wait_for_image_and_click -> claim_25_credits.png timeout=2s delay_click=1s confidence=0.8
2026-05-09 23:01:37 | INFO | my_functions.py:172 | Searching claim_25_credits.png (timeout=2s)
2026-05-09 23:01:37 | INFO | my_functions.py:198 | 
✅ Found: claim_25_credits.png pos=(236, 328) time=0.19s confidence=0.8
2026-05-09 23:01:38 | INFO | my_functions.py:138 | Haciendo click en la posición (236, 328)
2026-05-09 23:01:38 | INFO | my_functions.py:251 | 🖱️ Click OK: claim_25_credits.png at (236, 328) delay=1s
2026-05-09 23:01:38 | INFO | my_functions.py:231 | [DEBUG] wait_for_image_and_click -> cards_shop.PNG timeout=20s delay_click=1s confidence=0.8
2026-05-09 23:01:38 | INFO | my_functions.py:172 | Searching cards_shop.PNG (timeout=20s)
2026-05-09 23:01:38 | INFO | my_functions.py:198 | 
✅ Found: cards_shop.PNG pos=(568, 121) time=0.19s confidence=0.8
2026-05-09 23:01:39 | INFO | my_functions.py:138 | Haciendo click en la posición (568, 121)
2026-05-09 23:01:39 | INFO | my_functions.py:251 | 🖱️ Click OK: cards_shop.PNG at (568, 121) delay=1s
2026-05-09 23:01:39 | INFO | my_functions.py:231 | [DEBUG] wait_for_image_and_click -> offers.PNG timeout=20s delay_click=1s confidence=0.8
2026-05-09 23:01:39 | INFO | my_functions.py:172 | Searching offers.PNG (timeout=20s)
2026-05-09 23:01:40 | INFO | my_functions.py:198 | 
✅ Found: offers.PNG pos=(197, 122) time=0.18s confidence=0.8
2026-05-09 23:01:41 | INFO | my_functions.py:138 | Haciendo click en la posición (197, 122)
2026-05-09 23:01:41 | INFO | my_functions.py:251 | 🖱️ Click OK: offers.PNG at (197, 122) delay=1s
2026-05-09 23:01:41 | INFO | my_functions.py:1491 | [INFO] Iniciando mejora de cartas
2026-05-09 23:01:41 | INFO | my_functions.py:231 | [DEBUG] wait_for_image_and_click -> upgrade_cards_icon.PNG timeout=20s delay_click=1s confidence=0.8
2026-05-09 23:01:41 | INFO | my_functions.py:172 | Searching upgrade_cards_icon.PNG (timeout=20s)
2026-05-09 23:01:41 | INFO | my_functions.py:198 | 
✅ Found: upgrade_cards_icon.PNG pos=(322, 170) time=0.21s confidence=0.8
2026-05-09 23:01:42 | INFO | my_functions.py:138 | Haciendo click en la posición (322, 170)
2026-05-09 23:01:42 | INFO | my_functions.py:251 | 🖱️ Click OK: upgrade_cards_icon.PNG at (322, 170) delay=1s
2026-05-09 23:01:42 | INFO | my_functions.py:1495 | [INFO] Abriendo icono de upgrade_cards
2026-05-09 23:01:43 | INFO | my_functions.py:1501 | [STEP] Mejorando carta 1
2026-05-09 23:01:43 | INFO | my_functions.py:1505 | [ACTION] Click en carta 1
2026-05-09 23:01:44 | INFO | my_functions.py:1510 | [ACTION] Click en botón upgrade
2026-05-09 23:01:52 | INFO | my_functions.py:231 | [DEBUG] wait_for_image_and_click -> you_need_more_credits!.png timeout=3s delay_click=1s confidence=0.8
2026-05-09 23:01:52 | INFO | my_functions.py:172 | Searching you_need_more_credits!.png (timeout=3s)
2026-05-09 23:01:55 | INFO | my_functions.py:209 | 
⛔ Not found: you_need_more_credits!.png after 3.13s region=(0, 0, 765, 1038) confidence=0.8
2026-05-09 23:01:55 | INFO | my_functions.py:258 | [DEBUG] Click skipped, image not found: you_need_more_credits!.png
2026-05-09 23:02:00 | INFO | my_functions.py:1525 | [ACTION] Click para continuar a stage de nivel de coleccion
2026-05-09 23:02:05 | INFO | my_functions.py:146 | Presionando ESC (1/1)
2026-05-09 23:02:06 | INFO | my_functions.py:1530 | [ACTION] Saliendo de stage nivel de coleccion con ESC
2026-05-09 23:02:07 | INFO | my_functions.py:231 | [DEBUG] wait_for_image_and_click -> upgrade_cards_icon_selected.PNG timeout=0s delay_click=1s confidence=0.8
2026-05-09 23:02:07 | INFO | my_functions.py:172 | Searching upgrade_cards_icon_selected.PNG (timeout=0s)
2026-05-09 23:02:07 | INFO | my_functions.py:198 | 
✅ Found: upgrade_cards_icon_selected.PNG pos=(320, 173) time=0.19s confidence=0.8
2026-05-09 23:02:08 | INFO | my_functions.py:138 | Haciendo click en la posición (320, 173)
2026-05-09 23:02:08 | INFO | my_functions.py:251 | 🖱️ Click OK: upgrade_cards_icon_selected.PNG at (320, 173) delay=1s
2026-05-09 23:02:08 | INFO | my_functions.py:1550 | [INFO] Reabriendo icono de upgrade_cards
2026-05-09 23:02:09 | INFO | my_functions.py:1501 | [STEP] Mejorando carta 2
2026-05-09 23:02:09 | INFO | my_functions.py:1505 | [ACTION] Click en carta 2
2026-05-09 23:02:10 | INFO | my_functions.py:1510 | [ACTION] Click en botón upgrade
2026-05-09 23:02:17 | INFO | my_functions.py:231 | [DEBUG] wait_for_image_and_click -> you_need_more_credits!.png timeout=3s delay_click=1s confidence=0.8
2026-05-09 23:02:17 | INFO | my_functions.py:172 | Searching you_need_more_credits!.png (timeout=3s)
2026-05-09 23:02:20 | INFO | my_functions.py:209 | 
⛔ Not found: you_need_more_credits!.png after 3.0s region=(0, 0, 765, 1038) confidence=0.8
2026-05-09 23:02:20 | INFO | my_functions.py:258 | [DEBUG] Click skipped, image not found: you_need_more_credits!.png
2026-05-09 23:02:26 | INFO | my_functions.py:1525 | [ACTION] Click para continuar a stage de nivel de coleccion
2026-05-09 23:02:31 | INFO | my_functions.py:146 | Presionando ESC (1/1)
2026-05-09 23:02:31 | INFO | my_functions.py:1530 | [ACTION] Saliendo de stage nivel de coleccion con ESC
2026-05-09 23:02:32 | INFO | my_functions.py:231 | [DEBUG] wait_for_image_and_click -> upgrade_cards_icon_selected.PNG timeout=0s delay_click=1s confidence=0.8
2026-05-09 23:02:32 | INFO | my_functions.py:172 | Searching upgrade_cards_icon_selected.PNG (timeout=0s)
2026-05-09 23:02:32 | INFO | my_functions.py:198 | 
✅ Found: upgrade_cards_icon_selected.PNG pos=(320, 173) time=0.18s confidence=0.8
2026-05-09 23:02:33 | INFO | my_functions.py:138 | Haciendo click en la posición (320, 173)
2026-05-09 23:02:34 | INFO | my_functions.py:251 | 🖱️ Click OK: upgrade_cards_icon_selected.PNG at (320, 173) delay=1s
2026-05-09 23:02:34 | INFO | my_functions.py:1550 | [INFO] Reabriendo icono de upgrade_cards
2026-05-09 23:02:35 | INFO | my_functions.py:1501 | [STEP] Mejorando carta 3
2026-05-09 23:02:35 | INFO | my_functions.py:1505 | [ACTION] Click en carta 3
2026-05-09 23:02:36 | INFO | my_functions.py:1510 | [ACTION] Click en botón upgrade
2026-05-09 23:02:43 | INFO | my_functions.py:231 | [DEBUG] wait_for_image_and_click -> you_need_more_credits!.png timeout=3s delay_click=1s confidence=0.8
2026-05-09 23:02:43 | INFO | my_functions.py:172 | Searching you_need_more_credits!.png (timeout=3s)
2026-05-09 23:02:43 | INFO | my_functions.py:198 | 
✅ Found: you_need_more_credits!.png pos=(381, 345) time=0.21s confidence=0.8
2026-05-09 23:02:44 | INFO | my_functions.py:138 | Haciendo click en la posición (381, 345)
2026-05-09 23:02:44 | INFO | my_functions.py:251 | 🖱️ Click OK: you_need_more_credits!.png at (381, 345) delay=1s
2026-05-09 23:02:44 | INFO | my_functions.py:146 | Presionando ESC (1/2)
2026-05-09 23:02:45 | INFO | my_functions.py:146 | Presionando ESC (2/2)
2026-05-09 23:02:48 | INFO | my_functions.py:1553 | [INFO] Mejora de cartas completada ✅
2026-05-09 23:02:48 | INFO | my_functions.py:146 | Presionando ESC (1/1)
2026-05-09 23:02:48 | INFO | each_eight_hours.py:437 | Finished all games
2026-05-09 23:02:48 | INFO | my_functions.py:1443 | [DEBUG] Starting logout process...
2026-05-09 23:02:48 | INFO | my_functions.py:1445 | [DEBUG] Clicking nut icon...
2026-05-09 23:02:48 | INFO | my_functions.py:231 | [DEBUG] wait_for_image_and_click -> nut.png timeout=20s delay_click=1s confidence=0.8
2026-05-09 23:02:48 | INFO | my_functions.py:172 | Searching nut.png (timeout=20s)
2026-05-09 23:02:48 | INFO | my_functions.py:198 | 
✅ Found: nut.png pos=(184, 78) time=0.19s confidence=0.8
2026-05-09 23:02:49 | INFO | my_functions.py:138 | Haciendo click en la posición (184, 78)
2026-05-09 23:02:50 | INFO | my_functions.py:251 | 🖱️ Click OK: nut.png at (184, 78) delay=1s
2026-05-09 23:02:50 | INFO | my_functions.py:1448 | [DEBUG] Waiting for graphics quality image...
2026-05-09 23:02:50 | INFO | my_functions.py:172 | Searching graphics_quality.png (timeout=3s)
2026-05-09 23:02:50 | INFO | my_functions.py:198 | 
✅ Found: graphics_quality.png pos=(304, 644) time=0.83s confidence=0.8
2026-05-09 23:02:50 | INFO | my_functions.py:1450 | [DEBUG] graphics_quality result: Point(x=304, y=644)
2026-05-09 23:02:50 | INFO | my_functions.py:1456 | [DEBUG] Clicking graphics quality...
2026-05-09 23:02:52 | INFO | my_functions.py:1461 | [DEBUG] Scrolling down...
2026-05-09 23:02:52 | INFO | my_functions.py:1464 | [DEBUG] Clicking sign_out...
2026-05-09 23:02:52 | INFO | my_functions.py:231 | [DEBUG] wait_for_image_and_click -> sign_out.png timeout=20s delay_click=1s confidence=0.8
2026-05-09 23:02:52 | INFO | my_functions.py:172 | Searching sign_out.png (timeout=20s)
2026-05-09 23:02:52 | INFO | my_functions.py:198 | 
✅ Found: sign_out.png pos=(380, 796) time=0.2s confidence=0.8
2026-05-09 23:02:53 | INFO | my_functions.py:138 | Haciendo click en la posición (380, 796)
2026-05-09 23:02:53 | INFO | my_functions.py:251 | 🖱️ Click OK: sign_out.png at (380, 796) delay=1s
2026-05-09 23:02:54 | INFO | my_functions.py:1469 | [DEBUG] Clicking big sign_out...
2026-05-09 23:02:54 | INFO | my_functions.py:231 | [DEBUG] wait_for_image_and_click -> sign_out_grande.png timeout=20s delay_click=1s confidence=0.8
2026-05-09 23:02:54 | INFO | my_functions.py:172 | Searching sign_out_grande.png (timeout=20s)
2026-05-09 23:02:54 | INFO | my_functions.py:198 | 
✅ Found: sign_out_grande.png pos=(359, 437) time=0.18s confidence=0.8
2026-05-09 23:02:55 | INFO | my_functions.py:138 | Haciendo click en la posición (359, 437)
2026-05-09 23:02:56 | INFO | my_functions.py:251 | 🖱️ Click OK: sign_out_grande.png at (359, 437) delay=1s
2026-05-09 23:02:56 | INFO | my_functions.py:1472 | [DEBUG] Clicking sign_out2...
2026-05-09 23:02:56 | INFO | my_functions.py:231 | [DEBUG] wait_for_image_and_click -> sign_out2.png timeout=20s delay_click=1s confidence=0.8
2026-05-09 23:02:56 | INFO | my_functions.py:172 | Searching sign_out2.png (timeout=20s)
2026-05-09 23:02:56 | INFO | my_functions.py:198 | 
✅ Found: sign_out2.png pos=(383, 634) time=0.19s confidence=0.8
2026-05-09 23:02:57 | INFO | my_functions.py:138 | Haciendo click en la posición (383, 634)
2026-05-09 23:02:57 | INFO | my_functions.py:251 | 🖱️ Click OK: sign_out2.png at (383, 634) delay=1s
2026-05-09 23:02:57 | INFO | my_functions.py:1475 | [DEBUG] Resizing SNAP window...
2026-05-09 23:02:57 | INFO | my_functions.py:1668 | ⏱ Esperando 0.1 segundos antes de empezar...
2026-05-09 23:02:57 | INFO | my_functions.py:1675 | 🔍 Esperando ventana que contenga alguna de: SNAP (máx 20s)
2026-05-09 23:02:57 | INFO | my_functions.py:1687 | ✅ Ventana encontrada: 'SNAP'
2026-05-09 23:02:57 | INFO | my_functions.py:1702 | ✅ Ventana seleccionada: 'SNAP'
2026-05-09 23:02:59 | INFO | my_functions.py:1725 | 🔁 Reajuste #1...
2026-05-09 23:03:01 | INFO | my_functions.py:1732 | ✔ Verificación completa. Se hicieron 1 reajustes.
2026-05-09 23:03:02 | INFO | my_functions.py:1484 | snap.exe closed
2026-05-09 23:03:05 | INFO | my_functions.py:1487 | [DEBUG] Logout completed successfully.
2026-05-09 23:03:05 | INFO | each_eight_hours.py:146 | Processing account: michael
2026-05-09 23:03:05 | INFO | each_eight_hours.py:149 | Game relaunched for account
2026-05-09 23:03:05 | INFO | my_functions.py:1668 | ⏱ Esperando 0.1 segundos antes de empezar...
2026-05-09 23:03:05 | INFO | my_functions.py:1675 | 🔍 Esperando ventana que contenga alguna de: ['SNAP'] (máx 20s)
2026-05-09 23:03:08 | INFO | my_functions.py:1687 | ✅ Ventana encontrada: 'SNAP'
2026-05-09 23:03:08 | INFO | my_functions.py:1702 | ✅ Ventana seleccionada: 'SNAP'
2026-05-09 23:03:10 | INFO | my_functions.py:1734 | ✔ Verificación completa. No hubo cambios después del primer ajuste.
2026-05-09 23:03:10 | INFO | each_eight_hours.py:156 | Game window resized
2026-05-09 23:03:10 | INFO | my_functions.py:1207 | [DEBUG] Resizing SNAP window...
2026-05-09 23:03:10 | INFO | my_functions.py:1668 | ⏱ Esperando 0.1 segundos antes de empezar...
2026-05-09 23:03:10 | INFO | my_functions.py:1675 | 🔍 Esperando ventana que contenga alguna de: ['SNAP'] (máx 20s)
2026-05-09 23:03:10 | INFO | my_functions.py:1687 | ✅ Ventana encontrada: 'SNAP'
2026-05-09 23:03:10 | INFO | my_functions.py:1702 | ✅ Ventana seleccionada: 'SNAP'
2026-05-09 23:03:13 | INFO | my_functions.py:1734 | ✔ Verificación completa. No hubo cambios después del primer ajuste.
2026-05-09 23:03:13 | INFO | my_functions.py:231 | [DEBUG] wait_for_image_and_click -> submit.PNG timeout=90s delay_click=0.2s confidence=0.8
2026-05-09 23:03:13 | INFO | my_functions.py:172 | Searching submit.PNG (timeout=90s)
2026-05-09 23:03:16 | INFO | my_functions.py:198 | 
✅ Found: submit.PNG pos=(385, 779) time=2.82s confidence=0.8
2026-05-09 23:03:16 | INFO | my_functions.py:138 | Haciendo click en la posición (385, 779)
2026-05-09 23:03:16 | INFO | my_functions.py:251 | 🖱️ Click OK: submit.PNG at (385, 779) delay=0.2s
2026-05-09 23:03:16 | INFO | my_functions.py:1668 | ⏱ Esperando 0.1 segundos antes de empezar...
2026-05-09 23:03:16 | INFO | my_functions.py:1675 | 🔍 Esperando ventana que contenga alguna de: ['SNAP'] (máx 20s)
2026-05-09 23:03:16 | INFO | my_functions.py:1687 | ✅ Ventana encontrada: 'SNAP'
2026-05-09 23:03:16 | INFO | my_functions.py:1702 | ✅ Ventana seleccionada: 'SNAP'
2026-05-09 23:03:18 | INFO | my_functions.py:1725 | 🔁 Reajuste #1...
2026-05-09 23:03:19 | INFO | my_functions.py:1732 | ✔ Verificación completa. Se hicieron 1 reajustes.
2026-05-09 23:03:19 | INFO | my_functions.py:172 | Searching please_sign.png (timeout=0s)
2026-05-09 23:03:20 | INFO | my_functions.py:198 | 
✅ Found: please_sign.png pos=(383, 438) time=0.18s confidence=0.8
2026-05-09 23:03:20 | INFO | my_functions.py:231 | [DEBUG] wait_for_image_and_click -> ok_btn.png timeout=20s delay_click=1s confidence=0.8
2026-05-09 23:03:20 | INFO | my_functions.py:172 | Searching ok_btn.png (timeout=20s)
2026-05-09 23:03:20 | INFO | my_functions.py:198 | 
✅ Found: ok_btn.png pos=(382, 634) time=0.17s confidence=0.8
2026-05-09 23:03:21 | INFO | my_functions.py:138 | Haciendo click en la posición (382, 634)
2026-05-09 23:03:21 | INFO | my_functions.py:251 | 🖱️ Click OK: ok_btn.png at (382, 634) delay=1s
2026-05-09 23:03:21 | INFO | my_functions.py:231 | [DEBUG] wait_for_image_and_click -> submit.PNG timeout=90s delay_click=0.2s confidence=0.8
2026-05-09 23:03:21 | INFO | my_functions.py:172 | Searching submit.PNG (timeout=90s)
2026-05-09 23:03:22 | INFO | my_functions.py:198 | 
✅ Found: submit.PNG pos=(386, 786) time=1.13s confidence=0.8
2026-05-09 23:03:22 | INFO | my_functions.py:138 | Haciendo click en la posición (386, 786)
2026-05-09 23:03:23 | INFO | my_functions.py:251 | 🖱️ Click OK: submit.PNG at (386, 786) delay=0.2s
2026-05-09 23:03:23 | INFO | my_functions.py:172 | Searching sign_in_with_google2.PNG (timeout=90s)
2026-05-09 23:03:24 | INFO | my_functions.py:198 | 
✅ Found: sign_in_with_google2.PNG pos=(406, 957) time=1.07s confidence=0.8
2026-05-09 23:03:24 | INFO | my_functions.py:231 | [DEBUG] wait_for_image_and_click -> sign_in_with_google2.PNG timeout=20s delay_click=1s confidence=0.8
2026-05-09 23:03:24 | INFO | my_functions.py:172 | Searching sign_in_with_google2.PNG (timeout=20s)
2026-05-09 23:03:24 | INFO | my_functions.py:198 | 
✅ Found: sign_in_with_google2.PNG pos=(406, 957) time=0.16s confidence=0.8
2026-05-09 23:03:25 | INFO | my_functions.py:138 | Haciendo click en la posición (406, 957)
2026-05-09 23:03:25 | INFO | my_functions.py:251 | 🖱️ Click OK: sign_in_with_google2.PNG at (406, 957) delay=1s
2026-05-09 23:03:25 | INFO | my_functions.py:231 | [DEBUG] wait_for_image_and_click -> michael.png timeout=30s delay_click=3s confidence=0.8
2026-05-09 23:03:25 | INFO | my_functions.py:172 | Searching michael.png (timeout=30s)
2026-05-09 23:03:30 | INFO | my_functions.py:198 | 
✅ Found: michael.png pos=(1156, 878) time=4.9s confidence=0.8
2026-05-09 23:03:33 | INFO | my_functions.py:138 | Haciendo click en la posición (1156, 878)
2026-05-09 23:03:33 | INFO | my_functions.py:251 | 🖱️ Click OK: michael.png at (1156, 878) delay=3s
2026-05-09 23:03:35 | INFO | my_functions.py:231 | [DEBUG] wait_for_image_and_click -> python_icon.PNG timeout=5s delay_click=1s confidence=0.8
2026-05-09 23:03:35 | INFO | my_functions.py:172 | Searching python_icon.PNG (timeout=5s)
2026-05-09 23:03:35 | INFO | my_functions.py:198 | 
✅ Found: python_icon.PNG pos=(647, 1054) time=0.3s confidence=0.8
2026-05-09 23:03:36 | INFO | my_functions.py:138 | Haciendo click en la posición (647, 1054)
2026-05-09 23:03:37 | INFO | my_functions.py:251 | 🖱️ Click OK: python_icon.PNG at (647, 1054) delay=1s
2026-05-09 23:03:37 | INFO | my_functions.py:231 | [DEBUG] wait_for_image_and_click -> snap_icon_task_bar.PNG timeout=20s delay_click=1s confidence=0.8
2026-05-09 23:03:37 | INFO | my_functions.py:172 | Searching snap_icon_task_bar.PNG (timeout=20s)
2026-05-09 23:03:37 | INFO | my_functions.py:198 | 
✅ Found: snap_icon_task_bar.PNG pos=(524, 1052) time=0.31s confidence=0.8
2026-05-09 23:03:38 | INFO | my_functions.py:138 | Haciendo click en la posición (524, 1052)
2026-05-09 23:03:38 | INFO | my_functions.py:251 | 🖱️ Click OK: snap_icon_task_bar.PNG at (524, 1052) delay=1s
2026-05-09 23:03:38 | INFO | my_functions.py:172 | Searching play.PNG (timeout=30s)
2026-05-09 23:03:48 | INFO | my_functions.py:198 | 
✅ Found: play.PNG pos=(384, 824) time=9.6s confidence=0.8
2026-05-09 23:03:48 | INFO | my_functions.py:1265 | [DEBUG] Login completado correctamente.
2026-05-09 23:03:48 | INFO | each_eight_hours.py:160 | Login executed
2026-05-09 23:03:48 | INFO | my_functions.py:172 | Searching shop_unselected.PNG (timeout=0s)
2026-05-09 23:03:48 | INFO | my_functions.py:198 | 
✅ Found: shop_unselected.PNG pos=(88, 961) time=0.19s confidence=0.8
2026-05-09 23:03:56 | INFO | my_functions.py:172 | Searching shop_unselected.PNG (timeout=0s)
2026-05-09 23:03:56 | INFO | my_functions.py:209 | 
⛔ Not found: shop_unselected.PNG after 0.2s region=(0, 0, 765, 1038) confidence=0.8
2026-05-09 23:03:57 | INFO | my_functions.py:172 | Searching shop_unselected.PNG (timeout=0s)
2026-05-09 23:03:58 | INFO | my_functions.py:209 | 
⛔ Not found: shop_unselected.PNG after 0.0s region=(0, 0, 765, 1038) confidence=0.8
2026-05-09 23:03:58 | INFO | my_functions.py:231 | [DEBUG] wait_for_image_and_click -> super_premium.PNG timeout=0s delay_click=1s confidence=0.8
2026-05-09 23:03:58 | INFO | my_functions.py:172 | Searching super_premium.PNG (timeout=0s)
2026-05-09 23:03:58 | INFO | my_functions.py:198 | 
✅ Found: super_premium.PNG pos=(480, 777) time=0.17s confidence=0.8
2026-05-09 23:03:59 | INFO | my_functions.py:138 | Haciendo click en la posición (480, 777)
2026-05-09 23:03:59 | INFO | my_functions.py:251 | 🖱️ Click OK: super_premium.PNG at (480, 777) delay=1s
2026-05-09 23:03:59 | INFO | my_functions.py:146 | Presionando ESC (1/1)
2026-05-09 23:04:08 | INFO | my_functions.py:172 | Searching shop_unselected.PNG (timeout=0s)
2026-05-09 23:04:08 | INFO | my_functions.py:198 | 
✅ Found: shop_unselected.PNG pos=(88, 961) time=0.16s confidence=0.8
2026-05-09 23:04:08 | INFO | my_functions.py:720 | Ya esta listo
2026-05-09 23:04:08 | INFO | each_eight_hours.py:163 | Initial images processed
2026-05-09 23:04:08 | INFO | each_eight_hours.py:166 | Chrome terminated
2026-05-09 23:04:08 | INFO | my_functions.py:231 | [DEBUG] wait_for_image_and_click -> missions_unnotified2.png timeout=20s delay_click=1s confidence=0.8
2026-05-09 23:04:08 | INFO | my_functions.py:172 | Searching missions_unnotified2.png (timeout=20s)
2026-05-09 23:04:08 | INFO | my_functions.py:198 | 
✅ Found: missions_unnotified2.png pos=(516, 127) time=0.22s confidence=0.8
2026-05-09 23:04:09 | INFO | my_functions.py:138 | Haciendo click en la posición (516, 127)
2026-05-09 23:04:09 | INFO | my_functions.py:251 | 🖱️ Click OK: missions_unnotified2.png at (516, 127) delay=1s
2026-05-09 23:04:09 | INFO | my_functions.py:231 | [DEBUG] wait_for_image_and_click -> calendar_missions_daily.png timeout=3s delay_click=1s confidence=0.8
2026-05-09 23:04:09 | INFO | my_functions.py:172 | Searching calendar_missions_daily.png (timeout=3s)
2026-05-09 23:04:11 | INFO | my_functions.py:198 | 
✅ Found: calendar_missions_daily.png pos=(189, 131) time=1.13s confidence=0.8
2026-05-09 23:04:12 | INFO | my_functions.py:138 | Haciendo click en la posición (189, 131)
2026-05-09 23:04:12 | INFO | my_functions.py:251 | 🖱️ Click OK: calendar_missions_daily.png at (189, 131) delay=1s
2026-05-09 23:04:12 | INFO | each_eight_hours.py:180 | Mission screens opened
2026-05-09 23:04:12 | INFO | my_functions.py:295 | JSON file located at C:\Users\Farm\AppData\LocalLow\Second Dinner\SNAP\Standalone\States\nvprod\MissionState.json
2026-05-09 23:04:15 | INFO | my_functions.py:434 | AVAILABLE: 6
2026-05-09 23:04:15 | INFO | my_functions.py:444 | [INFO] Waiting for Notepad++ process...
2026-05-09 23:04:15 | INFO | my_functions.py:458 | [INFO] Notepad++ detected PID=9072
2026-05-09 23:04:18 | INFO | my_functions.py:466 | [SUCCESS] Notepad++ closed successfully
2026-05-09 23:04:19 | INFO | my_functions.py:1593 | [INFO] Iniciando click_missions_blue2
2026-05-09 23:04:19 | INFO | my_functions.py:138 | Haciendo click en la posición (150, 132)
2026-05-09 23:04:20 | INFO | my_functions.py:1596 | [ACTION] Click hecho en icono de calendario que me dirige a las misiones ordinarias
2026-05-09 23:04:20 | INFO | my_functions.py:172 | Searching bonus_challenge.png (timeout=0s)
2026-05-09 23:04:20 | INFO | my_functions.py:209 | 
⛔ Not found: bonus_challenge.png after 0.01s region=(0, 0, 765, 1038) confidence=0.8
2026-05-09 23:04:22 | INFO | my_functions.py:172 | Searching flechita_mission.PNG (timeout=0s)
2026-05-09 23:04:22 | INFO | my_functions.py:209 | 
⛔ Not found: flechita_mission.PNG after 0.0s region=(0, 0, 765, 1038) confidence=0.8
2026-05-09 23:04:22 | INFO | my_functions.py:231 | [DEBUG] wait_for_image_and_click -> weekly3.PNG timeout=0s delay_click=0.1s confidence=0.8
2026-05-09 23:04:22 | INFO | my_functions.py:172 | Searching weekly3.PNG (timeout=0s)
2026-05-09 23:04:23 | INFO | my_functions.py:209 | 
⛔ Not found: weekly3.PNG after 0.0s region=(0, 0, 765, 1038) confidence=0.8
2026-05-09 23:04:23 | INFO | my_functions.py:258 | [DEBUG] Click skipped, image not found: weekly3.PNG
2026-05-09 23:04:23 | INFO | my_functions.py:231 | [DEBUG] wait_for_image_and_click -> weekly3.PNG timeout=0s delay_click=0.1s confidence=0.8
2026-05-09 23:04:23 | INFO | my_functions.py:172 | Searching weekly3.PNG (timeout=0s)
2026-05-09 23:04:23 | INFO | my_functions.py:209 | 
⛔ Not found: weekly3.PNG after 0.01s region=(0, 0, 765, 1038) confidence=0.8
2026-05-09 23:04:23 | INFO | my_functions.py:258 | [DEBUG] Click skipped, image not found: weekly3.PNG
2026-05-09 23:04:23 | INFO | my_functions.py:231 | [DEBUG] wait_for_image_and_click -> weekly3.PNG timeout=0s delay_click=0.1s confidence=0.8
2026-05-09 23:04:23 | INFO | my_functions.py:172 | Searching weekly3.PNG (timeout=0s)
2026-05-09 23:04:23 | INFO | my_functions.py:209 | 
⛔ Not found: weekly3.PNG after 0.01s region=(0, 0, 765, 1038) confidence=0.8
2026-05-09 23:04:23 | INFO | my_functions.py:258 | [DEBUG] Click skipped, image not found: weekly3.PNG
2026-05-09 23:04:23 | INFO | my_functions.py:231 | [DEBUG] wait_for_image_and_click -> weekly3.PNG timeout=0s delay_click=0.1s confidence=0.8
2026-05-09 23:04:23 | INFO | my_functions.py:172 | Searching weekly3.PNG (timeout=0s)
2026-05-09 23:04:23 | INFO | my_functions.py:209 | 
⛔ Not found: weekly3.PNG after 0.0s region=(0, 0, 765, 1038) confidence=0.8
2026-05-09 23:04:23 | INFO | my_functions.py:258 | [DEBUG] Click skipped, image not found: weekly3.PNG
2026-05-09 23:04:23 | INFO | my_functions.py:231 | [DEBUG] wait_for_image_and_click -> weekly3.PNG timeout=0s delay_click=0.1s confidence=0.8
2026-05-09 23:04:23 | INFO | my_functions.py:172 | Searching weekly3.PNG (timeout=0s)
2026-05-09 23:04:23 | INFO | my_functions.py:209 | 
⛔ Not found: weekly3.PNG after 0.01s region=(0, 0, 765, 1038) confidence=0.8
2026-05-09 23:04:23 | INFO | my_functions.py:258 | [DEBUG] Click skipped, image not found: weekly3.PNG
2026-05-09 23:04:23 | INFO | my_functions.py:231 | [DEBUG] wait_for_image_and_click -> weekly3.PNG timeout=0s delay_click=0.1s confidence=0.8
2026-05-09 23:04:23 | INFO | my_functions.py:172 | Searching weekly3.PNG (timeout=0s)
2026-05-09 23:04:23 | INFO | my_functions.py:209 | 
⛔ Not found: weekly3.PNG after 0.01s region=(0, 0, 765, 1038) confidence=0.8
2026-05-09 23:04:23 | INFO | my_functions.py:258 | [DEBUG] Click skipped, image not found: weekly3.PNG
2026-05-09 23:04:23 | INFO | my_functions.py:231 | [DEBUG] wait_for_image_and_click -> weekly3.PNG timeout=0s delay_click=0.1s confidence=0.8
2026-05-09 23:04:23 | INFO | my_functions.py:172 | Searching weekly3.PNG (timeout=0s)
2026-05-09 23:04:24 | INFO | my_functions.py:209 | 
⛔ Not found: weekly3.PNG after 0.01s region=(0, 0, 765, 1038) confidence=0.8
2026-05-09 23:04:24 | INFO | my_functions.py:258 | [DEBUG] Click skipped, image not found: weekly3.PNG
2026-05-09 23:04:24 | INFO | my_functions.py:231 | [DEBUG] wait_for_image_and_click -> weekly3.PNG timeout=0s delay_click=0.1s confidence=0.8
2026-05-09 23:04:24 | INFO | my_functions.py:172 | Searching weekly3.PNG (timeout=0s)
2026-05-09 23:04:24 | INFO | my_functions.py:209 | 
⛔ Not found: weekly3.PNG after 0.0s region=(0, 0, 765, 1038) confidence=0.8
2026-05-09 23:04:24 | INFO | my_functions.py:258 | [DEBUG] Click skipped, image not found: weekly3.PNG
2026-05-09 23:04:24 | INFO | my_functions.py:231 | [DEBUG] wait_for_image_and_click -> weekly3.PNG timeout=0s delay_click=0.1s confidence=0.8
2026-05-09 23:04:24 | INFO | my_functions.py:172 | Searching weekly3.PNG (timeout=0s)
2026-05-09 23:04:24 | INFO | my_functions.py:209 | 
⛔ Not found: weekly3.PNG after 0.01s region=(0, 0, 765, 1038) confidence=0.8
2026-05-09 23:04:24 | INFO | my_functions.py:258 | [DEBUG] Click skipped, image not found: weekly3.PNG
2026-05-09 23:04:24 | INFO | my_functions.py:231 | [DEBUG] wait_for_image_and_click -> weekly3.PNG timeout=0s delay_click=0.1s confidence=0.8
2026-05-09 23:04:24 | INFO | my_functions.py:172 | Searching weekly3.PNG (timeout=0s)
2026-05-09 23:04:24 | INFO | my_functions.py:209 | 
⛔ Not found: weekly3.PNG after 0.0s region=(0, 0, 765, 1038) confidence=0.8
2026-05-09 23:04:24 | INFO | my_functions.py:258 | [DEBUG] Click skipped, image not found: weekly3.PNG
2026-05-09 23:04:24 | INFO | my_functions.py:231 | [DEBUG] wait_for_image_and_click -> weekly3.PNG timeout=0s delay_click=0.1s confidence=0.8
2026-05-09 23:04:24 | INFO | my_functions.py:172 | Searching weekly3.PNG (timeout=0s)
2026-05-09 23:04:24 | INFO | my_functions.py:209 | 
⛔ Not found: weekly3.PNG after 0.01s region=(0, 0, 765, 1038) confidence=0.8
2026-05-09 23:04:24 | INFO | my_functions.py:258 | [DEBUG] Click skipped, image not found: weekly3.PNG
2026-05-09 23:04:24 | INFO | my_functions.py:231 | [DEBUG] wait_for_image_and_click -> weekly3.PNG timeout=0s delay_click=0.1s confidence=0.8
2026-05-09 23:04:24 | INFO | my_functions.py:172 | Searching weekly3.PNG (timeout=0s)
2026-05-09 23:04:24 | INFO | my_functions.py:209 | 
⛔ Not found: weekly3.PNG after 0.01s region=(0, 0, 765, 1038) confidence=0.8
2026-05-09 23:04:24 | INFO | my_functions.py:258 | [DEBUG] Click skipped, image not found: weekly3.PNG
2026-05-09 23:04:24 | INFO | my_functions.py:295 | JSON file located at C:\Users\Farm\AppData\LocalLow\Second Dinner\SNAP\Standalone\States\nvprod\MissionState.json
2026-05-09 23:04:27 | INFO | my_functions.py:434 | AVAILABLE: 6
2026-05-09 23:04:27 | INFO | my_functions.py:444 | [INFO] Waiting for Notepad++ process...
2026-05-09 23:04:27 | INFO | my_functions.py:458 | [INFO] Notepad++ detected PID=10004
2026-05-09 23:04:30 | INFO | my_functions.py:466 | [SUCCESS] Notepad++ closed successfully
2026-05-09 23:04:32 | INFO | my_functions.py:146 | Presionando ESC (1/1)
2026-05-09 23:04:32 | INFO | my_functions.py:231 | [DEBUG] wait_for_image_and_click -> white_x.png timeout=2s delay_click=1s confidence=0.8
2026-05-09 23:04:32 | INFO | my_functions.py:172 | Searching white_x.png (timeout=2s)
2026-05-09 23:04:34 | INFO | my_functions.py:209 | 
⛔ Not found: white_x.png after 2.15s region=(0, 0, 765, 1038) confidence=0.8
2026-05-09 23:04:34 | INFO | my_functions.py:258 | [DEBUG] Click skipped, image not found: white_x.png
2026-05-09 23:04:34 | INFO | my_functions.py:172 | Searching play.PNG (timeout=0s)
2026-05-09 23:04:35 | INFO | my_functions.py:198 | 
✅ Found: play.PNG pos=(384, 824) time=0.2s confidence=0.8
2026-05-09 23:04:35 | INFO | my_functions.py:1563 | [INFO] Click realizado donde se equipa el deck a jugar
2026-05-09 23:04:39 | INFO | my_functions.py:231 | [DEBUG] wait_for_image_and_click -> deck_666666.png timeout=3s delay_click=1s confidence=0.8
2026-05-09 23:04:39 | INFO | my_functions.py:172 | Searching deck_666666.png (timeout=3s)
2026-05-09 23:04:39 | INFO | my_functions.py:198 | 
✅ Found: deck_666666.png pos=(234, 702) time=0.2s confidence=0.8
2026-05-09 23:04:40 | INFO | my_functions.py:138 | Haciendo click en la posición (234, 702)
2026-05-09 23:04:40 | INFO | my_functions.py:251 | 🖱️ Click OK: deck_666666.png at (234, 702) delay=1s
2026-05-09 23:04:40 | INFO | my_functions.py:231 | [DEBUG] wait_for_image_and_click -> equip.png timeout=3s delay_click=1s confidence=0.95
2026-05-09 23:04:40 | INFO | my_functions.py:172 | Searching equip.png (timeout=3s)
2026-05-09 23:04:40 | INFO | my_functions.py:198 | 
✅ Found: equip.png pos=(548, 983) time=0.19s confidence=0.95
2026-05-09 23:04:41 | INFO | my_functions.py:138 | Haciendo click en la posición (548, 983)
2026-05-09 23:04:42 | INFO | my_functions.py:251 | 🖱️ Click OK: equip.png at (548, 983) delay=1s
2026-05-09 23:04:42 | INFO | each_eight_hours.py:217 | Deck selected: 6turns
2026-05-09 23:04:42 | INFO | my_functions.py:231 | [DEBUG] wait_for_image_and_click -> maybe_later.PNG timeout=2s delay_click=1s confidence=0.8
2026-05-09 23:04:42 | INFO | my_functions.py:172 | Searching maybe_later.PNG (timeout=2s)
2026-05-09 23:04:44 | INFO | my_functions.py:209 | 
⛔ Not found: maybe_later.PNG after 2.08s region=(0, 0, 765, 1038) confidence=0.8
2026-05-09 23:04:44 | INFO | my_functions.py:258 | [DEBUG] Click skipped, image not found: maybe_later.PNG
2026-05-09 23:04:44 | INFO | my_functions.py:231 | [DEBUG] wait_for_image_and_click -> maybe_later2.PNG timeout=2s delay_click=1s confidence=0.8
2026-05-09 23:04:44 | INFO | my_functions.py:172 | Searching maybe_later2.PNG (timeout=2s)
2026-05-09 23:04:46 | INFO | my_functions.py:209 | 
⛔ Not found: maybe_later2.PNG after 2.14s region=(0, 0, 765, 1038) confidence=0.8
2026-05-09 23:04:46 | INFO | my_functions.py:258 | [DEBUG] Click skipped, image not found: maybe_later2.PNG
2026-05-09 23:04:46 | INFO | each_eight_hours.py:287 | Starting game loop 1
2026-05-09 23:04:46 | INFO | my_functions.py:231 | [DEBUG] wait_for_image_and_click -> play.PNG timeout=20s delay_click=3s confidence=0.8
2026-05-09 23:04:46 | INFO | my_functions.py:172 | Searching play.PNG (timeout=20s)
2026-05-09 23:04:46 | INFO | my_functions.py:198 | 
✅ Found: play.PNG pos=(384, 824) time=0.21s confidence=0.8
2026-05-09 23:04:49 | INFO | my_functions.py:138 | Haciendo click en la posición (384, 824)
2026-05-09 23:04:50 | INFO | my_functions.py:251 | 🖱️ Click OK: play.PNG at (384, 824) delay=3s
2026-05-09 23:04:50 | INFO | each_eight_hours.py:293 | Play button clicked
2026-05-09 23:05:10 | INFO | my_functions.py:198 | 
✅ Found: end_turn.PNG pos=(681, 945) time=0.17s confidence=0.8
2026-05-09 23:05:10 | INFO | my_functions.py:231 | [DEBUG] wait_for_image_and_click -> snap.PNG timeout=0s delay_click=1s confidence=0.8
2026-05-09 23:05:10 | INFO | my_functions.py:198 | 
✅ Found: snap.PNG pos=(386, 122) time=0.2s confidence=0.8
2026-05-09 23:05:11 | INFO | my_functions.py:138 | Haciendo click en la posición (386, 122)
2026-05-09 23:05:12 | INFO | my_functions.py:251 | 🖱️ Click OK: snap.PNG at (386, 122) delay=1s
2026-05-09 23:05:17 | INFO | my_functions.py:138 | Haciendo click en la posición (681, 945)
2026-05-09 23:05:18 | INFO | each_eight_hours.py:314 | End turn executed
2026-05-09 23:05:34 | INFO | my_functions.py:198 | 
✅ Found: end_turn.PNG pos=(681, 945) time=0.17s confidence=0.8
2026-05-09 23:05:34 | INFO | my_functions.py:231 | [DEBUG] wait_for_image_and_click -> snap.PNG timeout=0s delay_click=1s confidence=0.8
2026-05-09 23:05:34 | INFO | my_functions.py:258 | [DEBUG] Click skipped, image not found: snap.PNG
2026-05-09 23:05:39 | INFO | my_functions.py:138 | Haciendo click en la posición (681, 945)
2026-05-09 23:05:40 | INFO | each_eight_hours.py:314 | End turn executed
2026-05-09 23:05:56 | INFO | my_functions.py:198 | 
✅ Found: end_turn.PNG pos=(681, 945) time=0.18s confidence=0.8
2026-05-09 23:05:56 | INFO | my_functions.py:231 | [DEBUG] wait_for_image_and_click -> snap.PNG timeout=0s delay_click=1s confidence=0.8
2026-05-09 23:05:56 | INFO | my_functions.py:258 | [DEBUG] Click skipped, image not found: snap.PNG
2026-05-09 23:06:02 | INFO | my_functions.py:138 | Haciendo click en la posición (681, 945)
2026-05-09 23:06:03 | INFO | each_eight_hours.py:314 | End turn executed
2026-05-09 23:06:12 | INFO | my_functions.py:198 | 
✅ Found: end_turn.PNG pos=(681, 945) time=0.18s confidence=0.8
2026-05-09 23:06:12 | INFO | my_functions.py:231 | [DEBUG] wait_for_image_and_click -> snap.PNG timeout=0s delay_click=1s confidence=0.8
2026-05-09 23:06:12 | INFO | my_functions.py:258 | [DEBUG] Click skipped, image not found: snap.PNG
2026-05-09 23:06:17 | INFO | my_functions.py:138 | Haciendo click en la posición (681, 945)
2026-05-09 23:06:18 | INFO | each_eight_hours.py:314 | End turn executed
2026-05-09 23:06:32 | INFO | my_functions.py:198 | 
✅ Found: end_turn.PNG pos=(681, 945) time=0.19s confidence=0.8
2026-05-09 23:06:32 | INFO | my_functions.py:231 | [DEBUG] wait_for_image_and_click -> snap.PNG timeout=0s delay_click=1s confidence=0.8
2026-05-09 23:06:32 | INFO | my_functions.py:258 | [DEBUG] Click skipped, image not found: snap.PNG
2026-05-09 23:06:37 | INFO | my_functions.py:138 | Haciendo click en la posición (681, 945)
2026-05-09 23:06:38 | INFO | each_eight_hours.py:314 | End turn executed
2026-05-09 23:06:44 | INFO | my_functions.py:198 | 
✅ Found: never_seen_before.png pos=(389, 141) time=0.17s confidence=0.8
2026-05-09 23:06:44 | WARNING | each_eight_hours.py:327 | Unknown popup handled
2026-05-09 23:06:57 | INFO | my_functions.py:198 | 
✅ Found: end_turn.PNG pos=(681, 945) time=0.2s confidence=0.8
2026-05-09 23:06:57 | INFO | my_functions.py:231 | [DEBUG] wait_for_image_and_click -> snap.PNG timeout=0s delay_click=1s confidence=0.8
2026-05-09 23:06:58 | INFO | my_functions.py:258 | [DEBUG] Click skipped, image not found: snap.PNG
2026-05-09 23:07:03 | INFO | my_functions.py:138 | Haciendo click en la posición (681, 945)
2026-05-09 23:07:04 | INFO | each_eight_hours.py:314 | End turn executed
2026-05-09 23:07:23 | INFO | my_functions.py:198 | 
✅ Found: collect_rewards.PNG pos=(680, 957) time=0.2s confidence=0.8
2026-05-09 23:07:23 | INFO | each_eight_hours.py:353 | Rewards detected, exiting match
2026-05-09 23:07:23 | INFO | my_functions.py:231 | [DEBUG] wait_for_image_and_click -> collect_rewards.PNG timeout=20s delay_click=1s confidence=0.8
2026-05-09 23:07:23 | INFO | my_functions.py:172 | Searching collect_rewards.PNG (timeout=20s)
2026-05-09 23:07:23 | INFO | my_functions.py:198 | 
✅ Found: collect_rewards.PNG pos=(679, 957) time=0.21s confidence=0.8
2026-05-09 23:07:24 | INFO | my_functions.py:138 | Haciendo click en la posición (679, 957)
2026-05-09 23:07:24 | INFO | my_functions.py:251 | 🖱️ Click OK: collect_rewards.PNG at (679, 957) delay=1s
2026-05-09 23:07:24 | INFO | my_functions.py:231 | [DEBUG] wait_for_image_and_click -> next.PNG timeout=20s delay_click=1s confidence=0.8
2026-05-09 23:07:24 | INFO | my_functions.py:172 | Searching next.PNG (timeout=20s)
2026-05-09 23:07:27 | INFO | my_functions.py:198 | 
✅ Found: next.PNG pos=(678, 972) time=2.87s confidence=0.8
2026-05-09 23:07:28 | INFO | my_functions.py:138 | Haciendo click en la posición (678, 972)
2026-05-09 23:07:28 | INFO | my_functions.py:251 | 🖱️ Click OK: next.PNG at (678, 972) delay=1s
2026-05-09 23:07:32 | INFO | my_functions.py:434 | AVAILABLE: 6
2026-05-09 23:07:32 | INFO | my_functions.py:444 | [INFO] Waiting for Notepad++ process...
2026-05-09 23:07:32 | INFO | my_functions.py:458 | [INFO] Notepad++ detected PID=8436
2026-05-09 23:07:35 | INFO | my_functions.py:466 | [SUCCESS] Notepad++ closed successfully
2026-05-09 23:07:36 | INFO | each_eight_hours.py:421 | Submissions after match: 6
2026-05-09 23:07:36 | INFO | my_functions.py:378 | Misiones completadas: 0
2026-05-09 23:07:36 | INFO | each_eight_hours.py:287 | Starting game loop 2
2026-05-09 23:07:36 | INFO | my_functions.py:231 | [DEBUG] wait_for_image_and_click -> play.PNG timeout=20s delay_click=3s confidence=0.8
2026-05-09 23:07:36 | INFO | my_functions.py:172 | Searching play.PNG (timeout=20s)
2026-05-09 23:07:37 | INFO | my_functions.py:198 | 
✅ Found: play.PNG pos=(384, 824) time=0.2s confidence=0.8
2026-05-09 23:07:40 | INFO | my_functions.py:138 | Haciendo click en la posición (384, 824)
2026-05-09 23:07:40 | INFO | my_functions.py:251 | 🖱️ Click OK: play.PNG at (384, 824) delay=3s
2026-05-09 23:07:40 | INFO | each_eight_hours.py:293 | Play button clicked
2026-05-09 23:07:55 | INFO | my_functions.py:198 | 
✅ Found: end_turn.PNG pos=(681, 945) time=0.19s confidence=0.8
2026-05-09 23:07:55 | INFO | my_functions.py:231 | [DEBUG] wait_for_image_and_click -> snap.PNG timeout=0s delay_click=1s confidence=0.8
2026-05-09 23:07:55 | INFO | my_functions.py:198 | 
✅ Found: snap.PNG pos=(386, 123) time=0.21s confidence=0.8
2026-05-09 23:07:56 | INFO | my_functions.py:138 | Haciendo click en la posición (386, 123)
2026-05-09 23:07:57 | INFO | my_functions.py:251 | 🖱️ Click OK: snap.PNG at (386, 123) delay=1s
2026-05-09 23:08:02 | INFO | my_functions.py:138 | Haciendo click en la posición (681, 945)
2026-05-09 23:08:03 | INFO | each_eight_hours.py:314 | End turn executed
2026-05-09 23:08:22 | INFO | my_functions.py:198 | 
✅ Found: end_turn.PNG pos=(681, 945) time=0.2s confidence=0.8
2026-05-09 23:08:22 | INFO | my_functions.py:231 | [DEBUG] wait_for_image_and_click -> snap.PNG timeout=0s delay_click=1s confidence=0.8
2026-05-09 23:08:22 | INFO | my_functions.py:258 | [DEBUG] Click skipped, image not found: snap.PNG
2026-05-09 23:08:27 | INFO | my_functions.py:138 | Haciendo click en la posición (681, 945)
2026-05-09 23:08:28 | INFO | each_eight_hours.py:314 | End turn executed
2026-05-09 23:08:41 | INFO | my_functions.py:198 | 
✅ Found: end_turn.PNG pos=(681, 945) time=0.18s confidence=0.8
2026-05-09 23:08:41 | INFO | my_functions.py:231 | [DEBUG] wait_for_image_and_click -> snap.PNG timeout=0s delay_click=1s confidence=0.8
2026-05-09 23:08:42 | INFO | my_functions.py:258 | [DEBUG] Click skipped, image not found: snap.PNG
2026-05-09 23:08:47 | INFO | my_functions.py:138 | Haciendo click en la posición (681, 945)
2026-05-09 23:08:48 | INFO | each_eight_hours.py:314 | End turn executed
2026-05-09 23:08:59 | INFO | my_functions.py:198 | 
✅ Found: end_turn.PNG pos=(681, 945) time=0.19s confidence=0.8
2026-05-09 23:08:59 | INFO | my_functions.py:231 | [DEBUG] wait_for_image_and_click -> snap.PNG timeout=0s delay_click=1s confidence=0.8
2026-05-09 23:09:00 | INFO | my_functions.py:258 | [DEBUG] Click skipped, image not found: snap.PNG
2026-05-09 23:09:05 | INFO | my_functions.py:138 | Haciendo click en la posición (681, 945)
2026-05-09 23:09:06 | INFO | each_eight_hours.py:314 | End turn executed
2026-05-09 23:09:29 | INFO | my_functions.py:198 | 
✅ Found: end_turn.PNG pos=(681, 945) time=0.19s confidence=0.8
2026-05-09 23:09:29 | INFO | my_functions.py:231 | [DEBUG] wait_for_image_and_click -> snap.PNG timeout=0s delay_click=1s confidence=0.8
2026-05-09 23:09:29 | INFO | my_functions.py:258 | [DEBUG] Click skipped, image not found: snap.PNG
2026-05-09 23:09:34 | INFO | my_functions.py:138 | Haciendo click en la posición (681, 945)
2026-05-09 23:09:36 | INFO | each_eight_hours.py:314 | End turn executed
2026-05-09 23:09:53 | INFO | my_functions.py:198 | 
✅ Found: end_turn.PNG pos=(681, 945) time=0.18s confidence=0.8
2026-05-09 23:09:53 | INFO | my_functions.py:231 | [DEBUG] wait_for_image_and_click -> snap.PNG timeout=0s delay_click=1s confidence=0.8
2026-05-09 23:09:54 | INFO | my_functions.py:258 | [DEBUG] Click skipped, image not found: snap.PNG
2026-05-09 23:09:59 | INFO | my_functions.py:138 | Haciendo click en la posición (681, 945)
2026-05-09 23:10:00 | INFO | each_eight_hours.py:314 | End turn executed
2026-05-09 23:10:27 | INFO | my_functions.py:198 | 
✅ Found: collect_rewards.PNG pos=(679, 957) time=0.21s confidence=0.8
2026-05-09 23:10:27 | INFO | each_eight_hours.py:353 | Rewards detected, exiting match
2026-05-09 23:10:27 | INFO | my_functions.py:231 | [DEBUG] wait_for_image_and_click -> collect_rewards.PNG timeout=20s delay_click=1s confidence=0.8
2026-05-09 23:10:27 | INFO | my_functions.py:172 | Searching collect_rewards.PNG (timeout=20s)
2026-05-09 23:10:27 | INFO | my_functions.py:198 | 
✅ Found: collect_rewards.PNG pos=(679, 957) time=0.2s confidence=0.8
2026-05-09 23:10:28 | INFO | my_functions.py:138 | Haciendo click en la posición (679, 957)
2026-05-09 23:10:28 | INFO | my_functions.py:251 | 🖱️ Click OK: collect_rewards.PNG at (679, 957) delay=1s
2026-05-09 23:10:28 | INFO | my_functions.py:231 | [DEBUG] wait_for_image_and_click -> next.PNG timeout=20s delay_click=1s confidence=0.8
2026-05-09 23:10:28 | INFO | my_functions.py:172 | Searching next.PNG (timeout=20s)
2026-05-09 23:10:32 | INFO | my_functions.py:198 | 
✅ Found: next.PNG pos=(678, 972) time=4.19s confidence=0.8
2026-05-09 23:10:33 | INFO | my_functions.py:138 | Haciendo click en la posición (678, 972)
2026-05-09 23:10:34 | INFO | my_functions.py:251 | 🖱️ Click OK: next.PNG at (678, 972) delay=1s
2026-05-09 23:10:38 | INFO | my_functions.py:434 | AVAILABLE: 6
2026-05-09 23:10:38 | INFO | my_functions.py:444 | [INFO] Waiting for Notepad++ process...
2026-05-09 23:10:38 | INFO | my_functions.py:458 | [INFO] Notepad++ detected PID=4076
2026-05-09 23:10:41 | INFO | my_functions.py:466 | [SUCCESS] Notepad++ closed successfully
2026-05-09 23:10:42 | INFO | each_eight_hours.py:421 | Submissions after match: 6
2026-05-09 23:10:42 | INFO | my_functions.py:378 | Misiones completadas: 0
2026-05-09 23:10:42 | INFO | each_eight_hours.py:287 | Starting game loop 3
2026-05-09 23:10:42 | INFO | my_functions.py:231 | [DEBUG] wait_for_image_and_click -> play.PNG timeout=20s delay_click=3s confidence=0.8
2026-05-09 23:10:42 | INFO | my_functions.py:172 | Searching play.PNG (timeout=20s)
2026-05-09 23:10:42 | INFO | my_functions.py:198 | 
✅ Found: play.PNG pos=(384, 824) time=0.21s confidence=0.8
2026-05-09 23:10:45 | INFO | my_functions.py:138 | Haciendo click en la posición (384, 824)
2026-05-09 23:10:45 | INFO | my_functions.py:251 | 🖱️ Click OK: play.PNG at (384, 824) delay=3s
2026-05-09 23:10:45 | INFO | each_eight_hours.py:293 | Play button clicked
2026-05-09 23:11:00 | INFO | my_functions.py:198 | 
✅ Found: end_turn.PNG pos=(681, 945) time=0.19s confidence=0.8
2026-05-09 23:11:00 | INFO | my_functions.py:231 | [DEBUG] wait_for_image_and_click -> snap.PNG timeout=0s delay_click=1s confidence=0.8
2026-05-09 23:11:00 | INFO | my_functions.py:198 | 
✅ Found: snap.PNG pos=(386, 123) time=0.19s confidence=0.8
2026-05-09 23:11:01 | INFO | my_functions.py:138 | Haciendo click en la posición (386, 123)
2026-05-09 23:11:02 | INFO | my_functions.py:251 | 🖱️ Click OK: snap.PNG at (386, 123) delay=1s
2026-05-09 23:11:07 | INFO | my_functions.py:138 | Haciendo click en la posición (681, 945)
2026-05-09 23:11:08 | INFO | each_eight_hours.py:314 | End turn executed
2026-05-09 23:11:25 | INFO | my_functions.py:198 | 
✅ Found: end_turn.PNG pos=(681, 945) time=0.17s confidence=0.8
2026-05-09 23:11:25 | INFO | my_functions.py:231 | [DEBUG] wait_for_image_and_click -> snap.PNG timeout=0s delay_click=1s confidence=0.8
2026-05-09 23:11:26 | INFO | my_functions.py:258 | [DEBUG] Click skipped, image not found: snap.PNG
2026-05-09 23:11:31 | INFO | my_functions.py:138 | Haciendo click en la posición (681, 945)
2026-05-09 23:11:32 | INFO | each_eight_hours.py:314 | End turn executed
2026-05-09 23:11:55 | INFO | my_functions.py:198 | 
✅ Found: end_turn.PNG pos=(681, 945) time=0.18s confidence=0.8
2026-05-09 23:11:55 | INFO | my_functions.py:231 | [DEBUG] wait_for_image_and_click -> snap.PNG timeout=0s delay_click=1s confidence=0.8
2026-05-09 23:11:55 | INFO | my_functions.py:258 | [DEBUG] Click skipped, image not found: snap.PNG
2026-05-09 23:12:00 | INFO | my_functions.py:138 | Haciendo click en la posición (681, 945)
2026-05-09 23:12:01 | INFO | each_eight_hours.py:314 | End turn executed
2026-05-09 23:12:20 | INFO | my_functions.py:198 | 
✅ Found: end_turn.PNG pos=(681, 945) time=0.18s confidence=0.8
2026-05-09 23:12:20 | INFO | my_functions.py:231 | [DEBUG] wait_for_image_and_click -> snap.PNG timeout=0s delay_click=1s confidence=0.8
2026-05-09 23:12:20 | INFO | my_functions.py:258 | [DEBUG] Click skipped, image not found: snap.PNG
2026-05-09 23:12:25 | INFO | my_functions.py:138 | Haciendo click en la posición (681, 945)
2026-05-09 23:12:27 | INFO | each_eight_hours.py:314 | End turn executed
2026-05-09 23:12:43 | INFO | my_functions.py:198 | 
✅ Found: end_turn.PNG pos=(681, 945) time=0.17s confidence=0.8
2026-05-09 23:12:43 | INFO | my_functions.py:231 | [DEBUG] wait_for_image_and_click -> snap.PNG timeout=0s delay_click=1s confidence=0.8
2026-05-09 23:12:43 | INFO | my_functions.py:258 | [DEBUG] Click skipped, image not found: snap.PNG
2026-05-09 23:12:48 | INFO | my_functions.py:138 | Haciendo click en la posición (681, 945)
2026-05-09 23:12:50 | INFO | each_eight_hours.py:314 | End turn executed
2026-05-09 23:12:50 | INFO | my_functions.py:198 | 
✅ Found: flechas.png pos=(42, 912) time=0.18s confidence=0.8
2026-05-09 23:12:52 | INFO | my_functions.py:146 | Presionando ESC (1/1)
2026-05-09 23:12:53 | INFO | my_functions.py:231 | [DEBUG] wait_for_image_and_click -> end_turn.PNG timeout=0s delay_click=1s confidence=0.8
2026-05-09 23:12:53 | INFO | my_functions.py:198 | 
✅ Found: end_turn.PNG pos=(682, 945) time=0.21s confidence=0.8
2026-05-09 23:12:54 | INFO | my_functions.py:138 | Haciendo click en la posición (682, 945)
2026-05-09 23:12:54 | INFO | my_functions.py:251 | 🖱️ Click OK: end_turn.PNG at (682, 945) delay=1s
2026-05-09 23:12:54 | WARNING | each_eight_hours.py:351 | Arrow overlay handled
2026-05-09 23:13:29 | INFO | my_functions.py:198 | 
✅ Found: end_turn.PNG pos=(681, 945) time=0.17s confidence=0.8
2026-05-09 23:13:29 | INFO | my_functions.py:231 | [DEBUG] wait_for_image_and_click -> snap.PNG timeout=0s delay_click=1s confidence=0.8
2026-05-09 23:13:29 | INFO | my_functions.py:258 | [DEBUG] Click skipped, image not found: snap.PNG
2026-05-09 23:13:34 | INFO | my_functions.py:138 | Haciendo click en la posición (681, 945)
2026-05-09 23:13:35 | INFO | each_eight_hours.py:314 | End turn executed
2026-05-09 23:13:57 | INFO | my_functions.py:198 | 
✅ Found: never_seen_before.png pos=(395, 141) time=0.17s confidence=0.8
2026-05-09 23:13:58 | WARNING | each_eight_hours.py:327 | Unknown popup handled
2026-05-09 23:14:11 | INFO | my_functions.py:198 | 
✅ Found: collect_rewards.PNG pos=(679, 1010) time=0.21s confidence=0.8
2026-05-09 23:14:11 | INFO | each_eight_hours.py:353 | Rewards detected, exiting match
2026-05-09 23:14:11 | INFO | my_functions.py:231 | [DEBUG] wait_for_image_and_click -> collect_rewards.PNG timeout=20s delay_click=1s confidence=0.8
2026-05-09 23:14:11 | INFO | my_functions.py:172 | Searching collect_rewards.PNG (timeout=20s)
2026-05-09 23:14:12 | INFO | my_functions.py:198 | 
✅ Found: collect_rewards.PNG pos=(679, 963) time=0.22s confidence=0.8
2026-05-09 23:14:13 | INFO | my_functions.py:138 | Haciendo click en la posición (679, 963)
2026-05-09 23:14:13 | INFO | my_functions.py:251 | 🖱️ Click OK: collect_rewards.PNG at (679, 963) delay=1s
2026-05-09 23:14:13 | INFO | my_functions.py:231 | [DEBUG] wait_for_image_and_click -> next.PNG timeout=20s delay_click=1s confidence=0.8
2026-05-09 23:14:13 | INFO | my_functions.py:172 | Searching next.PNG (timeout=20s)
2026-05-09 23:14:18 | INFO | my_functions.py:198 | 
✅ Found: next.PNG pos=(677, 973) time=5.14s confidence=0.8
2026-05-09 23:14:19 | INFO | my_functions.py:138 | Haciendo click en la posición (677, 973)
2026-05-09 23:14:19 | INFO | my_functions.py:251 | 🖱️ Click OK: next.PNG at (677, 973) delay=1s
2026-05-09 23:14:23 | INFO | my_functions.py:434 | AVAILABLE: 6
2026-05-09 23:14:23 | INFO | my_functions.py:444 | [INFO] Waiting for Notepad++ process...
2026-05-09 23:14:23 | INFO | my_functions.py:458 | [INFO] Notepad++ detected PID=628
2026-05-09 23:14:26 | INFO | my_functions.py:466 | [SUCCESS] Notepad++ closed successfully
2026-05-09 23:14:27 | INFO | each_eight_hours.py:421 | Submissions after match: 6
2026-05-09 23:14:27 | INFO | my_functions.py:378 | Misiones completadas: 4
2026-05-09 23:14:27 | INFO | each_eight_hours.py:425 | Submission condition met, breaking loop
2026-05-09 23:14:27 | INFO | my_functions.py:231 | [DEBUG] wait_for_image_and_click -> missionsNotify2.png timeout=20s delay_click=3s confidence=0.8
2026-05-09 23:14:27 | INFO | my_functions.py:172 | Searching missionsNotify2.png (timeout=20s)
2026-05-09 23:14:28 | INFO | my_functions.py:198 | 
✅ Found: missionsNotify2.png pos=(538, 124) time=0.17s confidence=0.8
2026-05-09 23:14:31 | INFO | my_functions.py:138 | Haciendo click en la posición (538, 124)
2026-05-09 23:14:31 | INFO | my_functions.py:251 | 🖱️ Click OK: missionsNotify2.png at (538, 124) delay=3s
2026-05-09 23:14:31 | INFO | my_functions.py:1593 | [INFO] Iniciando click_missions_blue2
2026-05-09 23:14:31 | INFO | my_functions.py:138 | Haciendo click en la posición (150, 132)
2026-05-09 23:14:32 | INFO | my_functions.py:1596 | [ACTION] Click hecho en icono de calendario que me dirige a las misiones ordinarias
2026-05-09 23:14:32 | INFO | my_functions.py:172 | Searching bonus_challenge.png (timeout=0s)
2026-05-09 23:14:32 | INFO | my_functions.py:209 | 
⛔ Not found: bonus_challenge.png after 0.0s region=(0, 0, 765, 1038) confidence=0.8
2026-05-09 23:14:34 | INFO | my_functions.py:138 | Haciendo click en la posición (362, 493)
2026-05-09 23:14:35 | INFO | my_functions.py:1609 | [ACTION] Click 1/4 en misión azul
2026-05-09 23:14:36 | INFO | my_functions.py:138 | Haciendo click en la posición (362, 493)
2026-05-09 23:14:37 | INFO | my_functions.py:1609 | [ACTION] Click 2/4 en misión azul
2026-05-09 23:14:38 | INFO | my_functions.py:138 | Haciendo click en la posición (362, 493)
2026-05-09 23:14:39 | INFO | my_functions.py:1609 | [ACTION] Click 3/4 en misión azul
2026-05-09 23:14:39 | INFO | my_functions.py:138 | Haciendo click en la posición (362, 493)
2026-05-09 23:14:41 | INFO | my_functions.py:1609 | [ACTION] Click 4/4 en misión azul
2026-05-09 23:14:41 | INFO | my_functions.py:172 | Searching flechita_mission.PNG (timeout=0s)
2026-05-09 23:14:41 | INFO | my_functions.py:209 | 
⛔ Not found: flechita_mission.PNG after 0.0s region=(0, 0, 765, 1038) confidence=0.8
2026-05-09 23:14:41 | INFO | my_functions.py:231 | [DEBUG] wait_for_image_and_click -> weekly3.PNG timeout=0s delay_click=0.1s confidence=0.8
2026-05-09 23:14:41 | INFO | my_functions.py:172 | Searching weekly3.PNG (timeout=0s)
2026-05-09 23:14:41 | INFO | my_functions.py:198 | 
✅ Found: weekly3.PNG pos=(485, 266) time=0.19s confidence=0.8
2026-05-09 23:14:42 | INFO | my_functions.py:138 | Haciendo click en la posición (485, 266)
2026-05-09 23:14:42 | INFO | my_functions.py:251 | 🖱️ Click OK: weekly3.PNG at (485, 266) delay=0.1s
2026-05-09 23:14:42 | INFO | my_functions.py:231 | [DEBUG] wait_for_image_and_click -> claim!.PNG timeout=0s delay_click=0.2s confidence=0.8
2026-05-09 23:14:42 | INFO | my_functions.py:172 | Searching claim!.PNG (timeout=0s)
2026-05-09 23:14:42 | INFO | my_functions.py:198 | 
✅ Found: claim!.PNG pos=(381, 924) time=0.22s confidence=0.8
2026-05-09 23:14:42 | INFO | my_functions.py:138 | Haciendo click en la posición (381, 924)
2026-05-09 23:14:42 | INFO | my_functions.py:251 | 🖱️ Click OK: claim!.PNG at (381, 924) delay=0.2s
2026-05-09 23:14:42 | INFO | my_functions.py:231 | [DEBUG] wait_for_image_and_click -> claim_hover.PNG timeout=0s delay_click=0.2s confidence=0.8
2026-05-09 23:14:42 | INFO | my_functions.py:172 | Searching claim_hover.PNG (timeout=0s)
2026-05-09 23:14:43 | INFO | my_functions.py:198 | 
✅ Found: claim_hover.PNG pos=(383, 922) time=0.21s confidence=0.8
2026-05-09 23:14:43 | INFO | my_functions.py:138 | Haciendo click en la posición (383, 922)
2026-05-09 23:14:43 | INFO | my_functions.py:251 | 🖱️ Click OK: claim_hover.PNG at (383, 922) delay=0.2s
2026-05-09 23:14:43 | INFO | my_functions.py:231 | [DEBUG] wait_for_image_and_click -> claim!.PNG timeout=0s delay_click=0.2s confidence=0.8
2026-05-09 23:14:43 | INFO | my_functions.py:172 | Searching claim!.PNG (timeout=0s)
2026-05-09 23:14:43 | INFO | my_functions.py:209 | 
⛔ Not found: claim!.PNG after 0.0s region=(0, 0, 765, 1038) confidence=0.8
2026-05-09 23:14:43 | INFO | my_functions.py:258 | [DEBUG] Click skipped, image not found: claim!.PNG
2026-05-09 23:14:43 | INFO | my_functions.py:231 | [DEBUG] wait_for_image_and_click -> claim_hover.PNG timeout=0s delay_click=0.2s confidence=0.8
2026-05-09 23:14:43 | INFO | my_functions.py:172 | Searching claim_hover.PNG (timeout=0s)
2026-05-09 23:14:43 | INFO | my_functions.py:198 | 
✅ Found: claim_hover.PNG pos=(383, 921) time=0.21s confidence=0.8
2026-05-09 23:14:44 | INFO | my_functions.py:138 | Haciendo click en la posición (383, 921)
2026-05-09 23:14:44 | INFO | my_functions.py:251 | 🖱️ Click OK: claim_hover.PNG at (383, 921) delay=0.2s
2026-05-09 23:14:44 | INFO | my_functions.py:231 | [DEBUG] wait_for_image_and_click -> claim!.PNG timeout=0s delay_click=0.2s confidence=0.8
2026-05-09 23:14:44 | INFO | my_functions.py:172 | Searching claim!.PNG (timeout=0s)
2026-05-09 23:14:44 | INFO | my_functions.py:209 | 
⛔ Not found: claim!.PNG after 0.0s region=(0, 0, 765, 1038) confidence=0.8
2026-05-09 23:14:44 | INFO | my_functions.py:258 | [DEBUG] Click skipped, image not found: claim!.PNG
2026-05-09 23:14:44 | INFO | my_functions.py:231 | [DEBUG] wait_for_image_and_click -> claim_hover.PNG timeout=0s delay_click=0.2s confidence=0.8
2026-05-09 23:14:44 | INFO | my_functions.py:172 | Searching claim_hover.PNG (timeout=0s)
2026-05-09 23:14:44 | INFO | my_functions.py:209 | 
⛔ Not found: claim_hover.PNG after 0.0s region=(0, 0, 765, 1038) confidence=0.8
2026-05-09 23:14:44 | INFO | my_functions.py:258 | [DEBUG] Click skipped, image not found: claim_hover.PNG
2026-05-09 23:14:44 | INFO | my_functions.py:231 | [DEBUG] wait_for_image_and_click -> claim!.PNG timeout=0s delay_click=0.2s confidence=0.8
2026-05-09 23:14:44 | INFO | my_functions.py:172 | Searching claim!.PNG (timeout=0s)
2026-05-09 23:14:45 | INFO | my_functions.py:209 | 
⛔ Not found: claim!.PNG after 0.0s region=(0, 0, 765, 1038) confidence=0.8
2026-05-09 23:14:45 | INFO | my_functions.py:258 | [DEBUG] Click skipped, image not found: claim!.PNG
2026-05-09 23:14:45 | INFO | my_functions.py:231 | [DEBUG] wait_for_image_and_click -> claim_hover.PNG timeout=0s delay_click=0.2s confidence=0.8
2026-05-09 23:14:45 | INFO | my_functions.py:172 | Searching claim_hover.PNG (timeout=0s)
2026-05-09 23:14:45 | INFO | my_functions.py:209 | 
⛔ Not found: claim_hover.PNG after 0.01s region=(0, 0, 765, 1038) confidence=0.8
2026-05-09 23:14:45 | INFO | my_functions.py:258 | [DEBUG] Click skipped, image not found: claim_hover.PNG
2026-05-09 23:14:45 | INFO | my_functions.py:231 | [DEBUG] wait_for_image_and_click -> claim!.PNG timeout=0s delay_click=0.2s confidence=0.8
2026-05-09 23:14:45 | INFO | my_functions.py:172 | Searching claim!.PNG (timeout=0s)
2026-05-09 23:14:45 | INFO | my_functions.py:209 | 
⛔ Not found: claim!.PNG after 0.01s region=(0, 0, 765, 1038) confidence=0.8
2026-05-09 23:14:45 | INFO | my_functions.py:258 | [DEBUG] Click skipped, image not found: claim!.PNG
2026-05-09 23:14:45 | INFO | my_functions.py:231 | [DEBUG] wait_for_image_and_click -> claim_hover.PNG timeout=0s delay_click=0.2s confidence=0.8
2026-05-09 23:14:45 | INFO | my_functions.py:172 | Searching claim_hover.PNG (timeout=0s)
2026-05-09 23:14:45 | INFO | my_functions.py:209 | 
⛔ Not found: claim_hover.PNG after 0.01s region=(0, 0, 765, 1038) confidence=0.8
2026-05-09 23:14:45 | INFO | my_functions.py:258 | [DEBUG] Click skipped, image not found: claim_hover.PNG
2026-05-09 23:14:45 | INFO | my_functions.py:231 | [DEBUG] wait_for_image_and_click -> claim!.PNG timeout=0s delay_click=0.2s confidence=0.8
2026-05-09 23:14:45 | INFO | my_functions.py:172 | Searching claim!.PNG (timeout=0s)
2026-05-09 23:14:45 | INFO | my_functions.py:209 | 
⛔ Not found: claim!.PNG after 0.0s region=(0, 0, 765, 1038) confidence=0.8
2026-05-09 23:14:45 | INFO | my_functions.py:258 | [DEBUG] Click skipped, image not found: claim!.PNG
2026-05-09 23:14:45 | INFO | my_functions.py:231 | [DEBUG] wait_for_image_and_click -> claim_hover.PNG timeout=0s delay_click=0.2s confidence=0.8
2026-05-09 23:14:45 | INFO | my_functions.py:172 | Searching claim_hover.PNG (timeout=0s)
2026-05-09 23:14:46 | INFO | my_functions.py:209 | 
⛔ Not found: claim_hover.PNG after 0.0s region=(0, 0, 765, 1038) confidence=0.8
2026-05-09 23:14:46 | INFO | my_functions.py:258 | [DEBUG] Click skipped, image not found: claim_hover.PNG
2026-05-09 23:14:46 | INFO | my_functions.py:231 | [DEBUG] wait_for_image_and_click -> claim!.PNG timeout=0s delay_click=0.2s confidence=0.8
2026-05-09 23:14:46 | INFO | my_functions.py:172 | Searching claim!.PNG (timeout=0s)
2026-05-09 23:14:46 | INFO | my_functions.py:209 | 
⛔ Not found: claim!.PNG after 0.0s region=(0, 0, 765, 1038) confidence=0.8
2026-05-09 23:14:46 | INFO | my_functions.py:258 | [DEBUG] Click skipped, image not found: claim!.PNG
2026-05-09 23:14:46 | INFO | my_functions.py:231 | [DEBUG] wait_for_image_and_click -> claim_hover.PNG timeout=0s delay_click=0.2s confidence=0.8
2026-05-09 23:14:46 | INFO | my_functions.py:172 | Searching claim_hover.PNG (timeout=0s)
2026-05-09 23:14:46 | INFO | my_functions.py:209 | 
⛔ Not found: claim_hover.PNG after 0.01s region=(0, 0, 765, 1038) confidence=0.8
2026-05-09 23:14:46 | INFO | my_functions.py:258 | [DEBUG] Click skipped, image not found: claim_hover.PNG
2026-05-09 23:14:46 | INFO | my_functions.py:231 | [DEBUG] wait_for_image_and_click -> claim!.PNG timeout=0s delay_click=0.2s confidence=0.8
2026-05-09 23:14:46 | INFO | my_functions.py:172 | Searching claim!.PNG (timeout=0s)
2026-05-09 23:14:46 | INFO | my_functions.py:209 | 
⛔ Not found: claim!.PNG after 0.01s region=(0, 0, 765, 1038) confidence=0.8
2026-05-09 23:14:46 | INFO | my_functions.py:258 | [DEBUG] Click skipped, image not found: claim!.PNG
2026-05-09 23:14:46 | INFO | my_functions.py:231 | [DEBUG] wait_for_image_and_click -> claim_hover.PNG timeout=0s delay_click=0.2s confidence=0.8
2026-05-09 23:14:46 | INFO | my_functions.py:172 | Searching claim_hover.PNG (timeout=0s)
2026-05-09 23:14:46 | INFO | my_functions.py:209 | 
⛔ Not found: claim_hover.PNG after 0.01s region=(0, 0, 765, 1038) confidence=0.8
2026-05-09 23:14:46 | INFO | my_functions.py:258 | [DEBUG] Click skipped, image not found: claim_hover.PNG
2026-05-09 23:14:46 | INFO | my_functions.py:231 | [DEBUG] wait_for_image_and_click -> claim!.PNG timeout=0s delay_click=0.2s confidence=0.8
2026-05-09 23:14:46 | INFO | my_functions.py:172 | Searching claim!.PNG (timeout=0s)
2026-05-09 23:14:47 | INFO | my_functions.py:209 | 
⛔ Not found: claim!.PNG after 0.01s region=(0, 0, 765, 1038) confidence=0.8
2026-05-09 23:14:47 | INFO | my_functions.py:258 | [DEBUG] Click skipped, image not found: claim!.PNG
2026-05-09 23:14:47 | INFO | my_functions.py:231 | [DEBUG] wait_for_image_and_click -> claim_hover.PNG timeout=0s delay_click=0.2s confidence=0.8
2026-05-09 23:14:47 | INFO | my_functions.py:172 | Searching claim_hover.PNG (timeout=0s)
2026-05-09 23:14:47 | INFO | my_functions.py:209 | 
⛔ Not found: claim_hover.PNG after 0.01s region=(0, 0, 765, 1038) confidence=0.8
2026-05-09 23:14:47 | INFO | my_functions.py:258 | [DEBUG] Click skipped, image not found: claim_hover.PNG
2026-05-09 23:14:47 | INFO | my_functions.py:231 | [DEBUG] wait_for_image_and_click -> weekly3.PNG timeout=0s delay_click=0.1s confidence=0.8
2026-05-09 23:14:47 | INFO | my_functions.py:172 | Searching weekly3.PNG (timeout=0s)
2026-05-09 23:14:47 | INFO | my_functions.py:209 | 
⛔ Not found: weekly3.PNG after 0.0s region=(0, 0, 765, 1038) confidence=0.8
2026-05-09 23:14:47 | INFO | my_functions.py:258 | [DEBUG] Click skipped, image not found: weekly3.PNG
2026-05-09 23:14:47 | INFO | my_functions.py:231 | [DEBUG] wait_for_image_and_click -> weekly3.PNG timeout=0s delay_click=0.1s confidence=0.8
2026-05-09 23:14:47 | INFO | my_functions.py:172 | Searching weekly3.PNG (timeout=0s)
2026-05-09 23:14:47 | INFO | my_functions.py:209 | 
⛔ Not found: weekly3.PNG after 0.0s region=(0, 0, 765, 1038) confidence=0.8
2026-05-09 23:14:47 | INFO | my_functions.py:258 | [DEBUG] Click skipped, image not found: weekly3.PNG
2026-05-09 23:14:47 | INFO | my_functions.py:231 | [DEBUG] wait_for_image_and_click -> weekly3.PNG timeout=0s delay_click=0.1s confidence=0.8
2026-05-09 23:14:47 | INFO | my_functions.py:172 | Searching weekly3.PNG (timeout=0s)
2026-05-09 23:14:47 | INFO | my_functions.py:209 | 
⛔ Not found: weekly3.PNG after 0.01s region=(0, 0, 765, 1038) confidence=0.8
2026-05-09 23:14:47 | INFO | my_functions.py:258 | [DEBUG] Click skipped, image not found: weekly3.PNG
2026-05-09 23:14:47 | INFO | my_functions.py:231 | [DEBUG] wait_for_image_and_click -> weekly3.PNG timeout=0s delay_click=0.1s confidence=0.8
2026-05-09 23:14:47 | INFO | my_functions.py:172 | Searching weekly3.PNG (timeout=0s)
2026-05-09 23:14:48 | INFO | my_functions.py:209 | 
⛔ Not found: weekly3.PNG after 0.01s region=(0, 0, 765, 1038) confidence=0.8
2026-05-09 23:14:48 | INFO | my_functions.py:258 | [DEBUG] Click skipped, image not found: weekly3.PNG
2026-05-09 23:14:48 | INFO | my_functions.py:231 | [DEBUG] wait_for_image_and_click -> weekly3.PNG timeout=0s delay_click=0.1s confidence=0.8
2026-05-09 23:14:48 | INFO | my_functions.py:172 | Searching weekly3.PNG (timeout=0s)
2026-05-09 23:14:48 | INFO | my_functions.py:209 | 
⛔ Not found: weekly3.PNG after 0.01s region=(0, 0, 765, 1038) confidence=0.8
2026-05-09 23:14:48 | INFO | my_functions.py:258 | [DEBUG] Click skipped, image not found: weekly3.PNG
2026-05-09 23:14:48 | INFO | my_functions.py:231 | [DEBUG] wait_for_image_and_click -> weekly3.PNG timeout=0s delay_click=0.1s confidence=0.8
2026-05-09 23:14:48 | INFO | my_functions.py:172 | Searching weekly3.PNG (timeout=0s)
2026-05-09 23:14:48 | INFO | my_functions.py:209 | 
⛔ Not found: weekly3.PNG after 0.01s region=(0, 0, 765, 1038) confidence=0.8
2026-05-09 23:14:48 | INFO | my_functions.py:258 | [DEBUG] Click skipped, image not found: weekly3.PNG
2026-05-09 23:14:48 | INFO | my_functions.py:231 | [DEBUG] wait_for_image_and_click -> weekly3.PNG timeout=0s delay_click=0.1s confidence=0.8
2026-05-09 23:14:48 | INFO | my_functions.py:172 | Searching weekly3.PNG (timeout=0s)
2026-05-09 23:14:48 | INFO | my_functions.py:209 | 
⛔ Not found: weekly3.PNG after 0.0s region=(0, 0, 765, 1038) confidence=0.8
2026-05-09 23:14:48 | INFO | my_functions.py:258 | [DEBUG] Click skipped, image not found: weekly3.PNG
2026-05-09 23:14:48 | INFO | my_functions.py:231 | [DEBUG] wait_for_image_and_click -> weekly3.PNG timeout=0s delay_click=0.1s confidence=0.8
2026-05-09 23:14:48 | INFO | my_functions.py:172 | Searching weekly3.PNG (timeout=0s)
2026-05-09 23:14:48 | INFO | my_functions.py:209 | 
⛔ Not found: weekly3.PNG after 0.0s region=(0, 0, 765, 1038) confidence=0.8
2026-05-09 23:14:48 | INFO | my_functions.py:258 | [DEBUG] Click skipped, image not found: weekly3.PNG
2026-05-09 23:14:48 | INFO | my_functions.py:231 | [DEBUG] wait_for_image_and_click -> weekly3.PNG timeout=0s delay_click=0.1s confidence=0.8
2026-05-09 23:14:48 | INFO | my_functions.py:172 | Searching weekly3.PNG (timeout=0s)
2026-05-09 23:14:48 | INFO | my_functions.py:209 | 
⛔ Not found: weekly3.PNG after 0.01s region=(0, 0, 765, 1038) confidence=0.8
2026-05-09 23:14:48 | INFO | my_functions.py:258 | [DEBUG] Click skipped, image not found: weekly3.PNG
2026-05-09 23:14:48 | INFO | my_functions.py:231 | [DEBUG] wait_for_image_and_click -> weekly3.PNG timeout=0s delay_click=0.1s confidence=0.8
2026-05-09 23:14:48 | INFO | my_functions.py:172 | Searching weekly3.PNG (timeout=0s)
2026-05-09 23:14:49 | INFO | my_functions.py:209 | 
⛔ Not found: weekly3.PNG after 0.01s region=(0, 0, 765, 1038) confidence=0.8
2026-05-09 23:14:49 | INFO | my_functions.py:258 | [DEBUG] Click skipped, image not found: weekly3.PNG
2026-05-09 23:14:49 | INFO | my_functions.py:231 | [DEBUG] wait_for_image_and_click -> weekly3.PNG timeout=0s delay_click=0.1s confidence=0.8
2026-05-09 23:14:49 | INFO | my_functions.py:172 | Searching weekly3.PNG (timeout=0s)
2026-05-09 23:14:49 | INFO | my_functions.py:209 | 
⛔ Not found: weekly3.PNG after 0.17s region=(0, 0, 765, 1038) confidence=0.8
2026-05-09 23:14:49 | INFO | my_functions.py:258 | [DEBUG] Click skipped, image not found: weekly3.PNG
2026-05-09 23:14:49 | INFO | my_functions.py:138 | Haciendo click en la posición (557, 64)
2026-05-09 23:14:50 | INFO | my_functions.py:231 | [DEBUG] wait_for_image_and_click -> cards_shop.PNG timeout=20s delay_click=1s confidence=0.8
2026-05-09 23:14:50 | INFO | my_functions.py:172 | Searching cards_shop.PNG (timeout=20s)
2026-05-09 23:14:51 | INFO | my_functions.py:198 | 
✅ Found: cards_shop.PNG pos=(568, 121) time=0.57s confidence=0.8
2026-05-09 23:14:52 | INFO | my_functions.py:138 | Haciendo click en la posición (568, 121)
2026-05-09 23:14:52 | INFO | my_functions.py:251 | 🖱️ Click OK: cards_shop.PNG at (568, 121) delay=1s
2026-05-09 23:14:52 | INFO | my_functions.py:231 | [DEBUG] wait_for_image_and_click -> token_icon.PNG timeout=20s delay_click=1s confidence=0.8
2026-05-09 23:14:52 | INFO | my_functions.py:172 | Searching token_icon.PNG (timeout=20s)
2026-05-09 23:14:54 | INFO | my_functions.py:198 | 
✅ Found: token_icon.PNG pos=(531, 171) time=1.68s confidence=0.8
2026-05-09 23:14:55 | INFO | my_functions.py:138 | Haciendo click en la posición (531, 171)
2026-05-09 23:14:55 | INFO | my_functions.py:251 | 🖱️ Click OK: token_icon.PNG at (531, 171) delay=1s
2026-05-09 23:14:57 | INFO | my_functions.py:231 | [DEBUG] wait_for_image_and_click -> claim!_token_3.PNG timeout=4s delay_click=1s confidence=0.8
2026-05-09 23:14:57 | INFO | my_functions.py:172 | Searching claim!_token_3.PNG (timeout=4s)
2026-05-09 23:15:01 | INFO | my_functions.py:209 | 
⛔ Not found: claim!_token_3.PNG after 4.01s region=(0, 0, 765, 1038) confidence=0.8
2026-05-09 23:15:01 | INFO | my_functions.py:258 | [DEBUG] Click skipped, image not found: claim!_token_3.PNG
2026-05-09 23:15:01 | INFO | my_functions.py:231 | [DEBUG] wait_for_image_and_click -> offers.PNG timeout=0.1s delay_click=1s confidence=0.8
2026-05-09 23:15:01 | INFO | my_functions.py:172 | Searching offers.PNG (timeout=0.1s)
2026-05-09 23:15:01 | INFO | my_functions.py:198 | 
✅ Found: offers.PNG pos=(197, 121) time=0.22s confidence=0.8
2026-05-09 23:15:02 | INFO | my_functions.py:138 | Haciendo click en la posición (197, 121)
2026-05-09 23:15:03 | INFO | my_functions.py:251 | 🖱️ Click OK: offers.PNG at (197, 121) delay=1s
2026-05-09 23:15:03 | INFO | my_functions.py:231 | [DEBUG] wait_for_image_and_click -> credits_selected.png timeout=0.1s delay_click=1s confidence=0.8
2026-05-09 23:15:03 | INFO | my_functions.py:172 | Searching credits_selected.png (timeout=0.1s)
2026-05-09 23:15:03 | INFO | my_functions.py:198 | 
✅ Found: credits_selected.png pos=(443, 167) time=0.2s confidence=0.8
2026-05-09 23:15:04 | INFO | my_functions.py:138 | Haciendo click en la posición (443, 167)
2026-05-09 23:15:04 | INFO | my_functions.py:251 | 🖱️ Click OK: credits_selected.png at (443, 167) delay=1s
2026-05-09 23:15:05 | INFO | my_functions.py:231 | [DEBUG] wait_for_image_and_click -> claim_25_credits.png timeout=2s delay_click=1s confidence=0.8
2026-05-09 23:15:05 | INFO | my_functions.py:172 | Searching claim_25_credits.png (timeout=2s)
2026-05-09 23:15:06 | INFO | my_functions.py:198 | 
✅ Found: claim_25_credits.png pos=(236, 328) time=0.19s confidence=0.8
2026-05-09 23:15:07 | INFO | my_functions.py:138 | Haciendo click en la posición (236, 328)
2026-05-09 23:15:07 | INFO | my_functions.py:251 | 🖱️ Click OK: claim_25_credits.png at (236, 328) delay=1s
2026-05-09 23:15:07 | INFO | my_functions.py:231 | [DEBUG] wait_for_image_and_click -> cards_shop.PNG timeout=20s delay_click=1s confidence=0.8
2026-05-09 23:15:07 | INFO | my_functions.py:172 | Searching cards_shop.PNG (timeout=20s)
2026-05-09 23:15:07 | INFO | my_functions.py:198 | 
✅ Found: cards_shop.PNG pos=(568, 121) time=0.2s confidence=0.8
2026-05-09 23:15:08 | INFO | my_functions.py:138 | Haciendo click en la posición (568, 121)
2026-05-09 23:15:08 | INFO | my_functions.py:251 | 🖱️ Click OK: cards_shop.PNG at (568, 121) delay=1s
2026-05-09 23:15:08 | INFO | my_functions.py:231 | [DEBUG] wait_for_image_and_click -> offers.PNG timeout=20s delay_click=1s confidence=0.8
2026-05-09 23:15:08 | INFO | my_functions.py:172 | Searching offers.PNG (timeout=20s)
2026-05-09 23:15:08 | INFO | my_functions.py:198 | 
✅ Found: offers.PNG pos=(197, 122) time=0.18s confidence=0.8
2026-05-09 23:15:09 | INFO | my_functions.py:138 | Haciendo click en la posición (197, 122)
2026-05-09 23:15:10 | INFO | my_functions.py:251 | 🖱️ Click OK: offers.PNG at (197, 122) delay=1s
2026-05-09 23:15:10 | INFO | my_functions.py:1491 | [INFO] Iniciando mejora de cartas
2026-05-09 23:15:10 | INFO | my_functions.py:231 | [DEBUG] wait_for_image_and_click -> upgrade_cards_icon.PNG timeout=20s delay_click=1s confidence=0.8
2026-05-09 23:15:10 | INFO | my_functions.py:172 | Searching upgrade_cards_icon.PNG (timeout=20s)
2026-05-09 23:15:10 | INFO | my_functions.py:198 | 
✅ Found: upgrade_cards_icon.PNG pos=(322, 170) time=0.23s confidence=0.8
2026-05-09 23:15:11 | INFO | my_functions.py:138 | Haciendo click en la posición (322, 170)
2026-05-09 23:15:11 | INFO | my_functions.py:251 | 🖱️ Click OK: upgrade_cards_icon.PNG at (322, 170) delay=1s
2026-05-09 23:15:11 | INFO | my_functions.py:1495 | [INFO] Abriendo icono de upgrade_cards
2026-05-09 23:15:12 | INFO | my_functions.py:1501 | [STEP] Mejorando carta 1
2026-05-09 23:15:12 | INFO | my_functions.py:1505 | [ACTION] Click en carta 1
2026-05-09 23:15:13 | INFO | my_functions.py:1510 | [ACTION] Click en botón upgrade
2026-05-09 23:15:21 | INFO | my_functions.py:231 | [DEBUG] wait_for_image_and_click -> you_need_more_credits!.png timeout=3s delay_click=1s confidence=0.8
2026-05-09 23:15:21 | INFO | my_functions.py:172 | Searching you_need_more_credits!.png (timeout=3s)
2026-05-09 23:15:24 | INFO | my_functions.py:209 | 
⛔ Not found: you_need_more_credits!.png after 3.15s region=(0, 0, 765, 1038) confidence=0.8
2026-05-09 23:15:24 | INFO | my_functions.py:258 | [DEBUG] Click skipped, image not found: you_need_more_credits!.png
2026-05-09 23:15:29 | INFO | my_functions.py:1525 | [ACTION] Click para continuar a stage de nivel de coleccion
2026-05-09 23:15:34 | INFO | my_functions.py:146 | Presionando ESC (1/1)
2026-05-09 23:15:35 | INFO | my_functions.py:1530 | [ACTION] Saliendo de stage nivel de coleccion con ESC
2026-05-09 23:15:36 | INFO | my_functions.py:231 | [DEBUG] wait_for_image_and_click -> upgrade_cards_icon_selected.PNG timeout=0s delay_click=1s confidence=0.8
2026-05-09 23:15:36 | INFO | my_functions.py:172 | Searching upgrade_cards_icon_selected.PNG (timeout=0s)
2026-05-09 23:15:36 | INFO | my_functions.py:198 | 
✅ Found: upgrade_cards_icon_selected.PNG pos=(320, 173) time=0.18s confidence=0.8
2026-05-09 23:15:37 | INFO | my_functions.py:138 | Haciendo click en la posición (320, 173)
2026-05-09 23:15:37 | INFO | my_functions.py:251 | 🖱️ Click OK: upgrade_cards_icon_selected.PNG at (320, 173) delay=1s
2026-05-09 23:15:37 | INFO | my_functions.py:1550 | [INFO] Reabriendo icono de upgrade_cards
2026-05-09 23:15:38 | INFO | my_functions.py:1501 | [STEP] Mejorando carta 2
2026-05-09 23:15:38 | INFO | my_functions.py:1505 | [ACTION] Click en carta 2
2026-05-09 23:15:39 | INFO | my_functions.py:1510 | [ACTION] Click en botón upgrade
2026-05-09 23:15:46 | INFO | my_functions.py:231 | [DEBUG] wait_for_image_and_click -> you_need_more_credits!.png timeout=3s delay_click=1s confidence=0.8
2026-05-09 23:15:46 | INFO | my_functions.py:172 | Searching you_need_more_credits!.png (timeout=3s)
2026-05-09 23:15:50 | INFO | my_functions.py:209 | 
⛔ Not found: you_need_more_credits!.png after 3.16s region=(0, 0, 765, 1038) confidence=0.8
2026-05-09 23:15:50 | INFO | my_functions.py:258 | [DEBUG] Click skipped, image not found: you_need_more_credits!.png
2026-05-09 23:15:55 | INFO | my_functions.py:1525 | [ACTION] Click para continuar a stage de nivel de coleccion
2026-05-09 23:16:00 | INFO | my_functions.py:146 | Presionando ESC (1/1)
2026-05-09 23:16:00 | INFO | my_functions.py:1530 | [ACTION] Saliendo de stage nivel de coleccion con ESC
2026-05-09 23:16:01 | INFO | my_functions.py:231 | [DEBUG] wait_for_image_and_click -> upgrade_cards_icon_selected.PNG timeout=0s delay_click=1s confidence=0.8
2026-05-09 23:16:01 | INFO | my_functions.py:172 | Searching upgrade_cards_icon_selected.PNG (timeout=0s)
2026-05-09 23:16:02 | INFO | my_functions.py:198 | 
✅ Found: upgrade_cards_icon_selected.PNG pos=(320, 173) time=0.2s confidence=0.8
2026-05-09 23:16:03 | INFO | my_functions.py:138 | Haciendo click en la posición (320, 173)
2026-05-09 23:16:03 | INFO | my_functions.py:251 | 🖱️ Click OK: upgrade_cards_icon_selected.PNG at (320, 173) delay=1s
2026-05-09 23:16:03 | INFO | my_functions.py:1550 | [INFO] Reabriendo icono de upgrade_cards
2026-05-09 23:16:04 | INFO | my_functions.py:1501 | [STEP] Mejorando carta 3
2026-05-09 23:16:04 | INFO | my_functions.py:1505 | [ACTION] Click en carta 3
2026-05-09 23:16:05 | INFO | my_functions.py:1510 | [ACTION] Click en botón upgrade
2026-05-09 23:16:12 | INFO | my_functions.py:231 | [DEBUG] wait_for_image_and_click -> you_need_more_credits!.png timeout=3s delay_click=1s confidence=0.8
2026-05-09 23:16:12 | INFO | my_functions.py:172 | Searching you_need_more_credits!.png (timeout=3s)
2026-05-09 23:16:15 | INFO | my_functions.py:209 | 
⛔ Not found: you_need_more_credits!.png after 3.18s region=(0, 0, 765, 1038) confidence=0.8
2026-05-09 23:16:15 | INFO | my_functions.py:258 | [DEBUG] Click skipped, image not found: you_need_more_credits!.png
2026-05-09 23:16:21 | INFO | my_functions.py:1525 | [ACTION] Click para continuar a stage de nivel de coleccion
2026-05-09 23:16:26 | INFO | my_functions.py:146 | Presionando ESC (1/1)
2026-05-09 23:16:26 | INFO | my_functions.py:1530 | [ACTION] Saliendo de stage nivel de coleccion con ESC
2026-05-09 23:16:27 | INFO | my_functions.py:1553 | [INFO] Mejora de cartas completada ✅
2026-05-09 23:16:27 | INFO | my_functions.py:146 | Presionando ESC (1/1)
2026-05-09 23:16:28 | INFO | each_eight_hours.py:437 | Finished all games
2026-05-09 23:16:28 | INFO | my_functions.py:1443 | [DEBUG] Starting logout process...
2026-05-09 23:16:28 | INFO | my_functions.py:1445 | [DEBUG] Clicking nut icon...
2026-05-09 23:16:28 | INFO | my_functions.py:231 | [DEBUG] wait_for_image_and_click -> nut.png timeout=20s delay_click=1s confidence=0.8
2026-05-09 23:16:28 | INFO | my_functions.py:172 | Searching nut.png (timeout=20s)
2026-05-09 23:16:28 | INFO | my_functions.py:198 | 
✅ Found: nut.png pos=(184, 78) time=0.21s confidence=0.8
2026-05-09 23:16:29 | INFO | my_functions.py:138 | Haciendo click en la posición (184, 78)
2026-05-09 23:16:29 | INFO | my_functions.py:251 | 🖱️ Click OK: nut.png at (184, 78) delay=1s
2026-05-09 23:16:29 | INFO | my_functions.py:1448 | [DEBUG] Waiting for graphics quality image...
2026-05-09 23:16:29 | INFO | my_functions.py:172 | Searching graphics_quality.png (timeout=3s)
2026-05-09 23:16:30 | INFO | my_functions.py:198 | 
✅ Found: graphics_quality.png pos=(304, 644) time=0.85s confidence=0.8
2026-05-09 23:16:30 | INFO | my_functions.py:1450 | [DEBUG] graphics_quality result: Point(x=304, y=644)
2026-05-09 23:16:30 | INFO | my_functions.py:1456 | [DEBUG] Clicking graphics quality...
2026-05-09 23:16:31 | INFO | my_functions.py:1461 | [DEBUG] Scrolling down...
2026-05-09 23:16:31 | INFO | my_functions.py:1464 | [DEBUG] Clicking sign_out...
2026-05-09 23:16:31 | INFO | my_functions.py:231 | [DEBUG] wait_for_image_and_click -> sign_out.png timeout=20s delay_click=1s confidence=0.8
2026-05-09 23:16:31 | INFO | my_functions.py:172 | Searching sign_out.png (timeout=20s)
2026-05-09 23:16:31 | INFO | my_functions.py:198 | 
✅ Found: sign_out.png pos=(380, 796) time=0.19s confidence=0.8
2026-05-09 23:16:32 | INFO | my_functions.py:138 | Haciendo click en la posición (380, 796)
2026-05-09 23:16:33 | INFO | my_functions.py:251 | 🖱️ Click OK: sign_out.png at (380, 796) delay=1s
2026-05-09 23:16:34 | INFO | my_functions.py:1469 | [DEBUG] Clicking big sign_out...
2026-05-09 23:16:34 | INFO | my_functions.py:231 | [DEBUG] wait_for_image_and_click -> sign_out_grande.png timeout=20s delay_click=1s confidence=0.8
2026-05-09 23:16:34 | INFO | my_functions.py:172 | Searching sign_out_grande.png (timeout=20s)
2026-05-09 23:16:34 | INFO | my_functions.py:198 | 
✅ Found: sign_out_grande.png pos=(359, 437) time=0.18s confidence=0.8
2026-05-09 23:16:35 | INFO | my_functions.py:138 | Haciendo click en la posición (359, 437)
2026-05-09 23:16:35 | INFO | my_functions.py:251 | 🖱️ Click OK: sign_out_grande.png at (359, 437) delay=1s
2026-05-09 23:16:35 | INFO | my_functions.py:1472 | [DEBUG] Clicking sign_out2...
2026-05-09 23:16:35 | INFO | my_functions.py:231 | [DEBUG] wait_for_image_and_click -> sign_out2.png timeout=20s delay_click=1s confidence=0.8
2026-05-09 23:16:35 | INFO | my_functions.py:172 | Searching sign_out2.png (timeout=20s)
2026-05-09 23:16:35 | INFO | my_functions.py:198 | 
✅ Found: sign_out2.png pos=(383, 634) time=0.18s confidence=0.8
2026-05-09 23:16:36 | INFO | my_functions.py:138 | Haciendo click en la posición (383, 634)
2026-05-09 23:16:36 | INFO | my_functions.py:251 | 🖱️ Click OK: sign_out2.png at (383, 634) delay=1s
2026-05-09 23:16:36 | INFO | my_functions.py:1475 | [DEBUG] Resizing SNAP window...
2026-05-09 23:16:36 | INFO | my_functions.py:1668 | ⏱ Esperando 0.1 segundos antes de empezar...
2026-05-09 23:16:37 | INFO | my_functions.py:1675 | 🔍 Esperando ventana que contenga alguna de: SNAP (máx 20s)
2026-05-09 23:16:37 | INFO | my_functions.py:1687 | ✅ Ventana encontrada: 'SNAP'
2026-05-09 23:16:37 | INFO | my_functions.py:1702 | ✅ Ventana seleccionada: 'SNAP'
2026-05-09 23:16:39 | INFO | my_functions.py:1725 | 🔁 Reajuste #1...
2026-05-09 23:16:41 | INFO | my_functions.py:1732 | ✔ Verificación completa. Se hicieron 1 reajustes.
2026-05-09 23:16:42 | INFO | my_functions.py:1484 | snap.exe closed
2026-05-09 23:16:45 | INFO | my_functions.py:1487 | [DEBUG] Logout completed successfully.
2026-05-09 23:16:45 | INFO | each_eight_hours.py:146 | Processing account: william
2026-05-09 23:16:45 | INFO | each_eight_hours.py:149 | Game relaunched for account
2026-05-09 23:16:45 | INFO | my_functions.py:1668 | ⏱ Esperando 0.1 segundos antes de empezar...
2026-05-09 23:16:45 | INFO | my_functions.py:1675 | 🔍 Esperando ventana que contenga alguna de: ['SNAP'] (máx 20s)
2026-05-09 23:16:47 | INFO | my_functions.py:1687 | ✅ Ventana encontrada: 'SNAP'
2026-05-09 23:16:47 | INFO | my_functions.py:1702 | ✅ Ventana seleccionada: 'SNAP'
2026-05-09 23:16:49 | INFO | my_functions.py:1734 | ✔ Verificación completa. No hubo cambios después del primer ajuste.
2026-05-09 23:16:49 | INFO | each_eight_hours.py:156 | Game window resized
2026-05-09 23:16:49 | INFO | my_functions.py:1207 | [DEBUG] Resizing SNAP window...
2026-05-09 23:16:49 | INFO | my_functions.py:1668 | ⏱ Esperando 0.1 segundos antes de empezar...
2026-05-09 23:16:49 | INFO | my_functions.py:1675 | 🔍 Esperando ventana que contenga alguna de: ['SNAP'] (máx 20s)
2026-05-09 23:16:49 | INFO | my_functions.py:1687 | ✅ Ventana encontrada: 'SNAP'
2026-05-09 23:16:49 | INFO | my_functions.py:1702 | ✅ Ventana seleccionada: 'SNAP'
2026-05-09 23:16:52 | INFO | my_functions.py:1734 | ✔ Verificación completa. No hubo cambios después del primer ajuste.
2026-05-09 23:16:52 | INFO | my_functions.py:231 | [DEBUG] wait_for_image_and_click -> submit.PNG timeout=90s delay_click=0.2s confidence=0.8
2026-05-09 23:16:52 | INFO | my_functions.py:172 | Searching submit.PNG (timeout=90s)
2026-05-09 23:16:55 | INFO | my_functions.py:198 | 
✅ Found: submit.PNG pos=(385, 779) time=2.74s confidence=0.8
2026-05-09 23:16:55 | INFO | my_functions.py:138 | Haciendo click en la posición (385, 779)
2026-05-09 23:16:56 | INFO | my_functions.py:251 | 🖱️ Click OK: submit.PNG at (385, 779) delay=0.2s
2026-05-09 23:16:56 | INFO | my_functions.py:1668 | ⏱ Esperando 0.1 segundos antes de empezar...
2026-05-09 23:16:56 | INFO | my_functions.py:1675 | 🔍 Esperando ventana que contenga alguna de: ['SNAP'] (máx 20s)
2026-05-09 23:16:56 | INFO | my_functions.py:1687 | ✅ Ventana encontrada: 'SNAP'
2026-05-09 23:16:56 | INFO | my_functions.py:1702 | ✅ Ventana seleccionada: 'SNAP'
2026-05-09 23:16:58 | INFO | my_functions.py:1725 | 🔁 Reajuste #1...
2026-05-09 23:16:59 | INFO | my_functions.py:1732 | ✔ Verificación completa. Se hicieron 1 reajustes.
2026-05-09 23:16:59 | INFO | my_functions.py:172 | Searching please_sign.png (timeout=0s)
2026-05-09 23:16:59 | INFO | my_functions.py:198 | 
✅ Found: please_sign.png pos=(383, 438) time=0.18s confidence=0.8
2026-05-09 23:16:59 | INFO | my_functions.py:231 | [DEBUG] wait_for_image_and_click -> ok_btn.png timeout=20s delay_click=1s confidence=0.8
2026-05-09 23:16:59 | INFO | my_functions.py:172 | Searching ok_btn.png (timeout=20s)
2026-05-09 23:16:59 | INFO | my_functions.py:198 | 
✅ Found: ok_btn.png pos=(382, 634) time=0.18s confidence=0.8
2026-05-09 23:17:00 | INFO | my_functions.py:138 | Haciendo click en la posición (382, 634)
2026-05-09 23:17:00 | INFO | my_functions.py:251 | 🖱️ Click OK: ok_btn.png at (382, 634) delay=1s
2026-05-09 23:17:00 | INFO | my_functions.py:231 | [DEBUG] wait_for_image_and_click -> submit.PNG timeout=90s delay_click=0.2s confidence=0.8
2026-05-09 23:17:00 | INFO | my_functions.py:172 | Searching submit.PNG (timeout=90s)
2026-05-09 23:17:01 | INFO | my_functions.py:198 | 
✅ Found: submit.PNG pos=(385, 786) time=0.88s confidence=0.8
2026-05-09 23:17:01 | INFO | my_functions.py:138 | Haciendo click en la posición (385, 786)
2026-05-09 23:17:02 | INFO | my_functions.py:251 | 🖱️ Click OK: submit.PNG at (385, 786) delay=0.2s
2026-05-09 23:17:02 | INFO | my_functions.py:172 | Searching sign_in_with_google2.PNG (timeout=90s)
2026-05-09 23:17:03 | INFO | my_functions.py:198 | 
✅ Found: sign_in_with_google2.PNG pos=(406, 957) time=1.08s confidence=0.8
2026-05-09 23:17:03 | INFO | my_functions.py:231 | [DEBUG] wait_for_image_and_click -> sign_in_with_google2.PNG timeout=20s delay_click=1s confidence=0.8
2026-05-09 23:17:03 | INFO | my_functions.py:172 | Searching sign_in_with_google2.PNG (timeout=20s)
2026-05-09 23:17:03 | INFO | my_functions.py:198 | 
✅ Found: sign_in_with_google2.PNG pos=(406, 957) time=0.18s confidence=0.8
2026-05-09 23:17:04 | INFO | my_functions.py:138 | Haciendo click en la posición (406, 957)
2026-05-09 23:17:04 | INFO | my_functions.py:251 | 🖱️ Click OK: sign_in_with_google2.PNG at (406, 957) delay=1s
2026-05-09 23:17:04 | INFO | my_functions.py:231 | [DEBUG] wait_for_image_and_click -> william.png timeout=30s delay_click=3s confidence=0.8
2026-05-09 23:17:04 | INFO | my_functions.py:172 | Searching william.png (timeout=30s)
2026-05-09 23:17:12 | INFO | my_functions.py:198 | 
✅ Found: william.png pos=(1150, 961) time=8.25s confidence=0.8
2026-05-09 23:17:15 | INFO | my_functions.py:138 | Haciendo click en la posición (1150, 961)
2026-05-09 23:17:16 | INFO | my_functions.py:251 | 🖱️ Click OK: william.png at (1150, 961) delay=3s
2026-05-09 23:17:18 | INFO | my_functions.py:231 | [DEBUG] wait_for_image_and_click -> python_icon.PNG timeout=5s delay_click=1s confidence=0.8
2026-05-09 23:17:18 | INFO | my_functions.py:172 | Searching python_icon.PNG (timeout=5s)
2026-05-09 23:17:18 | INFO | my_functions.py:198 | 
✅ Found: python_icon.PNG pos=(647, 1054) time=0.32s confidence=0.8
2026-05-09 23:17:19 | INFO | my_functions.py:138 | Haciendo click en la posición (647, 1054)
2026-05-09 23:17:19 | INFO | my_functions.py:251 | 🖱️ Click OK: python_icon.PNG at (647, 1054) delay=1s
2026-05-09 23:17:19 | INFO | my_functions.py:231 | [DEBUG] wait_for_image_and_click -> snap_icon_task_bar.PNG timeout=20s delay_click=1s confidence=0.8
2026-05-09 23:17:19 | INFO | my_functions.py:172 | Searching snap_icon_task_bar.PNG (timeout=20s)
2026-05-09 23:17:19 | INFO | my_functions.py:198 | 
✅ Found: snap_icon_task_bar.PNG pos=(524, 1052) time=0.3s confidence=0.8
2026-05-09 23:17:20 | INFO | my_functions.py:138 | Haciendo click en la posición (524, 1052)
2026-05-09 23:17:21 | INFO | my_functions.py:251 | 🖱️ Click OK: snap_icon_task_bar.PNG at (524, 1052) delay=1s
2026-05-09 23:17:21 | INFO | my_functions.py:172 | Searching play.PNG (timeout=30s)
2026-05-09 23:17:30 | INFO | my_functions.py:198 | 
✅ Found: play.PNG pos=(384, 824) time=9.18s confidence=0.8
2026-05-09 23:17:30 | INFO | my_functions.py:1265 | [DEBUG] Login completado correctamente.
2026-05-09 23:17:30 | INFO | each_eight_hours.py:160 | Login executed
2026-05-09 23:17:30 | INFO | my_functions.py:172 | Searching shop_unselected.PNG (timeout=0s)
2026-05-09 23:17:30 | INFO | my_functions.py:198 | 
✅ Found: shop_unselected.PNG pos=(89, 961) time=0.18s confidence=0.8
2026-05-09 23:17:38 | INFO | my_functions.py:172 | Searching shop_unselected.PNG (timeout=0s)
2026-05-09 23:17:38 | INFO | my_functions.py:209 | 
⛔ Not found: shop_unselected.PNG after 0.0s region=(0, 0, 765, 1038) confidence=0.8
2026-05-09 23:17:39 | INFO | my_functions.py:172 | Searching shop_unselected.PNG (timeout=0s)
2026-05-09 23:17:39 | INFO | my_functions.py:209 | 
⛔ Not found: shop_unselected.PNG after 0.0s region=(0, 0, 765, 1038) confidence=0.8
2026-05-09 23:17:39 | INFO | my_functions.py:231 | [DEBUG] wait_for_image_and_click -> super_premium.PNG timeout=0s delay_click=1s confidence=0.8
2026-05-09 23:17:39 | INFO | my_functions.py:172 | Searching super_premium.PNG (timeout=0s)
2026-05-09 23:17:40 | INFO | my_functions.py:198 | 
✅ Found: super_premium.PNG pos=(480, 777) time=0.18s confidence=0.8
2026-05-09 23:17:41 | INFO | my_functions.py:138 | Haciendo click en la posición (480, 777)
2026-05-09 23:17:41 | INFO | my_functions.py:251 | 🖱️ Click OK: super_premium.PNG at (480, 777) delay=1s
2026-05-09 23:17:41 | INFO | my_functions.py:146 | Presionando ESC (1/1)
2026-05-09 23:17:49 | INFO | my_functions.py:172 | Searching shop_unselected.PNG (timeout=0s)
2026-05-09 23:17:50 | INFO | my_functions.py:198 | 
✅ Found: shop_unselected.PNG pos=(88, 961) time=0.16s confidence=0.8
2026-05-09 23:17:50 | INFO | my_functions.py:720 | Ya esta listo
2026-05-09 23:17:50 | INFO | each_eight_hours.py:163 | Initial images processed
2026-05-09 23:17:50 | INFO | each_eight_hours.py:166 | Chrome terminated
2026-05-09 23:17:50 | INFO | my_functions.py:231 | [DEBUG] wait_for_image_and_click -> missions_unnotified2.png timeout=20s delay_click=1s confidence=0.8
2026-05-09 23:17:50 | INFO | my_functions.py:172 | Searching missions_unnotified2.png (timeout=20s)
2026-05-09 23:17:50 | INFO | my_functions.py:198 | 
✅ Found: missions_unnotified2.png pos=(516, 127) time=0.18s confidence=0.8
2026-05-09 23:17:51 | INFO | my_functions.py:138 | Haciendo click en la posición (516, 127)
2026-05-09 23:17:51 | INFO | my_functions.py:251 | 🖱️ Click OK: missions_unnotified2.png at (516, 127) delay=1s
2026-05-09 23:17:51 | INFO | my_functions.py:231 | [DEBUG] wait_for_image_and_click -> calendar_missions_daily.png timeout=3s delay_click=1s confidence=0.8
2026-05-09 23:17:51 | INFO | my_functions.py:172 | Searching calendar_missions_daily.png (timeout=3s)
2026-05-09 23:17:52 | INFO | my_functions.py:198 | 
✅ Found: calendar_missions_daily.png pos=(189, 131) time=0.99s confidence=0.8
2026-05-09 23:17:53 | INFO | my_functions.py:138 | Haciendo click en la posición (189, 131)
2026-05-09 23:17:53 | INFO | my_functions.py:251 | 🖱️ Click OK: calendar_missions_daily.png at (189, 131) delay=1s
2026-05-09 23:17:53 | INFO | each_eight_hours.py:180 | Mission screens opened
2026-05-09 23:17:53 | INFO | my_functions.py:295 | JSON file located at C:\Users\Farm\AppData\LocalLow\Second Dinner\SNAP\Standalone\States\nvprod\MissionState.json
2026-05-09 23:17:56 | INFO | my_functions.py:434 | AVAILABLE: 3
2026-05-09 23:17:56 | INFO | my_functions.py:444 | [INFO] Waiting for Notepad++ process...
2026-05-09 23:17:56 | INFO | my_functions.py:458 | [INFO] Notepad++ detected PID=9784
2026-05-09 23:17:59 | INFO | my_functions.py:466 | [SUCCESS] Notepad++ closed successfully
2026-05-09 23:18:00 | INFO | my_functions.py:1593 | [INFO] Iniciando click_missions_blue2
2026-05-09 23:18:00 | INFO | my_functions.py:138 | Haciendo click en la posición (150, 132)
2026-05-09 23:18:02 | INFO | my_functions.py:1596 | [ACTION] Click hecho en icono de calendario que me dirige a las misiones ordinarias
2026-05-09 23:18:02 | INFO | my_functions.py:172 | Searching bonus_challenge.png (timeout=0s)
2026-05-09 23:18:02 | INFO | my_functions.py:209 | 
⛔ Not found: bonus_challenge.png after 0.0s region=(0, 0, 765, 1038) confidence=0.8
2026-05-09 23:18:04 | INFO | my_functions.py:172 | Searching flechita_mission.PNG (timeout=0s)
2026-05-09 23:18:04 | INFO | my_functions.py:209 | 
⛔ Not found: flechita_mission.PNG after 0.0s region=(0, 0, 765, 1038) confidence=0.8
2026-05-09 23:18:04 | INFO | my_functions.py:231 | [DEBUG] wait_for_image_and_click -> weekly3.PNG timeout=0s delay_click=0.1s confidence=0.8
2026-05-09 23:18:04 | INFO | my_functions.py:172 | Searching weekly3.PNG (timeout=0s)
2026-05-09 23:18:04 | INFO | my_functions.py:209 | 
⛔ Not found: weekly3.PNG after 0.01s region=(0, 0, 765, 1038) confidence=0.8
2026-05-09 23:18:04 | INFO | my_functions.py:258 | [DEBUG] Click skipped, image not found: weekly3.PNG
2026-05-09 23:18:04 | INFO | my_functions.py:231 | [DEBUG] wait_for_image_and_click -> weekly3.PNG timeout=0s delay_click=0.1s confidence=0.8
2026-05-09 23:18:04 | INFO | my_functions.py:172 | Searching weekly3.PNG (timeout=0s)
2026-05-09 23:18:04 | INFO | my_functions.py:209 | 
⛔ Not found: weekly3.PNG after 0.0s region=(0, 0, 765, 1038) confidence=0.8
2026-05-09 23:18:04 | INFO | my_functions.py:258 | [DEBUG] Click skipped, image not found: weekly3.PNG
2026-05-09 23:18:04 | INFO | my_functions.py:231 | [DEBUG] wait_for_image_and_click -> weekly3.PNG timeout=0s delay_click=0.1s confidence=0.8
2026-05-09 23:18:04 | INFO | my_functions.py:172 | Searching weekly3.PNG (timeout=0s)
2026-05-09 23:18:05 | INFO | my_functions.py:209 | 
⛔ Not found: weekly3.PNG after 0.01s region=(0, 0, 765, 1038) confidence=0.8
2026-05-09 23:18:05 | INFO | my_functions.py:258 | [DEBUG] Click skipped, image not found: weekly3.PNG
2026-05-09 23:18:05 | INFO | my_functions.py:231 | [DEBUG] wait_for_image_and_click -> weekly3.PNG timeout=0s delay_click=0.1s confidence=0.8
2026-05-09 23:18:05 | INFO | my_functions.py:172 | Searching weekly3.PNG (timeout=0s)
2026-05-09 23:18:05 | INFO | my_functions.py:209 | 
⛔ Not found: weekly3.PNG after 0.01s region=(0, 0, 765, 1038) confidence=0.8
2026-05-09 23:18:05 | INFO | my_functions.py:258 | [DEBUG] Click skipped, image not found: weekly3.PNG
2026-05-09 23:18:05 | INFO | my_functions.py:231 | [DEBUG] wait_for_image_and_click -> weekly3.PNG timeout=0s delay_click=0.1s confidence=0.8
2026-05-09 23:18:05 | INFO | my_functions.py:172 | Searching weekly3.PNG (timeout=0s)
2026-05-09 23:18:05 | INFO | my_functions.py:209 | 
⛔ Not found: weekly3.PNG after 0.01s region=(0, 0, 765, 1038) confidence=0.8
2026-05-09 23:18:05 | INFO | my_functions.py:258 | [DEBUG] Click skipped, image not found: weekly3.PNG
2026-05-09 23:18:05 | INFO | my_functions.py:231 | [DEBUG] wait_for_image_and_click -> weekly3.PNG timeout=0s delay_click=0.1s confidence=0.8
2026-05-09 23:18:05 | INFO | my_functions.py:172 | Searching weekly3.PNG (timeout=0s)
2026-05-09 23:18:05 | INFO | my_functions.py:209 | 
⛔ Not found: weekly3.PNG after 0.01s region=(0, 0, 765, 1038) confidence=0.8
2026-05-09 23:18:05 | INFO | my_functions.py:258 | [DEBUG] Click skipped, image not found: weekly3.PNG
2026-05-09 23:18:05 | INFO | my_functions.py:231 | [DEBUG] wait_for_image_and_click -> weekly3.PNG timeout=0s delay_click=0.1s confidence=0.8
2026-05-09 23:18:05 | INFO | my_functions.py:172 | Searching weekly3.PNG (timeout=0s)
2026-05-09 23:18:05 | INFO | my_functions.py:209 | 
⛔ Not found: weekly3.PNG after 0.01s region=(0, 0, 765, 1038) confidence=0.8
2026-05-09 23:18:05 | INFO | my_functions.py:258 | [DEBUG] Click skipped, image not found: weekly3.PNG
2026-05-09 23:18:05 | INFO | my_functions.py:231 | [DEBUG] wait_for_image_and_click -> weekly3.PNG timeout=0s delay_click=0.1s confidence=0.8
2026-05-09 23:18:05 | INFO | my_functions.py:172 | Searching weekly3.PNG (timeout=0s)
2026-05-09 23:18:05 | INFO | my_functions.py:209 | 
⛔ Not found: weekly3.PNG after 0.01s region=(0, 0, 765, 1038) confidence=0.8
2026-05-09 23:18:05 | INFO | my_functions.py:258 | [DEBUG] Click skipped, image not found: weekly3.PNG
2026-05-09 23:18:05 | INFO | my_functions.py:231 | [DEBUG] wait_for_image_and_click -> weekly3.PNG timeout=0s delay_click=0.1s confidence=0.8
2026-05-09 23:18:05 | INFO | my_functions.py:172 | Searching weekly3.PNG (timeout=0s)
2026-05-09 23:18:06 | INFO | my_functions.py:209 | 
⛔ Not found: weekly3.PNG after 0.01s region=(0, 0, 765, 1038) confidence=0.8
2026-05-09 23:18:06 | INFO | my_functions.py:258 | [DEBUG] Click skipped, image not found: weekly3.PNG
2026-05-09 23:18:06 | INFO | my_functions.py:231 | [DEBUG] wait_for_image_and_click -> weekly3.PNG timeout=0s delay_click=0.1s confidence=0.8
2026-05-09 23:18:06 | INFO | my_functions.py:172 | Searching weekly3.PNG (timeout=0s)
2026-05-09 23:18:06 | INFO | my_functions.py:209 | 
⛔ Not found: weekly3.PNG after 0.01s region=(0, 0, 765, 1038) confidence=0.8
2026-05-09 23:18:06 | INFO | my_functions.py:258 | [DEBUG] Click skipped, image not found: weekly3.PNG
2026-05-09 23:18:06 | INFO | my_functions.py:231 | [DEBUG] wait_for_image_and_click -> weekly3.PNG timeout=0s delay_click=0.1s confidence=0.8
2026-05-09 23:18:06 | INFO | my_functions.py:172 | Searching weekly3.PNG (timeout=0s)
2026-05-09 23:18:06 | INFO | my_functions.py:209 | 
⛔ Not found: weekly3.PNG after 0.01s region=(0, 0, 765, 1038) confidence=0.8
2026-05-09 23:18:06 | INFO | my_functions.py:258 | [DEBUG] Click skipped, image not found: weekly3.PNG
2026-05-09 23:18:06 | INFO | my_functions.py:231 | [DEBUG] wait_for_image_and_click -> weekly3.PNG timeout=0s delay_click=0.1s confidence=0.8
2026-05-09 23:18:06 | INFO | my_functions.py:172 | Searching weekly3.PNG (timeout=0s)
2026-05-09 23:18:06 | INFO | my_functions.py:209 | 
⛔ Not found: weekly3.PNG after 0.01s region=(0, 0, 765, 1038) confidence=0.8
2026-05-09 23:18:06 | INFO | my_functions.py:258 | [DEBUG] Click skipped, image not found: weekly3.PNG
2026-05-09 23:18:06 | INFO | my_functions.py:295 | JSON file located at C:\Users\Farm\AppData\LocalLow\Second Dinner\SNAP\Standalone\States\nvprod\MissionState.json
2026-05-09 23:18:09 | INFO | my_functions.py:434 | AVAILABLE: 3
2026-05-09 23:18:09 | INFO | my_functions.py:444 | [INFO] Waiting for Notepad++ process...
2026-05-09 23:18:09 | INFO | my_functions.py:458 | [INFO] Notepad++ detected PID=1552
2026-05-09 23:18:12 | INFO | my_functions.py:466 | [SUCCESS] Notepad++ closed successfully
2026-05-09 23:18:13 | INFO | each_eight_hours.py:219 | Entering shop to claim credits
2026-05-09 23:18:13 | INFO | my_functions.py:138 | Haciendo click en la posición (557, 64)
2026-05-09 23:18:14 | INFO | my_functions.py:231 | [DEBUG] wait_for_image_and_click -> offers.PNG timeout=0s delay_click=1s confidence=0.8
2026-05-09 23:18:14 | INFO | my_functions.py:172 | Searching offers.PNG (timeout=0s)
2026-05-09 23:18:15 | INFO | my_functions.py:209 | 
⛔ Not found: offers.PNG after 0.0s region=(0, 0, 765, 1038) confidence=0.8
2026-05-09 23:18:15 | INFO | my_functions.py:258 | [DEBUG] Click skipped, image not found: offers.PNG
2026-05-09 23:18:15 | INFO | my_functions.py:231 | [DEBUG] wait_for_image_and_click -> offers_selected.PNG timeout=0s delay_click=1s confidence=0.8
2026-05-09 23:18:15 | INFO | my_functions.py:172 | Searching offers_selected.PNG (timeout=0s)
2026-05-09 23:18:15 | INFO | my_functions.py:209 | 
⛔ Not found: offers_selected.PNG after 0.01s region=(0, 0, 765, 1038) confidence=0.8
2026-05-09 23:18:15 | INFO | my_functions.py:258 | [DEBUG] Click skipped, image not found: offers_selected.PNG
2026-05-09 23:18:15 | INFO | my_functions.py:231 | [DEBUG] wait_for_image_and_click -> offers.PNG timeout=0s delay_click=1s confidence=0.8
2026-05-09 23:18:15 | INFO | my_functions.py:172 | Searching offers.PNG (timeout=0s)
2026-05-09 23:18:15 | INFO | my_functions.py:198 | 
✅ Found: offers.PNG pos=(197, 122) time=0.2s confidence=0.8
2026-05-09 23:18:16 | INFO | my_functions.py:138 | Haciendo click en la posición (197, 122)
2026-05-09 23:18:16 | INFO | my_functions.py:251 | 🖱️ Click OK: offers.PNG at (197, 122) delay=1s
2026-05-09 23:18:16 | INFO | each_eight_hours.py:229 | Offers screen opened
2026-05-09 23:18:16 | INFO | my_functions.py:231 | [DEBUG] wait_for_image_and_click -> credits_selected.png timeout=0s delay_click=1s confidence=0.8
2026-05-09 23:18:16 | INFO | my_functions.py:172 | Searching credits_selected.png (timeout=0s)
2026-05-09 23:18:16 | INFO | my_functions.py:198 | 
✅ Found: credits_selected.png pos=(443, 167) time=0.19s confidence=0.8
2026-05-09 23:18:17 | INFO | my_functions.py:138 | Haciendo click en la posición (443, 167)
2026-05-09 23:18:18 | INFO | my_functions.py:251 | 🖱️ Click OK: credits_selected.png at (443, 167) delay=1s
2026-05-09 23:18:19 | INFO | my_functions.py:231 | [DEBUG] wait_for_image_and_click -> claim_25_credits.png timeout=3s delay_click=1s confidence=0.8
2026-05-09 23:18:19 | INFO | my_functions.py:172 | Searching claim_25_credits.png (timeout=3s)
2026-05-09 23:18:19 | INFO | my_functions.py:198 | 
✅ Found: claim_25_credits.png pos=(236, 328) time=0.2s confidence=0.8
2026-05-09 23:18:20 | INFO | my_functions.py:138 | Haciendo click en la posición (236, 328)
2026-05-09 23:18:21 | INFO | my_functions.py:251 | 🖱️ Click OK: claim_25_credits.png at (236, 328) delay=1s
2026-05-09 23:18:21 | INFO | each_eight_hours.py:258 | Credits claimed
2026-05-09 23:18:21 | INFO | my_functions.py:146 | Presionando ESC (1/1)
2026-05-09 23:18:21 | INFO | my_functions.py:231 | [DEBUG] wait_for_image_and_click -> white_x.png timeout=2s delay_click=1s confidence=0.8
2026-05-09 23:18:21 | INFO | my_functions.py:172 | Searching white_x.png (timeout=2s)
2026-05-09 23:18:23 | INFO | my_functions.py:209 | 
⛔ Not found: white_x.png after 2.04s region=(0, 0, 765, 1038) confidence=0.8
2026-05-09 23:18:23 | INFO | my_functions.py:258 | [DEBUG] Click skipped, image not found: white_x.png
2026-05-09 23:18:23 | INFO | my_functions.py:1443 | [DEBUG] Starting logout process...
2026-05-09 23:18:23 | INFO | my_functions.py:1445 | [DEBUG] Clicking nut icon...
2026-05-09 23:18:23 | INFO | my_functions.py:231 | [DEBUG] wait_for_image_and_click -> nut.png timeout=20s delay_click=1s confidence=0.8
2026-05-09 23:18:23 | INFO | my_functions.py:172 | Searching nut.png (timeout=20s)
2026-05-09 23:18:24 | INFO | my_functions.py:198 | 
✅ Found: nut.png pos=(184, 78) time=0.16s confidence=0.8
2026-05-09 23:18:25 | INFO | my_functions.py:138 | Haciendo click en la posición (184, 78)
2026-05-09 23:18:25 | INFO | my_functions.py:251 | 🖱️ Click OK: nut.png at (184, 78) delay=1s
2026-05-09 23:18:25 | INFO | my_functions.py:1448 | [DEBUG] Waiting for graphics quality image...
2026-05-09 23:18:25 | INFO | my_functions.py:172 | Searching graphics_quality.png (timeout=3s)
2026-05-09 23:18:26 | INFO | my_functions.py:198 | 
✅ Found: graphics_quality.png pos=(304, 644) time=0.96s confidence=0.8
2026-05-09 23:18:26 | INFO | my_functions.py:1450 | [DEBUG] graphics_quality result: Point(x=304, y=644)
2026-05-09 23:18:26 | INFO | my_functions.py:1456 | [DEBUG] Clicking graphics quality...
2026-05-09 23:18:27 | INFO | my_functions.py:1461 | [DEBUG] Scrolling down...
2026-05-09 23:18:27 | INFO | my_functions.py:1464 | [DEBUG] Clicking sign_out...
2026-05-09 23:18:27 | INFO | my_functions.py:231 | [DEBUG] wait_for_image_and_click -> sign_out.png timeout=20s delay_click=1s confidence=0.8
2026-05-09 23:18:27 | INFO | my_functions.py:172 | Searching sign_out.png (timeout=20s)
2026-05-09 23:18:27 | INFO | my_functions.py:198 | 
✅ Found: sign_out.png pos=(380, 796) time=0.17s confidence=0.8
2026-05-09 23:18:28 | INFO | my_functions.py:138 | Haciendo click en la posición (380, 796)
2026-05-09 23:18:28 | INFO | my_functions.py:251 | 🖱️ Click OK: sign_out.png at (380, 796) delay=1s
2026-05-09 23:18:29 | INFO | my_functions.py:1469 | [DEBUG] Clicking big sign_out...
2026-05-09 23:18:29 | INFO | my_functions.py:231 | [DEBUG] wait_for_image_and_click -> sign_out_grande.png timeout=20s delay_click=1s confidence=0.8
2026-05-09 23:18:29 | INFO | my_functions.py:172 | Searching sign_out_grande.png (timeout=20s)
2026-05-09 23:18:29 | INFO | my_functions.py:198 | 
✅ Found: sign_out_grande.png pos=(359, 437) time=0.18s confidence=0.8
2026-05-09 23:18:30 | INFO | my_functions.py:138 | Haciendo click en la posición (359, 437)
2026-05-09 23:18:31 | INFO | my_functions.py:251 | 🖱️ Click OK: sign_out_grande.png at (359, 437) delay=1s
2026-05-09 23:18:31 | INFO | my_functions.py:1472 | [DEBUG] Clicking sign_out2...
2026-05-09 23:18:31 | INFO | my_functions.py:231 | [DEBUG] wait_for_image_and_click -> sign_out2.png timeout=20s delay_click=1s confidence=0.8
2026-05-09 23:18:31 | INFO | my_functions.py:172 | Searching sign_out2.png (timeout=20s)
2026-05-09 23:18:31 | INFO | my_functions.py:198 | 
✅ Found: sign_out2.png pos=(383, 634) time=0.18s confidence=0.8
2026-05-09 23:18:32 | INFO | my_functions.py:138 | Haciendo click en la posición (383, 634)
2026-05-09 23:18:32 | INFO | my_functions.py:251 | 🖱️ Click OK: sign_out2.png at (383, 634) delay=1s
2026-05-09 23:18:32 | INFO | my_functions.py:1475 | [DEBUG] Resizing SNAP window...
2026-05-09 23:18:32 | INFO | my_functions.py:1668 | ⏱ Esperando 0.1 segundos antes de empezar...
2026-05-09 23:18:32 | INFO | my_functions.py:1675 | 🔍 Esperando ventana que contenga alguna de: SNAP (máx 20s)
2026-05-09 23:18:32 | INFO | my_functions.py:1687 | ✅ Ventana encontrada: 'SNAP'
2026-05-09 23:18:32 | INFO | my_functions.py:1702 | ✅ Ventana seleccionada: 'SNAP'
2026-05-09 23:18:34 | INFO | my_functions.py:1725 | 🔁 Reajuste #1...
2026-05-09 23:18:36 | INFO | my_functions.py:1732 | ✔ Verificación completa. Se hicieron 1 reajustes.
2026-05-09 23:18:37 | INFO | my_functions.py:1484 | snap.exe closed
2026-05-09 23:18:40 | INFO | my_functions.py:1487 | [DEBUG] Logout completed successfully.
2026-05-09 23:18:40 | INFO | each_eight_hours.py:269 | Logged out due to insufficient submissions
2026-05-09 23:18:41 | INFO | each_eight_hours.py:273 | snap.exe closed
2026-05-09 23:18:44 | INFO | each_eight_hours.py:146 | Processing account: percy
2026-05-09 23:18:45 | INFO | each_eight_hours.py:149 | Game relaunched for account
2026-05-09 23:18:45 | INFO | my_functions.py:1668 | ⏱ Esperando 0.1 segundos antes de empezar...
2026-05-09 23:18:45 | INFO | my_functions.py:1675 | 🔍 Esperando ventana que contenga alguna de: ['SNAP'] (máx 20s)
2026-05-09 23:18:47 | INFO | my_functions.py:1687 | ✅ Ventana encontrada: 'SNAP'
2026-05-09 23:18:47 | INFO | my_functions.py:1702 | ✅ Ventana seleccionada: 'SNAP'
2026-05-09 23:18:49 | INFO | my_functions.py:1734 | ✔ Verificación completa. No hubo cambios después del primer ajuste.
2026-05-09 23:18:49 | INFO | each_eight_hours.py:156 | Game window resized
2026-05-09 23:18:49 | INFO | my_functions.py:1207 | [DEBUG] Resizing SNAP window...
2026-05-09 23:18:49 | INFO | my_functions.py:1668 | ⏱ Esperando 0.1 segundos antes de empezar...
2026-05-09 23:18:49 | INFO | my_functions.py:1675 | 🔍 Esperando ventana que contenga alguna de: ['SNAP'] (máx 20s)
2026-05-09 23:18:49 | INFO | my_functions.py:1687 | ✅ Ventana encontrada: 'SNAP'
2026-05-09 23:18:49 | INFO | my_functions.py:1702 | ✅ Ventana seleccionada: 'SNAP'
2026-05-09 23:18:52 | INFO | my_functions.py:1734 | ✔ Verificación completa. No hubo cambios después del primer ajuste.
2026-05-09 23:18:52 | INFO | my_functions.py:231 | [DEBUG] wait_for_image_and_click -> submit.PNG timeout=90s delay_click=0.2s confidence=0.8
2026-05-09 23:18:52 | INFO | my_functions.py:172 | Searching submit.PNG (timeout=90s)
2026-05-09 23:18:54 | INFO | my_functions.py:198 | 
✅ Found: submit.PNG pos=(385, 779) time=2.44s confidence=0.8
2026-05-09 23:18:55 | INFO | my_functions.py:138 | Haciendo click en la posición (385, 779)
2026-05-09 23:18:55 | INFO | my_functions.py:251 | 🖱️ Click OK: submit.PNG at (385, 779) delay=0.2s
2026-05-09 23:18:55 | INFO | my_functions.py:1668 | ⏱ Esperando 0.1 segundos antes de empezar...
2026-05-09 23:18:55 | INFO | my_functions.py:1675 | 🔍 Esperando ventana que contenga alguna de: ['SNAP'] (máx 20s)
2026-05-09 23:18:55 | INFO | my_functions.py:1687 | ✅ Ventana encontrada: 'SNAP'
2026-05-09 23:18:55 | INFO | my_functions.py:1702 | ✅ Ventana seleccionada: 'SNAP'
2026-05-09 23:18:57 | INFO | my_functions.py:1725 | 🔁 Reajuste #1...
2026-05-09 23:18:58 | INFO | my_functions.py:1732 | ✔ Verificación completa. Se hicieron 1 reajustes.
2026-05-09 23:18:58 | INFO | my_functions.py:172 | Searching please_sign.png (timeout=0s)
2026-05-09 23:18:58 | INFO | my_functions.py:198 | 
✅ Found: please_sign.png pos=(383, 438) time=0.18s confidence=0.8
2026-05-09 23:18:58 | INFO | my_functions.py:231 | [DEBUG] wait_for_image_and_click -> ok_btn.png timeout=20s delay_click=1s confidence=0.8
2026-05-09 23:18:58 | INFO | my_functions.py:172 | Searching ok_btn.png (timeout=20s)
2026-05-09 23:18:58 | INFO | my_functions.py:198 | 
✅ Found: ok_btn.png pos=(382, 634) time=0.17s confidence=0.8
2026-05-09 23:18:59 | INFO | my_functions.py:138 | Haciendo click en la posición (382, 634)
2026-05-09 23:19:00 | INFO | my_functions.py:251 | 🖱️ Click OK: ok_btn.png at (382, 634) delay=1s
2026-05-09 23:19:00 | INFO | my_functions.py:231 | [DEBUG] wait_for_image_and_click -> submit.PNG timeout=90s delay_click=0.2s confidence=0.8
2026-05-09 23:19:00 | INFO | my_functions.py:172 | Searching submit.PNG (timeout=90s)
2026-05-09 23:19:00 | INFO | my_functions.py:198 | 
✅ Found: submit.PNG pos=(385, 774) time=0.89s confidence=0.8
2026-05-09 23:19:01 | INFO | my_functions.py:138 | Haciendo click en la posición (385, 774)
2026-05-09 23:19:01 | INFO | my_functions.py:251 | 🖱️ Click OK: submit.PNG at (385, 774) delay=0.2s
2026-05-09 23:19:01 | INFO | my_functions.py:172 | Searching sign_in_with_google2.PNG (timeout=90s)
2026-05-09 23:19:02 | INFO | my_functions.py:198 | 
✅ Found: sign_in_with_google2.PNG pos=(406, 958) time=0.79s confidence=0.8
2026-05-09 23:19:02 | INFO | my_functions.py:231 | [DEBUG] wait_for_image_and_click -> sign_in_with_google2.PNG timeout=20s delay_click=1s confidence=0.8
2026-05-09 23:19:02 | INFO | my_functions.py:172 | Searching sign_in_with_google2.PNG (timeout=20s)
2026-05-09 23:19:02 | INFO | my_functions.py:198 | 
✅ Found: sign_in_with_google2.PNG pos=(406, 957) time=0.31s confidence=0.8
2026-05-09 23:19:03 | INFO | my_functions.py:138 | Haciendo click en la posición (406, 957)
2026-05-09 23:19:03 | INFO | my_functions.py:251 | 🖱️ Click OK: sign_in_with_google2.PNG at (406, 957) delay=1s
2026-05-09 23:19:03 | INFO | my_functions.py:231 | [DEBUG] wait_for_image_and_click -> percy.png timeout=30s delay_click=3s confidence=0.8
2026-05-09 23:19:03 | INFO | my_functions.py:172 | Searching percy.png (timeout=30s)
2026-05-09 23:19:33 | INFO | my_functions.py:209 | 
⛔ Not found: percy.png after 30.02s region=None confidence=0.8
2026-05-09 23:19:33 | INFO | my_functions.py:258 | [DEBUG] Click skipped, image not found: percy.png
2026-05-09 23:19:34 | INFO | my_functions.py:231 | [DEBUG] wait_for_image_and_click -> percy.png timeout=0s delay_click=3s confidence=0.8
2026-05-09 23:19:34 | INFO | my_functions.py:172 | Searching percy.png (timeout=0s)
2026-05-09 23:19:34 | INFO | my_functions.py:198 | 
✅ Found: percy.png pos=(1132, 647) time=0.29s confidence=0.8
2026-05-09 23:19:37 | INFO | my_functions.py:138 | Haciendo click en la posición (1132, 647)
2026-05-09 23:19:38 | INFO | my_functions.py:251 | 🖱️ Click OK: percy.png at (1132, 647) delay=3s
2026-05-09 23:19:40 | INFO | my_functions.py:231 | [DEBUG] wait_for_image_and_click -> python_icon.PNG timeout=5s delay_click=1s confidence=0.8
2026-05-09 23:19:40 | INFO | my_functions.py:172 | Searching python_icon.PNG (timeout=5s)
2026-05-09 23:19:40 | INFO | my_functions.py:198 | 
✅ Found: python_icon.PNG pos=(647, 1054) time=0.34s confidence=0.8
2026-05-09 23:19:41 | INFO | my_functions.py:138 | Haciendo click en la posición (647, 1054)
2026-05-09 23:19:41 | INFO | my_functions.py:251 | 🖱️ Click OK: python_icon.PNG at (647, 1054) delay=1s
2026-05-09 23:19:41 | INFO | my_functions.py:231 | [DEBUG] wait_for_image_and_click -> snap_icon_task_bar.PNG timeout=20s delay_click=1s confidence=0.8
2026-05-09 23:19:41 | INFO | my_functions.py:172 | Searching snap_icon_task_bar.PNG (timeout=20s)
2026-05-09 23:19:42 | INFO | my_functions.py:198 | 
✅ Found: snap_icon_task_bar.PNG pos=(524, 1052) time=0.34s confidence=0.8
2026-05-09 23:19:43 | INFO | my_functions.py:138 | Haciendo click en la posición (524, 1052)
2026-05-09 23:19:43 | INFO | my_functions.py:251 | 🖱️ Click OK: snap_icon_task_bar.PNG at (524, 1052) delay=1s
2026-05-09 23:19:43 | INFO | my_functions.py:172 | Searching play.PNG (timeout=30s)
2026-05-09 23:19:53 | INFO | my_functions.py:198 | 
✅ Found: play.PNG pos=(384, 824) time=10.0s confidence=0.8
2026-05-09 23:19:53 | INFO | my_functions.py:1265 | [DEBUG] Login completado correctamente.
2026-05-09 23:19:53 | INFO | each_eight_hours.py:160 | Login executed
2026-05-09 23:19:53 | INFO | my_functions.py:172 | Searching shop_unselected.PNG (timeout=0s)
2026-05-09 23:19:53 | INFO | my_functions.py:198 | 
✅ Found: shop_unselected.PNG pos=(89, 961) time=0.18s confidence=0.8
2026-05-09 23:20:01 | INFO | my_functions.py:172 | Searching shop_unselected.PNG (timeout=0s)
2026-05-09 23:20:01 | INFO | my_functions.py:209 | 
⛔ Not found: shop_unselected.PNG after 0.18s region=(0, 0, 765, 1038) confidence=0.8
2026-05-09 23:20:02 | INFO | my_functions.py:172 | Searching shop_unselected.PNG (timeout=0s)
2026-05-09 23:20:03 | INFO | my_functions.py:209 | 
⛔ Not found: shop_unselected.PNG after 0.18s region=(0, 0, 765, 1038) confidence=0.8
2026-05-09 23:20:03 | INFO | my_functions.py:231 | [DEBUG] wait_for_image_and_click -> super_premium.PNG timeout=0s delay_click=1s confidence=0.8
2026-05-09 23:20:03 | INFO | my_functions.py:172 | Searching super_premium.PNG (timeout=0s)
2026-05-09 23:20:03 | INFO | my_functions.py:198 | 
✅ Found: super_premium.PNG pos=(480, 777) time=0.18s confidence=0.8
2026-05-09 23:20:04 | INFO | my_functions.py:138 | Haciendo click en la posición (480, 777)
2026-05-09 23:20:04 | INFO | my_functions.py:251 | 🖱️ Click OK: super_premium.PNG at (480, 777) delay=1s
2026-05-09 23:20:04 | INFO | my_functions.py:146 | Presionando ESC (1/1)
2026-05-09 23:20:13 | INFO | my_functions.py:172 | Searching shop_unselected.PNG (timeout=0s)
2026-05-09 23:20:13 | INFO | my_functions.py:198 | 
✅ Found: shop_unselected.PNG pos=(88, 961) time=0.17s confidence=0.8
2026-05-09 23:20:13 | INFO | my_functions.py:720 | Ya esta listo
2026-05-09 23:20:13 | INFO | each_eight_hours.py:163 | Initial images processed
2026-05-09 23:20:13 | INFO | each_eight_hours.py:166 | Chrome terminated
2026-05-09 23:20:13 | INFO | my_functions.py:231 | [DEBUG] wait_for_image_and_click -> missions_unnotified2.png timeout=20s delay_click=1s confidence=0.8
2026-05-09 23:20:13 | INFO | my_functions.py:172 | Searching missions_unnotified2.png (timeout=20s)
2026-05-09 23:20:13 | INFO | my_functions.py:198 | 
✅ Found: missions_unnotified2.png pos=(516, 127) time=0.19s confidence=0.8
2026-05-09 23:20:14 | INFO | my_functions.py:138 | Haciendo click en la posición (516, 127)
2026-05-09 23:20:14 | INFO | my_functions.py:251 | 🖱️ Click OK: missions_unnotified2.png at (516, 127) delay=1s
2026-05-09 23:20:14 | INFO | my_functions.py:231 | [DEBUG] wait_for_image_and_click -> calendar_missions_daily.png timeout=3s delay_click=1s confidence=0.8
2026-05-09 23:20:14 | INFO | my_functions.py:172 | Searching calendar_missions_daily.png (timeout=3s)
2026-05-09 23:20:15 | INFO | my_functions.py:198 | 
✅ Found: calendar_missions_daily.png pos=(189, 131) time=1.0s confidence=0.8
2026-05-09 23:20:16 | INFO | my_functions.py:138 | Haciendo click en la posición (189, 131)
2026-05-09 23:20:17 | INFO | my_functions.py:251 | 🖱️ Click OK: calendar_missions_daily.png at (189, 131) delay=1s
2026-05-09 23:20:17 | INFO | each_eight_hours.py:180 | Mission screens opened
2026-05-09 23:20:17 | INFO | my_functions.py:295 | JSON file located at C:\Users\Farm\AppData\LocalLow\Second Dinner\SNAP\Standalone\States\nvprod\MissionState.json
2026-05-09 23:20:20 | INFO | my_functions.py:434 | AVAILABLE: 6
2026-05-09 23:20:20 | INFO | my_functions.py:444 | [INFO] Waiting for Notepad++ process...
2026-05-09 23:20:20 | INFO | my_functions.py:458 | [INFO] Notepad++ detected PID=8668
2026-05-09 23:20:23 | INFO | my_functions.py:466 | [SUCCESS] Notepad++ closed successfully
2026-05-09 23:20:24 | INFO | my_functions.py:1593 | [INFO] Iniciando click_missions_blue2
2026-05-09 23:20:24 | INFO | my_functions.py:138 | Haciendo click en la posición (150, 132)
2026-05-09 23:20:25 | INFO | my_functions.py:1596 | [ACTION] Click hecho en icono de calendario que me dirige a las misiones ordinarias
2026-05-09 23:20:25 | INFO | my_functions.py:172 | Searching bonus_challenge.png (timeout=0s)
2026-05-09 23:20:25 | INFO | my_functions.py:209 | 
⛔ Not found: bonus_challenge.png after 0.0s region=(0, 0, 765, 1038) confidence=0.8
2026-05-09 23:20:27 | INFO | my_functions.py:172 | Searching flechita_mission.PNG (timeout=0s)
2026-05-09 23:20:27 | INFO | my_functions.py:209 | 
⛔ Not found: flechita_mission.PNG after 0.17s region=(0, 0, 765, 1038) confidence=0.8
2026-05-09 23:20:27 | INFO | my_functions.py:231 | [DEBUG] wait_for_image_and_click -> weekly3.PNG timeout=0s delay_click=0.1s confidence=0.8
2026-05-09 23:20:27 | INFO | my_functions.py:172 | Searching weekly3.PNG (timeout=0s)
2026-05-09 23:20:28 | INFO | my_functions.py:209 | 
⛔ Not found: weekly3.PNG after 0.0s region=(0, 0, 765, 1038) confidence=0.8
2026-05-09 23:20:28 | INFO | my_functions.py:258 | [DEBUG] Click skipped, image not found: weekly3.PNG
2026-05-09 23:20:28 | INFO | my_functions.py:231 | [DEBUG] wait_for_image_and_click -> weekly3.PNG timeout=0s delay_click=0.1s confidence=0.8
2026-05-09 23:20:28 | INFO | my_functions.py:172 | Searching weekly3.PNG (timeout=0s)
2026-05-09 23:20:28 | INFO | my_functions.py:209 | 
⛔ Not found: weekly3.PNG after 0.0s region=(0, 0, 765, 1038) confidence=0.8
2026-05-09 23:20:28 | INFO | my_functions.py:258 | [DEBUG] Click skipped, image not found: weekly3.PNG
2026-05-09 23:20:28 | INFO | my_functions.py:231 | [DEBUG] wait_for_image_and_click -> weekly3.PNG timeout=0s delay_click=0.1s confidence=0.8
2026-05-09 23:20:28 | INFO | my_functions.py:172 | Searching weekly3.PNG (timeout=0s)
2026-05-09 23:20:28 | INFO | my_functions.py:209 | 
⛔ Not found: weekly3.PNG after 0.0s region=(0, 0, 765, 1038) confidence=0.8
2026-05-09 23:20:28 | INFO | my_functions.py:258 | [DEBUG] Click skipped, image not found: weekly3.PNG
2026-05-09 23:20:28 | INFO | my_functions.py:231 | [DEBUG] wait_for_image_and_click -> weekly3.PNG timeout=0s delay_click=0.1s confidence=0.8
2026-05-09 23:20:28 | INFO | my_functions.py:172 | Searching weekly3.PNG (timeout=0s)
2026-05-09 23:20:28 | INFO | my_functions.py:209 | 
⛔ Not found: weekly3.PNG after 0.0s region=(0, 0, 765, 1038) confidence=0.8
2026-05-09 23:20:28 | INFO | my_functions.py:258 | [DEBUG] Click skipped, image not found: weekly3.PNG
2026-05-09 23:20:28 | INFO | my_functions.py:231 | [DEBUG] wait_for_image_and_click -> weekly3.PNG timeout=0s delay_click=0.1s confidence=0.8
2026-05-09 23:20:28 | INFO | my_functions.py:172 | Searching weekly3.PNG (timeout=0s)
2026-05-09 23:20:28 | INFO | my_functions.py:209 | 
⛔ Not found: weekly3.PNG after 0.01s region=(0, 0, 765, 1038) confidence=0.8
2026-05-09 23:20:28 | INFO | my_functions.py:258 | [DEBUG] Click skipped, image not found: weekly3.PNG
2026-05-09 23:20:28 | INFO | my_functions.py:231 | [DEBUG] wait_for_image_and_click -> weekly3.PNG timeout=0s delay_click=0.1s confidence=0.8
2026-05-09 23:20:28 | INFO | my_functions.py:172 | Searching weekly3.PNG (timeout=0s)
2026-05-09 23:20:28 | INFO | my_functions.py:209 | 
⛔ Not found: weekly3.PNG after 0.01s region=(0, 0, 765, 1038) confidence=0.8
2026-05-09 23:20:28 | INFO | my_functions.py:258 | [DEBUG] Click skipped, image not found: weekly3.PNG
2026-05-09 23:20:29 | INFO | my_functions.py:231 | [DEBUG] wait_for_image_and_click -> weekly3.PNG timeout=0s delay_click=0.1s confidence=0.8
2026-05-09 23:20:29 | INFO | my_functions.py:172 | Searching weekly3.PNG (timeout=0s)
2026-05-09 23:20:29 | INFO | my_functions.py:209 | 
⛔ Not found: weekly3.PNG after 0.01s region=(0, 0, 765, 1038) confidence=0.8
2026-05-09 23:20:29 | INFO | my_functions.py:258 | [DEBUG] Click skipped, image not found: weekly3.PNG
2026-05-09 23:20:29 | INFO | my_functions.py:231 | [DEBUG] wait_for_image_and_click -> weekly3.PNG timeout=0s delay_click=0.1s confidence=0.8
2026-05-09 23:20:29 | INFO | my_functions.py:172 | Searching weekly3.PNG (timeout=0s)
2026-05-09 23:20:29 | INFO | my_functions.py:209 | 
⛔ Not found: weekly3.PNG after 0.01s region=(0, 0, 765, 1038) confidence=0.8
2026-05-09 23:20:29 | INFO | my_functions.py:258 | [DEBUG] Click skipped, image not found: weekly3.PNG
2026-05-09 23:20:29 | INFO | my_functions.py:231 | [DEBUG] wait_for_image_and_click -> weekly3.PNG timeout=0s delay_click=0.1s confidence=0.8
2026-05-09 23:20:29 | INFO | my_functions.py:172 | Searching weekly3.PNG (timeout=0s)
2026-05-09 23:20:29 | INFO | my_functions.py:209 | 
⛔ Not found: weekly3.PNG after 0.01s region=(0, 0, 765, 1038) confidence=0.8
2026-05-09 23:20:29 | INFO | my_functions.py:258 | [DEBUG] Click skipped, image not found: weekly3.PNG
2026-05-09 23:20:29 | INFO | my_functions.py:231 | [DEBUG] wait_for_image_and_click -> weekly3.PNG timeout=0s delay_click=0.1s confidence=0.8
2026-05-09 23:20:29 | INFO | my_functions.py:172 | Searching weekly3.PNG (timeout=0s)
2026-05-09 23:20:29 | INFO | my_functions.py:209 | 
⛔ Not found: weekly3.PNG after 0.01s region=(0, 0, 765, 1038) confidence=0.8
2026-05-09 23:20:29 | INFO | my_functions.py:258 | [DEBUG] Click skipped, image not found: weekly3.PNG
2026-05-09 23:20:29 | INFO | my_functions.py:231 | [DEBUG] wait_for_image_and_click -> weekly3.PNG timeout=0s delay_click=0.1s confidence=0.8
2026-05-09 23:20:29 | INFO | my_functions.py:172 | Searching weekly3.PNG (timeout=0s)
2026-05-09 23:20:29 | INFO | my_functions.py:209 | 
⛔ Not found: weekly3.PNG after 0.01s region=(0, 0, 765, 1038) confidence=0.8
2026-05-09 23:20:29 | INFO | my_functions.py:258 | [DEBUG] Click skipped, image not found: weekly3.PNG
2026-05-09 23:20:29 | INFO | my_functions.py:231 | [DEBUG] wait_for_image_and_click -> weekly3.PNG timeout=0s delay_click=0.1s confidence=0.8
2026-05-09 23:20:29 | INFO | my_functions.py:172 | Searching weekly3.PNG (timeout=0s)
2026-05-09 23:20:30 | INFO | my_functions.py:209 | 
⛔ Not found: weekly3.PNG after 0.01s region=(0, 0, 765, 1038) confidence=0.8
2026-05-09 23:20:30 | INFO | my_functions.py:258 | [DEBUG] Click skipped, image not found: weekly3.PNG
2026-05-09 23:20:30 | INFO | my_functions.py:295 | JSON file located at C:\Users\Farm\AppData\LocalLow\Second Dinner\SNAP\Standalone\States\nvprod\MissionState.json
2026-05-09 23:20:33 | INFO | my_functions.py:434 | AVAILABLE: 6
2026-05-09 23:20:33 | INFO | my_functions.py:444 | [INFO] Waiting for Notepad++ process...
2026-05-09 23:20:33 | INFO | my_functions.py:458 | [INFO] Notepad++ detected PID=1436
2026-05-09 23:20:36 | INFO | my_functions.py:466 | [SUCCESS] Notepad++ closed successfully
2026-05-09 23:20:37 | INFO | my_functions.py:146 | Presionando ESC (1/1)
2026-05-09 23:20:37 | INFO | my_functions.py:231 | [DEBUG] wait_for_image_and_click -> white_x.png timeout=2s delay_click=1s confidence=0.8
2026-05-09 23:20:37 | INFO | my_functions.py:172 | Searching white_x.png (timeout=2s)
2026-05-09 23:20:39 | INFO | my_functions.py:209 | 
⛔ Not found: white_x.png after 2.06s region=(0, 0, 765, 1038) confidence=0.8
2026-05-09 23:20:39 | INFO | my_functions.py:258 | [DEBUG] Click skipped, image not found: white_x.png
2026-05-09 23:20:39 | INFO | my_functions.py:172 | Searching play.PNG (timeout=0s)
2026-05-09 23:20:40 | INFO | my_functions.py:198 | 
✅ Found: play.PNG pos=(384, 824) time=0.19s confidence=0.8
2026-05-09 23:20:40 | INFO | my_functions.py:1563 | [INFO] Click realizado donde se equipa el deck a jugar
2026-05-09 23:20:44 | INFO | my_functions.py:231 | [DEBUG] wait_for_image_and_click -> deck_666666.png timeout=3s delay_click=1s confidence=0.8
2026-05-09 23:20:44 | INFO | my_functions.py:172 | Searching deck_666666.png (timeout=3s)
2026-05-09 23:20:44 | INFO | my_functions.py:198 | 
✅ Found: deck_666666.png pos=(235, 547) time=0.18s confidence=0.8
2026-05-09 23:20:45 | INFO | my_functions.py:138 | Haciendo click en la posición (235, 547)
2026-05-09 23:20:45 | INFO | my_functions.py:251 | 🖱️ Click OK: deck_666666.png at (235, 547) delay=1s
2026-05-09 23:20:45 | INFO | my_functions.py:231 | [DEBUG] wait_for_image_and_click -> equip.png timeout=3s delay_click=1s confidence=0.95
2026-05-09 23:20:45 | INFO | my_functions.py:172 | Searching equip.png (timeout=3s)
2026-05-09 23:20:48 | INFO | my_functions.py:209 | 
⛔ Not found: equip.png after 3.09s region=(0, 0, 765, 1038) confidence=0.95
2026-05-09 23:20:48 | INFO | my_functions.py:258 | [DEBUG] Click skipped, image not found: equip.png
2026-05-09 23:20:48 | INFO | my_functions.py:146 | Presionando ESC (1/1)
2026-05-09 23:20:49 | INFO | each_eight_hours.py:217 | Deck selected: 6turns
2026-05-09 23:20:49 | INFO | my_functions.py:231 | [DEBUG] wait_for_image_and_click -> maybe_later.PNG timeout=2s delay_click=1s confidence=0.8
2026-05-09 23:20:49 | INFO | my_functions.py:172 | Searching maybe_later.PNG (timeout=2s)
2026-05-09 23:20:51 | INFO | my_functions.py:209 | 
⛔ Not found: maybe_later.PNG after 2.06s region=(0, 0, 765, 1038) confidence=0.8
2026-05-09 23:20:51 | INFO | my_functions.py:258 | [DEBUG] Click skipped, image not found: maybe_later.PNG
2026-05-09 23:20:51 | INFO | my_functions.py:231 | [DEBUG] wait_for_image_and_click -> maybe_later2.PNG timeout=2s delay_click=1s confidence=0.8
2026-05-09 23:20:51 | INFO | my_functions.py:172 | Searching maybe_later2.PNG (timeout=2s)
2026-05-09 23:20:54 | INFO | my_functions.py:209 | 
⛔ Not found: maybe_later2.PNG after 2.15s region=(0, 0, 765, 1038) confidence=0.8
2026-05-09 23:20:54 | INFO | my_functions.py:258 | [DEBUG] Click skipped, image not found: maybe_later2.PNG
2026-05-09 23:20:54 | INFO | each_eight_hours.py:287 | Starting game loop 1
2026-05-09 23:20:54 | INFO | my_functions.py:231 | [DEBUG] wait_for_image_and_click -> play.PNG timeout=20s delay_click=3s confidence=0.8
2026-05-09 23:20:54 | INFO | my_functions.py:172 | Searching play.PNG (timeout=20s)
2026-05-09 23:20:54 | INFO | my_functions.py:198 | 
✅ Found: play.PNG pos=(384, 824) time=0.19s confidence=0.8
2026-05-09 23:20:57 | INFO | my_functions.py:138 | Haciendo click en la posición (384, 824)
2026-05-09 23:20:57 | INFO | my_functions.py:251 | 🖱️ Click OK: play.PNG at (384, 824) delay=3s
2026-05-09 23:20:57 | INFO | each_eight_hours.py:293 | Play button clicked
2026-05-09 23:21:15 | INFO | my_functions.py:198 | 
✅ Found: end_turn.PNG pos=(681, 945) time=0.18s confidence=0.8
2026-05-09 23:21:15 | INFO | my_functions.py:231 | [DEBUG] wait_for_image_and_click -> snap.PNG timeout=0s delay_click=1s confidence=0.8
2026-05-09 23:21:15 | INFO | my_functions.py:198 | 
✅ Found: snap.PNG pos=(386, 122) time=0.19s confidence=0.8
2026-05-09 23:21:16 | INFO | my_functions.py:138 | Haciendo click en la posición (386, 122)
2026-05-09 23:21:16 | INFO | my_functions.py:251 | 🖱️ Click OK: snap.PNG at (386, 122) delay=1s
2026-05-09 23:21:21 | INFO | my_functions.py:138 | Haciendo click en la posición (681, 945)
2026-05-09 23:21:22 | INFO | each_eight_hours.py:314 | End turn executed
2026-05-09 23:21:40 | INFO | my_functions.py:198 | 
✅ Found: end_turn.PNG pos=(681, 945) time=0.18s confidence=0.8
2026-05-09 23:21:40 | INFO | my_functions.py:231 | [DEBUG] wait_for_image_and_click -> snap.PNG timeout=0s delay_click=1s confidence=0.8
2026-05-09 23:21:40 | INFO | my_functions.py:258 | [DEBUG] Click skipped, image not found: snap.PNG
2026-05-09 23:21:45 | INFO | my_functions.py:138 | Haciendo click en la posición (681, 945)
2026-05-09 23:21:46 | INFO | each_eight_hours.py:314 | End turn executed
2026-05-09 23:22:03 | INFO | my_functions.py:198 | 
✅ Found: end_turn.PNG pos=(681, 945) time=0.18s confidence=0.8
2026-05-09 23:22:03 | INFO | my_functions.py:231 | [DEBUG] wait_for_image_and_click -> snap.PNG timeout=0s delay_click=1s confidence=0.8
2026-05-09 23:22:03 | INFO | my_functions.py:258 | [DEBUG] Click skipped, image not found: snap.PNG
2026-05-09 23:22:08 | INFO | my_functions.py:138 | Haciendo click en la posición (681, 945)
2026-05-09 23:22:09 | INFO | each_eight_hours.py:314 | End turn executed
2026-05-09 23:22:29 | INFO | my_functions.py:198 | 
✅ Found: never_seen_before.png pos=(395, 141) time=0.16s confidence=0.8
2026-05-09 23:22:30 | WARNING | each_eight_hours.py:327 | Unknown popup handled
2026-05-09 23:22:38 | INFO | my_functions.py:198 | 
✅ Found: end_turn.PNG pos=(681, 945) time=0.17s confidence=0.8
2026-05-09 23:22:38 | INFO | my_functions.py:231 | [DEBUG] wait_for_image_and_click -> snap.PNG timeout=0s delay_click=1s confidence=0.8
2026-05-09 23:22:38 | INFO | my_functions.py:258 | [DEBUG] Click skipped, image not found: snap.PNG
2026-05-09 23:22:43 | INFO | my_functions.py:138 | Haciendo click en la posición (681, 945)
2026-05-09 23:22:44 | INFO | each_eight_hours.py:314 | End turn executed
2026-05-09 23:23:03 | INFO | my_functions.py:198 | 
✅ Found: never_seen_before.png pos=(395, 141) time=0.19s confidence=0.8
2026-05-09 23:23:03 | WARNING | each_eight_hours.py:327 | Unknown popup handled
2026-05-09 23:23:18 | INFO | my_functions.py:198 | 
✅ Found: end_turn.PNG pos=(681, 945) time=0.19s confidence=0.8
2026-05-09 23:23:18 | INFO | my_functions.py:231 | [DEBUG] wait_for_image_and_click -> snap.PNG timeout=0s delay_click=1s confidence=0.8
2026-05-09 23:23:18 | INFO | my_functions.py:258 | [DEBUG] Click skipped, image not found: snap.PNG
2026-05-09 23:23:23 | INFO | my_functions.py:138 | Haciendo click en la posición (681, 945)
2026-05-09 23:23:24 | INFO | each_eight_hours.py:314 | End turn executed
2026-05-09 23:23:54 | INFO | my_functions.py:198 | 
✅ Found: end_turn.PNG pos=(681, 945) time=0.16s confidence=0.8
2026-05-09 23:23:54 | INFO | my_functions.py:231 | [DEBUG] wait_for_image_and_click -> snap.PNG timeout=0s delay_click=1s confidence=0.8
2026-05-09 23:23:55 | INFO | my_functions.py:258 | [DEBUG] Click skipped, image not found: snap.PNG
2026-05-09 23:24:00 | INFO | my_functions.py:138 | Haciendo click en la posición (681, 945)
2026-05-09 23:24:01 | INFO | each_eight_hours.py:314 | End turn executed
2026-05-09 23:24:48 | INFO | my_functions.py:198 | 
✅ Found: collect_rewards.PNG pos=(679, 957) time=0.2s confidence=0.8
2026-05-09 23:24:48 | INFO | each_eight_hours.py:353 | Rewards detected, exiting match
2026-05-09 23:24:48 | INFO | my_functions.py:231 | [DEBUG] wait_for_image_and_click -> collect_rewards.PNG timeout=20s delay_click=1s confidence=0.8
2026-05-09 23:24:48 | INFO | my_functions.py:172 | Searching collect_rewards.PNG (timeout=20s)
2026-05-09 23:24:48 | INFO | my_functions.py:198 | 
✅ Found: collect_rewards.PNG pos=(679, 957) time=0.22s confidence=0.8
2026-05-09 23:24:49 | INFO | my_functions.py:138 | Haciendo click en la posición (679, 957)
2026-05-09 23:24:49 | INFO | my_functions.py:251 | 🖱️ Click OK: collect_rewards.PNG at (679, 957) delay=1s
2026-05-09 23:24:49 | INFO | my_functions.py:231 | [DEBUG] wait_for_image_and_click -> next.PNG timeout=20s delay_click=1s confidence=0.8
2026-05-09 23:24:49 | INFO | my_functions.py:172 | Searching next.PNG (timeout=20s)
2026-05-09 23:24:53 | INFO | my_functions.py:198 | 
✅ Found: next.PNG pos=(677, 973) time=3.24s confidence=0.8
2026-05-09 23:24:54 | INFO | my_functions.py:138 | Haciendo click en la posición (677, 973)
2026-05-09 23:24:54 | INFO | my_functions.py:251 | 🖱️ Click OK: next.PNG at (677, 973) delay=1s
2026-05-09 23:24:58 | INFO | my_functions.py:434 | AVAILABLE: 6
2026-05-09 23:24:58 | INFO | my_functions.py:444 | [INFO] Waiting for Notepad++ process...
2026-05-09 23:24:58 | INFO | my_functions.py:458 | [INFO] Notepad++ detected PID=6176
2026-05-09 23:25:01 | INFO | my_functions.py:466 | [SUCCESS] Notepad++ closed successfully
2026-05-09 23:25:02 | INFO | each_eight_hours.py:421 | Submissions after match: 6
2026-05-09 23:25:02 | INFO | my_functions.py:378 | Misiones completadas: 0
2026-05-09 23:25:02 | INFO | each_eight_hours.py:287 | Starting game loop 2
2026-05-09 23:25:02 | INFO | my_functions.py:231 | [DEBUG] wait_for_image_and_click -> play.PNG timeout=20s delay_click=3s confidence=0.8
2026-05-09 23:25:02 | INFO | my_functions.py:172 | Searching play.PNG (timeout=20s)
2026-05-09 23:25:02 | INFO | my_functions.py:198 | 
✅ Found: play.PNG pos=(384, 824) time=0.2s confidence=0.8
2026-05-09 23:25:05 | INFO | my_functions.py:138 | Haciendo click en la posición (384, 824)
2026-05-09 23:25:06 | INFO | my_functions.py:251 | 🖱️ Click OK: play.PNG at (384, 824) delay=3s
2026-05-09 23:25:06 | INFO | each_eight_hours.py:293 | Play button clicked
2026-05-09 23:25:22 | INFO | my_functions.py:198 | 
✅ Found: end_turn.PNG pos=(681, 945) time=0.16s confidence=0.8
2026-05-09 23:25:22 | INFO | my_functions.py:231 | [DEBUG] wait_for_image_and_click -> snap.PNG timeout=0s delay_click=1s confidence=0.8
2026-05-09 23:25:22 | INFO | my_functions.py:198 | 
✅ Found: snap.PNG pos=(386, 122) time=0.18s confidence=0.8
2026-05-09 23:25:23 | INFO | my_functions.py:138 | Haciendo click en la posición (386, 122)
2026-05-09 23:25:24 | INFO | my_functions.py:251 | 🖱️ Click OK: snap.PNG at (386, 122) delay=1s
2026-05-09 23:25:29 | INFO | my_functions.py:138 | Haciendo click en la posición (681, 945)
2026-05-09 23:25:30 | INFO | each_eight_hours.py:314 | End turn executed
2026-05-09 23:25:55 | INFO | my_functions.py:198 | 
✅ Found: end_turn.PNG pos=(681, 945) time=0.17s confidence=0.8
2026-05-09 23:25:55 | INFO | my_functions.py:231 | [DEBUG] wait_for_image_and_click -> snap.PNG timeout=0s delay_click=1s confidence=0.8
2026-05-09 23:25:55 | INFO | my_functions.py:258 | [DEBUG] Click skipped, image not found: snap.PNG
2026-05-09 23:26:00 | INFO | my_functions.py:138 | Haciendo click en la posición (681, 945)
2026-05-09 23:26:01 | INFO | each_eight_hours.py:314 | End turn executed
2026-05-09 23:26:25 | INFO | my_functions.py:198 | 
✅ Found: end_turn.PNG pos=(681, 945) time=0.17s confidence=0.8
2026-05-09 23:26:25 | INFO | my_functions.py:231 | [DEBUG] wait_for_image_and_click -> snap.PNG timeout=0s delay_click=1s confidence=0.8
2026-05-09 23:26:25 | INFO | my_functions.py:258 | [DEBUG] Click skipped, image not found: snap.PNG
2026-05-09 23:26:30 | INFO | my_functions.py:138 | Haciendo click en la posición (681, 945)
2026-05-09 23:26:31 | INFO | each_eight_hours.py:314 | End turn executed
2026-05-09 23:26:52 | INFO | my_functions.py:198 | 
✅ Found: end_turn.PNG pos=(681, 945) time=0.17s confidence=0.8
2026-05-09 23:26:52 | INFO | my_functions.py:231 | [DEBUG] wait_for_image_and_click -> snap.PNG timeout=0s delay_click=1s confidence=0.8
2026-05-09 23:26:52 | INFO | my_functions.py:258 | [DEBUG] Click skipped, image not found: snap.PNG
2026-05-09 23:26:57 | INFO | my_functions.py:138 | Haciendo click en la posición (681, 945)
2026-05-09 23:26:58 | INFO | each_eight_hours.py:314 | End turn executed
2026-05-09 23:27:13 | INFO | my_functions.py:198 | 
✅ Found: end_turn.PNG pos=(681, 945) time=0.2s confidence=0.8
2026-05-09 23:27:13 | INFO | my_functions.py:231 | [DEBUG] wait_for_image_and_click -> snap.PNG timeout=0s delay_click=1s confidence=0.8
2026-05-09 23:27:13 | INFO | my_functions.py:258 | [DEBUG] Click skipped, image not found: snap.PNG
2026-05-09 23:27:18 | INFO | my_functions.py:138 | Haciendo click en la posición (681, 945)
2026-05-09 23:27:19 | INFO | each_eight_hours.py:314 | End turn executed
2026-05-09 23:27:41 | INFO | my_functions.py:198 | 
✅ Found: end_turn.PNG pos=(681, 945) time=0.16s confidence=0.8
2026-05-09 23:27:41 | INFO | my_functions.py:231 | [DEBUG] wait_for_image_and_click -> snap.PNG timeout=0s delay_click=1s confidence=0.8
2026-05-09 23:27:42 | INFO | my_functions.py:258 | [DEBUG] Click skipped, image not found: snap.PNG
2026-05-09 23:27:46 | INFO | my_functions.py:138 | Haciendo click en la posición (681, 945)
2026-05-09 23:27:48 | INFO | each_eight_hours.py:314 | End turn executed
2026-05-09 23:27:48 | INFO | my_functions.py:198 | 
✅ Found: flechas.png pos=(42, 912) time=0.18s confidence=0.8
2026-05-09 23:27:50 | INFO | my_functions.py:146 | Presionando ESC (1/1)
2026-05-09 23:27:51 | INFO | my_functions.py:231 | [DEBUG] wait_for_image_and_click -> end_turn.PNG timeout=0s delay_click=1s confidence=0.8
2026-05-09 23:27:51 | INFO | my_functions.py:198 | 
✅ Found: end_turn.PNG pos=(682, 945) time=0.19s confidence=0.8
2026-05-09 23:27:52 | INFO | my_functions.py:138 | Haciendo click en la posición (682, 945)
2026-05-09 23:27:52 | INFO | my_functions.py:251 | 🖱️ Click OK: end_turn.PNG at (682, 945) delay=1s
2026-05-09 23:27:52 | WARNING | each_eight_hours.py:351 | Arrow overlay handled
2026-05-09 23:28:11 | INFO | my_functions.py:198 | 
✅ Found: collect_rewards.PNG pos=(680, 1009) time=0.21s confidence=0.8
2026-05-09 23:28:11 | INFO | each_eight_hours.py:353 | Rewards detected, exiting match
2026-05-09 23:28:11 | INFO | my_functions.py:231 | [DEBUG] wait_for_image_and_click -> collect_rewards.PNG timeout=20s delay_click=1s confidence=0.8
2026-05-09 23:28:11 | INFO | my_functions.py:172 | Searching collect_rewards.PNG (timeout=20s)
2026-05-09 23:28:11 | INFO | my_functions.py:198 | 
✅ Found: collect_rewards.PNG pos=(679, 965) time=0.21s confidence=0.8
2026-05-09 23:28:12 | INFO | my_functions.py:138 | Haciendo click en la posición (679, 965)
2026-05-09 23:28:12 | INFO | my_functions.py:251 | 🖱️ Click OK: collect_rewards.PNG at (679, 965) delay=1s
2026-05-09 23:28:12 | INFO | my_functions.py:231 | [DEBUG] wait_for_image_and_click -> next.PNG timeout=20s delay_click=1s confidence=0.8
2026-05-09 23:28:12 | INFO | my_functions.py:172 | Searching next.PNG (timeout=20s)
2026-05-09 23:28:15 | INFO | my_functions.py:198 | 
✅ Found: next.PNG pos=(677, 1001) time=3.27s confidence=0.8
2026-05-09 23:28:16 | INFO | my_functions.py:138 | Haciendo click en la posición (677, 1001)
2026-05-09 23:28:16 | INFO | my_functions.py:251 | 🖱️ Click OK: next.PNG at (677, 1001) delay=1s
2026-05-09 23:28:20 | INFO | my_functions.py:434 | AVAILABLE: 6
2026-05-09 23:28:20 | INFO | my_functions.py:444 | [INFO] Waiting for Notepad++ process...
2026-05-09 23:28:21 | INFO | my_functions.py:458 | [INFO] Notepad++ detected PID=8492
2026-05-09 23:28:24 | INFO | my_functions.py:466 | [SUCCESS] Notepad++ closed successfully
2026-05-09 23:28:25 | INFO | each_eight_hours.py:421 | Submissions after match: 6
2026-05-09 23:28:25 | INFO | my_functions.py:378 | Misiones completadas: 0
2026-05-09 23:28:25 | INFO | each_eight_hours.py:287 | Starting game loop 3
2026-05-09 23:28:25 | INFO | my_functions.py:231 | [DEBUG] wait_for_image_and_click -> play.PNG timeout=20s delay_click=3s confidence=0.8
2026-05-09 23:28:25 | INFO | my_functions.py:172 | Searching play.PNG (timeout=20s)
2026-05-09 23:28:25 | INFO | my_functions.py:198 | 
✅ Found: play.PNG pos=(384, 824) time=0.18s confidence=0.8
2026-05-09 23:28:28 | INFO | my_functions.py:138 | Haciendo click en la posición (384, 824)
2026-05-09 23:28:28 | INFO | my_functions.py:251 | 🖱️ Click OK: play.PNG at (384, 824) delay=3s
2026-05-09 23:28:28 | INFO | each_eight_hours.py:293 | Play button clicked
2026-05-09 23:28:39 | INFO | my_functions.py:198 | 
✅ Found: end_turn.PNG pos=(681, 945) time=0.16s confidence=0.8
2026-05-09 23:28:39 | INFO | my_functions.py:231 | [DEBUG] wait_for_image_and_click -> snap.PNG timeout=0s delay_click=1s confidence=0.8
2026-05-09 23:28:39 | INFO | my_functions.py:198 | 
✅ Found: snap.PNG pos=(386, 123) time=0.18s confidence=0.8
2026-05-09 23:28:40 | INFO | my_functions.py:138 | Haciendo click en la posición (386, 123)
2026-05-09 23:28:40 | INFO | my_functions.py:251 | 🖱️ Click OK: snap.PNG at (386, 123) delay=1s
2026-05-09 23:28:45 | INFO | my_functions.py:138 | Haciendo click en la posición (681, 945)
2026-05-09 23:28:46 | INFO | each_eight_hours.py:314 | End turn executed
2026-05-09 23:29:02 | INFO | my_functions.py:198 | 
✅ Found: end_turn.PNG pos=(681, 945) time=0.17s confidence=0.8
2026-05-09 23:29:02 | INFO | my_functions.py:231 | [DEBUG] wait_for_image_and_click -> snap.PNG timeout=0s delay_click=1s confidence=0.8
2026-05-09 23:29:02 | INFO | my_functions.py:258 | [DEBUG] Click skipped, image not found: snap.PNG
2026-05-09 23:29:07 | INFO | my_functions.py:138 | Haciendo click en la posición (681, 945)
2026-05-09 23:29:09 | INFO | each_eight_hours.py:314 | End turn executed
2026-05-09 23:29:32 | INFO | my_functions.py:198 | 
✅ Found: end_turn.PNG pos=(681, 945) time=0.16s confidence=0.8
2026-05-09 23:29:32 | INFO | my_functions.py:231 | [DEBUG] wait_for_image_and_click -> snap.PNG timeout=0s delay_click=1s confidence=0.8
2026-05-09 23:29:32 | INFO | my_functions.py:258 | [DEBUG] Click skipped, image not found: snap.PNG
2026-05-09 23:29:37 | INFO | my_functions.py:138 | Haciendo click en la posición (681, 945)
2026-05-09 23:29:38 | INFO | each_eight_hours.py:314 | End turn executed
2026-05-09 23:29:49 | INFO | my_functions.py:198 | 
✅ Found: end_turn.PNG pos=(681, 945) time=0.18s confidence=0.8
2026-05-09 23:29:49 | INFO | my_functions.py:231 | [DEBUG] wait_for_image_and_click -> snap.PNG timeout=0s delay_click=1s confidence=0.8
2026-05-09 23:29:49 | INFO | my_functions.py:258 | [DEBUG] Click skipped, image not found: snap.PNG
2026-05-09 23:29:54 | INFO | my_functions.py:138 | Haciendo click en la posición (681, 945)
2026-05-09 23:29:55 | INFO | each_eight_hours.py:314 | End turn executed
2026-05-09 23:30:10 | INFO | my_functions.py:198 | 
✅ Found: end_turn.PNG pos=(681, 945) time=0.17s confidence=0.8
2026-05-09 23:30:10 | INFO | my_functions.py:231 | [DEBUG] wait_for_image_and_click -> snap.PNG timeout=0s delay_click=1s confidence=0.8
2026-05-09 23:30:10 | INFO | my_functions.py:258 | [DEBUG] Click skipped, image not found: snap.PNG
2026-05-09 23:30:15 | INFO | my_functions.py:138 | Haciendo click en la posición (681, 945)
2026-05-09 23:30:17 | INFO | each_eight_hours.py:314 | End turn executed
2026-05-09 23:30:34 | INFO | my_functions.py:198 | 
✅ Found: end_turn.PNG pos=(681, 945) time=0.17s confidence=0.8
2026-05-09 23:30:34 | INFO | my_functions.py:231 | [DEBUG] wait_for_image_and_click -> snap.PNG timeout=0s delay_click=1s confidence=0.8
2026-05-09 23:30:34 | INFO | my_functions.py:258 | [DEBUG] Click skipped, image not found: snap.PNG
2026-05-09 23:30:39 | INFO | my_functions.py:138 | Haciendo click en la posición (681, 945)
2026-05-09 23:30:40 | INFO | each_eight_hours.py:314 | End turn executed
2026-05-09 23:30:47 | INFO | my_functions.py:198 | 
✅ Found: never_seen_before.png pos=(292, 141) time=0.17s confidence=0.8
2026-05-09 23:30:48 | WARNING | each_eight_hours.py:327 | Unknown popup handled
2026-05-09 23:30:57 | INFO | my_functions.py:198 | 
✅ Found: collect_rewards.PNG pos=(680, 960) time=0.2s confidence=0.8
2026-05-09 23:30:57 | INFO | each_eight_hours.py:353 | Rewards detected, exiting match
2026-05-09 23:30:57 | INFO | my_functions.py:231 | [DEBUG] wait_for_image_and_click -> collect_rewards.PNG timeout=20s delay_click=1s confidence=0.8
2026-05-09 23:30:57 | INFO | my_functions.py:172 | Searching collect_rewards.PNG (timeout=20s)
2026-05-09 23:30:57 | INFO | my_functions.py:198 | 
✅ Found: collect_rewards.PNG pos=(679, 957) time=0.2s confidence=0.8
2026-05-09 23:30:58 | INFO | my_functions.py:138 | Haciendo click en la posición (679, 957)
2026-05-09 23:30:59 | INFO | my_functions.py:251 | 🖱️ Click OK: collect_rewards.PNG at (679, 957) delay=1s
2026-05-09 23:30:59 | INFO | my_functions.py:231 | [DEBUG] wait_for_image_and_click -> next.PNG timeout=20s delay_click=1s confidence=0.8
2026-05-09 23:30:59 | INFO | my_functions.py:172 | Searching next.PNG (timeout=20s)
2026-05-09 23:31:03 | INFO | my_functions.py:198 | 
✅ Found: next.PNG pos=(677, 973) time=4.33s confidence=0.8
2026-05-09 23:31:04 | INFO | my_functions.py:138 | Haciendo click en la posición (677, 973)
2026-05-09 23:31:04 | INFO | my_functions.py:251 | 🖱️ Click OK: next.PNG at (677, 973) delay=1s
2026-05-09 23:31:08 | INFO | my_functions.py:434 | AVAILABLE: 6
2026-05-09 23:31:08 | INFO | my_functions.py:444 | [INFO] Waiting for Notepad++ process...
2026-05-09 23:31:09 | INFO | my_functions.py:458 | [INFO] Notepad++ detected PID=7696
2026-05-09 23:31:12 | INFO | my_functions.py:466 | [SUCCESS] Notepad++ closed successfully
2026-05-09 23:31:13 | INFO | each_eight_hours.py:421 | Submissions after match: 6
2026-05-09 23:31:13 | INFO | my_functions.py:378 | Misiones completadas: 2
2026-05-09 23:31:13 | INFO | each_eight_hours.py:425 | Submission condition met, breaking loop
2026-05-09 23:31:13 | INFO | my_functions.py:231 | [DEBUG] wait_for_image_and_click -> missionsNotify2.png timeout=20s delay_click=3s confidence=0.8
2026-05-09 23:31:13 | INFO | my_functions.py:172 | Searching missionsNotify2.png (timeout=20s)
2026-05-09 23:31:13 | INFO | my_functions.py:198 | 
✅ Found: missionsNotify2.png pos=(538, 124) time=0.19s confidence=0.8
2026-05-09 23:31:16 | INFO | my_functions.py:138 | Haciendo click en la posición (538, 124)
2026-05-09 23:31:16 | INFO | my_functions.py:251 | 🖱️ Click OK: missionsNotify2.png at (538, 124) delay=3s
2026-05-09 23:31:16 | INFO | my_functions.py:1593 | [INFO] Iniciando click_missions_blue2
2026-05-09 23:31:16 | INFO | my_functions.py:138 | Haciendo click en la posición (150, 132)
2026-05-09 23:31:17 | INFO | my_functions.py:1596 | [ACTION] Click hecho en icono de calendario que me dirige a las misiones ordinarias
2026-05-09 23:31:17 | INFO | my_functions.py:172 | Searching bonus_challenge.png (timeout=0s)
2026-05-09 23:31:17 | INFO | my_functions.py:209 | 
⛔ Not found: bonus_challenge.png after 0.0s region=(0, 0, 765, 1038) confidence=0.8
2026-05-09 23:31:19 | INFO | my_functions.py:138 | Haciendo click en la posición (362, 493)
2026-05-09 23:31:21 | INFO | my_functions.py:1609 | [ACTION] Click 1/2 en misión azul
2026-05-09 23:31:21 | INFO | my_functions.py:138 | Haciendo click en la posición (362, 493)
2026-05-09 23:31:22 | INFO | my_functions.py:1609 | [ACTION] Click 2/2 en misión azul
2026-05-09 23:31:23 | INFO | my_functions.py:172 | Searching flechita_mission.PNG (timeout=0s)
2026-05-09 23:31:23 | INFO | my_functions.py:209 | 
⛔ Not found: flechita_mission.PNG after 0.0s region=(0, 0, 765, 1038) confidence=0.8
2026-05-09 23:31:23 | INFO | my_functions.py:231 | [DEBUG] wait_for_image_and_click -> weekly3.PNG timeout=0s delay_click=0.1s confidence=0.8
2026-05-09 23:31:23 | INFO | my_functions.py:172 | Searching weekly3.PNG (timeout=0s)
2026-05-09 23:31:23 | INFO | my_functions.py:198 | 
✅ Found: weekly3.PNG pos=(485, 266) time=0.18s confidence=0.8
2026-05-09 23:31:23 | INFO | my_functions.py:138 | Haciendo click en la posición (485, 266)
2026-05-09 23:31:23 | INFO | my_functions.py:251 | 🖱️ Click OK: weekly3.PNG at (485, 266) delay=0.1s
2026-05-09 23:31:23 | INFO | my_functions.py:231 | [DEBUG] wait_for_image_and_click -> claim!.PNG timeout=0s delay_click=0.2s confidence=0.8
2026-05-09 23:31:23 | INFO | my_functions.py:172 | Searching claim!.PNG (timeout=0s)
2026-05-09 23:31:24 | INFO | my_functions.py:198 | 
✅ Found: claim!.PNG pos=(381, 924) time=0.24s confidence=0.8
2026-05-09 23:31:24 | INFO | my_functions.py:138 | Haciendo click en la posición (381, 924)
2026-05-09 23:31:24 | INFO | my_functions.py:251 | 🖱️ Click OK: claim!.PNG at (381, 924) delay=0.2s
2026-05-09 23:31:24 | INFO | my_functions.py:231 | [DEBUG] wait_for_image_and_click -> claim_hover.PNG timeout=0s delay_click=0.2s confidence=0.8
2026-05-09 23:31:24 | INFO | my_functions.py:172 | Searching claim_hover.PNG (timeout=0s)
2026-05-09 23:31:24 | INFO | my_functions.py:198 | 
✅ Found: claim_hover.PNG pos=(383, 922) time=0.22s confidence=0.8
2026-05-09 23:31:25 | INFO | my_functions.py:138 | Haciendo click en la posición (383, 922)
2026-05-09 23:31:25 | INFO | my_functions.py:251 | 🖱️ Click OK: claim_hover.PNG at (383, 922) delay=0.2s
2026-05-09 23:31:25 | INFO | my_functions.py:231 | [DEBUG] wait_for_image_and_click -> claim!.PNG timeout=0s delay_click=0.2s confidence=0.8
2026-05-09 23:31:25 | INFO | my_functions.py:172 | Searching claim!.PNG (timeout=0s)
2026-05-09 23:31:25 | INFO | my_functions.py:209 | 
⛔ Not found: claim!.PNG after 0.0s region=(0, 0, 765, 1038) confidence=0.8
2026-05-09 23:31:25 | INFO | my_functions.py:258 | [DEBUG] Click skipped, image not found: claim!.PNG
2026-05-09 23:31:25 | INFO | my_functions.py:231 | [DEBUG] wait_for_image_and_click -> claim_hover.PNG timeout=0s delay_click=0.2s confidence=0.8
2026-05-09 23:31:25 | INFO | my_functions.py:172 | Searching claim_hover.PNG (timeout=0s)
2026-05-09 23:31:25 | INFO | my_functions.py:198 | 
✅ Found: claim_hover.PNG pos=(383, 921) time=0.2s confidence=0.8
2026-05-09 23:31:25 | INFO | my_functions.py:138 | Haciendo click en la posición (383, 921)
2026-05-09 23:31:26 | INFO | my_functions.py:251 | 🖱️ Click OK: claim_hover.PNG at (383, 921) delay=0.2s
2026-05-09 23:31:26 | INFO | my_functions.py:231 | [DEBUG] wait_for_image_and_click -> claim!.PNG timeout=0s delay_click=0.2s confidence=0.8
2026-05-09 23:31:26 | INFO | my_functions.py:172 | Searching claim!.PNG (timeout=0s)
2026-05-09 23:31:26 | INFO | my_functions.py:209 | 
⛔ Not found: claim!.PNG after 0.01s region=(0, 0, 765, 1038) confidence=0.8
2026-05-09 23:31:26 | INFO | my_functions.py:258 | [DEBUG] Click skipped, image not found: claim!.PNG
2026-05-09 23:31:26 | INFO | my_functions.py:231 | [DEBUG] wait_for_image_and_click -> claim_hover.PNG timeout=0s delay_click=0.2s confidence=0.8
2026-05-09 23:31:26 | INFO | my_functions.py:172 | Searching claim_hover.PNG (timeout=0s)
2026-05-09 23:31:26 | INFO | my_functions.py:209 | 
⛔ Not found: claim_hover.PNG after 0.0s region=(0, 0, 765, 1038) confidence=0.8
2026-05-09 23:31:26 | INFO | my_functions.py:258 | [DEBUG] Click skipped, image not found: claim_hover.PNG
2026-05-09 23:31:26 | INFO | my_functions.py:231 | [DEBUG] wait_for_image_and_click -> claim!.PNG timeout=0s delay_click=0.2s confidence=0.8
2026-05-09 23:31:26 | INFO | my_functions.py:172 | Searching claim!.PNG (timeout=0s)
2026-05-09 23:31:26 | INFO | my_functions.py:209 | 
⛔ Not found: claim!.PNG after 0.01s region=(0, 0, 765, 1038) confidence=0.8
2026-05-09 23:31:26 | INFO | my_functions.py:258 | [DEBUG] Click skipped, image not found: claim!.PNG
2026-05-09 23:31:26 | INFO | my_functions.py:231 | [DEBUG] wait_for_image_and_click -> claim_hover.PNG timeout=0s delay_click=0.2s confidence=0.8
2026-05-09 23:31:26 | INFO | my_functions.py:172 | Searching claim_hover.PNG (timeout=0s)
2026-05-09 23:31:26 | INFO | my_functions.py:209 | 
⛔ Not found: claim_hover.PNG after 0.01s region=(0, 0, 765, 1038) confidence=0.8
2026-05-09 23:31:26 | INFO | my_functions.py:258 | [DEBUG] Click skipped, image not found: claim_hover.PNG
2026-05-09 23:31:26 | INFO | my_functions.py:231 | [DEBUG] wait_for_image_and_click -> claim!.PNG timeout=0s delay_click=0.2s confidence=0.8
2026-05-09 23:31:26 | INFO | my_functions.py:172 | Searching claim!.PNG (timeout=0s)
2026-05-09 23:31:27 | INFO | my_functions.py:209 | 
⛔ Not found: claim!.PNG after 0.0s region=(0, 0, 765, 1038) confidence=0.8
2026-05-09 23:31:27 | INFO | my_functions.py:258 | [DEBUG] Click skipped, image not found: claim!.PNG
2026-05-09 23:31:27 | INFO | my_functions.py:231 | [DEBUG] wait_for_image_and_click -> claim_hover.PNG timeout=0s delay_click=0.2s confidence=0.8
2026-05-09 23:31:27 | INFO | my_functions.py:172 | Searching claim_hover.PNG (timeout=0s)
2026-05-09 23:31:27 | INFO | my_functions.py:209 | 
⛔ Not found: claim_hover.PNG after 0.01s region=(0, 0, 765, 1038) confidence=0.8
2026-05-09 23:31:27 | INFO | my_functions.py:258 | [DEBUG] Click skipped, image not found: claim_hover.PNG
2026-05-09 23:31:27 | INFO | my_functions.py:231 | [DEBUG] wait_for_image_and_click -> claim!.PNG timeout=0s delay_click=0.2s confidence=0.8
2026-05-09 23:31:27 | INFO | my_functions.py:172 | Searching claim!.PNG (timeout=0s)
2026-05-09 23:31:27 | INFO | my_functions.py:209 | 
⛔ Not found: claim!.PNG after 0.01s region=(0, 0, 765, 1038) confidence=0.8
2026-05-09 23:31:27 | INFO | my_functions.py:258 | [DEBUG] Click skipped, image not found: claim!.PNG
2026-05-09 23:31:27 | INFO | my_functions.py:231 | [DEBUG] wait_for_image_and_click -> claim_hover.PNG timeout=0s delay_click=0.2s confidence=0.8
2026-05-09 23:31:27 | INFO | my_functions.py:172 | Searching claim_hover.PNG (timeout=0s)
2026-05-09 23:31:27 | INFO | my_functions.py:209 | 
⛔ Not found: claim_hover.PNG after 0.01s region=(0, 0, 765, 1038) confidence=0.8
2026-05-09 23:31:27 | INFO | my_functions.py:258 | [DEBUG] Click skipped, image not found: claim_hover.PNG
2026-05-09 23:31:27 | INFO | my_functions.py:231 | [DEBUG] wait_for_image_and_click -> claim!.PNG timeout=0s delay_click=0.2s confidence=0.8
2026-05-09 23:31:27 | INFO | my_functions.py:172 | Searching claim!.PNG (timeout=0s)
2026-05-09 23:31:28 | INFO | my_functions.py:209 | 
⛔ Not found: claim!.PNG after 0.0s region=(0, 0, 765, 1038) confidence=0.8
2026-05-09 23:31:28 | INFO | my_functions.py:258 | [DEBUG] Click skipped, image not found: claim!.PNG
2026-05-09 23:31:28 | INFO | my_functions.py:231 | [DEBUG] wait_for_image_and_click -> claim_hover.PNG timeout=0s delay_click=0.2s confidence=0.8
2026-05-09 23:31:28 | INFO | my_functions.py:172 | Searching claim_hover.PNG (timeout=0s)
2026-05-09 23:31:28 | INFO | my_functions.py:209 | 
⛔ Not found: claim_hover.PNG after 0.01s region=(0, 0, 765, 1038) confidence=0.8
2026-05-09 23:31:28 | INFO | my_functions.py:258 | [DEBUG] Click skipped, image not found: claim_hover.PNG
2026-05-09 23:31:28 | INFO | my_functions.py:231 | [DEBUG] wait_for_image_and_click -> claim!.PNG timeout=0s delay_click=0.2s confidence=0.8
2026-05-09 23:31:28 | INFO | my_functions.py:172 | Searching claim!.PNG (timeout=0s)
2026-05-09 23:31:28 | INFO | my_functions.py:209 | 
⛔ Not found: claim!.PNG after 0.0s region=(0, 0, 765, 1038) confidence=0.8
2026-05-09 23:31:28 | INFO | my_functions.py:258 | [DEBUG] Click skipped, image not found: claim!.PNG
2026-05-09 23:31:28 | INFO | my_functions.py:231 | [DEBUG] wait_for_image_and_click -> claim_hover.PNG timeout=0s delay_click=0.2s confidence=0.8
2026-05-09 23:31:28 | INFO | my_functions.py:172 | Searching claim_hover.PNG (timeout=0s)
2026-05-09 23:31:28 | INFO | my_functions.py:209 | 
⛔ Not found: claim_hover.PNG after 0.01s region=(0, 0, 765, 1038) confidence=0.8
2026-05-09 23:31:28 | INFO | my_functions.py:258 | [DEBUG] Click skipped, image not found: claim_hover.PNG
2026-05-09 23:31:28 | INFO | my_functions.py:231 | [DEBUG] wait_for_image_and_click -> claim!.PNG timeout=0s delay_click=0.2s confidence=0.8
2026-05-09 23:31:28 | INFO | my_functions.py:172 | Searching claim!.PNG (timeout=0s)
2026-05-09 23:31:28 | INFO | my_functions.py:209 | 
⛔ Not found: claim!.PNG after 0.01s region=(0, 0, 765, 1038) confidence=0.8
2026-05-09 23:31:28 | INFO | my_functions.py:258 | [DEBUG] Click skipped, image not found: claim!.PNG
2026-05-09 23:31:28 | INFO | my_functions.py:231 | [DEBUG] wait_for_image_and_click -> claim_hover.PNG timeout=0s delay_click=0.2s confidence=0.8
2026-05-09 23:31:28 | INFO | my_functions.py:172 | Searching claim_hover.PNG (timeout=0s)
2026-05-09 23:31:29 | INFO | my_functions.py:209 | 
⛔ Not found: claim_hover.PNG after 0.01s region=(0, 0, 765, 1038) confidence=0.8
2026-05-09 23:31:29 | INFO | my_functions.py:258 | [DEBUG] Click skipped, image not found: claim_hover.PNG
2026-05-09 23:31:29 | INFO | my_functions.py:231 | [DEBUG] wait_for_image_and_click -> weekly3.PNG timeout=0s delay_click=0.1s confidence=0.8
2026-05-09 23:31:29 | INFO | my_functions.py:172 | Searching weekly3.PNG (timeout=0s)
2026-05-09 23:31:29 | INFO | my_functions.py:209 | 
⛔ Not found: weekly3.PNG after 0.01s region=(0, 0, 765, 1038) confidence=0.8
2026-05-09 23:31:29 | INFO | my_functions.py:258 | [DEBUG] Click skipped, image not found: weekly3.PNG
2026-05-09 23:31:29 | INFO | my_functions.py:231 | [DEBUG] wait_for_image_and_click -> weekly3.PNG timeout=0s delay_click=0.1s confidence=0.8
2026-05-09 23:31:29 | INFO | my_functions.py:172 | Searching weekly3.PNG (timeout=0s)
2026-05-09 23:31:29 | INFO | my_functions.py:209 | 
⛔ Not found: weekly3.PNG after 0.0s region=(0, 0, 765, 1038) confidence=0.8
2026-05-09 23:31:29 | INFO | my_functions.py:258 | [DEBUG] Click skipped, image not found: weekly3.PNG
2026-05-09 23:31:29 | INFO | my_functions.py:231 | [DEBUG] wait_for_image_and_click -> weekly3.PNG timeout=0s delay_click=0.1s confidence=0.8
2026-05-09 23:31:29 | INFO | my_functions.py:172 | Searching weekly3.PNG (timeout=0s)
2026-05-09 23:31:29 | INFO | my_functions.py:209 | 
⛔ Not found: weekly3.PNG after 0.0s region=(0, 0, 765, 1038) confidence=0.8
2026-05-09 23:31:29 | INFO | my_functions.py:258 | [DEBUG] Click skipped, image not found: weekly3.PNG
2026-05-09 23:31:29 | INFO | my_functions.py:231 | [DEBUG] wait_for_image_and_click -> weekly3.PNG timeout=0s delay_click=0.1s confidence=0.8
2026-05-09 23:31:29 | INFO | my_functions.py:172 | Searching weekly3.PNG (timeout=0s)
2026-05-09 23:31:29 | INFO | my_functions.py:209 | 
⛔ Not found: weekly3.PNG after 0.0s region=(0, 0, 765, 1038) confidence=0.8
2026-05-09 23:31:29 | INFO | my_functions.py:258 | [DEBUG] Click skipped, image not found: weekly3.PNG
2026-05-09 23:31:29 | INFO | my_functions.py:231 | [DEBUG] wait_for_image_and_click -> weekly3.PNG timeout=0s delay_click=0.1s confidence=0.8
2026-05-09 23:31:29 | INFO | my_functions.py:172 | Searching weekly3.PNG (timeout=0s)
2026-05-09 23:31:30 | INFO | my_functions.py:209 | 
⛔ Not found: weekly3.PNG after 0.0s region=(0, 0, 765, 1038) confidence=0.8
2026-05-09 23:31:30 | INFO | my_functions.py:258 | [DEBUG] Click skipped, image not found: weekly3.PNG
2026-05-09 23:31:30 | INFO | my_functions.py:231 | [DEBUG] wait_for_image_and_click -> weekly3.PNG timeout=0s delay_click=0.1s confidence=0.8
2026-05-09 23:31:30 | INFO | my_functions.py:172 | Searching weekly3.PNG (timeout=0s)
2026-05-09 23:31:30 | INFO | my_functions.py:209 | 
⛔ Not found: weekly3.PNG after 0.01s region=(0, 0, 765, 1038) confidence=0.8
2026-05-09 23:31:30 | INFO | my_functions.py:258 | [DEBUG] Click skipped, image not found: weekly3.PNG
2026-05-09 23:31:30 | INFO | my_functions.py:231 | [DEBUG] wait_for_image_and_click -> weekly3.PNG timeout=0s delay_click=0.1s confidence=0.8
2026-05-09 23:31:30 | INFO | my_functions.py:172 | Searching weekly3.PNG (timeout=0s)
2026-05-09 23:31:30 | INFO | my_functions.py:209 | 
⛔ Not found: weekly3.PNG after 0.01s region=(0, 0, 765, 1038) confidence=0.8
2026-05-09 23:31:30 | INFO | my_functions.py:258 | [DEBUG] Click skipped, image not found: weekly3.PNG
2026-05-09 23:31:30 | INFO | my_functions.py:231 | [DEBUG] wait_for_image_and_click -> weekly3.PNG timeout=0s delay_click=0.1s confidence=0.8
2026-05-09 23:31:30 | INFO | my_functions.py:172 | Searching weekly3.PNG (timeout=0s)
2026-05-09 23:31:30 | INFO | my_functions.py:209 | 
⛔ Not found: weekly3.PNG after 0.01s region=(0, 0, 765, 1038) confidence=0.8
2026-05-09 23:31:30 | INFO | my_functions.py:258 | [DEBUG] Click skipped, image not found: weekly3.PNG
2026-05-09 23:31:30 | INFO | my_functions.py:231 | [DEBUG] wait_for_image_and_click -> weekly3.PNG timeout=0s delay_click=0.1s confidence=0.8
2026-05-09 23:31:30 | INFO | my_functions.py:172 | Searching weekly3.PNG (timeout=0s)
2026-05-09 23:31:30 | INFO | my_functions.py:209 | 
⛔ Not found: weekly3.PNG after 0.0s region=(0, 0, 765, 1038) confidence=0.8
2026-05-09 23:31:30 | INFO | my_functions.py:258 | [DEBUG] Click skipped, image not found: weekly3.PNG
2026-05-09 23:31:30 | INFO | my_functions.py:231 | [DEBUG] wait_for_image_and_click -> weekly3.PNG timeout=0s delay_click=0.1s confidence=0.8
2026-05-09 23:31:30 | INFO | my_functions.py:172 | Searching weekly3.PNG (timeout=0s)
2026-05-09 23:31:30 | INFO | my_functions.py:209 | 
⛔ Not found: weekly3.PNG after 0.01s region=(0, 0, 765, 1038) confidence=0.8
2026-05-09 23:31:30 | INFO | my_functions.py:258 | [DEBUG] Click skipped, image not found: weekly3.PNG
2026-05-09 23:31:30 | INFO | my_functions.py:231 | [DEBUG] wait_for_image_and_click -> weekly3.PNG timeout=0s delay_click=0.1s confidence=0.8
2026-05-09 23:31:30 | INFO | my_functions.py:172 | Searching weekly3.PNG (timeout=0s)
2026-05-09 23:31:31 | INFO | my_functions.py:209 | 
⛔ Not found: weekly3.PNG after 0.01s region=(0, 0, 765, 1038) confidence=0.8
2026-05-09 23:31:31 | INFO | my_functions.py:258 | [DEBUG] Click skipped, image not found: weekly3.PNG
2026-05-09 23:31:31 | INFO | my_functions.py:231 | [DEBUG] wait_for_image_and_click -> weekly3.PNG timeout=0s delay_click=0.1s confidence=0.8
2026-05-09 23:31:31 | INFO | my_functions.py:172 | Searching weekly3.PNG (timeout=0s)
2026-05-09 23:31:31 | INFO | my_functions.py:209 | 
⛔ Not found: weekly3.PNG after 0.01s region=(0, 0, 765, 1038) confidence=0.8
2026-05-09 23:31:31 | INFO | my_functions.py:258 | [DEBUG] Click skipped, image not found: weekly3.PNG
2026-05-09 23:31:31 | INFO | my_functions.py:138 | Haciendo click en la posición (557, 64)
2026-05-09 23:31:32 | INFO | my_functions.py:231 | [DEBUG] wait_for_image_and_click -> cards_shop.PNG timeout=20s delay_click=1s confidence=0.8
2026-05-09 23:31:32 | INFO | my_functions.py:172 | Searching cards_shop.PNG (timeout=20s)
2026-05-09 23:31:33 | INFO | my_functions.py:198 | 
✅ Found: cards_shop.PNG pos=(568, 121) time=0.57s confidence=0.8
2026-05-09 23:31:34 | INFO | my_functions.py:138 | Haciendo click en la posición (568, 121)
2026-05-09 23:31:34 | INFO | my_functions.py:251 | 🖱️ Click OK: cards_shop.PNG at (568, 121) delay=1s
2026-05-09 23:31:34 | INFO | my_functions.py:231 | [DEBUG] wait_for_image_and_click -> token_icon.PNG timeout=20s delay_click=1s confidence=0.8
2026-05-09 23:31:34 | INFO | my_functions.py:172 | Searching token_icon.PNG (timeout=20s)
2026-05-09 23:31:35 | INFO | my_functions.py:198 | 
✅ Found: token_icon.PNG pos=(531, 171) time=1.55s confidence=0.8
2026-05-09 23:31:36 | INFO | my_functions.py:138 | Haciendo click en la posición (531, 171)
2026-05-09 23:31:37 | INFO | my_functions.py:251 | 🖱️ Click OK: token_icon.PNG at (531, 171) delay=1s
2026-05-09 23:31:39 | INFO | my_functions.py:231 | [DEBUG] wait_for_image_and_click -> claim!_token_3.PNG timeout=4s delay_click=1s confidence=0.8
2026-05-09 23:31:39 | INFO | my_functions.py:172 | Searching claim!_token_3.PNG (timeout=4s)
2026-05-09 23:31:39 | INFO | my_functions.py:198 | 
✅ Found: claim!_token_3.PNG pos=(231, 573) time=0.22s confidence=0.8
2026-05-09 23:31:40 | INFO | my_functions.py:138 | Haciendo click en la posición (231, 573)
2026-05-09 23:31:40 | INFO | my_functions.py:251 | 🖱️ Click OK: claim!_token_3.PNG at (231, 573) delay=1s
2026-05-09 23:31:40 | INFO | my_functions.py:231 | [DEBUG] wait_for_image_and_click -> offers.PNG timeout=0.1s delay_click=1s confidence=0.8
2026-05-09 23:31:40 | INFO | my_functions.py:172 | Searching offers.PNG (timeout=0.1s)
2026-05-09 23:31:40 | INFO | my_functions.py:198 | 
✅ Found: offers.PNG pos=(197, 121) time=0.24s confidence=0.8
2026-05-09 23:31:41 | INFO | my_functions.py:138 | Haciendo click en la posición (197, 121)
2026-05-09 23:31:41 | INFO | my_functions.py:251 | 🖱️ Click OK: offers.PNG at (197, 121) delay=1s
2026-05-09 23:31:41 | INFO | my_functions.py:231 | [DEBUG] wait_for_image_and_click -> credits_selected.png timeout=0.1s delay_click=1s confidence=0.8
2026-05-09 23:31:41 | INFO | my_functions.py:172 | Searching credits_selected.png (timeout=0.1s)
2026-05-09 23:31:42 | INFO | my_functions.py:198 | 
✅ Found: credits_selected.png pos=(442, 168) time=0.19s confidence=0.8
2026-05-09 23:31:43 | INFO | my_functions.py:138 | Haciendo click en la posición (442, 168)
2026-05-09 23:31:43 | INFO | my_functions.py:251 | 🖱️ Click OK: credits_selected.png at (442, 168) delay=1s
2026-05-09 23:31:44 | INFO | my_functions.py:231 | [DEBUG] wait_for_image_and_click -> claim_25_credits.png timeout=2s delay_click=1s confidence=0.8
2026-05-09 23:31:44 | INFO | my_functions.py:172 | Searching claim_25_credits.png (timeout=2s)
2026-05-09 23:31:45 | INFO | my_functions.py:198 | 
✅ Found: claim_25_credits.png pos=(236, 328) time=0.19s confidence=0.8
2026-05-09 23:31:46 | INFO | my_functions.py:138 | Haciendo click en la posición (236, 328)
2026-05-09 23:31:46 | INFO | my_functions.py:251 | 🖱️ Click OK: claim_25_credits.png at (236, 328) delay=1s
2026-05-09 23:31:46 | INFO | my_functions.py:231 | [DEBUG] wait_for_image_and_click -> cards_shop.PNG timeout=20s delay_click=1s confidence=0.8
2026-05-09 23:31:46 | INFO | my_functions.py:172 | Searching cards_shop.PNG (timeout=20s)
2026-05-09 23:31:46 | INFO | my_functions.py:198 | 
✅ Found: cards_shop.PNG pos=(568, 121) time=0.19s confidence=0.8
2026-05-09 23:31:47 | INFO | my_functions.py:138 | Haciendo click en la posición (568, 121)
2026-05-09 23:31:47 | INFO | my_functions.py:251 | 🖱️ Click OK: cards_shop.PNG at (568, 121) delay=1s
2026-05-09 23:31:47 | INFO | my_functions.py:231 | [DEBUG] wait_for_image_and_click -> offers.PNG timeout=20s delay_click=1s confidence=0.8
2026-05-09 23:31:47 | INFO | my_functions.py:172 | Searching offers.PNG (timeout=20s)
2026-05-09 23:31:47 | INFO | my_functions.py:198 | 
✅ Found: offers.PNG pos=(197, 122) time=0.19s confidence=0.8
2026-05-09 23:31:48 | INFO | my_functions.py:138 | Haciendo click en la posición (197, 122)
2026-05-09 23:31:49 | INFO | my_functions.py:251 | 🖱️ Click OK: offers.PNG at (197, 122) delay=1s
2026-05-09 23:31:49 | INFO | my_functions.py:1491 | [INFO] Iniciando mejora de cartas
2026-05-09 23:31:49 | INFO | my_functions.py:231 | [DEBUG] wait_for_image_and_click -> upgrade_cards_icon.PNG timeout=20s delay_click=1s confidence=0.8
2026-05-09 23:31:49 | INFO | my_functions.py:172 | Searching upgrade_cards_icon.PNG (timeout=20s)
2026-05-09 23:31:49 | INFO | my_functions.py:198 | 
✅ Found: upgrade_cards_icon.PNG pos=(322, 170) time=0.19s confidence=0.8
2026-05-09 23:31:50 | INFO | my_functions.py:138 | Haciendo click en la posición (322, 170)
2026-05-09 23:31:50 | INFO | my_functions.py:251 | 🖱️ Click OK: upgrade_cards_icon.PNG at (322, 170) delay=1s
2026-05-09 23:31:50 | INFO | my_functions.py:1495 | [INFO] Abriendo icono de upgrade_cards
2026-05-09 23:31:51 | INFO | my_functions.py:1501 | [STEP] Mejorando carta 1
2026-05-09 23:31:51 | INFO | my_functions.py:1505 | [ACTION] Click en carta 1
2026-05-09 23:31:52 | INFO | my_functions.py:1510 | [ACTION] Click en botón upgrade
2026-05-09 23:31:59 | INFO | my_functions.py:231 | [DEBUG] wait_for_image_and_click -> you_need_more_credits!.png timeout=3s delay_click=1s confidence=0.8
2026-05-09 23:31:59 | INFO | my_functions.py:172 | Searching you_need_more_credits!.png (timeout=3s)
2026-05-09 23:32:02 | INFO | my_functions.py:209 | 
⛔ Not found: you_need_more_credits!.png after 3.02s region=(0, 0, 765, 1038) confidence=0.8
2026-05-09 23:32:02 | INFO | my_functions.py:258 | [DEBUG] Click skipped, image not found: you_need_more_credits!.png
2026-05-09 23:32:08 | INFO | my_functions.py:1525 | [ACTION] Click para continuar a stage de nivel de coleccion
2026-05-09 23:32:13 | INFO | my_functions.py:146 | Presionando ESC (1/1)
2026-05-09 23:32:13 | INFO | my_functions.py:1530 | [ACTION] Saliendo de stage nivel de coleccion con ESC
2026-05-09 23:32:14 | INFO | my_functions.py:231 | [DEBUG] wait_for_image_and_click -> upgrade_cards_icon_selected.PNG timeout=0s delay_click=1s confidence=0.8
2026-05-09 23:32:14 | INFO | my_functions.py:172 | Searching upgrade_cards_icon_selected.PNG (timeout=0s)
2026-05-09 23:32:14 | INFO | my_functions.py:198 | 
✅ Found: upgrade_cards_icon_selected.PNG pos=(320, 173) time=0.18s confidence=0.8
2026-05-09 23:32:15 | INFO | my_functions.py:138 | Haciendo click en la posición (320, 173)
2026-05-09 23:32:16 | INFO | my_functions.py:251 | 🖱️ Click OK: upgrade_cards_icon_selected.PNG at (320, 173) delay=1s
2026-05-09 23:32:16 | INFO | my_functions.py:1550 | [INFO] Reabriendo icono de upgrade_cards
2026-05-09 23:32:17 | INFO | my_functions.py:1501 | [STEP] Mejorando carta 2
2026-05-09 23:32:17 | INFO | my_functions.py:1505 | [ACTION] Click en carta 2
2026-05-09 23:32:18 | INFO | my_functions.py:1510 | [ACTION] Click en botón upgrade
2026-05-09 23:32:25 | INFO | my_functions.py:231 | [DEBUG] wait_for_image_and_click -> you_need_more_credits!.png timeout=3s delay_click=1s confidence=0.8
2026-05-09 23:32:25 | INFO | my_functions.py:172 | Searching you_need_more_credits!.png (timeout=3s)
2026-05-09 23:32:25 | INFO | my_functions.py:198 | 
✅ Found: you_need_more_credits!.png pos=(381, 345) time=0.19s confidence=0.8
2026-05-09 23:32:26 | INFO | my_functions.py:138 | Haciendo click en la posición (381, 345)
2026-05-09 23:32:26 | INFO | my_functions.py:251 | 🖱️ Click OK: you_need_more_credits!.png at (381, 345) delay=1s
2026-05-09 23:32:26 | INFO | my_functions.py:146 | Presionando ESC (1/2)
2026-05-09 23:32:27 | INFO | my_functions.py:146 | Presionando ESC (2/2)
2026-05-09 23:32:30 | INFO | my_functions.py:1553 | [INFO] Mejora de cartas completada ✅
2026-05-09 23:32:30 | INFO | my_functions.py:146 | Presionando ESC (1/1)
2026-05-09 23:32:30 | INFO | each_eight_hours.py:437 | Finished all games
2026-05-09 23:32:30 | INFO | my_functions.py:1443 | [DEBUG] Starting logout process...
2026-05-09 23:32:30 | INFO | my_functions.py:1445 | [DEBUG] Clicking nut icon...
2026-05-09 23:32:30 | INFO | my_functions.py:231 | [DEBUG] wait_for_image_and_click -> nut.png timeout=20s delay_click=1s confidence=0.8
2026-05-09 23:32:30 | INFO | my_functions.py:172 | Searching nut.png (timeout=20s)
2026-05-09 23:32:30 | INFO | my_functions.py:198 | 
✅ Found: nut.png pos=(184, 78) time=0.17s confidence=0.8
2026-05-09 23:32:31 | INFO | my_functions.py:138 | Haciendo click en la posición (184, 78)
2026-05-09 23:32:32 | INFO | my_functions.py:251 | 🖱️ Click OK: nut.png at (184, 78) delay=1s
2026-05-09 23:32:32 | INFO | my_functions.py:1448 | [DEBUG] Waiting for graphics quality image...
2026-05-09 23:32:32 | INFO | my_functions.py:172 | Searching graphics_quality.png (timeout=3s)
2026-05-09 23:32:32 | INFO | my_functions.py:198 | 
✅ Found: graphics_quality.png pos=(305, 642) time=0.51s confidence=0.8
2026-05-09 23:32:32 | INFO | my_functions.py:1450 | [DEBUG] graphics_quality result: Point(x=305, y=642)
2026-05-09 23:32:32 | INFO | my_functions.py:1456 | [DEBUG] Clicking graphics quality...
2026-05-09 23:32:33 | INFO | my_functions.py:1461 | [DEBUG] Scrolling down...
2026-05-09 23:32:33 | INFO | my_functions.py:1464 | [DEBUG] Clicking sign_out...
2026-05-09 23:32:33 | INFO | my_functions.py:231 | [DEBUG] wait_for_image_and_click -> sign_out.png timeout=20s delay_click=1s confidence=0.8
2026-05-09 23:32:33 | INFO | my_functions.py:172 | Searching sign_out.png (timeout=20s)
2026-05-09 23:32:34 | INFO | my_functions.py:198 | 
✅ Found: sign_out.png pos=(380, 796) time=0.22s confidence=0.8
2026-05-09 23:32:35 | INFO | my_functions.py:138 | Haciendo click en la posición (380, 796)
2026-05-09 23:32:35 | INFO | my_functions.py:251 | 🖱️ Click OK: sign_out.png at (380, 796) delay=1s
2026-05-09 23:32:36 | INFO | my_functions.py:1469 | [DEBUG] Clicking big sign_out...
2026-05-09 23:32:36 | INFO | my_functions.py:231 | [DEBUG] wait_for_image_and_click -> sign_out_grande.png timeout=20s delay_click=1s confidence=0.8
2026-05-09 23:32:36 | INFO | my_functions.py:172 | Searching sign_out_grande.png (timeout=20s)
2026-05-09 23:32:36 | INFO | my_functions.py:198 | 
✅ Found: sign_out_grande.png pos=(359, 437) time=0.18s confidence=0.8
2026-05-09 23:32:37 | INFO | my_functions.py:138 | Haciendo click en la posición (359, 437)
2026-05-09 23:32:37 | INFO | my_functions.py:251 | 🖱️ Click OK: sign_out_grande.png at (359, 437) delay=1s
2026-05-09 23:32:37 | INFO | my_functions.py:1472 | [DEBUG] Clicking sign_out2...
2026-05-09 23:32:37 | INFO | my_functions.py:231 | [DEBUG] wait_for_image_and_click -> sign_out2.png timeout=20s delay_click=1s confidence=0.8
2026-05-09 23:32:37 | INFO | my_functions.py:172 | Searching sign_out2.png (timeout=20s)
2026-05-09 23:32:37 | INFO | my_functions.py:198 | 
✅ Found: sign_out2.png pos=(383, 634) time=0.18s confidence=0.8
2026-05-09 23:32:38 | INFO | my_functions.py:138 | Haciendo click en la posición (383, 634)
2026-05-09 23:32:39 | INFO | my_functions.py:251 | 🖱️ Click OK: sign_out2.png at (383, 634) delay=1s
2026-05-09 23:32:39 | INFO | my_functions.py:1475 | [DEBUG] Resizing SNAP window...
2026-05-09 23:32:39 | INFO | my_functions.py:1668 | ⏱ Esperando 0.1 segundos antes de empezar...
2026-05-09 23:32:39 | INFO | my_functions.py:1675 | 🔍 Esperando ventana que contenga alguna de: SNAP (máx 20s)
2026-05-09 23:32:39 | INFO | my_functions.py:1687 | ✅ Ventana encontrada: 'SNAP'
2026-05-09 23:32:39 | INFO | my_functions.py:1702 | ✅ Ventana seleccionada: 'SNAP'
2026-05-09 23:32:41 | INFO | my_functions.py:1725 | 🔁 Reajuste #1...
2026-05-09 23:32:43 | INFO | my_functions.py:1732 | ✔ Verificación completa. Se hicieron 1 reajustes.
2026-05-09 23:32:44 | INFO | my_functions.py:1484 | snap.exe closed
2026-05-09 23:32:47 | INFO | my_functions.py:1487 | [DEBUG] Logout completed successfully.
2026-05-09 23:32:47 | INFO | baseclient.py:33 | Connecting with parameters: host='localhost' port=4455 password='' subs=0 timeout=None
2026-05-09 23:32:47 | INFO | reqs.py:23 | Successfully identified ReqClient with the server using RPC version:1
2026-05-09 23:32:47 | INFO | my_functions.py:97 | Record stopped.
2026-05-09 23:32:59 | INFO | my_functions.py:127 | Archivo renombrado a: C:\Users\Farm\Videos\my_functions_2026-05-09_22-01-02.mkv
2026-05-09 23:32:59 | INFO | each_eight_hours.py:448 | OBS recording stopped
