2026-05-15 22:07:13 | INFO | each_eight_hours.py:39 | LOG FILE PATH: \\vmware-host\Shared Folders\SHARED FILES VM\MS\logs\each_eight_hours_2026-05-15_22-07-13.log
2026-05-15 22:07:13 | INFO | each_eight_hours.py:40 | Logger initialized
2026-05-15 22:07:13 | INFO | each_eight_hours.py:67 | Script initialized
2026-05-15 22:07:16 | INFO | each_eight_hours.py:128 | snap.exe terminated if it was running
2026-05-15 22:07:16 | INFO | my_functions.py:57 | ⏳ Esperando WebSocket de OBS...
2026-05-15 22:07:25 | INFO | baseclient.py:33 | Connecting with parameters: host='localhost' port=4455 password='' subs=0 timeout=None
2026-05-15 22:07:25 | INFO | reqs.py:23 | Successfully identified ReqClient with the server using RPC version:1
2026-05-15 22:07:25 | INFO | my_functions.py:63 | ✅ Conectado al OBS WebSocket
2026-05-15 22:07:25 | ERROR | reqs.py:59 | OBSSDKRequestError: Request GetRecordStatus returned code 207. With message: OBS is not ready to perform the request.
Traceback (most recent call last):
  File "C:\Users\Farm\AppData\Local\Programs\Python\Python311\Lib\site-packages\obsws_python\reqs.py", line 53, in send
    raise OBSSDKRequestError(
obsws_python.error.OBSSDKRequestError: Request GetRecordStatus returned code 207. With message: OBS is not ready to perform the request.
2026-05-15 22:07:26 | INFO | my_functions.py:88 | 🎬 Grabación iniciada
2026-05-15 22:07:26 | INFO | my_functions.py:1264 | ⏱ Esperando 0.1 segundos antes de empezar...
2026-05-15 22:07:26 | INFO | my_functions.py:1271 | 🔍 Esperando ventana que contenga alguna de: ['py', 'eight_hours'] (máx 20s)
2026-05-15 22:07:26 | INFO | my_functions.py:1283 | ✅ Ventana encontrada: 'each_eight_hours  - Acceso directo'
2026-05-15 22:07:26 | INFO | my_functions.py:1298 | ✅ Ventana seleccionada: 'each_eight_hours  - Acceso directo'
2026-05-15 22:07:28 | INFO | my_functions.py:1321 | 🔁 Reajuste #1...
2026-05-15 22:07:28 | INFO | my_functions.py:1328 | ✔ Verificación completa. Se hicieron 1 reajustes.
2026-05-15 22:07:58 | INFO | my_functions.py:2094 | Starting Steam window scan
2026-05-15 22:07:58 | INFO | my_functions.py:2097 | Found window: 
2026-05-15 22:07:58 | INFO | my_functions.py:2097 | Found window: each_eight_hours  - Acceso directo
2026-05-15 22:07:58 | INFO | my_functions.py:2097 | Found window: 
2026-05-15 22:07:58 | INFO | my_functions.py:2097 | Found window: 
2026-05-15 22:07:58 | INFO | my_functions.py:2097 | Found window: 
2026-05-15 22:07:58 | INFO | my_functions.py:2097 | Found window: 
2026-05-15 22:07:58 | INFO | my_functions.py:2097 | Found window: RivaTunerStatisticsServer
2026-05-15 22:07:58 | INFO | my_functions.py:2097 | Found window: Program Manager
2026-05-15 22:07:58 | INFO | each_eight_hours.py:139 | Processing account: reeps_vm
2026-05-15 22:07:58 | INFO | each_eight_hours.py:142 | Game relaunched for account
2026-05-15 22:07:58 | INFO | my_functions.py:1264 | ⏱ Esperando 0.1 segundos antes de empezar...
2026-05-15 22:07:58 | INFO | my_functions.py:1271 | 🔍 Esperando ventana que contenga alguna de: ['SNAP'] (máx 20s)
2026-05-15 22:08:03 | INFO | my_functions.py:1283 | ✅ Ventana encontrada: 'SNAP'
2026-05-15 22:08:03 | INFO | my_functions.py:1298 | ✅ Ventana seleccionada: 'SNAP'
2026-05-15 22:08:05 | INFO | my_functions.py:1330 | ✔ Verificación completa. No hubo cambios después del primer ajuste.
2026-05-15 22:08:05 | INFO | my_functions.py:970 | [DEBUG] Resizing SNAP window...
2026-05-15 22:08:05 | INFO | my_functions.py:1264 | ⏱ Esperando 0.1 segundos antes de empezar...
2026-05-15 22:08:05 | INFO | my_functions.py:1271 | 🔍 Esperando ventana que contenga alguna de: ['SNAP'] (máx 20s)
2026-05-15 22:08:05 | INFO | my_functions.py:1283 | ✅ Ventana encontrada: 'SNAP'
2026-05-15 22:08:05 | INFO | my_functions.py:1298 | ✅ Ventana seleccionada: 'SNAP'
2026-05-15 22:08:08 | INFO | my_functions.py:1330 | ✔ Verificación completa. No hubo cambios después del primer ajuste.
2026-05-15 22:08:08 | INFO | my_functions.py:236 | [DEBUG] wait_for_image_and_click -> submit.PNG timeout=90s delay_click=0.2s confidence=0.8
2026-05-15 22:08:08 | INFO | my_functions.py:170 | Searching submit.PNG (timeout=90s)
2026-05-15 22:08:14 | INFO | my_functions.py:200 | 
✅ Found: submit.PNG pos=(385, 779) time=6.4s confidence=0.8
2026-05-15 22:08:15 | INFO | my_functions.py:135 | Haciendo click en la posición (385, 779)
2026-05-15 22:08:15 | INFO | my_functions.py:256 | 🖱️ Click OK: submit.PNG at (385, 779) delay=0.2s
2026-05-15 22:08:15 | INFO | my_functions.py:1264 | ⏱ Esperando 0.1 segundos antes de empezar...
2026-05-15 22:08:15 | INFO | my_functions.py:1271 | 🔍 Esperando ventana que contenga alguna de: ['SNAP'] (máx 20s)
2026-05-15 22:08:15 | INFO | my_functions.py:1283 | ✅ Ventana encontrada: 'SNAP'
2026-05-15 22:08:15 | INFO | my_functions.py:1298 | ✅ Ventana seleccionada: 'SNAP'
2026-05-15 22:08:18 | INFO | my_functions.py:1330 | ✔ Verificación completa. No hubo cambios después del primer ajuste.
2026-05-15 22:08:18 | INFO | my_functions.py:170 | Searching please_sign.png (timeout=0s)
2026-05-15 22:08:18 | INFO | my_functions.py:214 | 
⛔ Not found: please_sign.png after 0.0s region=(0, 0, 765, 1038) confidence=0.8
2026-05-15 22:08:18 | INFO | my_functions.py:170 | Searching sign_in_with_google2.PNG (timeout=90s)
2026-05-15 22:08:18 | INFO | my_functions.py:200 | 
✅ Found: sign_in_with_google2.PNG pos=(406, 957) time=0.17s confidence=0.8
2026-05-15 22:08:18 | INFO | my_functions.py:236 | [DEBUG] wait_for_image_and_click -> sign_in_with_google2.PNG timeout=20s delay_click=1s confidence=0.8
2026-05-15 22:08:18 | INFO | my_functions.py:170 | Searching sign_in_with_google2.PNG (timeout=20s)
2026-05-15 22:08:18 | INFO | my_functions.py:200 | 
✅ Found: sign_in_with_google2.PNG pos=(406, 957) time=0.19s confidence=0.8
2026-05-15 22:08:19 | INFO | my_functions.py:135 | Haciendo click en la posición (406, 957)
2026-05-15 22:08:20 | INFO | my_functions.py:256 | 🖱️ Click OK: sign_in_with_google2.PNG at (406, 957) delay=1s
2026-05-15 22:08:20 | INFO | my_functions.py:236 | [DEBUG] wait_for_image_and_click -> reeps_vm.png timeout=30s delay_click=3s confidence=0.8
2026-05-15 22:08:20 | INFO | my_functions.py:170 | Searching reeps_vm.png (timeout=30s)
2026-05-15 22:08:30 | INFO | my_functions.py:200 | 
✅ Found: reeps_vm.png pos=(1126, 534) time=9.8s confidence=0.8
2026-05-15 22:08:33 | INFO | my_functions.py:135 | Haciendo click en la posición (1126, 534)
2026-05-15 22:08:33 | INFO | my_functions.py:256 | 🖱️ Click OK: reeps_vm.png at (1126, 534) delay=3s
2026-05-15 22:08:33 | INFO | my_functions.py:170 | Searching marvelsnap_web.png (timeout=30s)
2026-05-15 22:08:42 | INFO | my_functions.py:200 | 
✅ Found: marvelsnap_web.png pos=(258, 80) time=8.97s confidence=0.7
2026-05-15 22:08:42 | INFO | my_functions.py:170 | Searching shop_unselected.PNG (timeout=0s)
2026-05-15 22:08:42 | INFO | my_functions.py:214 | 
⛔ Not found: shop_unselected.PNG after 0.0s region=(0, 0, 765, 1038) confidence=0.8
2026-05-15 22:08:42 | INFO | my_functions.py:236 | [DEBUG] wait_for_image_and_click -> super_premium.PNG timeout=0s delay_click=1s confidence=0.8
2026-05-15 22:08:42 | INFO | my_functions.py:170 | Searching super_premium.PNG (timeout=0s)
2026-05-15 22:08:43 | INFO | my_functions.py:214 | 
⛔ Not found: super_premium.PNG after 0.0s region=(0, 0, 765, 1038) confidence=0.8
2026-05-15 22:08:43 | INFO | my_functions.py:263 | [DEBUG] Click skipped, image not found: super_premium.PNG
2026-05-15 22:08:43 | INFO | my_functions.py:236 | [DEBUG] wait_for_image_and_click -> maybe_later.PNG timeout=0s delay_click=1s confidence=0.8
2026-05-15 22:08:43 | INFO | my_functions.py:170 | Searching maybe_later.PNG (timeout=0s)
2026-05-15 22:08:43 | INFO | my_functions.py:214 | 
⛔ Not found: maybe_later.PNG after 0.0s region=(0, 0, 765, 1038) confidence=0.8
2026-05-15 22:08:43 | INFO | my_functions.py:263 | [DEBUG] Click skipped, image not found: maybe_later.PNG
2026-05-15 22:08:43 | INFO | my_functions.py:236 | [DEBUG] wait_for_image_and_click -> maybe_later2.PNG timeout=0s delay_click=1s confidence=0.8
2026-05-15 22:08:43 | INFO | my_functions.py:170 | Searching maybe_later2.PNG (timeout=0s)
2026-05-15 22:08:43 | INFO | my_functions.py:214 | 
⛔ Not found: maybe_later2.PNG after 0.01s region=(0, 0, 765, 1038) confidence=0.8
2026-05-15 22:08:43 | INFO | my_functions.py:263 | [DEBUG] Click skipped, image not found: maybe_later2.PNG
2026-05-15 22:08:43 | INFO | my_functions.py:170 | Searching go_to_shop.PNG (timeout=0s)
2026-05-15 22:08:43 | INFO | my_functions.py:214 | 
⛔ Not found: go_to_shop.PNG after 0.0s region=(0, 0, 765, 1038) confidence=0.8
2026-05-15 22:08:43 | INFO | my_functions.py:236 | [DEBUG] wait_for_image_and_click -> 14_days_of_winterverse.PNG timeout=0s delay_click=1s confidence=0.8
2026-05-15 22:08:43 | INFO | my_functions.py:170 | Searching 14_days_of_winterverse.PNG (timeout=0s)
2026-05-15 22:08:43 | INFO | my_functions.py:214 | 
⛔ Not found: 14_days_of_winterverse.PNG after 0.0s region=(0, 0, 765, 1038) confidence=0.8
2026-05-15 22:08:43 | INFO | my_functions.py:263 | [DEBUG] Click skipped, image not found: 14_days_of_winterverse.PNG
2026-05-15 22:08:43 | INFO | my_functions.py:170 | Searching welcome_back_calendar.PNG (timeout=0s)
2026-05-15 22:08:44 | INFO | my_functions.py:214 | 
⛔ Not found: welcome_back_calendar.PNG after 0.01s region=(0, 0, 765, 1038) confidence=0.8
2026-05-15 22:08:44 | INFO | my_functions.py:236 | [DEBUG] wait_for_image_and_click -> start_the_countdown.PNG timeout=0s delay_click=1s confidence=0.8
2026-05-15 22:08:44 | INFO | my_functions.py:170 | Searching start_the_countdown.PNG (timeout=0s)
2026-05-15 22:08:44 | INFO | my_functions.py:214 | 
⛔ Not found: start_the_countdown.PNG after 0.0s region=(0, 0, 765, 1038) confidence=0.8
2026-05-15 22:08:44 | INFO | my_functions.py:263 | [DEBUG] Click skipped, image not found: start_the_countdown.PNG
2026-05-15 22:08:44 | INFO | my_functions.py:236 | [DEBUG] wait_for_image_and_click -> event_has_ended_sanctum.PNG timeout=0s delay_click=1s confidence=0.8
2026-05-15 22:08:44 | INFO | my_functions.py:170 | Searching event_has_ended_sanctum.PNG (timeout=0s)
2026-05-15 22:08:44 | INFO | my_functions.py:214 | 
⛔ Not found: event_has_ended_sanctum.PNG after 0.01s region=(0, 0, 765, 1038) confidence=0.8
2026-05-15 22:08:44 | INFO | my_functions.py:263 | [DEBUG] Click skipped, image not found: event_has_ended_sanctum.PNG
2026-05-15 22:08:44 | INFO | my_functions.py:236 | [DEBUG] wait_for_image_and_click -> image_part_of_event_grand_arena_finished.PNG timeout=0s delay_click=1s confidence=0.8
2026-05-15 22:08:44 | INFO | my_functions.py:170 | Searching image_part_of_event_grand_arena_finished.PNG (timeout=0s)
2026-05-15 22:08:44 | INFO | my_functions.py:214 | 
⛔ Not found: image_part_of_event_grand_arena_finished.PNG after 0.01s region=(0, 0, 765, 1038) confidence=0.8
2026-05-15 22:08:44 | INFO | my_functions.py:263 | [DEBUG] Click skipped, image not found: image_part_of_event_grand_arena_finished.PNG
2026-05-15 22:08:44 | INFO | my_functions.py:170 | Searching 28_day_event_login_rewards.PNG (timeout=0s)
2026-05-15 22:08:44 | INFO | my_functions.py:214 | 
⛔ Not found: 28_day_event_login_rewards.PNG after 0.01s region=(0, 0, 765, 1038) confidence=0.8
2026-05-15 22:08:44 | INFO | my_functions.py:170 | Searching 7_day_event_login.PNG (timeout=0s)
2026-05-15 22:08:45 | INFO | my_functions.py:214 | 
⛔ Not found: 7_day_event_login.PNG after 0.01s region=(0, 0, 765, 1038) confidence=0.8
2026-05-15 22:08:45 | INFO | my_functions.py:170 | Searching 14_days_event.PNG (timeout=0s)
2026-05-15 22:08:45 | INFO | my_functions.py:214 | 
⛔ Not found: 14_days_event.PNG after 0.0s region=(0, 0, 765, 1038) confidence=0.8
2026-05-15 22:08:45 | INFO | my_functions.py:236 | [DEBUG] wait_for_image_and_click -> lets_go.PNG timeout=0s delay_click=1s confidence=0.8
2026-05-15 22:08:45 | INFO | my_functions.py:170 | Searching lets_go.PNG (timeout=0s)
2026-05-15 22:08:45 | INFO | my_functions.py:214 | 
⛔ Not found: lets_go.PNG after 0.0s region=(0, 0, 765, 1038) confidence=0.8
2026-05-15 22:08:45 | INFO | my_functions.py:263 | [DEBUG] Click skipped, image not found: lets_go.PNG
2026-05-15 22:08:46 | INFO | my_functions.py:170 | Searching shop_unselected.PNG (timeout=0s)
2026-05-15 22:08:46 | INFO | my_functions.py:214 | 
⛔ Not found: shop_unselected.PNG after 0.0s region=(0, 0, 765, 1038) confidence=0.8
2026-05-15 22:08:46 | INFO | my_functions.py:236 | [DEBUG] wait_for_image_and_click -> super_premium.PNG timeout=0s delay_click=1s confidence=0.8
2026-05-15 22:08:46 | INFO | my_functions.py:170 | Searching super_premium.PNG (timeout=0s)
2026-05-15 22:08:46 | INFO | my_functions.py:214 | 
⛔ Not found: super_premium.PNG after 0.0s region=(0, 0, 765, 1038) confidence=0.8
2026-05-15 22:08:46 | INFO | my_functions.py:263 | [DEBUG] Click skipped, image not found: super_premium.PNG
2026-05-15 22:08:46 | INFO | my_functions.py:236 | [DEBUG] wait_for_image_and_click -> maybe_later.PNG timeout=0s delay_click=1s confidence=0.8
2026-05-15 22:08:46 | INFO | my_functions.py:170 | Searching maybe_later.PNG (timeout=0s)
2026-05-15 22:08:47 | INFO | my_functions.py:214 | 
⛔ Not found: maybe_later.PNG after 0.01s region=(0, 0, 765, 1038) confidence=0.8
2026-05-15 22:08:47 | INFO | my_functions.py:263 | [DEBUG] Click skipped, image not found: maybe_later.PNG
2026-05-15 22:08:47 | INFO | my_functions.py:236 | [DEBUG] wait_for_image_and_click -> maybe_later2.PNG timeout=0s delay_click=1s confidence=0.8
2026-05-15 22:08:47 | INFO | my_functions.py:170 | Searching maybe_later2.PNG (timeout=0s)
2026-05-15 22:08:47 | INFO | my_functions.py:214 | 
⛔ Not found: maybe_later2.PNG after 0.0s region=(0, 0, 765, 1038) confidence=0.8
2026-05-15 22:08:47 | INFO | my_functions.py:263 | [DEBUG] Click skipped, image not found: maybe_later2.PNG
2026-05-15 22:08:47 | INFO | my_functions.py:170 | Searching go_to_shop.PNG (timeout=0s)
2026-05-15 22:08:47 | INFO | my_functions.py:214 | 
⛔ Not found: go_to_shop.PNG after 0.01s region=(0, 0, 765, 1038) confidence=0.8
2026-05-15 22:08:47 | INFO | my_functions.py:236 | [DEBUG] wait_for_image_and_click -> 14_days_of_winterverse.PNG timeout=0s delay_click=1s confidence=0.8
2026-05-15 22:08:47 | INFO | my_functions.py:170 | Searching 14_days_of_winterverse.PNG (timeout=0s)
2026-05-15 22:08:47 | INFO | my_functions.py:214 | 
⛔ Not found: 14_days_of_winterverse.PNG after 0.0s region=(0, 0, 765, 1038) confidence=0.8
2026-05-15 22:08:47 | INFO | my_functions.py:263 | [DEBUG] Click skipped, image not found: 14_days_of_winterverse.PNG
2026-05-15 22:08:47 | INFO | my_functions.py:170 | Searching welcome_back_calendar.PNG (timeout=0s)
2026-05-15 22:08:47 | INFO | my_functions.py:214 | 
⛔ Not found: welcome_back_calendar.PNG after 0.0s region=(0, 0, 765, 1038) confidence=0.8
2026-05-15 22:08:47 | INFO | my_functions.py:236 | [DEBUG] wait_for_image_and_click -> start_the_countdown.PNG timeout=0s delay_click=1s confidence=0.8
2026-05-15 22:08:47 | INFO | my_functions.py:170 | Searching start_the_countdown.PNG (timeout=0s)
2026-05-15 22:08:48 | INFO | my_functions.py:214 | 
⛔ Not found: start_the_countdown.PNG after 0.0s region=(0, 0, 765, 1038) confidence=0.8
2026-05-15 22:08:48 | INFO | my_functions.py:263 | [DEBUG] Click skipped, image not found: start_the_countdown.PNG
2026-05-15 22:08:48 | INFO | my_functions.py:236 | [DEBUG] wait_for_image_and_click -> event_has_ended_sanctum.PNG timeout=0s delay_click=1s confidence=0.8
2026-05-15 22:08:48 | INFO | my_functions.py:170 | Searching event_has_ended_sanctum.PNG (timeout=0s)
2026-05-15 22:08:48 | INFO | my_functions.py:214 | 
⛔ Not found: event_has_ended_sanctum.PNG after 0.0s region=(0, 0, 765, 1038) confidence=0.8
2026-05-15 22:08:48 | INFO | my_functions.py:263 | [DEBUG] Click skipped, image not found: event_has_ended_sanctum.PNG
2026-05-15 22:08:48 | INFO | my_functions.py:236 | [DEBUG] wait_for_image_and_click -> image_part_of_event_grand_arena_finished.PNG timeout=0s delay_click=1s confidence=0.8
2026-05-15 22:08:48 | INFO | my_functions.py:170 | Searching image_part_of_event_grand_arena_finished.PNG (timeout=0s)
2026-05-15 22:08:48 | INFO | my_functions.py:214 | 
⛔ Not found: image_part_of_event_grand_arena_finished.PNG after 0.0s region=(0, 0, 765, 1038) confidence=0.8
2026-05-15 22:08:48 | INFO | my_functions.py:263 | [DEBUG] Click skipped, image not found: image_part_of_event_grand_arena_finished.PNG
2026-05-15 22:08:48 | INFO | my_functions.py:170 | Searching 28_day_event_login_rewards.PNG (timeout=0s)
2026-05-15 22:08:48 | INFO | my_functions.py:214 | 
⛔ Not found: 28_day_event_login_rewards.PNG after 0.0s region=(0, 0, 765, 1038) confidence=0.8
2026-05-15 22:08:48 | INFO | my_functions.py:170 | Searching 7_day_event_login.PNG (timeout=0s)
2026-05-15 22:08:48 | INFO | my_functions.py:214 | 
⛔ Not found: 7_day_event_login.PNG after 0.0s region=(0, 0, 765, 1038) confidence=0.8
2026-05-15 22:08:48 | INFO | my_functions.py:170 | Searching 14_days_event.PNG (timeout=0s)
2026-05-15 22:08:49 | INFO | my_functions.py:214 | 
⛔ Not found: 14_days_event.PNG after 0.0s region=(0, 0, 765, 1038) confidence=0.8
2026-05-15 22:08:49 | INFO | my_functions.py:236 | [DEBUG] wait_for_image_and_click -> lets_go.PNG timeout=0s delay_click=1s confidence=0.8
2026-05-15 22:08:49 | INFO | my_functions.py:170 | Searching lets_go.PNG (timeout=0s)
2026-05-15 22:08:49 | INFO | my_functions.py:214 | 
⛔ Not found: lets_go.PNG after 0.0s region=(0, 0, 765, 1038) confidence=0.8
2026-05-15 22:08:49 | INFO | my_functions.py:263 | [DEBUG] Click skipped, image not found: lets_go.PNG
2026-05-15 22:08:50 | INFO | my_functions.py:170 | Searching shop_unselected.PNG (timeout=0s)
2026-05-15 22:08:50 | INFO | my_functions.py:214 | 
⛔ Not found: shop_unselected.PNG after 0.01s region=(0, 0, 765, 1038) confidence=0.8
2026-05-15 22:08:50 | INFO | my_functions.py:236 | [DEBUG] wait_for_image_and_click -> super_premium.PNG timeout=0s delay_click=1s confidence=0.8
2026-05-15 22:08:50 | INFO | my_functions.py:170 | Searching super_premium.PNG (timeout=0s)
2026-05-15 22:08:50 | INFO | my_functions.py:214 | 
⛔ Not found: super_premium.PNG after 0.03s region=(0, 0, 765, 1038) confidence=0.8
2026-05-15 22:08:50 | INFO | my_functions.py:263 | [DEBUG] Click skipped, image not found: super_premium.PNG
2026-05-15 22:08:50 | INFO | my_functions.py:236 | [DEBUG] wait_for_image_and_click -> maybe_later.PNG timeout=0s delay_click=1s confidence=0.8
2026-05-15 22:08:51 | INFO | my_functions.py:170 | Searching maybe_later.PNG (timeout=0s)
2026-05-15 22:08:51 | INFO | my_functions.py:214 | 
⛔ Not found: maybe_later.PNG after 0.01s region=(0, 0, 765, 1038) confidence=0.8
2026-05-15 22:08:51 | INFO | my_functions.py:263 | [DEBUG] Click skipped, image not found: maybe_later.PNG
2026-05-15 22:08:51 | INFO | my_functions.py:236 | [DEBUG] wait_for_image_and_click -> maybe_later2.PNG timeout=0s delay_click=1s confidence=0.8
2026-05-15 22:08:51 | INFO | my_functions.py:170 | Searching maybe_later2.PNG (timeout=0s)
2026-05-15 22:08:51 | INFO | my_functions.py:214 | 
⛔ Not found: maybe_later2.PNG after 0.0s region=(0, 0, 765, 1038) confidence=0.8
2026-05-15 22:08:51 | INFO | my_functions.py:263 | [DEBUG] Click skipped, image not found: maybe_later2.PNG
2026-05-15 22:08:51 | INFO | my_functions.py:170 | Searching go_to_shop.PNG (timeout=0s)
2026-05-15 22:08:51 | INFO | my_functions.py:214 | 
⛔ Not found: go_to_shop.PNG after 0.0s region=(0, 0, 765, 1038) confidence=0.8
2026-05-15 22:08:51 | INFO | my_functions.py:236 | [DEBUG] wait_for_image_and_click -> 14_days_of_winterverse.PNG timeout=0s delay_click=1s confidence=0.8
2026-05-15 22:08:51 | INFO | my_functions.py:170 | Searching 14_days_of_winterverse.PNG (timeout=0s)
2026-05-15 22:08:51 | INFO | my_functions.py:214 | 
⛔ Not found: 14_days_of_winterverse.PNG after 0.0s region=(0, 0, 765, 1038) confidence=0.8
2026-05-15 22:08:51 | INFO | my_functions.py:263 | [DEBUG] Click skipped, image not found: 14_days_of_winterverse.PNG
2026-05-15 22:08:51 | INFO | my_functions.py:170 | Searching welcome_back_calendar.PNG (timeout=0s)
2026-05-15 22:08:52 | INFO | my_functions.py:214 | 
⛔ Not found: welcome_back_calendar.PNG after 0.0s region=(0, 0, 765, 1038) confidence=0.8
2026-05-15 22:08:52 | INFO | my_functions.py:236 | [DEBUG] wait_for_image_and_click -> start_the_countdown.PNG timeout=0s delay_click=1s confidence=0.8
2026-05-15 22:08:52 | INFO | my_functions.py:170 | Searching start_the_countdown.PNG (timeout=0s)
2026-05-15 22:08:52 | INFO | my_functions.py:214 | 
⛔ Not found: start_the_countdown.PNG after 0.0s region=(0, 0, 765, 1038) confidence=0.8
2026-05-15 22:08:52 | INFO | my_functions.py:263 | [DEBUG] Click skipped, image not found: start_the_countdown.PNG
2026-05-15 22:08:52 | INFO | my_functions.py:236 | [DEBUG] wait_for_image_and_click -> event_has_ended_sanctum.PNG timeout=0s delay_click=1s confidence=0.8
2026-05-15 22:08:52 | INFO | my_functions.py:170 | Searching event_has_ended_sanctum.PNG (timeout=0s)
2026-05-15 22:08:52 | INFO | my_functions.py:214 | 
⛔ Not found: event_has_ended_sanctum.PNG after 0.0s region=(0, 0, 765, 1038) confidence=0.8
2026-05-15 22:08:52 | INFO | my_functions.py:263 | [DEBUG] Click skipped, image not found: event_has_ended_sanctum.PNG
2026-05-15 22:08:52 | INFO | my_functions.py:236 | [DEBUG] wait_for_image_and_click -> image_part_of_event_grand_arena_finished.PNG timeout=0s delay_click=1s confidence=0.8
2026-05-15 22:08:52 | INFO | my_functions.py:170 | Searching image_part_of_event_grand_arena_finished.PNG (timeout=0s)
2026-05-15 22:08:52 | INFO | my_functions.py:214 | 
⛔ Not found: image_part_of_event_grand_arena_finished.PNG after 0.0s region=(0, 0, 765, 1038) confidence=0.8
2026-05-15 22:08:52 | INFO | my_functions.py:263 | [DEBUG] Click skipped, image not found: image_part_of_event_grand_arena_finished.PNG
2026-05-15 22:08:52 | INFO | my_functions.py:170 | Searching 28_day_event_login_rewards.PNG (timeout=0s)
2026-05-15 22:08:53 | INFO | my_functions.py:214 | 
⛔ Not found: 28_day_event_login_rewards.PNG after 0.01s region=(0, 0, 765, 1038) confidence=0.8
2026-05-15 22:08:53 | INFO | my_functions.py:170 | Searching 7_day_event_login.PNG (timeout=0s)
2026-05-15 22:08:53 | INFO | my_functions.py:214 | 
⛔ Not found: 7_day_event_login.PNG after 0.0s region=(0, 0, 765, 1038) confidence=0.8
2026-05-15 22:08:53 | INFO | my_functions.py:170 | Searching 14_days_event.PNG (timeout=0s)
2026-05-15 22:08:53 | INFO | my_functions.py:214 | 
⛔ Not found: 14_days_event.PNG after 0.0s region=(0, 0, 765, 1038) confidence=0.8
2026-05-15 22:08:53 | INFO | my_functions.py:236 | [DEBUG] wait_for_image_and_click -> lets_go.PNG timeout=0s delay_click=1s confidence=0.8
2026-05-15 22:08:53 | INFO | my_functions.py:170 | Searching lets_go.PNG (timeout=0s)
2026-05-15 22:08:53 | INFO | my_functions.py:214 | 
⛔ Not found: lets_go.PNG after 0.0s region=(0, 0, 765, 1038) confidence=0.8
2026-05-15 22:08:53 | INFO | my_functions.py:263 | [DEBUG] Click skipped, image not found: lets_go.PNG
2026-05-15 22:08:54 | INFO | my_functions.py:170 | Searching shop_unselected.PNG (timeout=0s)
2026-05-15 22:08:55 | INFO | my_functions.py:200 | 
✅ Found: shop_unselected.PNG pos=(88, 961) time=0.19s confidence=0.8
2026-05-15 22:09:03 | INFO | my_functions.py:170 | Searching shop_unselected.PNG (timeout=0s)
2026-05-15 22:09:03 | INFO | my_functions.py:214 | 
⛔ Not found: shop_unselected.PNG after 0.0s region=(0, 0, 765, 1038) confidence=0.8
2026-05-15 22:09:04 | INFO | my_functions.py:170 | Searching shop_unselected.PNG (timeout=0s)
2026-05-15 22:09:04 | INFO | my_functions.py:214 | 
⛔ Not found: shop_unselected.PNG after 0.0s region=(0, 0, 765, 1038) confidence=0.8
2026-05-15 22:09:04 | INFO | my_functions.py:236 | [DEBUG] wait_for_image_and_click -> super_premium.PNG timeout=0s delay_click=1s confidence=0.8
2026-05-15 22:09:04 | INFO | my_functions.py:170 | Searching super_premium.PNG (timeout=0s)
2026-05-15 22:09:04 | INFO | my_functions.py:200 | 
✅ Found: super_premium.PNG pos=(480, 777) time=0.18s confidence=0.8
2026-05-15 22:09:05 | INFO | my_functions.py:135 | Haciendo click en la posición (480, 777)
2026-05-15 22:09:05 | INFO | my_functions.py:256 | 🖱️ Click OK: super_premium.PNG at (480, 777) delay=1s
2026-05-15 22:09:05 | INFO | my_functions.py:143 | Presionando ESC (1/1)
2026-05-15 22:09:14 | INFO | my_functions.py:170 | Searching shop_unselected.PNG (timeout=0s)
2026-05-15 22:09:14 | INFO | my_functions.py:200 | 
✅ Found: shop_unselected.PNG pos=(88, 961) time=0.2s confidence=0.8
2026-05-15 22:09:14 | INFO | my_functions.py:497 | Ya esta listo
2026-05-15 22:09:16 | INFO | my_functions.py:309 | AVAILABLE: 6
2026-05-15 22:09:16 | INFO | my_functions.py:331 | Misiones completadas: 0
2026-05-15 22:09:16 | INFO | my_functions.py:170 | Searching play.PNG (timeout=0s)
2026-05-15 22:09:17 | INFO | my_functions.py:200 | 
✅ Found: play.PNG pos=(384, 825) time=0.24s confidence=0.8
2026-05-15 22:09:17 | INFO | my_functions.py:1159 | [INFO] Click realizado donde se equipa el deck a jugar
2026-05-15 22:09:21 | INFO | my_functions.py:236 | [DEBUG] wait_for_image_and_click -> deck_666666.png timeout=3s delay_click=1s confidence=0.8
2026-05-15 22:09:21 | INFO | my_functions.py:170 | Searching deck_666666.png (timeout=3s)
2026-05-15 22:09:21 | INFO | my_functions.py:200 | 
✅ Found: deck_666666.png pos=(235, 547) time=0.25s confidence=0.8
2026-05-15 22:09:22 | INFO | my_functions.py:135 | Haciendo click en la posición (235, 547)
2026-05-15 22:09:22 | INFO | my_functions.py:256 | 🖱️ Click OK: deck_666666.png at (235, 547) delay=1s
2026-05-15 22:09:22 | INFO | my_functions.py:236 | [DEBUG] wait_for_image_and_click -> equip.png timeout=3s delay_click=1s confidence=0.95
2026-05-15 22:09:22 | INFO | my_functions.py:170 | Searching equip.png (timeout=3s)
2026-05-15 22:09:26 | INFO | my_functions.py:214 | 
⛔ Not found: equip.png after 3.08s region=(0, 0, 765, 1038) confidence=0.95
2026-05-15 22:09:26 | INFO | my_functions.py:263 | [DEBUG] Click skipped, image not found: equip.png
2026-05-15 22:09:26 | INFO | my_functions.py:143 | Presionando ESC (1/1)
2026-05-15 22:09:26 | INFO | each_eight_hours.py:184 | Deck selected: 6turns
2026-05-15 22:09:26 | INFO | my_functions.py:236 | [DEBUG] wait_for_image_and_click -> maybe_later.PNG timeout=2s delay_click=1s confidence=0.8
2026-05-15 22:09:26 | INFO | my_functions.py:170 | Searching maybe_later.PNG (timeout=2s)
2026-05-15 22:09:29 | INFO | my_functions.py:214 | 
⛔ Not found: maybe_later.PNG after 2.13s region=(0, 0, 765, 1038) confidence=0.8
2026-05-15 22:09:29 | INFO | my_functions.py:263 | [DEBUG] Click skipped, image not found: maybe_later.PNG
2026-05-15 22:09:29 | INFO | my_functions.py:236 | [DEBUG] wait_for_image_and_click -> maybe_later2.PNG timeout=0.01s delay_click=1s confidence=0.8
2026-05-15 22:09:29 | INFO | my_functions.py:170 | Searching maybe_later2.PNG (timeout=0.01s)
2026-05-15 22:09:29 | INFO | my_functions.py:214 | 
⛔ Not found: maybe_later2.PNG after 0.22s region=(0, 0, 765, 1038) confidence=0.8
2026-05-15 22:09:29 | INFO | my_functions.py:263 | [DEBUG] Click skipped, image not found: maybe_later2.PNG
2026-05-15 22:09:29 | INFO | each_eight_hours.py:237 | Starting game loop 1
2026-05-15 22:09:29 | INFO | my_functions.py:236 | [DEBUG] wait_for_image_and_click -> play.PNG timeout=20s delay_click=3s confidence=0.8
2026-05-15 22:09:29 | INFO | my_functions.py:170 | Searching play.PNG (timeout=20s)
2026-05-15 22:09:29 | INFO | my_functions.py:200 | 
✅ Found: play.PNG pos=(384, 824) time=0.23s confidence=0.8
2026-05-15 22:09:32 | INFO | my_functions.py:135 | Haciendo click en la posición (384, 824)
2026-05-15 22:09:32 | INFO | my_functions.py:256 | 🖱️ Click OK: play.PNG at (384, 824) delay=3s
2026-05-15 22:10:01 | INFO | my_functions.py:200 | 
✅ Found: end_turn.PNG pos=(681, 945) time=0.18s confidence=0.8
2026-05-15 22:10:01 | INFO | my_functions.py:236 | [DEBUG] wait_for_image_and_click -> snap.PNG timeout=0s delay_click=1s confidence=0.8
2026-05-15 22:10:01 | INFO | my_functions.py:200 | 
✅ Found: snap.PNG pos=(386, 123) time=0.22s confidence=0.8
2026-05-15 22:10:02 | INFO | my_functions.py:135 | Haciendo click en la posición (386, 123)
2026-05-15 22:10:03 | INFO | my_functions.py:256 | 🖱️ Click OK: snap.PNG at (386, 123) delay=1s
2026-05-15 22:10:08 | INFO | my_functions.py:135 | Haciendo click en la posición (681, 945)
2026-05-15 22:10:09 | INFO | each_eight_hours.py:253 | End turn executed
2026-05-15 22:10:30 | INFO | my_functions.py:200 | 
✅ Found: end_turn.PNG pos=(681, 945) time=0.17s confidence=0.8
2026-05-15 22:10:30 | INFO | my_functions.py:236 | [DEBUG] wait_for_image_and_click -> snap.PNG timeout=0s delay_click=1s confidence=0.8
2026-05-15 22:10:30 | INFO | my_functions.py:263 | [DEBUG] Click skipped, image not found: snap.PNG
2026-05-15 22:10:35 | INFO | my_functions.py:135 | Haciendo click en la posición (681, 945)
2026-05-15 22:10:36 | INFO | each_eight_hours.py:253 | End turn executed
2026-05-15 22:10:52 | INFO | my_functions.py:200 | 
✅ Found: end_turn.PNG pos=(681, 945) time=0.21s confidence=0.8
2026-05-15 22:10:52 | INFO | my_functions.py:236 | [DEBUG] wait_for_image_and_click -> snap.PNG timeout=0s delay_click=1s confidence=0.8
2026-05-15 22:10:52 | INFO | my_functions.py:263 | [DEBUG] Click skipped, image not found: snap.PNG
2026-05-15 22:10:57 | INFO | my_functions.py:135 | Haciendo click en la posición (681, 945)
2026-05-15 22:10:58 | INFO | each_eight_hours.py:253 | End turn executed
2026-05-15 22:11:12 | INFO | my_functions.py:200 | 
✅ Found: end_turn.PNG pos=(681, 945) time=0.18s confidence=0.8
2026-05-15 22:11:12 | INFO | my_functions.py:236 | [DEBUG] wait_for_image_and_click -> snap.PNG timeout=0s delay_click=1s confidence=0.8
2026-05-15 22:11:12 | INFO | my_functions.py:263 | [DEBUG] Click skipped, image not found: snap.PNG
2026-05-15 22:11:17 | INFO | my_functions.py:135 | Haciendo click en la posición (681, 945)
2026-05-15 22:11:18 | INFO | each_eight_hours.py:253 | End turn executed
2026-05-15 22:11:33 | INFO | my_functions.py:200 | 
✅ Found: end_turn.PNG pos=(681, 945) time=0.2s confidence=0.8
2026-05-15 22:11:33 | INFO | my_functions.py:236 | [DEBUG] wait_for_image_and_click -> snap.PNG timeout=0s delay_click=1s confidence=0.8
2026-05-15 22:11:33 | INFO | my_functions.py:263 | [DEBUG] Click skipped, image not found: snap.PNG
2026-05-15 22:11:38 | INFO | my_functions.py:135 | Haciendo click en la posición (681, 945)
2026-05-15 22:11:39 | INFO | each_eight_hours.py:253 | End turn executed
2026-05-15 22:11:53 | INFO | my_functions.py:200 | 
✅ Found: end_turn.PNG pos=(681, 945) time=0.2s confidence=0.8
2026-05-15 22:11:53 | INFO | my_functions.py:236 | [DEBUG] wait_for_image_and_click -> snap.PNG timeout=0s delay_click=1s confidence=0.8
2026-05-15 22:11:54 | INFO | my_functions.py:263 | [DEBUG] Click skipped, image not found: snap.PNG
2026-05-15 22:11:59 | INFO | my_functions.py:135 | Haciendo click en la posición (681, 945)
2026-05-15 22:12:00 | INFO | each_eight_hours.py:253 | End turn executed
2026-05-15 22:12:25 | INFO | my_functions.py:200 | 
✅ Found: collect_rewards.PNG pos=(679, 957) time=0.23s confidence=0.8
2026-05-15 22:12:25 | INFO | each_eight_hours.py:292 | Rewards detected, exiting match
2026-05-15 22:12:25 | INFO | my_functions.py:236 | [DEBUG] wait_for_image_and_click -> collect_rewards.PNG timeout=20s delay_click=1s confidence=0.8
2026-05-15 22:12:25 | INFO | my_functions.py:170 | Searching collect_rewards.PNG (timeout=20s)
2026-05-15 22:12:25 | INFO | my_functions.py:200 | 
✅ Found: collect_rewards.PNG pos=(679, 957) time=0.23s confidence=0.8
2026-05-15 22:12:26 | INFO | my_functions.py:135 | Haciendo click en la posición (679, 957)
2026-05-15 22:12:26 | INFO | my_functions.py:256 | 🖱️ Click OK: collect_rewards.PNG at (679, 957) delay=1s
2026-05-15 22:12:26 | INFO | my_functions.py:236 | [DEBUG] wait_for_image_and_click -> next.PNG timeout=20s delay_click=1s confidence=0.8
2026-05-15 22:12:26 | INFO | my_functions.py:170 | Searching next.PNG (timeout=20s)
2026-05-15 22:12:30 | INFO | my_functions.py:200 | 
✅ Found: next.PNG pos=(677, 973) time=3.32s confidence=0.8
2026-05-15 22:12:31 | INFO | my_functions.py:135 | Haciendo click en la posición (677, 973)
2026-05-15 22:12:31 | INFO | my_functions.py:256 | 🖱️ Click OK: next.PNG at (677, 973) delay=1s
2026-05-15 22:12:33 | INFO | my_functions.py:309 | AVAILABLE: 6
2026-05-15 22:12:33 | INFO | each_eight_hours.py:359 | Submissions after match: 6
2026-05-15 22:12:33 | INFO | my_functions.py:331 | Misiones completadas: 0
2026-05-15 22:12:33 | INFO | each_eight_hours.py:237 | Starting game loop 2
2026-05-15 22:12:33 | INFO | my_functions.py:236 | [DEBUG] wait_for_image_and_click -> play.PNG timeout=20s delay_click=3s confidence=0.8
2026-05-15 22:12:33 | INFO | my_functions.py:170 | Searching play.PNG (timeout=20s)
2026-05-15 22:12:33 | INFO | my_functions.py:200 | 
✅ Found: play.PNG pos=(384, 824) time=0.25s confidence=0.8
2026-05-15 22:12:36 | INFO | my_functions.py:135 | Haciendo click en la posición (384, 824)
2026-05-15 22:12:36 | INFO | my_functions.py:256 | 🖱️ Click OK: play.PNG at (384, 824) delay=3s
2026-05-15 22:12:49 | INFO | my_functions.py:200 | 
✅ Found: end_turn.PNG pos=(681, 945) time=0.21s confidence=0.8
2026-05-15 22:12:49 | INFO | my_functions.py:236 | [DEBUG] wait_for_image_and_click -> snap.PNG timeout=0s delay_click=1s confidence=0.8
2026-05-15 22:12:50 | INFO | my_functions.py:200 | 
✅ Found: snap.PNG pos=(386, 122) time=0.19s confidence=0.8
2026-05-15 22:12:51 | INFO | my_functions.py:135 | Haciendo click en la posición (386, 122)
2026-05-15 22:12:51 | INFO | my_functions.py:256 | 🖱️ Click OK: snap.PNG at (386, 122) delay=1s
2026-05-15 22:12:56 | INFO | my_functions.py:135 | Haciendo click en la posición (681, 945)
2026-05-15 22:12:57 | INFO | each_eight_hours.py:253 | End turn executed
2026-05-15 22:13:11 | INFO | my_functions.py:200 | 
✅ Found: end_turn.PNG pos=(681, 945) time=0.23s confidence=0.8
2026-05-15 22:13:11 | INFO | my_functions.py:236 | [DEBUG] wait_for_image_and_click -> snap.PNG timeout=0s delay_click=1s confidence=0.8
2026-05-15 22:13:11 | INFO | my_functions.py:263 | [DEBUG] Click skipped, image not found: snap.PNG
2026-05-15 22:13:17 | INFO | my_functions.py:135 | Haciendo click en la posición (681, 945)
2026-05-15 22:13:18 | INFO | each_eight_hours.py:253 | End turn executed
2026-05-15 22:13:34 | INFO | my_functions.py:200 | 
✅ Found: end_turn.PNG pos=(682, 945) time=0.18s confidence=0.8
2026-05-15 22:13:34 | INFO | my_functions.py:236 | [DEBUG] wait_for_image_and_click -> snap.PNG timeout=0s delay_click=1s confidence=0.8
2026-05-15 22:13:34 | INFO | my_functions.py:263 | [DEBUG] Click skipped, image not found: snap.PNG
2026-05-15 22:13:39 | INFO | my_functions.py:135 | Haciendo click en la posición (682, 945)
2026-05-15 22:13:40 | INFO | each_eight_hours.py:253 | End turn executed
2026-05-15 22:13:54 | INFO | my_functions.py:200 | 
✅ Found: end_turn.PNG pos=(681, 945) time=0.19s confidence=0.8
2026-05-15 22:13:54 | INFO | my_functions.py:236 | [DEBUG] wait_for_image_and_click -> snap.PNG timeout=0s delay_click=1s confidence=0.8
2026-05-15 22:13:54 | INFO | my_functions.py:263 | [DEBUG] Click skipped, image not found: snap.PNG
2026-05-15 22:13:59 | INFO | my_functions.py:135 | Haciendo click en la posición (681, 945)
2026-05-15 22:14:00 | INFO | each_eight_hours.py:253 | End turn executed
2026-05-15 22:14:14 | INFO | my_functions.py:200 | 
✅ Found: end_turn.PNG pos=(681, 945) time=0.22s confidence=0.8
2026-05-15 22:14:14 | INFO | my_functions.py:236 | [DEBUG] wait_for_image_and_click -> snap.PNG timeout=0s delay_click=1s confidence=0.8
2026-05-15 22:14:15 | INFO | my_functions.py:263 | [DEBUG] Click skipped, image not found: snap.PNG
2026-05-15 22:14:20 | INFO | my_functions.py:135 | Haciendo click en la posición (681, 945)
2026-05-15 22:14:21 | INFO | each_eight_hours.py:253 | End turn executed
2026-05-15 22:14:47 | INFO | my_functions.py:200 | 
✅ Found: end_turn.PNG pos=(681, 945) time=0.2s confidence=0.8
2026-05-15 22:14:47 | INFO | my_functions.py:236 | [DEBUG] wait_for_image_and_click -> snap.PNG timeout=0s delay_click=1s confidence=0.8
2026-05-15 22:14:47 | INFO | my_functions.py:263 | [DEBUG] Click skipped, image not found: snap.PNG
2026-05-15 22:14:52 | INFO | my_functions.py:135 | Haciendo click en la posición (681, 945)
2026-05-15 22:14:53 | INFO | each_eight_hours.py:253 | End turn executed
2026-05-15 22:15:16 | INFO | my_functions.py:200 | 
✅ Found: collect_rewards.PNG pos=(679, 957) time=0.2s confidence=0.8
2026-05-15 22:15:16 | INFO | each_eight_hours.py:292 | Rewards detected, exiting match
2026-05-15 22:15:16 | INFO | my_functions.py:236 | [DEBUG] wait_for_image_and_click -> collect_rewards.PNG timeout=20s delay_click=1s confidence=0.8
2026-05-15 22:15:16 | INFO | my_functions.py:170 | Searching collect_rewards.PNG (timeout=20s)
2026-05-15 22:15:17 | INFO | my_functions.py:200 | 
✅ Found: collect_rewards.PNG pos=(679, 957) time=0.26s confidence=0.8
2026-05-15 22:15:18 | INFO | my_functions.py:135 | Haciendo click en la posición (679, 957)
2026-05-15 22:15:18 | INFO | my_functions.py:256 | 🖱️ Click OK: collect_rewards.PNG at (679, 957) delay=1s
2026-05-15 22:15:18 | INFO | my_functions.py:236 | [DEBUG] wait_for_image_and_click -> next.PNG timeout=20s delay_click=1s confidence=0.8
2026-05-15 22:15:18 | INFO | my_functions.py:170 | Searching next.PNG (timeout=20s)
2026-05-15 22:15:22 | INFO | my_functions.py:200 | 
✅ Found: next.PNG pos=(677, 973) time=4.28s confidence=0.8
2026-05-15 22:15:23 | INFO | my_functions.py:135 | Haciendo click en la posición (677, 973)
2026-05-15 22:15:23 | INFO | my_functions.py:256 | 🖱️ Click OK: next.PNG at (677, 973) delay=1s
2026-05-15 22:15:25 | INFO | my_functions.py:309 | AVAILABLE: 6
2026-05-15 22:15:25 | INFO | each_eight_hours.py:359 | Submissions after match: 6
2026-05-15 22:15:25 | INFO | my_functions.py:331 | Misiones completadas: 1
2026-05-15 22:15:25 | INFO | each_eight_hours.py:237 | Starting game loop 3
2026-05-15 22:15:25 | INFO | my_functions.py:236 | [DEBUG] wait_for_image_and_click -> play.PNG timeout=20s delay_click=3s confidence=0.8
2026-05-15 22:15:25 | INFO | my_functions.py:170 | Searching play.PNG (timeout=20s)
2026-05-15 22:15:26 | INFO | my_functions.py:200 | 
✅ Found: play.PNG pos=(384, 824) time=0.22s confidence=0.8
2026-05-15 22:15:29 | INFO | my_functions.py:135 | Haciendo click en la posición (384, 824)
2026-05-15 22:15:29 | INFO | my_functions.py:256 | 🖱️ Click OK: play.PNG at (384, 824) delay=3s
2026-05-15 22:15:43 | INFO | my_functions.py:200 | 
✅ Found: end_turn.PNG pos=(682, 945) time=0.2s confidence=0.8
2026-05-15 22:15:43 | INFO | my_functions.py:236 | [DEBUG] wait_for_image_and_click -> snap.PNG timeout=0s delay_click=1s confidence=0.8
2026-05-15 22:15:43 | INFO | my_functions.py:200 | 
✅ Found: snap.PNG pos=(386, 122) time=0.21s confidence=0.8
2026-05-15 22:15:44 | INFO | my_functions.py:135 | Haciendo click en la posición (386, 122)
2026-05-15 22:15:44 | INFO | my_functions.py:256 | 🖱️ Click OK: snap.PNG at (386, 122) delay=1s
2026-05-15 22:15:49 | INFO | my_functions.py:135 | Haciendo click en la posición (682, 945)
2026-05-15 22:15:51 | INFO | each_eight_hours.py:253 | End turn executed
2026-05-15 22:16:10 | INFO | my_functions.py:200 | 
✅ Found: end_turn.PNG pos=(681, 945) time=0.19s confidence=0.8
2026-05-15 22:16:10 | INFO | my_functions.py:236 | [DEBUG] wait_for_image_and_click -> snap.PNG timeout=0s delay_click=1s confidence=0.8
2026-05-15 22:16:10 | INFO | my_functions.py:263 | [DEBUG] Click skipped, image not found: snap.PNG
2026-05-15 22:16:16 | INFO | my_functions.py:135 | Haciendo click en la posición (681, 945)
2026-05-15 22:16:17 | INFO | each_eight_hours.py:253 | End turn executed
2026-05-15 22:16:39 | INFO | my_functions.py:200 | 
✅ Found: end_turn.PNG pos=(681, 945) time=0.19s confidence=0.8
2026-05-15 22:16:39 | INFO | my_functions.py:236 | [DEBUG] wait_for_image_and_click -> snap.PNG timeout=0s delay_click=1s confidence=0.8
2026-05-15 22:16:39 | INFO | my_functions.py:263 | [DEBUG] Click skipped, image not found: snap.PNG
2026-05-15 22:16:44 | INFO | my_functions.py:135 | Haciendo click en la posición (681, 945)
2026-05-15 22:16:46 | INFO | each_eight_hours.py:253 | End turn executed
2026-05-15 22:17:20 | INFO | my_functions.py:200 | 
✅ Found: end_turn.PNG pos=(681, 945) time=0.21s confidence=0.8
2026-05-15 22:17:20 | INFO | my_functions.py:236 | [DEBUG] wait_for_image_and_click -> snap.PNG timeout=0s delay_click=1s confidence=0.8
2026-05-15 22:17:20 | INFO | my_functions.py:263 | [DEBUG] Click skipped, image not found: snap.PNG
2026-05-15 22:17:25 | INFO | my_functions.py:135 | Haciendo click en la posición (681, 945)
2026-05-15 22:17:27 | INFO | each_eight_hours.py:253 | End turn executed
2026-05-15 22:17:44 | INFO | my_functions.py:200 | 
✅ Found: end_turn.PNG pos=(681, 945) time=0.21s confidence=0.8
2026-05-15 22:17:44 | INFO | my_functions.py:236 | [DEBUG] wait_for_image_and_click -> snap.PNG timeout=0s delay_click=1s confidence=0.8
2026-05-15 22:17:44 | INFO | my_functions.py:263 | [DEBUG] Click skipped, image not found: snap.PNG
2026-05-15 22:17:49 | INFO | my_functions.py:135 | Haciendo click en la posición (681, 945)
2026-05-15 22:17:51 | INFO | each_eight_hours.py:253 | End turn executed
2026-05-15 22:18:04 | INFO | my_functions.py:200 | 
✅ Found: end_turn.PNG pos=(681, 945) time=0.23s confidence=0.8
2026-05-15 22:18:04 | INFO | my_functions.py:236 | [DEBUG] wait_for_image_and_click -> snap.PNG timeout=0s delay_click=1s confidence=0.8
2026-05-15 22:18:04 | INFO | my_functions.py:263 | [DEBUG] Click skipped, image not found: snap.PNG
2026-05-15 22:18:09 | INFO | my_functions.py:135 | Haciendo click en la posición (681, 945)
2026-05-15 22:18:10 | INFO | each_eight_hours.py:253 | End turn executed
2026-05-15 22:18:17 | INFO | my_functions.py:200 | 
✅ Found: collect_rewards.PNG pos=(680, 957) time=0.26s confidence=0.8
2026-05-15 22:18:17 | INFO | each_eight_hours.py:292 | Rewards detected, exiting match
2026-05-15 22:18:17 | INFO | my_functions.py:236 | [DEBUG] wait_for_image_and_click -> collect_rewards.PNG timeout=20s delay_click=1s confidence=0.8
2026-05-15 22:18:17 | INFO | my_functions.py:170 | Searching collect_rewards.PNG (timeout=20s)
2026-05-15 22:18:17 | INFO | my_functions.py:200 | 
✅ Found: collect_rewards.PNG pos=(679, 957) time=0.28s confidence=0.8
2026-05-15 22:18:18 | INFO | my_functions.py:135 | Haciendo click en la posición (679, 957)
2026-05-15 22:18:18 | INFO | my_functions.py:256 | 🖱️ Click OK: collect_rewards.PNG at (679, 957) delay=1s
2026-05-15 22:18:18 | INFO | my_functions.py:236 | [DEBUG] wait_for_image_and_click -> next.PNG timeout=20s delay_click=1s confidence=0.8
2026-05-15 22:18:18 | INFO | my_functions.py:170 | Searching next.PNG (timeout=20s)
2026-05-15 22:18:22 | INFO | my_functions.py:200 | 
✅ Found: next.PNG pos=(677, 973) time=3.94s confidence=0.8
2026-05-15 22:18:23 | INFO | my_functions.py:135 | Haciendo click en la posición (677, 973)
2026-05-15 22:18:24 | INFO | my_functions.py:256 | 🖱️ Click OK: next.PNG at (677, 973) delay=1s
2026-05-15 22:18:26 | INFO | my_functions.py:309 | AVAILABLE: 6
2026-05-15 22:18:26 | INFO | each_eight_hours.py:359 | Submissions after match: 6
2026-05-15 22:18:26 | INFO | my_functions.py:331 | Misiones completadas: 2
2026-05-15 22:18:26 | INFO | each_eight_hours.py:363 | Submission condition met, breaking loop
2026-05-15 22:18:26 | INFO | my_functions.py:236 | [DEBUG] wait_for_image_and_click -> missionsNotify2.png timeout=20s delay_click=3s confidence=0.8
2026-05-15 22:18:26 | INFO | my_functions.py:170 | Searching missionsNotify2.png (timeout=20s)
2026-05-15 22:18:26 | INFO | my_functions.py:200 | 
✅ Found: missionsNotify2.png pos=(538, 124) time=0.25s confidence=0.8
2026-05-15 22:18:29 | INFO | my_functions.py:135 | Haciendo click en la posición (538, 124)
2026-05-15 22:18:29 | INFO | my_functions.py:256 | 🖱️ Click OK: missionsNotify2.png at (538, 124) delay=3s
2026-05-15 22:18:29 | INFO | my_functions.py:1189 | [INFO] Iniciando click_missions_blue2
2026-05-15 22:18:29 | INFO | my_functions.py:135 | Haciendo click en la posición (150, 132)
2026-05-15 22:18:30 | INFO | my_functions.py:1192 | [ACTION] Click hecho en icono de calendario que me dirige a las misiones ordinarias
2026-05-15 22:18:30 | INFO | my_functions.py:170 | Searching bonus_challenge.png (timeout=0s)
2026-05-15 22:18:31 | INFO | my_functions.py:214 | 
⛔ Not found: bonus_challenge.png after 0.0s region=(0, 0, 765, 1038) confidence=0.8
2026-05-15 22:18:33 | INFO | my_functions.py:135 | Haciendo click en la posición (362, 493)
2026-05-15 22:18:34 | INFO | my_functions.py:1205 | [ACTION] Click 1/2 en misión azul
2026-05-15 22:18:34 | INFO | my_functions.py:135 | Haciendo click en la posición (362, 493)
2026-05-15 22:18:35 | INFO | my_functions.py:1205 | [ACTION] Click 2/2 en misión azul
2026-05-15 22:18:36 | INFO | my_functions.py:170 | Searching flechita_mission.PNG (timeout=0s)
2026-05-15 22:18:36 | INFO | my_functions.py:214 | 
⛔ Not found: flechita_mission.PNG after 0.0s region=(0, 0, 765, 1038) confidence=0.8
2026-05-15 22:18:36 | INFO | my_functions.py:236 | [DEBUG] wait_for_image_and_click -> weekly3.PNG timeout=0s delay_click=0.1s confidence=0.8
2026-05-15 22:18:36 | INFO | my_functions.py:170 | Searching weekly3.PNG (timeout=0s)
2026-05-15 22:18:36 | INFO | my_functions.py:214 | 
⛔ Not found: weekly3.PNG after 0.0s region=(0, 0, 765, 1038) confidence=0.8
2026-05-15 22:18:36 | INFO | my_functions.py:263 | [DEBUG] Click skipped, image not found: weekly3.PNG
2026-05-15 22:18:36 | INFO | my_functions.py:236 | [DEBUG] wait_for_image_and_click -> weekly3.PNG timeout=0s delay_click=0.1s confidence=0.8
2026-05-15 22:18:36 | INFO | my_functions.py:170 | Searching weekly3.PNG (timeout=0s)
2026-05-15 22:18:37 | INFO | my_functions.py:214 | 
⛔ Not found: weekly3.PNG after 0.01s region=(0, 0, 765, 1038) confidence=0.8
2026-05-15 22:18:37 | INFO | my_functions.py:263 | [DEBUG] Click skipped, image not found: weekly3.PNG
2026-05-15 22:18:37 | INFO | my_functions.py:236 | [DEBUG] wait_for_image_and_click -> weekly3.PNG timeout=0s delay_click=0.1s confidence=0.8
2026-05-15 22:18:37 | INFO | my_functions.py:170 | Searching weekly3.PNG (timeout=0s)
2026-05-15 22:18:37 | INFO | my_functions.py:214 | 
⛔ Not found: weekly3.PNG after 0.01s region=(0, 0, 765, 1038) confidence=0.8
2026-05-15 22:18:37 | INFO | my_functions.py:263 | [DEBUG] Click skipped, image not found: weekly3.PNG
2026-05-15 22:18:37 | INFO | my_functions.py:236 | [DEBUG] wait_for_image_and_click -> weekly3.PNG timeout=0s delay_click=0.1s confidence=0.8
2026-05-15 22:18:37 | INFO | my_functions.py:170 | Searching weekly3.PNG (timeout=0s)
2026-05-15 22:18:37 | INFO | my_functions.py:214 | 
⛔ Not found: weekly3.PNG after 0.01s region=(0, 0, 765, 1038) confidence=0.8
2026-05-15 22:18:37 | INFO | my_functions.py:263 | [DEBUG] Click skipped, image not found: weekly3.PNG
2026-05-15 22:18:37 | INFO | my_functions.py:236 | [DEBUG] wait_for_image_and_click -> weekly3.PNG timeout=0s delay_click=0.1s confidence=0.8
2026-05-15 22:18:37 | INFO | my_functions.py:170 | Searching weekly3.PNG (timeout=0s)
2026-05-15 22:18:37 | INFO | my_functions.py:214 | 
⛔ Not found: weekly3.PNG after 0.01s region=(0, 0, 765, 1038) confidence=0.8
2026-05-15 22:18:37 | INFO | my_functions.py:263 | [DEBUG] Click skipped, image not found: weekly3.PNG
2026-05-15 22:18:37 | INFO | my_functions.py:236 | [DEBUG] wait_for_image_and_click -> weekly3.PNG timeout=0s delay_click=0.1s confidence=0.8
2026-05-15 22:18:37 | INFO | my_functions.py:170 | Searching weekly3.PNG (timeout=0s)
2026-05-15 22:18:37 | INFO | my_functions.py:214 | 
⛔ Not found: weekly3.PNG after 0.01s region=(0, 0, 765, 1038) confidence=0.8
2026-05-15 22:18:37 | INFO | my_functions.py:263 | [DEBUG] Click skipped, image not found: weekly3.PNG
2026-05-15 22:18:37 | INFO | my_functions.py:236 | [DEBUG] wait_for_image_and_click -> weekly3.PNG timeout=0s delay_click=0.1s confidence=0.8
2026-05-15 22:18:37 | INFO | my_functions.py:170 | Searching weekly3.PNG (timeout=0s)
2026-05-15 22:18:38 | INFO | my_functions.py:214 | 
⛔ Not found: weekly3.PNG after 0.01s region=(0, 0, 765, 1038) confidence=0.8
2026-05-15 22:18:38 | INFO | my_functions.py:263 | [DEBUG] Click skipped, image not found: weekly3.PNG
2026-05-15 22:18:38 | INFO | my_functions.py:236 | [DEBUG] wait_for_image_and_click -> weekly3.PNG timeout=0s delay_click=0.1s confidence=0.8
2026-05-15 22:18:38 | INFO | my_functions.py:170 | Searching weekly3.PNG (timeout=0s)
2026-05-15 22:18:38 | INFO | my_functions.py:214 | 
⛔ Not found: weekly3.PNG after 0.0s region=(0, 0, 765, 1038) confidence=0.8
2026-05-15 22:18:38 | INFO | my_functions.py:263 | [DEBUG] Click skipped, image not found: weekly3.PNG
2026-05-15 22:18:38 | INFO | my_functions.py:236 | [DEBUG] wait_for_image_and_click -> weekly3.PNG timeout=0s delay_click=0.1s confidence=0.8
2026-05-15 22:18:38 | INFO | my_functions.py:170 | Searching weekly3.PNG (timeout=0s)
2026-05-15 22:18:38 | INFO | my_functions.py:214 | 
⛔ Not found: weekly3.PNG after 0.01s region=(0, 0, 765, 1038) confidence=0.8
2026-05-15 22:18:38 | INFO | my_functions.py:263 | [DEBUG] Click skipped, image not found: weekly3.PNG
2026-05-15 22:18:38 | INFO | my_functions.py:236 | [DEBUG] wait_for_image_and_click -> weekly3.PNG timeout=0s delay_click=0.1s confidence=0.8
2026-05-15 22:18:38 | INFO | my_functions.py:170 | Searching weekly3.PNG (timeout=0s)
2026-05-15 22:18:38 | INFO | my_functions.py:214 | 
⛔ Not found: weekly3.PNG after 0.0s region=(0, 0, 765, 1038) confidence=0.8
2026-05-15 22:18:38 | INFO | my_functions.py:263 | [DEBUG] Click skipped, image not found: weekly3.PNG
2026-05-15 22:18:38 | INFO | my_functions.py:135 | Haciendo click en la posición (557, 64)
2026-05-15 22:18:39 | INFO | my_functions.py:236 | [DEBUG] wait_for_image_and_click -> cards_shop.PNG timeout=20s delay_click=1s confidence=0.8
2026-05-15 22:18:39 | INFO | my_functions.py:170 | Searching cards_shop.PNG (timeout=20s)
2026-05-15 22:18:40 | INFO | my_functions.py:200 | 
✅ Found: cards_shop.PNG pos=(568, 121) time=0.66s confidence=0.8
2026-05-15 22:18:41 | INFO | my_functions.py:135 | Haciendo click en la posición (568, 121)
2026-05-15 22:18:41 | INFO | my_functions.py:256 | 🖱️ Click OK: cards_shop.PNG at (568, 121) delay=1s
2026-05-15 22:18:41 | INFO | my_functions.py:236 | [DEBUG] wait_for_image_and_click -> token_icon.PNG timeout=20s delay_click=1s confidence=0.8
2026-05-15 22:18:41 | INFO | my_functions.py:170 | Searching token_icon.PNG (timeout=20s)
2026-05-15 22:18:44 | INFO | my_functions.py:200 | 
✅ Found: token_icon.PNG pos=(693, 171) time=2.18s confidence=0.8
2026-05-15 22:18:45 | INFO | my_functions.py:135 | Haciendo click en la posición (693, 171)
2026-05-15 22:18:45 | INFO | my_functions.py:256 | 🖱️ Click OK: token_icon.PNG at (693, 171) delay=1s
2026-05-15 22:18:47 | INFO | my_functions.py:236 | [DEBUG] wait_for_image_and_click -> claim!_token_3.PNG timeout=4s delay_click=1s confidence=0.8
2026-05-15 22:18:47 | INFO | my_functions.py:170 | Searching claim!_token_3.PNG (timeout=4s)
2026-05-15 22:18:51 | INFO | my_functions.py:214 | 
⛔ Not found: claim!_token_3.PNG after 4.13s region=(0, 0, 765, 1038) confidence=0.8
2026-05-15 22:18:51 | INFO | my_functions.py:263 | [DEBUG] Click skipped, image not found: claim!_token_3.PNG
2026-05-15 22:18:51 | INFO | my_functions.py:236 | [DEBUG] wait_for_image_and_click -> offers.PNG timeout=0.1s delay_click=1s confidence=0.8
2026-05-15 22:18:51 | INFO | my_functions.py:170 | Searching offers.PNG (timeout=0.1s)
2026-05-15 22:18:51 | INFO | my_functions.py:200 | 
✅ Found: offers.PNG pos=(197, 121) time=0.26s confidence=0.8
2026-05-15 22:18:52 | INFO | my_functions.py:135 | Haciendo click en la posición (197, 121)
2026-05-15 22:18:53 | INFO | my_functions.py:256 | 🖱️ Click OK: offers.PNG at (197, 121) delay=1s
2026-05-15 22:18:53 | INFO | my_functions.py:236 | [DEBUG] wait_for_image_and_click -> credits_selected.png timeout=0.1s delay_click=1s confidence=0.8
2026-05-15 22:18:53 | INFO | my_functions.py:170 | Searching credits_selected.png (timeout=0.1s)
2026-05-15 22:18:53 | INFO | my_functions.py:214 | 
⛔ Not found: credits_selected.png after 0.23s region=(0, 0, 765, 1038) confidence=0.8
2026-05-15 22:18:53 | INFO | my_functions.py:263 | [DEBUG] Click skipped, image not found: credits_selected.png
2026-05-15 22:18:53 | INFO | my_functions.py:236 | [DEBUG] wait_for_image_and_click -> credits.PNG timeout=0.1s delay_click=1s confidence=0.95
2026-05-15 22:18:53 | INFO | my_functions.py:170 | Searching credits.PNG (timeout=0.1s)
2026-05-15 22:18:53 | INFO | my_functions.py:200 | 
✅ Found: credits.PNG pos=(442, 172) time=0.22s confidence=0.95
2026-05-15 22:18:54 | INFO | my_functions.py:135 | Haciendo click en la posición (442, 172)
2026-05-15 22:18:54 | INFO | my_functions.py:256 | 🖱️ Click OK: credits.PNG at (442, 172) delay=1s
2026-05-15 22:18:56 | INFO | my_functions.py:236 | [DEBUG] wait_for_image_and_click -> claim_25_credits.png timeout=2s delay_click=1s confidence=0.8
2026-05-15 22:18:56 | INFO | my_functions.py:170 | Searching claim_25_credits.png (timeout=2s)
2026-05-15 22:18:56 | INFO | my_functions.py:200 | 
✅ Found: claim_25_credits.png pos=(236, 328) time=0.23s confidence=0.8
2026-05-15 22:18:57 | INFO | my_functions.py:135 | Haciendo click en la posición (236, 328)
2026-05-15 22:18:57 | INFO | my_functions.py:256 | 🖱️ Click OK: claim_25_credits.png at (236, 328) delay=1s
2026-05-15 22:18:57 | INFO | my_functions.py:236 | [DEBUG] wait_for_image_and_click -> cards_shop.PNG timeout=20s delay_click=1s confidence=0.8
2026-05-15 22:18:57 | INFO | my_functions.py:170 | Searching cards_shop.PNG (timeout=20s)
2026-05-15 22:18:58 | INFO | my_functions.py:200 | 
✅ Found: cards_shop.PNG pos=(568, 121) time=0.24s confidence=0.8
2026-05-15 22:18:59 | INFO | my_functions.py:135 | Haciendo click en la posición (568, 121)
2026-05-15 22:18:59 | INFO | my_functions.py:256 | 🖱️ Click OK: cards_shop.PNG at (568, 121) delay=1s
2026-05-15 22:18:59 | INFO | my_functions.py:236 | [DEBUG] wait_for_image_and_click -> offers.PNG timeout=20s delay_click=1s confidence=0.8
2026-05-15 22:18:59 | INFO | my_functions.py:170 | Searching offers.PNG (timeout=20s)
2026-05-15 22:18:59 | INFO | my_functions.py:200 | 
✅ Found: offers.PNG pos=(197, 122) time=0.19s confidence=0.8
2026-05-15 22:19:00 | INFO | my_functions.py:135 | Haciendo click en la posición (197, 122)
2026-05-15 22:19:00 | INFO | my_functions.py:256 | 🖱️ Click OK: offers.PNG at (197, 122) delay=1s
2026-05-15 22:19:00 | INFO | my_functions.py:1089 | [INFO] Iniciando mejora de cartas
2026-05-15 22:19:00 | INFO | my_functions.py:236 | [DEBUG] wait_for_image_and_click -> upgrade_cards_icon.PNG timeout=20s delay_click=1s confidence=0.8
2026-05-15 22:19:00 | INFO | my_functions.py:170 | Searching upgrade_cards_icon.PNG (timeout=20s)
2026-05-15 22:19:01 | INFO | my_functions.py:200 | 
✅ Found: upgrade_cards_icon.PNG pos=(322, 170) time=0.48s confidence=0.8
2026-05-15 22:19:02 | INFO | my_functions.py:135 | Haciendo click en la posición (322, 170)
2026-05-15 22:19:02 | INFO | my_functions.py:256 | 🖱️ Click OK: upgrade_cards_icon.PNG at (322, 170) delay=1s
2026-05-15 22:19:02 | INFO | my_functions.py:1093 | [INFO] Abriendo icono de upgrade_cards
2026-05-15 22:19:03 | INFO | my_functions.py:1099 | [STEP] Mejorando carta 1
2026-05-15 22:19:03 | INFO | my_functions.py:1103 | [ACTION] Click en carta 1
2026-05-15 22:19:04 | INFO | my_functions.py:1108 | [ACTION] Click en botón upgrade
2026-05-15 22:19:11 | INFO | my_functions.py:236 | [DEBUG] wait_for_image_and_click -> you_need_more_credits!.png timeout=3s delay_click=1s confidence=0.8
2026-05-15 22:19:11 | INFO | my_functions.py:170 | Searching you_need_more_credits!.png (timeout=3s)
2026-05-15 22:19:15 | INFO | my_functions.py:214 | 
⛔ Not found: you_need_more_credits!.png after 3.18s region=(0, 0, 765, 1038) confidence=0.8
2026-05-15 22:19:15 | INFO | my_functions.py:263 | [DEBUG] Click skipped, image not found: you_need_more_credits!.png
2026-05-15 22:19:20 | INFO | my_functions.py:1123 | [ACTION] Click para continuar a stage de nivel de coleccion
2026-05-15 22:19:25 | INFO | my_functions.py:143 | Presionando ESC (1/1)
2026-05-15 22:19:25 | INFO | my_functions.py:1128 | [ACTION] Saliendo de stage nivel de coleccion con ESC
2026-05-15 22:19:26 | INFO | my_functions.py:236 | [DEBUG] wait_for_image_and_click -> upgrade_cards_icon_selected.PNG timeout=0s delay_click=1s confidence=0.8
2026-05-15 22:19:27 | INFO | my_functions.py:170 | Searching upgrade_cards_icon_selected.PNG (timeout=0s)
2026-05-15 22:19:27 | INFO | my_functions.py:200 | 
✅ Found: upgrade_cards_icon_selected.PNG pos=(320, 173) time=0.23s confidence=0.8
2026-05-15 22:19:28 | INFO | my_functions.py:135 | Haciendo click en la posición (320, 173)
2026-05-15 22:19:28 | INFO | my_functions.py:256 | 🖱️ Click OK: upgrade_cards_icon_selected.PNG at (320, 173) delay=1s
2026-05-15 22:19:28 | INFO | my_functions.py:1148 | [INFO] Reabriendo icono de upgrade_cards
2026-05-15 22:19:29 | INFO | my_functions.py:1099 | [STEP] Mejorando carta 2
2026-05-15 22:19:29 | INFO | my_functions.py:1103 | [ACTION] Click en carta 2
2026-05-15 22:19:30 | INFO | my_functions.py:1108 | [ACTION] Click en botón upgrade
2026-05-15 22:19:37 | INFO | my_functions.py:236 | [DEBUG] wait_for_image_and_click -> you_need_more_credits!.png timeout=3s delay_click=1s confidence=0.8
2026-05-15 22:19:37 | INFO | my_functions.py:170 | Searching you_need_more_credits!.png (timeout=3s)
2026-05-15 22:19:38 | INFO | my_functions.py:200 | 
✅ Found: you_need_more_credits!.png pos=(381, 345) time=0.26s confidence=0.8
2026-05-15 22:19:39 | INFO | my_functions.py:135 | Haciendo click en la posición (381, 345)
2026-05-15 22:19:39 | INFO | my_functions.py:256 | 🖱️ Click OK: you_need_more_credits!.png at (381, 345) delay=1s
2026-05-15 22:19:39 | INFO | my_functions.py:143 | Presionando ESC (1/2)
2026-05-15 22:19:39 | INFO | my_functions.py:143 | Presionando ESC (2/2)
2026-05-15 22:19:42 | INFO | my_functions.py:1151 | [INFO] Mejora de cartas completada ✅
2026-05-15 22:19:42 | INFO | my_functions.py:143 | Presionando ESC (1/1)
2026-05-15 22:19:43 | INFO | my_functions.py:236 | [DEBUG] wait_for_image_and_click -> nut.png timeout=20s delay_click=1s confidence=0.8
2026-05-15 22:19:43 | INFO | my_functions.py:170 | Searching nut.png (timeout=20s)
2026-05-15 22:19:43 | INFO | my_functions.py:200 | 
✅ Found: nut.png pos=(184, 78) time=0.23s confidence=0.8
2026-05-15 22:19:44 | INFO | my_functions.py:135 | Haciendo click en la posición (184, 78)
2026-05-15 22:19:44 | INFO | my_functions.py:256 | 🖱️ Click OK: nut.png at (184, 78) delay=1s
2026-05-15 22:19:44 | INFO | my_functions.py:236 | [DEBUG] wait_for_image_and_click -> graphics_quality.png timeout=3s delay_click=1s confidence=0.8
2026-05-15 22:19:44 | INFO | my_functions.py:170 | Searching graphics_quality.png (timeout=3s)
2026-05-15 22:19:45 | INFO | my_functions.py:200 | 
✅ Found: graphics_quality.png pos=(304, 644) time=0.95s confidence=0.8
2026-05-15 22:19:46 | INFO | my_functions.py:135 | Haciendo click en la posición (304, 644)
2026-05-15 22:19:46 | INFO | my_functions.py:256 | 🖱️ Click OK: graphics_quality.png at (304, 644) delay=1s
2026-05-15 22:19:47 | INFO | my_functions.py:236 | [DEBUG] wait_for_image_and_click -> sign_out.png timeout=20s delay_click=1s confidence=0.8
2026-05-15 22:19:47 | INFO | my_functions.py:170 | Searching sign_out.png (timeout=20s)
2026-05-15 22:19:48 | INFO | my_functions.py:200 | 
✅ Found: sign_out.png pos=(380, 796) time=0.2s confidence=0.8
2026-05-15 22:19:49 | INFO | my_functions.py:135 | Haciendo click en la posición (380, 796)
2026-05-15 22:19:49 | INFO | my_functions.py:256 | 🖱️ Click OK: sign_out.png at (380, 796) delay=1s
2026-05-15 22:19:50 | INFO | my_functions.py:236 | [DEBUG] wait_for_image_and_click -> sign_out_grande.png timeout=20s delay_click=1s confidence=0.8
2026-05-15 22:19:50 | INFO | my_functions.py:170 | Searching sign_out_grande.png (timeout=20s)
2026-05-15 22:19:50 | INFO | my_functions.py:200 | 
✅ Found: sign_out_grande.png pos=(359, 437) time=0.22s confidence=0.8
2026-05-15 22:19:51 | INFO | my_functions.py:135 | Haciendo click en la posición (359, 437)
2026-05-15 22:19:51 | INFO | my_functions.py:256 | 🖱️ Click OK: sign_out_grande.png at (359, 437) delay=1s
2026-05-15 22:19:51 | INFO | my_functions.py:236 | [DEBUG] wait_for_image_and_click -> sign_out2.png timeout=20s delay_click=1s confidence=0.8
2026-05-15 22:19:51 | INFO | my_functions.py:170 | Searching sign_out2.png (timeout=20s)
2026-05-15 22:19:51 | INFO | my_functions.py:200 | 
✅ Found: sign_out2.png pos=(383, 634) time=0.21s confidence=0.8
2026-05-15 22:19:52 | INFO | my_functions.py:135 | Haciendo click en la posición (383, 634)
2026-05-15 22:19:53 | INFO | my_functions.py:256 | 🖱️ Click OK: sign_out2.png at (383, 634) delay=1s
2026-05-15 22:19:53 | INFO | my_functions.py:1264 | ⏱ Esperando 0.1 segundos antes de empezar...
2026-05-15 22:19:53 | INFO | my_functions.py:1271 | 🔍 Esperando ventana que contenga alguna de: SNAP (máx 20s)
2026-05-15 22:19:53 | INFO | my_functions.py:1283 | ✅ Ventana encontrada: 'SNAP'
2026-05-15 22:19:53 | INFO | my_functions.py:1298 | ✅ Ventana seleccionada: 'SNAP'
2026-05-15 22:19:55 | INFO | my_functions.py:1321 | 🔁 Reajuste #1...
2026-05-15 22:19:57 | INFO | my_functions.py:1328 | ✔ Verificación completa. Se hicieron 1 reajustes.
2026-05-15 22:20:01 | INFO | each_eight_hours.py:139 | Processing account: overture_vm
2026-05-15 22:20:01 | INFO | each_eight_hours.py:142 | Game relaunched for account
2026-05-15 22:20:01 | INFO | my_functions.py:1264 | ⏱ Esperando 0.1 segundos antes de empezar...
2026-05-15 22:20:01 | INFO | my_functions.py:1271 | 🔍 Esperando ventana que contenga alguna de: ['SNAP'] (máx 20s)
2026-05-15 22:20:04 | INFO | my_functions.py:1283 | ✅ Ventana encontrada: 'SNAP'
2026-05-15 22:20:04 | INFO | my_functions.py:1298 | ✅ Ventana seleccionada: 'SNAP'
2026-05-15 22:20:06 | INFO | my_functions.py:1330 | ✔ Verificación completa. No hubo cambios después del primer ajuste.
2026-05-15 22:20:06 | INFO | my_functions.py:970 | [DEBUG] Resizing SNAP window...
2026-05-15 22:20:06 | INFO | my_functions.py:1264 | ⏱ Esperando 0.1 segundos antes de empezar...
2026-05-15 22:20:06 | INFO | my_functions.py:1271 | 🔍 Esperando ventana que contenga alguna de: ['SNAP'] (máx 20s)
2026-05-15 22:20:06 | INFO | my_functions.py:1283 | ✅ Ventana encontrada: 'SNAP'
2026-05-15 22:20:06 | INFO | my_functions.py:1298 | ✅ Ventana seleccionada: 'SNAP'
2026-05-15 22:20:09 | INFO | my_functions.py:1330 | ✔ Verificación completa. No hubo cambios después del primer ajuste.
2026-05-15 22:20:09 | INFO | my_functions.py:236 | [DEBUG] wait_for_image_and_click -> submit.PNG timeout=90s delay_click=0.2s confidence=0.8
2026-05-15 22:20:09 | INFO | my_functions.py:170 | Searching submit.PNG (timeout=90s)
2026-05-15 22:20:13 | INFO | my_functions.py:200 | 
✅ Found: submit.PNG pos=(386, 786) time=3.54s confidence=0.8
2026-05-15 22:20:13 | INFO | my_functions.py:135 | Haciendo click en la posición (386, 786)
2026-05-15 22:20:13 | INFO | my_functions.py:256 | 🖱️ Click OK: submit.PNG at (386, 786) delay=0.2s
2026-05-15 22:20:13 | INFO | my_functions.py:1264 | ⏱ Esperando 0.1 segundos antes de empezar...
2026-05-15 22:20:14 | INFO | my_functions.py:1271 | 🔍 Esperando ventana que contenga alguna de: ['SNAP'] (máx 20s)
2026-05-15 22:20:14 | INFO | my_functions.py:1283 | ✅ Ventana encontrada: 'SNAP'
2026-05-15 22:20:14 | INFO | my_functions.py:1298 | ✅ Ventana seleccionada: 'SNAP'
2026-05-15 22:20:16 | INFO | my_functions.py:1321 | 🔁 Reajuste #1...
2026-05-15 22:20:17 | INFO | my_functions.py:1328 | ✔ Verificación completa. Se hicieron 1 reajustes.
2026-05-15 22:20:17 | INFO | my_functions.py:170 | Searching please_sign.png (timeout=0s)
2026-05-15 22:20:17 | INFO | my_functions.py:200 | 
✅ Found: please_sign.png pos=(383, 438) time=0.22s confidence=0.8
2026-05-15 22:20:17 | INFO | my_functions.py:236 | [DEBUG] wait_for_image_and_click -> ok_btn.png timeout=20s delay_click=1s confidence=0.8
2026-05-15 22:20:17 | INFO | my_functions.py:170 | Searching ok_btn.png (timeout=20s)
2026-05-15 22:20:17 | INFO | my_functions.py:200 | 
✅ Found: ok_btn.png pos=(382, 634) time=0.19s confidence=0.8
2026-05-15 22:20:18 | INFO | my_functions.py:135 | Haciendo click en la posición (382, 634)
2026-05-15 22:20:18 | INFO | my_functions.py:256 | 🖱️ Click OK: ok_btn.png at (382, 634) delay=1s
2026-05-15 22:20:18 | INFO | my_functions.py:236 | [DEBUG] wait_for_image_and_click -> submit.PNG timeout=90s delay_click=0.2s confidence=0.8
2026-05-15 22:20:18 | INFO | my_functions.py:170 | Searching submit.PNG (timeout=90s)
2026-05-15 22:20:19 | INFO | my_functions.py:200 | 
✅ Found: submit.PNG pos=(385, 779) time=1.27s confidence=0.8
2026-05-15 22:20:20 | INFO | my_functions.py:135 | Haciendo click en la posición (385, 779)
2026-05-15 22:20:20 | INFO | my_functions.py:256 | 🖱️ Click OK: submit.PNG at (385, 779) delay=0.2s
2026-05-15 22:20:20 | INFO | my_functions.py:170 | Searching sign_in_with_google2.PNG (timeout=90s)
2026-05-15 22:20:21 | INFO | my_functions.py:200 | 
✅ Found: sign_in_with_google2.PNG pos=(406, 957) time=1.22s confidence=0.8
2026-05-15 22:20:21 | INFO | my_functions.py:236 | [DEBUG] wait_for_image_and_click -> sign_in_with_google2.PNG timeout=20s delay_click=1s confidence=0.8
2026-05-15 22:20:21 | INFO | my_functions.py:170 | Searching sign_in_with_google2.PNG (timeout=20s)
2026-05-15 22:20:21 | INFO | my_functions.py:200 | 
✅ Found: sign_in_with_google2.PNG pos=(406, 957) time=0.19s confidence=0.8
2026-05-15 22:20:22 | INFO | my_functions.py:135 | Haciendo click en la posición (406, 957)
2026-05-15 22:20:23 | INFO | my_functions.py:256 | 🖱️ Click OK: sign_in_with_google2.PNG at (406, 957) delay=1s
2026-05-15 22:20:23 | INFO | my_functions.py:236 | [DEBUG] wait_for_image_and_click -> overture_vm.png timeout=30s delay_click=3s confidence=0.8
2026-05-15 22:20:23 | INFO | my_functions.py:170 | Searching overture_vm.png (timeout=30s)
2026-05-15 22:20:28 | INFO | my_functions.py:200 | 
✅ Found: overture_vm.png pos=(1126, 447) time=5.63s confidence=0.8
2026-05-15 22:20:31 | INFO | my_functions.py:135 | Haciendo click en la posición (1126, 447)
2026-05-15 22:20:31 | INFO | my_functions.py:256 | 🖱️ Click OK: overture_vm.png at (1126, 447) delay=3s
2026-05-15 22:20:31 | INFO | my_functions.py:170 | Searching marvelsnap_web.png (timeout=30s)
2026-05-15 22:20:37 | INFO | my_functions.py:200 | 
✅ Found: marvelsnap_web.png pos=(258, 80) time=5.33s confidence=0.7
2026-05-15 22:20:37 | INFO | my_functions.py:170 | Searching shop_unselected.PNG (timeout=0s)
2026-05-15 22:20:38 | INFO | my_functions.py:214 | 
⛔ Not found: shop_unselected.PNG after 0.0s region=(0, 0, 765, 1038) confidence=0.8
2026-05-15 22:20:38 | INFO | my_functions.py:236 | [DEBUG] wait_for_image_and_click -> super_premium.PNG timeout=0s delay_click=1s confidence=0.8
2026-05-15 22:20:38 | INFO | my_functions.py:170 | Searching super_premium.PNG (timeout=0s)
2026-05-15 22:20:38 | INFO | my_functions.py:214 | 
⛔ Not found: super_premium.PNG after 0.0s region=(0, 0, 765, 1038) confidence=0.8
2026-05-15 22:20:38 | INFO | my_functions.py:263 | [DEBUG] Click skipped, image not found: super_premium.PNG
2026-05-15 22:20:38 | INFO | my_functions.py:236 | [DEBUG] wait_for_image_and_click -> maybe_later.PNG timeout=0s delay_click=1s confidence=0.8
2026-05-15 22:20:38 | INFO | my_functions.py:170 | Searching maybe_later.PNG (timeout=0s)
2026-05-15 22:20:38 | INFO | my_functions.py:214 | 
⛔ Not found: maybe_later.PNG after 0.01s region=(0, 0, 765, 1038) confidence=0.8
2026-05-15 22:20:38 | INFO | my_functions.py:263 | [DEBUG] Click skipped, image not found: maybe_later.PNG
2026-05-15 22:20:38 | INFO | my_functions.py:236 | [DEBUG] wait_for_image_and_click -> maybe_later2.PNG timeout=0s delay_click=1s confidence=0.8
2026-05-15 22:20:38 | INFO | my_functions.py:170 | Searching maybe_later2.PNG (timeout=0s)
2026-05-15 22:20:38 | INFO | my_functions.py:214 | 
⛔ Not found: maybe_later2.PNG after 0.0s region=(0, 0, 765, 1038) confidence=0.8
2026-05-15 22:20:38 | INFO | my_functions.py:263 | [DEBUG] Click skipped, image not found: maybe_later2.PNG
2026-05-15 22:20:38 | INFO | my_functions.py:170 | Searching go_to_shop.PNG (timeout=0s)
2026-05-15 22:20:38 | INFO | my_functions.py:214 | 
⛔ Not found: go_to_shop.PNG after 0.0s region=(0, 0, 765, 1038) confidence=0.8
2026-05-15 22:20:38 | INFO | my_functions.py:236 | [DEBUG] wait_for_image_and_click -> 14_days_of_winterverse.PNG timeout=0s delay_click=1s confidence=0.8
2026-05-15 22:20:38 | INFO | my_functions.py:170 | Searching 14_days_of_winterverse.PNG (timeout=0s)
2026-05-15 22:20:39 | INFO | my_functions.py:214 | 
⛔ Not found: 14_days_of_winterverse.PNG after 0.0s region=(0, 0, 765, 1038) confidence=0.8
2026-05-15 22:20:39 | INFO | my_functions.py:263 | [DEBUG] Click skipped, image not found: 14_days_of_winterverse.PNG
2026-05-15 22:20:39 | INFO | my_functions.py:170 | Searching welcome_back_calendar.PNG (timeout=0s)
2026-05-15 22:20:39 | INFO | my_functions.py:214 | 
⛔ Not found: welcome_back_calendar.PNG after 0.0s region=(0, 0, 765, 1038) confidence=0.8
2026-05-15 22:20:39 | INFO | my_functions.py:236 | [DEBUG] wait_for_image_and_click -> start_the_countdown.PNG timeout=0s delay_click=1s confidence=0.8
2026-05-15 22:20:39 | INFO | my_functions.py:170 | Searching start_the_countdown.PNG (timeout=0s)
2026-05-15 22:20:39 | INFO | my_functions.py:214 | 
⛔ Not found: start_the_countdown.PNG after 0.01s region=(0, 0, 765, 1038) confidence=0.8
2026-05-15 22:20:39 | INFO | my_functions.py:263 | [DEBUG] Click skipped, image not found: start_the_countdown.PNG
2026-05-15 22:20:39 | INFO | my_functions.py:236 | [DEBUG] wait_for_image_and_click -> event_has_ended_sanctum.PNG timeout=0s delay_click=1s confidence=0.8
2026-05-15 22:20:39 | INFO | my_functions.py:170 | Searching event_has_ended_sanctum.PNG (timeout=0s)
2026-05-15 22:20:39 | INFO | my_functions.py:214 | 
⛔ Not found: event_has_ended_sanctum.PNG after 0.0s region=(0, 0, 765, 1038) confidence=0.8
2026-05-15 22:20:39 | INFO | my_functions.py:263 | [DEBUG] Click skipped, image not found: event_has_ended_sanctum.PNG
2026-05-15 22:20:39 | INFO | my_functions.py:236 | [DEBUG] wait_for_image_and_click -> image_part_of_event_grand_arena_finished.PNG timeout=0s delay_click=1s confidence=0.8
2026-05-15 22:20:39 | INFO | my_functions.py:170 | Searching image_part_of_event_grand_arena_finished.PNG (timeout=0s)
2026-05-15 22:20:39 | INFO | my_functions.py:214 | 
⛔ Not found: image_part_of_event_grand_arena_finished.PNG after 0.0s region=(0, 0, 765, 1038) confidence=0.8
2026-05-15 22:20:39 | INFO | my_functions.py:263 | [DEBUG] Click skipped, image not found: image_part_of_event_grand_arena_finished.PNG
2026-05-15 22:20:39 | INFO | my_functions.py:170 | Searching 28_day_event_login_rewards.PNG (timeout=0s)
2026-05-15 22:20:40 | INFO | my_functions.py:214 | 
⛔ Not found: 28_day_event_login_rewards.PNG after 0.01s region=(0, 0, 765, 1038) confidence=0.8
2026-05-15 22:20:40 | INFO | my_functions.py:170 | Searching 7_day_event_login.PNG (timeout=0s)
2026-05-15 22:20:40 | INFO | my_functions.py:214 | 
⛔ Not found: 7_day_event_login.PNG after 0.0s region=(0, 0, 765, 1038) confidence=0.8
2026-05-15 22:20:40 | INFO | my_functions.py:170 | Searching 14_days_event.PNG (timeout=0s)
2026-05-15 22:20:40 | INFO | my_functions.py:214 | 
⛔ Not found: 14_days_event.PNG after 0.0s region=(0, 0, 765, 1038) confidence=0.8
2026-05-15 22:20:40 | INFO | my_functions.py:236 | [DEBUG] wait_for_image_and_click -> lets_go.PNG timeout=0s delay_click=1s confidence=0.8
2026-05-15 22:20:40 | INFO | my_functions.py:170 | Searching lets_go.PNG (timeout=0s)
2026-05-15 22:20:40 | INFO | my_functions.py:214 | 
⛔ Not found: lets_go.PNG after 0.0s region=(0, 0, 765, 1038) confidence=0.8
2026-05-15 22:20:40 | INFO | my_functions.py:263 | [DEBUG] Click skipped, image not found: lets_go.PNG
2026-05-15 22:20:41 | INFO | my_functions.py:170 | Searching shop_unselected.PNG (timeout=0s)
2026-05-15 22:20:41 | INFO | my_functions.py:214 | 
⛔ Not found: shop_unselected.PNG after 0.0s region=(0, 0, 765, 1038) confidence=0.8
2026-05-15 22:20:41 | INFO | my_functions.py:236 | [DEBUG] wait_for_image_and_click -> super_premium.PNG timeout=0s delay_click=1s confidence=0.8
2026-05-15 22:20:41 | INFO | my_functions.py:170 | Searching super_premium.PNG (timeout=0s)
2026-05-15 22:20:42 | INFO | my_functions.py:214 | 
⛔ Not found: super_premium.PNG after 0.0s region=(0, 0, 765, 1038) confidence=0.8
2026-05-15 22:20:42 | INFO | my_functions.py:263 | [DEBUG] Click skipped, image not found: super_premium.PNG
2026-05-15 22:20:42 | INFO | my_functions.py:236 | [DEBUG] wait_for_image_and_click -> maybe_later.PNG timeout=0s delay_click=1s confidence=0.8
2026-05-15 22:20:42 | INFO | my_functions.py:170 | Searching maybe_later.PNG (timeout=0s)
2026-05-15 22:20:42 | INFO | my_functions.py:214 | 
⛔ Not found: maybe_later.PNG after 0.01s region=(0, 0, 765, 1038) confidence=0.8
2026-05-15 22:20:42 | INFO | my_functions.py:263 | [DEBUG] Click skipped, image not found: maybe_later.PNG
2026-05-15 22:20:42 | INFO | my_functions.py:236 | [DEBUG] wait_for_image_and_click -> maybe_later2.PNG timeout=0s delay_click=1s confidence=0.8
2026-05-15 22:20:42 | INFO | my_functions.py:170 | Searching maybe_later2.PNG (timeout=0s)
2026-05-15 22:20:42 | INFO | my_functions.py:214 | 
⛔ Not found: maybe_later2.PNG after 0.0s region=(0, 0, 765, 1038) confidence=0.8
2026-05-15 22:20:42 | INFO | my_functions.py:263 | [DEBUG] Click skipped, image not found: maybe_later2.PNG
2026-05-15 22:20:42 | INFO | my_functions.py:170 | Searching go_to_shop.PNG (timeout=0s)
2026-05-15 22:20:42 | INFO | my_functions.py:214 | 
⛔ Not found: go_to_shop.PNG after 0.0s region=(0, 0, 765, 1038) confidence=0.8
2026-05-15 22:20:42 | INFO | my_functions.py:236 | [DEBUG] wait_for_image_and_click -> 14_days_of_winterverse.PNG timeout=0s delay_click=1s confidence=0.8
2026-05-15 22:20:42 | INFO | my_functions.py:170 | Searching 14_days_of_winterverse.PNG (timeout=0s)
2026-05-15 22:20:42 | INFO | my_functions.py:214 | 
⛔ Not found: 14_days_of_winterverse.PNG after 0.0s region=(0, 0, 765, 1038) confidence=0.8
2026-05-15 22:20:42 | INFO | my_functions.py:263 | [DEBUG] Click skipped, image not found: 14_days_of_winterverse.PNG
2026-05-15 22:20:42 | INFO | my_functions.py:170 | Searching welcome_back_calendar.PNG (timeout=0s)
2026-05-15 22:20:43 | INFO | my_functions.py:214 | 
⛔ Not found: welcome_back_calendar.PNG after 0.0s region=(0, 0, 765, 1038) confidence=0.8
2026-05-15 22:20:43 | INFO | my_functions.py:236 | [DEBUG] wait_for_image_and_click -> start_the_countdown.PNG timeout=0s delay_click=1s confidence=0.8
2026-05-15 22:20:43 | INFO | my_functions.py:170 | Searching start_the_countdown.PNG (timeout=0s)
2026-05-15 22:20:43 | INFO | my_functions.py:214 | 
⛔ Not found: start_the_countdown.PNG after 0.0s region=(0, 0, 765, 1038) confidence=0.8
2026-05-15 22:20:43 | INFO | my_functions.py:263 | [DEBUG] Click skipped, image not found: start_the_countdown.PNG
2026-05-15 22:20:43 | INFO | my_functions.py:236 | [DEBUG] wait_for_image_and_click -> event_has_ended_sanctum.PNG timeout=0s delay_click=1s confidence=0.8
2026-05-15 22:20:43 | INFO | my_functions.py:170 | Searching event_has_ended_sanctum.PNG (timeout=0s)
2026-05-15 22:20:43 | INFO | my_functions.py:214 | 
⛔ Not found: event_has_ended_sanctum.PNG after 0.01s region=(0, 0, 765, 1038) confidence=0.8
2026-05-15 22:20:43 | INFO | my_functions.py:263 | [DEBUG] Click skipped, image not found: event_has_ended_sanctum.PNG
2026-05-15 22:20:43 | INFO | my_functions.py:236 | [DEBUG] wait_for_image_and_click -> image_part_of_event_grand_arena_finished.PNG timeout=0s delay_click=1s confidence=0.8
2026-05-15 22:20:43 | INFO | my_functions.py:170 | Searching image_part_of_event_grand_arena_finished.PNG (timeout=0s)
2026-05-15 22:20:43 | INFO | my_functions.py:214 | 
⛔ Not found: image_part_of_event_grand_arena_finished.PNG after 0.0s region=(0, 0, 765, 1038) confidence=0.8
2026-05-15 22:20:43 | INFO | my_functions.py:263 | [DEBUG] Click skipped, image not found: image_part_of_event_grand_arena_finished.PNG
2026-05-15 22:20:43 | INFO | my_functions.py:170 | Searching 28_day_event_login_rewards.PNG (timeout=0s)
2026-05-15 22:20:43 | INFO | my_functions.py:214 | 
⛔ Not found: 28_day_event_login_rewards.PNG after 0.0s region=(0, 0, 765, 1038) confidence=0.8
2026-05-15 22:20:43 | INFO | my_functions.py:170 | Searching 7_day_event_login.PNG (timeout=0s)
2026-05-15 22:20:44 | INFO | my_functions.py:214 | 
⛔ Not found: 7_day_event_login.PNG after 0.0s region=(0, 0, 765, 1038) confidence=0.8
2026-05-15 22:20:44 | INFO | my_functions.py:170 | Searching 14_days_event.PNG (timeout=0s)
2026-05-15 22:20:44 | INFO | my_functions.py:214 | 
⛔ Not found: 14_days_event.PNG after 0.0s region=(0, 0, 765, 1038) confidence=0.8
2026-05-15 22:20:44 | INFO | my_functions.py:236 | [DEBUG] wait_for_image_and_click -> lets_go.PNG timeout=0s delay_click=1s confidence=0.8
2026-05-15 22:20:44 | INFO | my_functions.py:170 | Searching lets_go.PNG (timeout=0s)
2026-05-15 22:20:44 | INFO | my_functions.py:214 | 
⛔ Not found: lets_go.PNG after 0.0s region=(0, 0, 765, 1038) confidence=0.8
2026-05-15 22:20:44 | INFO | my_functions.py:263 | [DEBUG] Click skipped, image not found: lets_go.PNG
2026-05-15 22:20:45 | INFO | my_functions.py:170 | Searching shop_unselected.PNG (timeout=0s)
2026-05-15 22:20:45 | INFO | my_functions.py:214 | 
⛔ Not found: shop_unselected.PNG after 0.0s region=(0, 0, 765, 1038) confidence=0.8
2026-05-15 22:20:45 | INFO | my_functions.py:236 | [DEBUG] wait_for_image_and_click -> super_premium.PNG timeout=0s delay_click=1s confidence=0.8
2026-05-15 22:20:45 | INFO | my_functions.py:170 | Searching super_premium.PNG (timeout=0s)
2026-05-15 22:20:46 | INFO | my_functions.py:214 | 
⛔ Not found: super_premium.PNG after 0.0s region=(0, 0, 765, 1038) confidence=0.8
2026-05-15 22:20:46 | INFO | my_functions.py:263 | [DEBUG] Click skipped, image not found: super_premium.PNG
2026-05-15 22:20:46 | INFO | my_functions.py:236 | [DEBUG] wait_for_image_and_click -> maybe_later.PNG timeout=0s delay_click=1s confidence=0.8
2026-05-15 22:20:46 | INFO | my_functions.py:170 | Searching maybe_later.PNG (timeout=0s)
2026-05-15 22:20:46 | INFO | my_functions.py:214 | 
⛔ Not found: maybe_later.PNG after 0.0s region=(0, 0, 765, 1038) confidence=0.8
2026-05-15 22:20:46 | INFO | my_functions.py:263 | [DEBUG] Click skipped, image not found: maybe_later.PNG
2026-05-15 22:20:46 | INFO | my_functions.py:236 | [DEBUG] wait_for_image_and_click -> maybe_later2.PNG timeout=0s delay_click=1s confidence=0.8
2026-05-15 22:20:46 | INFO | my_functions.py:170 | Searching maybe_later2.PNG (timeout=0s)
2026-05-15 22:20:46 | INFO | my_functions.py:214 | 
⛔ Not found: maybe_later2.PNG after 0.0s region=(0, 0, 765, 1038) confidence=0.8
2026-05-15 22:20:46 | INFO | my_functions.py:263 | [DEBUG] Click skipped, image not found: maybe_later2.PNG
2026-05-15 22:20:46 | INFO | my_functions.py:170 | Searching go_to_shop.PNG (timeout=0s)
2026-05-15 22:20:47 | INFO | my_functions.py:214 | 
⛔ Not found: go_to_shop.PNG after 0.01s region=(0, 0, 765, 1038) confidence=0.8
2026-05-15 22:20:47 | INFO | my_functions.py:236 | [DEBUG] wait_for_image_and_click -> 14_days_of_winterverse.PNG timeout=0s delay_click=1s confidence=0.8
2026-05-15 22:20:47 | INFO | my_functions.py:170 | Searching 14_days_of_winterverse.PNG (timeout=0s)
2026-05-15 22:20:47 | INFO | my_functions.py:214 | 
⛔ Not found: 14_days_of_winterverse.PNG after 0.0s region=(0, 0, 765, 1038) confidence=0.8
2026-05-15 22:20:47 | INFO | my_functions.py:263 | [DEBUG] Click skipped, image not found: 14_days_of_winterverse.PNG
2026-05-15 22:20:47 | INFO | my_functions.py:170 | Searching welcome_back_calendar.PNG (timeout=0s)
2026-05-15 22:20:47 | INFO | my_functions.py:214 | 
⛔ Not found: welcome_back_calendar.PNG after 0.01s region=(0, 0, 765, 1038) confidence=0.8
2026-05-15 22:20:47 | INFO | my_functions.py:236 | [DEBUG] wait_for_image_and_click -> start_the_countdown.PNG timeout=0s delay_click=1s confidence=0.8
2026-05-15 22:20:47 | INFO | my_functions.py:170 | Searching start_the_countdown.PNG (timeout=0s)
2026-05-15 22:20:47 | INFO | my_functions.py:214 | 
⛔ Not found: start_the_countdown.PNG after 0.01s region=(0, 0, 765, 1038) confidence=0.8
2026-05-15 22:20:47 | INFO | my_functions.py:263 | [DEBUG] Click skipped, image not found: start_the_countdown.PNG
2026-05-15 22:20:47 | INFO | my_functions.py:236 | [DEBUG] wait_for_image_and_click -> event_has_ended_sanctum.PNG timeout=0s delay_click=1s confidence=0.8
2026-05-15 22:20:47 | INFO | my_functions.py:170 | Searching event_has_ended_sanctum.PNG (timeout=0s)
2026-05-15 22:20:47 | INFO | my_functions.py:214 | 
⛔ Not found: event_has_ended_sanctum.PNG after 0.0s region=(0, 0, 765, 1038) confidence=0.8
2026-05-15 22:20:47 | INFO | my_functions.py:263 | [DEBUG] Click skipped, image not found: event_has_ended_sanctum.PNG
2026-05-15 22:20:47 | INFO | my_functions.py:236 | [DEBUG] wait_for_image_and_click -> image_part_of_event_grand_arena_finished.PNG timeout=0s delay_click=1s confidence=0.8
2026-05-15 22:20:47 | INFO | my_functions.py:170 | Searching image_part_of_event_grand_arena_finished.PNG (timeout=0s)
2026-05-15 22:20:48 | INFO | my_functions.py:214 | 
⛔ Not found: image_part_of_event_grand_arena_finished.PNG after 0.0s region=(0, 0, 765, 1038) confidence=0.8
2026-05-15 22:20:48 | INFO | my_functions.py:263 | [DEBUG] Click skipped, image not found: image_part_of_event_grand_arena_finished.PNG
2026-05-15 22:20:48 | INFO | my_functions.py:170 | Searching 28_day_event_login_rewards.PNG (timeout=0s)
2026-05-15 22:20:48 | INFO | my_functions.py:214 | 
⛔ Not found: 28_day_event_login_rewards.PNG after 0.0s region=(0, 0, 765, 1038) confidence=0.8
2026-05-15 22:20:48 | INFO | my_functions.py:170 | Searching 7_day_event_login.PNG (timeout=0s)
2026-05-15 22:20:48 | INFO | my_functions.py:214 | 
⛔ Not found: 7_day_event_login.PNG after 0.0s region=(0, 0, 765, 1038) confidence=0.8
2026-05-15 22:20:48 | INFO | my_functions.py:170 | Searching 14_days_event.PNG (timeout=0s)
2026-05-15 22:20:48 | INFO | my_functions.py:214 | 
⛔ Not found: 14_days_event.PNG after 0.0s region=(0, 0, 765, 1038) confidence=0.8
2026-05-15 22:20:48 | INFO | my_functions.py:236 | [DEBUG] wait_for_image_and_click -> lets_go.PNG timeout=0s delay_click=1s confidence=0.8
2026-05-15 22:20:48 | INFO | my_functions.py:170 | Searching lets_go.PNG (timeout=0s)
2026-05-15 22:20:49 | INFO | my_functions.py:214 | 
⛔ Not found: lets_go.PNG after 0.0s region=(0, 0, 765, 1038) confidence=0.8
2026-05-15 22:20:49 | INFO | my_functions.py:263 | [DEBUG] Click skipped, image not found: lets_go.PNG
2026-05-15 22:20:50 | INFO | my_functions.py:170 | Searching shop_unselected.PNG (timeout=0s)
2026-05-15 22:20:50 | INFO | my_functions.py:200 | 
✅ Found: shop_unselected.PNG pos=(88, 961) time=0.21s confidence=0.8
2026-05-15 22:20:58 | INFO | my_functions.py:170 | Searching shop_unselected.PNG (timeout=0s)
2026-05-15 22:20:58 | INFO | my_functions.py:214 | 
⛔ Not found: shop_unselected.PNG after 0.0s region=(0, 0, 765, 1038) confidence=0.8
2026-05-15 22:20:59 | INFO | my_functions.py:170 | Searching shop_unselected.PNG (timeout=0s)
2026-05-15 22:20:59 | INFO | my_functions.py:214 | 
⛔ Not found: shop_unselected.PNG after 0.0s region=(0, 0, 765, 1038) confidence=0.8
2026-05-15 22:20:59 | INFO | my_functions.py:236 | [DEBUG] wait_for_image_and_click -> super_premium.PNG timeout=0s delay_click=1s confidence=0.8
2026-05-15 22:20:59 | INFO | my_functions.py:170 | Searching super_premium.PNG (timeout=0s)
2026-05-15 22:21:00 | INFO | my_functions.py:214 | 
⛔ Not found: super_premium.PNG after 0.0s region=(0, 0, 765, 1038) confidence=0.8
2026-05-15 22:21:00 | INFO | my_functions.py:263 | [DEBUG] Click skipped, image not found: super_premium.PNG
2026-05-15 22:21:00 | INFO | my_functions.py:236 | [DEBUG] wait_for_image_and_click -> maybe_later.PNG timeout=0s delay_click=1s confidence=0.8
2026-05-15 22:21:00 | INFO | my_functions.py:170 | Searching maybe_later.PNG (timeout=0s)
2026-05-15 22:21:00 | INFO | my_functions.py:214 | 
⛔ Not found: maybe_later.PNG after 0.0s region=(0, 0, 765, 1038) confidence=0.8
2026-05-15 22:21:00 | INFO | my_functions.py:263 | [DEBUG] Click skipped, image not found: maybe_later.PNG
2026-05-15 22:21:00 | INFO | my_functions.py:236 | [DEBUG] wait_for_image_and_click -> maybe_later2.PNG timeout=0s delay_click=1s confidence=0.8
2026-05-15 22:21:00 | INFO | my_functions.py:170 | Searching maybe_later2.PNG (timeout=0s)
2026-05-15 22:21:00 | INFO | my_functions.py:214 | 
⛔ Not found: maybe_later2.PNG after 0.0s region=(0, 0, 765, 1038) confidence=0.8
2026-05-15 22:21:00 | INFO | my_functions.py:263 | [DEBUG] Click skipped, image not found: maybe_later2.PNG
2026-05-15 22:21:00 | INFO | my_functions.py:170 | Searching go_to_shop.PNG (timeout=0s)
2026-05-15 22:21:00 | INFO | my_functions.py:200 | 
✅ Found: go_to_shop.PNG pos=(275, 827) time=0.22s confidence=0.8
2026-05-15 22:21:02 | INFO | my_functions.py:236 | [DEBUG] wait_for_image_and_click -> white_x.png timeout=20s delay_click=1s confidence=0.8
2026-05-15 22:21:02 | INFO | my_functions.py:170 | Searching white_x.png (timeout=20s)
2026-05-15 22:21:02 | INFO | my_functions.py:200 | 
✅ Found: white_x.png pos=(597, 113) time=0.21s confidence=0.8
2026-05-15 22:21:03 | INFO | my_functions.py:135 | Haciendo click en la posición (597, 113)
2026-05-15 22:21:04 | INFO | my_functions.py:256 | 🖱️ Click OK: white_x.png at (597, 113) delay=1s
2026-05-15 22:21:12 | INFO | my_functions.py:170 | Searching shop_unselected.PNG (timeout=0s)
2026-05-15 22:21:12 | INFO | my_functions.py:214 | 
⛔ Not found: shop_unselected.PNG after 0.0s region=(0, 0, 765, 1038) confidence=0.8
2026-05-15 22:21:13 | INFO | my_functions.py:170 | Searching shop_unselected.PNG (timeout=0s)
2026-05-15 22:21:13 | INFO | my_functions.py:214 | 
⛔ Not found: shop_unselected.PNG after 0.0s region=(0, 0, 765, 1038) confidence=0.8
2026-05-15 22:21:13 | INFO | my_functions.py:236 | [DEBUG] wait_for_image_and_click -> super_premium.PNG timeout=0s delay_click=1s confidence=0.8
2026-05-15 22:21:13 | INFO | my_functions.py:170 | Searching super_premium.PNG (timeout=0s)
2026-05-15 22:21:13 | INFO | my_functions.py:200 | 
✅ Found: super_premium.PNG pos=(480, 777) time=0.2s confidence=0.8
2026-05-15 22:21:14 | INFO | my_functions.py:135 | Haciendo click en la posición (480, 777)
2026-05-15 22:21:14 | INFO | my_functions.py:256 | 🖱️ Click OK: super_premium.PNG at (480, 777) delay=1s
2026-05-15 22:21:14 | INFO | my_functions.py:143 | Presionando ESC (1/1)
2026-05-15 22:21:23 | INFO | my_functions.py:170 | Searching shop_unselected.PNG (timeout=0s)
2026-05-15 22:21:23 | INFO | my_functions.py:200 | 
✅ Found: shop_unselected.PNG pos=(88, 961) time=0.2s confidence=0.8
2026-05-15 22:21:23 | INFO | my_functions.py:497 | Ya esta listo
2026-05-15 22:21:26 | INFO | my_functions.py:309 | AVAILABLE: 5
2026-05-15 22:21:26 | INFO | my_functions.py:331 | Misiones completadas: 0
2026-05-15 22:21:26 | INFO | my_functions.py:170 | Searching play.PNG (timeout=0s)
2026-05-15 22:21:26 | INFO | my_functions.py:200 | 
✅ Found: play.PNG pos=(384, 825) time=0.25s confidence=0.8
2026-05-15 22:21:26 | INFO | my_functions.py:1159 | [INFO] Click realizado donde se equipa el deck a jugar
2026-05-15 22:21:30 | INFO | my_functions.py:236 | [DEBUG] wait_for_image_and_click -> deck_666666.png timeout=3s delay_click=1s confidence=0.8
2026-05-15 22:21:30 | INFO | my_functions.py:170 | Searching deck_666666.png (timeout=3s)
2026-05-15 22:21:30 | INFO | my_functions.py:200 | 
✅ Found: deck_666666.png pos=(235, 546) time=0.22s confidence=0.8
2026-05-15 22:21:31 | INFO | my_functions.py:135 | Haciendo click en la posición (235, 546)
2026-05-15 22:21:31 | INFO | my_functions.py:256 | 🖱️ Click OK: deck_666666.png at (235, 546) delay=1s
2026-05-15 22:21:31 | INFO | my_functions.py:236 | [DEBUG] wait_for_image_and_click -> equip.png timeout=3s delay_click=1s confidence=0.95
2026-05-15 22:21:31 | INFO | my_functions.py:170 | Searching equip.png (timeout=3s)
2026-05-15 22:21:32 | INFO | my_functions.py:200 | 
✅ Found: equip.png pos=(548, 983) time=0.25s confidence=0.95
2026-05-15 22:21:33 | INFO | my_functions.py:135 | Haciendo click en la posición (548, 983)
2026-05-15 22:21:33 | INFO | my_functions.py:256 | 🖱️ Click OK: equip.png at (548, 983) delay=1s
2026-05-15 22:21:33 | INFO | each_eight_hours.py:184 | Deck selected: 6turns
2026-05-15 22:21:33 | INFO | my_functions.py:236 | [DEBUG] wait_for_image_and_click -> maybe_later.PNG timeout=2s delay_click=1s confidence=0.8
2026-05-15 22:21:33 | INFO | my_functions.py:170 | Searching maybe_later.PNG (timeout=2s)
2026-05-15 22:21:35 | INFO | my_functions.py:214 | 
⛔ Not found: maybe_later.PNG after 2.11s region=(0, 0, 765, 1038) confidence=0.8
2026-05-15 22:21:35 | INFO | my_functions.py:263 | [DEBUG] Click skipped, image not found: maybe_later.PNG
2026-05-15 22:21:35 | INFO | my_functions.py:236 | [DEBUG] wait_for_image_and_click -> maybe_later2.PNG timeout=0.01s delay_click=1s confidence=0.8
2026-05-15 22:21:35 | INFO | my_functions.py:170 | Searching maybe_later2.PNG (timeout=0.01s)
2026-05-15 22:21:36 | INFO | my_functions.py:214 | 
⛔ Not found: maybe_later2.PNG after 0.21s region=(0, 0, 765, 1038) confidence=0.8
2026-05-15 22:21:36 | INFO | my_functions.py:263 | [DEBUG] Click skipped, image not found: maybe_later2.PNG
2026-05-15 22:21:36 | INFO | each_eight_hours.py:237 | Starting game loop 1
2026-05-15 22:21:36 | INFO | my_functions.py:236 | [DEBUG] wait_for_image_and_click -> play.PNG timeout=20s delay_click=3s confidence=0.8
2026-05-15 22:21:36 | INFO | my_functions.py:170 | Searching play.PNG (timeout=20s)
2026-05-15 22:21:36 | INFO | my_functions.py:200 | 
✅ Found: play.PNG pos=(384, 824) time=0.22s confidence=0.8
2026-05-15 22:21:39 | INFO | my_functions.py:135 | Haciendo click en la posición (384, 824)
2026-05-15 22:21:39 | INFO | my_functions.py:256 | 🖱️ Click OK: play.PNG at (384, 824) delay=3s
2026-05-15 22:21:51 | INFO | my_functions.py:200 | 
✅ Found: end_turn.PNG pos=(682, 945) time=0.2s confidence=0.8
2026-05-15 22:21:51 | INFO | my_functions.py:236 | [DEBUG] wait_for_image_and_click -> snap.PNG timeout=0s delay_click=1s confidence=0.8
2026-05-15 22:21:52 | INFO | my_functions.py:200 | 
✅ Found: snap.PNG pos=(386, 122) time=0.23s confidence=0.8
2026-05-15 22:21:53 | INFO | my_functions.py:135 | Haciendo click en la posición (386, 122)
2026-05-15 22:21:53 | INFO | my_functions.py:256 | 🖱️ Click OK: snap.PNG at (386, 122) delay=1s
2026-05-15 22:21:58 | INFO | my_functions.py:135 | Haciendo click en la posición (682, 945)
2026-05-15 22:21:59 | INFO | each_eight_hours.py:253 | End turn executed
2026-05-15 22:22:06 | INFO | my_functions.py:200 | 
✅ Found: end_turn.PNG pos=(681, 945) time=0.19s confidence=0.8
2026-05-15 22:22:06 | INFO | my_functions.py:236 | [DEBUG] wait_for_image_and_click -> snap.PNG timeout=0s delay_click=1s confidence=0.8
2026-05-15 22:22:07 | INFO | my_functions.py:263 | [DEBUG] Click skipped, image not found: snap.PNG
2026-05-15 22:22:12 | INFO | my_functions.py:135 | Haciendo click en la posición (681, 945)
2026-05-15 22:22:13 | INFO | each_eight_hours.py:253 | End turn executed
2026-05-15 22:22:25 | INFO | my_functions.py:200 | 
✅ Found: end_turn.PNG pos=(681, 945) time=0.22s confidence=0.8
2026-05-15 22:22:25 | INFO | my_functions.py:236 | [DEBUG] wait_for_image_and_click -> snap.PNG timeout=0s delay_click=1s confidence=0.8
2026-05-15 22:22:25 | INFO | my_functions.py:263 | [DEBUG] Click skipped, image not found: snap.PNG
2026-05-15 22:22:30 | INFO | my_functions.py:135 | Haciendo click en la posición (681, 945)
2026-05-15 22:22:31 | INFO | each_eight_hours.py:253 | End turn executed
2026-05-15 22:22:46 | INFO | my_functions.py:200 | 
✅ Found: end_turn.PNG pos=(681, 945) time=0.19s confidence=0.8
2026-05-15 22:22:46 | INFO | my_functions.py:236 | [DEBUG] wait_for_image_and_click -> snap.PNG timeout=0s delay_click=1s confidence=0.8
2026-05-15 22:22:46 | INFO | my_functions.py:263 | [DEBUG] Click skipped, image not found: snap.PNG
2026-05-15 22:22:52 | INFO | my_functions.py:135 | Haciendo click en la posición (681, 945)
2026-05-15 22:22:53 | INFO | each_eight_hours.py:253 | End turn executed
2026-05-15 22:23:10 | INFO | my_functions.py:200 | 
✅ Found: end_turn.PNG pos=(681, 945) time=0.19s confidence=0.8
2026-05-15 22:23:10 | INFO | my_functions.py:236 | [DEBUG] wait_for_image_and_click -> snap.PNG timeout=0s delay_click=1s confidence=0.8
2026-05-15 22:23:10 | INFO | my_functions.py:263 | [DEBUG] Click skipped, image not found: snap.PNG
2026-05-15 22:23:15 | INFO | my_functions.py:135 | Haciendo click en la posición (681, 945)
2026-05-15 22:23:16 | INFO | each_eight_hours.py:253 | End turn executed
2026-05-15 22:23:35 | INFO | my_functions.py:200 | 
✅ Found: end_turn.PNG pos=(681, 945) time=0.21s confidence=0.8
2026-05-15 22:23:35 | INFO | my_functions.py:236 | [DEBUG] wait_for_image_and_click -> snap.PNG timeout=0s delay_click=1s confidence=0.8
2026-05-15 22:23:35 | INFO | my_functions.py:263 | [DEBUG] Click skipped, image not found: snap.PNG
2026-05-15 22:23:40 | INFO | my_functions.py:135 | Haciendo click en la posición (681, 945)
2026-05-15 22:23:41 | INFO | each_eight_hours.py:253 | End turn executed
2026-05-15 22:24:13 | INFO | my_functions.py:200 | 
✅ Found: end_turn.PNG pos=(681, 945) time=0.19s confidence=0.8
2026-05-15 22:24:13 | INFO | my_functions.py:236 | [DEBUG] wait_for_image_and_click -> snap.PNG timeout=0s delay_click=1s confidence=0.8
2026-05-15 22:24:13 | INFO | my_functions.py:263 | [DEBUG] Click skipped, image not found: snap.PNG
2026-05-15 22:24:18 | INFO | my_functions.py:135 | Haciendo click en la posición (681, 945)
2026-05-15 22:24:19 | INFO | each_eight_hours.py:253 | End turn executed
2026-05-15 22:24:47 | INFO | my_functions.py:200 | 
✅ Found: collect_rewards.PNG pos=(679, 972) time=0.21s confidence=0.8
2026-05-15 22:24:47 | INFO | each_eight_hours.py:292 | Rewards detected, exiting match
2026-05-15 22:24:47 | INFO | my_functions.py:236 | [DEBUG] wait_for_image_and_click -> collect_rewards.PNG timeout=20s delay_click=1s confidence=0.8
2026-05-15 22:24:47 | INFO | my_functions.py:170 | Searching collect_rewards.PNG (timeout=20s)
2026-05-15 22:24:47 | INFO | my_functions.py:200 | 
✅ Found: collect_rewards.PNG pos=(679, 959) time=0.24s confidence=0.8
2026-05-15 22:24:48 | INFO | my_functions.py:135 | Haciendo click en la posición (679, 959)
2026-05-15 22:24:48 | INFO | my_functions.py:256 | 🖱️ Click OK: collect_rewards.PNG at (679, 959) delay=1s
2026-05-15 22:24:48 | INFO | my_functions.py:236 | [DEBUG] wait_for_image_and_click -> next.PNG timeout=20s delay_click=1s confidence=0.8
2026-05-15 22:24:48 | INFO | my_functions.py:170 | Searching next.PNG (timeout=20s)
2026-05-15 22:24:52 | INFO | my_functions.py:200 | 
✅ Found: next.PNG pos=(677, 973) time=3.41s confidence=0.8
2026-05-15 22:24:53 | INFO | my_functions.py:135 | Haciendo click en la posición (677, 973)
2026-05-15 22:24:53 | INFO | my_functions.py:256 | 🖱️ Click OK: next.PNG at (677, 973) delay=1s
2026-05-15 22:24:55 | INFO | my_functions.py:309 | AVAILABLE: 5
2026-05-15 22:24:55 | INFO | each_eight_hours.py:359 | Submissions after match: 5
2026-05-15 22:24:55 | INFO | my_functions.py:331 | Misiones completadas: 0
2026-05-15 22:24:55 | INFO | each_eight_hours.py:237 | Starting game loop 2
2026-05-15 22:24:55 | INFO | my_functions.py:236 | [DEBUG] wait_for_image_and_click -> play.PNG timeout=20s delay_click=3s confidence=0.8
2026-05-15 22:24:55 | INFO | my_functions.py:170 | Searching play.PNG (timeout=20s)
2026-05-15 22:24:55 | INFO | my_functions.py:200 | 
✅ Found: play.PNG pos=(384, 824) time=0.26s confidence=0.8
2026-05-15 22:24:58 | INFO | my_functions.py:135 | Haciendo click en la posición (384, 824)
2026-05-15 22:24:58 | INFO | my_functions.py:256 | 🖱️ Click OK: play.PNG at (384, 824) delay=3s
2026-05-15 22:25:18 | INFO | my_functions.py:200 | 
✅ Found: end_turn.PNG pos=(681, 945) time=0.19s confidence=0.8
2026-05-15 22:25:18 | INFO | my_functions.py:236 | [DEBUG] wait_for_image_and_click -> snap.PNG timeout=0s delay_click=1s confidence=0.8
2026-05-15 22:25:18 | INFO | my_functions.py:200 | 
✅ Found: snap.PNG pos=(386, 122) time=0.18s confidence=0.8
2026-05-15 22:25:19 | INFO | my_functions.py:135 | Haciendo click en la posición (386, 122)
2026-05-15 22:25:19 | INFO | my_functions.py:256 | 🖱️ Click OK: snap.PNG at (386, 122) delay=1s
2026-05-15 22:25:24 | INFO | my_functions.py:135 | Haciendo click en la posición (681, 945)
2026-05-15 22:25:26 | INFO | each_eight_hours.py:253 | End turn executed
2026-05-15 22:25:40 | INFO | my_functions.py:200 | 
✅ Found: end_turn.PNG pos=(681, 945) time=0.17s confidence=0.8
2026-05-15 22:25:40 | INFO | my_functions.py:236 | [DEBUG] wait_for_image_and_click -> snap.PNG timeout=0s delay_click=1s confidence=0.8
2026-05-15 22:25:41 | INFO | my_functions.py:263 | [DEBUG] Click skipped, image not found: snap.PNG
2026-05-15 22:25:46 | INFO | my_functions.py:135 | Haciendo click en la posición (681, 945)
2026-05-15 22:25:47 | INFO | each_eight_hours.py:253 | End turn executed
2026-05-15 22:25:55 | INFO | my_functions.py:200 | 
✅ Found: end_turn.PNG pos=(681, 945) time=0.18s confidence=0.8
2026-05-15 22:25:55 | INFO | my_functions.py:236 | [DEBUG] wait_for_image_and_click -> snap.PNG timeout=0s delay_click=1s confidence=0.8
2026-05-15 22:25:56 | INFO | my_functions.py:263 | [DEBUG] Click skipped, image not found: snap.PNG
2026-05-15 22:26:01 | INFO | my_functions.py:135 | Haciendo click en la posición (681, 945)
2026-05-15 22:26:02 | INFO | each_eight_hours.py:253 | End turn executed
2026-05-15 22:26:24 | INFO | my_functions.py:200 | 
✅ Found: end_turn.PNG pos=(681, 945) time=0.19s confidence=0.8
2026-05-15 22:26:24 | INFO | my_functions.py:236 | [DEBUG] wait_for_image_and_click -> snap.PNG timeout=0s delay_click=1s confidence=0.8
2026-05-15 22:26:24 | INFO | my_functions.py:263 | [DEBUG] Click skipped, image not found: snap.PNG
2026-05-15 22:26:29 | INFO | my_functions.py:135 | Haciendo click en la posición (681, 945)
2026-05-15 22:26:30 | INFO | each_eight_hours.py:253 | End turn executed
2026-05-15 22:26:52 | INFO | my_functions.py:200 | 
✅ Found: end_turn.PNG pos=(681, 945) time=0.21s confidence=0.8
2026-05-15 22:26:52 | INFO | my_functions.py:236 | [DEBUG] wait_for_image_and_click -> snap.PNG timeout=0s delay_click=1s confidence=0.8
2026-05-15 22:26:52 | INFO | my_functions.py:263 | [DEBUG] Click skipped, image not found: snap.PNG
2026-05-15 22:26:57 | INFO | my_functions.py:135 | Haciendo click en la posición (681, 945)
2026-05-15 22:26:58 | INFO | each_eight_hours.py:253 | End turn executed
2026-05-15 22:27:10 | INFO | my_functions.py:200 | 
✅ Found: end_turn.PNG pos=(681, 945) time=0.18s confidence=0.8
2026-05-15 22:27:10 | INFO | my_functions.py:236 | [DEBUG] wait_for_image_and_click -> snap.PNG timeout=0s delay_click=1s confidence=0.8
2026-05-15 22:27:10 | INFO | my_functions.py:263 | [DEBUG] Click skipped, image not found: snap.PNG
2026-05-15 22:27:16 | INFO | my_functions.py:135 | Haciendo click en la posición (681, 945)
2026-05-15 22:27:17 | INFO | each_eight_hours.py:253 | End turn executed
2026-05-15 22:27:35 | INFO | my_functions.py:200 | 
✅ Found: collect_rewards.PNG pos=(679, 963) time=0.23s confidence=0.8
2026-05-15 22:27:35 | INFO | each_eight_hours.py:292 | Rewards detected, exiting match
2026-05-15 22:27:35 | INFO | my_functions.py:236 | [DEBUG] wait_for_image_and_click -> collect_rewards.PNG timeout=20s delay_click=1s confidence=0.8
2026-05-15 22:27:35 | INFO | my_functions.py:170 | Searching collect_rewards.PNG (timeout=20s)
2026-05-15 22:27:35 | INFO | my_functions.py:200 | 
✅ Found: collect_rewards.PNG pos=(680, 957) time=0.23s confidence=0.8
2026-05-15 22:27:36 | INFO | my_functions.py:135 | Haciendo click en la posición (680, 957)
2026-05-15 22:27:37 | INFO | my_functions.py:256 | 🖱️ Click OK: collect_rewards.PNG at (680, 957) delay=1s
2026-05-15 22:27:37 | INFO | my_functions.py:236 | [DEBUG] wait_for_image_and_click -> next.PNG timeout=20s delay_click=1s confidence=0.8
2026-05-15 22:27:37 | INFO | my_functions.py:170 | Searching next.PNG (timeout=20s)
2026-05-15 22:27:40 | INFO | my_functions.py:200 | 
✅ Found: next.PNG pos=(678, 972) time=3.13s confidence=0.8
2026-05-15 22:27:41 | INFO | my_functions.py:135 | Haciendo click en la posición (678, 972)
2026-05-15 22:27:41 | INFO | my_functions.py:256 | 🖱️ Click OK: next.PNG at (678, 972) delay=1s
2026-05-15 22:27:43 | INFO | my_functions.py:309 | AVAILABLE: 5
2026-05-15 22:27:43 | INFO | each_eight_hours.py:359 | Submissions after match: 5
2026-05-15 22:27:43 | INFO | my_functions.py:331 | Misiones completadas: 1
2026-05-15 22:27:43 | INFO | each_eight_hours.py:367 | Submission condition met, breaking loop
2026-05-15 22:27:43 | INFO | my_functions.py:236 | [DEBUG] wait_for_image_and_click -> missionsNotify2.png timeout=20s delay_click=3s confidence=0.8
2026-05-15 22:27:43 | INFO | my_functions.py:170 | Searching missionsNotify2.png (timeout=20s)
2026-05-15 22:27:43 | INFO | my_functions.py:200 | 
✅ Found: missionsNotify2.png pos=(538, 124) time=0.19s confidence=0.8
2026-05-15 22:27:46 | INFO | my_functions.py:135 | Haciendo click en la posición (538, 124)
2026-05-15 22:27:46 | INFO | my_functions.py:256 | 🖱️ Click OK: missionsNotify2.png at (538, 124) delay=3s
2026-05-15 22:27:46 | INFO | my_functions.py:1189 | [INFO] Iniciando click_missions_blue2
2026-05-15 22:27:46 | INFO | my_functions.py:135 | Haciendo click en la posición (150, 132)
2026-05-15 22:27:48 | INFO | my_functions.py:1192 | [ACTION] Click hecho en icono de calendario que me dirige a las misiones ordinarias
2026-05-15 22:27:48 | INFO | my_functions.py:170 | Searching bonus_challenge.png (timeout=0s)
2026-05-15 22:27:48 | INFO | my_functions.py:214 | 
⛔ Not found: bonus_challenge.png after 0.0s region=(0, 0, 765, 1038) confidence=0.8
2026-05-15 22:27:50 | INFO | my_functions.py:135 | Haciendo click en la posición (362, 493)
2026-05-15 22:27:51 | INFO | my_functions.py:1205 | [ACTION] Click 1/1 en misión azul
2026-05-15 22:27:52 | INFO | my_functions.py:170 | Searching flechita_mission.PNG (timeout=0s)
2026-05-15 22:27:52 | INFO | my_functions.py:214 | 
⛔ Not found: flechita_mission.PNG after 0.0s region=(0, 0, 765, 1038) confidence=0.8
2026-05-15 22:27:52 | INFO | my_functions.py:236 | [DEBUG] wait_for_image_and_click -> weekly3.PNG timeout=0s delay_click=0.1s confidence=0.8
2026-05-15 22:27:52 | INFO | my_functions.py:170 | Searching weekly3.PNG (timeout=0s)
2026-05-15 22:27:52 | INFO | my_functions.py:214 | 
⛔ Not found: weekly3.PNG after 0.01s region=(0, 0, 765, 1038) confidence=0.8
2026-05-15 22:27:52 | INFO | my_functions.py:263 | [DEBUG] Click skipped, image not found: weekly3.PNG
2026-05-15 22:27:52 | INFO | my_functions.py:236 | [DEBUG] wait_for_image_and_click -> weekly3.PNG timeout=0s delay_click=0.1s confidence=0.8
2026-05-15 22:27:52 | INFO | my_functions.py:170 | Searching weekly3.PNG (timeout=0s)
2026-05-15 22:27:52 | INFO | my_functions.py:214 | 
⛔ Not found: weekly3.PNG after 0.0s region=(0, 0, 765, 1038) confidence=0.8
2026-05-15 22:27:52 | INFO | my_functions.py:263 | [DEBUG] Click skipped, image not found: weekly3.PNG
2026-05-15 22:27:52 | INFO | my_functions.py:236 | [DEBUG] wait_for_image_and_click -> weekly3.PNG timeout=0s delay_click=0.1s confidence=0.8
2026-05-15 22:27:52 | INFO | my_functions.py:170 | Searching weekly3.PNG (timeout=0s)
2026-05-15 22:27:52 | INFO | my_functions.py:214 | 
⛔ Not found: weekly3.PNG after 0.01s region=(0, 0, 765, 1038) confidence=0.8
2026-05-15 22:27:52 | INFO | my_functions.py:263 | [DEBUG] Click skipped, image not found: weekly3.PNG
2026-05-15 22:27:52 | INFO | my_functions.py:236 | [DEBUG] wait_for_image_and_click -> weekly3.PNG timeout=0s delay_click=0.1s confidence=0.8
2026-05-15 22:27:52 | INFO | my_functions.py:170 | Searching weekly3.PNG (timeout=0s)
2026-05-15 22:27:53 | INFO | my_functions.py:214 | 
⛔ Not found: weekly3.PNG after 0.0s region=(0, 0, 765, 1038) confidence=0.8
2026-05-15 22:27:53 | INFO | my_functions.py:263 | [DEBUG] Click skipped, image not found: weekly3.PNG
2026-05-15 22:27:53 | INFO | my_functions.py:236 | [DEBUG] wait_for_image_and_click -> weekly3.PNG timeout=0s delay_click=0.1s confidence=0.8
2026-05-15 22:27:53 | INFO | my_functions.py:170 | Searching weekly3.PNG (timeout=0s)
2026-05-15 22:27:53 | INFO | my_functions.py:214 | 
⛔ Not found: weekly3.PNG after 0.01s region=(0, 0, 765, 1038) confidence=0.8
2026-05-15 22:27:53 | INFO | my_functions.py:263 | [DEBUG] Click skipped, image not found: weekly3.PNG
2026-05-15 22:27:53 | INFO | my_functions.py:236 | [DEBUG] wait_for_image_and_click -> weekly3.PNG timeout=0s delay_click=0.1s confidence=0.8
2026-05-15 22:27:53 | INFO | my_functions.py:170 | Searching weekly3.PNG (timeout=0s)
2026-05-15 22:27:53 | INFO | my_functions.py:214 | 
⛔ Not found: weekly3.PNG after 0.0s region=(0, 0, 765, 1038) confidence=0.8
2026-05-15 22:27:53 | INFO | my_functions.py:263 | [DEBUG] Click skipped, image not found: weekly3.PNG
2026-05-15 22:27:53 | INFO | my_functions.py:236 | [DEBUG] wait_for_image_and_click -> weekly3.PNG timeout=0s delay_click=0.1s confidence=0.8
2026-05-15 22:27:53 | INFO | my_functions.py:170 | Searching weekly3.PNG (timeout=0s)
2026-05-15 22:27:53 | INFO | my_functions.py:214 | 
⛔ Not found: weekly3.PNG after 0.01s region=(0, 0, 765, 1038) confidence=0.8
2026-05-15 22:27:53 | INFO | my_functions.py:263 | [DEBUG] Click skipped, image not found: weekly3.PNG
2026-05-15 22:27:53 | INFO | my_functions.py:236 | [DEBUG] wait_for_image_and_click -> weekly3.PNG timeout=0s delay_click=0.1s confidence=0.8
2026-05-15 22:27:53 | INFO | my_functions.py:170 | Searching weekly3.PNG (timeout=0s)
2026-05-15 22:27:53 | INFO | my_functions.py:214 | 
⛔ Not found: weekly3.PNG after 0.0s region=(0, 0, 765, 1038) confidence=0.8
2026-05-15 22:27:53 | INFO | my_functions.py:263 | [DEBUG] Click skipped, image not found: weekly3.PNG
2026-05-15 22:27:53 | INFO | my_functions.py:236 | [DEBUG] wait_for_image_and_click -> weekly3.PNG timeout=0s delay_click=0.1s confidence=0.8
2026-05-15 22:27:53 | INFO | my_functions.py:170 | Searching weekly3.PNG (timeout=0s)
2026-05-15 22:27:54 | INFO | my_functions.py:214 | 
⛔ Not found: weekly3.PNG after 0.01s region=(0, 0, 765, 1038) confidence=0.8
2026-05-15 22:27:54 | INFO | my_functions.py:263 | [DEBUG] Click skipped, image not found: weekly3.PNG
2026-05-15 22:27:54 | INFO | my_functions.py:236 | [DEBUG] wait_for_image_and_click -> weekly3.PNG timeout=0s delay_click=0.1s confidence=0.8
2026-05-15 22:27:54 | INFO | my_functions.py:170 | Searching weekly3.PNG (timeout=0s)
2026-05-15 22:27:54 | INFO | my_functions.py:214 | 
⛔ Not found: weekly3.PNG after 0.01s region=(0, 0, 765, 1038) confidence=0.8
2026-05-15 22:27:54 | INFO | my_functions.py:263 | [DEBUG] Click skipped, image not found: weekly3.PNG
2026-05-15 22:27:54 | INFO | my_functions.py:135 | Haciendo click en la posición (557, 64)
2026-05-15 22:27:55 | INFO | my_functions.py:236 | [DEBUG] wait_for_image_and_click -> cards_shop.PNG timeout=20s delay_click=1s confidence=0.8
2026-05-15 22:27:55 | INFO | my_functions.py:170 | Searching cards_shop.PNG (timeout=20s)
2026-05-15 22:27:56 | INFO | my_functions.py:200 | 
✅ Found: cards_shop.PNG pos=(568, 121) time=0.61s confidence=0.8
2026-05-15 22:27:57 | INFO | my_functions.py:135 | Haciendo click en la posición (568, 121)
2026-05-15 22:27:57 | INFO | my_functions.py:256 | 🖱️ Click OK: cards_shop.PNG at (568, 121) delay=1s
2026-05-15 22:27:57 | INFO | my_functions.py:236 | [DEBUG] wait_for_image_and_click -> token_icon.PNG timeout=20s delay_click=1s confidence=0.8
2026-05-15 22:27:57 | INFO | my_functions.py:170 | Searching token_icon.PNG (timeout=20s)
2026-05-15 22:27:59 | INFO | my_functions.py:200 | 
✅ Found: token_icon.PNG pos=(680, 171) time=2.28s confidence=0.8
2026-05-15 22:28:00 | INFO | my_functions.py:135 | Haciendo click en la posición (680, 171)
2026-05-15 22:28:00 | INFO | my_functions.py:256 | 🖱️ Click OK: token_icon.PNG at (680, 171) delay=1s
2026-05-15 22:28:02 | INFO | my_functions.py:236 | [DEBUG] wait_for_image_and_click -> claim!_token_3.PNG timeout=4s delay_click=1s confidence=0.8
2026-05-15 22:28:02 | INFO | my_functions.py:170 | Searching claim!_token_3.PNG (timeout=4s)
2026-05-15 22:28:07 | INFO | my_functions.py:214 | 
⛔ Not found: claim!_token_3.PNG after 4.16s region=(0, 0, 765, 1038) confidence=0.8
2026-05-15 22:28:07 | INFO | my_functions.py:263 | [DEBUG] Click skipped, image not found: claim!_token_3.PNG
2026-05-15 22:28:07 | INFO | my_functions.py:236 | [DEBUG] wait_for_image_and_click -> offers.PNG timeout=0.1s delay_click=1s confidence=0.8
2026-05-15 22:28:07 | INFO | my_functions.py:170 | Searching offers.PNG (timeout=0.1s)
2026-05-15 22:28:07 | INFO | my_functions.py:200 | 
✅ Found: offers.PNG pos=(197, 121) time=0.21s confidence=0.8
2026-05-15 22:28:08 | INFO | my_functions.py:135 | Haciendo click en la posición (197, 121)
2026-05-15 22:28:08 | INFO | my_functions.py:256 | 🖱️ Click OK: offers.PNG at (197, 121) delay=1s
2026-05-15 22:28:08 | INFO | my_functions.py:236 | [DEBUG] wait_for_image_and_click -> credits_selected.png timeout=0.1s delay_click=1s confidence=0.8
2026-05-15 22:28:08 | INFO | my_functions.py:170 | Searching credits_selected.png (timeout=0.1s)
2026-05-15 22:28:09 | INFO | my_functions.py:214 | 
⛔ Not found: credits_selected.png after 0.23s region=(0, 0, 765, 1038) confidence=0.8
2026-05-15 22:28:09 | INFO | my_functions.py:263 | [DEBUG] Click skipped, image not found: credits_selected.png
2026-05-15 22:28:09 | INFO | my_functions.py:236 | [DEBUG] wait_for_image_and_click -> credits.PNG timeout=0.1s delay_click=1s confidence=0.95
2026-05-15 22:28:09 | INFO | my_functions.py:170 | Searching credits.PNG (timeout=0.1s)
2026-05-15 22:28:09 | INFO | my_functions.py:200 | 
✅ Found: credits.PNG pos=(442, 172) time=0.19s confidence=0.95
2026-05-15 22:28:10 | INFO | my_functions.py:135 | Haciendo click en la posición (442, 172)
2026-05-15 22:28:10 | INFO | my_functions.py:256 | 🖱️ Click OK: credits.PNG at (442, 172) delay=1s
2026-05-15 22:28:11 | INFO | my_functions.py:236 | [DEBUG] wait_for_image_and_click -> claim_25_credits.png timeout=2s delay_click=1s confidence=0.8
2026-05-15 22:28:11 | INFO | my_functions.py:170 | Searching claim_25_credits.png (timeout=2s)
2026-05-15 22:28:12 | INFO | my_functions.py:200 | 
✅ Found: claim_25_credits.png pos=(236, 328) time=0.23s confidence=0.8
2026-05-15 22:28:13 | INFO | my_functions.py:135 | Haciendo click en la posición (236, 328)
2026-05-15 22:28:13 | INFO | my_functions.py:256 | 🖱️ Click OK: claim_25_credits.png at (236, 328) delay=1s
2026-05-15 22:28:13 | INFO | my_functions.py:236 | [DEBUG] wait_for_image_and_click -> cards_shop.PNG timeout=20s delay_click=1s confidence=0.8
2026-05-15 22:28:13 | INFO | my_functions.py:170 | Searching cards_shop.PNG (timeout=20s)
2026-05-15 22:28:13 | INFO | my_functions.py:200 | 
✅ Found: cards_shop.PNG pos=(568, 121) time=0.22s confidence=0.8
2026-05-15 22:28:14 | INFO | my_functions.py:135 | Haciendo click en la posición (568, 121)
2026-05-15 22:28:14 | INFO | my_functions.py:256 | 🖱️ Click OK: cards_shop.PNG at (568, 121) delay=1s
2026-05-15 22:28:14 | INFO | my_functions.py:236 | [DEBUG] wait_for_image_and_click -> offers.PNG timeout=20s delay_click=1s confidence=0.8
2026-05-15 22:28:14 | INFO | my_functions.py:170 | Searching offers.PNG (timeout=20s)
2026-05-15 22:28:15 | INFO | my_functions.py:200 | 
✅ Found: offers.PNG pos=(197, 122) time=0.21s confidence=0.8
2026-05-15 22:28:16 | INFO | my_functions.py:135 | Haciendo click en la posición (197, 122)
2026-05-15 22:28:16 | INFO | my_functions.py:256 | 🖱️ Click OK: offers.PNG at (197, 122) delay=1s
2026-05-15 22:28:16 | INFO | my_functions.py:1089 | [INFO] Iniciando mejora de cartas
2026-05-15 22:28:16 | INFO | my_functions.py:236 | [DEBUG] wait_for_image_and_click -> upgrade_cards_icon.PNG timeout=20s delay_click=1s confidence=0.8
2026-05-15 22:28:16 | INFO | my_functions.py:170 | Searching upgrade_cards_icon.PNG (timeout=20s)
2026-05-15 22:28:16 | INFO | my_functions.py:200 | 
✅ Found: upgrade_cards_icon.PNG pos=(322, 170) time=0.22s confidence=0.8
2026-05-15 22:28:17 | INFO | my_functions.py:135 | Haciendo click en la posición (322, 170)
2026-05-15 22:28:17 | INFO | my_functions.py:256 | 🖱️ Click OK: upgrade_cards_icon.PNG at (322, 170) delay=1s
2026-05-15 22:28:17 | INFO | my_functions.py:1093 | [INFO] Abriendo icono de upgrade_cards
2026-05-15 22:28:18 | INFO | my_functions.py:1099 | [STEP] Mejorando carta 1
2026-05-15 22:28:18 | INFO | my_functions.py:1103 | [ACTION] Click en carta 1
2026-05-15 22:28:19 | INFO | my_functions.py:1108 | [ACTION] Click en botón upgrade
2026-05-15 22:28:27 | INFO | my_functions.py:236 | [DEBUG] wait_for_image_and_click -> you_need_more_credits!.png timeout=3s delay_click=1s confidence=0.8
2026-05-15 22:28:27 | INFO | my_functions.py:170 | Searching you_need_more_credits!.png (timeout=3s)
2026-05-15 22:28:30 | INFO | my_functions.py:214 | 
⛔ Not found: you_need_more_credits!.png after 3.18s region=(0, 0, 765, 1038) confidence=0.8
2026-05-15 22:28:30 | INFO | my_functions.py:263 | [DEBUG] Click skipped, image not found: you_need_more_credits!.png
2026-05-15 22:28:35 | INFO | my_functions.py:1123 | [ACTION] Click para continuar a stage de nivel de coleccion
2026-05-15 22:28:40 | INFO | my_functions.py:143 | Presionando ESC (1/1)
2026-05-15 22:28:41 | INFO | my_functions.py:1128 | [ACTION] Saliendo de stage nivel de coleccion con ESC
2026-05-15 22:28:42 | INFO | my_functions.py:236 | [DEBUG] wait_for_image_and_click -> upgrade_cards_icon_selected.PNG timeout=0s delay_click=1s confidence=0.8
2026-05-15 22:28:42 | INFO | my_functions.py:170 | Searching upgrade_cards_icon_selected.PNG (timeout=0s)
2026-05-15 22:28:42 | INFO | my_functions.py:200 | 
✅ Found: upgrade_cards_icon_selected.PNG pos=(320, 173) time=0.21s confidence=0.8
2026-05-15 22:28:43 | INFO | my_functions.py:135 | Haciendo click en la posición (320, 173)
2026-05-15 22:28:43 | INFO | my_functions.py:256 | 🖱️ Click OK: upgrade_cards_icon_selected.PNG at (320, 173) delay=1s
2026-05-15 22:28:43 | INFO | my_functions.py:1148 | [INFO] Reabriendo icono de upgrade_cards
2026-05-15 22:28:44 | INFO | my_functions.py:1099 | [STEP] Mejorando carta 2
2026-05-15 22:28:44 | INFO | my_functions.py:1103 | [ACTION] Click en carta 2
2026-05-15 22:28:45 | INFO | my_functions.py:1108 | [ACTION] Click en botón upgrade
2026-05-15 22:28:52 | INFO | my_functions.py:236 | [DEBUG] wait_for_image_and_click -> you_need_more_credits!.png timeout=3s delay_click=1s confidence=0.8
2026-05-15 22:28:52 | INFO | my_functions.py:170 | Searching you_need_more_credits!.png (timeout=3s)
2026-05-15 22:28:53 | INFO | my_functions.py:200 | 
✅ Found: you_need_more_credits!.png pos=(381, 345) time=0.22s confidence=0.8
2026-05-15 22:28:54 | INFO | my_functions.py:135 | Haciendo click en la posición (381, 345)
2026-05-15 22:28:54 | INFO | my_functions.py:256 | 🖱️ Click OK: you_need_more_credits!.png at (381, 345) delay=1s
2026-05-15 22:28:54 | INFO | my_functions.py:143 | Presionando ESC (1/2)
2026-05-15 22:28:54 | INFO | my_functions.py:143 | Presionando ESC (2/2)
2026-05-15 22:28:57 | INFO | my_functions.py:1151 | [INFO] Mejora de cartas completada ✅
2026-05-15 22:28:57 | INFO | my_functions.py:143 | Presionando ESC (1/1)
2026-05-15 22:28:58 | INFO | my_functions.py:236 | [DEBUG] wait_for_image_and_click -> nut.png timeout=20s delay_click=1s confidence=0.8
2026-05-15 22:28:58 | INFO | my_functions.py:170 | Searching nut.png (timeout=20s)
2026-05-15 22:28:58 | INFO | my_functions.py:200 | 
✅ Found: nut.png pos=(184, 78) time=0.23s confidence=0.8
2026-05-15 22:28:59 | INFO | my_functions.py:135 | Haciendo click en la posición (184, 78)
2026-05-15 22:28:59 | INFO | my_functions.py:256 | 🖱️ Click OK: nut.png at (184, 78) delay=1s
2026-05-15 22:28:59 | INFO | my_functions.py:236 | [DEBUG] wait_for_image_and_click -> graphics_quality.png timeout=3s delay_click=1s confidence=0.8
2026-05-15 22:28:59 | INFO | my_functions.py:170 | Searching graphics_quality.png (timeout=3s)
2026-05-15 22:29:00 | INFO | my_functions.py:200 | 
✅ Found: graphics_quality.png pos=(304, 644) time=0.93s confidence=0.8
2026-05-15 22:29:01 | INFO | my_functions.py:135 | Haciendo click en la posición (304, 644)
2026-05-15 22:29:01 | INFO | my_functions.py:256 | 🖱️ Click OK: graphics_quality.png at (304, 644) delay=1s
2026-05-15 22:29:02 | INFO | my_functions.py:236 | [DEBUG] wait_for_image_and_click -> sign_out.png timeout=20s delay_click=1s confidence=0.8
2026-05-15 22:29:02 | INFO | my_functions.py:170 | Searching sign_out.png (timeout=20s)
2026-05-15 22:29:03 | INFO | my_functions.py:200 | 
✅ Found: sign_out.png pos=(380, 796) time=0.21s confidence=0.8
2026-05-15 22:29:04 | INFO | my_functions.py:135 | Haciendo click en la posición (380, 796)
2026-05-15 22:29:04 | INFO | my_functions.py:256 | 🖱️ Click OK: sign_out.png at (380, 796) delay=1s
2026-05-15 22:29:05 | INFO | my_functions.py:236 | [DEBUG] wait_for_image_and_click -> sign_out_grande.png timeout=20s delay_click=1s confidence=0.8
2026-05-15 22:29:05 | INFO | my_functions.py:170 | Searching sign_out_grande.png (timeout=20s)
2026-05-15 22:29:05 | INFO | my_functions.py:200 | 
✅ Found: sign_out_grande.png pos=(359, 437) time=0.21s confidence=0.8
2026-05-15 22:29:06 | INFO | my_functions.py:135 | Haciendo click en la posición (359, 437)
2026-05-15 22:29:06 | INFO | my_functions.py:256 | 🖱️ Click OK: sign_out_grande.png at (359, 437) delay=1s
2026-05-15 22:29:06 | INFO | my_functions.py:236 | [DEBUG] wait_for_image_and_click -> sign_out2.png timeout=20s delay_click=1s confidence=0.8
2026-05-15 22:29:06 | INFO | my_functions.py:170 | Searching sign_out2.png (timeout=20s)
2026-05-15 22:29:06 | INFO | my_functions.py:200 | 
✅ Found: sign_out2.png pos=(383, 634) time=0.2s confidence=0.8
2026-05-15 22:29:07 | INFO | my_functions.py:135 | Haciendo click en la posición (383, 634)
2026-05-15 22:29:08 | INFO | my_functions.py:256 | 🖱️ Click OK: sign_out2.png at (383, 634) delay=1s
2026-05-15 22:29:08 | INFO | my_functions.py:1264 | ⏱ Esperando 0.1 segundos antes de empezar...
2026-05-15 22:29:08 | INFO | my_functions.py:1271 | 🔍 Esperando ventana que contenga alguna de: SNAP (máx 20s)
2026-05-15 22:29:08 | INFO | my_functions.py:1283 | ✅ Ventana encontrada: 'SNAP'
2026-05-15 22:29:08 | INFO | my_functions.py:1298 | ✅ Ventana seleccionada: 'SNAP'
2026-05-15 22:29:10 | INFO | my_functions.py:1321 | 🔁 Reajuste #1...
2026-05-15 22:29:12 | INFO | my_functions.py:1328 | ✔ Verificación completa. Se hicieron 1 reajustes.
2026-05-15 22:29:16 | INFO | each_eight_hours.py:139 | Processing account: bender_vm
2026-05-15 22:29:16 | INFO | each_eight_hours.py:142 | Game relaunched for account
2026-05-15 22:29:16 | INFO | my_functions.py:1264 | ⏱ Esperando 0.1 segundos antes de empezar...
2026-05-15 22:29:16 | INFO | my_functions.py:1271 | 🔍 Esperando ventana que contenga alguna de: ['SNAP'] (máx 20s)
2026-05-15 22:29:19 | INFO | my_functions.py:1283 | ✅ Ventana encontrada: 'SNAP'
2026-05-15 22:29:19 | INFO | my_functions.py:1298 | ✅ Ventana seleccionada: 'SNAP'
2026-05-15 22:29:21 | INFO | my_functions.py:1330 | ✔ Verificación completa. No hubo cambios después del primer ajuste.
2026-05-15 22:29:21 | INFO | my_functions.py:970 | [DEBUG] Resizing SNAP window...
2026-05-15 22:29:21 | INFO | my_functions.py:1264 | ⏱ Esperando 0.1 segundos antes de empezar...
2026-05-15 22:29:21 | INFO | my_functions.py:1271 | 🔍 Esperando ventana que contenga alguna de: ['SNAP'] (máx 20s)
2026-05-15 22:29:21 | INFO | my_functions.py:1283 | ✅ Ventana encontrada: 'SNAP'
2026-05-15 22:29:21 | INFO | my_functions.py:1298 | ✅ Ventana seleccionada: 'SNAP'
2026-05-15 22:29:24 | INFO | my_functions.py:1330 | ✔ Verificación completa. No hubo cambios después del primer ajuste.
2026-05-15 22:29:24 | INFO | my_functions.py:236 | [DEBUG] wait_for_image_and_click -> submit.PNG timeout=90s delay_click=0.2s confidence=0.8
2026-05-15 22:29:24 | INFO | my_functions.py:170 | Searching submit.PNG (timeout=90s)
2026-05-15 22:29:27 | INFO | my_functions.py:200 | 
✅ Found: submit.PNG pos=(385, 760) time=2.71s confidence=0.8
2026-05-15 22:29:27 | INFO | my_functions.py:135 | Haciendo click en la posición (385, 760)
2026-05-15 22:29:27 | INFO | my_functions.py:256 | 🖱️ Click OK: submit.PNG at (385, 760) delay=0.2s
2026-05-15 22:29:27 | INFO | my_functions.py:1264 | ⏱ Esperando 0.1 segundos antes de empezar...
2026-05-15 22:29:27 | INFO | my_functions.py:1271 | 🔍 Esperando ventana que contenga alguna de: ['SNAP'] (máx 20s)
2026-05-15 22:29:27 | INFO | my_functions.py:1283 | ✅ Ventana encontrada: 'SNAP'
2026-05-15 22:29:27 | INFO | my_functions.py:1298 | ✅ Ventana seleccionada: 'SNAP'
2026-05-15 22:29:29 | INFO | my_functions.py:1321 | 🔁 Reajuste #1...
2026-05-15 22:29:30 | INFO | my_functions.py:1328 | ✔ Verificación completa. Se hicieron 1 reajustes.
2026-05-15 22:29:30 | INFO | my_functions.py:170 | Searching please_sign.png (timeout=0s)
2026-05-15 22:29:30 | INFO | my_functions.py:200 | 
✅ Found: please_sign.png pos=(383, 438) time=0.23s confidence=0.8
2026-05-15 22:29:30 | INFO | my_functions.py:236 | [DEBUG] wait_for_image_and_click -> ok_btn.png timeout=20s delay_click=1s confidence=0.8
2026-05-15 22:29:30 | INFO | my_functions.py:170 | Searching ok_btn.png (timeout=20s)
2026-05-15 22:29:31 | INFO | my_functions.py:200 | 
✅ Found: ok_btn.png pos=(382, 634) time=0.2s confidence=0.8
2026-05-15 22:29:32 | INFO | my_functions.py:135 | Haciendo click en la posición (382, 634)
2026-05-15 22:29:32 | INFO | my_functions.py:256 | 🖱️ Click OK: ok_btn.png at (382, 634) delay=1s
2026-05-15 22:29:32 | INFO | my_functions.py:236 | [DEBUG] wait_for_image_and_click -> submit.PNG timeout=90s delay_click=0.2s confidence=0.8
2026-05-15 22:29:32 | INFO | my_functions.py:170 | Searching submit.PNG (timeout=90s)
2026-05-15 22:29:33 | INFO | my_functions.py:200 | 
✅ Found: submit.PNG pos=(386, 773) time=0.96s confidence=0.8
2026-05-15 22:29:33 | INFO | my_functions.py:135 | Haciendo click en la posición (386, 773)
2026-05-15 22:29:33 | INFO | my_functions.py:256 | 🖱️ Click OK: submit.PNG at (386, 773) delay=0.2s
2026-05-15 22:29:33 | INFO | my_functions.py:170 | Searching sign_in_with_google2.PNG (timeout=90s)
2026-05-15 22:29:34 | INFO | my_functions.py:200 | 
✅ Found: sign_in_with_google2.PNG pos=(406, 957) time=1.17s confidence=0.8
2026-05-15 22:29:34 | INFO | my_functions.py:236 | [DEBUG] wait_for_image_and_click -> sign_in_with_google2.PNG timeout=20s delay_click=1s confidence=0.8
2026-05-15 22:29:34 | INFO | my_functions.py:170 | Searching sign_in_with_google2.PNG (timeout=20s)
2026-05-15 22:29:35 | INFO | my_functions.py:200 | 
✅ Found: sign_in_with_google2.PNG pos=(406, 957) time=0.18s confidence=0.8
2026-05-15 22:29:36 | INFO | my_functions.py:135 | Haciendo click en la posición (406, 957)
2026-05-15 22:29:36 | INFO | my_functions.py:256 | 🖱️ Click OK: sign_in_with_google2.PNG at (406, 957) delay=1s
2026-05-15 22:29:36 | INFO | my_functions.py:236 | [DEBUG] wait_for_image_and_click -> bender_vm.png timeout=30s delay_click=3s confidence=0.8
2026-05-15 22:29:36 | INFO | my_functions.py:170 | Searching bender_vm.png (timeout=30s)
2026-05-15 22:29:41 | INFO | my_functions.py:200 | 
✅ Found: bender_vm.png pos=(1125, 358) time=5.61s confidence=0.8
2026-05-15 22:29:44 | INFO | my_functions.py:135 | Haciendo click en la posición (1125, 358)
2026-05-15 22:29:45 | INFO | my_functions.py:256 | 🖱️ Click OK: bender_vm.png at (1125, 358) delay=3s
2026-05-15 22:29:45 | INFO | my_functions.py:170 | Searching marvelsnap_web.png (timeout=30s)
2026-05-15 22:29:49 | INFO | my_functions.py:200 | 
✅ Found: marvelsnap_web.png pos=(258, 80) time=3.89s confidence=0.7
2026-05-15 22:29:49 | INFO | my_functions.py:170 | Searching shop_unselected.PNG (timeout=0s)
2026-05-15 22:29:49 | INFO | my_functions.py:214 | 
⛔ Not found: shop_unselected.PNG after 0.0s region=(0, 0, 765, 1038) confidence=0.8
2026-05-15 22:29:49 | INFO | my_functions.py:236 | [DEBUG] wait_for_image_and_click -> super_premium.PNG timeout=0s delay_click=1s confidence=0.8
2026-05-15 22:29:49 | INFO | my_functions.py:170 | Searching super_premium.PNG (timeout=0s)
2026-05-15 22:29:50 | INFO | my_functions.py:214 | 
⛔ Not found: super_premium.PNG after 0.18s region=(0, 0, 765, 1038) confidence=0.8
2026-05-15 22:29:50 | INFO | my_functions.py:263 | [DEBUG] Click skipped, image not found: super_premium.PNG
2026-05-15 22:29:50 | INFO | my_functions.py:236 | [DEBUG] wait_for_image_and_click -> maybe_later.PNG timeout=0s delay_click=1s confidence=0.8
2026-05-15 22:29:50 | INFO | my_functions.py:170 | Searching maybe_later.PNG (timeout=0s)
2026-05-15 22:29:50 | INFO | my_functions.py:214 | 
⛔ Not found: maybe_later.PNG after 0.01s region=(0, 0, 765, 1038) confidence=0.8
2026-05-15 22:29:50 | INFO | my_functions.py:263 | [DEBUG] Click skipped, image not found: maybe_later.PNG
2026-05-15 22:29:50 | INFO | my_functions.py:236 | [DEBUG] wait_for_image_and_click -> maybe_later2.PNG timeout=0s delay_click=1s confidence=0.8
2026-05-15 22:29:50 | INFO | my_functions.py:170 | Searching maybe_later2.PNG (timeout=0s)
2026-05-15 22:29:50 | INFO | my_functions.py:214 | 
⛔ Not found: maybe_later2.PNG after 0.01s region=(0, 0, 765, 1038) confidence=0.8
2026-05-15 22:29:50 | INFO | my_functions.py:263 | [DEBUG] Click skipped, image not found: maybe_later2.PNG
2026-05-15 22:29:50 | INFO | my_functions.py:170 | Searching go_to_shop.PNG (timeout=0s)
2026-05-15 22:29:50 | INFO | my_functions.py:214 | 
⛔ Not found: go_to_shop.PNG after 0.01s region=(0, 0, 765, 1038) confidence=0.8
2026-05-15 22:29:50 | INFO | my_functions.py:236 | [DEBUG] wait_for_image_and_click -> 14_days_of_winterverse.PNG timeout=0s delay_click=1s confidence=0.8
2026-05-15 22:29:50 | INFO | my_functions.py:170 | Searching 14_days_of_winterverse.PNG (timeout=0s)
2026-05-15 22:29:50 | INFO | my_functions.py:214 | 
⛔ Not found: 14_days_of_winterverse.PNG after 0.01s region=(0, 0, 765, 1038) confidence=0.8
2026-05-15 22:29:50 | INFO | my_functions.py:263 | [DEBUG] Click skipped, image not found: 14_days_of_winterverse.PNG
2026-05-15 22:29:50 | INFO | my_functions.py:170 | Searching welcome_back_calendar.PNG (timeout=0s)
2026-05-15 22:29:51 | INFO | my_functions.py:214 | 
⛔ Not found: welcome_back_calendar.PNG after 0.0s region=(0, 0, 765, 1038) confidence=0.8
2026-05-15 22:29:51 | INFO | my_functions.py:236 | [DEBUG] wait_for_image_and_click -> start_the_countdown.PNG timeout=0s delay_click=1s confidence=0.8
2026-05-15 22:29:51 | INFO | my_functions.py:170 | Searching start_the_countdown.PNG (timeout=0s)
2026-05-15 22:29:51 | INFO | my_functions.py:214 | 
⛔ Not found: start_the_countdown.PNG after 0.0s region=(0, 0, 765, 1038) confidence=0.8
2026-05-15 22:29:51 | INFO | my_functions.py:263 | [DEBUG] Click skipped, image not found: start_the_countdown.PNG
2026-05-15 22:29:51 | INFO | my_functions.py:236 | [DEBUG] wait_for_image_and_click -> event_has_ended_sanctum.PNG timeout=0s delay_click=1s confidence=0.8
2026-05-15 22:29:51 | INFO | my_functions.py:170 | Searching event_has_ended_sanctum.PNG (timeout=0s)
2026-05-15 22:29:51 | INFO | my_functions.py:214 | 
⛔ Not found: event_has_ended_sanctum.PNG after 0.01s region=(0, 0, 765, 1038) confidence=0.8
2026-05-15 22:29:51 | INFO | my_functions.py:263 | [DEBUG] Click skipped, image not found: event_has_ended_sanctum.PNG
2026-05-15 22:29:51 | INFO | my_functions.py:236 | [DEBUG] wait_for_image_and_click -> image_part_of_event_grand_arena_finished.PNG timeout=0s delay_click=1s confidence=0.8
2026-05-15 22:29:51 | INFO | my_functions.py:170 | Searching image_part_of_event_grand_arena_finished.PNG (timeout=0s)
2026-05-15 22:29:51 | INFO | my_functions.py:214 | 
⛔ Not found: image_part_of_event_grand_arena_finished.PNG after 0.0s region=(0, 0, 765, 1038) confidence=0.8
2026-05-15 22:29:51 | INFO | my_functions.py:263 | [DEBUG] Click skipped, image not found: image_part_of_event_grand_arena_finished.PNG
2026-05-15 22:29:51 | INFO | my_functions.py:170 | Searching 28_day_event_login_rewards.PNG (timeout=0s)
2026-05-15 22:29:51 | INFO | my_functions.py:214 | 
⛔ Not found: 28_day_event_login_rewards.PNG after 0.0s region=(0, 0, 765, 1038) confidence=0.8
2026-05-15 22:29:51 | INFO | my_functions.py:170 | Searching 7_day_event_login.PNG (timeout=0s)
2026-05-15 22:29:52 | INFO | my_functions.py:214 | 
⛔ Not found: 7_day_event_login.PNG after 0.0s region=(0, 0, 765, 1038) confidence=0.8
2026-05-15 22:29:52 | INFO | my_functions.py:170 | Searching 14_days_event.PNG (timeout=0s)
2026-05-15 22:29:52 | INFO | my_functions.py:214 | 
⛔ Not found: 14_days_event.PNG after 0.0s region=(0, 0, 765, 1038) confidence=0.8
2026-05-15 22:29:52 | INFO | my_functions.py:236 | [DEBUG] wait_for_image_and_click -> lets_go.PNG timeout=0s delay_click=1s confidence=0.8
2026-05-15 22:29:52 | INFO | my_functions.py:170 | Searching lets_go.PNG (timeout=0s)
2026-05-15 22:29:52 | INFO | my_functions.py:214 | 
⛔ Not found: lets_go.PNG after 0.0s region=(0, 0, 765, 1038) confidence=0.8
2026-05-15 22:29:52 | INFO | my_functions.py:263 | [DEBUG] Click skipped, image not found: lets_go.PNG
2026-05-15 22:29:53 | INFO | my_functions.py:170 | Searching shop_unselected.PNG (timeout=0s)
2026-05-15 22:29:53 | INFO | my_functions.py:214 | 
⛔ Not found: shop_unselected.PNG after 0.0s region=(0, 0, 765, 1038) confidence=0.8
2026-05-15 22:29:53 | INFO | my_functions.py:236 | [DEBUG] wait_for_image_and_click -> super_premium.PNG timeout=0s delay_click=1s confidence=0.8
2026-05-15 22:29:53 | INFO | my_functions.py:170 | Searching super_premium.PNG (timeout=0s)
2026-05-15 22:29:53 | INFO | my_functions.py:214 | 
⛔ Not found: super_premium.PNG after 0.0s region=(0, 0, 765, 1038) confidence=0.8
2026-05-15 22:29:53 | INFO | my_functions.py:263 | [DEBUG] Click skipped, image not found: super_premium.PNG
2026-05-15 22:29:53 | INFO | my_functions.py:236 | [DEBUG] wait_for_image_and_click -> maybe_later.PNG timeout=0s delay_click=1s confidence=0.8
2026-05-15 22:29:53 | INFO | my_functions.py:170 | Searching maybe_later.PNG (timeout=0s)
2026-05-15 22:29:54 | INFO | my_functions.py:214 | 
⛔ Not found: maybe_later.PNG after 0.01s region=(0, 0, 765, 1038) confidence=0.8
2026-05-15 22:29:54 | INFO | my_functions.py:263 | [DEBUG] Click skipped, image not found: maybe_later.PNG
2026-05-15 22:29:54 | INFO | my_functions.py:236 | [DEBUG] wait_for_image_and_click -> maybe_later2.PNG timeout=0s delay_click=1s confidence=0.8
2026-05-15 22:29:54 | INFO | my_functions.py:170 | Searching maybe_later2.PNG (timeout=0s)
2026-05-15 22:29:54 | INFO | my_functions.py:214 | 
⛔ Not found: maybe_later2.PNG after 0.01s region=(0, 0, 765, 1038) confidence=0.8
2026-05-15 22:29:54 | INFO | my_functions.py:263 | [DEBUG] Click skipped, image not found: maybe_later2.PNG
2026-05-15 22:29:54 | INFO | my_functions.py:170 | Searching go_to_shop.PNG (timeout=0s)
2026-05-15 22:29:54 | INFO | my_functions.py:214 | 
⛔ Not found: go_to_shop.PNG after 0.0s region=(0, 0, 765, 1038) confidence=0.8
2026-05-15 22:29:54 | INFO | my_functions.py:236 | [DEBUG] wait_for_image_and_click -> 14_days_of_winterverse.PNG timeout=0s delay_click=1s confidence=0.8
2026-05-15 22:29:54 | INFO | my_functions.py:170 | Searching 14_days_of_winterverse.PNG (timeout=0s)
2026-05-15 22:29:54 | INFO | my_functions.py:214 | 
⛔ Not found: 14_days_of_winterverse.PNG after 0.01s region=(0, 0, 765, 1038) confidence=0.8
2026-05-15 22:29:54 | INFO | my_functions.py:263 | [DEBUG] Click skipped, image not found: 14_days_of_winterverse.PNG
2026-05-15 22:29:54 | INFO | my_functions.py:170 | Searching welcome_back_calendar.PNG (timeout=0s)
2026-05-15 22:29:55 | INFO | my_functions.py:214 | 
⛔ Not found: welcome_back_calendar.PNG after 0.0s region=(0, 0, 765, 1038) confidence=0.8
2026-05-15 22:29:55 | INFO | my_functions.py:236 | [DEBUG] wait_for_image_and_click -> start_the_countdown.PNG timeout=0s delay_click=1s confidence=0.8
2026-05-15 22:29:55 | INFO | my_functions.py:170 | Searching start_the_countdown.PNG (timeout=0s)
2026-05-15 22:29:55 | INFO | my_functions.py:214 | 
⛔ Not found: start_the_countdown.PNG after 0.01s region=(0, 0, 765, 1038) confidence=0.8
2026-05-15 22:29:55 | INFO | my_functions.py:263 | [DEBUG] Click skipped, image not found: start_the_countdown.PNG
2026-05-15 22:29:55 | INFO | my_functions.py:236 | [DEBUG] wait_for_image_and_click -> event_has_ended_sanctum.PNG timeout=0s delay_click=1s confidence=0.8
2026-05-15 22:29:55 | INFO | my_functions.py:170 | Searching event_has_ended_sanctum.PNG (timeout=0s)
2026-05-15 22:29:55 | INFO | my_functions.py:214 | 
⛔ Not found: event_has_ended_sanctum.PNG after 0.0s region=(0, 0, 765, 1038) confidence=0.8
2026-05-15 22:29:55 | INFO | my_functions.py:263 | [DEBUG] Click skipped, image not found: event_has_ended_sanctum.PNG
2026-05-15 22:29:55 | INFO | my_functions.py:236 | [DEBUG] wait_for_image_and_click -> image_part_of_event_grand_arena_finished.PNG timeout=0s delay_click=1s confidence=0.8
2026-05-15 22:29:55 | INFO | my_functions.py:170 | Searching image_part_of_event_grand_arena_finished.PNG (timeout=0s)
2026-05-15 22:29:55 | INFO | my_functions.py:214 | 
⛔ Not found: image_part_of_event_grand_arena_finished.PNG after 0.01s region=(0, 0, 765, 1038) confidence=0.8
2026-05-15 22:29:55 | INFO | my_functions.py:263 | [DEBUG] Click skipped, image not found: image_part_of_event_grand_arena_finished.PNG
2026-05-15 22:29:55 | INFO | my_functions.py:170 | Searching 28_day_event_login_rewards.PNG (timeout=0s)
2026-05-15 22:29:55 | INFO | my_functions.py:214 | 
⛔ Not found: 28_day_event_login_rewards.PNG after 0.0s region=(0, 0, 765, 1038) confidence=0.8
2026-05-15 22:29:55 | INFO | my_functions.py:170 | Searching 7_day_event_login.PNG (timeout=0s)
2026-05-15 22:29:56 | INFO | my_functions.py:214 | 
⛔ Not found: 7_day_event_login.PNG after 0.0s region=(0, 0, 765, 1038) confidence=0.8
2026-05-15 22:29:56 | INFO | my_functions.py:170 | Searching 14_days_event.PNG (timeout=0s)
2026-05-15 22:29:56 | INFO | my_functions.py:214 | 
⛔ Not found: 14_days_event.PNG after 0.0s region=(0, 0, 765, 1038) confidence=0.8
2026-05-15 22:29:56 | INFO | my_functions.py:236 | [DEBUG] wait_for_image_and_click -> lets_go.PNG timeout=0s delay_click=1s confidence=0.8
2026-05-15 22:29:56 | INFO | my_functions.py:170 | Searching lets_go.PNG (timeout=0s)
2026-05-15 22:29:56 | INFO | my_functions.py:214 | 
⛔ Not found: lets_go.PNG after 0.0s region=(0, 0, 765, 1038) confidence=0.8
2026-05-15 22:29:56 | INFO | my_functions.py:263 | [DEBUG] Click skipped, image not found: lets_go.PNG
2026-05-15 22:29:57 | INFO | my_functions.py:170 | Searching shop_unselected.PNG (timeout=0s)
2026-05-15 22:29:57 | INFO | my_functions.py:214 | 
⛔ Not found: shop_unselected.PNG after 0.0s region=(0, 0, 765, 1038) confidence=0.8
2026-05-15 22:29:57 | INFO | my_functions.py:236 | [DEBUG] wait_for_image_and_click -> super_premium.PNG timeout=0s delay_click=1s confidence=0.8
2026-05-15 22:29:57 | INFO | my_functions.py:170 | Searching super_premium.PNG (timeout=0s)
2026-05-15 22:29:58 | INFO | my_functions.py:214 | 
⛔ Not found: super_premium.PNG after 0.01s region=(0, 0, 765, 1038) confidence=0.8
2026-05-15 22:29:58 | INFO | my_functions.py:263 | [DEBUG] Click skipped, image not found: super_premium.PNG
2026-05-15 22:29:58 | INFO | my_functions.py:236 | [DEBUG] wait_for_image_and_click -> maybe_later.PNG timeout=0s delay_click=1s confidence=0.8
2026-05-15 22:29:58 | INFO | my_functions.py:170 | Searching maybe_later.PNG (timeout=0s)
2026-05-15 22:29:58 | INFO | my_functions.py:214 | 
⛔ Not found: maybe_later.PNG after 0.01s region=(0, 0, 765, 1038) confidence=0.8
2026-05-15 22:29:58 | INFO | my_functions.py:263 | [DEBUG] Click skipped, image not found: maybe_later.PNG
2026-05-15 22:29:58 | INFO | my_functions.py:236 | [DEBUG] wait_for_image_and_click -> maybe_later2.PNG timeout=0s delay_click=1s confidence=0.8
2026-05-15 22:29:58 | INFO | my_functions.py:170 | Searching maybe_later2.PNG (timeout=0s)
2026-05-15 22:29:58 | INFO | my_functions.py:214 | 
⛔ Not found: maybe_later2.PNG after 0.01s region=(0, 0, 765, 1038) confidence=0.8
2026-05-15 22:29:58 | INFO | my_functions.py:263 | [DEBUG] Click skipped, image not found: maybe_later2.PNG
2026-05-15 22:29:58 | INFO | my_functions.py:170 | Searching go_to_shop.PNG (timeout=0s)
2026-05-15 22:29:59 | INFO | my_functions.py:214 | 
⛔ Not found: go_to_shop.PNG after 0.0s region=(0, 0, 765, 1038) confidence=0.8
2026-05-15 22:29:59 | INFO | my_functions.py:236 | [DEBUG] wait_for_image_and_click -> 14_days_of_winterverse.PNG timeout=0s delay_click=1s confidence=0.8
2026-05-15 22:29:59 | INFO | my_functions.py:170 | Searching 14_days_of_winterverse.PNG (timeout=0s)
2026-05-15 22:29:59 | INFO | my_functions.py:214 | 
⛔ Not found: 14_days_of_winterverse.PNG after 0.0s region=(0, 0, 765, 1038) confidence=0.8
2026-05-15 22:29:59 | INFO | my_functions.py:263 | [DEBUG] Click skipped, image not found: 14_days_of_winterverse.PNG
2026-05-15 22:29:59 | INFO | my_functions.py:170 | Searching welcome_back_calendar.PNG (timeout=0s)
2026-05-15 22:29:59 | INFO | my_functions.py:214 | 
⛔ Not found: welcome_back_calendar.PNG after 0.01s region=(0, 0, 765, 1038) confidence=0.8
2026-05-15 22:29:59 | INFO | my_functions.py:236 | [DEBUG] wait_for_image_and_click -> start_the_countdown.PNG timeout=0s delay_click=1s confidence=0.8
2026-05-15 22:29:59 | INFO | my_functions.py:170 | Searching start_the_countdown.PNG (timeout=0s)
2026-05-15 22:29:59 | INFO | my_functions.py:214 | 
⛔ Not found: start_the_countdown.PNG after 0.01s region=(0, 0, 765, 1038) confidence=0.8
2026-05-15 22:29:59 | INFO | my_functions.py:263 | [DEBUG] Click skipped, image not found: start_the_countdown.PNG
2026-05-15 22:29:59 | INFO | my_functions.py:236 | [DEBUG] wait_for_image_and_click -> event_has_ended_sanctum.PNG timeout=0s delay_click=1s confidence=0.8
2026-05-15 22:29:59 | INFO | my_functions.py:170 | Searching event_has_ended_sanctum.PNG (timeout=0s)
2026-05-15 22:30:00 | INFO | my_functions.py:214 | 
⛔ Not found: event_has_ended_sanctum.PNG after 0.01s region=(0, 0, 765, 1038) confidence=0.8
2026-05-15 22:30:00 | INFO | my_functions.py:263 | [DEBUG] Click skipped, image not found: event_has_ended_sanctum.PNG
2026-05-15 22:30:00 | INFO | my_functions.py:236 | [DEBUG] wait_for_image_and_click -> image_part_of_event_grand_arena_finished.PNG timeout=0s delay_click=1s confidence=0.8
2026-05-15 22:30:00 | INFO | my_functions.py:170 | Searching image_part_of_event_grand_arena_finished.PNG (timeout=0s)
2026-05-15 22:30:00 | INFO | my_functions.py:214 | 
⛔ Not found: image_part_of_event_grand_arena_finished.PNG after 0.0s region=(0, 0, 765, 1038) confidence=0.8
2026-05-15 22:30:00 | INFO | my_functions.py:263 | [DEBUG] Click skipped, image not found: image_part_of_event_grand_arena_finished.PNG
2026-05-15 22:30:00 | INFO | my_functions.py:170 | Searching 28_day_event_login_rewards.PNG (timeout=0s)
2026-05-15 22:30:00 | INFO | my_functions.py:214 | 
⛔ Not found: 28_day_event_login_rewards.PNG after 0.0s region=(0, 0, 765, 1038) confidence=0.8
2026-05-15 22:30:00 | INFO | my_functions.py:170 | Searching 7_day_event_login.PNG (timeout=0s)
2026-05-15 22:30:01 | INFO | my_functions.py:214 | 
⛔ Not found: 7_day_event_login.PNG after 0.0s region=(0, 0, 765, 1038) confidence=0.8
2026-05-15 22:30:01 | INFO | my_functions.py:170 | Searching 14_days_event.PNG (timeout=0s)
2026-05-15 22:30:01 | INFO | my_functions.py:214 | 
⛔ Not found: 14_days_event.PNG after 0.0s region=(0, 0, 765, 1038) confidence=0.8
2026-05-15 22:30:01 | INFO | my_functions.py:236 | [DEBUG] wait_for_image_and_click -> lets_go.PNG timeout=0s delay_click=1s confidence=0.8
2026-05-15 22:30:01 | INFO | my_functions.py:170 | Searching lets_go.PNG (timeout=0s)
2026-05-15 22:30:01 | INFO | my_functions.py:214 | 
⛔ Not found: lets_go.PNG after 0.01s region=(0, 0, 765, 1038) confidence=0.8
2026-05-15 22:30:01 | INFO | my_functions.py:263 | [DEBUG] Click skipped, image not found: lets_go.PNG
2026-05-15 22:30:02 | INFO | my_functions.py:170 | Searching shop_unselected.PNG (timeout=0s)
2026-05-15 22:30:02 | INFO | my_functions.py:200 | 
✅ Found: shop_unselected.PNG pos=(88, 961) time=0.24s confidence=0.8
2026-05-15 22:30:10 | INFO | my_functions.py:170 | Searching shop_unselected.PNG (timeout=0s)
2026-05-15 22:30:11 | INFO | my_functions.py:214 | 
⛔ Not found: shop_unselected.PNG after 0.0s region=(0, 0, 765, 1038) confidence=0.8
2026-05-15 22:30:12 | INFO | my_functions.py:170 | Searching shop_unselected.PNG (timeout=0s)
2026-05-15 22:30:12 | INFO | my_functions.py:214 | 
⛔ Not found: shop_unselected.PNG after 0.0s region=(0, 0, 765, 1038) confidence=0.8
2026-05-15 22:30:12 | INFO | my_functions.py:236 | [DEBUG] wait_for_image_and_click -> super_premium.PNG timeout=0s delay_click=1s confidence=0.8
2026-05-15 22:30:12 | INFO | my_functions.py:170 | Searching super_premium.PNG (timeout=0s)
2026-05-15 22:30:12 | INFO | my_functions.py:214 | 
⛔ Not found: super_premium.PNG after 0.01s region=(0, 0, 765, 1038) confidence=0.8
2026-05-15 22:30:12 | INFO | my_functions.py:263 | [DEBUG] Click skipped, image not found: super_premium.PNG
2026-05-15 22:30:12 | INFO | my_functions.py:236 | [DEBUG] wait_for_image_and_click -> maybe_later.PNG timeout=0s delay_click=1s confidence=0.8
2026-05-15 22:30:12 | INFO | my_functions.py:170 | Searching maybe_later.PNG (timeout=0s)
2026-05-15 22:30:12 | INFO | my_functions.py:214 | 
⛔ Not found: maybe_later.PNG after 0.01s region=(0, 0, 765, 1038) confidence=0.8
2026-05-15 22:30:12 | INFO | my_functions.py:263 | [DEBUG] Click skipped, image not found: maybe_later.PNG
2026-05-15 22:30:12 | INFO | my_functions.py:236 | [DEBUG] wait_for_image_and_click -> maybe_later2.PNG timeout=0s delay_click=1s confidence=0.8
2026-05-15 22:30:12 | INFO | my_functions.py:170 | Searching maybe_later2.PNG (timeout=0s)
2026-05-15 22:30:12 | INFO | my_functions.py:214 | 
⛔ Not found: maybe_later2.PNG after 0.01s region=(0, 0, 765, 1038) confidence=0.8
2026-05-15 22:30:12 | INFO | my_functions.py:263 | [DEBUG] Click skipped, image not found: maybe_later2.PNG
2026-05-15 22:30:12 | INFO | my_functions.py:170 | Searching go_to_shop.PNG (timeout=0s)
2026-05-15 22:30:13 | INFO | my_functions.py:200 | 
✅ Found: go_to_shop.PNG pos=(275, 827) time=0.21s confidence=0.8
2026-05-15 22:30:15 | INFO | my_functions.py:236 | [DEBUG] wait_for_image_and_click -> white_x.png timeout=20s delay_click=1s confidence=0.8
2026-05-15 22:30:15 | INFO | my_functions.py:170 | Searching white_x.png (timeout=20s)
2026-05-15 22:30:15 | INFO | my_functions.py:200 | 
✅ Found: white_x.png pos=(597, 113) time=0.2s confidence=0.8
2026-05-15 22:30:16 | INFO | my_functions.py:135 | Haciendo click en la posición (597, 113)
2026-05-15 22:30:16 | INFO | my_functions.py:256 | 🖱️ Click OK: white_x.png at (597, 113) delay=1s
2026-05-15 22:30:24 | INFO | my_functions.py:170 | Searching shop_unselected.PNG (timeout=0s)
2026-05-15 22:30:24 | INFO | my_functions.py:214 | 
⛔ Not found: shop_unselected.PNG after 0.0s region=(0, 0, 765, 1038) confidence=0.8
2026-05-15 22:30:25 | INFO | my_functions.py:170 | Searching shop_unselected.PNG (timeout=0s)
2026-05-15 22:30:25 | INFO | my_functions.py:214 | 
⛔ Not found: shop_unselected.PNG after 0.0s region=(0, 0, 765, 1038) confidence=0.8
2026-05-15 22:30:25 | INFO | my_functions.py:236 | [DEBUG] wait_for_image_and_click -> super_premium.PNG timeout=0s delay_click=1s confidence=0.8
2026-05-15 22:30:25 | INFO | my_functions.py:170 | Searching super_premium.PNG (timeout=0s)
2026-05-15 22:30:26 | INFO | my_functions.py:200 | 
✅ Found: super_premium.PNG pos=(480, 777) time=0.22s confidence=0.8
2026-05-15 22:30:27 | INFO | my_functions.py:135 | Haciendo click en la posición (480, 777)
2026-05-15 22:30:27 | INFO | my_functions.py:256 | 🖱️ Click OK: super_premium.PNG at (480, 777) delay=1s
2026-05-15 22:30:27 | INFO | my_functions.py:143 | Presionando ESC (1/1)
2026-05-15 22:30:35 | INFO | my_functions.py:170 | Searching shop_unselected.PNG (timeout=0s)
2026-05-15 22:30:36 | INFO | my_functions.py:200 | 
✅ Found: shop_unselected.PNG pos=(88, 961) time=0.21s confidence=0.8
2026-05-15 22:30:36 | INFO | my_functions.py:497 | Ya esta listo
2026-05-15 22:30:38 | INFO | my_functions.py:309 | AVAILABLE: 6
2026-05-15 22:30:38 | INFO | my_functions.py:331 | Misiones completadas: 0
2026-05-15 22:30:38 | INFO | my_functions.py:170 | Searching play.PNG (timeout=0s)
2026-05-15 22:30:38 | INFO | my_functions.py:200 | 
✅ Found: play.PNG pos=(384, 826) time=0.26s confidence=0.8
2026-05-15 22:30:38 | INFO | my_functions.py:1159 | [INFO] Click realizado donde se equipa el deck a jugar
2026-05-15 22:30:42 | INFO | my_functions.py:236 | [DEBUG] wait_for_image_and_click -> deck_666666.png timeout=3s delay_click=1s confidence=0.8
2026-05-15 22:30:42 | INFO | my_functions.py:170 | Searching deck_666666.png (timeout=3s)
2026-05-15 22:30:43 | INFO | my_functions.py:200 | 
✅ Found: deck_666666.png pos=(235, 546) time=0.23s confidence=0.8
2026-05-15 22:30:44 | INFO | my_functions.py:135 | Haciendo click en la posición (235, 546)
2026-05-15 22:30:44 | INFO | my_functions.py:256 | 🖱️ Click OK: deck_666666.png at (235, 546) delay=1s
2026-05-15 22:30:44 | INFO | my_functions.py:236 | [DEBUG] wait_for_image_and_click -> equip.png timeout=3s delay_click=1s confidence=0.95
2026-05-15 22:30:44 | INFO | my_functions.py:170 | Searching equip.png (timeout=3s)
2026-05-15 22:30:44 | INFO | my_functions.py:200 | 
✅ Found: equip.png pos=(548, 983) time=0.25s confidence=0.95
2026-05-15 22:30:45 | INFO | my_functions.py:135 | Haciendo click en la posición (548, 983)
2026-05-15 22:30:45 | INFO | my_functions.py:256 | 🖱️ Click OK: equip.png at (548, 983) delay=1s
2026-05-15 22:30:45 | INFO | each_eight_hours.py:184 | Deck selected: 6turns
2026-05-15 22:30:45 | INFO | my_functions.py:236 | [DEBUG] wait_for_image_and_click -> maybe_later.PNG timeout=2s delay_click=1s confidence=0.8
2026-05-15 22:30:45 | INFO | my_functions.py:170 | Searching maybe_later.PNG (timeout=2s)
2026-05-15 22:30:48 | INFO | my_functions.py:214 | 
⛔ Not found: maybe_later.PNG after 2.12s region=(0, 0, 765, 1038) confidence=0.8
2026-05-15 22:30:48 | INFO | my_functions.py:263 | [DEBUG] Click skipped, image not found: maybe_later.PNG
2026-05-15 22:30:48 | INFO | my_functions.py:236 | [DEBUG] wait_for_image_and_click -> maybe_later2.PNG timeout=0.01s delay_click=1s confidence=0.8
2026-05-15 22:30:48 | INFO | my_functions.py:170 | Searching maybe_later2.PNG (timeout=0.01s)
2026-05-15 22:30:48 | INFO | my_functions.py:214 | 
⛔ Not found: maybe_later2.PNG after 0.23s region=(0, 0, 765, 1038) confidence=0.8
2026-05-15 22:30:48 | INFO | my_functions.py:263 | [DEBUG] Click skipped, image not found: maybe_later2.PNG
2026-05-15 22:30:48 | INFO | each_eight_hours.py:237 | Starting game loop 1
2026-05-15 22:30:48 | INFO | my_functions.py:236 | [DEBUG] wait_for_image_and_click -> play.PNG timeout=20s delay_click=3s confidence=0.8
2026-05-15 22:30:48 | INFO | my_functions.py:170 | Searching play.PNG (timeout=20s)
2026-05-15 22:30:48 | INFO | my_functions.py:200 | 
✅ Found: play.PNG pos=(384, 824) time=0.21s confidence=0.8
2026-05-15 22:30:51 | INFO | my_functions.py:135 | Haciendo click en la posición (384, 824)
2026-05-15 22:30:51 | INFO | my_functions.py:256 | 🖱️ Click OK: play.PNG at (384, 824) delay=3s
2026-05-15 22:31:07 | INFO | my_functions.py:200 | 
✅ Found: end_turn.PNG pos=(681, 945) time=0.19s confidence=0.8
2026-05-15 22:31:07 | INFO | my_functions.py:236 | [DEBUG] wait_for_image_and_click -> snap.PNG timeout=0s delay_click=1s confidence=0.8
2026-05-15 22:31:07 | INFO | my_functions.py:200 | 
✅ Found: snap.PNG pos=(386, 123) time=0.21s confidence=0.8
2026-05-15 22:31:08 | INFO | my_functions.py:135 | Haciendo click en la posición (386, 123)
2026-05-15 22:31:08 | INFO | my_functions.py:256 | 🖱️ Click OK: snap.PNG at (386, 123) delay=1s
2026-05-15 22:31:13 | INFO | my_functions.py:135 | Haciendo click en la posición (681, 945)
2026-05-15 22:31:15 | INFO | each_eight_hours.py:253 | End turn executed
2026-05-15 22:31:27 | INFO | my_functions.py:200 | 
✅ Found: end_turn.PNG pos=(681, 945) time=0.19s confidence=0.8
2026-05-15 22:31:27 | INFO | my_functions.py:236 | [DEBUG] wait_for_image_and_click -> snap.PNG timeout=0s delay_click=1s confidence=0.8
2026-05-15 22:31:27 | INFO | my_functions.py:263 | [DEBUG] Click skipped, image not found: snap.PNG
2026-05-15 22:31:33 | INFO | my_functions.py:135 | Haciendo click en la posición (681, 945)
2026-05-15 22:31:34 | INFO | each_eight_hours.py:253 | End turn executed
2026-05-15 22:31:54 | INFO | my_functions.py:200 | 
✅ Found: end_turn.PNG pos=(681, 945) time=0.2s confidence=0.8
2026-05-15 22:31:54 | INFO | my_functions.py:236 | [DEBUG] wait_for_image_and_click -> snap.PNG timeout=0s delay_click=1s confidence=0.8
2026-05-15 22:31:55 | INFO | my_functions.py:263 | [DEBUG] Click skipped, image not found: snap.PNG
2026-05-15 22:32:00 | INFO | my_functions.py:135 | Haciendo click en la posición (681, 945)
2026-05-15 22:32:01 | INFO | each_eight_hours.py:253 | End turn executed
2026-05-15 22:32:15 | INFO | my_functions.py:200 | 
✅ Found: end_turn.PNG pos=(681, 945) time=0.19s confidence=0.8
2026-05-15 22:32:15 | INFO | my_functions.py:236 | [DEBUG] wait_for_image_and_click -> snap.PNG timeout=0s delay_click=1s confidence=0.8
2026-05-15 22:32:16 | INFO | my_functions.py:263 | [DEBUG] Click skipped, image not found: snap.PNG
2026-05-15 22:32:21 | INFO | my_functions.py:135 | Haciendo click en la posición (681, 945)
2026-05-15 22:32:22 | INFO | each_eight_hours.py:253 | End turn executed
2026-05-15 22:32:46 | INFO | my_functions.py:200 | 
✅ Found: end_turn.PNG pos=(681, 945) time=0.21s confidence=0.8
2026-05-15 22:32:46 | INFO | my_functions.py:236 | [DEBUG] wait_for_image_and_click -> snap.PNG timeout=0s delay_click=1s confidence=0.8
2026-05-15 22:32:46 | INFO | my_functions.py:263 | [DEBUG] Click skipped, image not found: snap.PNG
2026-05-15 22:32:51 | INFO | my_functions.py:135 | Haciendo click en la posición (681, 945)
2026-05-15 22:32:52 | INFO | each_eight_hours.py:253 | End turn executed
2026-05-15 22:33:14 | INFO | my_functions.py:200 | 
✅ Found: end_turn.PNG pos=(681, 945) time=0.21s confidence=0.8
2026-05-15 22:33:14 | INFO | my_functions.py:236 | [DEBUG] wait_for_image_and_click -> snap.PNG timeout=0s delay_click=1s confidence=0.8
2026-05-15 22:33:14 | INFO | my_functions.py:263 | [DEBUG] Click skipped, image not found: snap.PNG
2026-05-15 22:33:19 | INFO | my_functions.py:135 | Haciendo click en la posición (681, 945)
2026-05-15 22:33:20 | INFO | each_eight_hours.py:253 | End turn executed
2026-05-15 22:34:07 | INFO | my_functions.py:200 | 
✅ Found: collect_rewards.PNG pos=(679, 957) time=0.22s confidence=0.8
2026-05-15 22:34:07 | INFO | each_eight_hours.py:292 | Rewards detected, exiting match
2026-05-15 22:34:07 | INFO | my_functions.py:236 | [DEBUG] wait_for_image_and_click -> collect_rewards.PNG timeout=20s delay_click=1s confidence=0.8
2026-05-15 22:34:07 | INFO | my_functions.py:170 | Searching collect_rewards.PNG (timeout=20s)
2026-05-15 22:34:07 | INFO | my_functions.py:200 | 
✅ Found: collect_rewards.PNG pos=(679, 957) time=0.24s confidence=0.8
2026-05-15 22:34:08 | INFO | my_functions.py:135 | Haciendo click en la posición (679, 957)
2026-05-15 22:34:08 | INFO | my_functions.py:256 | 🖱️ Click OK: collect_rewards.PNG at (679, 957) delay=1s
2026-05-15 22:34:08 | INFO | my_functions.py:236 | [DEBUG] wait_for_image_and_click -> next.PNG timeout=20s delay_click=1s confidence=0.8
2026-05-15 22:34:08 | INFO | my_functions.py:170 | Searching next.PNG (timeout=20s)
2026-05-15 22:34:14 | INFO | my_functions.py:200 | 
✅ Found: next.PNG pos=(678, 972) time=5.09s confidence=0.8
2026-05-15 22:34:15 | INFO | my_functions.py:135 | Haciendo click en la posición (678, 972)
2026-05-15 22:34:15 | INFO | my_functions.py:256 | 🖱️ Click OK: next.PNG at (678, 972) delay=1s
2026-05-15 22:34:17 | INFO | my_functions.py:309 | AVAILABLE: 6
2026-05-15 22:34:17 | INFO | each_eight_hours.py:359 | Submissions after match: 6
2026-05-15 22:34:17 | INFO | my_functions.py:331 | Misiones completadas: 2
2026-05-15 22:34:17 | INFO | each_eight_hours.py:363 | Submission condition met, breaking loop
2026-05-15 22:34:17 | INFO | my_functions.py:236 | [DEBUG] wait_for_image_and_click -> missionsNotify2.png timeout=20s delay_click=3s confidence=0.8
2026-05-15 22:34:17 | INFO | my_functions.py:170 | Searching missionsNotify2.png (timeout=20s)
2026-05-15 22:34:17 | INFO | my_functions.py:200 | 
✅ Found: missionsNotify2.png pos=(538, 124) time=0.23s confidence=0.8
2026-05-15 22:34:20 | INFO | my_functions.py:135 | Haciendo click en la posición (538, 124)
2026-05-15 22:34:20 | INFO | my_functions.py:256 | 🖱️ Click OK: missionsNotify2.png at (538, 124) delay=3s
2026-05-15 22:34:20 | INFO | my_functions.py:1189 | [INFO] Iniciando click_missions_blue2
2026-05-15 22:34:20 | INFO | my_functions.py:135 | Haciendo click en la posición (150, 132)
2026-05-15 22:34:21 | INFO | my_functions.py:1192 | [ACTION] Click hecho en icono de calendario que me dirige a las misiones ordinarias
2026-05-15 22:34:21 | INFO | my_functions.py:170 | Searching bonus_challenge.png (timeout=0s)
2026-05-15 22:34:22 | INFO | my_functions.py:214 | 
⛔ Not found: bonus_challenge.png after 0.0s region=(0, 0, 765, 1038) confidence=0.8
2026-05-15 22:34:24 | INFO | my_functions.py:135 | Haciendo click en la posición (362, 493)
2026-05-15 22:34:25 | INFO | my_functions.py:1205 | [ACTION] Click 1/2 en misión azul
2026-05-15 22:34:25 | INFO | my_functions.py:135 | Haciendo click en la posición (362, 493)
2026-05-15 22:34:27 | INFO | my_functions.py:1205 | [ACTION] Click 2/2 en misión azul
2026-05-15 22:34:27 | INFO | my_functions.py:170 | Searching flechita_mission.PNG (timeout=0s)
2026-05-15 22:34:27 | INFO | my_functions.py:214 | 
⛔ Not found: flechita_mission.PNG after 0.0s region=(0, 0, 765, 1038) confidence=0.8
2026-05-15 22:34:27 | INFO | my_functions.py:236 | [DEBUG] wait_for_image_and_click -> weekly3.PNG timeout=0s delay_click=0.1s confidence=0.8
2026-05-15 22:34:27 | INFO | my_functions.py:170 | Searching weekly3.PNG (timeout=0s)
2026-05-15 22:34:27 | INFO | my_functions.py:200 | 
✅ Found: weekly3.PNG pos=(485, 266) time=0.19s confidence=0.8
2026-05-15 22:34:28 | INFO | my_functions.py:135 | Haciendo click en la posición (485, 266)
2026-05-15 22:34:28 | INFO | my_functions.py:256 | 🖱️ Click OK: weekly3.PNG at (485, 266) delay=0.1s
2026-05-15 22:34:28 | INFO | my_functions.py:236 | [DEBUG] wait_for_image_and_click -> claim!.PNG timeout=0s delay_click=0.2s confidence=0.8
2026-05-15 22:34:28 | INFO | my_functions.py:170 | Searching claim!.PNG (timeout=0s)
2026-05-15 22:34:28 | INFO | my_functions.py:200 | 
✅ Found: claim!.PNG pos=(381, 924) time=0.29s confidence=0.8
2026-05-15 22:34:28 | INFO | my_functions.py:135 | Haciendo click en la posición (381, 924)
2026-05-15 22:34:29 | INFO | my_functions.py:256 | 🖱️ Click OK: claim!.PNG at (381, 924) delay=0.2s
2026-05-15 22:34:29 | INFO | my_functions.py:236 | [DEBUG] wait_for_image_and_click -> claim_hover.PNG timeout=0s delay_click=0.2s confidence=0.8
2026-05-15 22:34:29 | INFO | my_functions.py:170 | Searching claim_hover.PNG (timeout=0s)
2026-05-15 22:34:29 | INFO | my_functions.py:200 | 
✅ Found: claim_hover.PNG pos=(383, 921) time=0.24s confidence=0.8
2026-05-15 22:34:29 | INFO | my_functions.py:135 | Haciendo click en la posición (383, 921)
2026-05-15 22:34:29 | INFO | my_functions.py:256 | 🖱️ Click OK: claim_hover.PNG at (383, 921) delay=0.2s
2026-05-15 22:34:29 | INFO | my_functions.py:236 | [DEBUG] wait_for_image_and_click -> claim!.PNG timeout=0s delay_click=0.2s confidence=0.8
2026-05-15 22:34:29 | INFO | my_functions.py:170 | Searching claim!.PNG (timeout=0s)
2026-05-15 22:34:29 | INFO | my_functions.py:214 | 
⛔ Not found: claim!.PNG after 0.01s region=(0, 0, 765, 1038) confidence=0.8
2026-05-15 22:34:29 | INFO | my_functions.py:263 | [DEBUG] Click skipped, image not found: claim!.PNG
2026-05-15 22:34:29 | INFO | my_functions.py:236 | [DEBUG] wait_for_image_and_click -> claim_hover.PNG timeout=0s delay_click=0.2s confidence=0.8
2026-05-15 22:34:29 | INFO | my_functions.py:170 | Searching claim_hover.PNG (timeout=0s)
2026-05-15 22:34:30 | INFO | my_functions.py:200 | 
✅ Found: claim_hover.PNG pos=(383, 921) time=0.23s confidence=0.8
2026-05-15 22:34:30 | INFO | my_functions.py:135 | Haciendo click en la posición (383, 921)
2026-05-15 22:34:30 | INFO | my_functions.py:256 | 🖱️ Click OK: claim_hover.PNG at (383, 921) delay=0.2s
2026-05-15 22:34:30 | INFO | my_functions.py:236 | [DEBUG] wait_for_image_and_click -> claim!.PNG timeout=0s delay_click=0.2s confidence=0.8
2026-05-15 22:34:30 | INFO | my_functions.py:170 | Searching claim!.PNG (timeout=0s)
2026-05-15 22:34:30 | INFO | my_functions.py:214 | 
⛔ Not found: claim!.PNG after 0.01s region=(0, 0, 765, 1038) confidence=0.8
2026-05-15 22:34:30 | INFO | my_functions.py:263 | [DEBUG] Click skipped, image not found: claim!.PNG
2026-05-15 22:34:30 | INFO | my_functions.py:236 | [DEBUG] wait_for_image_and_click -> claim_hover.PNG timeout=0s delay_click=0.2s confidence=0.8
2026-05-15 22:34:30 | INFO | my_functions.py:170 | Searching claim_hover.PNG (timeout=0s)
2026-05-15 22:34:31 | INFO | my_functions.py:214 | 
⛔ Not found: claim_hover.PNG after 0.0s region=(0, 0, 765, 1038) confidence=0.8
2026-05-15 22:34:31 | INFO | my_functions.py:263 | [DEBUG] Click skipped, image not found: claim_hover.PNG
2026-05-15 22:34:31 | INFO | my_functions.py:236 | [DEBUG] wait_for_image_and_click -> claim!.PNG timeout=0s delay_click=0.2s confidence=0.8
2026-05-15 22:34:31 | INFO | my_functions.py:170 | Searching claim!.PNG (timeout=0s)
2026-05-15 22:34:31 | INFO | my_functions.py:214 | 
⛔ Not found: claim!.PNG after 0.01s region=(0, 0, 765, 1038) confidence=0.8
2026-05-15 22:34:31 | INFO | my_functions.py:263 | [DEBUG] Click skipped, image not found: claim!.PNG
2026-05-15 22:34:31 | INFO | my_functions.py:236 | [DEBUG] wait_for_image_and_click -> claim_hover.PNG timeout=0s delay_click=0.2s confidence=0.8
2026-05-15 22:34:31 | INFO | my_functions.py:170 | Searching claim_hover.PNG (timeout=0s)
2026-05-15 22:34:31 | INFO | my_functions.py:214 | 
⛔ Not found: claim_hover.PNG after 0.01s region=(0, 0, 765, 1038) confidence=0.8
2026-05-15 22:34:31 | INFO | my_functions.py:263 | [DEBUG] Click skipped, image not found: claim_hover.PNG
2026-05-15 22:34:31 | INFO | my_functions.py:236 | [DEBUG] wait_for_image_and_click -> claim!.PNG timeout=0s delay_click=0.2s confidence=0.8
2026-05-15 22:34:31 | INFO | my_functions.py:170 | Searching claim!.PNG (timeout=0s)
2026-05-15 22:34:31 | INFO | my_functions.py:214 | 
⛔ Not found: claim!.PNG after 0.0s region=(0, 0, 765, 1038) confidence=0.8
2026-05-15 22:34:31 | INFO | my_functions.py:263 | [DEBUG] Click skipped, image not found: claim!.PNG
2026-05-15 22:34:31 | INFO | my_functions.py:236 | [DEBUG] wait_for_image_and_click -> claim_hover.PNG timeout=0s delay_click=0.2s confidence=0.8
2026-05-15 22:34:31 | INFO | my_functions.py:170 | Searching claim_hover.PNG (timeout=0s)
2026-05-15 22:34:32 | INFO | my_functions.py:214 | 
⛔ Not found: claim_hover.PNG after 0.0s region=(0, 0, 765, 1038) confidence=0.8
2026-05-15 22:34:32 | INFO | my_functions.py:263 | [DEBUG] Click skipped, image not found: claim_hover.PNG
2026-05-15 22:34:32 | INFO | my_functions.py:236 | [DEBUG] wait_for_image_and_click -> claim!.PNG timeout=0s delay_click=0.2s confidence=0.8
2026-05-15 22:34:32 | INFO | my_functions.py:170 | Searching claim!.PNG (timeout=0s)
2026-05-15 22:34:32 | INFO | my_functions.py:214 | 
⛔ Not found: claim!.PNG after 0.01s region=(0, 0, 765, 1038) confidence=0.8
2026-05-15 22:34:32 | INFO | my_functions.py:263 | [DEBUG] Click skipped, image not found: claim!.PNG
2026-05-15 22:34:32 | INFO | my_functions.py:236 | [DEBUG] wait_for_image_and_click -> claim_hover.PNG timeout=0s delay_click=0.2s confidence=0.8
2026-05-15 22:34:32 | INFO | my_functions.py:170 | Searching claim_hover.PNG (timeout=0s)
2026-05-15 22:34:32 | INFO | my_functions.py:214 | 
⛔ Not found: claim_hover.PNG after 0.01s region=(0, 0, 765, 1038) confidence=0.8
2026-05-15 22:34:32 | INFO | my_functions.py:263 | [DEBUG] Click skipped, image not found: claim_hover.PNG
2026-05-15 22:34:32 | INFO | my_functions.py:236 | [DEBUG] wait_for_image_and_click -> claim!.PNG timeout=0s delay_click=0.2s confidence=0.8
2026-05-15 22:34:32 | INFO | my_functions.py:170 | Searching claim!.PNG (timeout=0s)
2026-05-15 22:34:32 | INFO | my_functions.py:214 | 
⛔ Not found: claim!.PNG after 0.0s region=(0, 0, 765, 1038) confidence=0.8
2026-05-15 22:34:32 | INFO | my_functions.py:263 | [DEBUG] Click skipped, image not found: claim!.PNG
2026-05-15 22:34:32 | INFO | my_functions.py:236 | [DEBUG] wait_for_image_and_click -> claim_hover.PNG timeout=0s delay_click=0.2s confidence=0.8
2026-05-15 22:34:32 | INFO | my_functions.py:170 | Searching claim_hover.PNG (timeout=0s)
2026-05-15 22:34:33 | INFO | my_functions.py:214 | 
⛔ Not found: claim_hover.PNG after 0.0s region=(0, 0, 765, 1038) confidence=0.8
2026-05-15 22:34:33 | INFO | my_functions.py:263 | [DEBUG] Click skipped, image not found: claim_hover.PNG
2026-05-15 22:34:33 | INFO | my_functions.py:236 | [DEBUG] wait_for_image_and_click -> claim!.PNG timeout=0s delay_click=0.2s confidence=0.8
2026-05-15 22:34:33 | INFO | my_functions.py:170 | Searching claim!.PNG (timeout=0s)
2026-05-15 22:34:33 | INFO | my_functions.py:214 | 
⛔ Not found: claim!.PNG after 0.0s region=(0, 0, 765, 1038) confidence=0.8
2026-05-15 22:34:33 | INFO | my_functions.py:263 | [DEBUG] Click skipped, image not found: claim!.PNG
2026-05-15 22:34:33 | INFO | my_functions.py:236 | [DEBUG] wait_for_image_and_click -> claim_hover.PNG timeout=0s delay_click=0.2s confidence=0.8
2026-05-15 22:34:33 | INFO | my_functions.py:170 | Searching claim_hover.PNG (timeout=0s)
2026-05-15 22:34:33 | INFO | my_functions.py:214 | 
⛔ Not found: claim_hover.PNG after 0.01s region=(0, 0, 765, 1038) confidence=0.8
2026-05-15 22:34:33 | INFO | my_functions.py:263 | [DEBUG] Click skipped, image not found: claim_hover.PNG
2026-05-15 22:34:33 | INFO | my_functions.py:236 | [DEBUG] wait_for_image_and_click -> weekly3.PNG timeout=0s delay_click=0.1s confidence=0.8
2026-05-15 22:34:33 | INFO | my_functions.py:170 | Searching weekly3.PNG (timeout=0s)
2026-05-15 22:34:33 | INFO | my_functions.py:214 | 
⛔ Not found: weekly3.PNG after 0.0s region=(0, 0, 765, 1038) confidence=0.8
2026-05-15 22:34:33 | INFO | my_functions.py:263 | [DEBUG] Click skipped, image not found: weekly3.PNG
2026-05-15 22:34:33 | INFO | my_functions.py:236 | [DEBUG] wait_for_image_and_click -> weekly3.PNG timeout=0s delay_click=0.1s confidence=0.8
2026-05-15 22:34:33 | INFO | my_functions.py:170 | Searching weekly3.PNG (timeout=0s)
2026-05-15 22:34:33 | INFO | my_functions.py:214 | 
⛔ Not found: weekly3.PNG after 0.01s region=(0, 0, 765, 1038) confidence=0.8
2026-05-15 22:34:33 | INFO | my_functions.py:263 | [DEBUG] Click skipped, image not found: weekly3.PNG
2026-05-15 22:34:33 | INFO | my_functions.py:236 | [DEBUG] wait_for_image_and_click -> weekly3.PNG timeout=0s delay_click=0.1s confidence=0.8
2026-05-15 22:34:33 | INFO | my_functions.py:170 | Searching weekly3.PNG (timeout=0s)
2026-05-15 22:34:34 | INFO | my_functions.py:214 | 
⛔ Not found: weekly3.PNG after 0.0s region=(0, 0, 765, 1038) confidence=0.8
2026-05-15 22:34:34 | INFO | my_functions.py:263 | [DEBUG] Click skipped, image not found: weekly3.PNG
2026-05-15 22:34:34 | INFO | my_functions.py:236 | [DEBUG] wait_for_image_and_click -> weekly3.PNG timeout=0s delay_click=0.1s confidence=0.8
2026-05-15 22:34:34 | INFO | my_functions.py:170 | Searching weekly3.PNG (timeout=0s)
2026-05-15 22:34:34 | INFO | my_functions.py:214 | 
⛔ Not found: weekly3.PNG after 0.01s region=(0, 0, 765, 1038) confidence=0.8
2026-05-15 22:34:34 | INFO | my_functions.py:263 | [DEBUG] Click skipped, image not found: weekly3.PNG
2026-05-15 22:34:34 | INFO | my_functions.py:236 | [DEBUG] wait_for_image_and_click -> weekly3.PNG timeout=0s delay_click=0.1s confidence=0.8
2026-05-15 22:34:34 | INFO | my_functions.py:170 | Searching weekly3.PNG (timeout=0s)
2026-05-15 22:34:34 | INFO | my_functions.py:214 | 
⛔ Not found: weekly3.PNG after 0.01s region=(0, 0, 765, 1038) confidence=0.8
2026-05-15 22:34:34 | INFO | my_functions.py:263 | [DEBUG] Click skipped, image not found: weekly3.PNG
2026-05-15 22:34:34 | INFO | my_functions.py:236 | [DEBUG] wait_for_image_and_click -> weekly3.PNG timeout=0s delay_click=0.1s confidence=0.8
2026-05-15 22:34:34 | INFO | my_functions.py:170 | Searching weekly3.PNG (timeout=0s)
2026-05-15 22:34:34 | INFO | my_functions.py:214 | 
⛔ Not found: weekly3.PNG after 0.18s region=(0, 0, 765, 1038) confidence=0.8
2026-05-15 22:34:34 | INFO | my_functions.py:263 | [DEBUG] Click skipped, image not found: weekly3.PNG
2026-05-15 22:34:34 | INFO | my_functions.py:236 | [DEBUG] wait_for_image_and_click -> weekly3.PNG timeout=0s delay_click=0.1s confidence=0.8
2026-05-15 22:34:34 | INFO | my_functions.py:170 | Searching weekly3.PNG (timeout=0s)
2026-05-15 22:34:35 | INFO | my_functions.py:214 | 
⛔ Not found: weekly3.PNG after 0.01s region=(0, 0, 765, 1038) confidence=0.8
2026-05-15 22:34:35 | INFO | my_functions.py:263 | [DEBUG] Click skipped, image not found: weekly3.PNG
2026-05-15 22:34:35 | INFO | my_functions.py:236 | [DEBUG] wait_for_image_and_click -> weekly3.PNG timeout=0s delay_click=0.1s confidence=0.8
2026-05-15 22:34:35 | INFO | my_functions.py:170 | Searching weekly3.PNG (timeout=0s)
2026-05-15 22:34:35 | INFO | my_functions.py:214 | 
⛔ Not found: weekly3.PNG after 0.0s region=(0, 0, 765, 1038) confidence=0.8
2026-05-15 22:34:35 | INFO | my_functions.py:263 | [DEBUG] Click skipped, image not found: weekly3.PNG
2026-05-15 22:34:35 | INFO | my_functions.py:236 | [DEBUG] wait_for_image_and_click -> weekly3.PNG timeout=0s delay_click=0.1s confidence=0.8
2026-05-15 22:34:35 | INFO | my_functions.py:170 | Searching weekly3.PNG (timeout=0s)
2026-05-15 22:34:35 | INFO | my_functions.py:214 | 
⛔ Not found: weekly3.PNG after 0.0s region=(0, 0, 765, 1038) confidence=0.8
2026-05-15 22:34:35 | INFO | my_functions.py:263 | [DEBUG] Click skipped, image not found: weekly3.PNG
2026-05-15 22:34:35 | INFO | my_functions.py:236 | [DEBUG] wait_for_image_and_click -> weekly3.PNG timeout=0s delay_click=0.1s confidence=0.8
2026-05-15 22:34:35 | INFO | my_functions.py:170 | Searching weekly3.PNG (timeout=0s)
2026-05-15 22:34:35 | INFO | my_functions.py:214 | 
⛔ Not found: weekly3.PNG after 0.01s region=(0, 0, 765, 1038) confidence=0.8
2026-05-15 22:34:35 | INFO | my_functions.py:263 | [DEBUG] Click skipped, image not found: weekly3.PNG
2026-05-15 22:34:35 | INFO | my_functions.py:135 | Haciendo click en la posición (557, 64)
2026-05-15 22:34:36 | INFO | my_functions.py:236 | [DEBUG] wait_for_image_and_click -> cards_shop.PNG timeout=20s delay_click=1s confidence=0.8
2026-05-15 22:34:36 | INFO | my_functions.py:170 | Searching cards_shop.PNG (timeout=20s)
2026-05-15 22:34:37 | INFO | my_functions.py:200 | 
✅ Found: cards_shop.PNG pos=(568, 121) time=0.62s confidence=0.8
2026-05-15 22:34:38 | INFO | my_functions.py:135 | Haciendo click en la posición (568, 121)
2026-05-15 22:34:38 | INFO | my_functions.py:256 | 🖱️ Click OK: cards_shop.PNG at (568, 121) delay=1s
2026-05-15 22:34:38 | INFO | my_functions.py:236 | [DEBUG] wait_for_image_and_click -> token_icon.PNG timeout=20s delay_click=1s confidence=0.8
2026-05-15 22:34:38 | INFO | my_functions.py:170 | Searching token_icon.PNG (timeout=20s)
2026-05-15 22:34:40 | INFO | my_functions.py:200 | 
✅ Found: token_icon.PNG pos=(680, 171) time=1.97s confidence=0.8
2026-05-15 22:34:41 | INFO | my_functions.py:135 | Haciendo click en la posición (680, 171)
2026-05-15 22:34:41 | INFO | my_functions.py:256 | 🖱️ Click OK: token_icon.PNG at (680, 171) delay=1s
2026-05-15 22:34:43 | INFO | my_functions.py:236 | [DEBUG] wait_for_image_and_click -> claim!_token_3.PNG timeout=4s delay_click=1s confidence=0.8
2026-05-15 22:34:43 | INFO | my_functions.py:170 | Searching claim!_token_3.PNG (timeout=4s)
2026-05-15 22:34:48 | INFO | my_functions.py:214 | 
⛔ Not found: claim!_token_3.PNG after 4.07s region=(0, 0, 765, 1038) confidence=0.8
2026-05-15 22:34:48 | INFO | my_functions.py:263 | [DEBUG] Click skipped, image not found: claim!_token_3.PNG
2026-05-15 22:34:48 | INFO | my_functions.py:236 | [DEBUG] wait_for_image_and_click -> offers.PNG timeout=0.1s delay_click=1s confidence=0.8
2026-05-15 22:34:48 | INFO | my_functions.py:170 | Searching offers.PNG (timeout=0.1s)
2026-05-15 22:34:48 | INFO | my_functions.py:200 | 
✅ Found: offers.PNG pos=(197, 121) time=0.24s confidence=0.8
2026-05-15 22:34:49 | INFO | my_functions.py:135 | Haciendo click en la posición (197, 121)
2026-05-15 22:34:49 | INFO | my_functions.py:256 | 🖱️ Click OK: offers.PNG at (197, 121) delay=1s
2026-05-15 22:34:49 | INFO | my_functions.py:236 | [DEBUG] wait_for_image_and_click -> credits_selected.png timeout=0.1s delay_click=1s confidence=0.8
2026-05-15 22:34:49 | INFO | my_functions.py:170 | Searching credits_selected.png (timeout=0.1s)
2026-05-15 22:34:50 | INFO | my_functions.py:214 | 
⛔ Not found: credits_selected.png after 0.42s region=(0, 0, 765, 1038) confidence=0.8
2026-05-15 22:34:50 | INFO | my_functions.py:263 | [DEBUG] Click skipped, image not found: credits_selected.png
2026-05-15 22:34:50 | INFO | my_functions.py:236 | [DEBUG] wait_for_image_and_click -> credits.PNG timeout=0.1s delay_click=1s confidence=0.95
2026-05-15 22:34:50 | INFO | my_functions.py:170 | Searching credits.PNG (timeout=0.1s)
2026-05-15 22:34:50 | INFO | my_functions.py:200 | 
✅ Found: credits.PNG pos=(442, 172) time=0.21s confidence=0.95
2026-05-15 22:34:51 | INFO | my_functions.py:135 | Haciendo click en la posición (442, 172)
2026-05-15 22:34:51 | INFO | my_functions.py:256 | 🖱️ Click OK: credits.PNG at (442, 172) delay=1s
2026-05-15 22:34:53 | INFO | my_functions.py:236 | [DEBUG] wait_for_image_and_click -> claim_25_credits.png timeout=2s delay_click=1s confidence=0.8
2026-05-15 22:34:53 | INFO | my_functions.py:170 | Searching claim_25_credits.png (timeout=2s)
2026-05-15 22:34:53 | INFO | my_functions.py:200 | 
✅ Found: claim_25_credits.png pos=(236, 328) time=0.2s confidence=0.8
2026-05-15 22:34:54 | INFO | my_functions.py:135 | Haciendo click en la posición (236, 328)
2026-05-15 22:34:54 | INFO | my_functions.py:256 | 🖱️ Click OK: claim_25_credits.png at (236, 328) delay=1s
2026-05-15 22:34:54 | INFO | my_functions.py:236 | [DEBUG] wait_for_image_and_click -> cards_shop.PNG timeout=20s delay_click=1s confidence=0.8
2026-05-15 22:34:54 | INFO | my_functions.py:170 | Searching cards_shop.PNG (timeout=20s)
2026-05-15 22:34:54 | INFO | my_functions.py:200 | 
✅ Found: cards_shop.PNG pos=(568, 121) time=0.23s confidence=0.8
2026-05-15 22:34:55 | INFO | my_functions.py:135 | Haciendo click en la posición (568, 121)
2026-05-15 22:34:56 | INFO | my_functions.py:256 | 🖱️ Click OK: cards_shop.PNG at (568, 121) delay=1s
2026-05-15 22:34:56 | INFO | my_functions.py:236 | [DEBUG] wait_for_image_and_click -> offers.PNG timeout=20s delay_click=1s confidence=0.8
2026-05-15 22:34:56 | INFO | my_functions.py:170 | Searching offers.PNG (timeout=20s)
2026-05-15 22:34:56 | INFO | my_functions.py:200 | 
✅ Found: offers.PNG pos=(197, 122) time=0.2s confidence=0.8
2026-05-15 22:34:57 | INFO | my_functions.py:135 | Haciendo click en la posición (197, 122)
2026-05-15 22:34:57 | INFO | my_functions.py:256 | 🖱️ Click OK: offers.PNG at (197, 122) delay=1s
2026-05-15 22:34:57 | INFO | my_functions.py:1089 | [INFO] Iniciando mejora de cartas
2026-05-15 22:34:57 | INFO | my_functions.py:236 | [DEBUG] wait_for_image_and_click -> upgrade_cards_icon.PNG timeout=20s delay_click=1s confidence=0.8
2026-05-15 22:34:57 | INFO | my_functions.py:170 | Searching upgrade_cards_icon.PNG (timeout=20s)
2026-05-15 22:34:57 | INFO | my_functions.py:200 | 
✅ Found: upgrade_cards_icon.PNG pos=(322, 170) time=0.21s confidence=0.8
2026-05-15 22:34:58 | INFO | my_functions.py:135 | Haciendo click en la posición (322, 170)
2026-05-15 22:34:58 | INFO | my_functions.py:256 | 🖱️ Click OK: upgrade_cards_icon.PNG at (322, 170) delay=1s
2026-05-15 22:34:58 | INFO | my_functions.py:1093 | [INFO] Abriendo icono de upgrade_cards
2026-05-15 22:34:59 | INFO | my_functions.py:1099 | [STEP] Mejorando carta 1
2026-05-15 22:35:00 | INFO | my_functions.py:1103 | [ACTION] Click en carta 1
2026-05-15 22:35:01 | INFO | my_functions.py:1108 | [ACTION] Click en botón upgrade
2026-05-15 22:35:08 | INFO | my_functions.py:236 | [DEBUG] wait_for_image_and_click -> you_need_more_credits!.png timeout=3s delay_click=1s confidence=0.8
2026-05-15 22:35:08 | INFO | my_functions.py:170 | Searching you_need_more_credits!.png (timeout=3s)
2026-05-15 22:35:11 | INFO | my_functions.py:214 | 
⛔ Not found: you_need_more_credits!.png after 3.18s region=(0, 0, 765, 1038) confidence=0.8
2026-05-15 22:35:11 | INFO | my_functions.py:263 | [DEBUG] Click skipped, image not found: you_need_more_credits!.png
2026-05-15 22:35:16 | INFO | my_functions.py:1123 | [ACTION] Click para continuar a stage de nivel de coleccion
2026-05-15 22:35:21 | INFO | my_functions.py:143 | Presionando ESC (1/1)
2026-05-15 22:35:22 | INFO | my_functions.py:1128 | [ACTION] Saliendo de stage nivel de coleccion con ESC
2026-05-15 22:35:23 | INFO | my_functions.py:236 | [DEBUG] wait_for_image_and_click -> upgrade_cards_icon_selected.PNG timeout=0s delay_click=1s confidence=0.8
2026-05-15 22:35:23 | INFO | my_functions.py:170 | Searching upgrade_cards_icon_selected.PNG (timeout=0s)
2026-05-15 22:35:23 | INFO | my_functions.py:200 | 
✅ Found: upgrade_cards_icon_selected.PNG pos=(320, 173) time=0.21s confidence=0.8
2026-05-15 22:35:24 | INFO | my_functions.py:135 | Haciendo click en la posición (320, 173)
2026-05-15 22:35:24 | INFO | my_functions.py:256 | 🖱️ Click OK: upgrade_cards_icon_selected.PNG at (320, 173) delay=1s
2026-05-15 22:35:24 | INFO | my_functions.py:1148 | [INFO] Reabriendo icono de upgrade_cards
2026-05-15 22:35:25 | INFO | my_functions.py:1099 | [STEP] Mejorando carta 2
2026-05-15 22:35:25 | INFO | my_functions.py:1103 | [ACTION] Click en carta 2
2026-05-15 22:35:27 | INFO | my_functions.py:1108 | [ACTION] Click en botón upgrade
2026-05-15 22:35:34 | INFO | my_functions.py:236 | [DEBUG] wait_for_image_and_click -> you_need_more_credits!.png timeout=3s delay_click=1s confidence=0.8
2026-05-15 22:35:34 | INFO | my_functions.py:170 | Searching you_need_more_credits!.png (timeout=3s)
2026-05-15 22:35:34 | INFO | my_functions.py:200 | 
✅ Found: you_need_more_credits!.png pos=(381, 345) time=0.22s confidence=0.8
2026-05-15 22:35:35 | INFO | my_functions.py:135 | Haciendo click en la posición (381, 345)
2026-05-15 22:35:35 | INFO | my_functions.py:256 | 🖱️ Click OK: you_need_more_credits!.png at (381, 345) delay=1s
2026-05-15 22:35:35 | INFO | my_functions.py:143 | Presionando ESC (1/2)
2026-05-15 22:35:36 | INFO | my_functions.py:143 | Presionando ESC (2/2)
2026-05-15 22:35:38 | INFO | my_functions.py:1151 | [INFO] Mejora de cartas completada ✅
2026-05-15 22:35:38 | INFO | my_functions.py:143 | Presionando ESC (1/1)
2026-05-15 22:35:39 | INFO | my_functions.py:236 | [DEBUG] wait_for_image_and_click -> nut.png timeout=20s delay_click=1s confidence=0.8
2026-05-15 22:35:39 | INFO | my_functions.py:170 | Searching nut.png (timeout=20s)
2026-05-15 22:35:39 | INFO | my_functions.py:200 | 
✅ Found: nut.png pos=(184, 78) time=0.22s confidence=0.8
2026-05-15 22:35:40 | INFO | my_functions.py:135 | Haciendo click en la posición (184, 78)
2026-05-15 22:35:40 | INFO | my_functions.py:256 | 🖱️ Click OK: nut.png at (184, 78) delay=1s
2026-05-15 22:35:40 | INFO | my_functions.py:236 | [DEBUG] wait_for_image_and_click -> graphics_quality.png timeout=3s delay_click=1s confidence=0.8
2026-05-15 22:35:40 | INFO | my_functions.py:170 | Searching graphics_quality.png (timeout=3s)
2026-05-15 22:35:41 | INFO | my_functions.py:200 | 
✅ Found: graphics_quality.png pos=(305, 642) time=0.56s confidence=0.8
2026-05-15 22:35:42 | INFO | my_functions.py:135 | Haciendo click en la posición (305, 642)
2026-05-15 22:35:42 | INFO | my_functions.py:256 | 🖱️ Click OK: graphics_quality.png at (305, 642) delay=1s
2026-05-15 22:35:43 | INFO | my_functions.py:236 | [DEBUG] wait_for_image_and_click -> sign_out.png timeout=20s delay_click=1s confidence=0.8
2026-05-15 22:35:43 | INFO | my_functions.py:170 | Searching sign_out.png (timeout=20s)
2026-05-15 22:35:43 | INFO | my_functions.py:200 | 
✅ Found: sign_out.png pos=(380, 796) time=0.19s confidence=0.8
2026-05-15 22:35:44 | INFO | my_functions.py:135 | Haciendo click en la posición (380, 796)
2026-05-15 22:35:45 | INFO | my_functions.py:256 | 🖱️ Click OK: sign_out.png at (380, 796) delay=1s
2026-05-15 22:35:46 | INFO | my_functions.py:236 | [DEBUG] wait_for_image_and_click -> sign_out_grande.png timeout=20s delay_click=1s confidence=0.8
2026-05-15 22:35:46 | INFO | my_functions.py:170 | Searching sign_out_grande.png (timeout=20s)
2026-05-15 22:35:46 | INFO | my_functions.py:200 | 
✅ Found: sign_out_grande.png pos=(359, 437) time=0.24s confidence=0.8
2026-05-15 22:35:47 | INFO | my_functions.py:135 | Haciendo click en la posición (359, 437)
2026-05-15 22:35:47 | INFO | my_functions.py:256 | 🖱️ Click OK: sign_out_grande.png at (359, 437) delay=1s
2026-05-15 22:35:47 | INFO | my_functions.py:236 | [DEBUG] wait_for_image_and_click -> sign_out2.png timeout=20s delay_click=1s confidence=0.8
2026-05-15 22:35:47 | INFO | my_functions.py:170 | Searching sign_out2.png (timeout=20s)
2026-05-15 22:35:47 | INFO | my_functions.py:200 | 
✅ Found: sign_out2.png pos=(383, 634) time=0.2s confidence=0.8
2026-05-15 22:35:48 | INFO | my_functions.py:135 | Haciendo click en la posición (383, 634)
2026-05-15 22:35:49 | INFO | my_functions.py:256 | 🖱️ Click OK: sign_out2.png at (383, 634) delay=1s
2026-05-15 22:35:49 | INFO | my_functions.py:1264 | ⏱ Esperando 0.1 segundos antes de empezar...
2026-05-15 22:35:49 | INFO | my_functions.py:1271 | 🔍 Esperando ventana que contenga alguna de: SNAP (máx 20s)
2026-05-15 22:35:49 | INFO | my_functions.py:1283 | ✅ Ventana encontrada: 'SNAP'
2026-05-15 22:35:49 | INFO | my_functions.py:1298 | ✅ Ventana seleccionada: 'SNAP'
2026-05-15 22:35:51 | INFO | my_functions.py:1321 | 🔁 Reajuste #1...
2026-05-15 22:35:53 | INFO | my_functions.py:1328 | ✔ Verificación completa. Se hicieron 1 reajustes.
2026-05-15 22:35:57 | INFO | each_eight_hours.py:139 | Processing account: john
2026-05-15 22:35:57 | INFO | each_eight_hours.py:142 | Game relaunched for account
2026-05-15 22:35:57 | INFO | my_functions.py:1264 | ⏱ Esperando 0.1 segundos antes de empezar...
2026-05-15 22:35:57 | INFO | my_functions.py:1271 | 🔍 Esperando ventana que contenga alguna de: ['SNAP'] (máx 20s)
2026-05-15 22:36:00 | INFO | my_functions.py:1283 | ✅ Ventana encontrada: 'SNAP'
2026-05-15 22:36:00 | INFO | my_functions.py:1298 | ✅ Ventana seleccionada: 'SNAP'
2026-05-15 22:36:02 | INFO | my_functions.py:1330 | ✔ Verificación completa. No hubo cambios después del primer ajuste.
2026-05-15 22:36:02 | INFO | my_functions.py:970 | [DEBUG] Resizing SNAP window...
2026-05-15 22:36:02 | INFO | my_functions.py:1264 | ⏱ Esperando 0.1 segundos antes de empezar...
2026-05-15 22:36:02 | INFO | my_functions.py:1271 | 🔍 Esperando ventana que contenga alguna de: ['SNAP'] (máx 20s)
2026-05-15 22:36:02 | INFO | my_functions.py:1283 | ✅ Ventana encontrada: 'SNAP'
2026-05-15 22:36:02 | INFO | my_functions.py:1298 | ✅ Ventana seleccionada: 'SNAP'
2026-05-15 22:36:05 | INFO | my_functions.py:1330 | ✔ Verificación completa. No hubo cambios después del primer ajuste.
2026-05-15 22:36:05 | INFO | my_functions.py:236 | [DEBUG] wait_for_image_and_click -> submit.PNG timeout=90s delay_click=0.2s confidence=0.8
2026-05-15 22:36:05 | INFO | my_functions.py:170 | Searching submit.PNG (timeout=90s)
2026-05-15 22:36:08 | INFO | my_functions.py:200 | 
✅ Found: submit.PNG pos=(386, 781) time=3.45s confidence=0.8
2026-05-15 22:36:09 | INFO | my_functions.py:135 | Haciendo click en la posición (386, 781)
2026-05-15 22:36:09 | INFO | my_functions.py:256 | 🖱️ Click OK: submit.PNG at (386, 781) delay=0.2s
2026-05-15 22:36:09 | INFO | my_functions.py:1264 | ⏱ Esperando 0.1 segundos antes de empezar...
2026-05-15 22:36:09 | INFO | my_functions.py:1271 | 🔍 Esperando ventana que contenga alguna de: ['SNAP'] (máx 20s)
2026-05-15 22:36:09 | INFO | my_functions.py:1283 | ✅ Ventana encontrada: 'SNAP'
2026-05-15 22:36:09 | INFO | my_functions.py:1298 | ✅ Ventana seleccionada: 'SNAP'
2026-05-15 22:36:11 | INFO | my_functions.py:1321 | 🔁 Reajuste #1...
2026-05-15 22:36:12 | INFO | my_functions.py:1328 | ✔ Verificación completa. Se hicieron 1 reajustes.
2026-05-15 22:36:12 | INFO | my_functions.py:170 | Searching please_sign.png (timeout=0s)
2026-05-15 22:36:12 | INFO | my_functions.py:200 | 
✅ Found: please_sign.png pos=(383, 438) time=0.21s confidence=0.8
2026-05-15 22:36:12 | INFO | my_functions.py:236 | [DEBUG] wait_for_image_and_click -> ok_btn.png timeout=20s delay_click=1s confidence=0.8
2026-05-15 22:36:12 | INFO | my_functions.py:170 | Searching ok_btn.png (timeout=20s)
2026-05-15 22:36:12 | INFO | my_functions.py:200 | 
✅ Found: ok_btn.png pos=(382, 634) time=0.2s confidence=0.8
2026-05-15 22:36:13 | INFO | my_functions.py:135 | Haciendo click en la posición (382, 634)
2026-05-15 22:36:14 | INFO | my_functions.py:256 | 🖱️ Click OK: ok_btn.png at (382, 634) delay=1s
2026-05-15 22:36:14 | INFO | my_functions.py:236 | [DEBUG] wait_for_image_and_click -> submit.PNG timeout=90s delay_click=0.2s confidence=0.8
2026-05-15 22:36:14 | INFO | my_functions.py:170 | Searching submit.PNG (timeout=90s)
2026-05-15 22:36:15 | INFO | my_functions.py:200 | 
✅ Found: submit.PNG pos=(385, 782) time=1.26s confidence=0.8
2026-05-15 22:36:15 | INFO | my_functions.py:135 | Haciendo click en la posición (385, 782)
2026-05-15 22:36:15 | INFO | my_functions.py:256 | 🖱️ Click OK: submit.PNG at (385, 782) delay=0.2s
2026-05-15 22:36:15 | INFO | my_functions.py:170 | Searching sign_in_with_google2.PNG (timeout=90s)
2026-05-15 22:36:16 | INFO | my_functions.py:200 | 
✅ Found: sign_in_with_google2.PNG pos=(406, 958) time=0.83s confidence=0.8
2026-05-15 22:36:16 | INFO | my_functions.py:236 | [DEBUG] wait_for_image_and_click -> sign_in_with_google2.PNG timeout=20s delay_click=1s confidence=0.8
2026-05-15 22:36:16 | INFO | my_functions.py:170 | Searching sign_in_with_google2.PNG (timeout=20s)
2026-05-15 22:36:16 | INFO | my_functions.py:200 | 
✅ Found: sign_in_with_google2.PNG pos=(406, 957) time=0.33s confidence=0.8
2026-05-15 22:36:17 | INFO | my_functions.py:135 | Haciendo click en la posición (406, 957)
2026-05-15 22:36:18 | INFO | my_functions.py:256 | 🖱️ Click OK: sign_in_with_google2.PNG at (406, 957) delay=1s
2026-05-15 22:36:18 | INFO | my_functions.py:236 | [DEBUG] wait_for_image_and_click -> john.png timeout=30s delay_click=3s confidence=0.8
2026-05-15 22:36:18 | INFO | my_functions.py:170 | Searching john.png (timeout=30s)
2026-05-15 22:36:29 | INFO | my_functions.py:200 | 
✅ Found: john.png pos=(1143, 619) time=11.77s confidence=0.8
2026-05-15 22:36:32 | INFO | my_functions.py:135 | Haciendo click en la posición (1143, 619)
2026-05-15 22:36:33 | INFO | my_functions.py:256 | 🖱️ Click OK: john.png at (1143, 619) delay=3s
2026-05-15 22:36:33 | INFO | my_functions.py:170 | Searching marvelsnap_web.png (timeout=30s)
2026-05-15 22:36:39 | INFO | my_functions.py:200 | 
✅ Found: marvelsnap_web.png pos=(258, 80) time=6.05s confidence=0.7
2026-05-15 22:36:39 | INFO | my_functions.py:170 | Searching shop_unselected.PNG (timeout=0s)
2026-05-15 22:36:39 | INFO | my_functions.py:214 | 
⛔ Not found: shop_unselected.PNG after 0.0s region=(0, 0, 765, 1038) confidence=0.8
2026-05-15 22:36:39 | INFO | my_functions.py:236 | [DEBUG] wait_for_image_and_click -> super_premium.PNG timeout=0s delay_click=1s confidence=0.8
2026-05-15 22:36:39 | INFO | my_functions.py:170 | Searching super_premium.PNG (timeout=0s)
2026-05-15 22:36:39 | INFO | my_functions.py:214 | 
⛔ Not found: super_premium.PNG after 0.01s region=(0, 0, 765, 1038) confidence=0.8
2026-05-15 22:36:39 | INFO | my_functions.py:263 | [DEBUG] Click skipped, image not found: super_premium.PNG
2026-05-15 22:36:39 | INFO | my_functions.py:236 | [DEBUG] wait_for_image_and_click -> maybe_later.PNG timeout=0s delay_click=1s confidence=0.8
2026-05-15 22:36:39 | INFO | my_functions.py:170 | Searching maybe_later.PNG (timeout=0s)
2026-05-15 22:36:40 | INFO | my_functions.py:214 | 
⛔ Not found: maybe_later.PNG after 0.0s region=(0, 0, 765, 1038) confidence=0.8
2026-05-15 22:36:40 | INFO | my_functions.py:263 | [DEBUG] Click skipped, image not found: maybe_later.PNG
2026-05-15 22:36:40 | INFO | my_functions.py:236 | [DEBUG] wait_for_image_and_click -> maybe_later2.PNG timeout=0s delay_click=1s confidence=0.8
2026-05-15 22:36:40 | INFO | my_functions.py:170 | Searching maybe_later2.PNG (timeout=0s)
2026-05-15 22:36:40 | INFO | my_functions.py:214 | 
⛔ Not found: maybe_later2.PNG after 0.01s region=(0, 0, 765, 1038) confidence=0.8
2026-05-15 22:36:40 | INFO | my_functions.py:263 | [DEBUG] Click skipped, image not found: maybe_later2.PNG
2026-05-15 22:36:40 | INFO | my_functions.py:170 | Searching go_to_shop.PNG (timeout=0s)
2026-05-15 22:36:40 | INFO | my_functions.py:214 | 
⛔ Not found: go_to_shop.PNG after 0.01s region=(0, 0, 765, 1038) confidence=0.8
2026-05-15 22:36:40 | INFO | my_functions.py:236 | [DEBUG] wait_for_image_and_click -> 14_days_of_winterverse.PNG timeout=0s delay_click=1s confidence=0.8
2026-05-15 22:36:40 | INFO | my_functions.py:170 | Searching 14_days_of_winterverse.PNG (timeout=0s)
2026-05-15 22:36:40 | INFO | my_functions.py:214 | 
⛔ Not found: 14_days_of_winterverse.PNG after 0.18s region=(0, 0, 765, 1038) confidence=0.8
2026-05-15 22:36:40 | INFO | my_functions.py:263 | [DEBUG] Click skipped, image not found: 14_days_of_winterverse.PNG
2026-05-15 22:36:40 | INFO | my_functions.py:170 | Searching welcome_back_calendar.PNG (timeout=0s)
2026-05-15 22:36:41 | INFO | my_functions.py:214 | 
⛔ Not found: welcome_back_calendar.PNG after 0.0s region=(0, 0, 765, 1038) confidence=0.8
2026-05-15 22:36:41 | INFO | my_functions.py:236 | [DEBUG] wait_for_image_and_click -> start_the_countdown.PNG timeout=0s delay_click=1s confidence=0.8
2026-05-15 22:36:41 | INFO | my_functions.py:170 | Searching start_the_countdown.PNG (timeout=0s)
2026-05-15 22:36:41 | INFO | my_functions.py:214 | 
⛔ Not found: start_the_countdown.PNG after 0.01s region=(0, 0, 765, 1038) confidence=0.8
2026-05-15 22:36:41 | INFO | my_functions.py:263 | [DEBUG] Click skipped, image not found: start_the_countdown.PNG
2026-05-15 22:36:41 | INFO | my_functions.py:236 | [DEBUG] wait_for_image_and_click -> event_has_ended_sanctum.PNG timeout=0s delay_click=1s confidence=0.8
2026-05-15 22:36:41 | INFO | my_functions.py:170 | Searching event_has_ended_sanctum.PNG (timeout=0s)
2026-05-15 22:36:41 | INFO | my_functions.py:214 | 
⛔ Not found: event_has_ended_sanctum.PNG after 0.01s region=(0, 0, 765, 1038) confidence=0.8
2026-05-15 22:36:41 | INFO | my_functions.py:263 | [DEBUG] Click skipped, image not found: event_has_ended_sanctum.PNG
2026-05-15 22:36:41 | INFO | my_functions.py:236 | [DEBUG] wait_for_image_and_click -> image_part_of_event_grand_arena_finished.PNG timeout=0s delay_click=1s confidence=0.8
2026-05-15 22:36:41 | INFO | my_functions.py:170 | Searching image_part_of_event_grand_arena_finished.PNG (timeout=0s)
2026-05-15 22:36:41 | INFO | my_functions.py:214 | 
⛔ Not found: image_part_of_event_grand_arena_finished.PNG after 0.0s region=(0, 0, 765, 1038) confidence=0.8
2026-05-15 22:36:41 | INFO | my_functions.py:263 | [DEBUG] Click skipped, image not found: image_part_of_event_grand_arena_finished.PNG
2026-05-15 22:36:41 | INFO | my_functions.py:170 | Searching 28_day_event_login_rewards.PNG (timeout=0s)
2026-05-15 22:36:42 | INFO | my_functions.py:214 | 
⛔ Not found: 28_day_event_login_rewards.PNG after 0.0s region=(0, 0, 765, 1038) confidence=0.8
2026-05-15 22:36:42 | INFO | my_functions.py:170 | Searching 7_day_event_login.PNG (timeout=0s)
2026-05-15 22:36:42 | INFO | my_functions.py:214 | 
⛔ Not found: 7_day_event_login.PNG after 0.0s region=(0, 0, 765, 1038) confidence=0.8
2026-05-15 22:36:42 | INFO | my_functions.py:170 | Searching 14_days_event.PNG (timeout=0s)
2026-05-15 22:36:42 | INFO | my_functions.py:214 | 
⛔ Not found: 14_days_event.PNG after 0.0s region=(0, 0, 765, 1038) confidence=0.8
2026-05-15 22:36:42 | INFO | my_functions.py:236 | [DEBUG] wait_for_image_and_click -> lets_go.PNG timeout=0s delay_click=1s confidence=0.8
2026-05-15 22:36:42 | INFO | my_functions.py:170 | Searching lets_go.PNG (timeout=0s)
2026-05-15 22:36:42 | INFO | my_functions.py:214 | 
⛔ Not found: lets_go.PNG after 0.0s region=(0, 0, 765, 1038) confidence=0.8
2026-05-15 22:36:42 | INFO | my_functions.py:263 | [DEBUG] Click skipped, image not found: lets_go.PNG
2026-05-15 22:36:43 | INFO | my_functions.py:170 | Searching shop_unselected.PNG (timeout=0s)
2026-05-15 22:36:43 | INFO | my_functions.py:214 | 
⛔ Not found: shop_unselected.PNG after 0.0s region=(0, 0, 765, 1038) confidence=0.8
2026-05-15 22:36:43 | INFO | my_functions.py:236 | [DEBUG] wait_for_image_and_click -> super_premium.PNG timeout=0s delay_click=1s confidence=0.8
2026-05-15 22:36:43 | INFO | my_functions.py:170 | Searching super_premium.PNG (timeout=0s)
2026-05-15 22:36:43 | INFO | my_functions.py:214 | 
⛔ Not found: super_premium.PNG after 0.0s region=(0, 0, 765, 1038) confidence=0.8
2026-05-15 22:36:43 | INFO | my_functions.py:263 | [DEBUG] Click skipped, image not found: super_premium.PNG
2026-05-15 22:36:43 | INFO | my_functions.py:236 | [DEBUG] wait_for_image_and_click -> maybe_later.PNG timeout=0s delay_click=1s confidence=0.8
2026-05-15 22:36:43 | INFO | my_functions.py:170 | Searching maybe_later.PNG (timeout=0s)
2026-05-15 22:36:44 | INFO | my_functions.py:214 | 
⛔ Not found: maybe_later.PNG after 0.01s region=(0, 0, 765, 1038) confidence=0.8
2026-05-15 22:36:44 | INFO | my_functions.py:263 | [DEBUG] Click skipped, image not found: maybe_later.PNG
2026-05-15 22:36:44 | INFO | my_functions.py:236 | [DEBUG] wait_for_image_and_click -> maybe_later2.PNG timeout=0s delay_click=1s confidence=0.8
2026-05-15 22:36:44 | INFO | my_functions.py:170 | Searching maybe_later2.PNG (timeout=0s)
2026-05-15 22:36:44 | INFO | my_functions.py:214 | 
⛔ Not found: maybe_later2.PNG after 0.0s region=(0, 0, 765, 1038) confidence=0.8
2026-05-15 22:36:44 | INFO | my_functions.py:263 | [DEBUG] Click skipped, image not found: maybe_later2.PNG
2026-05-15 22:36:44 | INFO | my_functions.py:170 | Searching go_to_shop.PNG (timeout=0s)
2026-05-15 22:36:44 | INFO | my_functions.py:214 | 
⛔ Not found: go_to_shop.PNG after 0.0s region=(0, 0, 765, 1038) confidence=0.8
2026-05-15 22:36:44 | INFO | my_functions.py:236 | [DEBUG] wait_for_image_and_click -> 14_days_of_winterverse.PNG timeout=0s delay_click=1s confidence=0.8
2026-05-15 22:36:44 | INFO | my_functions.py:170 | Searching 14_days_of_winterverse.PNG (timeout=0s)
2026-05-15 22:36:44 | INFO | my_functions.py:214 | 
⛔ Not found: 14_days_of_winterverse.PNG after 0.0s region=(0, 0, 765, 1038) confidence=0.8
2026-05-15 22:36:44 | INFO | my_functions.py:263 | [DEBUG] Click skipped, image not found: 14_days_of_winterverse.PNG
2026-05-15 22:36:44 | INFO | my_functions.py:170 | Searching welcome_back_calendar.PNG (timeout=0s)
2026-05-15 22:36:45 | INFO | my_functions.py:214 | 
⛔ Not found: welcome_back_calendar.PNG after 0.0s region=(0, 0, 765, 1038) confidence=0.8
2026-05-15 22:36:45 | INFO | my_functions.py:236 | [DEBUG] wait_for_image_and_click -> start_the_countdown.PNG timeout=0s delay_click=1s confidence=0.8
2026-05-15 22:36:45 | INFO | my_functions.py:170 | Searching start_the_countdown.PNG (timeout=0s)
2026-05-15 22:36:45 | INFO | my_functions.py:214 | 
⛔ Not found: start_the_countdown.PNG after 0.01s region=(0, 0, 765, 1038) confidence=0.8
2026-05-15 22:36:45 | INFO | my_functions.py:263 | [DEBUG] Click skipped, image not found: start_the_countdown.PNG
2026-05-15 22:36:45 | INFO | my_functions.py:236 | [DEBUG] wait_for_image_and_click -> event_has_ended_sanctum.PNG timeout=0s delay_click=1s confidence=0.8
2026-05-15 22:36:45 | INFO | my_functions.py:170 | Searching event_has_ended_sanctum.PNG (timeout=0s)
2026-05-15 22:36:45 | INFO | my_functions.py:214 | 
⛔ Not found: event_has_ended_sanctum.PNG after 0.01s region=(0, 0, 765, 1038) confidence=0.8
2026-05-15 22:36:45 | INFO | my_functions.py:263 | [DEBUG] Click skipped, image not found: event_has_ended_sanctum.PNG
2026-05-15 22:36:45 | INFO | my_functions.py:236 | [DEBUG] wait_for_image_and_click -> image_part_of_event_grand_arena_finished.PNG timeout=0s delay_click=1s confidence=0.8
2026-05-15 22:36:45 | INFO | my_functions.py:170 | Searching image_part_of_event_grand_arena_finished.PNG (timeout=0s)
2026-05-15 22:36:45 | INFO | my_functions.py:214 | 
⛔ Not found: image_part_of_event_grand_arena_finished.PNG after 0.0s region=(0, 0, 765, 1038) confidence=0.8
2026-05-15 22:36:45 | INFO | my_functions.py:263 | [DEBUG] Click skipped, image not found: image_part_of_event_grand_arena_finished.PNG
2026-05-15 22:36:45 | INFO | my_functions.py:170 | Searching 28_day_event_login_rewards.PNG (timeout=0s)
2026-05-15 22:36:45 | INFO | my_functions.py:214 | 
⛔ Not found: 28_day_event_login_rewards.PNG after 0.01s region=(0, 0, 765, 1038) confidence=0.8
2026-05-15 22:36:45 | INFO | my_functions.py:170 | Searching 7_day_event_login.PNG (timeout=0s)
2026-05-15 22:36:46 | INFO | my_functions.py:214 | 
⛔ Not found: 7_day_event_login.PNG after 0.0s region=(0, 0, 765, 1038) confidence=0.8
2026-05-15 22:36:46 | INFO | my_functions.py:170 | Searching 14_days_event.PNG (timeout=0s)
2026-05-15 22:36:46 | INFO | my_functions.py:214 | 
⛔ Not found: 14_days_event.PNG after 0.0s region=(0, 0, 765, 1038) confidence=0.8
2026-05-15 22:36:46 | INFO | my_functions.py:236 | [DEBUG] wait_for_image_and_click -> lets_go.PNG timeout=0s delay_click=1s confidence=0.8
2026-05-15 22:36:46 | INFO | my_functions.py:170 | Searching lets_go.PNG (timeout=0s)
2026-05-15 22:36:46 | INFO | my_functions.py:214 | 
⛔ Not found: lets_go.PNG after 0.0s region=(0, 0, 765, 1038) confidence=0.8
2026-05-15 22:36:46 | INFO | my_functions.py:263 | [DEBUG] Click skipped, image not found: lets_go.PNG
2026-05-15 22:36:47 | INFO | my_functions.py:170 | Searching shop_unselected.PNG (timeout=0s)
2026-05-15 22:36:47 | INFO | my_functions.py:200 | 
✅ Found: shop_unselected.PNG pos=(89, 961) time=0.26s confidence=0.8
2026-05-15 22:36:55 | INFO | my_functions.py:170 | Searching shop_unselected.PNG (timeout=0s)
2026-05-15 22:36:56 | INFO | my_functions.py:200 | 
✅ Found: shop_unselected.PNG pos=(89, 961) time=0.2s confidence=0.8
2026-05-15 22:36:56 | INFO | my_functions.py:497 | Ya esta listo
2026-05-15 22:36:58 | INFO | my_functions.py:309 | AVAILABLE: 6
2026-05-15 22:36:58 | INFO | my_functions.py:331 | Misiones completadas: 0
2026-05-15 22:36:58 | INFO | my_functions.py:170 | Searching play.PNG (timeout=0s)
2026-05-15 22:36:58 | INFO | my_functions.py:200 | 
✅ Found: play.PNG pos=(384, 824) time=0.24s confidence=0.8
2026-05-15 22:36:58 | INFO | my_functions.py:1159 | [INFO] Click realizado donde se equipa el deck a jugar
2026-05-15 22:37:02 | INFO | my_functions.py:236 | [DEBUG] wait_for_image_and_click -> deck_666666.png timeout=3s delay_click=1s confidence=0.8
2026-05-15 22:37:02 | INFO | my_functions.py:170 | Searching deck_666666.png (timeout=3s)
2026-05-15 22:37:02 | INFO | my_functions.py:200 | 
✅ Found: deck_666666.png pos=(384, 546) time=0.22s confidence=0.8
2026-05-15 22:37:03 | INFO | my_functions.py:135 | Haciendo click en la posición (384, 546)
2026-05-15 22:37:04 | INFO | my_functions.py:256 | 🖱️ Click OK: deck_666666.png at (384, 546) delay=1s
2026-05-15 22:37:04 | INFO | my_functions.py:236 | [DEBUG] wait_for_image_and_click -> equip.png timeout=3s delay_click=1s confidence=0.95
2026-05-15 22:37:04 | INFO | my_functions.py:170 | Searching equip.png (timeout=3s)
2026-05-15 22:37:04 | INFO | my_functions.py:200 | 
✅ Found: equip.png pos=(548, 983) time=0.22s confidence=0.95
2026-05-15 22:37:05 | INFO | my_functions.py:135 | Haciendo click en la posición (548, 983)
2026-05-15 22:37:05 | INFO | my_functions.py:256 | 🖱️ Click OK: equip.png at (548, 983) delay=1s
2026-05-15 22:37:05 | INFO | each_eight_hours.py:184 | Deck selected: 6turns
2026-05-15 22:37:05 | INFO | my_functions.py:236 | [DEBUG] wait_for_image_and_click -> maybe_later.PNG timeout=2s delay_click=1s confidence=0.8
2026-05-15 22:37:05 | INFO | my_functions.py:170 | Searching maybe_later.PNG (timeout=2s)
2026-05-15 22:37:07 | INFO | my_functions.py:214 | 
⛔ Not found: maybe_later.PNG after 2.14s region=(0, 0, 765, 1038) confidence=0.8
2026-05-15 22:37:07 | INFO | my_functions.py:263 | [DEBUG] Click skipped, image not found: maybe_later.PNG
2026-05-15 22:37:07 | INFO | my_functions.py:236 | [DEBUG] wait_for_image_and_click -> maybe_later2.PNG timeout=0.01s delay_click=1s confidence=0.8
2026-05-15 22:37:07 | INFO | my_functions.py:170 | Searching maybe_later2.PNG (timeout=0.01s)
2026-05-15 22:37:08 | INFO | my_functions.py:214 | 
⛔ Not found: maybe_later2.PNG after 0.21s region=(0, 0, 765, 1038) confidence=0.8
2026-05-15 22:37:08 | INFO | my_functions.py:263 | [DEBUG] Click skipped, image not found: maybe_later2.PNG
2026-05-15 22:37:08 | INFO | each_eight_hours.py:237 | Starting game loop 1
2026-05-15 22:37:08 | INFO | my_functions.py:236 | [DEBUG] wait_for_image_and_click -> play.PNG timeout=20s delay_click=3s confidence=0.8
2026-05-15 22:37:08 | INFO | my_functions.py:170 | Searching play.PNG (timeout=20s)
2026-05-15 22:37:08 | INFO | my_functions.py:200 | 
✅ Found: play.PNG pos=(384, 824) time=0.2s confidence=0.8
2026-05-15 22:37:11 | INFO | my_functions.py:135 | Haciendo click en la posición (384, 824)
2026-05-15 22:37:11 | INFO | my_functions.py:256 | 🖱️ Click OK: play.PNG at (384, 824) delay=3s
2026-05-15 22:37:24 | INFO | my_functions.py:200 | 
✅ Found: end_turn.PNG pos=(681, 945) time=0.2s confidence=0.8
2026-05-15 22:37:24 | INFO | my_functions.py:236 | [DEBUG] wait_for_image_and_click -> snap.PNG timeout=0s delay_click=1s confidence=0.8
2026-05-15 22:37:24 | INFO | my_functions.py:200 | 
✅ Found: snap.PNG pos=(386, 122) time=0.2s confidence=0.8
2026-05-15 22:37:25 | INFO | my_functions.py:135 | Haciendo click en la posición (386, 122)
2026-05-15 22:37:26 | INFO | my_functions.py:256 | 🖱️ Click OK: snap.PNG at (386, 122) delay=1s
2026-05-15 22:37:31 | INFO | my_functions.py:135 | Haciendo click en la posición (681, 945)
2026-05-15 22:37:32 | INFO | each_eight_hours.py:253 | End turn executed
2026-05-15 22:37:50 | INFO | my_functions.py:200 | 
✅ Found: end_turn.PNG pos=(681, 945) time=0.21s confidence=0.8
2026-05-15 22:37:50 | INFO | my_functions.py:236 | [DEBUG] wait_for_image_and_click -> snap.PNG timeout=0s delay_click=1s confidence=0.8
2026-05-15 22:37:50 | INFO | my_functions.py:263 | [DEBUG] Click skipped, image not found: snap.PNG
2026-05-15 22:37:55 | INFO | my_functions.py:135 | Haciendo click en la posición (681, 945)
2026-05-15 22:37:56 | INFO | each_eight_hours.py:253 | End turn executed
2026-05-15 22:38:09 | INFO | my_functions.py:200 | 
✅ Found: end_turn.PNG pos=(682, 945) time=0.18s confidence=0.8
2026-05-15 22:38:09 | INFO | my_functions.py:236 | [DEBUG] wait_for_image_and_click -> snap.PNG timeout=0s delay_click=1s confidence=0.8
2026-05-15 22:38:09 | INFO | my_functions.py:263 | [DEBUG] Click skipped, image not found: snap.PNG
2026-05-15 22:38:14 | INFO | my_functions.py:135 | Haciendo click en la posición (682, 945)
2026-05-15 22:38:15 | INFO | each_eight_hours.py:253 | End turn executed
2026-05-15 22:38:24 | INFO | my_functions.py:200 | 
✅ Found: end_turn.PNG pos=(681, 945) time=0.19s confidence=0.8
2026-05-15 22:38:24 | INFO | my_functions.py:236 | [DEBUG] wait_for_image_and_click -> snap.PNG timeout=0s delay_click=1s confidence=0.8
2026-05-15 22:38:24 | INFO | my_functions.py:263 | [DEBUG] Click skipped, image not found: snap.PNG
2026-05-15 22:38:29 | INFO | my_functions.py:135 | Haciendo click en la posición (681, 945)
2026-05-15 22:38:30 | INFO | each_eight_hours.py:253 | End turn executed
2026-05-15 22:38:49 | INFO | my_functions.py:200 | 
✅ Found: end_turn.PNG pos=(681, 945) time=0.18s confidence=0.8
2026-05-15 22:38:49 | INFO | my_functions.py:236 | [DEBUG] wait_for_image_and_click -> snap.PNG timeout=0s delay_click=1s confidence=0.8
2026-05-15 22:38:49 | INFO | my_functions.py:263 | [DEBUG] Click skipped, image not found: snap.PNG
2026-05-15 22:38:54 | INFO | my_functions.py:135 | Haciendo click en la posición (681, 945)
2026-05-15 22:38:56 | INFO | each_eight_hours.py:253 | End turn executed
2026-05-15 22:39:10 | INFO | my_functions.py:200 | 
✅ Found: end_turn.PNG pos=(681, 945) time=0.18s confidence=0.8
2026-05-15 22:39:10 | INFO | my_functions.py:236 | [DEBUG] wait_for_image_and_click -> snap.PNG timeout=0s delay_click=1s confidence=0.8
2026-05-15 22:39:10 | INFO | my_functions.py:263 | [DEBUG] Click skipped, image not found: snap.PNG
2026-05-15 22:39:15 | INFO | my_functions.py:135 | Haciendo click en la posición (681, 945)
2026-05-15 22:39:16 | INFO | each_eight_hours.py:253 | End turn executed
2026-05-15 22:39:49 | INFO | my_functions.py:200 | 
✅ Found: collect_rewards.PNG pos=(679, 957) time=0.23s confidence=0.8
2026-05-15 22:39:49 | INFO | each_eight_hours.py:292 | Rewards detected, exiting match
2026-05-15 22:39:49 | INFO | my_functions.py:236 | [DEBUG] wait_for_image_and_click -> collect_rewards.PNG timeout=20s delay_click=1s confidence=0.8
2026-05-15 22:39:49 | INFO | my_functions.py:170 | Searching collect_rewards.PNG (timeout=20s)
2026-05-15 22:39:49 | INFO | my_functions.py:200 | 
✅ Found: collect_rewards.PNG pos=(679, 957) time=0.24s confidence=0.8
2026-05-15 22:39:50 | INFO | my_functions.py:135 | Haciendo click en la posición (679, 957)
2026-05-15 22:39:51 | INFO | my_functions.py:256 | 🖱️ Click OK: collect_rewards.PNG at (679, 957) delay=1s
2026-05-15 22:39:51 | INFO | my_functions.py:236 | [DEBUG] wait_for_image_and_click -> next.PNG timeout=20s delay_click=1s confidence=0.8
2026-05-15 22:39:51 | INFO | my_functions.py:170 | Searching next.PNG (timeout=20s)
2026-05-15 22:39:56 | INFO | my_functions.py:200 | 
✅ Found: next.PNG pos=(678, 972) time=5.07s confidence=0.8
2026-05-15 22:39:57 | INFO | my_functions.py:135 | Haciendo click en la posición (678, 972)
2026-05-15 22:39:57 | INFO | my_functions.py:256 | 🖱️ Click OK: next.PNG at (678, 972) delay=1s
2026-05-15 22:39:59 | INFO | my_functions.py:309 | AVAILABLE: 6
2026-05-15 22:39:59 | INFO | each_eight_hours.py:359 | Submissions after match: 6
2026-05-15 22:39:59 | INFO | my_functions.py:331 | Misiones completadas: 0
2026-05-15 22:39:59 | INFO | each_eight_hours.py:237 | Starting game loop 2
2026-05-15 22:39:59 | INFO | my_functions.py:236 | [DEBUG] wait_for_image_and_click -> play.PNG timeout=20s delay_click=3s confidence=0.8
2026-05-15 22:39:59 | INFO | my_functions.py:170 | Searching play.PNG (timeout=20s)
2026-05-15 22:39:59 | INFO | my_functions.py:200 | 
✅ Found: play.PNG pos=(384, 824) time=0.19s confidence=0.8
2026-05-15 22:40:02 | INFO | my_functions.py:135 | Haciendo click en la posición (384, 824)
2026-05-15 22:40:02 | INFO | my_functions.py:256 | 🖱️ Click OK: play.PNG at (384, 824) delay=3s
2026-05-15 22:40:21 | INFO | my_functions.py:200 | 
✅ Found: end_turn.PNG pos=(681, 945) time=0.19s confidence=0.8
2026-05-15 22:40:21 | INFO | my_functions.py:236 | [DEBUG] wait_for_image_and_click -> snap.PNG timeout=0s delay_click=1s confidence=0.8
2026-05-15 22:40:21 | INFO | my_functions.py:200 | 
✅ Found: snap.PNG pos=(386, 122) time=0.2s confidence=0.8
2026-05-15 22:40:22 | INFO | my_functions.py:135 | Haciendo click en la posición (386, 122)
2026-05-15 22:40:22 | INFO | my_functions.py:256 | 🖱️ Click OK: snap.PNG at (386, 122) delay=1s
2026-05-15 22:40:27 | INFO | my_functions.py:135 | Haciendo click en la posición (681, 945)
2026-05-15 22:40:29 | INFO | each_eight_hours.py:253 | End turn executed
2026-05-15 22:40:43 | INFO | my_functions.py:200 | 
✅ Found: end_turn.PNG pos=(681, 945) time=0.19s confidence=0.8
2026-05-15 22:40:43 | INFO | my_functions.py:236 | [DEBUG] wait_for_image_and_click -> snap.PNG timeout=0s delay_click=1s confidence=0.8
2026-05-15 22:40:43 | INFO | my_functions.py:263 | [DEBUG] Click skipped, image not found: snap.PNG
2026-05-15 22:40:48 | INFO | my_functions.py:135 | Haciendo click en la posición (681, 945)
2026-05-15 22:40:50 | INFO | each_eight_hours.py:253 | End turn executed
2026-05-15 22:40:56 | INFO | my_functions.py:200 | 
✅ Found: end_turn.PNG pos=(681, 945) time=0.19s confidence=0.8
2026-05-15 22:40:56 | INFO | my_functions.py:236 | [DEBUG] wait_for_image_and_click -> snap.PNG timeout=0s delay_click=1s confidence=0.8
2026-05-15 22:40:56 | INFO | my_functions.py:263 | [DEBUG] Click skipped, image not found: snap.PNG
2026-05-15 22:41:01 | INFO | my_functions.py:135 | Haciendo click en la posición (681, 945)
2026-05-15 22:41:02 | INFO | each_eight_hours.py:253 | End turn executed
2026-05-15 22:41:17 | INFO | my_functions.py:200 | 
✅ Found: end_turn.PNG pos=(682, 945) time=0.18s confidence=0.8
2026-05-15 22:41:17 | INFO | my_functions.py:236 | [DEBUG] wait_for_image_and_click -> snap.PNG timeout=0s delay_click=1s confidence=0.8
2026-05-15 22:41:17 | INFO | my_functions.py:263 | [DEBUG] Click skipped, image not found: snap.PNG
2026-05-15 22:41:22 | INFO | my_functions.py:135 | Haciendo click en la posición (682, 945)
2026-05-15 22:41:23 | INFO | each_eight_hours.py:253 | End turn executed
2026-05-15 22:42:30 | INFO | my_functions.py:200 | 
✅ Found: end_turn.PNG pos=(681, 945) time=0.2s confidence=0.8
2026-05-15 22:42:30 | INFO | my_functions.py:236 | [DEBUG] wait_for_image_and_click -> snap.PNG timeout=0s delay_click=1s confidence=0.8
2026-05-15 22:42:30 | INFO | my_functions.py:263 | [DEBUG] Click skipped, image not found: snap.PNG
2026-05-15 22:42:35 | INFO | my_functions.py:135 | Haciendo click en la posición (681, 945)
2026-05-15 22:42:37 | INFO | each_eight_hours.py:253 | End turn executed
2026-05-15 22:42:44 | INFO | my_functions.py:200 | 
✅ Found: collect_rewards.PNG pos=(679, 996) time=0.23s confidence=0.8
2026-05-15 22:42:44 | INFO | each_eight_hours.py:292 | Rewards detected, exiting match
2026-05-15 22:42:44 | INFO | my_functions.py:236 | [DEBUG] wait_for_image_and_click -> collect_rewards.PNG timeout=20s delay_click=1s confidence=0.8
2026-05-15 22:42:44 | INFO | my_functions.py:170 | Searching collect_rewards.PNG (timeout=20s)
2026-05-15 22:42:44 | INFO | my_functions.py:200 | 
✅ Found: collect_rewards.PNG pos=(680, 961) time=0.22s confidence=0.8
2026-05-15 22:42:45 | INFO | my_functions.py:135 | Haciendo click en la posición (680, 961)
2026-05-15 22:42:46 | INFO | my_functions.py:256 | 🖱️ Click OK: collect_rewards.PNG at (680, 961) delay=1s
2026-05-15 22:42:46 | INFO | my_functions.py:236 | [DEBUG] wait_for_image_and_click -> next.PNG timeout=20s delay_click=1s confidence=0.8
2026-05-15 22:42:46 | INFO | my_functions.py:170 | Searching next.PNG (timeout=20s)
2026-05-15 22:42:50 | INFO | my_functions.py:200 | 
✅ Found: next.PNG pos=(677, 973) time=3.93s confidence=0.8
2026-05-15 22:42:51 | INFO | my_functions.py:135 | Haciendo click en la posición (677, 973)
2026-05-15 22:42:51 | INFO | my_functions.py:256 | 🖱️ Click OK: next.PNG at (677, 973) delay=1s
2026-05-15 22:42:53 | INFO | my_functions.py:309 | AVAILABLE: 6
2026-05-15 22:42:53 | INFO | each_eight_hours.py:359 | Submissions after match: 6
2026-05-15 22:42:53 | INFO | my_functions.py:331 | Misiones completadas: 2
2026-05-15 22:42:53 | INFO | each_eight_hours.py:363 | Submission condition met, breaking loop
2026-05-15 22:42:53 | INFO | my_functions.py:236 | [DEBUG] wait_for_image_and_click -> missionsNotify2.png timeout=20s delay_click=3s confidence=0.8
2026-05-15 22:42:53 | INFO | my_functions.py:170 | Searching missionsNotify2.png (timeout=20s)
2026-05-15 22:42:53 | INFO | my_functions.py:200 | 
✅ Found: missionsNotify2.png pos=(538, 124) time=0.22s confidence=0.8
2026-05-15 22:42:56 | INFO | my_functions.py:135 | Haciendo click en la posición (538, 124)
2026-05-15 22:42:56 | INFO | my_functions.py:256 | 🖱️ Click OK: missionsNotify2.png at (538, 124) delay=3s
2026-05-15 22:42:56 | INFO | my_functions.py:1189 | [INFO] Iniciando click_missions_blue2
2026-05-15 22:42:56 | INFO | my_functions.py:135 | Haciendo click en la posición (150, 132)
2026-05-15 22:42:57 | INFO | my_functions.py:1192 | [ACTION] Click hecho en icono de calendario que me dirige a las misiones ordinarias
2026-05-15 22:42:57 | INFO | my_functions.py:170 | Searching bonus_challenge.png (timeout=0s)
2026-05-15 22:42:58 | INFO | my_functions.py:214 | 
⛔ Not found: bonus_challenge.png after 0.0s region=(0, 0, 765, 1038) confidence=0.8
2026-05-15 22:43:00 | INFO | my_functions.py:135 | Haciendo click en la posición (362, 493)
2026-05-15 22:43:01 | INFO | my_functions.py:1205 | [ACTION] Click 1/2 en misión azul
2026-05-15 22:43:01 | INFO | my_functions.py:135 | Haciendo click en la posición (362, 493)
2026-05-15 22:43:03 | INFO | my_functions.py:1205 | [ACTION] Click 2/2 en misión azul
2026-05-15 22:43:03 | INFO | my_functions.py:170 | Searching flechita_mission.PNG (timeout=0s)
2026-05-15 22:43:03 | INFO | my_functions.py:214 | 
⛔ Not found: flechita_mission.PNG after 0.0s region=(0, 0, 765, 1038) confidence=0.8
2026-05-15 22:43:03 | INFO | my_functions.py:236 | [DEBUG] wait_for_image_and_click -> weekly3.PNG timeout=0s delay_click=0.1s confidence=0.8
2026-05-15 22:43:03 | INFO | my_functions.py:170 | Searching weekly3.PNG (timeout=0s)
2026-05-15 22:43:03 | INFO | my_functions.py:200 | 
✅ Found: weekly3.PNG pos=(485, 266) time=0.21s confidence=0.8
2026-05-15 22:43:04 | INFO | my_functions.py:135 | Haciendo click en la posición (485, 266)
2026-05-15 22:43:04 | INFO | my_functions.py:256 | 🖱️ Click OK: weekly3.PNG at (485, 266) delay=0.1s
2026-05-15 22:43:04 | INFO | my_functions.py:236 | [DEBUG] wait_for_image_and_click -> claim!.PNG timeout=0s delay_click=0.2s confidence=0.8
2026-05-15 22:43:04 | INFO | my_functions.py:170 | Searching claim!.PNG (timeout=0s)
2026-05-15 22:43:04 | INFO | my_functions.py:200 | 
✅ Found: claim!.PNG pos=(381, 924) time=0.25s confidence=0.8
2026-05-15 22:43:04 | INFO | my_functions.py:135 | Haciendo click en la posición (381, 924)
2026-05-15 22:43:04 | INFO | my_functions.py:256 | 🖱️ Click OK: claim!.PNG at (381, 924) delay=0.2s
2026-05-15 22:43:04 | INFO | my_functions.py:236 | [DEBUG] wait_for_image_and_click -> claim_hover.PNG timeout=0s delay_click=0.2s confidence=0.8
2026-05-15 22:43:04 | INFO | my_functions.py:170 | Searching claim_hover.PNG (timeout=0s)
2026-05-15 22:43:05 | INFO | my_functions.py:200 | 
✅ Found: claim_hover.PNG pos=(383, 922) time=0.24s confidence=0.8
2026-05-15 22:43:05 | INFO | my_functions.py:135 | Haciendo click en la posición (383, 922)
2026-05-15 22:43:05 | INFO | my_functions.py:256 | 🖱️ Click OK: claim_hover.PNG at (383, 922) delay=0.2s
2026-05-15 22:43:05 | INFO | my_functions.py:236 | [DEBUG] wait_for_image_and_click -> claim!.PNG timeout=0s delay_click=0.2s confidence=0.8
2026-05-15 22:43:05 | INFO | my_functions.py:170 | Searching claim!.PNG (timeout=0s)
2026-05-15 22:43:05 | INFO | my_functions.py:214 | 
⛔ Not found: claim!.PNG after 0.0s region=(0, 0, 765, 1038) confidence=0.8
2026-05-15 22:43:05 | INFO | my_functions.py:263 | [DEBUG] Click skipped, image not found: claim!.PNG
2026-05-15 22:43:05 | INFO | my_functions.py:236 | [DEBUG] wait_for_image_and_click -> claim_hover.PNG timeout=0s delay_click=0.2s confidence=0.8
2026-05-15 22:43:05 | INFO | my_functions.py:170 | Searching claim_hover.PNG (timeout=0s)
2026-05-15 22:43:06 | INFO | my_functions.py:200 | 
✅ Found: claim_hover.PNG pos=(383, 921) time=0.24s confidence=0.8
2026-05-15 22:43:06 | INFO | my_functions.py:135 | Haciendo click en la posición (383, 921)
2026-05-15 22:43:06 | INFO | my_functions.py:256 | 🖱️ Click OK: claim_hover.PNG at (383, 921) delay=0.2s
2026-05-15 22:43:06 | INFO | my_functions.py:236 | [DEBUG] wait_for_image_and_click -> claim!.PNG timeout=0s delay_click=0.2s confidence=0.8
2026-05-15 22:43:06 | INFO | my_functions.py:170 | Searching claim!.PNG (timeout=0s)
2026-05-15 22:43:06 | INFO | my_functions.py:214 | 
⛔ Not found: claim!.PNG after 0.0s region=(0, 0, 765, 1038) confidence=0.8
2026-05-15 22:43:06 | INFO | my_functions.py:263 | [DEBUG] Click skipped, image not found: claim!.PNG
2026-05-15 22:43:06 | INFO | my_functions.py:236 | [DEBUG] wait_for_image_and_click -> claim_hover.PNG timeout=0s delay_click=0.2s confidence=0.8
2026-05-15 22:43:06 | INFO | my_functions.py:170 | Searching claim_hover.PNG (timeout=0s)
2026-05-15 22:43:07 | INFO | my_functions.py:214 | 
⛔ Not found: claim_hover.PNG after 0.01s region=(0, 0, 765, 1038) confidence=0.8
2026-05-15 22:43:07 | INFO | my_functions.py:263 | [DEBUG] Click skipped, image not found: claim_hover.PNG
2026-05-15 22:43:07 | INFO | my_functions.py:236 | [DEBUG] wait_for_image_and_click -> claim!.PNG timeout=0s delay_click=0.2s confidence=0.8
2026-05-15 22:43:07 | INFO | my_functions.py:170 | Searching claim!.PNG (timeout=0s)
2026-05-15 22:43:07 | INFO | my_functions.py:214 | 
⛔ Not found: claim!.PNG after 0.0s region=(0, 0, 765, 1038) confidence=0.8
2026-05-15 22:43:07 | INFO | my_functions.py:263 | [DEBUG] Click skipped, image not found: claim!.PNG
2026-05-15 22:43:07 | INFO | my_functions.py:236 | [DEBUG] wait_for_image_and_click -> claim_hover.PNG timeout=0s delay_click=0.2s confidence=0.8
2026-05-15 22:43:07 | INFO | my_functions.py:170 | Searching claim_hover.PNG (timeout=0s)
2026-05-15 22:43:07 | INFO | my_functions.py:214 | 
⛔ Not found: claim_hover.PNG after 0.01s region=(0, 0, 765, 1038) confidence=0.8
2026-05-15 22:43:07 | INFO | my_functions.py:263 | [DEBUG] Click skipped, image not found: claim_hover.PNG
2026-05-15 22:43:07 | INFO | my_functions.py:236 | [DEBUG] wait_for_image_and_click -> claim!.PNG timeout=0s delay_click=0.2s confidence=0.8
2026-05-15 22:43:07 | INFO | my_functions.py:170 | Searching claim!.PNG (timeout=0s)
2026-05-15 22:43:07 | INFO | my_functions.py:214 | 
⛔ Not found: claim!.PNG after 0.01s region=(0, 0, 765, 1038) confidence=0.8
2026-05-15 22:43:07 | INFO | my_functions.py:263 | [DEBUG] Click skipped, image not found: claim!.PNG
2026-05-15 22:43:07 | INFO | my_functions.py:236 | [DEBUG] wait_for_image_and_click -> claim_hover.PNG timeout=0s delay_click=0.2s confidence=0.8
2026-05-15 22:43:07 | INFO | my_functions.py:170 | Searching claim_hover.PNG (timeout=0s)
2026-05-15 22:43:08 | INFO | my_functions.py:214 | 
⛔ Not found: claim_hover.PNG after 0.01s region=(0, 0, 765, 1038) confidence=0.8
2026-05-15 22:43:08 | INFO | my_functions.py:263 | [DEBUG] Click skipped, image not found: claim_hover.PNG
2026-05-15 22:43:08 | INFO | my_functions.py:236 | [DEBUG] wait_for_image_and_click -> claim!.PNG timeout=0s delay_click=0.2s confidence=0.8
2026-05-15 22:43:08 | INFO | my_functions.py:170 | Searching claim!.PNG (timeout=0s)
2026-05-15 22:43:08 | INFO | my_functions.py:214 | 
⛔ Not found: claim!.PNG after 0.0s region=(0, 0, 765, 1038) confidence=0.8
2026-05-15 22:43:08 | INFO | my_functions.py:263 | [DEBUG] Click skipped, image not found: claim!.PNG
2026-05-15 22:43:08 | INFO | my_functions.py:236 | [DEBUG] wait_for_image_and_click -> claim_hover.PNG timeout=0s delay_click=0.2s confidence=0.8
2026-05-15 22:43:08 | INFO | my_functions.py:170 | Searching claim_hover.PNG (timeout=0s)
2026-05-15 22:43:08 | INFO | my_functions.py:214 | 
⛔ Not found: claim_hover.PNG after 0.01s region=(0, 0, 765, 1038) confidence=0.8
2026-05-15 22:43:08 | INFO | my_functions.py:263 | [DEBUG] Click skipped, image not found: claim_hover.PNG
2026-05-15 22:43:08 | INFO | my_functions.py:236 | [DEBUG] wait_for_image_and_click -> claim!.PNG timeout=0s delay_click=0.2s confidence=0.8
2026-05-15 22:43:08 | INFO | my_functions.py:170 | Searching claim!.PNG (timeout=0s)
2026-05-15 22:43:08 | INFO | my_functions.py:214 | 
⛔ Not found: claim!.PNG after 0.0s region=(0, 0, 765, 1038) confidence=0.8
2026-05-15 22:43:08 | INFO | my_functions.py:263 | [DEBUG] Click skipped, image not found: claim!.PNG
2026-05-15 22:43:08 | INFO | my_functions.py:236 | [DEBUG] wait_for_image_and_click -> claim_hover.PNG timeout=0s delay_click=0.2s confidence=0.8
2026-05-15 22:43:08 | INFO | my_functions.py:170 | Searching claim_hover.PNG (timeout=0s)
2026-05-15 22:43:08 | INFO | my_functions.py:214 | 
⛔ Not found: claim_hover.PNG after 0.01s region=(0, 0, 765, 1038) confidence=0.8
2026-05-15 22:43:08 | INFO | my_functions.py:263 | [DEBUG] Click skipped, image not found: claim_hover.PNG
2026-05-15 22:43:08 | INFO | my_functions.py:236 | [DEBUG] wait_for_image_and_click -> claim!.PNG timeout=0s delay_click=0.2s confidence=0.8
2026-05-15 22:43:08 | INFO | my_functions.py:170 | Searching claim!.PNG (timeout=0s)
2026-05-15 22:43:09 | INFO | my_functions.py:214 | 
⛔ Not found: claim!.PNG after 0.01s region=(0, 0, 765, 1038) confidence=0.8
2026-05-15 22:43:09 | INFO | my_functions.py:263 | [DEBUG] Click skipped, image not found: claim!.PNG
2026-05-15 22:43:09 | INFO | my_functions.py:236 | [DEBUG] wait_for_image_and_click -> claim_hover.PNG timeout=0s delay_click=0.2s confidence=0.8
2026-05-15 22:43:09 | INFO | my_functions.py:170 | Searching claim_hover.PNG (timeout=0s)
2026-05-15 22:43:09 | INFO | my_functions.py:214 | 
⛔ Not found: claim_hover.PNG after 0.01s region=(0, 0, 765, 1038) confidence=0.8
2026-05-15 22:43:09 | INFO | my_functions.py:263 | [DEBUG] Click skipped, image not found: claim_hover.PNG
2026-05-15 22:43:09 | INFO | my_functions.py:236 | [DEBUG] wait_for_image_and_click -> weekly3.PNG timeout=0s delay_click=0.1s confidence=0.8
2026-05-15 22:43:09 | INFO | my_functions.py:170 | Searching weekly3.PNG (timeout=0s)
2026-05-15 22:43:09 | INFO | my_functions.py:214 | 
⛔ Not found: weekly3.PNG after 0.01s region=(0, 0, 765, 1038) confidence=0.8
2026-05-15 22:43:09 | INFO | my_functions.py:263 | [DEBUG] Click skipped, image not found: weekly3.PNG
2026-05-15 22:43:09 | INFO | my_functions.py:236 | [DEBUG] wait_for_image_and_click -> weekly3.PNG timeout=0s delay_click=0.1s confidence=0.8
2026-05-15 22:43:09 | INFO | my_functions.py:170 | Searching weekly3.PNG (timeout=0s)
2026-05-15 22:43:09 | INFO | my_functions.py:214 | 
⛔ Not found: weekly3.PNG after 0.0s region=(0, 0, 765, 1038) confidence=0.8
2026-05-15 22:43:09 | INFO | my_functions.py:263 | [DEBUG] Click skipped, image not found: weekly3.PNG
2026-05-15 22:43:09 | INFO | my_functions.py:236 | [DEBUG] wait_for_image_and_click -> weekly3.PNG timeout=0s delay_click=0.1s confidence=0.8
2026-05-15 22:43:09 | INFO | my_functions.py:170 | Searching weekly3.PNG (timeout=0s)
2026-05-15 22:43:10 | INFO | my_functions.py:214 | 
⛔ Not found: weekly3.PNG after 0.01s region=(0, 0, 765, 1038) confidence=0.8
2026-05-15 22:43:10 | INFO | my_functions.py:263 | [DEBUG] Click skipped, image not found: weekly3.PNG
2026-05-15 22:43:10 | INFO | my_functions.py:236 | [DEBUG] wait_for_image_and_click -> weekly3.PNG timeout=0s delay_click=0.1s confidence=0.8
2026-05-15 22:43:10 | INFO | my_functions.py:170 | Searching weekly3.PNG (timeout=0s)
2026-05-15 22:43:10 | INFO | my_functions.py:214 | 
⛔ Not found: weekly3.PNG after 0.01s region=(0, 0, 765, 1038) confidence=0.8
2026-05-15 22:43:10 | INFO | my_functions.py:263 | [DEBUG] Click skipped, image not found: weekly3.PNG
2026-05-15 22:43:10 | INFO | my_functions.py:236 | [DEBUG] wait_for_image_and_click -> weekly3.PNG timeout=0s delay_click=0.1s confidence=0.8
2026-05-15 22:43:10 | INFO | my_functions.py:170 | Searching weekly3.PNG (timeout=0s)
2026-05-15 22:43:10 | INFO | my_functions.py:214 | 
⛔ Not found: weekly3.PNG after 0.01s region=(0, 0, 765, 1038) confidence=0.8
2026-05-15 22:43:10 | INFO | my_functions.py:263 | [DEBUG] Click skipped, image not found: weekly3.PNG
2026-05-15 22:43:10 | INFO | my_functions.py:236 | [DEBUG] wait_for_image_and_click -> weekly3.PNG timeout=0s delay_click=0.1s confidence=0.8
2026-05-15 22:43:10 | INFO | my_functions.py:170 | Searching weekly3.PNG (timeout=0s)
2026-05-15 22:43:10 | INFO | my_functions.py:214 | 
⛔ Not found: weekly3.PNG after 0.01s region=(0, 0, 765, 1038) confidence=0.8
2026-05-15 22:43:10 | INFO | my_functions.py:263 | [DEBUG] Click skipped, image not found: weekly3.PNG
2026-05-15 22:43:10 | INFO | my_functions.py:236 | [DEBUG] wait_for_image_and_click -> weekly3.PNG timeout=0s delay_click=0.1s confidence=0.8
2026-05-15 22:43:10 | INFO | my_functions.py:170 | Searching weekly3.PNG (timeout=0s)
2026-05-15 22:43:10 | INFO | my_functions.py:214 | 
⛔ Not found: weekly3.PNG after 0.01s region=(0, 0, 765, 1038) confidence=0.8
2026-05-15 22:43:10 | INFO | my_functions.py:263 | [DEBUG] Click skipped, image not found: weekly3.PNG
2026-05-15 22:43:10 | INFO | my_functions.py:236 | [DEBUG] wait_for_image_and_click -> weekly3.PNG timeout=0s delay_click=0.1s confidence=0.8
2026-05-15 22:43:10 | INFO | my_functions.py:170 | Searching weekly3.PNG (timeout=0s)
2026-05-15 22:43:11 | INFO | my_functions.py:214 | 
⛔ Not found: weekly3.PNG after 0.0s region=(0, 0, 765, 1038) confidence=0.8
2026-05-15 22:43:11 | INFO | my_functions.py:263 | [DEBUG] Click skipped, image not found: weekly3.PNG
2026-05-15 22:43:11 | INFO | my_functions.py:236 | [DEBUG] wait_for_image_and_click -> weekly3.PNG timeout=0s delay_click=0.1s confidence=0.8
2026-05-15 22:43:11 | INFO | my_functions.py:170 | Searching weekly3.PNG (timeout=0s)
2026-05-15 22:43:11 | INFO | my_functions.py:214 | 
⛔ Not found: weekly3.PNG after 0.01s region=(0, 0, 765, 1038) confidence=0.8
2026-05-15 22:43:11 | INFO | my_functions.py:263 | [DEBUG] Click skipped, image not found: weekly3.PNG
2026-05-15 22:43:11 | INFO | my_functions.py:236 | [DEBUG] wait_for_image_and_click -> weekly3.PNG timeout=0s delay_click=0.1s confidence=0.8
2026-05-15 22:43:11 | INFO | my_functions.py:170 | Searching weekly3.PNG (timeout=0s)
2026-05-15 22:43:11 | INFO | my_functions.py:214 | 
⛔ Not found: weekly3.PNG after 0.01s region=(0, 0, 765, 1038) confidence=0.8
2026-05-15 22:43:11 | INFO | my_functions.py:263 | [DEBUG] Click skipped, image not found: weekly3.PNG
2026-05-15 22:43:11 | INFO | my_functions.py:135 | Haciendo click en la posición (557, 64)
2026-05-15 22:43:12 | INFO | my_functions.py:236 | [DEBUG] wait_for_image_and_click -> cards_shop.PNG timeout=20s delay_click=1s confidence=0.8
2026-05-15 22:43:12 | INFO | my_functions.py:170 | Searching cards_shop.PNG (timeout=20s)
2026-05-15 22:43:13 | INFO | my_functions.py:200 | 
✅ Found: cards_shop.PNG pos=(568, 121) time=0.65s confidence=0.8
2026-05-15 22:43:14 | INFO | my_functions.py:135 | Haciendo click en la posición (568, 121)
2026-05-15 22:43:14 | INFO | my_functions.py:256 | 🖱️ Click OK: cards_shop.PNG at (568, 121) delay=1s
2026-05-15 22:43:14 | INFO | my_functions.py:236 | [DEBUG] wait_for_image_and_click -> token_icon.PNG timeout=20s delay_click=1s confidence=0.8
2026-05-15 22:43:14 | INFO | my_functions.py:170 | Searching token_icon.PNG (timeout=20s)
2026-05-15 22:43:16 | INFO | my_functions.py:200 | 
✅ Found: token_icon.PNG pos=(571, 171) time=1.85s confidence=0.8
2026-05-15 22:43:17 | INFO | my_functions.py:135 | Haciendo click en la posición (571, 171)
2026-05-15 22:43:17 | INFO | my_functions.py:256 | 🖱️ Click OK: token_icon.PNG at (571, 171) delay=1s
2026-05-15 22:43:19 | INFO | my_functions.py:236 | [DEBUG] wait_for_image_and_click -> claim!_token_3.PNG timeout=4s delay_click=1s confidence=0.8
2026-05-15 22:43:19 | INFO | my_functions.py:170 | Searching claim!_token_3.PNG (timeout=4s)
2026-05-15 22:43:24 | INFO | my_functions.py:214 | 
⛔ Not found: claim!_token_3.PNG after 4.16s region=(0, 0, 765, 1038) confidence=0.8
2026-05-15 22:43:24 | INFO | my_functions.py:263 | [DEBUG] Click skipped, image not found: claim!_token_3.PNG
2026-05-15 22:43:24 | INFO | my_functions.py:236 | [DEBUG] wait_for_image_and_click -> offers.PNG timeout=0.1s delay_click=1s confidence=0.8
2026-05-15 22:43:24 | INFO | my_functions.py:170 | Searching offers.PNG (timeout=0.1s)
2026-05-15 22:43:24 | INFO | my_functions.py:200 | 
✅ Found: offers.PNG pos=(197, 121) time=0.22s confidence=0.8
2026-05-15 22:43:25 | INFO | my_functions.py:135 | Haciendo click en la posición (197, 121)
2026-05-15 22:43:25 | INFO | my_functions.py:256 | 🖱️ Click OK: offers.PNG at (197, 121) delay=1s
2026-05-15 22:43:25 | INFO | my_functions.py:236 | [DEBUG] wait_for_image_and_click -> credits_selected.png timeout=0.1s delay_click=1s confidence=0.8
2026-05-15 22:43:25 | INFO | my_functions.py:170 | Searching credits_selected.png (timeout=0.1s)
2026-05-15 22:43:25 | INFO | my_functions.py:214 | 
⛔ Not found: credits_selected.png after 0.21s region=(0, 0, 765, 1038) confidence=0.8
2026-05-15 22:43:25 | INFO | my_functions.py:263 | [DEBUG] Click skipped, image not found: credits_selected.png
2026-05-15 22:43:25 | INFO | my_functions.py:236 | [DEBUG] wait_for_image_and_click -> credits.PNG timeout=0.1s delay_click=1s confidence=0.95
2026-05-15 22:43:26 | INFO | my_functions.py:170 | Searching credits.PNG (timeout=0.1s)
2026-05-15 22:43:26 | INFO | my_functions.py:200 | 
✅ Found: credits.PNG pos=(442, 172) time=0.23s confidence=0.95
2026-05-15 22:43:27 | INFO | my_functions.py:135 | Haciendo click en la posición (442, 172)
2026-05-15 22:43:27 | INFO | my_functions.py:256 | 🖱️ Click OK: credits.PNG at (442, 172) delay=1s
2026-05-15 22:43:28 | INFO | my_functions.py:236 | [DEBUG] wait_for_image_and_click -> claim_25_credits.png timeout=2s delay_click=1s confidence=0.8
2026-05-15 22:43:28 | INFO | my_functions.py:170 | Searching claim_25_credits.png (timeout=2s)
2026-05-15 22:43:29 | INFO | my_functions.py:200 | 
✅ Found: claim_25_credits.png pos=(236, 328) time=0.22s confidence=0.8
2026-05-15 22:43:30 | INFO | my_functions.py:135 | Haciendo click en la posición (236, 328)
2026-05-15 22:43:30 | INFO | my_functions.py:256 | 🖱️ Click OK: claim_25_credits.png at (236, 328) delay=1s
2026-05-15 22:43:30 | INFO | my_functions.py:236 | [DEBUG] wait_for_image_and_click -> cards_shop.PNG timeout=20s delay_click=1s confidence=0.8
2026-05-15 22:43:30 | INFO | my_functions.py:170 | Searching cards_shop.PNG (timeout=20s)
2026-05-15 22:43:30 | INFO | my_functions.py:200 | 
✅ Found: cards_shop.PNG pos=(568, 121) time=0.23s confidence=0.8
2026-05-15 22:43:31 | INFO | my_functions.py:135 | Haciendo click en la posición (568, 121)
2026-05-15 22:43:31 | INFO | my_functions.py:256 | 🖱️ Click OK: cards_shop.PNG at (568, 121) delay=1s
2026-05-15 22:43:31 | INFO | my_functions.py:236 | [DEBUG] wait_for_image_and_click -> offers.PNG timeout=20s delay_click=1s confidence=0.8
2026-05-15 22:43:31 | INFO | my_functions.py:170 | Searching offers.PNG (timeout=20s)
2026-05-15 22:43:32 | INFO | my_functions.py:200 | 
✅ Found: offers.PNG pos=(197, 122) time=0.21s confidence=0.8
2026-05-15 22:43:33 | INFO | my_functions.py:135 | Haciendo click en la posición (197, 122)
2026-05-15 22:43:33 | INFO | my_functions.py:256 | 🖱️ Click OK: offers.PNG at (197, 122) delay=1s
2026-05-15 22:43:33 | INFO | my_functions.py:1089 | [INFO] Iniciando mejora de cartas
2026-05-15 22:43:33 | INFO | my_functions.py:236 | [DEBUG] wait_for_image_and_click -> upgrade_cards_icon.PNG timeout=20s delay_click=1s confidence=0.8
2026-05-15 22:43:33 | INFO | my_functions.py:170 | Searching upgrade_cards_icon.PNG (timeout=20s)
2026-05-15 22:43:33 | INFO | my_functions.py:200 | 
✅ Found: upgrade_cards_icon.PNG pos=(322, 170) time=0.22s confidence=0.8
2026-05-15 22:43:34 | INFO | my_functions.py:135 | Haciendo click en la posición (322, 170)
2026-05-15 22:43:34 | INFO | my_functions.py:256 | 🖱️ Click OK: upgrade_cards_icon.PNG at (322, 170) delay=1s
2026-05-15 22:43:34 | INFO | my_functions.py:1093 | [INFO] Abriendo icono de upgrade_cards
2026-05-15 22:43:35 | INFO | my_functions.py:1099 | [STEP] Mejorando carta 1
2026-05-15 22:43:35 | INFO | my_functions.py:1103 | [ACTION] Click en carta 1
2026-05-15 22:43:36 | INFO | my_functions.py:1108 | [ACTION] Click en botón upgrade
2026-05-15 22:43:44 | INFO | my_functions.py:236 | [DEBUG] wait_for_image_and_click -> you_need_more_credits!.png timeout=3s delay_click=1s confidence=0.8
2026-05-15 22:43:44 | INFO | my_functions.py:170 | Searching you_need_more_credits!.png (timeout=3s)
2026-05-15 22:43:47 | INFO | my_functions.py:214 | 
⛔ Not found: you_need_more_credits!.png after 3.03s region=(0, 0, 765, 1038) confidence=0.8
2026-05-15 22:43:47 | INFO | my_functions.py:263 | [DEBUG] Click skipped, image not found: you_need_more_credits!.png
2026-05-15 22:43:52 | INFO | my_functions.py:1123 | [ACTION] Click para continuar a stage de nivel de coleccion
2026-05-15 22:43:57 | INFO | my_functions.py:143 | Presionando ESC (1/1)
2026-05-15 22:43:58 | INFO | my_functions.py:1128 | [ACTION] Saliendo de stage nivel de coleccion con ESC
2026-05-15 22:43:59 | INFO | my_functions.py:236 | [DEBUG] wait_for_image_and_click -> upgrade_cards_icon_selected.PNG timeout=0s delay_click=1s confidence=0.8
2026-05-15 22:43:59 | INFO | my_functions.py:170 | Searching upgrade_cards_icon_selected.PNG (timeout=0s)
2026-05-15 22:43:59 | INFO | my_functions.py:200 | 
✅ Found: upgrade_cards_icon_selected.PNG pos=(320, 173) time=0.21s confidence=0.8
2026-05-15 22:44:00 | INFO | my_functions.py:135 | Haciendo click en la posición (320, 173)
2026-05-15 22:44:00 | INFO | my_functions.py:256 | 🖱️ Click OK: upgrade_cards_icon_selected.PNG at (320, 173) delay=1s
2026-05-15 22:44:00 | INFO | my_functions.py:1148 | [INFO] Reabriendo icono de upgrade_cards
2026-05-15 22:44:01 | INFO | my_functions.py:1099 | [STEP] Mejorando carta 2
2026-05-15 22:44:01 | INFO | my_functions.py:1103 | [ACTION] Click en carta 2
2026-05-15 22:44:02 | INFO | my_functions.py:1108 | [ACTION] Click en botón upgrade
2026-05-15 22:44:09 | INFO | my_functions.py:236 | [DEBUG] wait_for_image_and_click -> you_need_more_credits!.png timeout=3s delay_click=1s confidence=0.8
2026-05-15 22:44:09 | INFO | my_functions.py:170 | Searching you_need_more_credits!.png (timeout=3s)
2026-05-15 22:44:10 | INFO | my_functions.py:200 | 
✅ Found: you_need_more_credits!.png pos=(381, 345) time=0.22s confidence=0.8
2026-05-15 22:44:11 | INFO | my_functions.py:135 | Haciendo click en la posición (381, 345)
2026-05-15 22:44:11 | INFO | my_functions.py:256 | 🖱️ Click OK: you_need_more_credits!.png at (381, 345) delay=1s
2026-05-15 22:44:11 | INFO | my_functions.py:143 | Presionando ESC (1/2)
2026-05-15 22:44:11 | INFO | my_functions.py:143 | Presionando ESC (2/2)
2026-05-15 22:44:14 | INFO | my_functions.py:1151 | [INFO] Mejora de cartas completada ✅
2026-05-15 22:44:14 | INFO | my_functions.py:143 | Presionando ESC (1/1)
2026-05-15 22:44:15 | INFO | my_functions.py:236 | [DEBUG] wait_for_image_and_click -> nut.png timeout=20s delay_click=1s confidence=0.8
2026-05-15 22:44:15 | INFO | my_functions.py:170 | Searching nut.png (timeout=20s)
2026-05-15 22:44:15 | INFO | my_functions.py:200 | 
✅ Found: nut.png pos=(184, 78) time=0.2s confidence=0.8
2026-05-15 22:44:16 | INFO | my_functions.py:135 | Haciendo click en la posición (184, 78)
2026-05-15 22:44:16 | INFO | my_functions.py:256 | 🖱️ Click OK: nut.png at (184, 78) delay=1s
2026-05-15 22:44:16 | INFO | my_functions.py:236 | [DEBUG] wait_for_image_and_click -> graphics_quality.png timeout=3s delay_click=1s confidence=0.8
2026-05-15 22:44:16 | INFO | my_functions.py:170 | Searching graphics_quality.png (timeout=3s)
2026-05-15 22:44:17 | INFO | my_functions.py:200 | 
✅ Found: graphics_quality.png pos=(306, 641) time=0.54s confidence=0.8
2026-05-15 22:44:18 | INFO | my_functions.py:135 | Haciendo click en la posición (306, 641)
2026-05-15 22:44:18 | INFO | my_functions.py:256 | 🖱️ Click OK: graphics_quality.png at (306, 641) delay=1s
2026-05-15 22:44:19 | INFO | my_functions.py:236 | [DEBUG] wait_for_image_and_click -> sign_out.png timeout=20s delay_click=1s confidence=0.8
2026-05-15 22:44:19 | INFO | my_functions.py:170 | Searching sign_out.png (timeout=20s)
2026-05-15 22:44:19 | INFO | my_functions.py:200 | 
✅ Found: sign_out.png pos=(380, 796) time=0.19s confidence=0.8
2026-05-15 22:44:20 | INFO | my_functions.py:135 | Haciendo click en la posición (380, 796)
2026-05-15 22:44:20 | INFO | my_functions.py:256 | 🖱️ Click OK: sign_out.png at (380, 796) delay=1s
2026-05-15 22:44:21 | INFO | my_functions.py:236 | [DEBUG] wait_for_image_and_click -> sign_out_grande.png timeout=20s delay_click=1s confidence=0.8
2026-05-15 22:44:21 | INFO | my_functions.py:170 | Searching sign_out_grande.png (timeout=20s)
2026-05-15 22:44:21 | INFO | my_functions.py:200 | 
✅ Found: sign_out_grande.png pos=(359, 437) time=0.2s confidence=0.8
2026-05-15 22:44:22 | INFO | my_functions.py:135 | Haciendo click en la posición (359, 437)
2026-05-15 22:44:23 | INFO | my_functions.py:256 | 🖱️ Click OK: sign_out_grande.png at (359, 437) delay=1s
2026-05-15 22:44:23 | INFO | my_functions.py:236 | [DEBUG] wait_for_image_and_click -> sign_out2.png timeout=20s delay_click=1s confidence=0.8
2026-05-15 22:44:23 | INFO | my_functions.py:170 | Searching sign_out2.png (timeout=20s)
2026-05-15 22:44:23 | INFO | my_functions.py:200 | 
✅ Found: sign_out2.png pos=(383, 634) time=0.21s confidence=0.8
2026-05-15 22:44:24 | INFO | my_functions.py:135 | Haciendo click en la posición (383, 634)
2026-05-15 22:44:24 | INFO | my_functions.py:256 | 🖱️ Click OK: sign_out2.png at (383, 634) delay=1s
2026-05-15 22:44:24 | INFO | my_functions.py:1264 | ⏱ Esperando 0.1 segundos antes de empezar...
2026-05-15 22:44:24 | INFO | my_functions.py:1271 | 🔍 Esperando ventana que contenga alguna de: SNAP (máx 20s)
2026-05-15 22:44:24 | INFO | my_functions.py:1283 | ✅ Ventana encontrada: 'SNAP'
2026-05-15 22:44:24 | INFO | my_functions.py:1298 | ✅ Ventana seleccionada: 'SNAP'
2026-05-15 22:44:26 | INFO | my_functions.py:1321 | 🔁 Reajuste #1...
2026-05-15 22:44:28 | INFO | my_functions.py:1328 | ✔ Verificación completa. Se hicieron 1 reajustes.
2026-05-15 22:44:32 | INFO | each_eight_hours.py:139 | Processing account: guille
2026-05-15 22:44:32 | INFO | each_eight_hours.py:142 | Game relaunched for account
2026-05-15 22:44:32 | INFO | my_functions.py:1264 | ⏱ Esperando 0.1 segundos antes de empezar...
2026-05-15 22:44:33 | INFO | my_functions.py:1271 | 🔍 Esperando ventana que contenga alguna de: ['SNAP'] (máx 20s)
2026-05-15 22:44:35 | INFO | my_functions.py:1283 | ✅ Ventana encontrada: 'SNAP'
2026-05-15 22:44:35 | INFO | my_functions.py:1298 | ✅ Ventana seleccionada: 'SNAP'
2026-05-15 22:44:37 | INFO | my_functions.py:1330 | ✔ Verificación completa. No hubo cambios después del primer ajuste.
2026-05-15 22:44:37 | INFO | my_functions.py:970 | [DEBUG] Resizing SNAP window...
2026-05-15 22:44:37 | INFO | my_functions.py:1264 | ⏱ Esperando 0.1 segundos antes de empezar...
2026-05-15 22:44:37 | INFO | my_functions.py:1271 | 🔍 Esperando ventana que contenga alguna de: ['SNAP'] (máx 20s)
2026-05-15 22:44:37 | INFO | my_functions.py:1283 | ✅ Ventana encontrada: 'SNAP'
2026-05-15 22:44:37 | INFO | my_functions.py:1298 | ✅ Ventana seleccionada: 'SNAP'
2026-05-15 22:44:40 | INFO | my_functions.py:1330 | ✔ Verificación completa. No hubo cambios después del primer ajuste.
2026-05-15 22:44:40 | INFO | my_functions.py:236 | [DEBUG] wait_for_image_and_click -> submit.PNG timeout=90s delay_click=0.2s confidence=0.8
2026-05-15 22:44:40 | INFO | my_functions.py:170 | Searching submit.PNG (timeout=90s)
2026-05-15 22:44:43 | INFO | my_functions.py:200 | 
✅ Found: submit.PNG pos=(385, 781) time=2.74s confidence=0.8
2026-05-15 22:44:43 | INFO | my_functions.py:135 | Haciendo click en la posición (385, 781)
2026-05-15 22:44:43 | INFO | my_functions.py:256 | 🖱️ Click OK: submit.PNG at (385, 781) delay=0.2s
2026-05-15 22:44:43 | INFO | my_functions.py:1264 | ⏱ Esperando 0.1 segundos antes de empezar...
2026-05-15 22:44:44 | INFO | my_functions.py:1271 | 🔍 Esperando ventana que contenga alguna de: ['SNAP'] (máx 20s)
2026-05-15 22:44:44 | INFO | my_functions.py:1283 | ✅ Ventana encontrada: 'SNAP'
2026-05-15 22:44:44 | INFO | my_functions.py:1298 | ✅ Ventana seleccionada: 'SNAP'
2026-05-15 22:44:46 | INFO | my_functions.py:1321 | 🔁 Reajuste #1...
2026-05-15 22:44:47 | INFO | my_functions.py:1328 | ✔ Verificación completa. Se hicieron 1 reajustes.
2026-05-15 22:44:47 | INFO | my_functions.py:170 | Searching please_sign.png (timeout=0s)
2026-05-15 22:44:47 | INFO | my_functions.py:200 | 
✅ Found: please_sign.png pos=(383, 438) time=0.2s confidence=0.8
2026-05-15 22:44:47 | INFO | my_functions.py:236 | [DEBUG] wait_for_image_and_click -> ok_btn.png timeout=20s delay_click=1s confidence=0.8
2026-05-15 22:44:47 | INFO | my_functions.py:170 | Searching ok_btn.png (timeout=20s)
2026-05-15 22:44:47 | INFO | my_functions.py:200 | 
✅ Found: ok_btn.png pos=(382, 634) time=0.2s confidence=0.8
2026-05-15 22:44:48 | INFO | my_functions.py:135 | Haciendo click en la posición (382, 634)
2026-05-15 22:44:48 | INFO | my_functions.py:256 | 🖱️ Click OK: ok_btn.png at (382, 634) delay=1s
2026-05-15 22:44:48 | INFO | my_functions.py:236 | [DEBUG] wait_for_image_and_click -> submit.PNG timeout=90s delay_click=0.2s confidence=0.8
2026-05-15 22:44:48 | INFO | my_functions.py:170 | Searching submit.PNG (timeout=90s)
2026-05-15 22:44:49 | INFO | my_functions.py:200 | 
✅ Found: submit.PNG pos=(385, 773) time=0.9s confidence=0.8
2026-05-15 22:44:49 | INFO | my_functions.py:135 | Haciendo click en la posición (385, 773)
2026-05-15 22:44:50 | INFO | my_functions.py:256 | 🖱️ Click OK: submit.PNG at (385, 773) delay=0.2s
2026-05-15 22:44:50 | INFO | my_functions.py:170 | Searching sign_in_with_google2.PNG (timeout=90s)
2026-05-15 22:44:51 | INFO | my_functions.py:200 | 
✅ Found: sign_in_with_google2.PNG pos=(406, 957) time=1.16s confidence=0.8
2026-05-15 22:44:51 | INFO | my_functions.py:236 | [DEBUG] wait_for_image_and_click -> sign_in_with_google2.PNG timeout=20s delay_click=1s confidence=0.8
2026-05-15 22:44:51 | INFO | my_functions.py:170 | Searching sign_in_with_google2.PNG (timeout=20s)
2026-05-15 22:44:51 | INFO | my_functions.py:200 | 
✅ Found: sign_in_with_google2.PNG pos=(406, 957) time=0.18s confidence=0.8
2026-05-15 22:44:52 | INFO | my_functions.py:135 | Haciendo click en la posición (406, 957)
2026-05-15 22:44:52 | INFO | my_functions.py:256 | 🖱️ Click OK: sign_in_with_google2.PNG at (406, 957) delay=1s
2026-05-15 22:44:52 | INFO | my_functions.py:236 | [DEBUG] wait_for_image_and_click -> guille.png timeout=30s delay_click=3s confidence=0.8
2026-05-15 22:44:52 | INFO | my_functions.py:170 | Searching guille.png (timeout=30s)
2026-05-15 22:45:00 | INFO | my_functions.py:200 | 
✅ Found: guille.png pos=(1147, 704) time=7.73s confidence=0.8
2026-05-15 22:45:03 | INFO | my_functions.py:135 | Haciendo click en la posición (1147, 704)
2026-05-15 22:45:03 | INFO | my_functions.py:256 | 🖱️ Click OK: guille.png at (1147, 704) delay=3s
2026-05-15 22:45:03 | INFO | my_functions.py:170 | Searching marvelsnap_web.png (timeout=30s)
2026-05-15 22:45:09 | INFO | my_functions.py:200 | 
✅ Found: marvelsnap_web.png pos=(258, 80) time=6.28s confidence=0.7
2026-05-15 22:45:10 | INFO | my_functions.py:170 | Searching shop_unselected.PNG (timeout=0s)
2026-05-15 22:45:10 | INFO | my_functions.py:214 | 
⛔ Not found: shop_unselected.PNG after 0.2s region=(0, 0, 765, 1038) confidence=0.8
2026-05-15 22:45:10 | INFO | my_functions.py:236 | [DEBUG] wait_for_image_and_click -> super_premium.PNG timeout=0s delay_click=1s confidence=0.8
2026-05-15 22:45:10 | INFO | my_functions.py:170 | Searching super_premium.PNG (timeout=0s)
2026-05-15 22:45:11 | INFO | my_functions.py:214 | 
⛔ Not found: super_premium.PNG after 0.0s region=(0, 0, 765, 1038) confidence=0.8
2026-05-15 22:45:11 | INFO | my_functions.py:263 | [DEBUG] Click skipped, image not found: super_premium.PNG
2026-05-15 22:45:11 | INFO | my_functions.py:236 | [DEBUG] wait_for_image_and_click -> maybe_later.PNG timeout=0s delay_click=1s confidence=0.8
2026-05-15 22:45:11 | INFO | my_functions.py:170 | Searching maybe_later.PNG (timeout=0s)
2026-05-15 22:45:11 | INFO | my_functions.py:214 | 
⛔ Not found: maybe_later.PNG after 0.01s region=(0, 0, 765, 1038) confidence=0.8
2026-05-15 22:45:11 | INFO | my_functions.py:263 | [DEBUG] Click skipped, image not found: maybe_later.PNG
2026-05-15 22:45:11 | INFO | my_functions.py:236 | [DEBUG] wait_for_image_and_click -> maybe_later2.PNG timeout=0s delay_click=1s confidence=0.8
2026-05-15 22:45:11 | INFO | my_functions.py:170 | Searching maybe_later2.PNG (timeout=0s)
2026-05-15 22:45:11 | INFO | my_functions.py:214 | 
⛔ Not found: maybe_later2.PNG after 0.01s region=(0, 0, 765, 1038) confidence=0.8
2026-05-15 22:45:11 | INFO | my_functions.py:263 | [DEBUG] Click skipped, image not found: maybe_later2.PNG
2026-05-15 22:45:11 | INFO | my_functions.py:170 | Searching go_to_shop.PNG (timeout=0s)
2026-05-15 22:45:11 | INFO | my_functions.py:214 | 
⛔ Not found: go_to_shop.PNG after 0.01s region=(0, 0, 765, 1038) confidence=0.8
2026-05-15 22:45:11 | INFO | my_functions.py:236 | [DEBUG] wait_for_image_and_click -> 14_days_of_winterverse.PNG timeout=0s delay_click=1s confidence=0.8
2026-05-15 22:45:11 | INFO | my_functions.py:170 | Searching 14_days_of_winterverse.PNG (timeout=0s)
2026-05-15 22:45:11 | INFO | my_functions.py:214 | 
⛔ Not found: 14_days_of_winterverse.PNG after 0.0s region=(0, 0, 765, 1038) confidence=0.8
2026-05-15 22:45:11 | INFO | my_functions.py:263 | [DEBUG] Click skipped, image not found: 14_days_of_winterverse.PNG
2026-05-15 22:45:11 | INFO | my_functions.py:170 | Searching welcome_back_calendar.PNG (timeout=0s)
2026-05-15 22:45:12 | INFO | my_functions.py:214 | 
⛔ Not found: welcome_back_calendar.PNG after 0.0s region=(0, 0, 765, 1038) confidence=0.8
2026-05-15 22:45:12 | INFO | my_functions.py:236 | [DEBUG] wait_for_image_and_click -> start_the_countdown.PNG timeout=0s delay_click=1s confidence=0.8
2026-05-15 22:45:12 | INFO | my_functions.py:170 | Searching start_the_countdown.PNG (timeout=0s)
2026-05-15 22:45:12 | INFO | my_functions.py:214 | 
⛔ Not found: start_the_countdown.PNG after 0.0s region=(0, 0, 765, 1038) confidence=0.8
2026-05-15 22:45:12 | INFO | my_functions.py:263 | [DEBUG] Click skipped, image not found: start_the_countdown.PNG
2026-05-15 22:45:12 | INFO | my_functions.py:236 | [DEBUG] wait_for_image_and_click -> event_has_ended_sanctum.PNG timeout=0s delay_click=1s confidence=0.8
2026-05-15 22:45:12 | INFO | my_functions.py:170 | Searching event_has_ended_sanctum.PNG (timeout=0s)
2026-05-15 22:45:12 | INFO | my_functions.py:214 | 
⛔ Not found: event_has_ended_sanctum.PNG after 0.0s region=(0, 0, 765, 1038) confidence=0.8
2026-05-15 22:45:12 | INFO | my_functions.py:263 | [DEBUG] Click skipped, image not found: event_has_ended_sanctum.PNG
2026-05-15 22:45:12 | INFO | my_functions.py:236 | [DEBUG] wait_for_image_and_click -> image_part_of_event_grand_arena_finished.PNG timeout=0s delay_click=1s confidence=0.8
2026-05-15 22:45:12 | INFO | my_functions.py:170 | Searching image_part_of_event_grand_arena_finished.PNG (timeout=0s)
2026-05-15 22:45:12 | INFO | my_functions.py:214 | 
⛔ Not found: image_part_of_event_grand_arena_finished.PNG after 0.0s region=(0, 0, 765, 1038) confidence=0.8
2026-05-15 22:45:12 | INFO | my_functions.py:263 | [DEBUG] Click skipped, image not found: image_part_of_event_grand_arena_finished.PNG
2026-05-15 22:45:12 | INFO | my_functions.py:170 | Searching 28_day_event_login_rewards.PNG (timeout=0s)
2026-05-15 22:45:12 | INFO | my_functions.py:214 | 
⛔ Not found: 28_day_event_login_rewards.PNG after 0.01s region=(0, 0, 765, 1038) confidence=0.8
2026-05-15 22:45:12 | INFO | my_functions.py:170 | Searching 7_day_event_login.PNG (timeout=0s)
2026-05-15 22:45:13 | INFO | my_functions.py:214 | 
⛔ Not found: 7_day_event_login.PNG after 0.2s region=(0, 0, 765, 1038) confidence=0.8
2026-05-15 22:45:13 | INFO | my_functions.py:170 | Searching 14_days_event.PNG (timeout=0s)
2026-05-15 22:45:13 | INFO | my_functions.py:214 | 
⛔ Not found: 14_days_event.PNG after 0.0s region=(0, 0, 765, 1038) confidence=0.8
2026-05-15 22:45:13 | INFO | my_functions.py:236 | [DEBUG] wait_for_image_and_click -> lets_go.PNG timeout=0s delay_click=1s confidence=0.8
2026-05-15 22:45:13 | INFO | my_functions.py:170 | Searching lets_go.PNG (timeout=0s)
2026-05-15 22:45:13 | INFO | my_functions.py:214 | 
⛔ Not found: lets_go.PNG after 0.01s region=(0, 0, 765, 1038) confidence=0.8
2026-05-15 22:45:13 | INFO | my_functions.py:263 | [DEBUG] Click skipped, image not found: lets_go.PNG
2026-05-15 22:45:14 | INFO | my_functions.py:170 | Searching shop_unselected.PNG (timeout=0s)
2026-05-15 22:45:14 | INFO | my_functions.py:214 | 
⛔ Not found: shop_unselected.PNG after 0.0s region=(0, 0, 765, 1038) confidence=0.8
2026-05-15 22:45:14 | INFO | my_functions.py:236 | [DEBUG] wait_for_image_and_click -> super_premium.PNG timeout=0s delay_click=1s confidence=0.8
2026-05-15 22:45:14 | INFO | my_functions.py:170 | Searching super_premium.PNG (timeout=0s)
2026-05-15 22:45:15 | INFO | my_functions.py:214 | 
⛔ Not found: super_premium.PNG after 0.0s region=(0, 0, 765, 1038) confidence=0.8
2026-05-15 22:45:15 | INFO | my_functions.py:263 | [DEBUG] Click skipped, image not found: super_premium.PNG
2026-05-15 22:45:15 | INFO | my_functions.py:236 | [DEBUG] wait_for_image_and_click -> maybe_later.PNG timeout=0s delay_click=1s confidence=0.8
2026-05-15 22:45:15 | INFO | my_functions.py:170 | Searching maybe_later.PNG (timeout=0s)
2026-05-15 22:45:15 | INFO | my_functions.py:214 | 
⛔ Not found: maybe_later.PNG after 0.01s region=(0, 0, 765, 1038) confidence=0.8
2026-05-15 22:45:15 | INFO | my_functions.py:263 | [DEBUG] Click skipped, image not found: maybe_later.PNG
2026-05-15 22:45:15 | INFO | my_functions.py:236 | [DEBUG] wait_for_image_and_click -> maybe_later2.PNG timeout=0s delay_click=1s confidence=0.8
2026-05-15 22:45:15 | INFO | my_functions.py:170 | Searching maybe_later2.PNG (timeout=0s)
2026-05-15 22:45:15 | INFO | my_functions.py:214 | 
⛔ Not found: maybe_later2.PNG after 0.0s region=(0, 0, 765, 1038) confidence=0.8
2026-05-15 22:45:15 | INFO | my_functions.py:263 | [DEBUG] Click skipped, image not found: maybe_later2.PNG
2026-05-15 22:45:15 | INFO | my_functions.py:170 | Searching go_to_shop.PNG (timeout=0s)
2026-05-15 22:45:15 | INFO | my_functions.py:214 | 
⛔ Not found: go_to_shop.PNG after 0.0s region=(0, 0, 765, 1038) confidence=0.8
2026-05-15 22:45:15 | INFO | my_functions.py:236 | [DEBUG] wait_for_image_and_click -> 14_days_of_winterverse.PNG timeout=0s delay_click=1s confidence=0.8
2026-05-15 22:45:15 | INFO | my_functions.py:170 | Searching 14_days_of_winterverse.PNG (timeout=0s)
2026-05-15 22:45:15 | INFO | my_functions.py:214 | 
⛔ Not found: 14_days_of_winterverse.PNG after 0.0s region=(0, 0, 765, 1038) confidence=0.8
2026-05-15 22:45:15 | INFO | my_functions.py:263 | [DEBUG] Click skipped, image not found: 14_days_of_winterverse.PNG
2026-05-15 22:45:15 | INFO | my_functions.py:170 | Searching welcome_back_calendar.PNG (timeout=0s)
2026-05-15 22:45:16 | INFO | my_functions.py:214 | 
⛔ Not found: welcome_back_calendar.PNG after 0.0s region=(0, 0, 765, 1038) confidence=0.8
2026-05-15 22:45:16 | INFO | my_functions.py:236 | [DEBUG] wait_for_image_and_click -> start_the_countdown.PNG timeout=0s delay_click=1s confidence=0.8
2026-05-15 22:45:16 | INFO | my_functions.py:170 | Searching start_the_countdown.PNG (timeout=0s)
2026-05-15 22:45:16 | INFO | my_functions.py:214 | 
⛔ Not found: start_the_countdown.PNG after 0.01s region=(0, 0, 765, 1038) confidence=0.8
2026-05-15 22:45:16 | INFO | my_functions.py:263 | [DEBUG] Click skipped, image not found: start_the_countdown.PNG
2026-05-15 22:45:16 | INFO | my_functions.py:236 | [DEBUG] wait_for_image_and_click -> event_has_ended_sanctum.PNG timeout=0s delay_click=1s confidence=0.8
2026-05-15 22:45:16 | INFO | my_functions.py:170 | Searching event_has_ended_sanctum.PNG (timeout=0s)
2026-05-15 22:45:16 | INFO | my_functions.py:214 | 
⛔ Not found: event_has_ended_sanctum.PNG after 0.01s region=(0, 0, 765, 1038) confidence=0.8
2026-05-15 22:45:16 | INFO | my_functions.py:263 | [DEBUG] Click skipped, image not found: event_has_ended_sanctum.PNG
2026-05-15 22:45:16 | INFO | my_functions.py:236 | [DEBUG] wait_for_image_and_click -> image_part_of_event_grand_arena_finished.PNG timeout=0s delay_click=1s confidence=0.8
2026-05-15 22:45:16 | INFO | my_functions.py:170 | Searching image_part_of_event_grand_arena_finished.PNG (timeout=0s)
2026-05-15 22:45:16 | INFO | my_functions.py:214 | 
⛔ Not found: image_part_of_event_grand_arena_finished.PNG after 0.01s region=(0, 0, 765, 1038) confidence=0.8
2026-05-15 22:45:16 | INFO | my_functions.py:263 | [DEBUG] Click skipped, image not found: image_part_of_event_grand_arena_finished.PNG
2026-05-15 22:45:16 | INFO | my_functions.py:170 | Searching 28_day_event_login_rewards.PNG (timeout=0s)
2026-05-15 22:45:16 | INFO | my_functions.py:214 | 
⛔ Not found: 28_day_event_login_rewards.PNG after 0.0s region=(0, 0, 765, 1038) confidence=0.8
2026-05-15 22:45:16 | INFO | my_functions.py:170 | Searching 7_day_event_login.PNG (timeout=0s)
2026-05-15 22:45:17 | INFO | my_functions.py:214 | 
⛔ Not found: 7_day_event_login.PNG after 0.0s region=(0, 0, 765, 1038) confidence=0.8
2026-05-15 22:45:17 | INFO | my_functions.py:170 | Searching 14_days_event.PNG (timeout=0s)
2026-05-15 22:45:17 | INFO | my_functions.py:214 | 
⛔ Not found: 14_days_event.PNG after 0.01s region=(0, 0, 765, 1038) confidence=0.8
2026-05-15 22:45:17 | INFO | my_functions.py:236 | [DEBUG] wait_for_image_and_click -> lets_go.PNG timeout=0s delay_click=1s confidence=0.8
2026-05-15 22:45:17 | INFO | my_functions.py:170 | Searching lets_go.PNG (timeout=0s)
2026-05-15 22:45:17 | INFO | my_functions.py:214 | 
⛔ Not found: lets_go.PNG after 0.0s region=(0, 0, 765, 1038) confidence=0.8
2026-05-15 22:45:17 | INFO | my_functions.py:263 | [DEBUG] Click skipped, image not found: lets_go.PNG
2026-05-15 22:45:18 | INFO | my_functions.py:170 | Searching shop_unselected.PNG (timeout=0s)
2026-05-15 22:45:18 | INFO | my_functions.py:214 | 
⛔ Not found: shop_unselected.PNG after 0.0s region=(0, 0, 765, 1038) confidence=0.8
2026-05-15 22:45:18 | INFO | my_functions.py:236 | [DEBUG] wait_for_image_and_click -> super_premium.PNG timeout=0s delay_click=1s confidence=0.8
2026-05-15 22:45:18 | INFO | my_functions.py:170 | Searching super_premium.PNG (timeout=0s)
2026-05-15 22:45:19 | INFO | my_functions.py:214 | 
⛔ Not found: super_premium.PNG after 0.01s region=(0, 0, 765, 1038) confidence=0.8
2026-05-15 22:45:19 | INFO | my_functions.py:263 | [DEBUG] Click skipped, image not found: super_premium.PNG
2026-05-15 22:45:19 | INFO | my_functions.py:236 | [DEBUG] wait_for_image_and_click -> maybe_later.PNG timeout=0s delay_click=1s confidence=0.8
2026-05-15 22:45:19 | INFO | my_functions.py:170 | Searching maybe_later.PNG (timeout=0s)
2026-05-15 22:45:19 | INFO | my_functions.py:214 | 
⛔ Not found: maybe_later.PNG after 0.0s region=(0, 0, 765, 1038) confidence=0.8
2026-05-15 22:45:19 | INFO | my_functions.py:263 | [DEBUG] Click skipped, image not found: maybe_later.PNG
2026-05-15 22:45:19 | INFO | my_functions.py:236 | [DEBUG] wait_for_image_and_click -> maybe_later2.PNG timeout=0s delay_click=1s confidence=0.8
2026-05-15 22:45:19 | INFO | my_functions.py:170 | Searching maybe_later2.PNG (timeout=0s)
2026-05-15 22:45:19 | INFO | my_functions.py:214 | 
⛔ Not found: maybe_later2.PNG after 0.01s region=(0, 0, 765, 1038) confidence=0.8
2026-05-15 22:45:19 | INFO | my_functions.py:263 | [DEBUG] Click skipped, image not found: maybe_later2.PNG
2026-05-15 22:45:19 | INFO | my_functions.py:170 | Searching go_to_shop.PNG (timeout=0s)
2026-05-15 22:45:19 | INFO | my_functions.py:214 | 
⛔ Not found: go_to_shop.PNG after 0.0s region=(0, 0, 765, 1038) confidence=0.8
2026-05-15 22:45:19 | INFO | my_functions.py:236 | [DEBUG] wait_for_image_and_click -> 14_days_of_winterverse.PNG timeout=0s delay_click=1s confidence=0.8
2026-05-15 22:45:19 | INFO | my_functions.py:170 | Searching 14_days_of_winterverse.PNG (timeout=0s)
2026-05-15 22:45:19 | INFO | my_functions.py:214 | 
⛔ Not found: 14_days_of_winterverse.PNG after 0.01s region=(0, 0, 765, 1038) confidence=0.8
2026-05-15 22:45:19 | INFO | my_functions.py:263 | [DEBUG] Click skipped, image not found: 14_days_of_winterverse.PNG
2026-05-15 22:45:19 | INFO | my_functions.py:170 | Searching welcome_back_calendar.PNG (timeout=0s)
2026-05-15 22:45:20 | INFO | my_functions.py:214 | 
⛔ Not found: welcome_back_calendar.PNG after 0.0s region=(0, 0, 765, 1038) confidence=0.8
2026-05-15 22:45:20 | INFO | my_functions.py:236 | [DEBUG] wait_for_image_and_click -> start_the_countdown.PNG timeout=0s delay_click=1s confidence=0.8
2026-05-15 22:45:20 | INFO | my_functions.py:170 | Searching start_the_countdown.PNG (timeout=0s)
2026-05-15 22:45:20 | INFO | my_functions.py:214 | 
⛔ Not found: start_the_countdown.PNG after 0.24s region=(0, 0, 765, 1038) confidence=0.8
2026-05-15 22:45:20 | INFO | my_functions.py:263 | [DEBUG] Click skipped, image not found: start_the_countdown.PNG
2026-05-15 22:45:20 | INFO | my_functions.py:236 | [DEBUG] wait_for_image_and_click -> event_has_ended_sanctum.PNG timeout=0s delay_click=1s confidence=0.8
2026-05-15 22:45:20 | INFO | my_functions.py:170 | Searching event_has_ended_sanctum.PNG (timeout=0s)
2026-05-15 22:45:20 | INFO | my_functions.py:214 | 
⛔ Not found: event_has_ended_sanctum.PNG after 0.0s region=(0, 0, 765, 1038) confidence=0.8
2026-05-15 22:45:20 | INFO | my_functions.py:263 | [DEBUG] Click skipped, image not found: event_has_ended_sanctum.PNG
2026-05-15 22:45:20 | INFO | my_functions.py:236 | [DEBUG] wait_for_image_and_click -> image_part_of_event_grand_arena_finished.PNG timeout=0s delay_click=1s confidence=0.8
2026-05-15 22:45:20 | INFO | my_functions.py:170 | Searching image_part_of_event_grand_arena_finished.PNG (timeout=0s)
2026-05-15 22:45:21 | INFO | my_functions.py:214 | 
⛔ Not found: image_part_of_event_grand_arena_finished.PNG after 0.0s region=(0, 0, 765, 1038) confidence=0.8
2026-05-15 22:45:21 | INFO | my_functions.py:263 | [DEBUG] Click skipped, image not found: image_part_of_event_grand_arena_finished.PNG
2026-05-15 22:45:21 | INFO | my_functions.py:170 | Searching 28_day_event_login_rewards.PNG (timeout=0s)
2026-05-15 22:45:21 | INFO | my_functions.py:214 | 
⛔ Not found: 28_day_event_login_rewards.PNG after 0.0s region=(0, 0, 765, 1038) confidence=0.8
2026-05-15 22:45:21 | INFO | my_functions.py:170 | Searching 7_day_event_login.PNG (timeout=0s)
2026-05-15 22:45:21 | INFO | my_functions.py:214 | 
⛔ Not found: 7_day_event_login.PNG after 0.0s region=(0, 0, 765, 1038) confidence=0.8
2026-05-15 22:45:21 | INFO | my_functions.py:170 | Searching 14_days_event.PNG (timeout=0s)
2026-05-15 22:45:21 | INFO | my_functions.py:214 | 
⛔ Not found: 14_days_event.PNG after 0.0s region=(0, 0, 765, 1038) confidence=0.8
2026-05-15 22:45:21 | INFO | my_functions.py:236 | [DEBUG] wait_for_image_and_click -> lets_go.PNG timeout=0s delay_click=1s confidence=0.8
2026-05-15 22:45:21 | INFO | my_functions.py:170 | Searching lets_go.PNG (timeout=0s)
2026-05-15 22:45:22 | INFO | my_functions.py:214 | 
⛔ Not found: lets_go.PNG after 0.02s region=(0, 0, 765, 1038) confidence=0.8
2026-05-15 22:45:22 | INFO | my_functions.py:263 | [DEBUG] Click skipped, image not found: lets_go.PNG
2026-05-15 22:45:23 | INFO | my_functions.py:170 | Searching shop_unselected.PNG (timeout=0s)
2026-05-15 22:45:23 | INFO | my_functions.py:200 | 
✅ Found: shop_unselected.PNG pos=(88, 961) time=0.19s confidence=0.8
2026-05-15 22:45:31 | INFO | my_functions.py:170 | Searching shop_unselected.PNG (timeout=0s)
2026-05-15 22:45:31 | INFO | my_functions.py:214 | 
⛔ Not found: shop_unselected.PNG after 0.0s region=(0, 0, 765, 1038) confidence=0.8
2026-05-15 22:45:32 | INFO | my_functions.py:170 | Searching shop_unselected.PNG (timeout=0s)
2026-05-15 22:45:32 | INFO | my_functions.py:214 | 
⛔ Not found: shop_unselected.PNG after 0.0s region=(0, 0, 765, 1038) confidence=0.8
2026-05-15 22:45:32 | INFO | my_functions.py:236 | [DEBUG] wait_for_image_and_click -> super_premium.PNG timeout=0s delay_click=1s confidence=0.8
2026-05-15 22:45:32 | INFO | my_functions.py:170 | Searching super_premium.PNG (timeout=0s)
2026-05-15 22:45:32 | INFO | my_functions.py:200 | 
✅ Found: super_premium.PNG pos=(480, 777) time=0.19s confidence=0.8
2026-05-15 22:45:33 | INFO | my_functions.py:135 | Haciendo click en la posición (480, 777)
2026-05-15 22:45:34 | INFO | my_functions.py:256 | 🖱️ Click OK: super_premium.PNG at (480, 777) delay=1s
2026-05-15 22:45:34 | INFO | my_functions.py:143 | Presionando ESC (1/1)
2026-05-15 22:45:42 | INFO | my_functions.py:170 | Searching shop_unselected.PNG (timeout=0s)
2026-05-15 22:45:42 | INFO | my_functions.py:200 | 
✅ Found: shop_unselected.PNG pos=(89, 961) time=0.19s confidence=0.8
2026-05-15 22:45:42 | INFO | my_functions.py:497 | Ya esta listo
2026-05-15 22:45:44 | INFO | my_functions.py:309 | AVAILABLE: 6
2026-05-15 22:45:44 | INFO | my_functions.py:331 | Misiones completadas: 0
2026-05-15 22:45:44 | INFO | my_functions.py:170 | Searching play.PNG (timeout=0s)
2026-05-15 22:45:45 | INFO | my_functions.py:200 | 
✅ Found: play.PNG pos=(384, 825) time=0.23s confidence=0.8
2026-05-15 22:45:45 | INFO | my_functions.py:1159 | [INFO] Click realizado donde se equipa el deck a jugar
2026-05-15 22:45:49 | INFO | my_functions.py:236 | [DEBUG] wait_for_image_and_click -> deck_666666.png timeout=3s delay_click=1s confidence=0.8
2026-05-15 22:45:49 | INFO | my_functions.py:170 | Searching deck_666666.png (timeout=3s)
2026-05-15 22:45:49 | INFO | my_functions.py:200 | 
✅ Found: deck_666666.png pos=(235, 546) time=0.23s confidence=0.8
2026-05-15 22:45:50 | INFO | my_functions.py:135 | Haciendo click en la posición (235, 546)
2026-05-15 22:45:50 | INFO | my_functions.py:256 | 🖱️ Click OK: deck_666666.png at (235, 546) delay=1s
2026-05-15 22:45:50 | INFO | my_functions.py:236 | [DEBUG] wait_for_image_and_click -> equip.png timeout=3s delay_click=1s confidence=0.95
2026-05-15 22:45:50 | INFO | my_functions.py:170 | Searching equip.png (timeout=3s)
2026-05-15 22:45:51 | INFO | my_functions.py:200 | 
✅ Found: equip.png pos=(548, 983) time=0.21s confidence=0.95
2026-05-15 22:45:52 | INFO | my_functions.py:135 | Haciendo click en la posición (548, 983)
2026-05-15 22:45:52 | INFO | my_functions.py:256 | 🖱️ Click OK: equip.png at (548, 983) delay=1s
2026-05-15 22:45:52 | INFO | each_eight_hours.py:184 | Deck selected: 6turns
2026-05-15 22:45:52 | INFO | my_functions.py:236 | [DEBUG] wait_for_image_and_click -> maybe_later.PNG timeout=2s delay_click=1s confidence=0.8
2026-05-15 22:45:52 | INFO | my_functions.py:170 | Searching maybe_later.PNG (timeout=2s)
2026-05-15 22:45:54 | INFO | my_functions.py:214 | 
⛔ Not found: maybe_later.PNG after 2.09s region=(0, 0, 765, 1038) confidence=0.8
2026-05-15 22:45:54 | INFO | my_functions.py:263 | [DEBUG] Click skipped, image not found: maybe_later.PNG
2026-05-15 22:45:54 | INFO | my_functions.py:236 | [DEBUG] wait_for_image_and_click -> maybe_later2.PNG timeout=0.01s delay_click=1s confidence=0.8
2026-05-15 22:45:54 | INFO | my_functions.py:170 | Searching maybe_later2.PNG (timeout=0.01s)
2026-05-15 22:45:55 | INFO | my_functions.py:214 | 
⛔ Not found: maybe_later2.PNG after 0.23s region=(0, 0, 765, 1038) confidence=0.8
2026-05-15 22:45:55 | INFO | my_functions.py:263 | [DEBUG] Click skipped, image not found: maybe_later2.PNG
2026-05-15 22:45:55 | INFO | each_eight_hours.py:237 | Starting game loop 1
2026-05-15 22:45:55 | INFO | my_functions.py:236 | [DEBUG] wait_for_image_and_click -> play.PNG timeout=20s delay_click=3s confidence=0.8
2026-05-15 22:45:55 | INFO | my_functions.py:170 | Searching play.PNG (timeout=20s)
2026-05-15 22:45:55 | INFO | my_functions.py:200 | 
✅ Found: play.PNG pos=(384, 824) time=0.21s confidence=0.8
2026-05-15 22:45:58 | INFO | my_functions.py:135 | Haciendo click en la posición (384, 824)
2026-05-15 22:45:58 | INFO | my_functions.py:256 | 🖱️ Click OK: play.PNG at (384, 824) delay=3s
2026-05-15 22:46:16 | INFO | my_functions.py:200 | 
✅ Found: end_turn.PNG pos=(682, 945) time=0.2s confidence=0.8
2026-05-15 22:46:16 | INFO | my_functions.py:236 | [DEBUG] wait_for_image_and_click -> snap.PNG timeout=0s delay_click=1s confidence=0.8
2026-05-15 22:46:16 | INFO | my_functions.py:200 | 
✅ Found: snap.PNG pos=(386, 122) time=0.21s confidence=0.8
2026-05-15 22:46:17 | INFO | my_functions.py:135 | Haciendo click en la posición (386, 122)
2026-05-15 22:46:17 | INFO | my_functions.py:256 | 🖱️ Click OK: snap.PNG at (386, 122) delay=1s
2026-05-15 22:46:23 | INFO | my_functions.py:135 | Haciendo click en la posición (682, 945)
2026-05-15 22:46:24 | INFO | each_eight_hours.py:253 | End turn executed
2026-05-15 22:46:40 | INFO | my_functions.py:200 | 
✅ Found: end_turn.PNG pos=(681, 945) time=0.19s confidence=0.8
2026-05-15 22:46:40 | INFO | my_functions.py:236 | [DEBUG] wait_for_image_and_click -> snap.PNG timeout=0s delay_click=1s confidence=0.8
2026-05-15 22:46:41 | INFO | my_functions.py:263 | [DEBUG] Click skipped, image not found: snap.PNG
2026-05-15 22:46:46 | INFO | my_functions.py:135 | Haciendo click en la posición (681, 945)
2026-05-15 22:46:47 | INFO | each_eight_hours.py:253 | End turn executed
2026-05-15 22:46:59 | INFO | my_functions.py:200 | 
✅ Found: end_turn.PNG pos=(681, 945) time=0.18s confidence=0.8
2026-05-15 22:46:59 | INFO | my_functions.py:236 | [DEBUG] wait_for_image_and_click -> snap.PNG timeout=0s delay_click=1s confidence=0.8
2026-05-15 22:46:59 | INFO | my_functions.py:263 | [DEBUG] Click skipped, image not found: snap.PNG
2026-05-15 22:47:04 | INFO | my_functions.py:135 | Haciendo click en la posición (681, 945)
2026-05-15 22:47:05 | INFO | each_eight_hours.py:253 | End turn executed
2026-05-15 22:47:16 | INFO | my_functions.py:200 | 
✅ Found: end_turn.PNG pos=(681, 945) time=0.19s confidence=0.8
2026-05-15 22:47:16 | INFO | my_functions.py:236 | [DEBUG] wait_for_image_and_click -> snap.PNG timeout=0s delay_click=1s confidence=0.8
2026-05-15 22:47:16 | INFO | my_functions.py:263 | [DEBUG] Click skipped, image not found: snap.PNG
2026-05-15 22:47:21 | INFO | my_functions.py:135 | Haciendo click en la posición (681, 945)
2026-05-15 22:47:22 | INFO | each_eight_hours.py:253 | End turn executed
2026-05-15 22:47:32 | INFO | my_functions.py:200 | 
✅ Found: end_turn.PNG pos=(681, 945) time=0.2s confidence=0.8
2026-05-15 22:47:32 | INFO | my_functions.py:236 | [DEBUG] wait_for_image_and_click -> snap.PNG timeout=0s delay_click=1s confidence=0.8
2026-05-15 22:47:33 | INFO | my_functions.py:263 | [DEBUG] Click skipped, image not found: snap.PNG
2026-05-15 22:47:38 | INFO | my_functions.py:135 | Haciendo click en la posición (681, 945)
2026-05-15 22:47:39 | INFO | each_eight_hours.py:253 | End turn executed
2026-05-15 22:47:54 | INFO | my_functions.py:200 | 
✅ Found: end_turn.PNG pos=(681, 945) time=0.19s confidence=0.8
2026-05-15 22:47:54 | INFO | my_functions.py:236 | [DEBUG] wait_for_image_and_click -> snap.PNG timeout=0s delay_click=1s confidence=0.8
2026-05-15 22:47:54 | INFO | my_functions.py:263 | [DEBUG] Click skipped, image not found: snap.PNG
2026-05-15 22:47:59 | INFO | my_functions.py:135 | Haciendo click en la posición (681, 945)
2026-05-15 22:48:00 | INFO | each_eight_hours.py:253 | End turn executed
2026-05-15 22:48:17 | INFO | my_functions.py:200 | 
✅ Found: end_turn.PNG pos=(681, 945) time=0.2s confidence=0.8
2026-05-15 22:48:17 | INFO | my_functions.py:236 | [DEBUG] wait_for_image_and_click -> snap.PNG timeout=0s delay_click=1s confidence=0.8
2026-05-15 22:48:18 | INFO | my_functions.py:263 | [DEBUG] Click skipped, image not found: snap.PNG
2026-05-15 22:48:23 | INFO | my_functions.py:135 | Haciendo click en la posición (681, 945)
2026-05-15 22:48:24 | INFO | each_eight_hours.py:253 | End turn executed
2026-05-15 22:48:51 | INFO | my_functions.py:200 | 
✅ Found: collect_rewards.PNG pos=(679, 959) time=0.22s confidence=0.8
2026-05-15 22:48:51 | INFO | each_eight_hours.py:292 | Rewards detected, exiting match
2026-05-15 22:48:51 | INFO | my_functions.py:236 | [DEBUG] wait_for_image_and_click -> collect_rewards.PNG timeout=20s delay_click=1s confidence=0.8
2026-05-15 22:48:51 | INFO | my_functions.py:170 | Searching collect_rewards.PNG (timeout=20s)
2026-05-15 22:48:51 | INFO | my_functions.py:200 | 
✅ Found: collect_rewards.PNG pos=(679, 957) time=0.23s confidence=0.8
2026-05-15 22:48:52 | INFO | my_functions.py:135 | Haciendo click en la posición (679, 957)
2026-05-15 22:48:52 | INFO | my_functions.py:256 | 🖱️ Click OK: collect_rewards.PNG at (679, 957) delay=1s
2026-05-15 22:48:52 | INFO | my_functions.py:236 | [DEBUG] wait_for_image_and_click -> next.PNG timeout=20s delay_click=1s confidence=0.8
2026-05-15 22:48:52 | INFO | my_functions.py:170 | Searching next.PNG (timeout=20s)
2026-05-15 22:48:57 | INFO | my_functions.py:200 | 
✅ Found: next.PNG pos=(677, 973) time=4.4s confidence=0.8
2026-05-15 22:48:58 | INFO | my_functions.py:135 | Haciendo click en la posición (677, 973)
2026-05-15 22:48:58 | INFO | my_functions.py:256 | 🖱️ Click OK: next.PNG at (677, 973) delay=1s
2026-05-15 22:49:00 | INFO | my_functions.py:309 | AVAILABLE: 6
2026-05-15 22:49:00 | INFO | each_eight_hours.py:359 | Submissions after match: 6
2026-05-15 22:49:00 | INFO | my_functions.py:331 | Misiones completadas: 2
2026-05-15 22:49:00 | INFO | each_eight_hours.py:363 | Submission condition met, breaking loop
2026-05-15 22:49:00 | INFO | my_functions.py:236 | [DEBUG] wait_for_image_and_click -> missionsNotify2.png timeout=20s delay_click=3s confidence=0.8
2026-05-15 22:49:00 | INFO | my_functions.py:170 | Searching missionsNotify2.png (timeout=20s)
2026-05-15 22:49:00 | INFO | my_functions.py:200 | 
✅ Found: missionsNotify2.png pos=(538, 124) time=0.24s confidence=0.8
2026-05-15 22:49:03 | INFO | my_functions.py:135 | Haciendo click en la posición (538, 124)
2026-05-15 22:49:03 | INFO | my_functions.py:256 | 🖱️ Click OK: missionsNotify2.png at (538, 124) delay=3s
2026-05-15 22:49:03 | INFO | my_functions.py:1189 | [INFO] Iniciando click_missions_blue2
2026-05-15 22:49:03 | INFO | my_functions.py:135 | Haciendo click en la posición (150, 132)
2026-05-15 22:49:05 | INFO | my_functions.py:1192 | [ACTION] Click hecho en icono de calendario que me dirige a las misiones ordinarias
2026-05-15 22:49:05 | INFO | my_functions.py:170 | Searching bonus_challenge.png (timeout=0s)
2026-05-15 22:49:05 | INFO | my_functions.py:214 | 
⛔ Not found: bonus_challenge.png after 0.0s region=(0, 0, 765, 1038) confidence=0.8
2026-05-15 22:49:07 | INFO | my_functions.py:135 | Haciendo click en la posición (362, 493)
2026-05-15 22:49:08 | INFO | my_functions.py:1205 | [ACTION] Click 1/2 en misión azul
2026-05-15 22:49:09 | INFO | my_functions.py:135 | Haciendo click en la posición (362, 493)
2026-05-15 22:49:10 | INFO | my_functions.py:1205 | [ACTION] Click 2/2 en misión azul
2026-05-15 22:49:10 | INFO | my_functions.py:170 | Searching flechita_mission.PNG (timeout=0s)
2026-05-15 22:49:10 | INFO | my_functions.py:214 | 
⛔ Not found: flechita_mission.PNG after 0.0s region=(0, 0, 765, 1038) confidence=0.8
2026-05-15 22:49:10 | INFO | my_functions.py:236 | [DEBUG] wait_for_image_and_click -> weekly3.PNG timeout=0s delay_click=0.1s confidence=0.8
2026-05-15 22:49:10 | INFO | my_functions.py:170 | Searching weekly3.PNG (timeout=0s)
2026-05-15 22:49:11 | INFO | my_functions.py:200 | 
✅ Found: weekly3.PNG pos=(485, 266) time=0.2s confidence=0.8
2026-05-15 22:49:11 | INFO | my_functions.py:135 | Haciendo click en la posición (485, 266)
2026-05-15 22:49:11 | INFO | my_functions.py:256 | 🖱️ Click OK: weekly3.PNG at (485, 266) delay=0.1s
2026-05-15 22:49:11 | INFO | my_functions.py:236 | [DEBUG] wait_for_image_and_click -> claim!.PNG timeout=0s delay_click=0.2s confidence=0.8
2026-05-15 22:49:11 | INFO | my_functions.py:170 | Searching claim!.PNG (timeout=0s)
2026-05-15 22:49:11 | INFO | my_functions.py:200 | 
✅ Found: claim!.PNG pos=(381, 924) time=0.26s confidence=0.8
2026-05-15 22:49:11 | INFO | my_functions.py:135 | Haciendo click en la posición (381, 924)
2026-05-15 22:49:12 | INFO | my_functions.py:256 | 🖱️ Click OK: claim!.PNG at (381, 924) delay=0.2s
2026-05-15 22:49:12 | INFO | my_functions.py:236 | [DEBUG] wait_for_image_and_click -> claim_hover.PNG timeout=0s delay_click=0.2s confidence=0.8
2026-05-15 22:49:12 | INFO | my_functions.py:170 | Searching claim_hover.PNG (timeout=0s)
2026-05-15 22:49:12 | INFO | my_functions.py:200 | 
✅ Found: claim_hover.PNG pos=(383, 922) time=0.33s confidence=0.8
2026-05-15 22:49:12 | INFO | my_functions.py:135 | Haciendo click en la posición (383, 922)
2026-05-15 22:49:12 | INFO | my_functions.py:256 | 🖱️ Click OK: claim_hover.PNG at (383, 922) delay=0.2s
2026-05-15 22:49:12 | INFO | my_functions.py:236 | [DEBUG] wait_for_image_and_click -> claim!.PNG timeout=0s delay_click=0.2s confidence=0.8
2026-05-15 22:49:12 | INFO | my_functions.py:170 | Searching claim!.PNG (timeout=0s)
2026-05-15 22:49:13 | INFO | my_functions.py:214 | 
⛔ Not found: claim!.PNG after 0.01s region=(0, 0, 765, 1038) confidence=0.8
2026-05-15 22:49:13 | INFO | my_functions.py:263 | [DEBUG] Click skipped, image not found: claim!.PNG
2026-05-15 22:49:13 | INFO | my_functions.py:236 | [DEBUG] wait_for_image_and_click -> claim_hover.PNG timeout=0s delay_click=0.2s confidence=0.8
2026-05-15 22:49:13 | INFO | my_functions.py:170 | Searching claim_hover.PNG (timeout=0s)
2026-05-15 22:49:13 | INFO | my_functions.py:200 | 
✅ Found: claim_hover.PNG pos=(383, 921) time=0.22s confidence=0.8
2026-05-15 22:49:13 | INFO | my_functions.py:135 | Haciendo click en la posición (383, 921)
2026-05-15 22:49:13 | INFO | my_functions.py:256 | 🖱️ Click OK: claim_hover.PNG at (383, 921) delay=0.2s
2026-05-15 22:49:13 | INFO | my_functions.py:236 | [DEBUG] wait_for_image_and_click -> claim!.PNG timeout=0s delay_click=0.2s confidence=0.8
2026-05-15 22:49:13 | INFO | my_functions.py:170 | Searching claim!.PNG (timeout=0s)
2026-05-15 22:49:14 | INFO | my_functions.py:214 | 
⛔ Not found: claim!.PNG after 0.0s region=(0, 0, 765, 1038) confidence=0.8
2026-05-15 22:49:14 | INFO | my_functions.py:263 | [DEBUG] Click skipped, image not found: claim!.PNG
2026-05-15 22:49:14 | INFO | my_functions.py:236 | [DEBUG] wait_for_image_and_click -> claim_hover.PNG timeout=0s delay_click=0.2s confidence=0.8
2026-05-15 22:49:14 | INFO | my_functions.py:170 | Searching claim_hover.PNG (timeout=0s)
2026-05-15 22:49:14 | INFO | my_functions.py:214 | 
⛔ Not found: claim_hover.PNG after 0.0s region=(0, 0, 765, 1038) confidence=0.8
2026-05-15 22:49:14 | INFO | my_functions.py:263 | [DEBUG] Click skipped, image not found: claim_hover.PNG
2026-05-15 22:49:14 | INFO | my_functions.py:236 | [DEBUG] wait_for_image_and_click -> claim!.PNG timeout=0s delay_click=0.2s confidence=0.8
2026-05-15 22:49:14 | INFO | my_functions.py:170 | Searching claim!.PNG (timeout=0s)
2026-05-15 22:49:14 | INFO | my_functions.py:214 | 
⛔ Not found: claim!.PNG after 0.0s region=(0, 0, 765, 1038) confidence=0.8
2026-05-15 22:49:14 | INFO | my_functions.py:263 | [DEBUG] Click skipped, image not found: claim!.PNG
2026-05-15 22:49:14 | INFO | my_functions.py:236 | [DEBUG] wait_for_image_and_click -> claim_hover.PNG timeout=0s delay_click=0.2s confidence=0.8
2026-05-15 22:49:14 | INFO | my_functions.py:170 | Searching claim_hover.PNG (timeout=0s)
2026-05-15 22:49:14 | INFO | my_functions.py:214 | 
⛔ Not found: claim_hover.PNG after 0.01s region=(0, 0, 765, 1038) confidence=0.8
2026-05-15 22:49:14 | INFO | my_functions.py:263 | [DEBUG] Click skipped, image not found: claim_hover.PNG
2026-05-15 22:49:14 | INFO | my_functions.py:236 | [DEBUG] wait_for_image_and_click -> claim!.PNG timeout=0s delay_click=0.2s confidence=0.8
2026-05-15 22:49:14 | INFO | my_functions.py:170 | Searching claim!.PNG (timeout=0s)
2026-05-15 22:49:14 | INFO | my_functions.py:214 | 
⛔ Not found: claim!.PNG after 0.0s region=(0, 0, 765, 1038) confidence=0.8
2026-05-15 22:49:14 | INFO | my_functions.py:263 | [DEBUG] Click skipped, image not found: claim!.PNG
2026-05-15 22:49:14 | INFO | my_functions.py:236 | [DEBUG] wait_for_image_and_click -> claim_hover.PNG timeout=0s delay_click=0.2s confidence=0.8
2026-05-15 22:49:14 | INFO | my_functions.py:170 | Searching claim_hover.PNG (timeout=0s)
2026-05-15 22:49:15 | INFO | my_functions.py:214 | 
⛔ Not found: claim_hover.PNG after 0.01s region=(0, 0, 765, 1038) confidence=0.8
2026-05-15 22:49:15 | INFO | my_functions.py:263 | [DEBUG] Click skipped, image not found: claim_hover.PNG
2026-05-15 22:49:15 | INFO | my_functions.py:236 | [DEBUG] wait_for_image_and_click -> claim!.PNG timeout=0s delay_click=0.2s confidence=0.8
2026-05-15 22:49:15 | INFO | my_functions.py:170 | Searching claim!.PNG (timeout=0s)
2026-05-15 22:49:15 | INFO | my_functions.py:214 | 
⛔ Not found: claim!.PNG after 0.0s region=(0, 0, 765, 1038) confidence=0.8
2026-05-15 22:49:15 | INFO | my_functions.py:263 | [DEBUG] Click skipped, image not found: claim!.PNG
2026-05-15 22:49:15 | INFO | my_functions.py:236 | [DEBUG] wait_for_image_and_click -> claim_hover.PNG timeout=0s delay_click=0.2s confidence=0.8
2026-05-15 22:49:15 | INFO | my_functions.py:170 | Searching claim_hover.PNG (timeout=0s)
2026-05-15 22:49:15 | INFO | my_functions.py:214 | 
⛔ Not found: claim_hover.PNG after 0.01s region=(0, 0, 765, 1038) confidence=0.8
2026-05-15 22:49:15 | INFO | my_functions.py:263 | [DEBUG] Click skipped, image not found: claim_hover.PNG
2026-05-15 22:49:15 | INFO | my_functions.py:236 | [DEBUG] wait_for_image_and_click -> claim!.PNG timeout=0s delay_click=0.2s confidence=0.8
2026-05-15 22:49:15 | INFO | my_functions.py:170 | Searching claim!.PNG (timeout=0s)
2026-05-15 22:49:15 | INFO | my_functions.py:214 | 
⛔ Not found: claim!.PNG after 0.01s region=(0, 0, 765, 1038) confidence=0.8
2026-05-15 22:49:15 | INFO | my_functions.py:263 | [DEBUG] Click skipped, image not found: claim!.PNG
2026-05-15 22:49:15 | INFO | my_functions.py:236 | [DEBUG] wait_for_image_and_click -> claim_hover.PNG timeout=0s delay_click=0.2s confidence=0.8
2026-05-15 22:49:15 | INFO | my_functions.py:170 | Searching claim_hover.PNG (timeout=0s)
2026-05-15 22:49:16 | INFO | my_functions.py:214 | 
⛔ Not found: claim_hover.PNG after 0.0s region=(0, 0, 765, 1038) confidence=0.8
2026-05-15 22:49:16 | INFO | my_functions.py:263 | [DEBUG] Click skipped, image not found: claim_hover.PNG
2026-05-15 22:49:16 | INFO | my_functions.py:236 | [DEBUG] wait_for_image_and_click -> claim!.PNG timeout=0s delay_click=0.2s confidence=0.8
2026-05-15 22:49:16 | INFO | my_functions.py:170 | Searching claim!.PNG (timeout=0s)
2026-05-15 22:49:16 | INFO | my_functions.py:214 | 
⛔ Not found: claim!.PNG after 0.0s region=(0, 0, 765, 1038) confidence=0.8
2026-05-15 22:49:16 | INFO | my_functions.py:263 | [DEBUG] Click skipped, image not found: claim!.PNG
2026-05-15 22:49:16 | INFO | my_functions.py:236 | [DEBUG] wait_for_image_and_click -> claim_hover.PNG timeout=0s delay_click=0.2s confidence=0.8
2026-05-15 22:49:16 | INFO | my_functions.py:170 | Searching claim_hover.PNG (timeout=0s)
2026-05-15 22:49:16 | INFO | my_functions.py:214 | 
⛔ Not found: claim_hover.PNG after 0.01s region=(0, 0, 765, 1038) confidence=0.8
2026-05-15 22:49:16 | INFO | my_functions.py:263 | [DEBUG] Click skipped, image not found: claim_hover.PNG
2026-05-15 22:49:16 | INFO | my_functions.py:236 | [DEBUG] wait_for_image_and_click -> weekly3.PNG timeout=0s delay_click=0.1s confidence=0.8
2026-05-15 22:49:16 | INFO | my_functions.py:170 | Searching weekly3.PNG (timeout=0s)
2026-05-15 22:49:16 | INFO | my_functions.py:214 | 
⛔ Not found: weekly3.PNG after 0.01s region=(0, 0, 765, 1038) confidence=0.8
2026-05-15 22:49:16 | INFO | my_functions.py:263 | [DEBUG] Click skipped, image not found: weekly3.PNG
2026-05-15 22:49:16 | INFO | my_functions.py:236 | [DEBUG] wait_for_image_and_click -> weekly3.PNG timeout=0s delay_click=0.1s confidence=0.8
2026-05-15 22:49:16 | INFO | my_functions.py:170 | Searching weekly3.PNG (timeout=0s)
2026-05-15 22:49:16 | INFO | my_functions.py:214 | 
⛔ Not found: weekly3.PNG after 0.01s region=(0, 0, 765, 1038) confidence=0.8
2026-05-15 22:49:16 | INFO | my_functions.py:263 | [DEBUG] Click skipped, image not found: weekly3.PNG
2026-05-15 22:49:16 | INFO | my_functions.py:236 | [DEBUG] wait_for_image_and_click -> weekly3.PNG timeout=0s delay_click=0.1s confidence=0.8
2026-05-15 22:49:16 | INFO | my_functions.py:170 | Searching weekly3.PNG (timeout=0s)
2026-05-15 22:49:17 | INFO | my_functions.py:214 | 
⛔ Not found: weekly3.PNG after 0.0s region=(0, 0, 765, 1038) confidence=0.8
2026-05-15 22:49:17 | INFO | my_functions.py:263 | [DEBUG] Click skipped, image not found: weekly3.PNG
2026-05-15 22:49:17 | INFO | my_functions.py:236 | [DEBUG] wait_for_image_and_click -> weekly3.PNG timeout=0s delay_click=0.1s confidence=0.8
2026-05-15 22:49:17 | INFO | my_functions.py:170 | Searching weekly3.PNG (timeout=0s)
2026-05-15 22:49:17 | INFO | my_functions.py:214 | 
⛔ Not found: weekly3.PNG after 0.0s region=(0, 0, 765, 1038) confidence=0.8
2026-05-15 22:49:17 | INFO | my_functions.py:263 | [DEBUG] Click skipped, image not found: weekly3.PNG
2026-05-15 22:49:17 | INFO | my_functions.py:236 | [DEBUG] wait_for_image_and_click -> weekly3.PNG timeout=0s delay_click=0.1s confidence=0.8
2026-05-15 22:49:17 | INFO | my_functions.py:170 | Searching weekly3.PNG (timeout=0s)
2026-05-15 22:49:17 | INFO | my_functions.py:214 | 
⛔ Not found: weekly3.PNG after 0.01s region=(0, 0, 765, 1038) confidence=0.8
2026-05-15 22:49:17 | INFO | my_functions.py:263 | [DEBUG] Click skipped, image not found: weekly3.PNG
2026-05-15 22:49:17 | INFO | my_functions.py:236 | [DEBUG] wait_for_image_and_click -> weekly3.PNG timeout=0s delay_click=0.1s confidence=0.8
2026-05-15 22:49:17 | INFO | my_functions.py:170 | Searching weekly3.PNG (timeout=0s)
2026-05-15 22:49:17 | INFO | my_functions.py:214 | 
⛔ Not found: weekly3.PNG after 0.0s region=(0, 0, 765, 1038) confidence=0.8
2026-05-15 22:49:17 | INFO | my_functions.py:263 | [DEBUG] Click skipped, image not found: weekly3.PNG
2026-05-15 22:49:17 | INFO | my_functions.py:236 | [DEBUG] wait_for_image_and_click -> weekly3.PNG timeout=0s delay_click=0.1s confidence=0.8
2026-05-15 22:49:17 | INFO | my_functions.py:170 | Searching weekly3.PNG (timeout=0s)
2026-05-15 22:49:17 | INFO | my_functions.py:214 | 
⛔ Not found: weekly3.PNG after 0.01s region=(0, 0, 765, 1038) confidence=0.8
2026-05-15 22:49:17 | INFO | my_functions.py:263 | [DEBUG] Click skipped, image not found: weekly3.PNG
2026-05-15 22:49:17 | INFO | my_functions.py:236 | [DEBUG] wait_for_image_and_click -> weekly3.PNG timeout=0s delay_click=0.1s confidence=0.8
2026-05-15 22:49:17 | INFO | my_functions.py:170 | Searching weekly3.PNG (timeout=0s)
2026-05-15 22:49:17 | INFO | my_functions.py:214 | 
⛔ Not found: weekly3.PNG after 0.0s region=(0, 0, 765, 1038) confidence=0.8
2026-05-15 22:49:17 | INFO | my_functions.py:263 | [DEBUG] Click skipped, image not found: weekly3.PNG
2026-05-15 22:49:17 | INFO | my_functions.py:236 | [DEBUG] wait_for_image_and_click -> weekly3.PNG timeout=0s delay_click=0.1s confidence=0.8
2026-05-15 22:49:17 | INFO | my_functions.py:170 | Searching weekly3.PNG (timeout=0s)
2026-05-15 22:49:18 | INFO | my_functions.py:214 | 
⛔ Not found: weekly3.PNG after 0.16s region=(0, 0, 765, 1038) confidence=0.8
2026-05-15 22:49:18 | INFO | my_functions.py:263 | [DEBUG] Click skipped, image not found: weekly3.PNG
2026-05-15 22:49:18 | INFO | my_functions.py:236 | [DEBUG] wait_for_image_and_click -> weekly3.PNG timeout=0s delay_click=0.1s confidence=0.8
2026-05-15 22:49:18 | INFO | my_functions.py:170 | Searching weekly3.PNG (timeout=0s)
2026-05-15 22:49:18 | INFO | my_functions.py:214 | 
⛔ Not found: weekly3.PNG after 0.01s region=(0, 0, 765, 1038) confidence=0.8
2026-05-15 22:49:18 | INFO | my_functions.py:263 | [DEBUG] Click skipped, image not found: weekly3.PNG
2026-05-15 22:49:18 | INFO | my_functions.py:236 | [DEBUG] wait_for_image_and_click -> weekly3.PNG timeout=0s delay_click=0.1s confidence=0.8
2026-05-15 22:49:18 | INFO | my_functions.py:170 | Searching weekly3.PNG (timeout=0s)
2026-05-15 22:49:18 | INFO | my_functions.py:214 | 
⛔ Not found: weekly3.PNG after 0.01s region=(0, 0, 765, 1038) confidence=0.8
2026-05-15 22:49:18 | INFO | my_functions.py:263 | [DEBUG] Click skipped, image not found: weekly3.PNG
2026-05-15 22:49:18 | INFO | my_functions.py:135 | Haciendo click en la posición (557, 64)
2026-05-15 22:49:19 | INFO | my_functions.py:236 | [DEBUG] wait_for_image_and_click -> cards_shop.PNG timeout=20s delay_click=1s confidence=0.8
2026-05-15 22:49:19 | INFO | my_functions.py:170 | Searching cards_shop.PNG (timeout=20s)
2026-05-15 22:49:20 | INFO | my_functions.py:200 | 
✅ Found: cards_shop.PNG pos=(568, 121) time=0.59s confidence=0.8
2026-05-15 22:49:21 | INFO | my_functions.py:135 | Haciendo click en la posición (568, 121)
2026-05-15 22:49:21 | INFO | my_functions.py:256 | 🖱️ Click OK: cards_shop.PNG at (568, 121) delay=1s
2026-05-15 22:49:21 | INFO | my_functions.py:236 | [DEBUG] wait_for_image_and_click -> token_icon.PNG timeout=20s delay_click=1s confidence=0.8
2026-05-15 22:49:21 | INFO | my_functions.py:170 | Searching token_icon.PNG (timeout=20s)
2026-05-15 22:49:23 | INFO | my_functions.py:200 | 
✅ Found: token_icon.PNG pos=(571, 171) time=1.57s confidence=0.8
2026-05-15 22:49:24 | INFO | my_functions.py:135 | Haciendo click en la posición (571, 171)
2026-05-15 22:49:24 | INFO | my_functions.py:256 | 🖱️ Click OK: token_icon.PNG at (571, 171) delay=1s
2026-05-15 22:49:26 | INFO | my_functions.py:236 | [DEBUG] wait_for_image_and_click -> claim!_token_3.PNG timeout=4s delay_click=1s confidence=0.8
2026-05-15 22:49:26 | INFO | my_functions.py:170 | Searching claim!_token_3.PNG (timeout=4s)
2026-05-15 22:49:30 | INFO | my_functions.py:214 | 
⛔ Not found: claim!_token_3.PNG after 4.0s region=(0, 0, 765, 1038) confidence=0.8
2026-05-15 22:49:30 | INFO | my_functions.py:263 | [DEBUG] Click skipped, image not found: claim!_token_3.PNG
2026-05-15 22:49:30 | INFO | my_functions.py:236 | [DEBUG] wait_for_image_and_click -> offers.PNG timeout=0.1s delay_click=1s confidence=0.8
2026-05-15 22:49:30 | INFO | my_functions.py:170 | Searching offers.PNG (timeout=0.1s)
2026-05-15 22:49:30 | INFO | my_functions.py:200 | 
✅ Found: offers.PNG pos=(197, 121) time=0.22s confidence=0.8
2026-05-15 22:49:31 | INFO | my_functions.py:135 | Haciendo click en la posición (197, 121)
2026-05-15 22:49:32 | INFO | my_functions.py:256 | 🖱️ Click OK: offers.PNG at (197, 121) delay=1s
2026-05-15 22:49:32 | INFO | my_functions.py:236 | [DEBUG] wait_for_image_and_click -> credits_selected.png timeout=0.1s delay_click=1s confidence=0.8
2026-05-15 22:49:32 | INFO | my_functions.py:170 | Searching credits_selected.png (timeout=0.1s)
2026-05-15 22:49:32 | INFO | my_functions.py:214 | 
⛔ Not found: credits_selected.png after 0.2s region=(0, 0, 765, 1038) confidence=0.8
2026-05-15 22:49:32 | INFO | my_functions.py:263 | [DEBUG] Click skipped, image not found: credits_selected.png
2026-05-15 22:49:32 | INFO | my_functions.py:236 | [DEBUG] wait_for_image_and_click -> credits.PNG timeout=0.1s delay_click=1s confidence=0.95
2026-05-15 22:49:32 | INFO | my_functions.py:170 | Searching credits.PNG (timeout=0.1s)
2026-05-15 22:49:32 | INFO | my_functions.py:200 | 
✅ Found: credits.PNG pos=(442, 172) time=0.19s confidence=0.95
2026-05-15 22:49:33 | INFO | my_functions.py:135 | Haciendo click en la posición (442, 172)
2026-05-15 22:49:33 | INFO | my_functions.py:256 | 🖱️ Click OK: credits.PNG at (442, 172) delay=1s
2026-05-15 22:49:35 | INFO | my_functions.py:236 | [DEBUG] wait_for_image_and_click -> claim_25_credits.png timeout=2s delay_click=1s confidence=0.8
2026-05-15 22:49:35 | INFO | my_functions.py:170 | Searching claim_25_credits.png (timeout=2s)
2026-05-15 22:49:35 | INFO | my_functions.py:200 | 
✅ Found: claim_25_credits.png pos=(236, 328) time=0.19s confidence=0.8
2026-05-15 22:49:36 | INFO | my_functions.py:135 | Haciendo click en la posición (236, 328)
2026-05-15 22:49:36 | INFO | my_functions.py:256 | 🖱️ Click OK: claim_25_credits.png at (236, 328) delay=1s
2026-05-15 22:49:36 | INFO | my_functions.py:236 | [DEBUG] wait_for_image_and_click -> cards_shop.PNG timeout=20s delay_click=1s confidence=0.8
2026-05-15 22:49:36 | INFO | my_functions.py:170 | Searching cards_shop.PNG (timeout=20s)
2026-05-15 22:49:37 | INFO | my_functions.py:200 | 
✅ Found: cards_shop.PNG pos=(568, 121) time=0.21s confidence=0.8
2026-05-15 22:49:38 | INFO | my_functions.py:135 | Haciendo click en la posición (568, 121)
2026-05-15 22:49:38 | INFO | my_functions.py:256 | 🖱️ Click OK: cards_shop.PNG at (568, 121) delay=1s
2026-05-15 22:49:38 | INFO | my_functions.py:236 | [DEBUG] wait_for_image_and_click -> offers.PNG timeout=20s delay_click=1s confidence=0.8
2026-05-15 22:49:38 | INFO | my_functions.py:170 | Searching offers.PNG (timeout=20s)
2026-05-15 22:49:38 | INFO | my_functions.py:200 | 
✅ Found: offers.PNG pos=(197, 122) time=0.19s confidence=0.8
2026-05-15 22:49:39 | INFO | my_functions.py:135 | Haciendo click en la posición (197, 122)
2026-05-15 22:49:39 | INFO | my_functions.py:256 | 🖱️ Click OK: offers.PNG at (197, 122) delay=1s
2026-05-15 22:49:39 | INFO | my_functions.py:1089 | [INFO] Iniciando mejora de cartas
2026-05-15 22:49:39 | INFO | my_functions.py:236 | [DEBUG] wait_for_image_and_click -> upgrade_cards_icon.PNG timeout=20s delay_click=1s confidence=0.8
2026-05-15 22:49:39 | INFO | my_functions.py:170 | Searching upgrade_cards_icon.PNG (timeout=20s)
2026-05-15 22:49:39 | INFO | my_functions.py:200 | 
✅ Found: upgrade_cards_icon.PNG pos=(322, 170) time=0.18s confidence=0.8
2026-05-15 22:49:40 | INFO | my_functions.py:135 | Haciendo click en la posición (322, 170)
2026-05-15 22:49:41 | INFO | my_functions.py:256 | 🖱️ Click OK: upgrade_cards_icon.PNG at (322, 170) delay=1s
2026-05-15 22:49:41 | INFO | my_functions.py:1093 | [INFO] Abriendo icono de upgrade_cards
2026-05-15 22:49:42 | INFO | my_functions.py:1099 | [STEP] Mejorando carta 1
2026-05-15 22:49:42 | INFO | my_functions.py:1103 | [ACTION] Click en carta 1
2026-05-15 22:49:43 | INFO | my_functions.py:1108 | [ACTION] Click en botón upgrade
2026-05-15 22:49:50 | INFO | my_functions.py:236 | [DEBUG] wait_for_image_and_click -> you_need_more_credits!.png timeout=3s delay_click=1s confidence=0.8
2026-05-15 22:49:50 | INFO | my_functions.py:170 | Searching you_need_more_credits!.png (timeout=3s)
2026-05-15 22:49:53 | INFO | my_functions.py:214 | 
⛔ Not found: you_need_more_credits!.png after 3.14s region=(0, 0, 765, 1038) confidence=0.8
2026-05-15 22:49:53 | INFO | my_functions.py:263 | [DEBUG] Click skipped, image not found: you_need_more_credits!.png
2026-05-15 22:49:58 | INFO | my_functions.py:1123 | [ACTION] Click para continuar a stage de nivel de coleccion
2026-05-15 22:50:03 | INFO | my_functions.py:143 | Presionando ESC (1/1)
2026-05-15 22:50:04 | INFO | my_functions.py:1128 | [ACTION] Saliendo de stage nivel de coleccion con ESC
2026-05-15 22:50:05 | INFO | my_functions.py:236 | [DEBUG] wait_for_image_and_click -> upgrade_cards_icon_selected.PNG timeout=0s delay_click=1s confidence=0.8
2026-05-15 22:50:05 | INFO | my_functions.py:170 | Searching upgrade_cards_icon_selected.PNG (timeout=0s)
2026-05-15 22:50:05 | INFO | my_functions.py:200 | 
✅ Found: upgrade_cards_icon_selected.PNG pos=(320, 173) time=0.2s confidence=0.8
2026-05-15 22:50:06 | INFO | my_functions.py:135 | Haciendo click en la posición (320, 173)
2026-05-15 22:50:06 | INFO | my_functions.py:256 | 🖱️ Click OK: upgrade_cards_icon_selected.PNG at (320, 173) delay=1s
2026-05-15 22:50:06 | INFO | my_functions.py:1148 | [INFO] Reabriendo icono de upgrade_cards
2026-05-15 22:50:07 | INFO | my_functions.py:1099 | [STEP] Mejorando carta 2
2026-05-15 22:50:08 | INFO | my_functions.py:1103 | [ACTION] Click en carta 2
2026-05-15 22:50:09 | INFO | my_functions.py:1108 | [ACTION] Click en botón upgrade
2026-05-15 22:50:16 | INFO | my_functions.py:236 | [DEBUG] wait_for_image_and_click -> you_need_more_credits!.png timeout=3s delay_click=1s confidence=0.8
2026-05-15 22:50:16 | INFO | my_functions.py:170 | Searching you_need_more_credits!.png (timeout=3s)
2026-05-15 22:50:19 | INFO | my_functions.py:214 | 
⛔ Not found: you_need_more_credits!.png after 3.0s region=(0, 0, 765, 1038) confidence=0.8
2026-05-15 22:50:19 | INFO | my_functions.py:263 | [DEBUG] Click skipped, image not found: you_need_more_credits!.png
2026-05-15 22:50:24 | INFO | my_functions.py:1123 | [ACTION] Click para continuar a stage de nivel de coleccion
2026-05-15 22:50:29 | INFO | my_functions.py:143 | Presionando ESC (1/1)
2026-05-15 22:50:30 | INFO | my_functions.py:1128 | [ACTION] Saliendo de stage nivel de coleccion con ESC
2026-05-15 22:50:31 | INFO | my_functions.py:236 | [DEBUG] wait_for_image_and_click -> upgrade_cards_icon_selected.PNG timeout=0s delay_click=1s confidence=0.8
2026-05-15 22:50:31 | INFO | my_functions.py:170 | Searching upgrade_cards_icon_selected.PNG (timeout=0s)
2026-05-15 22:50:31 | INFO | my_functions.py:200 | 
✅ Found: upgrade_cards_icon_selected.PNG pos=(320, 173) time=0.19s confidence=0.8
2026-05-15 22:50:32 | INFO | my_functions.py:135 | Haciendo click en la posición (320, 173)
2026-05-15 22:50:32 | INFO | my_functions.py:256 | 🖱️ Click OK: upgrade_cards_icon_selected.PNG at (320, 173) delay=1s
2026-05-15 22:50:32 | INFO | my_functions.py:1148 | [INFO] Reabriendo icono de upgrade_cards
2026-05-15 22:50:33 | INFO | my_functions.py:1099 | [STEP] Mejorando carta 3
2026-05-15 22:50:33 | INFO | my_functions.py:1103 | [ACTION] Click en carta 3
2026-05-15 22:50:34 | INFO | my_functions.py:1108 | [ACTION] Click en botón upgrade
2026-05-15 22:50:41 | INFO | my_functions.py:236 | [DEBUG] wait_for_image_and_click -> you_need_more_credits!.png timeout=3s delay_click=1s confidence=0.8
