2026-06-23 12:45:57 | INFO | each_eight_hours.py:36 | LOG FILE PATH: \\vmware-host\Shared Folders\SHARED FILES VM\MS\logs\each_eight_hours_2026-06-23_12-45-57.log
2026-06-23 12:45:57 | INFO | each_eight_hours.py:37 | Logger initialized
2026-06-23 12:45:57 | INFO | each_eight_hours.py:64 | Script initialized
2026-06-23 12:46:21 | INFO | each_eight_hours.py:105 | snap.exe terminated if it was running
2026-06-23 12:46:22 | INFO | my_functions.py:56 | ⏳ Esperando WebSocket de OBS...
2026-06-23 12:46:22 | INFO | baseclient.py:33 | Connecting with parameters: host='localhost' port=4455 password='' subs=0 timeout=None
2026-06-23 12:46:22 | INFO | reqs.py:23 | Successfully identified ReqClient with the server using RPC version:1
2026-06-23 12:46:22 | INFO | my_functions.py:62 | ✅ Conectado al OBS WebSocket
2026-06-23 12:46:22 | INFO | my_functions.py:78 | ⏹ Grabación ya estaba activa, deteniéndola...
2026-06-23 12:46:22 | INFO | baseclient.py:33 | Connecting with parameters: host='localhost' port=4455 password='' subs=0 timeout=None
2026-06-23 12:46:22 | INFO | reqs.py:23 | Successfully identified ReqClient with the server using RPC version:1
2026-06-23 12:46:22 | INFO | my_functions.py:93 | Record stopped.
2026-06-23 12:46:34 | INFO | my_functions.py:123 | Archivo renombrado a: C:\Users\Farm\Videos\my_functions_2026-06-23_12-46-34.mkv
2026-06-23 12:46:37 | INFO | my_functions.py:83 | 🎬 Nueva grabación iniciada
2026-06-23 12:46:37 | INFO | my_functions.py:1547 | ⏱ Esperando 0.1 segundos antes de empezar...
2026-06-23 12:46:37 | INFO | my_functions.py:1554 | 🔍 Esperando ventana que contenga alguna de: ['py', 'eight_hours'] (máx 20s)
2026-06-23 12:46:37 | INFO | my_functions.py:1566 | ✅ Ventana encontrada: 'each_eight_hours  - Acceso directo'
2026-06-23 12:46:37 | INFO | my_functions.py:1581 | ✅ Ventana seleccionada: 'each_eight_hours  - Acceso directo'
2026-06-23 12:46:39 | INFO | my_functions.py:1604 | 🔁 Reajuste #1...
2026-06-23 12:46:39 | INFO | my_functions.py:1611 | ✔ Verificación completa. Se hicieron 1 reajustes.
2026-06-23 12:46:39 | INFO | each_eight_hours.py:113 | Processing account: jeremy
2026-06-23 12:46:40 | INFO | my_functions.py:1547 | ⏱ Esperando 0.1 segundos antes de empezar...
2026-06-23 12:46:40 | INFO | my_functions.py:1554 | 🔍 Esperando ventana que contenga alguna de: ['SNAP'] (máx 20s)
2026-06-23 12:46:43 | INFO | my_functions.py:1566 | ✅ Ventana encontrada: 'SNAP'
2026-06-23 12:46:43 | INFO | my_functions.py:1581 | ✅ Ventana seleccionada: 'SNAP'
2026-06-23 12:46:45 | INFO | my_functions.py:1604 | 🔁 Reajuste #1...
2026-06-23 12:46:48 | INFO | my_functions.py:1611 | ✔ Verificación completa. Se hicieron 1 reajustes.
2026-06-23 12:46:48 | INFO | my_functions.py:1206 | [DEBUG] Resizing SNAP window...
2026-06-23 12:46:49 | INFO | my_functions.py:1547 | ⏱ Esperando 0.1 segundos antes de empezar...
2026-06-23 12:46:49 | INFO | my_functions.py:1554 | 🔍 Esperando ventana que contenga alguna de: ['SNAP'] (máx 20s)
2026-06-23 12:46:49 | INFO | my_functions.py:1566 | ✅ Ventana encontrada: 'SNAP'
2026-06-23 12:46:49 | INFO | my_functions.py:1581 | ✅ Ventana seleccionada: 'SNAP'
2026-06-23 12:46:52 | INFO | my_functions.py:1613 | ✔ Verificación completa. No hubo cambios después del primer ajuste.
2026-06-23 12:46:52 | INFO | my_functions.py:247 | [DEBUG] Buscando en paralelo: ['small_submit.PNG', 'small_submit_hover.png', 'submit_hover_2.png', 'small_submit_hover_2.png'] | timeout=90s | confidence=0.8
2026-06-23 12:46:59 | INFO | my_functions.py:134 | Haciendo click en la posición (380, 642)
2026-06-23 12:47:00 | INFO | my_functions.py:269 | 🖱️ Click OK (En paralelo): small_submit.PNG at (380, 642) delay=0.2s
2026-06-23 12:47:03 | INFO | my_functions.py:247 | [DEBUG] Buscando en paralelo: ['small_submit.PNG', 'small_submit_hover.png', 'submit_hover_2.png', 'small_submit_hover_2.png'] | timeout=20s | confidence=0.8
2026-06-23 12:47:04 | INFO | my_functions.py:134 | Haciendo click en la posición (380, 721)
2026-06-23 12:47:05 | INFO | my_functions.py:269 | 🖱️ Click OK (En paralelo): small_submit.PNG at (380, 721) delay=0.2s
2026-06-23 12:47:06 | INFO | my_functions.py:1547 | ⏱ Esperando 0.1 segundos antes de empezar...
2026-06-23 12:47:06 | INFO | my_functions.py:1554 | 🔍 Esperando ventana que contenga alguna de: ['SNAP'] (máx 20s)
2026-06-23 12:47:06 | INFO | my_functions.py:1566 | ✅ Ventana encontrada: 'SNAP'
2026-06-23 12:47:06 | INFO | my_functions.py:1581 | ✅ Ventana seleccionada: 'SNAP'
2026-06-23 12:47:09 | INFO | my_functions.py:1613 | ✔ Verificación completa. No hubo cambios después del primer ajuste.
2026-06-23 12:47:09 | INFO | my_functions.py:169 | Searching please_sign.png (timeout=0s)
2026-06-23 12:47:09 | INFO | my_functions.py:213 | 
⛔ Not found: please_sign.png after 0.0s region=(0, 0, 765, 1038) confidence=0.8
2026-06-23 12:47:09 | INFO | my_functions.py:247 | [DEBUG] Buscando en paralelo: ['sign_in_with_google2.PNG'] | timeout=20s | confidence=0.8
2026-06-23 12:47:11 | INFO | my_functions.py:134 | Haciendo click en la posición (406, 957)
2026-06-23 12:47:11 | INFO | my_functions.py:269 | 🖱️ Click OK (En paralelo): sign_in_with_google2.PNG at (406, 957) delay=1s
2026-06-23 12:47:12 | INFO | my_functions.py:169 | Searching pagina_cargada.png (timeout=60s)
2026-06-23 12:47:26 | INFO | my_functions.py:199 | 
✅ Found: pagina_cargada.png pos=(70, 24) time=14.01s confidence=0.8
2026-06-23 12:47:26 | INFO | my_functions.py:247 | [DEBUG] Buscando en paralelo: ['jeremy.png'] | timeout=0s | confidence=0.8
2026-06-23 12:47:27 | INFO | my_functions.py:281 | [DEBUG] Click skipped, ninguna de las imágenes se encontró en el intento.
2026-06-23 12:47:29 | INFO | my_functions.py:247 | [DEBUG] Buscando en paralelo: ['jeremy.png'] | timeout=0s | confidence=0.8
2026-06-23 12:47:33 | INFO | my_functions.py:134 | Haciendo click en la posición (1143, 645)
2026-06-23 12:47:34 | INFO | my_functions.py:269 | 🖱️ Click OK (En paralelo): jeremy.png at (1143, 645) delay=3s
2026-06-23 12:47:36 | INFO | my_functions.py:169 | Searching marvelsnap_web.png (timeout=30s)
2026-06-23 12:47:41 | INFO | my_functions.py:199 | 
✅ Found: marvelsnap_web.png pos=(258, 80) time=5.01s confidence=0.7
2026-06-23 12:47:41 | INFO | my_functions.py:169 | Searching shop_unselected.PNG (timeout=0s)
2026-06-23 12:47:42 | INFO | my_functions.py:213 | 
⛔ Not found: shop_unselected.PNG after 0.0s region=(0, 0, 765, 1038) confidence=0.8
2026-06-23 12:47:42 | INFO | my_functions.py:247 | [DEBUG] Buscando en paralelo: ['super_premium.PNG'] | timeout=0s | confidence=0.8
2026-06-23 12:47:43 | INFO | my_functions.py:281 | [DEBUG] Click skipped, ninguna de las imágenes se encontró en el intento.
2026-06-23 12:47:44 | INFO | my_functions.py:247 | [DEBUG] Buscando en paralelo: ['maybe_later.PNG'] | timeout=0s | confidence=0.8
2026-06-23 12:47:45 | INFO | my_functions.py:281 | [DEBUG] Click skipped, ninguna de las imágenes se encontró en el intento.
2026-06-23 12:47:46 | INFO | my_functions.py:247 | [DEBUG] Buscando en paralelo: ['maybe_later2.PNG'] | timeout=0s | confidence=0.8
2026-06-23 12:47:47 | INFO | my_functions.py:281 | [DEBUG] Click skipped, ninguna de las imágenes se encontró en el intento.
2026-06-23 12:47:48 | INFO | my_functions.py:169 | Searching go_to_shop.PNG (timeout=0s)
2026-06-23 12:47:48 | INFO | my_functions.py:213 | 
⛔ Not found: go_to_shop.PNG after 0.0s region=(0, 0, 765, 1038) confidence=0.8
2026-06-23 12:47:48 | INFO | my_functions.py:247 | [DEBUG] Buscando en paralelo: ['14_days_of_winterverse.PNG'] | timeout=0s | confidence=0.8
2026-06-23 12:47:49 | INFO | my_functions.py:281 | [DEBUG] Click skipped, ninguna de las imágenes se encontró en el intento.
2026-06-23 12:47:50 | INFO | my_functions.py:169 | Searching welcome_back_calendar.PNG (timeout=0s)
2026-06-23 12:47:51 | INFO | my_functions.py:213 | 
⛔ Not found: welcome_back_calendar.PNG after 0.0s region=(0, 0, 765, 1038) confidence=0.8
2026-06-23 12:47:51 | INFO | my_functions.py:247 | [DEBUG] Buscando en paralelo: ['start_the_countdown.PNG'] | timeout=0s | confidence=0.8
2026-06-23 12:47:51 | INFO | my_functions.py:281 | [DEBUG] Click skipped, ninguna de las imágenes se encontró en el intento.
2026-06-23 12:47:52 | INFO | my_functions.py:247 | [DEBUG] Buscando en paralelo: ['event_has_ended_sanctum.PNG'] | timeout=0s | confidence=0.8
2026-06-23 12:47:53 | INFO | my_functions.py:281 | [DEBUG] Click skipped, ninguna de las imágenes se encontró en el intento.
2026-06-23 12:47:54 | INFO | my_functions.py:247 | [DEBUG] Buscando en paralelo: ['event_has_ended_teamclash.PNG'] | timeout=0s | confidence=0.8
2026-06-23 12:47:55 | INFO | my_functions.py:281 | [DEBUG] Click skipped, ninguna de las imágenes se encontró en el intento.
2026-06-23 12:47:56 | INFO | my_functions.py:247 | [DEBUG] Buscando en paralelo: ['image_part_of_event_grand_arena_finished.PNG'] | timeout=0s | confidence=0.8
2026-06-23 12:47:57 | INFO | my_functions.py:281 | [DEBUG] Click skipped, ninguna de las imágenes se encontró en el intento.
2026-06-23 12:47:58 | INFO | my_functions.py:169 | Searching 28_day_event_login_rewards.PNG (timeout=0s)
2026-06-23 12:47:59 | INFO | my_functions.py:213 | 
⛔ Not found: 28_day_event_login_rewards.PNG after 0.01s region=(0, 0, 765, 1038) confidence=0.8
2026-06-23 12:47:59 | INFO | my_functions.py:169 | Searching 7_day_event_login.PNG (timeout=0s)
2026-06-23 12:47:59 | INFO | my_functions.py:213 | 
⛔ Not found: 7_day_event_login.PNG after 0.0s region=(0, 0, 765, 1038) confidence=0.8
2026-06-23 12:47:59 | INFO | my_functions.py:169 | Searching 14_days_event.PNG (timeout=0s)
2026-06-23 12:48:00 | INFO | my_functions.py:213 | 
⛔ Not found: 14_days_event.PNG after 0.02s region=(0, 0, 765, 1038) confidence=0.8
2026-06-23 12:48:00 | INFO | my_functions.py:247 | [DEBUG] Buscando en paralelo: ['lets_go.PNG'] | timeout=0s | confidence=0.8
2026-06-23 12:48:00 | INFO | my_functions.py:281 | [DEBUG] Click skipped, ninguna de las imágenes se encontró en el intento.
2026-06-23 12:48:03 | INFO | my_functions.py:169 | Searching shop_unselected.PNG (timeout=0s)
2026-06-23 12:48:03 | INFO | my_functions.py:199 | 
✅ Found: shop_unselected.PNG pos=(88, 961) time=0.77s confidence=0.8
2026-06-23 12:48:11 | INFO | my_functions.py:169 | Searching shop_unselected.PNG (timeout=0s)
2026-06-23 12:48:12 | INFO | my_functions.py:199 | 
✅ Found: shop_unselected.PNG pos=(88, 961) time=0.73s confidence=0.8
2026-06-23 12:48:12 | INFO | my_functions.py:714 | Ya esta listo
2026-06-23 12:48:16 | INFO | my_functions.py:533 | AVAILABLE: 5
2026-06-23 12:48:16 | INFO | my_functions.py:555 | Misiones completadas: 0
2026-06-23 12:48:16 | INFO | my_functions.py:169 | Searching play.PNG (timeout=0s)
2026-06-23 12:48:17 | INFO | my_functions.py:199 | 
✅ Found: play.PNG pos=(384, 824) time=0.65s confidence=0.8
2026-06-23 12:48:17 | INFO | my_functions.py:1442 | [INFO] Click realizado donde se equipa el deck a jugar
2026-06-23 12:48:21 | INFO | my_functions.py:247 | [DEBUG] Buscando en paralelo: ['deck_666666.png'] | timeout=3s | confidence=0.8
2026-06-23 12:48:23 | INFO | my_functions.py:134 | Haciendo click en la posición (384, 546)
2026-06-23 12:48:23 | INFO | my_functions.py:269 | 🖱️ Click OK (En paralelo): deck_666666.png at (384, 546) delay=1s
2026-06-23 12:48:24 | INFO | my_functions.py:247 | [DEBUG] Buscando en paralelo: ['equip.png'] | timeout=3s | confidence=0.95
2026-06-23 12:48:26 | INFO | my_functions.py:134 | Haciendo click en la posición (548, 983)
2026-06-23 12:48:27 | INFO | my_functions.py:269 | 🖱️ Click OK (En paralelo): equip.png at (548, 983) delay=1s
2026-06-23 12:48:28 | INFO | each_eight_hours.py:134 | Deck selected: 6turns
2026-06-23 12:48:28 | INFO | my_functions.py:247 | [DEBUG] Buscando en paralelo: ['maybe_later.PNG'] | timeout=2s | confidence=0.8
2026-06-23 12:48:30 | INFO | my_functions.py:281 | [DEBUG] Click skipped, ninguna de las imágenes se encontró en el intento.
2026-06-23 12:48:31 | INFO | my_functions.py:247 | [DEBUG] Buscando en paralelo: ['maybe_later2.PNG'] | timeout=0.01s | confidence=0.8
2026-06-23 12:48:32 | INFO | my_functions.py:281 | [DEBUG] Click skipped, ninguna de las imágenes se encontró en el intento.
2026-06-23 12:48:33 | INFO | each_eight_hours.py:148 | Starting game loop 1
2026-06-23 12:48:33 | INFO | my_functions.py:247 | [DEBUG] Buscando en paralelo: ['play.PNG'] | timeout=20s | confidence=0.8
2026-06-23 12:48:37 | INFO | my_functions.py:134 | Haciendo click en la posición (384, 824)
2026-06-23 12:48:37 | INFO | my_functions.py:269 | 🖱️ Click OK (En paralelo): play.PNG at (384, 824) delay=3s
2026-06-23 12:48:59 | INFO | my_functions.py:199 | 
✅ Found: end_turn.PNG pos=(681, 945) time=0.75s confidence=0.8
2026-06-23 12:48:59 | INFO | my_functions.py:247 | [DEBUG] Buscando en paralelo: ['snap.PNG'] | timeout=0s | confidence=0.8
2026-06-23 12:49:01 | INFO | my_functions.py:134 | Haciendo click en la posición (386, 123)
2026-06-23 12:49:01 | INFO | my_functions.py:269 | 🖱️ Click OK (En paralelo): snap.PNG at (386, 123) delay=1s
2026-06-23 12:49:08 | INFO | my_functions.py:247 | [DEBUG] Buscando en paralelo: ['end_turn.PNG'] | timeout=0s | confidence=0.8
2026-06-23 12:49:10 | INFO | my_functions.py:134 | Haciendo click en la posición (682, 946)
2026-06-23 12:49:10 | INFO | my_functions.py:269 | 🖱️ Click OK (En paralelo): end_turn.PNG at (682, 946) delay=1s
2026-06-23 12:49:11 | INFO | each_eight_hours.py:165 | End turn executed
2026-06-23 12:49:29 | INFO | my_functions.py:199 | 
✅ Found: end_turn.PNG pos=(682, 946) time=0.79s confidence=0.8
2026-06-23 12:49:29 | INFO | my_functions.py:247 | [DEBUG] Buscando en paralelo: ['snap.PNG'] | timeout=0s | confidence=0.8
2026-06-23 12:49:30 | INFO | my_functions.py:281 | [DEBUG] Click skipped, ninguna de las imágenes se encontró en el intento.
2026-06-23 12:49:37 | INFO | my_functions.py:247 | [DEBUG] Buscando en paralelo: ['end_turn.PNG'] | timeout=0s | confidence=0.8
2026-06-23 12:49:37 | INFO | my_functions.py:281 | [DEBUG] Click skipped, ninguna de las imágenes se encontró en el intento.
2026-06-23 12:49:56 | INFO | my_functions.py:199 | 
✅ Found: end_turn.PNG pos=(681, 945) time=0.65s confidence=0.8
2026-06-23 12:49:56 | INFO | my_functions.py:247 | [DEBUG] Buscando en paralelo: ['snap.PNG'] | timeout=0s | confidence=0.8
2026-06-23 12:49:57 | INFO | my_functions.py:281 | [DEBUG] Click skipped, ninguna de las imágenes se encontró en el intento.
2026-06-23 12:50:03 | INFO | my_functions.py:247 | [DEBUG] Buscando en paralelo: ['end_turn.PNG'] | timeout=0s | confidence=0.8
2026-06-23 12:50:04 | INFO | my_functions.py:134 | Haciendo click en la posición (682, 945)
2026-06-23 12:50:05 | INFO | my_functions.py:269 | 🖱️ Click OK (En paralelo): end_turn.PNG at (682, 945) delay=1s
2026-06-23 12:50:06 | INFO | each_eight_hours.py:165 | End turn executed
2026-06-23 12:50:26 | INFO | my_functions.py:199 | 
✅ Found: end_turn.PNG pos=(681, 945) time=0.68s confidence=0.8
2026-06-23 12:50:26 | INFO | my_functions.py:247 | [DEBUG] Buscando en paralelo: ['snap.PNG'] | timeout=0s | confidence=0.8
2026-06-23 12:50:26 | INFO | my_functions.py:281 | [DEBUG] Click skipped, ninguna de las imágenes se encontró en el intento.
2026-06-23 12:50:33 | INFO | my_functions.py:247 | [DEBUG] Buscando en paralelo: ['end_turn.PNG'] | timeout=0s | confidence=0.8
2026-06-23 12:50:34 | INFO | my_functions.py:134 | Haciendo click en la posición (682, 945)
2026-06-23 12:50:35 | INFO | my_functions.py:269 | 🖱️ Click OK (En paralelo): end_turn.PNG at (682, 945) delay=1s
2026-06-23 12:50:36 | INFO | each_eight_hours.py:165 | End turn executed
2026-06-23 12:51:16 | INFO | my_functions.py:199 | 
✅ Found: end_turn.PNG pos=(681, 945) time=0.65s confidence=0.8
2026-06-23 12:51:16 | INFO | my_functions.py:247 | [DEBUG] Buscando en paralelo: ['snap.PNG'] | timeout=0s | confidence=0.8
2026-06-23 12:51:16 | INFO | my_functions.py:281 | [DEBUG] Click skipped, ninguna de las imágenes se encontró en el intento.
2026-06-23 12:51:23 | INFO | my_functions.py:247 | [DEBUG] Buscando en paralelo: ['end_turn.PNG'] | timeout=0s | confidence=0.8
2026-06-23 12:51:23 | INFO | my_functions.py:281 | [DEBUG] Click skipped, ninguna de las imágenes se encontró en el intento.
2026-06-23 12:51:26 | INFO | my_functions.py:199 | 
✅ Found: flechas.png pos=(42, 912) time=0.82s confidence=0.8
2026-06-23 12:51:28 | INFO | my_functions.py:142 | Presionando ESC (1/1)
2026-06-23 12:51:29 | INFO | my_functions.py:247 | [DEBUG] Buscando en paralelo: ['end_turn.PNG'] | timeout=0s | confidence=0.8
2026-06-23 12:51:31 | INFO | my_functions.py:134 | Haciendo click en la posición (682, 946)
2026-06-23 12:51:31 | INFO | my_functions.py:269 | 🖱️ Click OK (En paralelo): end_turn.PNG at (682, 946) delay=1s
2026-06-23 12:51:32 | WARNING | each_eight_hours.py:202 | Arrow overlay handled
2026-06-23 12:52:11 | INFO | my_functions.py:199 | 
✅ Found: end_turn.PNG pos=(681, 945) time=0.68s confidence=0.8
2026-06-23 12:52:11 | INFO | my_functions.py:247 | [DEBUG] Buscando en paralelo: ['snap.PNG'] | timeout=0s | confidence=0.8
2026-06-23 12:52:11 | INFO | my_functions.py:281 | [DEBUG] Click skipped, ninguna de las imágenes se encontró en el intento.
2026-06-23 12:52:18 | INFO | my_functions.py:247 | [DEBUG] Buscando en paralelo: ['end_turn.PNG'] | timeout=0s | confidence=0.8
2026-06-23 12:52:19 | INFO | my_functions.py:134 | Haciendo click en la posición (681, 945)
2026-06-23 12:52:19 | INFO | my_functions.py:269 | 🖱️ Click OK (En paralelo): end_turn.PNG at (681, 945) delay=1s
2026-06-23 12:52:21 | INFO | each_eight_hours.py:165 | End turn executed
2026-06-23 12:52:30 | INFO | my_functions.py:199 | 
✅ Found: collect_rewards.PNG pos=(679, 957) time=0.79s confidence=0.8
2026-06-23 12:52:30 | INFO | each_eight_hours.py:204 | Rewards detected, exiting match
2026-06-23 12:52:30 | INFO | my_functions.py:247 | [DEBUG] Buscando en paralelo: ['collect_rewards.PNG'] | timeout=20s | confidence=0.8
2026-06-23 12:52:32 | INFO | my_functions.py:134 | Haciendo click en la posición (679, 957)
2026-06-23 12:52:32 | INFO | my_functions.py:269 | 🖱️ Click OK (En paralelo): collect_rewards.PNG at (679, 957) delay=1s
2026-06-23 12:52:33 | INFO | my_functions.py:247 | [DEBUG] Buscando en paralelo: ['next.PNG'] | timeout=20s | confidence=0.8
2026-06-23 12:52:39 | INFO | my_functions.py:134 | Haciendo click en la posición (677, 973)
2026-06-23 12:52:39 | INFO | my_functions.py:269 | 🖱️ Click OK (En paralelo): next.PNG at (677, 973) delay=1s
2026-06-23 12:52:43 | INFO | my_functions.py:533 | AVAILABLE: 5
2026-06-23 12:52:43 | INFO | each_eight_hours.py:271 | Submissions after match: 5
2026-06-23 12:52:43 | INFO | my_functions.py:555 | Misiones completadas: 0
2026-06-23 12:52:43 | INFO | each_eight_hours.py:148 | Starting game loop 2
2026-06-23 12:52:43 | INFO | my_functions.py:247 | [DEBUG] Buscando en paralelo: ['play.PNG'] | timeout=20s | confidence=0.8
2026-06-23 12:52:46 | INFO | my_functions.py:134 | Haciendo click en la posición (384, 824)
2026-06-23 12:52:46 | INFO | my_functions.py:269 | 🖱️ Click OK (En paralelo): play.PNG at (384, 824) delay=3s
2026-06-23 12:53:10 | INFO | my_functions.py:199 | 
✅ Found: end_turn.PNG pos=(681, 945) time=0.66s confidence=0.8
2026-06-23 12:53:10 | INFO | my_functions.py:247 | [DEBUG] Buscando en paralelo: ['snap.PNG'] | timeout=0s | confidence=0.8
2026-06-23 12:53:11 | INFO | my_functions.py:134 | Haciendo click en la posición (386, 123)
2026-06-23 12:53:12 | INFO | my_functions.py:269 | 🖱️ Click OK (En paralelo): snap.PNG at (386, 123) delay=1s
2026-06-23 12:53:18 | INFO | my_functions.py:247 | [DEBUG] Buscando en paralelo: ['end_turn.PNG'] | timeout=0s | confidence=0.8
2026-06-23 12:53:19 | INFO | my_functions.py:134 | Haciendo click en la posición (682, 946)
2026-06-23 12:53:20 | INFO | my_functions.py:269 | 🖱️ Click OK (En paralelo): end_turn.PNG at (682, 946) delay=1s
2026-06-23 12:53:21 | INFO | each_eight_hours.py:165 | End turn executed
2026-06-23 12:53:42 | INFO | my_functions.py:199 | 
✅ Found: end_turn.PNG pos=(682, 945) time=0.7s confidence=0.8
2026-06-23 12:53:42 | INFO | my_functions.py:247 | [DEBUG] Buscando en paralelo: ['snap.PNG'] | timeout=0s | confidence=0.8
2026-06-23 12:53:42 | INFO | my_functions.py:281 | [DEBUG] Click skipped, ninguna de las imágenes se encontró en el intento.
2026-06-23 12:53:48 | INFO | my_functions.py:247 | [DEBUG] Buscando en paralelo: ['end_turn.PNG'] | timeout=0s | confidence=0.8
2026-06-23 12:53:49 | INFO | my_functions.py:281 | [DEBUG] Click skipped, ninguna de las imágenes se encontró en el intento.
2026-06-23 12:54:03 | INFO | my_functions.py:199 | 
✅ Found: end_turn.PNG pos=(681, 945) time=0.64s confidence=0.8
2026-06-23 12:54:03 | INFO | my_functions.py:247 | [DEBUG] Buscando en paralelo: ['snap.PNG'] | timeout=0s | confidence=0.8
2026-06-23 12:54:04 | INFO | my_functions.py:281 | [DEBUG] Click skipped, ninguna de las imágenes se encontró en el intento.
2026-06-23 12:54:10 | INFO | my_functions.py:247 | [DEBUG] Buscando en paralelo: ['end_turn.PNG'] | timeout=0s | confidence=0.8
2026-06-23 12:54:12 | INFO | my_functions.py:134 | Haciendo click en la posición (682, 945)
2026-06-23 12:54:12 | INFO | my_functions.py:269 | 🖱️ Click OK (En paralelo): end_turn.PNG at (682, 945) delay=1s
2026-06-23 12:54:13 | INFO | each_eight_hours.py:165 | End turn executed
2026-06-23 12:54:29 | INFO | my_functions.py:199 | 
✅ Found: end_turn.PNG pos=(681, 945) time=0.67s confidence=0.8
2026-06-23 12:54:29 | INFO | my_functions.py:247 | [DEBUG] Buscando en paralelo: ['snap.PNG'] | timeout=0s | confidence=0.8
2026-06-23 12:54:30 | INFO | my_functions.py:281 | [DEBUG] Click skipped, ninguna de las imágenes se encontró en el intento.
2026-06-23 12:54:36 | INFO | my_functions.py:247 | [DEBUG] Buscando en paralelo: ['end_turn.PNG'] | timeout=0s | confidence=0.8
2026-06-23 12:54:38 | INFO | my_functions.py:134 | Haciendo click en la posición (682, 945)
2026-06-23 12:54:38 | INFO | my_functions.py:269 | 🖱️ Click OK (En paralelo): end_turn.PNG at (682, 945) delay=1s
2026-06-23 12:54:39 | INFO | each_eight_hours.py:165 | End turn executed
2026-06-23 12:54:53 | INFO | my_functions.py:199 | 
✅ Found: end_turn.PNG pos=(681, 945) time=0.7s confidence=0.8
2026-06-23 12:54:53 | INFO | my_functions.py:247 | [DEBUG] Buscando en paralelo: ['snap.PNG'] | timeout=0s | confidence=0.8
2026-06-23 12:54:54 | INFO | my_functions.py:281 | [DEBUG] Click skipped, ninguna de las imágenes se encontró en el intento.
2026-06-23 12:55:00 | INFO | my_functions.py:247 | [DEBUG] Buscando en paralelo: ['end_turn.PNG'] | timeout=0s | confidence=0.8
2026-06-23 12:55:02 | INFO | my_functions.py:134 | Haciendo click en la posición (682, 945)
2026-06-23 12:55:02 | INFO | my_functions.py:269 | 🖱️ Click OK (En paralelo): end_turn.PNG at (682, 945) delay=1s
2026-06-23 12:55:03 | INFO | each_eight_hours.py:165 | End turn executed
2026-06-23 12:55:24 | INFO | my_functions.py:199 | 
✅ Found: end_turn.PNG pos=(681, 945) time=0.69s confidence=0.8
2026-06-23 12:55:24 | INFO | my_functions.py:247 | [DEBUG] Buscando en paralelo: ['snap.PNG'] | timeout=0s | confidence=0.8
2026-06-23 12:55:25 | INFO | my_functions.py:281 | [DEBUG] Click skipped, ninguna de las imágenes se encontró en el intento.
2026-06-23 12:55:31 | INFO | my_functions.py:247 | [DEBUG] Buscando en paralelo: ['end_turn.PNG'] | timeout=0s | confidence=0.8
2026-06-23 12:55:32 | INFO | my_functions.py:134 | Haciendo click en la posición (682, 945)
2026-06-23 12:55:33 | INFO | my_functions.py:269 | 🖱️ Click OK (En paralelo): end_turn.PNG at (682, 945) delay=1s
2026-06-23 12:55:34 | INFO | each_eight_hours.py:165 | End turn executed
2026-06-23 12:55:53 | INFO | my_functions.py:199 | 
✅ Found: collect_rewards.PNG pos=(679, 957) time=0.8s confidence=0.8
2026-06-23 12:55:53 | INFO | each_eight_hours.py:204 | Rewards detected, exiting match
2026-06-23 12:55:53 | INFO | my_functions.py:247 | [DEBUG] Buscando en paralelo: ['collect_rewards.PNG'] | timeout=20s | confidence=0.8
2026-06-23 12:55:55 | INFO | my_functions.py:134 | Haciendo click en la posición (679, 957)
2026-06-23 12:55:55 | INFO | my_functions.py:269 | 🖱️ Click OK (En paralelo): collect_rewards.PNG at (679, 957) delay=1s
2026-06-23 12:55:56 | INFO | my_functions.py:247 | [DEBUG] Buscando en paralelo: ['next.PNG'] | timeout=20s | confidence=0.8
2026-06-23 12:56:02 | INFO | my_functions.py:134 | Haciendo click en la posición (677, 973)
2026-06-23 12:56:02 | INFO | my_functions.py:269 | 🖱️ Click OK (En paralelo): next.PNG at (677, 973) delay=1s
2026-06-23 12:56:05 | INFO | my_functions.py:533 | AVAILABLE: 5
2026-06-23 12:56:05 | INFO | each_eight_hours.py:271 | Submissions after match: 5
2026-06-23 12:56:05 | INFO | my_functions.py:555 | Misiones completadas: 0
2026-06-23 12:56:05 | INFO | each_eight_hours.py:148 | Starting game loop 3
2026-06-23 12:56:05 | INFO | my_functions.py:247 | [DEBUG] Buscando en paralelo: ['play.PNG'] | timeout=20s | confidence=0.8
2026-06-23 12:56:09 | INFO | my_functions.py:134 | Haciendo click en la posición (384, 824)
2026-06-23 12:56:09 | INFO | my_functions.py:269 | 🖱️ Click OK (En paralelo): play.PNG at (384, 824) delay=3s
2026-06-23 12:56:28 | INFO | my_functions.py:199 | 
✅ Found: end_turn.PNG pos=(681, 945) time=0.65s confidence=0.8
2026-06-23 12:56:28 | INFO | my_functions.py:247 | [DEBUG] Buscando en paralelo: ['snap.PNG'] | timeout=0s | confidence=0.8
2026-06-23 12:56:30 | INFO | my_functions.py:134 | Haciendo click en la posición (386, 123)
2026-06-23 12:56:30 | INFO | my_functions.py:269 | 🖱️ Click OK (En paralelo): snap.PNG at (386, 123) delay=1s
2026-06-23 12:56:36 | INFO | my_functions.py:247 | [DEBUG] Buscando en paralelo: ['end_turn.PNG'] | timeout=0s | confidence=0.8
2026-06-23 12:56:38 | INFO | my_functions.py:134 | Haciendo click en la posición (682, 946)
2026-06-23 12:56:38 | INFO | my_functions.py:269 | 🖱️ Click OK (En paralelo): end_turn.PNG at (682, 946) delay=1s
2026-06-23 12:56:39 | INFO | each_eight_hours.py:165 | End turn executed
2026-06-23 12:56:55 | INFO | my_functions.py:199 | 
✅ Found: end_turn.PNG pos=(682, 945) time=0.69s confidence=0.8
2026-06-23 12:56:55 | INFO | my_functions.py:247 | [DEBUG] Buscando en paralelo: ['snap.PNG'] | timeout=0s | confidence=0.8
2026-06-23 12:56:56 | INFO | my_functions.py:281 | [DEBUG] Click skipped, ninguna de las imágenes se encontró en el intento.
2026-06-23 12:57:03 | INFO | my_functions.py:247 | [DEBUG] Buscando en paralelo: ['end_turn.PNG'] | timeout=0s | confidence=0.8
2026-06-23 12:57:03 | INFO | my_functions.py:281 | [DEBUG] Click skipped, ninguna de las imágenes se encontró en el intento.
2026-06-23 12:57:15 | INFO | my_functions.py:199 | 
✅ Found: end_turn.PNG pos=(681, 945) time=0.72s confidence=0.8
2026-06-23 12:57:15 | INFO | my_functions.py:247 | [DEBUG] Buscando en paralelo: ['snap.PNG'] | timeout=0s | confidence=0.8
2026-06-23 12:57:16 | INFO | my_functions.py:281 | [DEBUG] Click skipped, ninguna de las imágenes se encontró en el intento.
2026-06-23 12:57:22 | INFO | my_functions.py:247 | [DEBUG] Buscando en paralelo: ['end_turn.PNG'] | timeout=0s | confidence=0.8
2026-06-23 12:57:23 | INFO | my_functions.py:134 | Haciendo click en la posición (682, 945)
2026-06-23 12:57:24 | INFO | my_functions.py:269 | 🖱️ Click OK (En paralelo): end_turn.PNG at (682, 945) delay=1s
2026-06-23 12:57:25 | INFO | each_eight_hours.py:165 | End turn executed
2026-06-23 12:57:44 | INFO | my_functions.py:199 | 
✅ Found: end_turn.PNG pos=(681, 945) time=0.68s confidence=0.8
2026-06-23 12:57:44 | INFO | my_functions.py:247 | [DEBUG] Buscando en paralelo: ['snap.PNG'] | timeout=0s | confidence=0.8
2026-06-23 12:57:45 | INFO | my_functions.py:281 | [DEBUG] Click skipped, ninguna de las imágenes se encontró en el intento.
2026-06-23 12:57:51 | INFO | my_functions.py:247 | [DEBUG] Buscando en paralelo: ['end_turn.PNG'] | timeout=0s | confidence=0.8
2026-06-23 12:57:52 | INFO | my_functions.py:281 | [DEBUG] Click skipped, ninguna de las imágenes se encontró en el intento.
2026-06-23 12:58:16 | INFO | my_functions.py:199 | 
✅ Found: end_turn.PNG pos=(681, 945) time=0.67s confidence=0.8
2026-06-23 12:58:16 | INFO | my_functions.py:247 | [DEBUG] Buscando en paralelo: ['snap.PNG'] | timeout=0s | confidence=0.8
2026-06-23 12:58:17 | INFO | my_functions.py:281 | [DEBUG] Click skipped, ninguna de las imágenes se encontró en el intento.
2026-06-23 12:58:23 | INFO | my_functions.py:247 | [DEBUG] Buscando en paralelo: ['end_turn.PNG'] | timeout=0s | confidence=0.8
2026-06-23 12:58:24 | INFO | my_functions.py:134 | Haciendo click en la posición (682, 945)
2026-06-23 12:58:25 | INFO | my_functions.py:269 | 🖱️ Click OK (En paralelo): end_turn.PNG at (682, 945) delay=1s
2026-06-23 12:58:26 | INFO | each_eight_hours.py:165 | End turn executed
2026-06-23 12:58:43 | INFO | my_functions.py:199 | 
✅ Found: end_turn.PNG pos=(681, 945) time=0.67s confidence=0.8
2026-06-23 12:58:43 | INFO | my_functions.py:247 | [DEBUG] Buscando en paralelo: ['snap.PNG'] | timeout=0s | confidence=0.8
2026-06-23 12:58:44 | INFO | my_functions.py:281 | [DEBUG] Click skipped, ninguna de las imágenes se encontró en el intento.
2026-06-23 12:58:50 | INFO | my_functions.py:247 | [DEBUG] Buscando en paralelo: ['end_turn.PNG'] | timeout=0s | confidence=0.8
2026-06-23 12:58:52 | INFO | my_functions.py:134 | Haciendo click en la posición (682, 945)
2026-06-23 12:58:52 | INFO | my_functions.py:269 | 🖱️ Click OK (En paralelo): end_turn.PNG at (682, 945) delay=1s
2026-06-23 12:58:53 | INFO | each_eight_hours.py:165 | End turn executed
2026-06-23 12:59:12 | INFO | my_functions.py:199 | 
✅ Found: collect_rewards.PNG pos=(679, 957) time=0.83s confidence=0.8
2026-06-23 12:59:12 | INFO | each_eight_hours.py:204 | Rewards detected, exiting match
2026-06-23 12:59:12 | INFO | my_functions.py:247 | [DEBUG] Buscando en paralelo: ['collect_rewards.PNG'] | timeout=20s | confidence=0.8
2026-06-23 12:59:14 | INFO | my_functions.py:134 | Haciendo click en la posición (679, 957)
2026-06-23 12:59:14 | INFO | my_functions.py:269 | 🖱️ Click OK (En paralelo): collect_rewards.PNG at (679, 957) delay=1s
2026-06-23 12:59:15 | INFO | my_functions.py:247 | [DEBUG] Buscando en paralelo: ['next.PNG'] | timeout=20s | confidence=0.8
2026-06-23 12:59:22 | INFO | my_functions.py:134 | Haciendo click en la posición (677, 973)
2026-06-23 12:59:22 | INFO | my_functions.py:269 | 🖱️ Click OK (En paralelo): next.PNG at (677, 973) delay=1s
2026-06-23 12:59:25 | INFO | my_functions.py:533 | AVAILABLE: 5
2026-06-23 12:59:25 | INFO | each_eight_hours.py:271 | Submissions after match: 5
2026-06-23 12:59:25 | INFO | my_functions.py:555 | Misiones completadas: 2
2026-06-23 12:59:25 | INFO | each_eight_hours.py:279 | Submission condition met, breaking loop
2026-06-23 12:59:25 | INFO | my_functions.py:247 | [DEBUG] Buscando en paralelo: ['missionsNotify2.png'] | timeout=20s | confidence=0.8
2026-06-23 12:59:29 | INFO | my_functions.py:134 | Haciendo click en la posición (538, 124)
2026-06-23 12:59:29 | INFO | my_functions.py:269 | 🖱️ Click OK (En paralelo): missionsNotify2.png at (538, 124) delay=3s
2026-06-23 12:59:30 | INFO | my_functions.py:1472 | [INFO] Iniciando click_missions_blue2
2026-06-23 12:59:30 | INFO | my_functions.py:134 | Haciendo click en la posición (150, 132)
2026-06-23 12:59:32 | INFO | my_functions.py:1475 | [ACTION] Click hecho en icono de calendario que me dirige a las misiones ordinarias
2026-06-23 12:59:32 | INFO | my_functions.py:169 | Searching bonus_challenge.png (timeout=0s)
2026-06-23 12:59:32 | INFO | my_functions.py:213 | 
⛔ Not found: bonus_challenge.png after 0.0s region=(0, 0, 765, 1038) confidence=0.8
2026-06-23 12:59:34 | INFO | my_functions.py:134 | Haciendo click en la posición (362, 493)
2026-06-23 12:59:35 | INFO | my_functions.py:1488 | [ACTION] Click 1/2 en misión azul
2026-06-23 12:59:36 | INFO | my_functions.py:134 | Haciendo click en la posición (362, 493)
2026-06-23 12:59:37 | INFO | my_functions.py:1488 | [ACTION] Click 2/2 en misión azul
2026-06-23 12:59:38 | INFO | my_functions.py:169 | Searching flechita_mission.PNG (timeout=0s)
2026-06-23 12:59:38 | INFO | my_functions.py:213 | 
⛔ Not found: flechita_mission.PNG after 0.0s region=(0, 0, 765, 1038) confidence=0.8
2026-06-23 12:59:38 | INFO | my_functions.py:247 | [DEBUG] Buscando en paralelo: ['weekly3.PNG'] | timeout=0s | confidence=0.8
2026-06-23 12:59:39 | INFO | my_functions.py:281 | [DEBUG] Click skipped, ninguna de las imágenes se encontró en el intento.
2026-06-23 12:59:40 | INFO | my_functions.py:247 | [DEBUG] Buscando en paralelo: ['weekly3.PNG'] | timeout=0s | confidence=0.8
2026-06-23 12:59:41 | INFO | my_functions.py:281 | [DEBUG] Click skipped, ninguna de las imágenes se encontró en el intento.
2026-06-23 12:59:42 | INFO | my_functions.py:134 | Haciendo click en la posición (557, 64)
2026-06-23 12:59:43 | INFO | my_functions.py:247 | [DEBUG] Buscando en paralelo: ['cards_shop.PNG'] | timeout=20s | confidence=0.8
2026-06-23 12:59:46 | INFO | my_functions.py:134 | Haciendo click en la posición (568, 121)
2026-06-23 12:59:46 | INFO | my_functions.py:269 | 🖱️ Click OK (En paralelo): cards_shop.PNG at (568, 121) delay=1s
2026-06-23 12:59:47 | INFO | my_functions.py:247 | [DEBUG] Buscando en paralelo: ['token_icon.PNG'] | timeout=20s | confidence=0.8
2026-06-23 12:59:50 | INFO | my_functions.py:134 | Haciendo click en la posición (661, 171)
2026-06-23 12:59:51 | INFO | my_functions.py:269 | 🖱️ Click OK (En paralelo): token_icon.PNG at (661, 171) delay=1s
2026-06-23 12:59:54 | INFO | my_functions.py:247 | [DEBUG] Buscando en paralelo: ['claim!_token_3.PNG'] | timeout=4s | confidence=0.8
2026-06-23 12:59:58 | INFO | my_functions.py:281 | [DEBUG] Click skipped, ninguna de las imágenes se encontró en el intento.
2026-06-23 12:59:59 | INFO | my_functions.py:247 | [DEBUG] Buscando en paralelo: ['cards_shop.PNG'] | timeout=20s | confidence=0.8
2026-06-23 13:00:01 | INFO | my_functions.py:134 | Haciendo click en la posición (568, 122)
2026-06-23 13:00:01 | INFO | my_functions.py:269 | 🖱️ Click OK (En paralelo): cards_shop.PNG at (568, 122) delay=1s
2026-06-23 13:00:03 | INFO | my_functions.py:247 | [DEBUG] Buscando en paralelo: ['offers.PNG'] | timeout=20s | confidence=0.8
2026-06-23 13:00:04 | INFO | my_functions.py:134 | Haciendo click en la posición (197, 121)
2026-06-23 13:00:05 | INFO | my_functions.py:269 | 🖱️ Click OK (En paralelo): offers.PNG at (197, 121) delay=1s
2026-06-23 13:00:08 | INFO | my_functions.py:1356 | [INFO] Iniciando mejora de cartas
2026-06-23 13:00:08 | INFO | my_functions.py:247 | [DEBUG] Buscando en paralelo: ['upgrade_cards_icon.PNG'] | timeout=20s | confidence=0.8
2026-06-23 13:00:10 | INFO | my_functions.py:134 | Haciendo click en la posición (322, 170)
2026-06-23 13:00:10 | INFO | my_functions.py:269 | 🖱️ Click OK (En paralelo): upgrade_cards_icon.PNG at (322, 170) delay=1s
2026-06-23 13:00:11 | INFO | my_functions.py:1360 | [INFO] Abriendo icono de upgrade_cards
2026-06-23 13:00:12 | INFO | my_functions.py:1367 | [STEP] Mejorando carta 1
2026-06-23 13:00:12 | INFO | my_functions.py:1371 | [ACTION] Click en carta 1
2026-06-23 13:00:13 | INFO | my_functions.py:1376 | [ACTION] Click en botón upgrade
2026-06-23 13:00:21 | INFO | my_functions.py:169 | Searching aw_snap.png (timeout=3s)
2026-06-23 13:00:24 | INFO | my_functions.py:213 | 
⛔ Not found: aw_snap.png after 3.09s region=(0, 0, 765, 1038) confidence=0.8
2026-06-23 13:00:24 | INFO | my_functions.py:247 | [DEBUG] Buscando en paralelo: ['you_need_more_credits!.png'] | timeout=3s | confidence=0.8
2026-06-23 13:00:27 | INFO | my_functions.py:281 | [DEBUG] Click skipped, ninguna de las imágenes se encontró en el intento.
2026-06-23 13:00:33 | INFO | my_functions.py:1409 | [ACTION] Click para continuar a stage de nivel de coleccion
2026-06-23 13:00:38 | INFO | my_functions.py:142 | Presionando ESC (1/1)
2026-06-23 13:00:39 | INFO | my_functions.py:1417 | [ACTION] Saliendo de stage nivel de coleccion con ESC
2026-06-23 13:00:40 | INFO | my_functions.py:247 | [DEBUG] Buscando en paralelo: ['upgrade_cards_icon_selected.PNG'] | timeout=0s | confidence=0.8
2026-06-23 13:00:42 | INFO | my_functions.py:134 | Haciendo click en la posición (320, 173)
2026-06-23 13:00:42 | INFO | my_functions.py:269 | 🖱️ Click OK (En paralelo): upgrade_cards_icon_selected.PNG at (320, 173) delay=1s
2026-06-23 13:00:43 | INFO | my_functions.py:1429 | [INFO] Reabriendo icono de upgrade_cards
2026-06-23 13:00:44 | INFO | my_functions.py:1367 | [STEP] Mejorando carta 2
2026-06-23 13:00:44 | INFO | my_functions.py:1371 | [ACTION] Click en carta 2
2026-06-23 13:00:46 | INFO | my_functions.py:1376 | [ACTION] Click en botón upgrade
2026-06-23 13:00:53 | INFO | my_functions.py:169 | Searching aw_snap.png (timeout=3s)
2026-06-23 13:00:57 | INFO | my_functions.py:213 | 
⛔ Not found: aw_snap.png after 3.42s region=(0, 0, 765, 1038) confidence=0.8
2026-06-23 13:00:57 | INFO | my_functions.py:247 | [DEBUG] Buscando en paralelo: ['you_need_more_credits!.png'] | timeout=3s | confidence=0.8
2026-06-23 13:00:58 | INFO | my_functions.py:134 | Haciendo click en la posición (381, 345)
2026-06-23 13:00:58 | INFO | my_functions.py:269 | 🖱️ Click OK (En paralelo): you_need_more_credits!.png at (381, 345) delay=1s
2026-06-23 13:00:59 | INFO | my_functions.py:142 | Presionando ESC (1/2)
2026-06-23 13:01:00 | INFO | my_functions.py:142 | Presionando ESC (2/2)
2026-06-23 13:01:03 | INFO | my_functions.py:1435 | [INFO] Mejora de cartas completada ✅
2026-06-23 13:01:03 | INFO | my_functions.py:142 | Presionando ESC (1/1)
2026-06-23 13:01:03 | INFO | my_functions.py:247 | [DEBUG] Buscando en paralelo: ['white_x.png'] | timeout=2s | confidence=0.8
2026-06-23 13:01:06 | INFO | my_functions.py:281 | [DEBUG] Click skipped, ninguna de las imágenes se encontró en el intento.
2026-06-23 13:01:07 | INFO | my_functions.py:247 | [DEBUG] Buscando en paralelo: ['nut.png'] | timeout=20s | confidence=0.8
2026-06-23 13:01:09 | INFO | my_functions.py:134 | Haciendo click en la posición (184, 78)
2026-06-23 13:01:09 | INFO | my_functions.py:269 | 🖱️ Click OK (En paralelo): nut.png at (184, 78) delay=1s
2026-06-23 13:01:10 | INFO | my_functions.py:247 | [DEBUG] Buscando en paralelo: ['graphics_quality.png'] | timeout=3s | confidence=0.8
2026-06-23 13:01:12 | INFO | my_functions.py:134 | Haciendo click en la posición (304, 643)
2026-06-23 13:01:12 | INFO | my_functions.py:269 | 🖱️ Click OK (En paralelo): graphics_quality.png at (304, 643) delay=1s
2026-06-23 13:01:14 | INFO | my_functions.py:247 | [DEBUG] Buscando en paralelo: ['sign_out.png'] | timeout=20s | confidence=0.8
2026-06-23 13:01:16 | INFO | my_functions.py:134 | Haciendo click en la posición (380, 796)
2026-06-23 13:01:16 | INFO | my_functions.py:269 | 🖱️ Click OK (En paralelo): sign_out.png at (380, 796) delay=1s
2026-06-23 13:01:18 | INFO | my_functions.py:247 | [DEBUG] Buscando en paralelo: ['sign_out_grande.png'] | timeout=20s | confidence=0.8
2026-06-23 13:01:20 | INFO | my_functions.py:134 | Haciendo click en la posición (359, 437)
2026-06-23 13:01:20 | INFO | my_functions.py:269 | 🖱️ Click OK (En paralelo): sign_out_grande.png at (359, 437) delay=1s
2026-06-23 13:01:21 | INFO | my_functions.py:247 | [DEBUG] Buscando en paralelo: ['sign_out2.png'] | timeout=20s | confidence=0.8
2026-06-23 13:01:22 | INFO | my_functions.py:134 | Haciendo click en la posición (383, 634)
2026-06-23 13:01:23 | INFO | my_functions.py:269 | 🖱️ Click OK (En paralelo): sign_out2.png at (383, 634) delay=1s
2026-06-23 13:01:24 | INFO | my_functions.py:1547 | ⏱ Esperando 0.1 segundos antes de empezar...
2026-06-23 13:01:24 | INFO | my_functions.py:1554 | 🔍 Esperando ventana que contenga alguna de: SNAP (máx 20s)
2026-06-23 13:01:24 | INFO | my_functions.py:1566 | ✅ Ventana encontrada: 'SNAP'
2026-06-23 13:01:24 | INFO | my_functions.py:1581 | ✅ Ventana seleccionada: 'SNAP'
2026-06-23 13:01:26 | INFO | my_functions.py:1604 | 🔁 Reajuste #1...
2026-06-23 13:01:28 | INFO | my_functions.py:1611 | ✔ Verificación completa. Se hicieron 1 reajustes.
2026-06-23 13:01:32 | INFO | each_eight_hours.py:113 | Processing account: john
2026-06-23 13:01:32 | INFO | my_functions.py:1547 | ⏱ Esperando 0.1 segundos antes de empezar...
2026-06-23 13:01:32 | INFO | my_functions.py:1554 | 🔍 Esperando ventana que contenga alguna de: ['SNAP'] (máx 20s)
2026-06-23 13:01:35 | INFO | my_functions.py:1566 | ✅ Ventana encontrada: 'SNAP'
2026-06-23 13:01:35 | INFO | my_functions.py:1581 | ✅ Ventana seleccionada: 'SNAP'
2026-06-23 13:01:38 | INFO | my_functions.py:1613 | ✔ Verificación completa. No hubo cambios después del primer ajuste.
2026-06-23 13:01:38 | INFO | my_functions.py:1206 | [DEBUG] Resizing SNAP window...
2026-06-23 13:01:38 | INFO | my_functions.py:1547 | ⏱ Esperando 0.1 segundos antes de empezar...
2026-06-23 13:01:38 | INFO | my_functions.py:1554 | 🔍 Esperando ventana que contenga alguna de: ['SNAP'] (máx 20s)
2026-06-23 13:01:38 | INFO | my_functions.py:1566 | ✅ Ventana encontrada: 'SNAP'
2026-06-23 13:01:38 | INFO | my_functions.py:1581 | ✅ Ventana seleccionada: 'SNAP'
2026-06-23 13:01:41 | INFO | my_functions.py:1613 | ✔ Verificación completa. No hubo cambios después del primer ajuste.
2026-06-23 13:01:41 | INFO | my_functions.py:247 | [DEBUG] Buscando en paralelo: ['small_submit.PNG', 'small_submit_hover.png', 'submit_hover_2.png', 'small_submit_hover_2.png'] | timeout=90s | confidence=0.8
2026-06-23 13:01:49 | INFO | my_functions.py:134 | Haciendo click en la posición (380, 642)
2026-06-23 13:01:49 | INFO | my_functions.py:269 | 🖱️ Click OK (En paralelo): small_submit.PNG at (380, 642) delay=0.2s
2026-06-23 13:01:52 | INFO | my_functions.py:247 | [DEBUG] Buscando en paralelo: ['small_submit.PNG', 'small_submit_hover.png', 'submit_hover_2.png', 'small_submit_hover_2.png'] | timeout=20s | confidence=0.8
2026-06-23 13:01:54 | INFO | my_functions.py:134 | Haciendo click en la posición (380, 721)
2026-06-23 13:01:54 | INFO | my_functions.py:269 | 🖱️ Click OK (En paralelo): small_submit.PNG at (380, 721) delay=0.2s
2026-06-23 13:01:55 | INFO | my_functions.py:1547 | ⏱ Esperando 0.1 segundos antes de empezar...
2026-06-23 13:01:55 | INFO | my_functions.py:1554 | 🔍 Esperando ventana que contenga alguna de: ['SNAP'] (máx 20s)
2026-06-23 13:01:55 | INFO | my_functions.py:1566 | ✅ Ventana encontrada: 'SNAP'
2026-06-23 13:01:55 | INFO | my_functions.py:1581 | ✅ Ventana seleccionada: 'SNAP'
2026-06-23 13:01:57 | INFO | my_functions.py:1604 | 🔁 Reajuste #1...
2026-06-23 13:01:58 | INFO | my_functions.py:1611 | ✔ Verificación completa. Se hicieron 1 reajustes.
2026-06-23 13:01:58 | INFO | my_functions.py:169 | Searching please_sign.png (timeout=0s)
2026-06-23 13:01:58 | INFO | my_functions.py:199 | 
✅ Found: please_sign.png pos=(383, 438) time=0.46s confidence=0.8
2026-06-23 13:01:58 | INFO | my_functions.py:247 | [DEBUG] Buscando en paralelo: ['ok_btn.png'] | timeout=20s | confidence=0.8
2026-06-23 13:02:00 | INFO | my_functions.py:134 | Haciendo click en la posición (382, 634)
2026-06-23 13:02:00 | INFO | my_functions.py:269 | 🖱️ Click OK (En paralelo): ok_btn.png at (382, 634) delay=1s
2026-06-23 13:02:02 | INFO | my_functions.py:247 | [DEBUG] Buscando en paralelo: ['small_submit.PNG', 'small_submit_hover.png', 'submit_hover_2.png', 'small_submit_hover_2.png'] | timeout=30s | confidence=0.8
2026-06-23 13:02:05 | INFO | my_functions.py:134 | Haciendo click en la posición (383, 643)
2026-06-23 13:02:05 | INFO | my_functions.py:269 | 🖱️ Click OK (En paralelo): small_submit_hover_2.png at (383, 643) delay=0.2s
2026-06-23 13:02:06 | INFO | my_functions.py:247 | [DEBUG] Buscando en paralelo: ['small_submit.PNG', 'small_submit_hover.png', 'submit_hover_2.png', 'small_submit_hover_2.png'] | timeout=20s | confidence=0.8
2026-06-23 13:02:07 | INFO | my_functions.py:134 | Haciendo click en la posición (380, 721)
2026-06-23 13:02:08 | INFO | my_functions.py:269 | 🖱️ Click OK (En paralelo): small_submit.PNG at (380, 721) delay=0.2s
2026-06-23 13:02:09 | INFO | my_functions.py:247 | [DEBUG] Buscando en paralelo: ['sign_in_with_google2.PNG'] | timeout=20s | confidence=0.8
2026-06-23 13:02:10 | INFO | my_functions.py:134 | Haciendo click en la posición (406, 957)
2026-06-23 13:02:10 | INFO | my_functions.py:269 | 🖱️ Click OK (En paralelo): sign_in_with_google2.PNG at (406, 957) delay=1s
2026-06-23 13:02:11 | INFO | my_functions.py:169 | Searching pagina_cargada.png (timeout=60s)
2026-06-23 13:02:17 | INFO | my_functions.py:199 | 
✅ Found: pagina_cargada.png pos=(70, 24) time=5.83s confidence=0.8
2026-06-23 13:02:17 | INFO | my_functions.py:247 | [DEBUG] Buscando en paralelo: ['john.png'] | timeout=0s | confidence=0.8
2026-06-23 13:02:21 | INFO | my_functions.py:134 | Haciendo click en la posición (1143, 619)
2026-06-23 13:02:21 | INFO | my_functions.py:269 | 🖱️ Click OK (En paralelo): john.png at (1143, 619) delay=3s
2026-06-23 13:02:23 | INFO | my_functions.py:169 | Searching marvelsnap_web.png (timeout=30s)
2026-06-23 13:02:27 | INFO | my_functions.py:199 | 
✅ Found: marvelsnap_web.png pos=(258, 80) time=4.28s confidence=0.7
2026-06-23 13:02:27 | INFO | my_functions.py:169 | Searching shop_unselected.PNG (timeout=0s)
2026-06-23 13:02:28 | INFO | my_functions.py:213 | 
⛔ Not found: shop_unselected.PNG after 0.0s region=(0, 0, 765, 1038) confidence=0.8
2026-06-23 13:02:28 | INFO | my_functions.py:247 | [DEBUG] Buscando en paralelo: ['super_premium.PNG'] | timeout=0s | confidence=0.8
2026-06-23 13:02:28 | INFO | my_functions.py:281 | [DEBUG] Click skipped, ninguna de las imágenes se encontró en el intento.
2026-06-23 13:02:29 | INFO | my_functions.py:247 | [DEBUG] Buscando en paralelo: ['maybe_later.PNG'] | timeout=0s | confidence=0.8
2026-06-23 13:02:30 | INFO | my_functions.py:281 | [DEBUG] Click skipped, ninguna de las imágenes se encontró en el intento.
2026-06-23 13:02:31 | INFO | my_functions.py:247 | [DEBUG] Buscando en paralelo: ['maybe_later2.PNG'] | timeout=0s | confidence=0.8
2026-06-23 13:02:32 | INFO | my_functions.py:281 | [DEBUG] Click skipped, ninguna de las imágenes se encontró en el intento.
2026-06-23 13:02:33 | INFO | my_functions.py:169 | Searching go_to_shop.PNG (timeout=0s)
2026-06-23 13:02:34 | INFO | my_functions.py:213 | 
⛔ Not found: go_to_shop.PNG after 0.0s region=(0, 0, 765, 1038) confidence=0.8
2026-06-23 13:02:34 | INFO | my_functions.py:247 | [DEBUG] Buscando en paralelo: ['14_days_of_winterverse.PNG'] | timeout=0s | confidence=0.8
2026-06-23 13:02:34 | INFO | my_functions.py:281 | [DEBUG] Click skipped, ninguna de las imágenes se encontró en el intento.
2026-06-23 13:02:35 | INFO | my_functions.py:169 | Searching welcome_back_calendar.PNG (timeout=0s)
2026-06-23 13:02:36 | INFO | my_functions.py:213 | 
⛔ Not found: welcome_back_calendar.PNG after 0.0s region=(0, 0, 765, 1038) confidence=0.8
2026-06-23 13:02:36 | INFO | my_functions.py:247 | [DEBUG] Buscando en paralelo: ['start_the_countdown.PNG'] | timeout=0s | confidence=0.8
2026-06-23 13:02:36 | INFO | my_functions.py:281 | [DEBUG] Click skipped, ninguna de las imágenes se encontró en el intento.
2026-06-23 13:02:37 | INFO | my_functions.py:247 | [DEBUG] Buscando en paralelo: ['event_has_ended_sanctum.PNG'] | timeout=0s | confidence=0.8
2026-06-23 13:02:38 | INFO | my_functions.py:281 | [DEBUG] Click skipped, ninguna de las imágenes se encontró en el intento.
2026-06-23 13:02:39 | INFO | my_functions.py:247 | [DEBUG] Buscando en paralelo: ['event_has_ended_teamclash.PNG'] | timeout=0s | confidence=0.8
2026-06-23 13:02:40 | INFO | my_functions.py:281 | [DEBUG] Click skipped, ninguna de las imágenes se encontró en el intento.
2026-06-23 13:02:41 | INFO | my_functions.py:247 | [DEBUG] Buscando en paralelo: ['image_part_of_event_grand_arena_finished.PNG'] | timeout=0s | confidence=0.8
2026-06-23 13:02:41 | INFO | my_functions.py:281 | [DEBUG] Click skipped, ninguna de las imágenes se encontró en el intento.
2026-06-23 13:02:42 | INFO | my_functions.py:169 | Searching 28_day_event_login_rewards.PNG (timeout=0s)
2026-06-23 13:02:43 | INFO | my_functions.py:213 | 
⛔ Not found: 28_day_event_login_rewards.PNG after 0.0s region=(0, 0, 765, 1038) confidence=0.8
2026-06-23 13:02:43 | INFO | my_functions.py:169 | Searching 7_day_event_login.PNG (timeout=0s)
2026-06-23 13:02:43 | INFO | my_functions.py:213 | 
⛔ Not found: 7_day_event_login.PNG after 0.0s region=(0, 0, 765, 1038) confidence=0.8
2026-06-23 13:02:43 | INFO | my_functions.py:169 | Searching 14_days_event.PNG (timeout=0s)
2026-06-23 13:02:44 | INFO | my_functions.py:213 | 
⛔ Not found: 14_days_event.PNG after 0.0s region=(0, 0, 765, 1038) confidence=0.8
2026-06-23 13:02:44 | INFO | my_functions.py:247 | [DEBUG] Buscando en paralelo: ['lets_go.PNG'] | timeout=0s | confidence=0.8
2026-06-23 13:02:44 | INFO | my_functions.py:281 | [DEBUG] Click skipped, ninguna de las imágenes se encontró en el intento.
2026-06-23 13:02:46 | INFO | my_functions.py:169 | Searching shop_unselected.PNG (timeout=0s)
2026-06-23 13:02:47 | INFO | my_functions.py:199 | 
✅ Found: shop_unselected.PNG pos=(88, 961) time=0.72s confidence=0.8
2026-06-23 13:02:55 | INFO | my_functions.py:169 | Searching shop_unselected.PNG (timeout=0s)
2026-06-23 13:02:56 | INFO | my_functions.py:199 | 
✅ Found: shop_unselected.PNG pos=(88, 961) time=0.71s confidence=0.8
2026-06-23 13:02:56 | INFO | my_functions.py:714 | Ya esta listo
2026-06-23 13:03:00 | INFO | my_functions.py:533 | AVAILABLE: 6
2026-06-23 13:03:00 | INFO | my_functions.py:555 | Misiones completadas: 0
2026-06-23 13:03:00 | INFO | my_functions.py:169 | Searching play.PNG (timeout=0s)
2026-06-23 13:03:01 | INFO | my_functions.py:199 | 
✅ Found: play.PNG pos=(384, 824) time=0.64s confidence=0.8
2026-06-23 13:03:01 | INFO | my_functions.py:1442 | [INFO] Click realizado donde se equipa el deck a jugar
2026-06-23 13:03:05 | INFO | my_functions.py:247 | [DEBUG] Buscando en paralelo: ['deck_666666.png'] | timeout=3s | confidence=0.8
2026-06-23 13:03:07 | INFO | my_functions.py:134 | Haciendo click en la posición (384, 546)
2026-06-23 13:03:07 | INFO | my_functions.py:269 | 🖱️ Click OK (En paralelo): deck_666666.png at (384, 546) delay=1s
2026-06-23 13:03:08 | INFO | my_functions.py:247 | [DEBUG] Buscando en paralelo: ['equip.png'] | timeout=3s | confidence=0.95
2026-06-23 13:03:10 | INFO | my_functions.py:134 | Haciendo click en la posición (548, 983)
2026-06-23 13:03:10 | INFO | my_functions.py:269 | 🖱️ Click OK (En paralelo): equip.png at (548, 983) delay=1s
2026-06-23 13:03:11 | INFO | each_eight_hours.py:134 | Deck selected: 6turns
2026-06-23 13:03:11 | INFO | my_functions.py:247 | [DEBUG] Buscando en paralelo: ['maybe_later.PNG'] | timeout=2s | confidence=0.8
2026-06-23 13:03:13 | INFO | my_functions.py:281 | [DEBUG] Click skipped, ninguna de las imágenes se encontró en el intento.
2026-06-23 13:03:14 | INFO | my_functions.py:247 | [DEBUG] Buscando en paralelo: ['maybe_later2.PNG'] | timeout=0.01s | confidence=0.8
2026-06-23 13:03:15 | INFO | my_functions.py:281 | [DEBUG] Click skipped, ninguna de las imágenes se encontró en el intento.
2026-06-23 13:03:16 | INFO | each_eight_hours.py:148 | Starting game loop 1
2026-06-23 13:03:16 | INFO | my_functions.py:247 | [DEBUG] Buscando en paralelo: ['play.PNG'] | timeout=20s | confidence=0.8
2026-06-23 13:03:20 | INFO | my_functions.py:134 | Haciendo click en la posición (384, 824)
2026-06-23 13:03:20 | INFO | my_functions.py:269 | 🖱️ Click OK (En paralelo): play.PNG at (384, 824) delay=3s
2026-06-23 13:03:36 | INFO | my_functions.py:199 | 
✅ Found: end_turn.PNG pos=(682, 945) time=0.63s confidence=0.8
2026-06-23 13:03:36 | INFO | my_functions.py:247 | [DEBUG] Buscando en paralelo: ['snap.PNG'] | timeout=0s | confidence=0.8
2026-06-23 13:03:37 | INFO | my_functions.py:134 | Haciendo click en la posición (386, 122)
2026-06-23 13:03:38 | INFO | my_functions.py:269 | 🖱️ Click OK (En paralelo): snap.PNG at (386, 122) delay=1s
2026-06-23 13:03:44 | INFO | my_functions.py:247 | [DEBUG] Buscando en paralelo: ['end_turn.PNG'] | timeout=0s | confidence=0.8
2026-06-23 13:03:44 | INFO | my_functions.py:281 | [DEBUG] Click skipped, ninguna de las imágenes se encontró en el intento.
2026-06-23 13:03:49 | INFO | my_functions.py:199 | 
✅ Found: end_turn.PNG pos=(682, 946) time=0.64s confidence=0.8
2026-06-23 13:03:49 | INFO | my_functions.py:247 | [DEBUG] Buscando en paralelo: ['snap.PNG'] | timeout=0s | confidence=0.8
2026-06-23 13:03:50 | INFO | my_functions.py:134 | Haciendo click en la posición (386, 123)
2026-06-23 13:03:51 | INFO | my_functions.py:269 | 🖱️ Click OK (En paralelo): snap.PNG at (386, 123) delay=1s
2026-06-23 13:03:57 | INFO | my_functions.py:247 | [DEBUG] Buscando en paralelo: ['end_turn.PNG'] | timeout=0s | confidence=0.8
2026-06-23 13:03:58 | INFO | my_functions.py:134 | Haciendo click en la posición (682, 945)
2026-06-23 13:03:59 | INFO | my_functions.py:269 | 🖱️ Click OK (En paralelo): end_turn.PNG at (682, 945) delay=1s
2026-06-23 13:04:00 | INFO | each_eight_hours.py:165 | End turn executed
2026-06-23 13:04:09 | INFO | my_functions.py:199 | 
✅ Found: end_turn.PNG pos=(681, 945) time=0.64s confidence=0.8
2026-06-23 13:04:09 | INFO | my_functions.py:247 | [DEBUG] Buscando en paralelo: ['snap.PNG'] | timeout=0s | confidence=0.8
2026-06-23 13:04:10 | INFO | my_functions.py:281 | [DEBUG] Click skipped, ninguna de las imágenes se encontró en el intento.
2026-06-23 13:04:16 | INFO | my_functions.py:247 | [DEBUG] Buscando en paralelo: ['end_turn.PNG'] | timeout=0s | confidence=0.8
2026-06-23 13:04:18 | INFO | my_functions.py:134 | Haciendo click en la posición (682, 946)
2026-06-23 13:04:18 | INFO | my_functions.py:269 | 🖱️ Click OK (En paralelo): end_turn.PNG at (682, 946) delay=1s
2026-06-23 13:04:19 | INFO | each_eight_hours.py:165 | End turn executed
2026-06-23 13:04:25 | INFO | my_functions.py:199 | 
✅ Found: end_turn.PNG pos=(681, 945) time=0.65s confidence=0.8
2026-06-23 13:04:25 | INFO | my_functions.py:247 | [DEBUG] Buscando en paralelo: ['snap.PNG'] | timeout=0s | confidence=0.8
2026-06-23 13:04:26 | INFO | my_functions.py:281 | [DEBUG] Click skipped, ninguna de las imágenes se encontró en el intento.
2026-06-23 13:04:32 | INFO | my_functions.py:247 | [DEBUG] Buscando en paralelo: ['end_turn.PNG'] | timeout=0s | confidence=0.8
2026-06-23 13:04:34 | INFO | my_functions.py:134 | Haciendo click en la posición (682, 945)
2026-06-23 13:04:34 | INFO | my_functions.py:269 | 🖱️ Click OK (En paralelo): end_turn.PNG at (682, 945) delay=1s
2026-06-23 13:04:35 | INFO | each_eight_hours.py:165 | End turn executed
2026-06-23 13:04:48 | INFO | my_functions.py:199 | 
✅ Found: end_turn.PNG pos=(681, 945) time=0.65s confidence=0.8
2026-06-23 13:04:48 | INFO | my_functions.py:247 | [DEBUG] Buscando en paralelo: ['snap.PNG'] | timeout=0s | confidence=0.8
2026-06-23 13:04:49 | INFO | my_functions.py:281 | [DEBUG] Click skipped, ninguna de las imágenes se encontró en el intento.
2026-06-23 13:04:55 | INFO | my_functions.py:247 | [DEBUG] Buscando en paralelo: ['end_turn.PNG'] | timeout=0s | confidence=0.8
2026-06-23 13:04:57 | INFO | my_functions.py:134 | Haciendo click en la posición (682, 945)
2026-06-23 13:04:57 | INFO | my_functions.py:269 | 🖱️ Click OK (En paralelo): end_turn.PNG at (682, 945) delay=1s
2026-06-23 13:04:58 | INFO | each_eight_hours.py:165 | End turn executed
2026-06-23 13:05:14 | INFO | my_functions.py:199 | 
✅ Found: end_turn.PNG pos=(681, 945) time=0.66s confidence=0.8
2026-06-23 13:05:14 | INFO | my_functions.py:247 | [DEBUG] Buscando en paralelo: ['snap.PNG'] | timeout=0s | confidence=0.8
2026-06-23 13:05:15 | INFO | my_functions.py:281 | [DEBUG] Click skipped, ninguna de las imágenes se encontró en el intento.
2026-06-23 13:05:21 | INFO | my_functions.py:247 | [DEBUG] Buscando en paralelo: ['end_turn.PNG'] | timeout=0s | confidence=0.8
2026-06-23 13:05:23 | INFO | my_functions.py:134 | Haciendo click en la posición (682, 945)
2026-06-23 13:05:23 | INFO | my_functions.py:269 | 🖱️ Click OK (En paralelo): end_turn.PNG at (682, 945) delay=1s
2026-06-23 13:05:24 | INFO | each_eight_hours.py:165 | End turn executed
2026-06-23 13:05:34 | INFO | my_functions.py:199 | 
✅ Found: end_turn.PNG pos=(681, 945) time=0.67s confidence=0.8
2026-06-23 13:05:34 | INFO | my_functions.py:247 | [DEBUG] Buscando en paralelo: ['snap.PNG'] | timeout=0s | confidence=0.8
2026-06-23 13:05:35 | INFO | my_functions.py:281 | [DEBUG] Click skipped, ninguna de las imágenes se encontró en el intento.
2026-06-23 13:05:41 | INFO | my_functions.py:247 | [DEBUG] Buscando en paralelo: ['end_turn.PNG'] | timeout=0s | confidence=0.8
2026-06-23 13:05:43 | INFO | my_functions.py:134 | Haciendo click en la posición (682, 945)
2026-06-23 13:05:43 | INFO | my_functions.py:269 | 🖱️ Click OK (En paralelo): end_turn.PNG at (682, 945) delay=1s
2026-06-23 13:05:44 | INFO | each_eight_hours.py:165 | End turn executed
2026-06-23 13:06:06 | INFO | my_functions.py:199 | 
✅ Found: collect_rewards.PNG pos=(679, 957) time=0.78s confidence=0.8
2026-06-23 13:06:06 | INFO | each_eight_hours.py:204 | Rewards detected, exiting match
2026-06-23 13:06:06 | INFO | my_functions.py:247 | [DEBUG] Buscando en paralelo: ['collect_rewards.PNG'] | timeout=20s | confidence=0.8
2026-06-23 13:06:08 | INFO | my_functions.py:134 | Haciendo click en la posición (679, 957)
2026-06-23 13:06:08 | INFO | my_functions.py:269 | 🖱️ Click OK (En paralelo): collect_rewards.PNG at (679, 957) delay=1s
2026-06-23 13:06:09 | INFO | my_functions.py:247 | [DEBUG] Buscando en paralelo: ['next.PNG'] | timeout=20s | confidence=0.8
2026-06-23 13:06:14 | INFO | my_functions.py:134 | Haciendo click en la posición (677, 973)
2026-06-23 13:06:14 | INFO | my_functions.py:269 | 🖱️ Click OK (En paralelo): next.PNG at (677, 973) delay=1s
2026-06-23 13:06:18 | INFO | my_functions.py:533 | AVAILABLE: 6
2026-06-23 13:06:18 | INFO | each_eight_hours.py:271 | Submissions after match: 6
2026-06-23 13:06:18 | INFO | my_functions.py:555 | Misiones completadas: 0
2026-06-23 13:06:18 | INFO | each_eight_hours.py:148 | Starting game loop 2
2026-06-23 13:06:18 | INFO | my_functions.py:247 | [DEBUG] Buscando en paralelo: ['play.PNG'] | timeout=20s | confidence=0.8
2026-06-23 13:06:21 | INFO | my_functions.py:134 | Haciendo click en la posición (384, 824)
2026-06-23 13:06:21 | INFO | my_functions.py:269 | 🖱️ Click OK (En paralelo): play.PNG at (384, 824) delay=3s
2026-06-23 13:06:40 | INFO | my_functions.py:199 | 
✅ Found: end_turn.PNG pos=(682, 945) time=0.65s confidence=0.8
2026-06-23 13:06:40 | INFO | my_functions.py:247 | [DEBUG] Buscando en paralelo: ['snap.PNG'] | timeout=0s | confidence=0.8
2026-06-23 13:06:42 | INFO | my_functions.py:134 | Haciendo click en la posición (386, 123)
2026-06-23 13:06:42 | INFO | my_functions.py:269 | 🖱️ Click OK (En paralelo): snap.PNG at (386, 123) delay=1s
2026-06-23 13:06:49 | INFO | my_functions.py:247 | [DEBUG] Buscando en paralelo: ['end_turn.PNG'] | timeout=0s | confidence=0.8
2026-06-23 13:06:50 | INFO | my_functions.py:134 | Haciendo click en la posición (682, 946)
2026-06-23 13:06:50 | INFO | my_functions.py:269 | 🖱️ Click OK (En paralelo): end_turn.PNG at (682, 946) delay=1s
2026-06-23 13:06:51 | INFO | each_eight_hours.py:165 | End turn executed
2026-06-23 13:07:01 | INFO | my_functions.py:199 | 
✅ Found: end_turn.PNG pos=(681, 945) time=0.65s confidence=0.8
2026-06-23 13:07:01 | INFO | my_functions.py:247 | [DEBUG] Buscando en paralelo: ['snap.PNG'] | timeout=0s | confidence=0.8
2026-06-23 13:07:02 | INFO | my_functions.py:281 | [DEBUG] Click skipped, ninguna de las imágenes se encontró en el intento.
2026-06-23 13:07:08 | INFO | my_functions.py:247 | [DEBUG] Buscando en paralelo: ['end_turn.PNG'] | timeout=0s | confidence=0.8
2026-06-23 13:07:09 | INFO | my_functions.py:134 | Haciendo click en la posición (682, 945)
2026-06-23 13:07:10 | INFO | my_functions.py:269 | 🖱️ Click OK (En paralelo): end_turn.PNG at (682, 945) delay=1s
2026-06-23 13:07:11 | INFO | each_eight_hours.py:165 | End turn executed
2026-06-23 13:07:24 | INFO | my_functions.py:199 | 
✅ Found: end_turn.PNG pos=(681, 945) time=0.63s confidence=0.8
2026-06-23 13:07:24 | INFO | my_functions.py:247 | [DEBUG] Buscando en paralelo: ['snap.PNG'] | timeout=0s | confidence=0.8
2026-06-23 13:07:24 | INFO | my_functions.py:281 | [DEBUG] Click skipped, ninguna de las imágenes se encontró en el intento.
2026-06-23 13:07:31 | INFO | my_functions.py:247 | [DEBUG] Buscando en paralelo: ['end_turn.PNG'] | timeout=0s | confidence=0.8
2026-06-23 13:07:32 | INFO | my_functions.py:134 | Haciendo click en la posición (682, 945)
2026-06-23 13:07:32 | INFO | my_functions.py:269 | 🖱️ Click OK (En paralelo): end_turn.PNG at (682, 945) delay=1s
2026-06-23 13:07:34 | INFO | each_eight_hours.py:165 | End turn executed
2026-06-23 13:07:49 | INFO | my_functions.py:199 | 
✅ Found: end_turn.PNG pos=(681, 945) time=0.66s confidence=0.8
2026-06-23 13:07:49 | INFO | my_functions.py:247 | [DEBUG] Buscando en paralelo: ['snap.PNG'] | timeout=0s | confidence=0.8
2026-06-23 13:07:50 | INFO | my_functions.py:281 | [DEBUG] Click skipped, ninguna de las imágenes se encontró en el intento.
2026-06-23 13:07:57 | INFO | my_functions.py:247 | [DEBUG] Buscando en paralelo: ['end_turn.PNG'] | timeout=0s | confidence=0.8
2026-06-23 13:07:58 | INFO | my_functions.py:134 | Haciendo click en la posición (682, 945)
2026-06-23 13:07:58 | INFO | my_functions.py:269 | 🖱️ Click OK (En paralelo): end_turn.PNG at (682, 945) delay=1s
2026-06-23 13:08:00 | INFO | each_eight_hours.py:165 | End turn executed
2026-06-23 13:08:16 | INFO | my_functions.py:199 | 
✅ Found: end_turn.PNG pos=(681, 945) time=0.67s confidence=0.8
2026-06-23 13:08:16 | INFO | my_functions.py:247 | [DEBUG] Buscando en paralelo: ['snap.PNG'] | timeout=0s | confidence=0.8
2026-06-23 13:08:17 | INFO | my_functions.py:281 | [DEBUG] Click skipped, ninguna de las imágenes se encontró en el intento.
2026-06-23 13:08:23 | INFO | my_functions.py:247 | [DEBUG] Buscando en paralelo: ['end_turn.PNG'] | timeout=0s | confidence=0.8
2026-06-23 13:08:24 | INFO | my_functions.py:134 | Haciendo click en la posición (682, 945)
2026-06-23 13:08:25 | INFO | my_functions.py:269 | 🖱️ Click OK (En paralelo): end_turn.PNG at (682, 945) delay=1s
2026-06-23 13:08:26 | INFO | each_eight_hours.py:165 | End turn executed
2026-06-23 13:08:42 | INFO | my_functions.py:199 | 
✅ Found: end_turn.PNG pos=(681, 945) time=0.66s confidence=0.8
2026-06-23 13:08:42 | INFO | my_functions.py:247 | [DEBUG] Buscando en paralelo: ['snap.PNG'] | timeout=0s | confidence=0.8
2026-06-23 13:08:43 | INFO | my_functions.py:281 | [DEBUG] Click skipped, ninguna de las imágenes se encontró en el intento.
2026-06-23 13:08:49 | INFO | my_functions.py:247 | [DEBUG] Buscando en paralelo: ['end_turn.PNG'] | timeout=0s | confidence=0.8
2026-06-23 13:08:50 | INFO | my_functions.py:134 | Haciendo click en la posición (681, 945)
2026-06-23 13:08:51 | INFO | my_functions.py:269 | 🖱️ Click OK (En paralelo): end_turn.PNG at (681, 945) delay=1s
2026-06-23 13:08:52 | INFO | each_eight_hours.py:165 | End turn executed
2026-06-23 13:09:11 | INFO | my_functions.py:199 | 
✅ Found: end_turn.PNG pos=(681, 945) time=0.65s confidence=0.8
2026-06-23 13:09:11 | INFO | my_functions.py:247 | [DEBUG] Buscando en paralelo: ['snap.PNG'] | timeout=0s | confidence=0.8
2026-06-23 13:09:12 | INFO | my_functions.py:281 | [DEBUG] Click skipped, ninguna de las imágenes se encontró en el intento.
2026-06-23 13:09:18 | INFO | my_functions.py:247 | [DEBUG] Buscando en paralelo: ['end_turn.PNG'] | timeout=0s | confidence=0.8
2026-06-23 13:09:20 | INFO | my_functions.py:134 | Haciendo click en la posición (682, 945)
2026-06-23 13:09:20 | INFO | my_functions.py:269 | 🖱️ Click OK (En paralelo): end_turn.PNG at (682, 945) delay=1s
2026-06-23 13:09:21 | INFO | each_eight_hours.py:165 | End turn executed
2026-06-23 13:09:50 | INFO | my_functions.py:199 | 
✅ Found: collect_rewards.PNG pos=(679, 958) time=0.8s confidence=0.8
2026-06-23 13:09:50 | INFO | each_eight_hours.py:204 | Rewards detected, exiting match
2026-06-23 13:09:50 | INFO | my_functions.py:247 | [DEBUG] Buscando en paralelo: ['collect_rewards.PNG'] | timeout=20s | confidence=0.8
2026-06-23 13:09:52 | INFO | my_functions.py:134 | Haciendo click en la posición (679, 957)
2026-06-23 13:09:52 | INFO | my_functions.py:269 | 🖱️ Click OK (En paralelo): collect_rewards.PNG at (679, 957) delay=1s
2026-06-23 13:09:54 | INFO | my_functions.py:247 | [DEBUG] Buscando en paralelo: ['next.PNG'] | timeout=20s | confidence=0.8
2026-06-23 13:10:00 | INFO | my_functions.py:134 | Haciendo click en la posición (677, 973)
2026-06-23 13:10:00 | INFO | my_functions.py:269 | 🖱️ Click OK (En paralelo): next.PNG at (677, 973) delay=1s
2026-06-23 13:10:03 | INFO | my_functions.py:533 | AVAILABLE: 6
2026-06-23 13:10:03 | INFO | each_eight_hours.py:271 | Submissions after match: 6
2026-06-23 13:10:03 | INFO | my_functions.py:555 | Misiones completadas: 1
2026-06-23 13:10:03 | INFO | each_eight_hours.py:148 | Starting game loop 3
2026-06-23 13:10:03 | INFO | my_functions.py:247 | [DEBUG] Buscando en paralelo: ['play.PNG'] | timeout=20s | confidence=0.8
2026-06-23 13:10:07 | INFO | my_functions.py:134 | Haciendo click en la posición (384, 824)
2026-06-23 13:10:07 | INFO | my_functions.py:269 | 🖱️ Click OK (En paralelo): play.PNG at (384, 824) delay=3s
2026-06-23 13:10:32 | INFO | my_functions.py:199 | 
✅ Found: end_turn.PNG pos=(681, 945) time=0.63s confidence=0.8
2026-06-23 13:10:32 | INFO | my_functions.py:247 | [DEBUG] Buscando en paralelo: ['snap.PNG'] | timeout=0s | confidence=0.8
2026-06-23 13:10:34 | INFO | my_functions.py:134 | Haciendo click en la posición (386, 123)
2026-06-23 13:10:34 | INFO | my_functions.py:269 | 🖱️ Click OK (En paralelo): snap.PNG at (386, 123) delay=1s
2026-06-23 13:10:40 | INFO | my_functions.py:247 | [DEBUG] Buscando en paralelo: ['end_turn.PNG'] | timeout=0s | confidence=0.8
2026-06-23 13:10:42 | INFO | my_functions.py:134 | Haciendo click en la posición (682, 946)
2026-06-23 13:10:42 | INFO | my_functions.py:269 | 🖱️ Click OK (En paralelo): end_turn.PNG at (682, 946) delay=1s
2026-06-23 13:10:43 | INFO | each_eight_hours.py:165 | End turn executed
2026-06-23 13:11:02 | INFO | my_functions.py:199 | 
✅ Found: end_turn.PNG pos=(681, 945) time=0.67s confidence=0.8
2026-06-23 13:11:02 | INFO | my_functions.py:247 | [DEBUG] Buscando en paralelo: ['snap.PNG'] | timeout=0s | confidence=0.8
2026-06-23 13:11:03 | INFO | my_functions.py:281 | [DEBUG] Click skipped, ninguna de las imágenes se encontró en el intento.
2026-06-23 13:11:09 | INFO | my_functions.py:247 | [DEBUG] Buscando en paralelo: ['end_turn.PNG'] | timeout=0s | confidence=0.8
2026-06-23 13:11:11 | INFO | my_functions.py:134 | Haciendo click en la posición (682, 945)
2026-06-23 13:11:11 | INFO | my_functions.py:269 | 🖱️ Click OK (En paralelo): end_turn.PNG at (682, 945) delay=1s
2026-06-23 13:11:12 | INFO | each_eight_hours.py:165 | End turn executed
2026-06-23 13:11:25 | INFO | my_functions.py:199 | 
✅ Found: end_turn.PNG pos=(681, 945) time=0.65s confidence=0.8
2026-06-23 13:11:25 | INFO | my_functions.py:247 | [DEBUG] Buscando en paralelo: ['snap.PNG'] | timeout=0s | confidence=0.8
2026-06-23 13:11:26 | INFO | my_functions.py:281 | [DEBUG] Click skipped, ninguna de las imágenes se encontró en el intento.
2026-06-23 13:11:32 | INFO | my_functions.py:247 | [DEBUG] Buscando en paralelo: ['end_turn.PNG'] | timeout=0s | confidence=0.8
2026-06-23 13:11:34 | INFO | my_functions.py:134 | Haciendo click en la posición (682, 945)
2026-06-23 13:11:34 | INFO | my_functions.py:269 | 🖱️ Click OK (En paralelo): end_turn.PNG at (682, 945) delay=1s
2026-06-23 13:11:35 | INFO | each_eight_hours.py:165 | End turn executed
2026-06-23 13:11:45 | INFO | my_functions.py:199 | 
✅ Found: end_turn.PNG pos=(681, 945) time=0.68s confidence=0.8
2026-06-23 13:11:45 | INFO | my_functions.py:247 | [DEBUG] Buscando en paralelo: ['snap.PNG'] | timeout=0s | confidence=0.8
2026-06-23 13:11:46 | INFO | my_functions.py:281 | [DEBUG] Click skipped, ninguna de las imágenes se encontró en el intento.
2026-06-23 13:11:52 | INFO | my_functions.py:247 | [DEBUG] Buscando en paralelo: ['end_turn.PNG'] | timeout=0s | confidence=0.8
2026-06-23 13:11:53 | INFO | my_functions.py:134 | Haciendo click en la posición (682, 945)
2026-06-23 13:11:54 | INFO | my_functions.py:269 | 🖱️ Click OK (En paralelo): end_turn.PNG at (682, 945) delay=1s
2026-06-23 13:11:55 | INFO | each_eight_hours.py:165 | End turn executed
2026-06-23 13:12:08 | INFO | my_functions.py:199 | 
✅ Found: end_turn.PNG pos=(681, 945) time=0.65s confidence=0.8
2026-06-23 13:12:08 | INFO | my_functions.py:247 | [DEBUG] Buscando en paralelo: ['snap.PNG'] | timeout=0s | confidence=0.8
2026-06-23 13:12:08 | INFO | my_functions.py:281 | [DEBUG] Click skipped, ninguna de las imágenes se encontró en el intento.
2026-06-23 13:12:14 | INFO | my_functions.py:247 | [DEBUG] Buscando en paralelo: ['end_turn.PNG'] | timeout=0s | confidence=0.8
2026-06-23 13:12:16 | INFO | my_functions.py:134 | Haciendo click en la posición (682, 945)
2026-06-23 13:12:16 | INFO | my_functions.py:269 | 🖱️ Click OK (En paralelo): end_turn.PNG at (682, 945) delay=1s
2026-06-23 13:12:17 | INFO | each_eight_hours.py:165 | End turn executed
2026-06-23 13:12:30 | INFO | my_functions.py:199 | 
✅ Found: end_turn.PNG pos=(681, 945) time=0.68s confidence=0.8
2026-06-23 13:12:30 | INFO | my_functions.py:247 | [DEBUG] Buscando en paralelo: ['snap.PNG'] | timeout=0s | confidence=0.8
2026-06-23 13:12:31 | INFO | my_functions.py:281 | [DEBUG] Click skipped, ninguna de las imágenes se encontró en el intento.
2026-06-23 13:12:37 | INFO | my_functions.py:247 | [DEBUG] Buscando en paralelo: ['end_turn.PNG'] | timeout=0s | confidence=0.8
2026-06-23 13:12:39 | INFO | my_functions.py:134 | Haciendo click en la posición (682, 945)
2026-06-23 13:12:39 | INFO | my_functions.py:269 | 🖱️ Click OK (En paralelo): end_turn.PNG at (682, 945) delay=1s
2026-06-23 13:12:40 | INFO | each_eight_hours.py:165 | End turn executed
2026-06-23 13:13:15 | INFO | my_functions.py:199 | 
✅ Found: end_turn.PNG pos=(681, 945) time=0.65s confidence=0.8
2026-06-23 13:13:15 | INFO | my_functions.py:247 | [DEBUG] Buscando en paralelo: ['snap.PNG'] | timeout=0s | confidence=0.8
2026-06-23 13:13:16 | INFO | my_functions.py:281 | [DEBUG] Click skipped, ninguna de las imágenes se encontró en el intento.
2026-06-23 13:13:23 | INFO | my_functions.py:247 | [DEBUG] Buscando en paralelo: ['end_turn.PNG'] | timeout=0s | confidence=0.8
2026-06-23 13:13:24 | INFO | my_functions.py:134 | Haciendo click en la posición (682, 945)
2026-06-23 13:13:24 | INFO | my_functions.py:269 | 🖱️ Click OK (En paralelo): end_turn.PNG at (682, 945) delay=1s
2026-06-23 13:13:25 | INFO | each_eight_hours.py:165 | End turn executed
2026-06-23 13:13:57 | INFO | my_functions.py:199 | 
✅ Found: collect_rewards.PNG pos=(679, 957) time=0.76s confidence=0.8
2026-06-23 13:13:57 | INFO | each_eight_hours.py:204 | Rewards detected, exiting match
2026-06-23 13:13:57 | INFO | my_functions.py:247 | [DEBUG] Buscando en paralelo: ['collect_rewards.PNG'] | timeout=20s | confidence=0.8
2026-06-23 13:13:59 | INFO | my_functions.py:134 | Haciendo click en la posición (679, 957)
2026-06-23 13:13:59 | INFO | my_functions.py:269 | 🖱️ Click OK (En paralelo): collect_rewards.PNG at (679, 957) delay=1s
2026-06-23 13:14:01 | INFO | my_functions.py:247 | [DEBUG] Buscando en paralelo: ['next.PNG'] | timeout=20s | confidence=0.8
2026-06-23 13:14:06 | INFO | my_functions.py:134 | Haciendo click en la posición (677, 973)
2026-06-23 13:14:06 | INFO | my_functions.py:269 | 🖱️ Click OK (En paralelo): next.PNG at (677, 973) delay=1s
2026-06-23 13:14:09 | INFO | my_functions.py:533 | AVAILABLE: 6
2026-06-23 13:14:09 | INFO | each_eight_hours.py:271 | Submissions after match: 6
2026-06-23 13:14:09 | INFO | my_functions.py:555 | Misiones completadas: 1
2026-06-23 13:14:09 | INFO | each_eight_hours.py:148 | Starting game loop 4
2026-06-23 13:14:09 | INFO | my_functions.py:247 | [DEBUG] Buscando en paralelo: ['play.PNG'] | timeout=20s | confidence=0.8
2026-06-23 13:14:13 | INFO | my_functions.py:134 | Haciendo click en la posición (384, 824)
2026-06-23 13:14:13 | INFO | my_functions.py:269 | 🖱️ Click OK (En paralelo): play.PNG at (384, 824) delay=3s
2026-06-23 13:14:35 | INFO | my_functions.py:199 | 
✅ Found: end_turn.PNG pos=(681, 945) time=0.65s confidence=0.8
2026-06-23 13:14:35 | INFO | my_functions.py:247 | [DEBUG] Buscando en paralelo: ['snap.PNG'] | timeout=0s | confidence=0.8
2026-06-23 13:14:37 | INFO | my_functions.py:134 | Haciendo click en la posición (386, 122)
2026-06-23 13:14:37 | INFO | my_functions.py:269 | 🖱️ Click OK (En paralelo): snap.PNG at (386, 122) delay=1s
2026-06-23 13:14:43 | INFO | my_functions.py:247 | [DEBUG] Buscando en paralelo: ['end_turn.PNG'] | timeout=0s | confidence=0.8
2026-06-23 13:14:45 | INFO | my_functions.py:134 | Haciendo click en la posición (682, 946)
2026-06-23 13:14:45 | INFO | my_functions.py:269 | 🖱️ Click OK (En paralelo): end_turn.PNG at (682, 946) delay=1s
2026-06-23 13:14:46 | INFO | each_eight_hours.py:165 | End turn executed
2026-06-23 13:15:02 | INFO | my_functions.py:199 | 
✅ Found: end_turn.PNG pos=(681, 945) time=0.64s confidence=0.8
2026-06-23 13:15:02 | INFO | my_functions.py:247 | [DEBUG] Buscando en paralelo: ['snap.PNG'] | timeout=0s | confidence=0.8
2026-06-23 13:15:02 | INFO | my_functions.py:281 | [DEBUG] Click skipped, ninguna de las imágenes se encontró en el intento.
2026-06-23 13:15:08 | INFO | my_functions.py:247 | [DEBUG] Buscando en paralelo: ['end_turn.PNG'] | timeout=0s | confidence=0.8
2026-06-23 13:15:10 | INFO | my_functions.py:134 | Haciendo click en la posición (682, 946)
2026-06-23 13:15:10 | INFO | my_functions.py:269 | 🖱️ Click OK (En paralelo): end_turn.PNG at (682, 946) delay=1s
2026-06-23 13:15:11 | INFO | each_eight_hours.py:165 | End turn executed
2026-06-23 13:15:21 | INFO | my_functions.py:199 | 
✅ Found: end_turn.PNG pos=(681, 945) time=0.64s confidence=0.8
2026-06-23 13:15:21 | INFO | my_functions.py:247 | [DEBUG] Buscando en paralelo: ['snap.PNG'] | timeout=0s | confidence=0.8
2026-06-23 13:15:22 | INFO | my_functions.py:281 | [DEBUG] Click skipped, ninguna de las imágenes se encontró en el intento.
2026-06-23 13:15:28 | INFO | my_functions.py:247 | [DEBUG] Buscando en paralelo: ['end_turn.PNG'] | timeout=0s | confidence=0.8
2026-06-23 13:15:30 | INFO | my_functions.py:134 | Haciendo click en la posición (682, 945)
2026-06-23 13:15:30 | INFO | my_functions.py:269 | 🖱️ Click OK (En paralelo): end_turn.PNG at (682, 945) delay=1s
2026-06-23 13:15:31 | INFO | each_eight_hours.py:165 | End turn executed
2026-06-23 13:15:47 | INFO | my_functions.py:199 | 
✅ Found: end_turn.PNG pos=(681, 945) time=0.69s confidence=0.8
2026-06-23 13:15:47 | INFO | my_functions.py:247 | [DEBUG] Buscando en paralelo: ['snap.PNG'] | timeout=0s | confidence=0.8
2026-06-23 13:15:48 | INFO | my_functions.py:281 | [DEBUG] Click skipped, ninguna de las imágenes se encontró en el intento.
2026-06-23 13:15:54 | INFO | my_functions.py:247 | [DEBUG] Buscando en paralelo: ['end_turn.PNG'] | timeout=0s | confidence=0.8
2026-06-23 13:15:56 | INFO | my_functions.py:134 | Haciendo click en la posición (682, 945)
2026-06-23 13:15:56 | INFO | my_functions.py:269 | 🖱️ Click OK (En paralelo): end_turn.PNG at (682, 945) delay=1s
2026-06-23 13:15:57 | INFO | each_eight_hours.py:165 | End turn executed
2026-06-23 13:16:07 | INFO | my_functions.py:199 | 
✅ Found: end_turn.PNG pos=(681, 945) time=0.66s confidence=0.8
2026-06-23 13:16:07 | INFO | my_functions.py:247 | [DEBUG] Buscando en paralelo: ['snap.PNG'] | timeout=0s | confidence=0.8
2026-06-23 13:16:08 | INFO | my_functions.py:281 | [DEBUG] Click skipped, ninguna de las imágenes se encontró en el intento.
2026-06-23 13:16:14 | INFO | my_functions.py:247 | [DEBUG] Buscando en paralelo: ['end_turn.PNG'] | timeout=0s | confidence=0.8
2026-06-23 13:16:15 | INFO | my_functions.py:134 | Haciendo click en la posición (682, 945)
2026-06-23 13:16:16 | INFO | my_functions.py:269 | 🖱️ Click OK (En paralelo): end_turn.PNG at (682, 945) delay=1s
2026-06-23 13:16:17 | INFO | each_eight_hours.py:165 | End turn executed
2026-06-23 13:16:43 | INFO | my_functions.py:199 | 
✅ Found: end_turn.PNG pos=(681, 945) time=0.68s confidence=0.8
2026-06-23 13:16:43 | INFO | my_functions.py:247 | [DEBUG] Buscando en paralelo: ['snap.PNG'] | timeout=0s | confidence=0.8
2026-06-23 13:16:44 | INFO | my_functions.py:281 | [DEBUG] Click skipped, ninguna de las imágenes se encontró en el intento.
2026-06-23 13:16:50 | INFO | my_functions.py:247 | [DEBUG] Buscando en paralelo: ['end_turn.PNG'] | timeout=0s | confidence=0.8
2026-06-23 13:16:52 | INFO | my_functions.py:134 | Haciendo click en la posición (682, 945)
2026-06-23 13:16:52 | INFO | my_functions.py:269 | 🖱️ Click OK (En paralelo): end_turn.PNG at (682, 945) delay=1s
2026-06-23 13:16:53 | INFO | each_eight_hours.py:165 | End turn executed
2026-06-23 13:17:29 | INFO | my_functions.py:199 | 
✅ Found: collect_rewards.PNG pos=(679, 957) time=0.83s confidence=0.8
2026-06-23 13:17:29 | INFO | each_eight_hours.py:204 | Rewards detected, exiting match
2026-06-23 13:17:29 | INFO | my_functions.py:247 | [DEBUG] Buscando en paralelo: ['collect_rewards.PNG'] | timeout=20s | confidence=0.8
2026-06-23 13:17:30 | INFO | my_functions.py:134 | Haciendo click en la posición (679, 957)
2026-06-23 13:17:31 | INFO | my_functions.py:269 | 🖱️ Click OK (En paralelo): collect_rewards.PNG at (679, 957) delay=1s
2026-06-23 13:17:32 | INFO | my_functions.py:247 | [DEBUG] Buscando en paralelo: ['next.PNG'] | timeout=20s | confidence=0.8
2026-06-23 13:17:37 | INFO | my_functions.py:134 | Haciendo click en la posición (677, 973)
2026-06-23 13:17:37 | INFO | my_functions.py:269 | 🖱️ Click OK (En paralelo): next.PNG at (677, 973) delay=1s
2026-06-23 13:17:40 | INFO | my_functions.py:533 | AVAILABLE: 6
2026-06-23 13:17:40 | INFO | each_eight_hours.py:271 | Submissions after match: 6
2026-06-23 13:17:40 | INFO | my_functions.py:555 | Misiones completadas: 1
2026-06-23 13:17:40 | INFO | each_eight_hours.py:148 | Starting game loop 5
2026-06-23 13:17:40 | INFO | my_functions.py:247 | [DEBUG] Buscando en paralelo: ['play.PNG'] | timeout=20s | confidence=0.8
2026-06-23 13:17:44 | INFO | my_functions.py:134 | Haciendo click en la posición (384, 824)
2026-06-23 13:17:44 | INFO | my_functions.py:269 | 🖱️ Click OK (En paralelo): play.PNG at (384, 824) delay=3s
2026-06-23 13:18:00 | INFO | my_functions.py:199 | 
✅ Found: end_turn.PNG pos=(681, 945) time=0.65s confidence=0.8
2026-06-23 13:18:00 | INFO | my_functions.py:247 | [DEBUG] Buscando en paralelo: ['snap.PNG'] | timeout=0s | confidence=0.8
2026-06-23 13:18:02 | INFO | my_functions.py:134 | Haciendo click en la posición (386, 123)
2026-06-23 13:18:02 | INFO | my_functions.py:269 | 🖱️ Click OK (En paralelo): snap.PNG at (386, 123) delay=1s
2026-06-23 13:18:08 | INFO | my_functions.py:247 | [DEBUG] Buscando en paralelo: ['end_turn.PNG'] | timeout=0s | confidence=0.8
2026-06-23 13:18:10 | INFO | my_functions.py:134 | Haciendo click en la posición (682, 946)
2026-06-23 13:18:10 | INFO | my_functions.py:269 | 🖱️ Click OK (En paralelo): end_turn.PNG at (682, 946) delay=1s
2026-06-23 13:18:11 | INFO | each_eight_hours.py:165 | End turn executed
2026-06-23 13:18:24 | INFO | my_functions.py:199 | 
✅ Found: end_turn.PNG pos=(681, 945) time=0.69s confidence=0.8
2026-06-23 13:18:24 | INFO | my_functions.py:247 | [DEBUG] Buscando en paralelo: ['snap.PNG'] | timeout=0s | confidence=0.8
2026-06-23 13:18:25 | INFO | my_functions.py:281 | [DEBUG] Click skipped, ninguna de las imágenes se encontró en el intento.
2026-06-23 13:18:31 | INFO | my_functions.py:247 | [DEBUG] Buscando en paralelo: ['end_turn.PNG'] | timeout=0s | confidence=0.8
2026-06-23 13:18:33 | INFO | my_functions.py:134 | Haciendo click en la posición (682, 945)
2026-06-23 13:18:33 | INFO | my_functions.py:269 | 🖱️ Click OK (En paralelo): end_turn.PNG at (682, 945) delay=1s
2026-06-23 13:18:34 | INFO | each_eight_hours.py:165 | End turn executed
2026-06-23 13:18:51 | INFO | my_functions.py:199 | 
✅ Found: end_turn.PNG pos=(681, 945) time=0.69s confidence=0.8
2026-06-23 13:18:51 | INFO | my_functions.py:247 | [DEBUG] Buscando en paralelo: ['snap.PNG'] | timeout=0s | confidence=0.8
2026-06-23 13:18:52 | INFO | my_functions.py:281 | [DEBUG] Click skipped, ninguna de las imágenes se encontró en el intento.
2026-06-23 13:18:58 | INFO | my_functions.py:247 | [DEBUG] Buscando en paralelo: ['end_turn.PNG'] | timeout=0s | confidence=0.8
2026-06-23 13:19:00 | INFO | my_functions.py:134 | Haciendo click en la posición (682, 945)
2026-06-23 13:19:00 | INFO | my_functions.py:269 | 🖱️ Click OK (En paralelo): end_turn.PNG at (682, 945) delay=1s
2026-06-23 13:19:01 | INFO | each_eight_hours.py:165 | End turn executed
2026-06-23 13:19:20 | INFO | my_functions.py:199 | 
✅ Found: end_turn.PNG pos=(681, 945) time=0.64s confidence=0.8
2026-06-23 13:19:20 | INFO | my_functions.py:247 | [DEBUG] Buscando en paralelo: ['snap.PNG'] | timeout=0s | confidence=0.8
2026-06-23 13:19:21 | INFO | my_functions.py:281 | [DEBUG] Click skipped, ninguna de las imágenes se encontró en el intento.
2026-06-23 13:19:27 | INFO | my_functions.py:247 | [DEBUG] Buscando en paralelo: ['end_turn.PNG'] | timeout=0s | confidence=0.8
2026-06-23 13:19:28 | INFO | my_functions.py:134 | Haciendo click en la posición (682, 945)
2026-06-23 13:19:29 | INFO | my_functions.py:269 | 🖱️ Click OK (En paralelo): end_turn.PNG at (682, 945) delay=1s
2026-06-23 13:19:30 | INFO | each_eight_hours.py:165 | End turn executed
2026-06-23 13:19:49 | INFO | my_functions.py:199 | 
✅ Found: end_turn.PNG pos=(681, 945) time=0.65s confidence=0.8
2026-06-23 13:19:49 | INFO | my_functions.py:247 | [DEBUG] Buscando en paralelo: ['snap.PNG'] | timeout=0s | confidence=0.8
2026-06-23 13:19:50 | INFO | my_functions.py:281 | [DEBUG] Click skipped, ninguna de las imágenes se encontró en el intento.
2026-06-23 13:19:56 | INFO | my_functions.py:247 | [DEBUG] Buscando en paralelo: ['end_turn.PNG'] | timeout=0s | confidence=0.8
2026-06-23 13:19:57 | INFO | my_functions.py:134 | Haciendo click en la posición (682, 945)
2026-06-23 13:19:58 | INFO | my_functions.py:269 | 🖱️ Click OK (En paralelo): end_turn.PNG at (682, 945) delay=1s
2026-06-23 13:19:59 | INFO | each_eight_hours.py:165 | End turn executed
2026-06-23 13:20:22 | INFO | my_functions.py:199 | 
✅ Found: end_turn.PNG pos=(681, 945) time=0.66s confidence=0.8
2026-06-23 13:20:22 | INFO | my_functions.py:247 | [DEBUG] Buscando en paralelo: ['snap.PNG'] | timeout=0s | confidence=0.8
2026-06-23 13:20:22 | INFO | my_functions.py:281 | [DEBUG] Click skipped, ninguna de las imágenes se encontró en el intento.
2026-06-23 13:20:29 | INFO | my_functions.py:247 | [DEBUG] Buscando en paralelo: ['end_turn.PNG'] | timeout=0s | confidence=0.8
2026-06-23 13:20:30 | INFO | my_functions.py:134 | Haciendo click en la posición (681, 945)
2026-06-23 13:20:31 | INFO | my_functions.py:269 | 🖱️ Click OK (En paralelo): end_turn.PNG at (681, 945) delay=1s
2026-06-23 13:20:32 | INFO | each_eight_hours.py:165 | End turn executed
2026-06-23 13:21:06 | INFO | my_functions.py:199 | 
✅ Found: collect_rewards.PNG pos=(679, 957) time=0.82s confidence=0.8
2026-06-23 13:21:06 | INFO | each_eight_hours.py:204 | Rewards detected, exiting match
2026-06-23 13:21:06 | INFO | my_functions.py:247 | [DEBUG] Buscando en paralelo: ['collect_rewards.PNG'] | timeout=20s | confidence=0.8
2026-06-23 13:21:08 | INFO | my_functions.py:134 | Haciendo click en la posición (679, 957)
2026-06-23 13:21:08 | INFO | my_functions.py:269 | 🖱️ Click OK (En paralelo): collect_rewards.PNG at (679, 957) delay=1s
2026-06-23 13:21:10 | INFO | my_functions.py:247 | [DEBUG] Buscando en paralelo: ['next.PNG'] | timeout=20s | confidence=0.8
2026-06-23 13:21:15 | INFO | my_functions.py:134 | Haciendo click en la posición (677, 973)
2026-06-23 13:21:16 | INFO | my_functions.py:269 | 🖱️ Click OK (En paralelo): next.PNG at (677, 973) delay=1s
2026-06-23 13:21:19 | INFO | my_functions.py:533 | AVAILABLE: 6
2026-06-23 13:21:19 | INFO | each_eight_hours.py:271 | Submissions after match: 6
2026-06-23 13:21:19 | INFO | my_functions.py:555 | Misiones completadas: 4
2026-06-23 13:21:19 | INFO | each_eight_hours.py:275 | Submission condition met, breaking loop
2026-06-23 13:21:19 | INFO | my_functions.py:247 | [DEBUG] Buscando en paralelo: ['missionsNotify2.png'] | timeout=20s | confidence=0.8
2026-06-23 13:21:22 | INFO | my_functions.py:134 | Haciendo click en la posición (537, 125)
2026-06-23 13:21:23 | INFO | my_functions.py:269 | 🖱️ Click OK (En paralelo): missionsNotify2.png at (537, 125) delay=3s
2026-06-23 13:21:24 | INFO | my_functions.py:1472 | [INFO] Iniciando click_missions_blue2
2026-06-23 13:21:24 | INFO | my_functions.py:134 | Haciendo click en la posición (150, 132)
2026-06-23 13:21:25 | INFO | my_functions.py:1475 | [ACTION] Click hecho en icono de calendario que me dirige a las misiones ordinarias
2026-06-23 13:21:25 | INFO | my_functions.py:169 | Searching bonus_challenge.png (timeout=0s)
2026-06-23 13:21:25 | INFO | my_functions.py:213 | 
⛔ Not found: bonus_challenge.png after 0.0s region=(0, 0, 765, 1038) confidence=0.8
2026-06-23 13:21:27 | INFO | my_functions.py:134 | Haciendo click en la posición (362, 493)
2026-06-23 13:21:29 | INFO | my_functions.py:1488 | [ACTION] Click 1/4 en misión azul
2026-06-23 13:21:29 | INFO | my_functions.py:134 | Haciendo click en la posición (362, 493)
2026-06-23 13:21:30 | INFO | my_functions.py:1488 | [ACTION] Click 2/4 en misión azul
2026-06-23 13:21:31 | INFO | my_functions.py:134 | Haciendo click en la posición (362, 493)
2026-06-23 13:21:32 | INFO | my_functions.py:1488 | [ACTION] Click 3/4 en misión azul
2026-06-23 13:21:33 | INFO | my_functions.py:134 | Haciendo click en la posición (362, 493)
2026-06-23 13:21:34 | INFO | my_functions.py:1488 | [ACTION] Click 4/4 en misión azul
2026-06-23 13:21:34 | INFO | my_functions.py:169 | Searching flechita_mission.PNG (timeout=0s)
2026-06-23 13:21:35 | INFO | my_functions.py:213 | 
⛔ Not found: flechita_mission.PNG after 0.0s region=(0, 0, 765, 1038) confidence=0.8
2026-06-23 13:21:35 | INFO | my_functions.py:247 | [DEBUG] Buscando en paralelo: ['weekly3.PNG'] | timeout=0s | confidence=0.8
2026-06-23 13:21:36 | INFO | my_functions.py:281 | [DEBUG] Click skipped, ninguna de las imágenes se encontró en el intento.
2026-06-23 13:21:37 | INFO | my_functions.py:247 | [DEBUG] Buscando en paralelo: ['weekly3.PNG'] | timeout=0s | confidence=0.8
2026-06-23 13:21:38 | INFO | my_functions.py:281 | [DEBUG] Click skipped, ninguna de las imágenes se encontró en el intento.
2026-06-23 13:21:39 | INFO | my_functions.py:134 | Haciendo click en la posición (557, 64)
2026-06-23 13:21:40 | INFO | my_functions.py:247 | [DEBUG] Buscando en paralelo: ['cards_shop.PNG'] | timeout=20s | confidence=0.8
2026-06-23 13:21:43 | INFO | my_functions.py:134 | Haciendo click en la posición (568, 121)
2026-06-23 13:21:43 | INFO | my_functions.py:269 | 🖱️ Click OK (En paralelo): cards_shop.PNG at (568, 121) delay=1s
2026-06-23 13:21:44 | INFO | my_functions.py:247 | [DEBUG] Buscando en paralelo: ['token_icon.PNG'] | timeout=20s | confidence=0.8
2026-06-23 13:21:48 | INFO | my_functions.py:134 | Haciendo click en la posición (531, 171)
2026-06-23 13:21:48 | INFO | my_functions.py:269 | 🖱️ Click OK (En paralelo): token_icon.PNG at (531, 171) delay=1s
2026-06-23 13:21:51 | INFO | my_functions.py:247 | [DEBUG] Buscando en paralelo: ['claim!_token_3.PNG'] | timeout=4s | confidence=0.8
2026-06-23 13:21:56 | INFO | my_functions.py:281 | [DEBUG] Click skipped, ninguna de las imágenes se encontró en el intento.
2026-06-23 13:21:57 | INFO | my_functions.py:247 | [DEBUG] Buscando en paralelo: ['cards_shop.PNG'] | timeout=20s | confidence=0.8
2026-06-23 13:21:58 | INFO | my_functions.py:134 | Haciendo click en la posición (568, 122)
2026-06-23 13:21:59 | INFO | my_functions.py:269 | 🖱️ Click OK (En paralelo): cards_shop.PNG at (568, 122) delay=1s
2026-06-23 13:22:00 | INFO | my_functions.py:247 | [DEBUG] Buscando en paralelo: ['offers.PNG'] | timeout=20s | confidence=0.8
2026-06-23 13:22:02 | INFO | my_functions.py:134 | Haciendo click en la posición (197, 121)
2026-06-23 13:22:02 | INFO | my_functions.py:269 | 🖱️ Click OK (En paralelo): offers.PNG at (197, 121) delay=1s
2026-06-23 13:22:05 | INFO | my_functions.py:1356 | [INFO] Iniciando mejora de cartas
2026-06-23 13:22:05 | INFO | my_functions.py:247 | [DEBUG] Buscando en paralelo: ['upgrade_cards_icon.PNG'] | timeout=20s | confidence=0.8
2026-06-23 13:22:07 | INFO | my_functions.py:134 | Haciendo click en la posición (322, 170)
2026-06-23 13:22:07 | INFO | my_functions.py:269 | 🖱️ Click OK (En paralelo): upgrade_cards_icon.PNG at (322, 170) delay=1s
2026-06-23 13:22:08 | INFO | my_functions.py:1360 | [INFO] Abriendo icono de upgrade_cards
2026-06-23 13:22:09 | INFO | my_functions.py:1367 | [STEP] Mejorando carta 1
2026-06-23 13:22:10 | INFO | my_functions.py:1371 | [ACTION] Click en carta 1
2026-06-23 13:22:11 | INFO | my_functions.py:1376 | [ACTION] Click en botón upgrade
2026-06-23 13:22:18 | INFO | my_functions.py:169 | Searching aw_snap.png (timeout=3s)
2026-06-23 13:22:22 | INFO | my_functions.py:213 | 
⛔ Not found: aw_snap.png after 3.24s region=(0, 0, 765, 1038) confidence=0.8
2026-06-23 13:22:22 | INFO | my_functions.py:247 | [DEBUG] Buscando en paralelo: ['you_need_more_credits!.png'] | timeout=3s | confidence=0.8
2026-06-23 13:22:25 | INFO | my_functions.py:281 | [DEBUG] Click skipped, ninguna de las imágenes se encontró en el intento.
2026-06-23 13:22:31 | INFO | my_functions.py:1409 | [ACTION] Click para continuar a stage de nivel de coleccion
2026-06-23 13:22:36 | INFO | my_functions.py:142 | Presionando ESC (1/1)
2026-06-23 13:22:37 | INFO | my_functions.py:1417 | [ACTION] Saliendo de stage nivel de coleccion con ESC
2026-06-23 13:22:38 | INFO | my_functions.py:247 | [DEBUG] Buscando en paralelo: ['upgrade_cards_icon_selected.PNG'] | timeout=0s | confidence=0.8
2026-06-23 13:22:40 | INFO | my_functions.py:134 | Haciendo click en la posición (320, 173)
2026-06-23 13:22:40 | INFO | my_functions.py:269 | 🖱️ Click OK (En paralelo): upgrade_cards_icon_selected.PNG at (320, 173) delay=1s
2026-06-23 13:22:41 | INFO | my_functions.py:1429 | [INFO] Reabriendo icono de upgrade_cards
2026-06-23 13:22:42 | INFO | my_functions.py:1367 | [STEP] Mejorando carta 2
2026-06-23 13:22:42 | INFO | my_functions.py:1371 | [ACTION] Click en carta 2
2026-06-23 13:22:43 | INFO | my_functions.py:1376 | [ACTION] Click en botón upgrade
2026-06-23 13:22:50 | INFO | my_functions.py:169 | Searching aw_snap.png (timeout=3s)
2026-06-23 13:22:54 | INFO | my_functions.py:213 | 
⛔ Not found: aw_snap.png after 3.25s region=(0, 0, 765, 1038) confidence=0.8
2026-06-23 13:22:54 | INFO | my_functions.py:247 | [DEBUG] Buscando en paralelo: ['you_need_more_credits!.png'] | timeout=3s | confidence=0.8
2026-06-23 13:22:58 | INFO | my_functions.py:281 | [DEBUG] Click skipped, ninguna de las imágenes se encontró en el intento.
2026-06-23 13:23:04 | INFO | my_functions.py:1409 | [ACTION] Click para continuar a stage de nivel de coleccion
2026-06-23 13:23:09 | INFO | my_functions.py:142 | Presionando ESC (1/1)
2026-06-23 13:23:10 | INFO | my_functions.py:1417 | [ACTION] Saliendo de stage nivel de coleccion con ESC
2026-06-23 13:23:11 | INFO | my_functions.py:247 | [DEBUG] Buscando en paralelo: ['upgrade_cards_icon_selected.PNG'] | timeout=0s | confidence=0.8
2026-06-23 13:23:12 | INFO | my_functions.py:134 | Haciendo click en la posición (320, 173)
2026-06-23 13:23:13 | INFO | my_functions.py:269 | 🖱️ Click OK (En paralelo): upgrade_cards_icon_selected.PNG at (320, 173) delay=1s
2026-06-23 13:23:14 | INFO | my_functions.py:1429 | [INFO] Reabriendo icono de upgrade_cards
2026-06-23 13:23:15 | INFO | my_functions.py:1367 | [STEP] Mejorando carta 3
2026-06-23 13:23:15 | INFO | my_functions.py:1371 | [ACTION] Click en carta 3
2026-06-23 13:23:16 | INFO | my_functions.py:1376 | [ACTION] Click en botón upgrade
2026-06-23 13:23:23 | INFO | my_functions.py:169 | Searching aw_snap.png (timeout=3s)
2026-06-23 13:23:27 | INFO | my_functions.py:213 | 
⛔ Not found: aw_snap.png after 3.06s region=(0, 0, 765, 1038) confidence=0.8
2026-06-23 13:23:27 | INFO | my_functions.py:247 | [DEBUG] Buscando en paralelo: ['you_need_more_credits!.png'] | timeout=3s | confidence=0.8
2026-06-23 13:23:28 | INFO | my_functions.py:134 | Haciendo click en la posición (381, 345)
2026-06-23 13:23:28 | INFO | my_functions.py:269 | 🖱️ Click OK (En paralelo): you_need_more_credits!.png at (381, 345) delay=1s
2026-06-23 13:23:30 | INFO | my_functions.py:142 | Presionando ESC (1/2)
2026-06-23 13:23:30 | INFO | my_functions.py:142 | Presionando ESC (2/2)
2026-06-23 13:23:33 | INFO | my_functions.py:1435 | [INFO] Mejora de cartas completada ✅
2026-06-23 13:23:33 | INFO | my_functions.py:142 | Presionando ESC (1/1)
2026-06-23 13:23:34 | INFO | my_functions.py:247 | [DEBUG] Buscando en paralelo: ['white_x.png'] | timeout=2s | confidence=0.8
2026-06-23 13:23:36 | INFO | my_functions.py:281 | [DEBUG] Click skipped, ninguna de las imágenes se encontró en el intento.
2026-06-23 13:23:37 | INFO | my_functions.py:247 | [DEBUG] Buscando en paralelo: ['nut.png'] | timeout=20s | confidence=0.8
2026-06-23 13:23:39 | INFO | my_functions.py:134 | Haciendo click en la posición (184, 78)
2026-06-23 13:23:39 | INFO | my_functions.py:269 | 🖱️ Click OK (En paralelo): nut.png at (184, 78) delay=1s
2026-06-23 13:23:40 | INFO | my_functions.py:247 | [DEBUG] Buscando en paralelo: ['graphics_quality.png'] | timeout=3s | confidence=0.8
2026-06-23 13:23:42 | INFO | my_functions.py:134 | Haciendo click en la posición (304, 644)
2026-06-23 13:23:42 | INFO | my_functions.py:269 | 🖱️ Click OK (En paralelo): graphics_quality.png at (304, 644) delay=1s
2026-06-23 13:23:44 | INFO | my_functions.py:247 | [DEBUG] Buscando en paralelo: ['sign_out.png'] | timeout=20s | confidence=0.8
2026-06-23 13:23:46 | INFO | my_functions.py:134 | Haciendo click en la posición (380, 796)
2026-06-23 13:23:46 | INFO | my_functions.py:269 | 🖱️ Click OK (En paralelo): sign_out.png at (380, 796) delay=1s
2026-06-23 13:23:48 | INFO | my_functions.py:247 | [DEBUG] Buscando en paralelo: ['sign_out_grande.png'] | timeout=20s | confidence=0.8
2026-06-23 13:23:50 | INFO | my_functions.py:134 | Haciendo click en la posición (359, 437)
2026-06-23 13:23:50 | INFO | my_functions.py:269 | 🖱️ Click OK (En paralelo): sign_out_grande.png at (359, 437) delay=1s
2026-06-23 13:23:51 | INFO | my_functions.py:247 | [DEBUG] Buscando en paralelo: ['sign_out2.png'] | timeout=20s | confidence=0.8
2026-06-23 13:23:53 | INFO | my_functions.py:134 | Haciendo click en la posición (383, 634)
2026-06-23 13:23:53 | INFO | my_functions.py:269 | 🖱️ Click OK (En paralelo): sign_out2.png at (383, 634) delay=1s
2026-06-23 13:23:54 | INFO | my_functions.py:1547 | ⏱ Esperando 0.1 segundos antes de empezar...
2026-06-23 13:23:54 | INFO | my_functions.py:1554 | 🔍 Esperando ventana que contenga alguna de: SNAP (máx 20s)
2026-06-23 13:23:54 | INFO | my_functions.py:1566 | ✅ Ventana encontrada: 'SNAP'
2026-06-23 13:23:54 | INFO | my_functions.py:1581 | ✅ Ventana seleccionada: 'SNAP'
2026-06-23 13:23:56 | INFO | my_functions.py:1604 | 🔁 Reajuste #1...
2026-06-23 13:23:58 | INFO | my_functions.py:1611 | ✔ Verificación completa. Se hicieron 1 reajustes.
2026-06-23 13:24:02 | INFO | each_eight_hours.py:113 | Processing account: robert
2026-06-23 13:24:02 | INFO | my_functions.py:1547 | ⏱ Esperando 0.1 segundos antes de empezar...
2026-06-23 13:24:02 | INFO | my_functions.py:1554 | 🔍 Esperando ventana que contenga alguna de: ['SNAP'] (máx 20s)
2026-06-23 13:24:05 | INFO | my_functions.py:1566 | ✅ Ventana encontrada: 'SNAP'
2026-06-23 13:24:05 | INFO | my_functions.py:1581 | ✅ Ventana seleccionada: 'SNAP'
2026-06-23 13:24:07 | INFO | my_functions.py:1613 | ✔ Verificación completa. No hubo cambios después del primer ajuste.
2026-06-23 13:24:07 | INFO | my_functions.py:1206 | [DEBUG] Resizing SNAP window...
2026-06-23 13:24:07 | INFO | my_functions.py:1547 | ⏱ Esperando 0.1 segundos antes de empezar...
2026-06-23 13:24:07 | INFO | my_functions.py:1554 | 🔍 Esperando ventana que contenga alguna de: ['SNAP'] (máx 20s)
2026-06-23 13:24:07 | INFO | my_functions.py:1566 | ✅ Ventana encontrada: 'SNAP'
2026-06-23 13:24:07 | INFO | my_functions.py:1581 | ✅ Ventana seleccionada: 'SNAP'
2026-06-23 13:24:10 | INFO | my_functions.py:1613 | ✔ Verificación completa. No hubo cambios después del primer ajuste.
2026-06-23 13:24:10 | INFO | my_functions.py:247 | [DEBUG] Buscando en paralelo: ['small_submit.PNG', 'small_submit_hover.png', 'submit_hover_2.png', 'small_submit_hover_2.png'] | timeout=90s | confidence=0.8
2026-06-23 13:24:18 | INFO | my_functions.py:134 | Haciendo click en la posición (380, 642)
2026-06-23 13:24:18 | INFO | my_functions.py:269 | 🖱️ Click OK (En paralelo): small_submit.PNG at (380, 642) delay=0.2s
2026-06-23 13:24:21 | INFO | my_functions.py:247 | [DEBUG] Buscando en paralelo: ['small_submit.PNG', 'small_submit_hover.png', 'submit_hover_2.png', 'small_submit_hover_2.png'] | timeout=20s | confidence=0.8
2026-06-23 13:24:22 | INFO | my_functions.py:134 | Haciendo click en la posición (380, 721)
2026-06-23 13:24:23 | INFO | my_functions.py:269 | 🖱️ Click OK (En paralelo): small_submit.PNG at (380, 721) delay=0.2s
2026-06-23 13:24:24 | INFO | my_functions.py:1547 | ⏱ Esperando 0.1 segundos antes de empezar...
2026-06-23 13:24:24 | INFO | my_functions.py:1554 | 🔍 Esperando ventana que contenga alguna de: ['SNAP'] (máx 20s)
2026-06-23 13:24:24 | INFO | my_functions.py:1566 | ✅ Ventana encontrada: 'SNAP'
2026-06-23 13:24:24 | INFO | my_functions.py:1581 | ✅ Ventana seleccionada: 'SNAP'
2026-06-23 13:24:26 | INFO | my_functions.py:1604 | 🔁 Reajuste #1...
2026-06-23 13:24:27 | INFO | my_functions.py:1611 | ✔ Verificación completa. Se hicieron 1 reajustes.
2026-06-23 13:24:27 | INFO | my_functions.py:169 | Searching please_sign.png (timeout=0s)
2026-06-23 13:24:27 | INFO | my_functions.py:199 | 
✅ Found: please_sign.png pos=(383, 438) time=0.5s confidence=0.8
2026-06-23 13:24:27 | INFO | my_functions.py:247 | [DEBUG] Buscando en paralelo: ['ok_btn.png'] | timeout=20s | confidence=0.8
2026-06-23 13:24:29 | INFO | my_functions.py:134 | Haciendo click en la posición (382, 634)
2026-06-23 13:24:30 | INFO | my_functions.py:269 | 🖱️ Click OK (En paralelo): ok_btn.png at (382, 634) delay=1s
2026-06-23 13:24:31 | INFO | my_functions.py:247 | [DEBUG] Buscando en paralelo: ['small_submit.PNG', 'small_submit_hover.png', 'submit_hover_2.png', 'small_submit_hover_2.png'] | timeout=30s | confidence=0.8
2026-06-23 13:24:34 | INFO | my_functions.py:134 | Haciendo click en la posición (383, 643)
2026-06-23 13:24:34 | INFO | my_functions.py:269 | 🖱️ Click OK (En paralelo): small_submit_hover_2.png at (383, 643) delay=0.2s
2026-06-23 13:24:35 | INFO | my_functions.py:247 | [DEBUG] Buscando en paralelo: ['small_submit.PNG', 'small_submit_hover.png', 'submit_hover_2.png', 'small_submit_hover_2.png'] | timeout=20s | confidence=0.8
2026-06-23 13:24:36 | INFO | my_functions.py:134 | Haciendo click en la posición (380, 721)
2026-06-23 13:24:37 | INFO | my_functions.py:269 | 🖱️ Click OK (En paralelo): small_submit.PNG at (380, 721) delay=0.2s
2026-06-23 13:24:38 | INFO | my_functions.py:247 | [DEBUG] Buscando en paralelo: ['sign_in_with_google2.PNG'] | timeout=20s | confidence=0.8
2026-06-23 13:24:39 | INFO | my_functions.py:134 | Haciendo click en la posición (406, 957)
2026-06-23 13:24:39 | INFO | my_functions.py:269 | 🖱️ Click OK (En paralelo): sign_in_with_google2.PNG at (406, 957) delay=1s
2026-06-23 13:24:40 | INFO | my_functions.py:169 | Searching pagina_cargada.png (timeout=60s)
2026-06-23 13:24:47 | INFO | my_functions.py:199 | 
✅ Found: pagina_cargada.png pos=(70, 24) time=6.69s confidence=0.8
2026-06-23 13:24:47 | INFO | my_functions.py:247 | [DEBUG] Buscando en paralelo: ['robert.png'] | timeout=0s | confidence=0.8
2026-06-23 13:24:51 | INFO | my_functions.py:134 | Haciendo click en la posición (1152, 794)
2026-06-23 13:24:51 | INFO | my_functions.py:269 | 🖱️ Click OK (En paralelo): robert.png at (1152, 794) delay=3s
2026-06-23 13:24:53 | INFO | my_functions.py:169 | Searching marvelsnap_web.png (timeout=30s)
2026-06-23 13:24:57 | INFO | my_functions.py:199 | 
✅ Found: marvelsnap_web.png pos=(258, 80) time=4.34s confidence=0.7
2026-06-23 13:24:57 | INFO | my_functions.py:169 | Searching shop_unselected.PNG (timeout=0s)
2026-06-23 13:24:58 | INFO | my_functions.py:213 | 
⛔ Not found: shop_unselected.PNG after 0.0s region=(0, 0, 765, 1038) confidence=0.8
2026-06-23 13:24:58 | INFO | my_functions.py:247 | [DEBUG] Buscando en paralelo: ['super_premium.PNG'] | timeout=0s | confidence=0.8
2026-06-23 13:24:58 | INFO | my_functions.py:281 | [DEBUG] Click skipped, ninguna de las imágenes se encontró en el intento.
2026-06-23 13:24:59 | INFO | my_functions.py:247 | [DEBUG] Buscando en paralelo: ['maybe_later.PNG'] | timeout=0s | confidence=0.8
2026-06-23 13:25:00 | INFO | my_functions.py:281 | [DEBUG] Click skipped, ninguna de las imágenes se encontró en el intento.
2026-06-23 13:25:01 | INFO | my_functions.py:247 | [DEBUG] Buscando en paralelo: ['maybe_later2.PNG'] | timeout=0s | confidence=0.8
2026-06-23 13:25:02 | INFO | my_functions.py:281 | [DEBUG] Click skipped, ninguna de las imágenes se encontró en el intento.
2026-06-23 13:25:03 | INFO | my_functions.py:169 | Searching go_to_shop.PNG (timeout=0s)
2026-06-23 13:25:04 | INFO | my_functions.py:213 | 
⛔ Not found: go_to_shop.PNG after 0.0s region=(0, 0, 765, 1038) confidence=0.8
2026-06-23 13:25:04 | INFO | my_functions.py:247 | [DEBUG] Buscando en paralelo: ['14_days_of_winterverse.PNG'] | timeout=0s | confidence=0.8
2026-06-23 13:25:04 | INFO | my_functions.py:281 | [DEBUG] Click skipped, ninguna de las imágenes se encontró en el intento.
2026-06-23 13:25:05 | INFO | my_functions.py:169 | Searching welcome_back_calendar.PNG (timeout=0s)
2026-06-23 13:25:06 | INFO | my_functions.py:213 | 
⛔ Not found: welcome_back_calendar.PNG after 0.0s region=(0, 0, 765, 1038) confidence=0.8
2026-06-23 13:25:06 | INFO | my_functions.py:247 | [DEBUG] Buscando en paralelo: ['start_the_countdown.PNG'] | timeout=0s | confidence=0.8
2026-06-23 13:25:06 | INFO | my_functions.py:281 | [DEBUG] Click skipped, ninguna de las imágenes se encontró en el intento.
2026-06-23 13:25:07 | INFO | my_functions.py:247 | [DEBUG] Buscando en paralelo: ['event_has_ended_sanctum.PNG'] | timeout=0s | confidence=0.8
2026-06-23 13:25:08 | INFO | my_functions.py:281 | [DEBUG] Click skipped, ninguna de las imágenes se encontró en el intento.
2026-06-23 13:25:09 | INFO | my_functions.py:247 | [DEBUG] Buscando en paralelo: ['event_has_ended_teamclash.PNG'] | timeout=0s | confidence=0.8
2026-06-23 13:25:10 | INFO | my_functions.py:281 | [DEBUG] Click skipped, ninguna de las imágenes se encontró en el intento.
2026-06-23 13:25:11 | INFO | my_functions.py:247 | [DEBUG] Buscando en paralelo: ['image_part_of_event_grand_arena_finished.PNG'] | timeout=0s | confidence=0.8
2026-06-23 13:25:11 | INFO | my_functions.py:281 | [DEBUG] Click skipped, ninguna de las imágenes se encontró en el intento.
2026-06-23 13:25:13 | INFO | my_functions.py:169 | Searching 28_day_event_login_rewards.PNG (timeout=0s)
2026-06-23 13:25:13 | INFO | my_functions.py:213 | 
⛔ Not found: 28_day_event_login_rewards.PNG after 0.0s region=(0, 0, 765, 1038) confidence=0.8
2026-06-23 13:25:13 | INFO | my_functions.py:169 | Searching 7_day_event_login.PNG (timeout=0s)
2026-06-23 13:25:14 | INFO | my_functions.py:213 | 
⛔ Not found: 7_day_event_login.PNG after 0.0s region=(0, 0, 765, 1038) confidence=0.8
2026-06-23 13:25:14 | INFO | my_functions.py:169 | Searching 14_days_event.PNG (timeout=0s)
2026-06-23 13:25:14 | INFO | my_functions.py:213 | 
⛔ Not found: 14_days_event.PNG after 0.0s region=(0, 0, 765, 1038) confidence=0.8
2026-06-23 13:25:14 | INFO | my_functions.py:247 | [DEBUG] Buscando en paralelo: ['lets_go.PNG'] | timeout=0s | confidence=0.8
2026-06-23 13:25:15 | INFO | my_functions.py:281 | [DEBUG] Click skipped, ninguna de las imágenes se encontró en el intento.
2026-06-23 13:25:17 | INFO | my_functions.py:169 | Searching shop_unselected.PNG (timeout=0s)
2026-06-23 13:25:17 | INFO | my_functions.py:213 | 
⛔ Not found: shop_unselected.PNG after 0.0s region=(0, 0, 765, 1038) confidence=0.8
2026-06-23 13:25:17 | INFO | my_functions.py:247 | [DEBUG] Buscando en paralelo: ['super_premium.PNG'] | timeout=0s | confidence=0.8
2026-06-23 13:25:19 | INFO | my_functions.py:134 | Haciendo click en la posición (480, 777)
2026-06-23 13:25:19 | INFO | my_functions.py:269 | 🖱️ Click OK (En paralelo): super_premium.PNG at (480, 777) delay=1s
2026-06-23 13:25:20 | INFO | my_functions.py:142 | Presionando ESC (1/1)
2026-06-23 13:25:29 | INFO | my_functions.py:169 | Searching shop_unselected.PNG (timeout=0s)
2026-06-23 13:25:30 | INFO | my_functions.py:199 | 
✅ Found: shop_unselected.PNG pos=(88, 961) time=0.73s confidence=0.8
2026-06-23 13:25:30 | INFO | my_functions.py:714 | Ya esta listo
2026-06-23 13:25:34 | INFO | my_functions.py:533 | AVAILABLE: 6
2026-06-23 13:25:34 | INFO | my_functions.py:555 | Misiones completadas: 0
2026-06-23 13:25:34 | INFO | my_functions.py:169 | Searching play.PNG (timeout=0s)
2026-06-23 13:25:34 | INFO | my_functions.py:199 | 
✅ Found: play.PNG pos=(384, 825) time=0.64s confidence=0.8
2026-06-23 13:25:35 | INFO | my_functions.py:1442 | [INFO] Click realizado donde se equipa el deck a jugar
2026-06-23 13:25:39 | INFO | my_functions.py:247 | [DEBUG] Buscando en paralelo: ['deck_666666.png'] | timeout=3s | confidence=0.8
2026-06-23 13:25:41 | INFO | my_functions.py:134 | Haciendo click en la posición (234, 702)
2026-06-23 13:25:41 | INFO | my_functions.py:269 | 🖱️ Click OK (En paralelo): deck_666666.png at (234, 702) delay=1s
2026-06-23 13:25:42 | INFO | my_functions.py:247 | [DEBUG] Buscando en paralelo: ['equip.png'] | timeout=3s | confidence=0.95
2026-06-23 13:25:44 | INFO | my_functions.py:134 | Haciendo click en la posición (548, 983)
2026-06-23 13:25:44 | INFO | my_functions.py:269 | 🖱️ Click OK (En paralelo): equip.png at (548, 983) delay=1s
2026-06-23 13:25:45 | INFO | each_eight_hours.py:134 | Deck selected: 6turns
2026-06-23 13:25:45 | INFO | my_functions.py:247 | [DEBUG] Buscando en paralelo: ['maybe_later.PNG'] | timeout=2s | confidence=0.8
2026-06-23 13:25:47 | INFO | my_functions.py:281 | [DEBUG] Click skipped, ninguna de las imágenes se encontró en el intento.
2026-06-23 13:25:48 | INFO | my_functions.py:247 | [DEBUG] Buscando en paralelo: ['maybe_later2.PNG'] | timeout=0.01s | confidence=0.8
2026-06-23 13:25:49 | INFO | my_functions.py:281 | [DEBUG] Click skipped, ninguna de las imágenes se encontró en el intento.
2026-06-23 13:25:50 | INFO | each_eight_hours.py:148 | Starting game loop 1
2026-06-23 13:25:50 | INFO | my_functions.py:247 | [DEBUG] Buscando en paralelo: ['play.PNG'] | timeout=20s | confidence=0.8
2026-06-23 13:25:54 | INFO | my_functions.py:134 | Haciendo click en la posición (384, 824)
2026-06-23 13:25:54 | INFO | my_functions.py:269 | 🖱️ Click OK (En paralelo): play.PNG at (384, 824) delay=3s
2026-06-23 13:26:10 | INFO | my_functions.py:199 | 
✅ Found: end_turn.PNG pos=(681, 945) time=0.68s confidence=0.8
2026-06-23 13:26:10 | INFO | my_functions.py:247 | [DEBUG] Buscando en paralelo: ['snap.PNG'] | timeout=0s | confidence=0.8
2026-06-23 13:26:12 | INFO | my_functions.py:134 | Haciendo click en la posición (386, 122)
2026-06-23 13:26:12 | INFO | my_functions.py:269 | 🖱️ Click OK (En paralelo): snap.PNG at (386, 122) delay=1s
2026-06-23 13:26:18 | INFO | my_functions.py:247 | [DEBUG] Buscando en paralelo: ['end_turn.PNG'] | timeout=0s | confidence=0.8
2026-06-23 13:26:20 | INFO | my_functions.py:134 | Haciendo click en la posición (682, 946)
2026-06-23 13:26:20 | INFO | my_functions.py:269 | 🖱️ Click OK (En paralelo): end_turn.PNG at (682, 946) delay=1s
2026-06-23 13:26:21 | INFO | each_eight_hours.py:165 | End turn executed
2026-06-23 13:26:38 | INFO | my_functions.py:199 | 
✅ Found: end_turn.PNG pos=(681, 945) time=0.65s confidence=0.8
2026-06-23 13:26:38 | INFO | my_functions.py:247 | [DEBUG] Buscando en paralelo: ['snap.PNG'] | timeout=0s | confidence=0.8
2026-06-23 13:26:39 | INFO | my_functions.py:281 | [DEBUG] Click skipped, ninguna de las imágenes se encontró en el intento.
2026-06-23 13:26:45 | INFO | my_functions.py:247 | [DEBUG] Buscando en paralelo: ['end_turn.PNG'] | timeout=0s | confidence=0.8
2026-06-23 13:26:46 | INFO | my_functions.py:134 | Haciendo click en la posición (682, 945)
2026-06-23 13:26:46 | INFO | my_functions.py:269 | 🖱️ Click OK (En paralelo): end_turn.PNG at (682, 945) delay=1s
2026-06-23 13:26:48 | INFO | each_eight_hours.py:165 | End turn executed
2026-06-23 13:27:01 | INFO | my_functions.py:199 | 
✅ Found: end_turn.PNG pos=(681, 945) time=0.67s confidence=0.8
2026-06-23 13:27:01 | INFO | my_functions.py:247 | [DEBUG] Buscando en paralelo: ['snap.PNG'] | timeout=0s | confidence=0.8
2026-06-23 13:27:01 | INFO | my_functions.py:281 | [DEBUG] Click skipped, ninguna de las imágenes se encontró en el intento.
2026-06-23 13:27:08 | INFO | my_functions.py:247 | [DEBUG] Buscando en paralelo: ['end_turn.PNG'] | timeout=0s | confidence=0.8
2026-06-23 13:27:09 | INFO | my_functions.py:134 | Haciendo click en la posición (682, 945)
2026-06-23 13:27:10 | INFO | my_functions.py:269 | 🖱️ Click OK (En paralelo): end_turn.PNG at (682, 945) delay=1s
2026-06-23 13:27:11 | INFO | each_eight_hours.py:165 | End turn executed
2026-06-23 13:27:20 | INFO | my_functions.py:199 | 
✅ Found: end_turn.PNG pos=(681, 945) time=0.69s confidence=0.8
2026-06-23 13:27:20 | INFO | my_functions.py:247 | [DEBUG] Buscando en paralelo: ['snap.PNG'] | timeout=0s | confidence=0.8
2026-06-23 13:27:21 | INFO | my_functions.py:281 | [DEBUG] Click skipped, ninguna de las imágenes se encontró en el intento.
2026-06-23 13:27:27 | INFO | my_functions.py:247 | [DEBUG] Buscando en paralelo: ['end_turn.PNG'] | timeout=0s | confidence=0.8
2026-06-23 13:27:29 | INFO | my_functions.py:134 | Haciendo click en la posición (682, 945)
2026-06-23 13:27:29 | INFO | my_functions.py:269 | 🖱️ Click OK (En paralelo): end_turn.PNG at (682, 945) delay=1s
2026-06-23 13:27:30 | INFO | each_eight_hours.py:165 | End turn executed
2026-06-23 13:27:44 | INFO | my_functions.py:199 | 
✅ Found: end_turn.PNG pos=(681, 945) time=0.67s confidence=0.8
2026-06-23 13:27:44 | INFO | my_functions.py:247 | [DEBUG] Buscando en paralelo: ['snap.PNG'] | timeout=0s | confidence=0.8
2026-06-23 13:27:44 | INFO | my_functions.py:281 | [DEBUG] Click skipped, ninguna de las imágenes se encontró en el intento.
2026-06-23 13:27:50 | INFO | my_functions.py:247 | [DEBUG] Buscando en paralelo: ['end_turn.PNG'] | timeout=0s | confidence=0.8
2026-06-23 13:27:52 | INFO | my_functions.py:134 | Haciendo click en la posición (682, 945)
2026-06-23 13:27:52 | INFO | my_functions.py:269 | 🖱️ Click OK (En paralelo): end_turn.PNG at (682, 945) delay=1s
2026-06-23 13:27:53 | INFO | each_eight_hours.py:165 | End turn executed
2026-06-23 13:28:13 | INFO | my_functions.py:199 | 
✅ Found: end_turn.PNG pos=(681, 945) time=0.69s confidence=0.8
2026-06-23 13:28:13 | INFO | my_functions.py:247 | [DEBUG] Buscando en paralelo: ['snap.PNG'] | timeout=0s | confidence=0.8
2026-06-23 13:28:14 | INFO | my_functions.py:281 | [DEBUG] Click skipped, ninguna de las imágenes se encontró en el intento.
2026-06-23 13:28:21 | INFO | my_functions.py:247 | [DEBUG] Buscando en paralelo: ['end_turn.PNG'] | timeout=0s | confidence=0.8
2026-06-23 13:28:22 | INFO | my_functions.py:134 | Haciendo click en la posición (681, 945)
2026-06-23 13:28:22 | INFO | my_functions.py:269 | 🖱️ Click OK (En paralelo): end_turn.PNG at (681, 945) delay=1s
2026-06-23 13:28:24 | INFO | each_eight_hours.py:165 | End turn executed
2026-06-23 13:28:56 | INFO | my_functions.py:199 | 
✅ Found: collect_rewards.PNG pos=(679, 957) time=0.79s confidence=0.8
2026-06-23 13:28:56 | INFO | each_eight_hours.py:204 | Rewards detected, exiting match
2026-06-23 13:28:56 | INFO | my_functions.py:247 | [DEBUG] Buscando en paralelo: ['collect_rewards.PNG'] | timeout=20s | confidence=0.8
2026-06-23 13:28:58 | INFO | my_functions.py:134 | Haciendo click en la posición (679, 957)
2026-06-23 13:28:58 | INFO | my_functions.py:269 | 🖱️ Click OK (En paralelo): collect_rewards.PNG at (679, 957) delay=1s
2026-06-23 13:28:59 | INFO | my_functions.py:247 | [DEBUG] Buscando en paralelo: ['next.PNG'] | timeout=20s | confidence=0.8
2026-06-23 13:29:04 | INFO | my_functions.py:134 | Haciendo click en la posición (677, 973)
2026-06-23 13:29:05 | INFO | my_functions.py:269 | 🖱️ Click OK (En paralelo): next.PNG at (677, 973) delay=1s
2026-06-23 13:29:08 | INFO | my_functions.py:533 | AVAILABLE: 6
2026-06-23 13:29:08 | INFO | each_eight_hours.py:271 | Submissions after match: 6
2026-06-23 13:29:08 | INFO | my_functions.py:555 | Misiones completadas: 0
2026-06-23 13:29:08 | INFO | each_eight_hours.py:148 | Starting game loop 2
2026-06-23 13:29:08 | INFO | my_functions.py:247 | [DEBUG] Buscando en paralelo: ['play.PNG'] | timeout=20s | confidence=0.8
2026-06-23 13:29:11 | INFO | my_functions.py:134 | Haciendo click en la posición (384, 824)
2026-06-23 13:29:12 | INFO | my_functions.py:269 | 🖱️ Click OK (En paralelo): play.PNG at (384, 824) delay=3s
2026-06-23 13:29:24 | INFO | my_functions.py:199 | 
✅ Found: end_turn.PNG pos=(682, 945) time=0.65s confidence=0.8
2026-06-23 13:29:24 | INFO | my_functions.py:247 | [DEBUG] Buscando en paralelo: ['snap.PNG'] | timeout=0s | confidence=0.8
2026-06-23 13:29:26 | INFO | my_functions.py:134 | Haciendo click en la posición (386, 123)
2026-06-23 13:29:26 | INFO | my_functions.py:269 | 🖱️ Click OK (En paralelo): snap.PNG at (386, 123) delay=1s
2026-06-23 13:29:33 | INFO | my_functions.py:247 | [DEBUG] Buscando en paralelo: ['end_turn.PNG'] | timeout=0s | confidence=0.8
2026-06-23 13:29:34 | INFO | my_functions.py:134 | Haciendo click en la posición (682, 946)
2026-06-23 13:29:34 | INFO | my_functions.py:269 | 🖱️ Click OK (En paralelo): end_turn.PNG at (682, 946) delay=1s
2026-06-23 13:29:35 | INFO | each_eight_hours.py:165 | End turn executed
2026-06-23 13:29:55 | INFO | my_functions.py:199 | 
✅ Found: end_turn.PNG pos=(681, 945) time=0.65s confidence=0.8
2026-06-23 13:29:55 | INFO | my_functions.py:247 | [DEBUG] Buscando en paralelo: ['snap.PNG'] | timeout=0s | confidence=0.8
2026-06-23 13:29:56 | INFO | my_functions.py:281 | [DEBUG] Click skipped, ninguna de las imágenes se encontró en el intento.
2026-06-23 13:30:02 | INFO | my_functions.py:247 | [DEBUG] Buscando en paralelo: ['end_turn.PNG'] | timeout=0s | confidence=0.8
2026-06-23 13:30:03 | INFO | my_functions.py:134 | Haciendo click en la posición (682, 946)
2026-06-23 13:30:04 | INFO | my_functions.py:269 | 🖱️ Click OK (En paralelo): end_turn.PNG at (682, 946) delay=1s
2026-06-23 13:30:05 | INFO | each_eight_hours.py:165 | End turn executed
2026-06-23 13:30:15 | INFO | my_functions.py:199 | 
✅ Found: end_turn.PNG pos=(681, 945) time=0.67s confidence=0.8
2026-06-23 13:30:15 | INFO | my_functions.py:247 | [DEBUG] Buscando en paralelo: ['snap.PNG'] | timeout=0s | confidence=0.8
2026-06-23 13:30:15 | INFO | my_functions.py:281 | [DEBUG] Click skipped, ninguna de las imágenes se encontró en el intento.
2026-06-23 13:30:21 | INFO | my_functions.py:247 | [DEBUG] Buscando en paralelo: ['end_turn.PNG'] | timeout=0s | confidence=0.8
2026-06-23 13:30:23 | INFO | my_functions.py:134 | Haciendo click en la posición (682, 945)
2026-06-23 13:30:23 | INFO | my_functions.py:269 | 🖱️ Click OK (En paralelo): end_turn.PNG at (682, 945) delay=1s
2026-06-23 13:30:24 | INFO | each_eight_hours.py:165 | End turn executed
2026-06-23 13:30:31 | INFO | my_functions.py:199 | 
✅ Found: end_turn.PNG pos=(681, 945) time=0.66s confidence=0.8
2026-06-23 13:30:31 | INFO | my_functions.py:247 | [DEBUG] Buscando en paralelo: ['snap.PNG'] | timeout=0s | confidence=0.8
2026-06-23 13:30:32 | INFO | my_functions.py:281 | [DEBUG] Click skipped, ninguna de las imágenes se encontró en el intento.
2026-06-23 13:30:38 | INFO | my_functions.py:247 | [DEBUG] Buscando en paralelo: ['end_turn.PNG'] | timeout=0s | confidence=0.8
2026-06-23 13:30:40 | INFO | my_functions.py:134 | Haciendo click en la posición (682, 945)
2026-06-23 13:30:40 | INFO | my_functions.py:269 | 🖱️ Click OK (En paralelo): end_turn.PNG at (682, 945) delay=1s
2026-06-23 13:30:41 | INFO | each_eight_hours.py:165 | End turn executed
2026-06-23 13:30:54 | INFO | my_functions.py:199 | 
✅ Found: end_turn.PNG pos=(681, 945) time=0.66s confidence=0.8
2026-06-23 13:30:54 | INFO | my_functions.py:247 | [DEBUG] Buscando en paralelo: ['snap.PNG'] | timeout=0s | confidence=0.8
2026-06-23 13:30:54 | INFO | my_functions.py:281 | [DEBUG] Click skipped, ninguna de las imágenes se encontró en el intento.
2026-06-23 13:31:01 | INFO | my_functions.py:247 | [DEBUG] Buscando en paralelo: ['end_turn.PNG'] | timeout=0s | confidence=0.8
2026-06-23 13:31:02 | INFO | my_functions.py:134 | Haciendo click en la posición (682, 945)
2026-06-23 13:31:02 | INFO | my_functions.py:269 | 🖱️ Click OK (En paralelo): end_turn.PNG at (682, 945) delay=1s
2026-06-23 13:31:04 | INFO | each_eight_hours.py:165 | End turn executed
2026-06-23 13:31:33 | INFO | my_functions.py:199 | 
✅ Found: end_turn.PNG pos=(681, 945) time=0.67s confidence=0.8
2026-06-23 13:31:33 | INFO | my_functions.py:247 | [DEBUG] Buscando en paralelo: ['snap.PNG'] | timeout=0s | confidence=0.8
2026-06-23 13:31:34 | INFO | my_functions.py:281 | [DEBUG] Click skipped, ninguna de las imágenes se encontró en el intento.
2026-06-23 13:31:40 | INFO | my_functions.py:247 | [DEBUG] Buscando en paralelo: ['end_turn.PNG'] | timeout=0s | confidence=0.8
2026-06-23 13:31:41 | INFO | my_functions.py:134 | Haciendo click en la posición (681, 945)
2026-06-23 13:31:42 | INFO | my_functions.py:269 | 🖱️ Click OK (En paralelo): end_turn.PNG at (681, 945) delay=1s
2026-06-23 13:31:43 | INFO | each_eight_hours.py:165 | End turn executed
2026-06-23 13:32:11 | INFO | my_functions.py:199 | 
✅ Found: collect_rewards.PNG pos=(679, 957) time=0.78s confidence=0.8
2026-06-23 13:32:11 | INFO | each_eight_hours.py:204 | Rewards detected, exiting match
2026-06-23 13:32:11 | INFO | my_functions.py:247 | [DEBUG] Buscando en paralelo: ['collect_rewards.PNG'] | timeout=20s | confidence=0.8
2026-06-23 13:32:13 | INFO | my_functions.py:134 | Haciendo click en la posición (679, 957)
2026-06-23 13:32:13 | INFO | my_functions.py:269 | 🖱️ Click OK (En paralelo): collect_rewards.PNG at (679, 957) delay=1s
2026-06-23 13:32:14 | INFO | my_functions.py:247 | [DEBUG] Buscando en paralelo: ['next.PNG'] | timeout=20s | confidence=0.8
2026-06-23 13:32:20 | INFO | my_functions.py:134 | Haciendo click en la posición (677, 973)
2026-06-23 13:32:20 | INFO | my_functions.py:269 | 🖱️ Click OK (En paralelo): next.PNG at (677, 973) delay=1s
2026-06-23 13:32:24 | INFO | my_functions.py:533 | AVAILABLE: 6
2026-06-23 13:32:24 | INFO | each_eight_hours.py:271 | Submissions after match: 6
2026-06-23 13:32:24 | INFO | my_functions.py:555 | Misiones completadas: 3
2026-06-23 13:32:24 | INFO | each_eight_hours.py:275 | Submission condition met, breaking loop
2026-06-23 13:32:24 | INFO | my_functions.py:247 | [DEBUG] Buscando en paralelo: ['missionsNotify2.png'] | timeout=20s | confidence=0.8
2026-06-23 13:32:27 | INFO | my_functions.py:134 | Haciendo click en la posición (538, 124)
2026-06-23 13:32:27 | INFO | my_functions.py:269 | 🖱️ Click OK (En paralelo): missionsNotify2.png at (538, 124) delay=3s
2026-06-23 13:32:28 | INFO | my_functions.py:1472 | [INFO] Iniciando click_missions_blue2
2026-06-23 13:32:28 | INFO | my_functions.py:134 | Haciendo click en la posición (150, 132)
2026-06-23 13:32:30 | INFO | my_functions.py:1475 | [ACTION] Click hecho en icono de calendario que me dirige a las misiones ordinarias
2026-06-23 13:32:30 | INFO | my_functions.py:169 | Searching bonus_challenge.png (timeout=0s)
2026-06-23 13:32:30 | INFO | my_functions.py:213 | 
⛔ Not found: bonus_challenge.png after 0.0s region=(0, 0, 765, 1038) confidence=0.8
2026-06-23 13:32:32 | INFO | my_functions.py:134 | Haciendo click en la posición (362, 493)
2026-06-23 13:32:33 | INFO | my_functions.py:1488 | [ACTION] Click 1/3 en misión azul
2026-06-23 13:32:34 | INFO | my_functions.py:134 | Haciendo click en la posición (362, 493)
2026-06-23 13:32:35 | INFO | my_functions.py:1488 | [ACTION] Click 2/3 en misión azul
2026-06-23 13:32:36 | INFO | my_functions.py:134 | Haciendo click en la posición (362, 493)
2026-06-23 13:32:37 | INFO | my_functions.py:1488 | [ACTION] Click 3/3 en misión azul
2026-06-23 13:32:37 | INFO | my_functions.py:169 | Searching flechita_mission.PNG (timeout=0s)
2026-06-23 13:32:38 | INFO | my_functions.py:213 | 
⛔ Not found: flechita_mission.PNG after 0.0s region=(0, 0, 765, 1038) confidence=0.8
2026-06-23 13:32:38 | INFO | my_functions.py:247 | [DEBUG] Buscando en paralelo: ['weekly3.PNG'] | timeout=0s | confidence=0.8
2026-06-23 13:32:39 | INFO | my_functions.py:281 | [DEBUG] Click skipped, ninguna de las imágenes se encontró en el intento.
2026-06-23 13:32:40 | INFO | my_functions.py:247 | [DEBUG] Buscando en paralelo: ['weekly3.PNG'] | timeout=0s | confidence=0.8
2026-06-23 13:32:41 | INFO | my_functions.py:281 | [DEBUG] Click skipped, ninguna de las imágenes se encontró en el intento.
2026-06-23 13:32:42 | INFO | my_functions.py:134 | Haciendo click en la posición (557, 64)
2026-06-23 13:32:43 | INFO | my_functions.py:247 | [DEBUG] Buscando en paralelo: ['cards_shop.PNG'] | timeout=20s | confidence=0.8
2026-06-23 13:32:46 | INFO | my_functions.py:134 | Haciendo click en la posición (568, 121)
2026-06-23 13:32:46 | INFO | my_functions.py:269 | 🖱️ Click OK (En paralelo): cards_shop.PNG at (568, 121) delay=1s
2026-06-23 13:32:47 | INFO | my_functions.py:247 | [DEBUG] Buscando en paralelo: ['token_icon.PNG'] | timeout=20s | confidence=0.8
2026-06-23 13:32:49 | INFO | my_functions.py:134 | Haciendo click en la posición (531, 171)
2026-06-23 13:32:49 | INFO | my_functions.py:269 | 🖱️ Click OK (En paralelo): token_icon.PNG at (531, 171) delay=1s
2026-06-23 13:32:52 | INFO | my_functions.py:247 | [DEBUG] Buscando en paralelo: ['claim!_token_3.PNG'] | timeout=4s | confidence=0.8
2026-06-23 13:32:57 | INFO | my_functions.py:281 | [DEBUG] Click skipped, ninguna de las imágenes se encontró en el intento.
2026-06-23 13:32:58 | INFO | my_functions.py:247 | [DEBUG] Buscando en paralelo: ['cards_shop.PNG'] | timeout=20s | confidence=0.8
2026-06-23 13:33:00 | INFO | my_functions.py:134 | Haciendo click en la posición (568, 122)
2026-06-23 13:33:00 | INFO | my_functions.py:269 | 🖱️ Click OK (En paralelo): cards_shop.PNG at (568, 122) delay=1s
2026-06-23 13:33:01 | INFO | my_functions.py:247 | [DEBUG] Buscando en paralelo: ['offers.PNG'] | timeout=20s | confidence=0.8
2026-06-23 13:33:03 | INFO | my_functions.py:134 | Haciendo click en la posición (197, 121)
2026-06-23 13:33:03 | INFO | my_functions.py:269 | 🖱️ Click OK (En paralelo): offers.PNG at (197, 121) delay=1s
2026-06-23 13:33:06 | INFO | my_functions.py:1356 | [INFO] Iniciando mejora de cartas
2026-06-23 13:33:06 | INFO | my_functions.py:247 | [DEBUG] Buscando en paralelo: ['upgrade_cards_icon.PNG'] | timeout=20s | confidence=0.8
2026-06-23 13:33:08 | INFO | my_functions.py:134 | Haciendo click en la posición (322, 170)
2026-06-23 13:33:08 | INFO | my_functions.py:269 | 🖱️ Click OK (En paralelo): upgrade_cards_icon.PNG at (322, 170) delay=1s
2026-06-23 13:33:10 | INFO | my_functions.py:1360 | [INFO] Abriendo icono de upgrade_cards
2026-06-23 13:33:11 | INFO | my_functions.py:1367 | [STEP] Mejorando carta 1
2026-06-23 13:33:11 | INFO | my_functions.py:1371 | [ACTION] Click en carta 1
2026-06-23 13:33:12 | INFO | my_functions.py:1376 | [ACTION] Click en botón upgrade
2026-06-23 13:33:19 | INFO | my_functions.py:169 | Searching aw_snap.png (timeout=3s)
2026-06-23 13:33:23 | INFO | my_functions.py:213 | 
⛔ Not found: aw_snap.png after 3.1s region=(0, 0, 765, 1038) confidence=0.8
2026-06-23 13:33:23 | INFO | my_functions.py:247 | [DEBUG] Buscando en paralelo: ['you_need_more_credits!.png'] | timeout=3s | confidence=0.8
2026-06-23 13:33:24 | INFO | my_functions.py:134 | Haciendo click en la posición (381, 345)
2026-06-23 13:33:24 | INFO | my_functions.py:269 | 🖱️ Click OK (En paralelo): you_need_more_credits!.png at (381, 345) delay=1s
2026-06-23 13:33:25 | INFO | my_functions.py:142 | Presionando ESC (1/2)
2026-06-23 13:33:26 | INFO | my_functions.py:142 | Presionando ESC (2/2)
2026-06-23 13:33:29 | INFO | my_functions.py:1435 | [INFO] Mejora de cartas completada ✅
2026-06-23 13:33:29 | INFO | my_functions.py:142 | Presionando ESC (1/1)
2026-06-23 13:33:29 | INFO | my_functions.py:247 | [DEBUG] Buscando en paralelo: ['white_x.png'] | timeout=2s | confidence=0.8
2026-06-23 13:33:32 | INFO | my_functions.py:281 | [DEBUG] Click skipped, ninguna de las imágenes se encontró en el intento.
2026-06-23 13:33:33 | INFO | my_functions.py:247 | [DEBUG] Buscando en paralelo: ['nut.png'] | timeout=20s | confidence=0.8
2026-06-23 13:33:35 | INFO | my_functions.py:134 | Haciendo click en la posición (184, 78)
2026-06-23 13:33:35 | INFO | my_functions.py:269 | 🖱️ Click OK (En paralelo): nut.png at (184, 78) delay=1s
2026-06-23 13:33:36 | INFO | my_functions.py:247 | [DEBUG] Buscando en paralelo: ['graphics_quality.png'] | timeout=3s | confidence=0.8
2026-06-23 13:33:38 | INFO | my_functions.py:134 | Haciendo click en la posición (304, 644)
2026-06-23 13:33:38 | INFO | my_functions.py:269 | 🖱️ Click OK (En paralelo): graphics_quality.png at (304, 644) delay=1s
2026-06-23 13:33:40 | INFO | my_functions.py:247 | [DEBUG] Buscando en paralelo: ['sign_out.png'] | timeout=20s | confidence=0.8
2026-06-23 13:33:42 | INFO | my_functions.py:134 | Haciendo click en la posición (380, 796)
2026-06-23 13:33:42 | INFO | my_functions.py:269 | 🖱️ Click OK (En paralelo): sign_out.png at (380, 796) delay=1s
2026-06-23 13:33:44 | INFO | my_functions.py:247 | [DEBUG] Buscando en paralelo: ['sign_out_grande.png'] | timeout=20s | confidence=0.8
2026-06-23 13:33:45 | INFO | my_functions.py:134 | Haciendo click en la posición (359, 437)
2026-06-23 13:33:46 | INFO | my_functions.py:269 | 🖱️ Click OK (En paralelo): sign_out_grande.png at (359, 437) delay=1s
2026-06-23 13:33:47 | INFO | my_functions.py:247 | [DEBUG] Buscando en paralelo: ['sign_out2.png'] | timeout=20s | confidence=0.8
2026-06-23 13:33:48 | INFO | my_functions.py:134 | Haciendo click en la posición (383, 634)
2026-06-23 13:33:49 | INFO | my_functions.py:269 | 🖱️ Click OK (En paralelo): sign_out2.png at (383, 634) delay=1s
2026-06-23 13:33:50 | INFO | my_functions.py:1547 | ⏱ Esperando 0.1 segundos antes de empezar...
2026-06-23 13:33:50 | INFO | my_functions.py:1554 | 🔍 Esperando ventana que contenga alguna de: SNAP (máx 20s)
2026-06-23 13:33:50 | INFO | my_functions.py:1566 | ✅ Ventana encontrada: 'SNAP'
2026-06-23 13:33:50 | INFO | my_functions.py:1581 | ✅ Ventana seleccionada: 'SNAP'
2026-06-23 13:33:52 | INFO | my_functions.py:1604 | 🔁 Reajuste #1...
2026-06-23 13:33:54 | INFO | my_functions.py:1611 | ✔ Verificación completa. Se hicieron 1 reajustes.
2026-06-23 13:33:58 | INFO | each_eight_hours.py:113 | Processing account: michael
2026-06-23 13:33:58 | INFO | my_functions.py:1547 | ⏱ Esperando 0.1 segundos antes de empezar...
2026-06-23 13:33:58 | INFO | my_functions.py:1554 | 🔍 Esperando ventana que contenga alguna de: ['SNAP'] (máx 20s)
2026-06-23 13:34:01 | INFO | my_functions.py:1566 | ✅ Ventana encontrada: 'SNAP'
2026-06-23 13:34:01 | INFO | my_functions.py:1581 | ✅ Ventana seleccionada: 'SNAP'
2026-06-23 13:34:03 | INFO | my_functions.py:1613 | ✔ Verificación completa. No hubo cambios después del primer ajuste.
2026-06-23 13:34:03 | INFO | my_functions.py:1206 | [DEBUG] Resizing SNAP window...
2026-06-23 13:34:03 | INFO | my_functions.py:1547 | ⏱ Esperando 0.1 segundos antes de empezar...
2026-06-23 13:34:03 | INFO | my_functions.py:1554 | 🔍 Esperando ventana que contenga alguna de: ['SNAP'] (máx 20s)
2026-06-23 13:34:03 | INFO | my_functions.py:1566 | ✅ Ventana encontrada: 'SNAP'
2026-06-23 13:34:03 | INFO | my_functions.py:1581 | ✅ Ventana seleccionada: 'SNAP'
2026-06-23 13:34:06 | INFO | my_functions.py:1613 | ✔ Verificación completa. No hubo cambios después del primer ajuste.
2026-06-23 13:34:06 | INFO | my_functions.py:247 | [DEBUG] Buscando en paralelo: ['small_submit.PNG', 'small_submit_hover.png', 'submit_hover_2.png', 'small_submit_hover_2.png'] | timeout=90s | confidence=0.8
2026-06-23 13:34:14 | INFO | my_functions.py:134 | Haciendo click en la posición (380, 642)
2026-06-23 13:34:14 | INFO | my_functions.py:269 | 🖱️ Click OK (En paralelo): small_submit.PNG at (380, 642) delay=0.2s
2026-06-23 13:34:17 | INFO | my_functions.py:247 | [DEBUG] Buscando en paralelo: ['small_submit.PNG', 'small_submit_hover.png', 'submit_hover_2.png', 'small_submit_hover_2.png'] | timeout=20s | confidence=0.8
2026-06-23 13:34:18 | INFO | my_functions.py:134 | Haciendo click en la posición (380, 721)
2026-06-23 13:34:19 | INFO | my_functions.py:269 | 🖱️ Click OK (En paralelo): small_submit.PNG at (380, 721) delay=0.2s
2026-06-23 13:34:20 | INFO | my_functions.py:1547 | ⏱ Esperando 0.1 segundos antes de empezar...
2026-06-23 13:34:20 | INFO | my_functions.py:1554 | 🔍 Esperando ventana que contenga alguna de: ['SNAP'] (máx 20s)
2026-06-23 13:34:20 | INFO | my_functions.py:1566 | ✅ Ventana encontrada: 'SNAP'
2026-06-23 13:34:20 | INFO | my_functions.py:1581 | ✅ Ventana seleccionada: 'SNAP'
2026-06-23 13:34:22 | INFO | my_functions.py:1604 | 🔁 Reajuste #1...
2026-06-23 13:34:23 | INFO | my_functions.py:1611 | ✔ Verificación completa. Se hicieron 1 reajustes.
2026-06-23 13:34:23 | INFO | my_functions.py:169 | Searching please_sign.png (timeout=0s)
2026-06-23 13:34:23 | INFO | my_functions.py:199 | 
✅ Found: please_sign.png pos=(383, 438) time=0.47s confidence=0.8
2026-06-23 13:34:23 | INFO | my_functions.py:247 | [DEBUG] Buscando en paralelo: ['ok_btn.png'] | timeout=20s | confidence=0.8
2026-06-23 13:34:25 | INFO | my_functions.py:134 | Haciendo click en la posición (382, 634)
2026-06-23 13:34:25 | INFO | my_functions.py:269 | 🖱️ Click OK (En paralelo): ok_btn.png at (382, 634) delay=1s
2026-06-23 13:34:26 | INFO | my_functions.py:247 | [DEBUG] Buscando en paralelo: ['small_submit.PNG', 'small_submit_hover.png', 'submit_hover_2.png', 'small_submit_hover_2.png'] | timeout=30s | confidence=0.8
2026-06-23 13:34:30 | INFO | my_functions.py:134 | Haciendo click en la posición (383, 643)
2026-06-23 13:34:30 | INFO | my_functions.py:269 | 🖱️ Click OK (En paralelo): small_submit_hover_2.png at (383, 643) delay=0.2s
2026-06-23 13:34:31 | INFO | my_functions.py:247 | [DEBUG] Buscando en paralelo: ['small_submit.PNG', 'small_submit_hover.png', 'submit_hover_2.png', 'small_submit_hover_2.png'] | timeout=20s | confidence=0.8
2026-06-23 13:34:32 | INFO | my_functions.py:134 | Haciendo click en la posición (380, 721)
2026-06-23 13:34:33 | INFO | my_functions.py:269 | 🖱️ Click OK (En paralelo): small_submit.PNG at (380, 721) delay=0.2s
2026-06-23 13:34:34 | INFO | my_functions.py:247 | [DEBUG] Buscando en paralelo: ['sign_in_with_google2.PNG'] | timeout=20s | confidence=0.8
2026-06-23 13:34:35 | INFO | my_functions.py:134 | Haciendo click en la posición (406, 957)
2026-06-23 13:34:35 | INFO | my_functions.py:269 | 🖱️ Click OK (En paralelo): sign_in_with_google2.PNG at (406, 957) delay=1s
2026-06-23 13:34:36 | INFO | my_functions.py:169 | Searching pagina_cargada.png (timeout=60s)
2026-06-23 13:34:43 | INFO | my_functions.py:199 | 
✅ Found: pagina_cargada.png pos=(70, 24) time=6.63s confidence=0.8
2026-06-23 13:34:43 | INFO | my_functions.py:247 | [DEBUG] Buscando en paralelo: ['michael.png'] | timeout=0s | confidence=0.8
2026-06-23 13:34:47 | INFO | my_functions.py:134 | Haciendo click en la posición (1156, 878)
2026-06-23 13:34:47 | INFO | my_functions.py:269 | 🖱️ Click OK (En paralelo): michael.png at (1156, 878) delay=3s
2026-06-23 13:34:49 | INFO | my_functions.py:169 | Searching marvelsnap_web.png (timeout=30s)
2026-06-23 13:34:54 | INFO | my_functions.py:199 | 
✅ Found: marvelsnap_web.png pos=(258, 80) time=5.74s confidence=0.7
2026-06-23 13:34:55 | INFO | my_functions.py:169 | Searching shop_unselected.PNG (timeout=0s)
2026-06-23 13:34:55 | INFO | my_functions.py:213 | 
⛔ Not found: shop_unselected.PNG after 0.01s region=(0, 0, 765, 1038) confidence=0.8
2026-06-23 13:34:55 | INFO | my_functions.py:247 | [DEBUG] Buscando en paralelo: ['super_premium.PNG'] | timeout=0s | confidence=0.8
2026-06-23 13:34:56 | INFO | my_functions.py:281 | [DEBUG] Click skipped, ninguna de las imágenes se encontró en el intento.
2026-06-23 13:34:57 | INFO | my_functions.py:247 | [DEBUG] Buscando en paralelo: ['maybe_later.PNG'] | timeout=0s | confidence=0.8
2026-06-23 13:34:58 | INFO | my_functions.py:281 | [DEBUG] Click skipped, ninguna de las imágenes se encontró en el intento.
2026-06-23 13:34:59 | INFO | my_functions.py:247 | [DEBUG] Buscando en paralelo: ['maybe_later2.PNG'] | timeout=0s | confidence=0.8
2026-06-23 13:35:00 | INFO | my_functions.py:281 | [DEBUG] Click skipped, ninguna de las imágenes se encontró en el intento.
2026-06-23 13:35:01 | INFO | my_functions.py:169 | Searching go_to_shop.PNG (timeout=0s)
2026-06-23 13:35:02 | INFO | my_functions.py:213 | 
⛔ Not found: go_to_shop.PNG after 0.53s region=(0, 0, 765, 1038) confidence=0.8
2026-06-23 13:35:02 | INFO | my_functions.py:247 | [DEBUG] Buscando en paralelo: ['14_days_of_winterverse.PNG'] | timeout=0s | confidence=0.8
2026-06-23 13:35:02 | INFO | my_functions.py:281 | [DEBUG] Click skipped, ninguna de las imágenes se encontró en el intento.
2026-06-23 13:35:03 | INFO | my_functions.py:169 | Searching welcome_back_calendar.PNG (timeout=0s)
2026-06-23 13:35:04 | INFO | my_functions.py:213 | 
⛔ Not found: welcome_back_calendar.PNG after 0.0s region=(0, 0, 765, 1038) confidence=0.8
2026-06-23 13:35:04 | INFO | my_functions.py:247 | [DEBUG] Buscando en paralelo: ['start_the_countdown.PNG'] | timeout=0s | confidence=0.8
2026-06-23 13:35:04 | INFO | my_functions.py:281 | [DEBUG] Click skipped, ninguna de las imágenes se encontró en el intento.
2026-06-23 13:35:05 | INFO | my_functions.py:247 | [DEBUG] Buscando en paralelo: ['event_has_ended_sanctum.PNG'] | timeout=0s | confidence=0.8
2026-06-23 13:35:06 | INFO | my_functions.py:281 | [DEBUG] Click skipped, ninguna de las imágenes se encontró en el intento.
2026-06-23 13:35:07 | INFO | my_functions.py:247 | [DEBUG] Buscando en paralelo: ['event_has_ended_teamclash.PNG'] | timeout=0s | confidence=0.8
2026-06-23 13:35:08 | INFO | my_functions.py:281 | [DEBUG] Click skipped, ninguna de las imágenes se encontró en el intento.
2026-06-23 13:35:09 | INFO | my_functions.py:247 | [DEBUG] Buscando en paralelo: ['image_part_of_event_grand_arena_finished.PNG'] | timeout=0s | confidence=0.8
2026-06-23 13:35:09 | INFO | my_functions.py:281 | [DEBUG] Click skipped, ninguna de las imágenes se encontró en el intento.
2026-06-23 13:35:11 | INFO | my_functions.py:169 | Searching 28_day_event_login_rewards.PNG (timeout=0s)
2026-06-23 13:35:11 | INFO | my_functions.py:213 | 
⛔ Not found: 28_day_event_login_rewards.PNG after 0.0s region=(0, 0, 765, 1038) confidence=0.8
2026-06-23 13:35:11 | INFO | my_functions.py:169 | Searching 7_day_event_login.PNG (timeout=0s)
2026-06-23 13:35:12 | INFO | my_functions.py:213 | 
⛔ Not found: 7_day_event_login.PNG after 0.0s region=(0, 0, 765, 1038) confidence=0.8
2026-06-23 13:35:12 | INFO | my_functions.py:169 | Searching 14_days_event.PNG (timeout=0s)
2026-06-23 13:35:12 | INFO | my_functions.py:213 | 
⛔ Not found: 14_days_event.PNG after 0.0s region=(0, 0, 765, 1038) confidence=0.8
2026-06-23 13:35:12 | INFO | my_functions.py:247 | [DEBUG] Buscando en paralelo: ['lets_go.PNG'] | timeout=0s | confidence=0.8
2026-06-23 13:35:13 | INFO | my_functions.py:281 | [DEBUG] Click skipped, ninguna de las imágenes se encontró en el intento.
2026-06-23 13:35:15 | INFO | my_functions.py:169 | Searching shop_unselected.PNG (timeout=0s)
2026-06-23 13:35:15 | INFO | my_functions.py:213 | 
⛔ Not found: shop_unselected.PNG after 0.0s region=(0, 0, 765, 1038) confidence=0.8
2026-06-23 13:35:15 | INFO | my_functions.py:247 | [DEBUG] Buscando en paralelo: ['super_premium.PNG'] | timeout=0s | confidence=0.8
2026-06-23 13:35:17 | INFO | my_functions.py:134 | Haciendo click en la posición (480, 777)
2026-06-23 13:35:17 | INFO | my_functions.py:269 | 🖱️ Click OK (En paralelo): super_premium.PNG at (480, 777) delay=1s
2026-06-23 13:35:18 | INFO | my_functions.py:142 | Presionando ESC (1/1)
2026-06-23 13:35:27 | INFO | my_functions.py:169 | Searching shop_unselected.PNG (timeout=0s)
2026-06-23 13:35:28 | INFO | my_functions.py:199 | 
✅ Found: shop_unselected.PNG pos=(88, 961) time=0.71s confidence=0.8
2026-06-23 13:35:28 | INFO | my_functions.py:714 | Ya esta listo
2026-06-23 13:35:32 | INFO | my_functions.py:533 | AVAILABLE: 6
2026-06-23 13:35:32 | INFO | my_functions.py:555 | Misiones completadas: 0
2026-06-23 13:35:32 | INFO | my_functions.py:169 | Searching play.PNG (timeout=0s)
2026-06-23 13:35:32 | INFO | my_functions.py:199 | 
✅ Found: play.PNG pos=(384, 825) time=0.65s confidence=0.8
2026-06-23 13:35:33 | INFO | my_functions.py:1442 | [INFO] Click realizado donde se equipa el deck a jugar
2026-06-23 13:35:37 | INFO | my_functions.py:247 | [DEBUG] Buscando en paralelo: ['deck_666666.png'] | timeout=3s | confidence=0.8
2026-06-23 13:35:38 | INFO | my_functions.py:134 | Haciendo click en la posición (234, 702)
2026-06-23 13:35:39 | INFO | my_functions.py:269 | 🖱️ Click OK (En paralelo): deck_666666.png at (234, 702) delay=1s
2026-06-23 13:35:40 | INFO | my_functions.py:247 | [DEBUG] Buscando en paralelo: ['equip.png'] | timeout=3s | confidence=0.95
2026-06-23 13:35:42 | INFO | my_functions.py:134 | Haciendo click en la posición (548, 983)
2026-06-23 13:35:42 | INFO | my_functions.py:269 | 🖱️ Click OK (En paralelo): equip.png at (548, 983) delay=1s
2026-06-23 13:35:43 | INFO | each_eight_hours.py:134 | Deck selected: 6turns
2026-06-23 13:35:43 | INFO | my_functions.py:247 | [DEBUG] Buscando en paralelo: ['maybe_later.PNG'] | timeout=2s | confidence=0.8
2026-06-23 13:35:45 | INFO | my_functions.py:281 | [DEBUG] Click skipped, ninguna de las imágenes se encontró en el intento.
2026-06-23 13:35:47 | INFO | my_functions.py:247 | [DEBUG] Buscando en paralelo: ['maybe_later2.PNG'] | timeout=0.01s | confidence=0.8
2026-06-23 13:35:47 | INFO | my_functions.py:281 | [DEBUG] Click skipped, ninguna de las imágenes se encontró en el intento.
2026-06-23 13:35:48 | INFO | each_eight_hours.py:148 | Starting game loop 1
2026-06-23 13:35:48 | INFO | my_functions.py:247 | [DEBUG] Buscando en paralelo: ['play.PNG'] | timeout=20s | confidence=0.8
2026-06-23 13:35:52 | INFO | my_functions.py:134 | Haciendo click en la posición (384, 824)
2026-06-23 13:35:52 | INFO | my_functions.py:269 | 🖱️ Click OK (En paralelo): play.PNG at (384, 824) delay=3s
2026-06-23 13:36:09 | INFO | my_functions.py:199 | 
✅ Found: end_turn.PNG pos=(681, 945) time=0.64s confidence=0.8
2026-06-23 13:36:09 | INFO | my_functions.py:247 | [DEBUG] Buscando en paralelo: ['snap.PNG'] | timeout=0s | confidence=0.8
2026-06-23 13:36:10 | INFO | my_functions.py:134 | Haciendo click en la posición (386, 123)
2026-06-23 13:36:11 | INFO | my_functions.py:269 | 🖱️ Click OK (En paralelo): snap.PNG at (386, 123) delay=1s
2026-06-23 13:36:17 | INFO | my_functions.py:247 | [DEBUG] Buscando en paralelo: ['end_turn.PNG'] | timeout=0s | confidence=0.8
2026-06-23 13:36:19 | INFO | my_functions.py:134 | Haciendo click en la posición (682, 946)
2026-06-23 13:36:19 | INFO | my_functions.py:269 | 🖱️ Click OK (En paralelo): end_turn.PNG at (682, 946) delay=1s
2026-06-23 13:36:20 | INFO | each_eight_hours.py:165 | End turn executed
2026-06-23 13:36:33 | INFO | my_functions.py:199 | 
✅ Found: end_turn.PNG pos=(681, 945) time=0.64s confidence=0.8
2026-06-23 13:36:33 | INFO | my_functions.py:247 | [DEBUG] Buscando en paralelo: ['snap.PNG'] | timeout=0s | confidence=0.8
2026-06-23 13:36:34 | INFO | my_functions.py:281 | [DEBUG] Click skipped, ninguna de las imágenes se encontró en el intento.
2026-06-23 13:36:40 | INFO | my_functions.py:247 | [DEBUG] Buscando en paralelo: ['end_turn.PNG'] | timeout=0s | confidence=0.8
2026-06-23 13:36:41 | INFO | my_functions.py:134 | Haciendo click en la posición (682, 945)
2026-06-23 13:36:42 | INFO | my_functions.py:269 | 🖱️ Click OK (En paralelo): end_turn.PNG at (682, 945) delay=1s
2026-06-23 13:36:43 | INFO | each_eight_hours.py:165 | End turn executed
2026-06-23 13:36:52 | INFO | my_functions.py:199 | 
✅ Found: end_turn.PNG pos=(681, 945) time=0.67s confidence=0.8
2026-06-23 13:36:52 | INFO | my_functions.py:247 | [DEBUG] Buscando en paralelo: ['snap.PNG'] | timeout=0s | confidence=0.8
2026-06-23 13:36:53 | INFO | my_functions.py:281 | [DEBUG] Click skipped, ninguna de las imágenes se encontró en el intento.
2026-06-23 13:36:59 | INFO | my_functions.py:247 | [DEBUG] Buscando en paralelo: ['end_turn.PNG'] | timeout=0s | confidence=0.8
2026-06-23 13:37:01 | INFO | my_functions.py:134 | Haciendo click en la posición (682, 945)
2026-06-23 13:37:01 | INFO | my_functions.py:269 | 🖱️ Click OK (En paralelo): end_turn.PNG at (682, 945) delay=1s
2026-06-23 13:37:02 | INFO | each_eight_hours.py:165 | End turn executed
2026-06-23 13:37:05 | INFO | my_functions.py:199 | 
✅ Found: end_turn.PNG pos=(681, 945) time=0.66s confidence=0.8
2026-06-23 13:37:05 | INFO | my_functions.py:247 | [DEBUG] Buscando en paralelo: ['snap.PNG'] | timeout=0s | confidence=0.8
2026-06-23 13:37:06 | INFO | my_functions.py:281 | [DEBUG] Click skipped, ninguna de las imágenes se encontró en el intento.
2026-06-23 13:37:12 | INFO | my_functions.py:247 | [DEBUG] Buscando en paralelo: ['end_turn.PNG'] | timeout=0s | confidence=0.8
2026-06-23 13:37:14 | INFO | my_functions.py:134 | Haciendo click en la posición (682, 945)
2026-06-23 13:37:14 | INFO | my_functions.py:269 | 🖱️ Click OK (En paralelo): end_turn.PNG at (682, 945) delay=1s
2026-06-23 13:37:15 | INFO | each_eight_hours.py:165 | End turn executed
2026-06-23 13:37:34 | INFO | my_functions.py:199 | 
✅ Found: end_turn.PNG pos=(681, 945) time=0.64s confidence=0.8
2026-06-23 13:37:34 | INFO | my_functions.py:247 | [DEBUG] Buscando en paralelo: ['snap.PNG'] | timeout=0s | confidence=0.8
2026-06-23 13:37:35 | INFO | my_functions.py:281 | [DEBUG] Click skipped, ninguna de las imágenes se encontró en el intento.
2026-06-23 13:37:41 | INFO | my_functions.py:247 | [DEBUG] Buscando en paralelo: ['end_turn.PNG'] | timeout=0s | confidence=0.8
2026-06-23 13:37:43 | INFO | my_functions.py:134 | Haciendo click en la posición (682, 945)
2026-06-23 13:37:43 | INFO | my_functions.py:269 | 🖱️ Click OK (En paralelo): end_turn.PNG at (682, 945) delay=1s
2026-06-23 13:37:44 | INFO | each_eight_hours.py:165 | End turn executed
2026-06-23 13:38:01 | INFO | my_functions.py:199 | 
✅ Found: end_turn.PNG pos=(681, 945) time=0.68s confidence=0.8
2026-06-23 13:38:01 | INFO | my_functions.py:247 | [DEBUG] Buscando en paralelo: ['snap.PNG'] | timeout=0s | confidence=0.8
2026-06-23 13:38:02 | INFO | my_functions.py:281 | [DEBUG] Click skipped, ninguna de las imágenes se encontró en el intento.
2026-06-23 13:38:08 | INFO | my_functions.py:247 | [DEBUG] Buscando en paralelo: ['end_turn.PNG'] | timeout=0s | confidence=0.8
2026-06-23 13:38:10 | INFO | my_functions.py:134 | Haciendo click en la posición (681, 945)
2026-06-23 13:38:10 | INFO | my_functions.py:269 | 🖱️ Click OK (En paralelo): end_turn.PNG at (681, 945) delay=1s
2026-06-23 13:38:11 | INFO | each_eight_hours.py:165 | End turn executed
2026-06-23 13:38:46 | INFO | my_functions.py:199 | 
✅ Found: collect_rewards.PNG pos=(679, 957) time=0.82s confidence=0.8
2026-06-23 13:38:46 | INFO | each_eight_hours.py:204 | Rewards detected, exiting match
2026-06-23 13:38:46 | INFO | my_functions.py:247 | [DEBUG] Buscando en paralelo: ['collect_rewards.PNG'] | timeout=20s | confidence=0.8
2026-06-23 13:38:48 | INFO | my_functions.py:134 | Haciendo click en la posición (679, 957)
2026-06-23 13:38:48 | INFO | my_functions.py:269 | 🖱️ Click OK (En paralelo): collect_rewards.PNG at (679, 957) delay=1s
2026-06-23 13:38:49 | INFO | my_functions.py:247 | [DEBUG] Buscando en paralelo: ['next.PNG'] | timeout=20s | confidence=0.8
2026-06-23 13:38:56 | INFO | my_functions.py:134 | Haciendo click en la posición (677, 973)
2026-06-23 13:38:56 | INFO | my_functions.py:269 | 🖱️ Click OK (En paralelo): next.PNG at (677, 973) delay=1s
2026-06-23 13:38:59 | INFO | my_functions.py:533 | AVAILABLE: 6
2026-06-23 13:38:59 | INFO | each_eight_hours.py:271 | Submissions after match: 6
2026-06-23 13:38:59 | INFO | my_functions.py:555 | Misiones completadas: 0
2026-06-23 13:38:59 | INFO | each_eight_hours.py:148 | Starting game loop 2
2026-06-23 13:38:59 | INFO | my_functions.py:247 | [DEBUG] Buscando en paralelo: ['play.PNG'] | timeout=20s | confidence=0.8
2026-06-23 13:39:05 | INFO | my_functions.py:134 | Haciendo click en la posición (384, 824)
2026-06-23 13:39:05 | INFO | my_functions.py:269 | 🖱️ Click OK (En paralelo): play.PNG at (384, 824) delay=3s
2026-06-23 13:39:25 | INFO | my_functions.py:199 | 
✅ Found: end_turn.PNG pos=(681, 945) time=0.65s confidence=0.8
2026-06-23 13:39:25 | INFO | my_functions.py:247 | [DEBUG] Buscando en paralelo: ['snap.PNG'] | timeout=0s | confidence=0.8
2026-06-23 13:39:26 | INFO | my_functions.py:134 | Haciendo click en la posición (386, 123)
2026-06-23 13:39:27 | INFO | my_functions.py:269 | 🖱️ Click OK (En paralelo): snap.PNG at (386, 123) delay=1s
2026-06-23 13:39:33 | INFO | my_functions.py:247 | [DEBUG] Buscando en paralelo: ['end_turn.PNG'] | timeout=0s | confidence=0.8
2026-06-23 13:39:35 | INFO | my_functions.py:134 | Haciendo click en la posición (682, 946)
2026-06-23 13:39:35 | INFO | my_functions.py:269 | 🖱️ Click OK (En paralelo): end_turn.PNG at (682, 946) delay=1s
2026-06-23 13:39:36 | INFO | each_eight_hours.py:165 | End turn executed
2026-06-23 13:39:53 | INFO | my_functions.py:199 | 
✅ Found: end_turn.PNG pos=(681, 945) time=0.7s confidence=0.8
2026-06-23 13:39:53 | INFO | my_functions.py:247 | [DEBUG] Buscando en paralelo: ['snap.PNG'] | timeout=0s | confidence=0.8
2026-06-23 13:39:53 | INFO | my_functions.py:281 | [DEBUG] Click skipped, ninguna de las imágenes se encontró en el intento.
2026-06-23 13:40:00 | INFO | my_functions.py:247 | [DEBUG] Buscando en paralelo: ['end_turn.PNG'] | timeout=0s | confidence=0.8
2026-06-23 13:40:01 | INFO | my_functions.py:134 | Haciendo click en la posición (682, 945)
2026-06-23 13:40:02 | INFO | my_functions.py:269 | 🖱️ Click OK (En paralelo): end_turn.PNG at (682, 945) delay=1s
2026-06-23 13:40:03 | INFO | each_eight_hours.py:165 | End turn executed
2026-06-23 13:40:23 | INFO | my_functions.py:199 | 
✅ Found: end_turn.PNG pos=(681, 945) time=0.72s confidence=0.8
2026-06-23 13:40:23 | INFO | my_functions.py:247 | [DEBUG] Buscando en paralelo: ['snap.PNG'] | timeout=0s | confidence=0.8
2026-06-23 13:40:23 | INFO | my_functions.py:281 | [DEBUG] Click skipped, ninguna de las imágenes se encontró en el intento.
2026-06-23 13:40:30 | INFO | my_functions.py:247 | [DEBUG] Buscando en paralelo: ['end_turn.PNG'] | timeout=0s | confidence=0.8
2026-06-23 13:40:31 | INFO | my_functions.py:134 | Haciendo click en la posición (682, 945)
2026-06-23 13:40:31 | INFO | my_functions.py:269 | 🖱️ Click OK (En paralelo): end_turn.PNG at (682, 945) delay=1s
2026-06-23 13:40:33 | INFO | each_eight_hours.py:165 | End turn executed
2026-06-23 13:40:39 | INFO | my_functions.py:199 | 
✅ Found: end_turn.PNG pos=(681, 945) time=0.65s confidence=0.8
2026-06-23 13:40:39 | INFO | my_functions.py:247 | [DEBUG] Buscando en paralelo: ['snap.PNG'] | timeout=0s | confidence=0.8
2026-06-23 13:40:40 | INFO | my_functions.py:281 | [DEBUG] Click skipped, ninguna de las imágenes se encontró en el intento.
2026-06-23 13:40:46 | INFO | my_functions.py:247 | [DEBUG] Buscando en paralelo: ['end_turn.PNG'] | timeout=0s | confidence=0.8
2026-06-23 13:40:48 | INFO | my_functions.py:134 | Haciendo click en la posición (682, 945)
2026-06-23 13:40:48 | INFO | my_functions.py:269 | 🖱️ Click OK (En paralelo): end_turn.PNG at (682, 945) delay=1s
2026-06-23 13:40:49 | INFO | each_eight_hours.py:165 | End turn executed
2026-06-23 13:41:03 | INFO | my_functions.py:199 | 
✅ Found: end_turn.PNG pos=(681, 945) time=0.65s confidence=0.8
2026-06-23 13:41:03 | INFO | my_functions.py:247 | [DEBUG] Buscando en paralelo: ['snap.PNG'] | timeout=0s | confidence=0.8
2026-06-23 13:41:04 | INFO | my_functions.py:281 | [DEBUG] Click skipped, ninguna de las imágenes se encontró en el intento.
2026-06-23 13:41:10 | INFO | my_functions.py:247 | [DEBUG] Buscando en paralelo: ['end_turn.PNG'] | timeout=0s | confidence=0.8
2026-06-23 13:41:11 | INFO | my_functions.py:134 | Haciendo click en la posición (682, 945)
2026-06-23 13:41:12 | INFO | my_functions.py:269 | 🖱️ Click OK (En paralelo): end_turn.PNG at (682, 945) delay=1s
2026-06-23 13:41:13 | INFO | each_eight_hours.py:165 | End turn executed
2026-06-23 13:41:19 | INFO | my_functions.py:199 | 
✅ Found: end_turn.PNG pos=(681, 945) time=0.66s confidence=0.8
2026-06-23 13:41:19 | INFO | my_functions.py:247 | [DEBUG] Buscando en paralelo: ['snap.PNG'] | timeout=0s | confidence=0.8
2026-06-23 13:41:20 | INFO | my_functions.py:281 | [DEBUG] Click skipped, ninguna de las imágenes se encontró en el intento.
2026-06-23 13:41:26 | INFO | my_functions.py:247 | [DEBUG] Buscando en paralelo: ['end_turn.PNG'] | timeout=0s | confidence=0.8
2026-06-23 13:41:28 | INFO | my_functions.py:134 | Haciendo click en la posición (681, 945)
2026-06-23 13:41:28 | INFO | my_functions.py:269 | 🖱️ Click OK (En paralelo): end_turn.PNG at (681, 945) delay=1s
2026-06-23 13:41:29 | INFO | each_eight_hours.py:165 | End turn executed
2026-06-23 13:41:48 | INFO | my_functions.py:199 | 
✅ Found: collect_rewards.PNG pos=(679, 957) time=0.75s confidence=0.8
2026-06-23 13:41:48 | INFO | each_eight_hours.py:204 | Rewards detected, exiting match
2026-06-23 13:41:48 | INFO | my_functions.py:247 | [DEBUG] Buscando en paralelo: ['collect_rewards.PNG'] | timeout=20s | confidence=0.8
2026-06-23 13:41:50 | INFO | my_functions.py:134 | Haciendo click en la posición (679, 957)
2026-06-23 13:41:50 | INFO | my_functions.py:269 | 🖱️ Click OK (En paralelo): collect_rewards.PNG at (679, 957) delay=1s
2026-06-23 13:41:51 | INFO | my_functions.py:247 | [DEBUG] Buscando en paralelo: ['next.PNG'] | timeout=20s | confidence=0.8
2026-06-23 13:41:57 | INFO | my_functions.py:134 | Haciendo click en la posición (677, 973)
2026-06-23 13:41:57 | INFO | my_functions.py:269 | 🖱️ Click OK (En paralelo): next.PNG at (677, 973) delay=1s
2026-06-23 13:42:00 | INFO | my_functions.py:533 | AVAILABLE: 6
2026-06-23 13:42:00 | INFO | each_eight_hours.py:271 | Submissions after match: 6
2026-06-23 13:42:00 | INFO | my_functions.py:555 | Misiones completadas: 2
2026-06-23 13:42:00 | INFO | each_eight_hours.py:275 | Submission condition met, breaking loop
2026-06-23 13:42:00 | INFO | my_functions.py:247 | [DEBUG] Buscando en paralelo: ['missionsNotify2.png'] | timeout=20s | confidence=0.8
2026-06-23 13:42:04 | INFO | my_functions.py:134 | Haciendo click en la posición (538, 124)
2026-06-23 13:42:04 | INFO | my_functions.py:269 | 🖱️ Click OK (En paralelo): missionsNotify2.png at (538, 124) delay=3s
2026-06-23 13:42:05 | INFO | my_functions.py:1472 | [INFO] Iniciando click_missions_blue2
2026-06-23 13:42:05 | INFO | my_functions.py:134 | Haciendo click en la posición (150, 132)
2026-06-23 13:42:06 | INFO | my_functions.py:1475 | [ACTION] Click hecho en icono de calendario que me dirige a las misiones ordinarias
2026-06-23 13:42:06 | INFO | my_functions.py:169 | Searching bonus_challenge.png (timeout=0s)
2026-06-23 13:42:07 | INFO | my_functions.py:213 | 
⛔ Not found: bonus_challenge.png after 0.0s region=(0, 0, 765, 1038) confidence=0.8
2026-06-23 13:42:09 | INFO | my_functions.py:134 | Haciendo click en la posición (362, 493)
2026-06-23 13:42:10 | INFO | my_functions.py:1488 | [ACTION] Click 1/2 en misión azul
2026-06-23 13:42:10 | INFO | my_functions.py:134 | Haciendo click en la posición (362, 493)
2026-06-23 13:42:12 | INFO | my_functions.py:1488 | [ACTION] Click 2/2 en misión azul
2026-06-23 13:42:12 | INFO | my_functions.py:169 | Searching flechita_mission.PNG (timeout=0s)
2026-06-23 13:42:13 | INFO | my_functions.py:213 | 
⛔ Not found: flechita_mission.PNG after 0.0s region=(0, 0, 765, 1038) confidence=0.8
2026-06-23 13:42:13 | INFO | my_functions.py:247 | [DEBUG] Buscando en paralelo: ['weekly3.PNG'] | timeout=0s | confidence=0.8
2026-06-23 13:42:14 | INFO | my_functions.py:281 | [DEBUG] Click skipped, ninguna de las imágenes se encontró en el intento.
2026-06-23 13:42:15 | INFO | my_functions.py:247 | [DEBUG] Buscando en paralelo: ['weekly3.PNG'] | timeout=0s | confidence=0.8
2026-06-23 13:42:16 | INFO | my_functions.py:281 | [DEBUG] Click skipped, ninguna de las imágenes se encontró en el intento.
2026-06-23 13:42:17 | INFO | my_functions.py:134 | Haciendo click en la posición (557, 64)
2026-06-23 13:42:18 | INFO | my_functions.py:247 | [DEBUG] Buscando en paralelo: ['cards_shop.PNG'] | timeout=20s | confidence=0.8
2026-06-23 13:42:21 | INFO | my_functions.py:134 | Haciendo click en la posición (568, 121)
2026-06-23 13:42:21 | INFO | my_functions.py:269 | 🖱️ Click OK (En paralelo): cards_shop.PNG at (568, 121) delay=1s
2026-06-23 13:42:22 | INFO | my_functions.py:247 | [DEBUG] Buscando en paralelo: ['token_icon.PNG'] | timeout=20s | confidence=0.8
2026-06-23 13:42:24 | INFO | my_functions.py:134 | Haciendo click en la posición (531, 171)
2026-06-23 13:42:25 | INFO | my_functions.py:269 | 🖱️ Click OK (En paralelo): token_icon.PNG at (531, 171) delay=1s
2026-06-23 13:42:28 | INFO | my_functions.py:247 | [DEBUG] Buscando en paralelo: ['claim!_token_3.PNG'] | timeout=4s | confidence=0.8
2026-06-23 13:42:32 | INFO | my_functions.py:281 | [DEBUG] Click skipped, ninguna de las imágenes se encontró en el intento.
2026-06-23 13:42:33 | INFO | my_functions.py:247 | [DEBUG] Buscando en paralelo: ['cards_shop.PNG'] | timeout=20s | confidence=0.8
2026-06-23 13:42:35 | INFO | my_functions.py:134 | Haciendo click en la posición (568, 122)
2026-06-23 13:42:35 | INFO | my_functions.py:269 | 🖱️ Click OK (En paralelo): cards_shop.PNG at (568, 122) delay=1s
2026-06-23 13:42:36 | INFO | my_functions.py:247 | [DEBUG] Buscando en paralelo: ['offers.PNG'] | timeout=20s | confidence=0.8
2026-06-23 13:42:38 | INFO | my_functions.py:134 | Haciendo click en la posición (197, 121)
2026-06-23 13:42:38 | INFO | my_functions.py:269 | 🖱️ Click OK (En paralelo): offers.PNG at (197, 121) delay=1s
2026-06-23 13:42:42 | INFO | my_functions.py:1356 | [INFO] Iniciando mejora de cartas
2026-06-23 13:42:42 | INFO | my_functions.py:247 | [DEBUG] Buscando en paralelo: ['upgrade_cards_icon.PNG'] | timeout=20s | confidence=0.8
2026-06-23 13:42:44 | INFO | my_functions.py:134 | Haciendo click en la posición (322, 170)
2026-06-23 13:42:44 | INFO | my_functions.py:269 | 🖱️ Click OK (En paralelo): upgrade_cards_icon.PNG at (322, 170) delay=1s
2026-06-23 13:42:45 | INFO | my_functions.py:1360 | [INFO] Abriendo icono de upgrade_cards
2026-06-23 13:42:46 | INFO | my_functions.py:1367 | [STEP] Mejorando carta 1
2026-06-23 13:42:46 | INFO | my_functions.py:1371 | [ACTION] Click en carta 1
2026-06-23 13:42:47 | INFO | my_functions.py:1376 | [ACTION] Click en botón upgrade
2026-06-23 13:42:54 | INFO | my_functions.py:169 | Searching aw_snap.png (timeout=3s)
2026-06-23 13:42:58 | INFO | my_functions.py:213 | 
⛔ Not found: aw_snap.png after 3.08s region=(0, 0, 765, 1038) confidence=0.8
2026-06-23 13:42:58 | INFO | my_functions.py:247 | [DEBUG] Buscando en paralelo: ['you_need_more_credits!.png'] | timeout=3s | confidence=0.8
2026-06-23 13:42:59 | INFO | my_functions.py:134 | Haciendo click en la posición (381, 345)
2026-06-23 13:43:00 | INFO | my_functions.py:269 | 🖱️ Click OK (En paralelo): you_need_more_credits!.png at (381, 345) delay=1s
2026-06-23 13:43:01 | INFO | my_functions.py:142 | Presionando ESC (1/2)
2026-06-23 13:43:01 | INFO | my_functions.py:142 | Presionando ESC (2/2)
2026-06-23 13:43:04 | INFO | my_functions.py:1435 | [INFO] Mejora de cartas completada ✅
2026-06-23 13:43:04 | INFO | my_functions.py:142 | Presionando ESC (1/1)
2026-06-23 13:43:04 | INFO | my_functions.py:247 | [DEBUG] Buscando en paralelo: ['white_x.png'] | timeout=2s | confidence=0.8
2026-06-23 13:43:07 | INFO | my_functions.py:281 | [DEBUG] Click skipped, ninguna de las imágenes se encontró en el intento.
2026-06-23 13:43:08 | INFO | my_functions.py:247 | [DEBUG] Buscando en paralelo: ['nut.png'] | timeout=20s | confidence=0.8
2026-06-23 13:43:10 | INFO | my_functions.py:134 | Haciendo click en la posición (184, 78)
2026-06-23 13:43:10 | INFO | my_functions.py:269 | 🖱️ Click OK (En paralelo): nut.png at (184, 78) delay=1s
2026-06-23 13:43:11 | INFO | my_functions.py:247 | [DEBUG] Buscando en paralelo: ['graphics_quality.png'] | timeout=3s | confidence=0.8
2026-06-23 13:43:13 | INFO | my_functions.py:134 | Haciendo click en la posición (304, 644)
2026-06-23 13:43:13 | INFO | my_functions.py:269 | 🖱️ Click OK (En paralelo): graphics_quality.png at (304, 644) delay=1s
2026-06-23 13:43:15 | INFO | my_functions.py:247 | [DEBUG] Buscando en paralelo: ['sign_out.png'] | timeout=20s | confidence=0.8
2026-06-23 13:43:17 | INFO | my_functions.py:134 | Haciendo click en la posición (380, 796)
2026-06-23 13:43:17 | INFO | my_functions.py:269 | 🖱️ Click OK (En paralelo): sign_out.png at (380, 796) delay=1s
2026-06-23 13:43:19 | INFO | my_functions.py:247 | [DEBUG] Buscando en paralelo: ['sign_out_grande.png'] | timeout=20s | confidence=0.8
2026-06-23 13:43:21 | INFO | my_functions.py:134 | Haciendo click en la posición (359, 437)
2026-06-23 13:43:21 | INFO | my_functions.py:269 | 🖱️ Click OK (En paralelo): sign_out_grande.png at (359, 437) delay=1s
2026-06-23 13:43:22 | INFO | my_functions.py:247 | [DEBUG] Buscando en paralelo: ['sign_out2.png'] | timeout=20s | confidence=0.8
2026-06-23 13:43:24 | INFO | my_functions.py:134 | Haciendo click en la posición (383, 634)
2026-06-23 13:43:24 | INFO | my_functions.py:269 | 🖱️ Click OK (En paralelo): sign_out2.png at (383, 634) delay=1s
2026-06-23 13:43:25 | INFO | my_functions.py:1547 | ⏱ Esperando 0.1 segundos antes de empezar...
2026-06-23 13:43:25 | INFO | my_functions.py:1554 | 🔍 Esperando ventana que contenga alguna de: SNAP (máx 20s)
2026-06-23 13:43:25 | INFO | my_functions.py:1566 | ✅ Ventana encontrada: 'SNAP'
2026-06-23 13:43:25 | INFO | my_functions.py:1581 | ✅ Ventana seleccionada: 'SNAP'
2026-06-23 13:43:27 | INFO | my_functions.py:1604 | 🔁 Reajuste #1...
2026-06-23 13:43:29 | INFO | my_functions.py:1611 | ✔ Verificación completa. Se hicieron 1 reajustes.
2026-06-23 13:43:33 | INFO | each_eight_hours.py:113 | Processing account: william
2026-06-23 13:43:34 | INFO | my_functions.py:1547 | ⏱ Esperando 0.1 segundos antes de empezar...
2026-06-23 13:43:34 | INFO | my_functions.py:1554 | 🔍 Esperando ventana que contenga alguna de: ['SNAP'] (máx 20s)
2026-06-23 13:43:36 | INFO | my_functions.py:1566 | ✅ Ventana encontrada: 'SNAP'
2026-06-23 13:43:36 | INFO | my_functions.py:1581 | ✅ Ventana seleccionada: 'SNAP'
2026-06-23 13:43:38 | INFO | my_functions.py:1613 | ✔ Verificación completa. No hubo cambios después del primer ajuste.
2026-06-23 13:43:38 | INFO | my_functions.py:1206 | [DEBUG] Resizing SNAP window...
2026-06-23 13:43:38 | INFO | my_functions.py:1547 | ⏱ Esperando 0.1 segundos antes de empezar...
2026-06-23 13:43:38 | INFO | my_functions.py:1554 | 🔍 Esperando ventana que contenga alguna de: ['SNAP'] (máx 20s)
2026-06-23 13:43:38 | INFO | my_functions.py:1566 | ✅ Ventana encontrada: 'SNAP'
2026-06-23 13:43:38 | INFO | my_functions.py:1581 | ✅ Ventana seleccionada: 'SNAP'
2026-06-23 13:43:41 | INFO | my_functions.py:1613 | ✔ Verificación completa. No hubo cambios después del primer ajuste.
2026-06-23 13:43:41 | INFO | my_functions.py:247 | [DEBUG] Buscando en paralelo: ['small_submit.PNG', 'small_submit_hover.png', 'submit_hover_2.png', 'small_submit_hover_2.png'] | timeout=90s | confidence=0.8
2026-06-23 13:43:49 | INFO | my_functions.py:134 | Haciendo click en la posición (380, 642)
2026-06-23 13:43:49 | INFO | my_functions.py:269 | 🖱️ Click OK (En paralelo): small_submit.PNG at (380, 642) delay=0.2s
2026-06-23 13:43:52 | INFO | my_functions.py:247 | [DEBUG] Buscando en paralelo: ['small_submit.PNG', 'small_submit_hover.png', 'submit_hover_2.png', 'small_submit_hover_2.png'] | timeout=20s | confidence=0.8
2026-06-23 13:43:54 | INFO | my_functions.py:134 | Haciendo click en la posición (380, 721)
2026-06-23 13:43:54 | INFO | my_functions.py:269 | 🖱️ Click OK (En paralelo): small_submit.PNG at (380, 721) delay=0.2s
2026-06-23 13:43:55 | INFO | my_functions.py:1547 | ⏱ Esperando 0.1 segundos antes de empezar...
2026-06-23 13:43:55 | INFO | my_functions.py:1554 | 🔍 Esperando ventana que contenga alguna de: ['SNAP'] (máx 20s)
2026-06-23 13:43:55 | INFO | my_functions.py:1566 | ✅ Ventana encontrada: 'SNAP'
2026-06-23 13:43:55 | INFO | my_functions.py:1581 | ✅ Ventana seleccionada: 'SNAP'
2026-06-23 13:43:57 | INFO | my_functions.py:1604 | 🔁 Reajuste #1...
2026-06-23 13:43:58 | INFO | my_functions.py:1611 | ✔ Verificación completa. Se hicieron 1 reajustes.
2026-06-23 13:43:58 | INFO | my_functions.py:169 | Searching please_sign.png (timeout=0s)
2026-06-23 13:43:59 | INFO | my_functions.py:199 | 
✅ Found: please_sign.png pos=(383, 438) time=0.48s confidence=0.8
2026-06-23 13:43:59 | INFO | my_functions.py:247 | [DEBUG] Buscando en paralelo: ['ok_btn.png'] | timeout=20s | confidence=0.8
2026-06-23 13:44:01 | INFO | my_functions.py:134 | Haciendo click en la posición (382, 634)
2026-06-23 13:44:01 | INFO | my_functions.py:269 | 🖱️ Click OK (En paralelo): ok_btn.png at (382, 634) delay=1s
2026-06-23 13:44:02 | INFO | my_functions.py:247 | [DEBUG] Buscando en paralelo: ['small_submit.PNG', 'small_submit_hover.png', 'submit_hover_2.png', 'small_submit_hover_2.png'] | timeout=30s | confidence=0.8
2026-06-23 13:44:05 | INFO | my_functions.py:134 | Haciendo click en la posición (383, 643)
2026-06-23 13:44:05 | INFO | my_functions.py:269 | 🖱️ Click OK (En paralelo): small_submit_hover_2.png at (383, 643) delay=0.2s
2026-06-23 13:44:06 | INFO | my_functions.py:247 | [DEBUG] Buscando en paralelo: ['small_submit.PNG', 'small_submit_hover.png', 'submit_hover_2.png', 'small_submit_hover_2.png'] | timeout=20s | confidence=0.8
2026-06-23 13:44:08 | INFO | my_functions.py:134 | Haciendo click en la posición (380, 721)
2026-06-23 13:44:08 | INFO | my_functions.py:269 | 🖱️ Click OK (En paralelo): small_submit.PNG at (380, 721) delay=0.2s
2026-06-23 13:44:09 | INFO | my_functions.py:247 | [DEBUG] Buscando en paralelo: ['sign_in_with_google2.PNG'] | timeout=20s | confidence=0.8
2026-06-23 13:44:10 | INFO | my_functions.py:134 | Haciendo click en la posición (406, 957)
2026-06-23 13:44:11 | INFO | my_functions.py:269 | 🖱️ Click OK (En paralelo): sign_in_with_google2.PNG at (406, 957) delay=1s
2026-06-23 13:44:12 | INFO | my_functions.py:169 | Searching pagina_cargada.png (timeout=60s)
2026-06-23 13:44:17 | INFO | my_functions.py:199 | 
✅ Found: pagina_cargada.png pos=(70, 24) time=4.97s confidence=0.8
2026-06-23 13:44:17 | INFO | my_functions.py:247 | [DEBUG] Buscando en paralelo: ['william.png'] | timeout=0s | confidence=0.8
2026-06-23 13:44:18 | INFO | my_functions.py:281 | [DEBUG] Click skipped, ninguna de las imágenes se encontró en el intento.
2026-06-23 13:44:19 | INFO | my_functions.py:247 | [DEBUG] Buscando en paralelo: ['william.png'] | timeout=0s | confidence=0.8
2026-06-23 13:44:24 | INFO | my_functions.py:134 | Haciendo click en la posición (1150, 469)
2026-06-23 13:44:24 | INFO | my_functions.py:269 | 🖱️ Click OK (En paralelo): william.png at (1150, 469) delay=3s
2026-06-23 13:44:26 | INFO | my_functions.py:169 | Searching marvelsnap_web.png (timeout=30s)
2026-06-23 13:44:29 | INFO | my_functions.py:199 | 
✅ Found: marvelsnap_web.png pos=(258, 80) time=2.68s confidence=0.7
2026-06-23 13:44:29 | INFO | my_functions.py:169 | Searching shop_unselected.PNG (timeout=0s)
2026-06-23 13:44:30 | INFO | my_functions.py:213 | 
⛔ Not found: shop_unselected.PNG after 0.0s region=(0, 0, 765, 1038) confidence=0.8
2026-06-23 13:44:30 | INFO | my_functions.py:247 | [DEBUG] Buscando en paralelo: ['super_premium.PNG'] | timeout=0s | confidence=0.8
2026-06-23 13:44:30 | INFO | my_functions.py:281 | [DEBUG] Click skipped, ninguna de las imágenes se encontró en el intento.
2026-06-23 13:44:31 | INFO | my_functions.py:247 | [DEBUG] Buscando en paralelo: ['maybe_later.PNG'] | timeout=0s | confidence=0.8
2026-06-23 13:44:32 | INFO | my_functions.py:281 | [DEBUG] Click skipped, ninguna de las imágenes se encontró en el intento.
2026-06-23 13:44:33 | INFO | my_functions.py:247 | [DEBUG] Buscando en paralelo: ['maybe_later2.PNG'] | timeout=0s | confidence=0.8
2026-06-23 13:44:34 | INFO | my_functions.py:281 | [DEBUG] Click skipped, ninguna de las imágenes se encontró en el intento.
2026-06-23 13:44:35 | INFO | my_functions.py:169 | Searching go_to_shop.PNG (timeout=0s)
2026-06-23 13:44:35 | INFO | my_functions.py:213 | 
⛔ Not found: go_to_shop.PNG after 0.0s region=(0, 0, 765, 1038) confidence=0.8
2026-06-23 13:44:35 | INFO | my_functions.py:247 | [DEBUG] Buscando en paralelo: ['14_days_of_winterverse.PNG'] | timeout=0s | confidence=0.8
2026-06-23 13:44:36 | INFO | my_functions.py:281 | [DEBUG] Click skipped, ninguna de las imágenes se encontró en el intento.
2026-06-23 13:44:37 | INFO | my_functions.py:169 | Searching welcome_back_calendar.PNG (timeout=0s)
2026-06-23 13:44:37 | INFO | my_functions.py:213 | 
⛔ Not found: welcome_back_calendar.PNG after 0.0s region=(0, 0, 765, 1038) confidence=0.8
2026-06-23 13:44:37 | INFO | my_functions.py:247 | [DEBUG] Buscando en paralelo: ['start_the_countdown.PNG'] | timeout=0s | confidence=0.8
2026-06-23 13:44:38 | INFO | my_functions.py:281 | [DEBUG] Click skipped, ninguna de las imágenes se encontró en el intento.
2026-06-23 13:44:39 | INFO | my_functions.py:247 | [DEBUG] Buscando en paralelo: ['event_has_ended_sanctum.PNG'] | timeout=0s | confidence=0.8
2026-06-23 13:44:40 | INFO | my_functions.py:281 | [DEBUG] Click skipped, ninguna de las imágenes se encontró en el intento.
2026-06-23 13:44:41 | INFO | my_functions.py:247 | [DEBUG] Buscando en paralelo: ['event_has_ended_teamclash.PNG'] | timeout=0s | confidence=0.8
2026-06-23 13:44:41 | INFO | my_functions.py:281 | [DEBUG] Click skipped, ninguna de las imágenes se encontró en el intento.
2026-06-23 13:44:43 | INFO | my_functions.py:247 | [DEBUG] Buscando en paralelo: ['image_part_of_event_grand_arena_finished.PNG'] | timeout=0s | confidence=0.8
2026-06-23 13:44:43 | INFO | my_functions.py:281 | [DEBUG] Click skipped, ninguna de las imágenes se encontró en el intento.
2026-06-23 13:44:44 | INFO | my_functions.py:169 | Searching 28_day_event_login_rewards.PNG (timeout=0s)
2026-06-23 13:44:45 | INFO | my_functions.py:213 | 
⛔ Not found: 28_day_event_login_rewards.PNG after 0.0s region=(0, 0, 765, 1038) confidence=0.8
2026-06-23 13:44:45 | INFO | my_functions.py:169 | Searching 7_day_event_login.PNG (timeout=0s)
2026-06-23 13:44:45 | INFO | my_functions.py:213 | 
⛔ Not found: 7_day_event_login.PNG after 0.0s region=(0, 0, 765, 1038) confidence=0.8
2026-06-23 13:44:45 | INFO | my_functions.py:169 | Searching 14_days_event.PNG (timeout=0s)
2026-06-23 13:44:46 | INFO | my_functions.py:213 | 
⛔ Not found: 14_days_event.PNG after 0.0s region=(0, 0, 765, 1038) confidence=0.8
2026-06-23 13:44:46 | INFO | my_functions.py:247 | [DEBUG] Buscando en paralelo: ['lets_go.PNG'] | timeout=0s | confidence=0.8
2026-06-23 13:44:46 | INFO | my_functions.py:281 | [DEBUG] Click skipped, ninguna de las imágenes se encontró en el intento.
2026-06-23 13:44:48 | INFO | my_functions.py:169 | Searching shop_unselected.PNG (timeout=0s)
2026-06-23 13:44:49 | INFO | my_functions.py:213 | 
⛔ Not found: shop_unselected.PNG after 0.0s region=(0, 0, 765, 1038) confidence=0.8
2026-06-23 13:44:49 | INFO | my_functions.py:247 | [DEBUG] Buscando en paralelo: ['super_premium.PNG'] | timeout=0s | confidence=0.8
2026-06-23 13:44:50 | INFO | my_functions.py:134 | Haciendo click en la posición (480, 777)
2026-06-23 13:44:51 | INFO | my_functions.py:269 | 🖱️ Click OK (En paralelo): super_premium.PNG at (480, 777) delay=1s
2026-06-23 13:44:52 | INFO | my_functions.py:142 | Presionando ESC (1/1)
2026-06-23 13:45:00 | INFO | my_functions.py:169 | Searching shop_unselected.PNG (timeout=0s)
2026-06-23 13:45:01 | INFO | my_functions.py:199 | 
✅ Found: shop_unselected.PNG pos=(88, 961) time=0.72s confidence=0.8
2026-06-23 13:45:01 | INFO | my_functions.py:714 | Ya esta listo
2026-06-23 13:45:05 | INFO | my_functions.py:533 | AVAILABLE: 6
2026-06-23 13:45:05 | INFO | my_functions.py:555 | Misiones completadas: 0
2026-06-23 13:45:05 | INFO | my_functions.py:169 | Searching play.PNG (timeout=0s)
2026-06-23 13:45:06 | INFO | my_functions.py:199 | 
✅ Found: play.PNG pos=(384, 825) time=0.62s confidence=0.8
2026-06-23 13:45:06 | INFO | my_functions.py:1442 | [INFO] Click realizado donde se equipa el deck a jugar
2026-06-23 13:45:10 | INFO | my_functions.py:247 | [DEBUG] Buscando en paralelo: ['deck_666666.png'] | timeout=3s | confidence=0.8
2026-06-23 13:45:12 | INFO | my_functions.py:134 | Haciendo click en la posición (533, 546)
2026-06-23 13:45:12 | INFO | my_functions.py:269 | 🖱️ Click OK (En paralelo): deck_666666.png at (533, 546) delay=1s
2026-06-23 13:45:13 | INFO | my_functions.py:247 | [DEBUG] Buscando en paralelo: ['equip.png'] | timeout=3s | confidence=0.95
2026-06-23 13:45:15 | INFO | my_functions.py:134 | Haciendo click en la posición (548, 983)
2026-06-23 13:45:15 | INFO | my_functions.py:269 | 🖱️ Click OK (En paralelo): equip.png at (548, 983) delay=1s
2026-06-23 13:45:16 | INFO | each_eight_hours.py:134 | Deck selected: 6turns
2026-06-23 13:45:16 | INFO | my_functions.py:247 | [DEBUG] Buscando en paralelo: ['maybe_later.PNG'] | timeout=2s | confidence=0.8
2026-06-23 13:45:19 | INFO | my_functions.py:281 | [DEBUG] Click skipped, ninguna de las imágenes se encontró en el intento.
2026-06-23 13:45:20 | INFO | my_functions.py:247 | [DEBUG] Buscando en paralelo: ['maybe_later2.PNG'] | timeout=0.01s | confidence=0.8
2026-06-23 13:45:20 | INFO | my_functions.py:281 | [DEBUG] Click skipped, ninguna de las imágenes se encontró en el intento.
2026-06-23 13:45:21 | INFO | each_eight_hours.py:148 | Starting game loop 1
2026-06-23 13:45:21 | INFO | my_functions.py:247 | [DEBUG] Buscando en paralelo: ['play.PNG'] | timeout=20s | confidence=0.8
2026-06-23 13:45:25 | INFO | my_functions.py:134 | Haciendo click en la posición (384, 824)
2026-06-23 13:45:25 | INFO | my_functions.py:269 | 🖱️ Click OK (En paralelo): play.PNG at (384, 824) delay=3s
2026-06-23 13:45:38 | INFO | my_functions.py:199 | 
✅ Found: end_turn.PNG pos=(681, 945) time=0.64s confidence=0.8
2026-06-23 13:45:38 | INFO | my_functions.py:247 | [DEBUG] Buscando en paralelo: ['snap.PNG'] | timeout=0s | confidence=0.8
2026-06-23 13:45:40 | INFO | my_functions.py:134 | Haciendo click en la posición (386, 122)
2026-06-23 13:45:40 | INFO | my_functions.py:269 | 🖱️ Click OK (En paralelo): snap.PNG at (386, 122) delay=1s
2026-06-23 13:45:46 | INFO | my_functions.py:247 | [DEBUG] Buscando en paralelo: ['end_turn.PNG'] | timeout=0s | confidence=0.8
2026-06-23 13:45:48 | INFO | my_functions.py:134 | Haciendo click en la posición (682, 946)
2026-06-23 13:45:48 | INFO | my_functions.py:269 | 🖱️ Click OK (En paralelo): end_turn.PNG at (682, 946) delay=1s
2026-06-23 13:45:49 | INFO | each_eight_hours.py:165 | End turn executed
2026-06-23 13:45:59 | INFO | my_functions.py:199 | 
✅ Found: end_turn.PNG pos=(681, 945) time=0.65s confidence=0.8
2026-06-23 13:45:59 | INFO | my_functions.py:247 | [DEBUG] Buscando en paralelo: ['snap.PNG'] | timeout=0s | confidence=0.8
2026-06-23 13:46:00 | INFO | my_functions.py:281 | [DEBUG] Click skipped, ninguna de las imágenes se encontró en el intento.
2026-06-23 13:46:06 | INFO | my_functions.py:247 | [DEBUG] Buscando en paralelo: ['end_turn.PNG'] | timeout=0s | confidence=0.8
2026-06-23 13:46:07 | INFO | my_functions.py:134 | Haciendo click en la posición (682, 945)
2026-06-23 13:46:08 | INFO | my_functions.py:269 | 🖱️ Click OK (En paralelo): end_turn.PNG at (682, 945) delay=1s
2026-06-23 13:46:09 | INFO | each_eight_hours.py:165 | End turn executed
2026-06-23 13:46:25 | INFO | my_functions.py:199 | 
✅ Found: end_turn.PNG pos=(681, 945) time=0.66s confidence=0.8
2026-06-23 13:46:25 | INFO | my_functions.py:247 | [DEBUG] Buscando en paralelo: ['snap.PNG'] | timeout=0s | confidence=0.8
2026-06-23 13:46:26 | INFO | my_functions.py:281 | [DEBUG] Click skipped, ninguna de las imágenes se encontró en el intento.
2026-06-23 13:46:32 | INFO | my_functions.py:247 | [DEBUG] Buscando en paralelo: ['end_turn.PNG'] | timeout=0s | confidence=0.8
2026-06-23 13:46:34 | INFO | my_functions.py:134 | Haciendo click en la posición (682, 945)
2026-06-23 13:46:34 | INFO | my_functions.py:269 | 🖱️ Click OK (En paralelo): end_turn.PNG at (682, 945) delay=1s
2026-06-23 13:46:35 | INFO | each_eight_hours.py:165 | End turn executed
2026-06-23 13:46:52 | INFO | my_functions.py:199 | 
✅ Found: end_turn.PNG pos=(681, 945) time=0.7s confidence=0.8
2026-06-23 13:46:52 | INFO | my_functions.py:247 | [DEBUG] Buscando en paralelo: ['snap.PNG'] | timeout=0s | confidence=0.8
2026-06-23 13:46:53 | INFO | my_functions.py:281 | [DEBUG] Click skipped, ninguna de las imágenes se encontró en el intento.
2026-06-23 13:46:59 | INFO | my_functions.py:247 | [DEBUG] Buscando en paralelo: ['end_turn.PNG'] | timeout=0s | confidence=0.8
2026-06-23 13:47:00 | INFO | my_functions.py:134 | Haciendo click en la posición (682, 945)
2026-06-23 13:47:01 | INFO | my_functions.py:269 | 🖱️ Click OK (En paralelo): end_turn.PNG at (682, 945) delay=1s
2026-06-23 13:47:02 | INFO | each_eight_hours.py:165 | End turn executed
2026-06-23 13:47:12 | INFO | my_functions.py:199 | 
✅ Found: end_turn.PNG pos=(681, 945) time=0.69s confidence=0.8
2026-06-23 13:47:12 | INFO | my_functions.py:247 | [DEBUG] Buscando en paralelo: ['snap.PNG'] | timeout=0s | confidence=0.8
2026-06-23 13:47:13 | INFO | my_functions.py:281 | [DEBUG] Click skipped, ninguna de las imágenes se encontró en el intento.
2026-06-23 13:47:19 | INFO | my_functions.py:247 | [DEBUG] Buscando en paralelo: ['end_turn.PNG'] | timeout=0s | confidence=0.8
2026-06-23 13:47:20 | INFO | my_functions.py:134 | Haciendo click en la posición (682, 945)
2026-06-23 13:47:21 | INFO | my_functions.py:269 | 🖱️ Click OK (En paralelo): end_turn.PNG at (682, 945) delay=1s
2026-06-23 13:47:22 | INFO | each_eight_hours.py:165 | End turn executed
2026-06-23 13:47:45 | INFO | my_functions.py:199 | 
✅ Found: end_turn.PNG pos=(681, 945) time=0.67s confidence=0.8
2026-06-23 13:47:45 | INFO | my_functions.py:247 | [DEBUG] Buscando en paralelo: ['snap.PNG'] | timeout=0s | confidence=0.8
2026-06-23 13:47:46 | INFO | my_functions.py:281 | [DEBUG] Click skipped, ninguna de las imágenes se encontró en el intento.
2026-06-23 13:47:52 | INFO | my_functions.py:247 | [DEBUG] Buscando en paralelo: ['end_turn.PNG'] | timeout=0s | confidence=0.8
2026-06-23 13:47:54 | INFO | my_functions.py:134 | Haciendo click en la posición (682, 945)
2026-06-23 13:47:54 | INFO | my_functions.py:269 | 🖱️ Click OK (En paralelo): end_turn.PNG at (682, 945) delay=1s
2026-06-23 13:47:55 | INFO | each_eight_hours.py:165 | End turn executed
2026-06-23 13:48:23 | INFO | my_functions.py:199 | 
✅ Found: collect_rewards.PNG pos=(679, 957) time=0.89s confidence=0.8
2026-06-23 13:48:23 | INFO | each_eight_hours.py:204 | Rewards detected, exiting match
2026-06-23 13:48:23 | INFO | my_functions.py:247 | [DEBUG] Buscando en paralelo: ['collect_rewards.PNG'] | timeout=20s | confidence=0.8
2026-06-23 13:48:25 | INFO | my_functions.py:134 | Haciendo click en la posición (679, 957)
2026-06-23 13:48:25 | INFO | my_functions.py:269 | 🖱️ Click OK (En paralelo): collect_rewards.PNG at (679, 957) delay=1s
2026-06-23 13:48:26 | INFO | my_functions.py:247 | [DEBUG] Buscando en paralelo: ['next.PNG'] | timeout=20s | confidence=0.8
2026-06-23 13:48:33 | INFO | my_functions.py:134 | Haciendo click en la posición (677, 973)
2026-06-23 13:48:33 | INFO | my_functions.py:269 | 🖱️ Click OK (En paralelo): next.PNG at (677, 973) delay=1s
2026-06-23 13:48:36 | INFO | my_functions.py:533 | AVAILABLE: 6
2026-06-23 13:48:36 | INFO | each_eight_hours.py:271 | Submissions after match: 6
2026-06-23 13:48:36 | INFO | my_functions.py:555 | Misiones completadas: 3
2026-06-23 13:48:36 | INFO | each_eight_hours.py:275 | Submission condition met, breaking loop
2026-06-23 13:48:36 | INFO | my_functions.py:247 | [DEBUG] Buscando en paralelo: ['missionsNotify2.png'] | timeout=20s | confidence=0.8
2026-06-23 13:48:40 | INFO | my_functions.py:134 | Haciendo click en la posición (538, 124)
2026-06-23 13:48:40 | INFO | my_functions.py:269 | 🖱️ Click OK (En paralelo): missionsNotify2.png at (538, 124) delay=3s
2026-06-23 13:48:41 | INFO | my_functions.py:1472 | [INFO] Iniciando click_missions_blue2
2026-06-23 13:48:41 | INFO | my_functions.py:134 | Haciendo click en la posición (150, 132)
2026-06-23 13:48:43 | INFO | my_functions.py:1475 | [ACTION] Click hecho en icono de calendario que me dirige a las misiones ordinarias
2026-06-23 13:48:43 | INFO | my_functions.py:169 | Searching bonus_challenge.png (timeout=0s)
2026-06-23 13:48:43 | INFO | my_functions.py:213 | 
⛔ Not found: bonus_challenge.png after 0.0s region=(0, 0, 765, 1038) confidence=0.8
2026-06-23 13:48:45 | INFO | my_functions.py:134 | Haciendo click en la posición (362, 493)
2026-06-23 13:48:46 | INFO | my_functions.py:1488 | [ACTION] Click 1/3 en misión azul
2026-06-23 13:48:47 | INFO | my_functions.py:134 | Haciendo click en la posición (362, 493)
2026-06-23 13:48:48 | INFO | my_functions.py:1488 | [ACTION] Click 2/3 en misión azul
2026-06-23 13:48:49 | INFO | my_functions.py:134 | Haciendo click en la posición (362, 493)
2026-06-23 13:48:50 | INFO | my_functions.py:1488 | [ACTION] Click 3/3 en misión azul
2026-06-23 13:48:50 | INFO | my_functions.py:169 | Searching flechita_mission.PNG (timeout=0s)
2026-06-23 13:48:51 | INFO | my_functions.py:213 | 
⛔ Not found: flechita_mission.PNG after 0.0s region=(0, 0, 765, 1038) confidence=0.8
2026-06-23 13:48:51 | INFO | my_functions.py:247 | [DEBUG] Buscando en paralelo: ['weekly3.PNG'] | timeout=0s | confidence=0.8
2026-06-23 13:48:52 | INFO | my_functions.py:281 | [DEBUG] Click skipped, ninguna de las imágenes se encontró en el intento.
2026-06-23 13:48:53 | INFO | my_functions.py:247 | [DEBUG] Buscando en paralelo: ['weekly3.PNG'] | timeout=0s | confidence=0.8
2026-06-23 13:48:54 | INFO | my_functions.py:281 | [DEBUG] Click skipped, ninguna de las imágenes se encontró en el intento.
2026-06-23 13:48:55 | INFO | my_functions.py:134 | Haciendo click en la posición (557, 64)
2026-06-23 13:48:56 | INFO | my_functions.py:247 | [DEBUG] Buscando en paralelo: ['cards_shop.PNG'] | timeout=20s | confidence=0.8
2026-06-23 13:48:59 | INFO | my_functions.py:134 | Haciendo click en la posición (568, 121)
2026-06-23 13:48:59 | INFO | my_functions.py:269 | 🖱️ Click OK (En paralelo): cards_shop.PNG at (568, 121) delay=1s
2026-06-23 13:49:01 | INFO | my_functions.py:247 | [DEBUG] Buscando en paralelo: ['token_icon.PNG'] | timeout=20s | confidence=0.8
2026-06-23 13:49:04 | INFO | my_functions.py:134 | Haciendo click en la posición (531, 171)
2026-06-23 13:49:04 | INFO | my_functions.py:269 | 🖱️ Click OK (En paralelo): token_icon.PNG at (531, 171) delay=1s
2026-06-23 13:49:07 | INFO | my_functions.py:247 | [DEBUG] Buscando en paralelo: ['claim!_token_3.PNG'] | timeout=4s | confidence=0.8
2026-06-23 13:49:11 | INFO | my_functions.py:281 | [DEBUG] Click skipped, ninguna de las imágenes se encontró en el intento.
2026-06-23 13:49:12 | INFO | my_functions.py:247 | [DEBUG] Buscando en paralelo: ['cards_shop.PNG'] | timeout=20s | confidence=0.8
2026-06-23 13:49:14 | INFO | my_functions.py:134 | Haciendo click en la posición (568, 122)
2026-06-23 13:49:14 | INFO | my_functions.py:269 | 🖱️ Click OK (En paralelo): cards_shop.PNG at (568, 122) delay=1s
2026-06-23 13:49:16 | INFO | my_functions.py:247 | [DEBUG] Buscando en paralelo: ['offers.PNG'] | timeout=20s | confidence=0.8
2026-06-23 13:49:18 | INFO | my_functions.py:134 | Haciendo click en la posición (197, 121)
2026-06-23 13:49:18 | INFO | my_functions.py:269 | 🖱️ Click OK (En paralelo): offers.PNG at (197, 121) delay=1s
2026-06-23 13:49:21 | INFO | my_functions.py:1356 | [INFO] Iniciando mejora de cartas
2026-06-23 13:49:21 | INFO | my_functions.py:247 | [DEBUG] Buscando en paralelo: ['upgrade_cards_icon.PNG'] | timeout=20s | confidence=0.8
2026-06-23 13:49:23 | INFO | my_functions.py:134 | Haciendo click en la posición (322, 170)
2026-06-23 13:49:23 | INFO | my_functions.py:269 | 🖱️ Click OK (En paralelo): upgrade_cards_icon.PNG at (322, 170) delay=1s
2026-06-23 13:49:25 | INFO | my_functions.py:1360 | [INFO] Abriendo icono de upgrade_cards
2026-06-23 13:49:26 | INFO | my_functions.py:1367 | [STEP] Mejorando carta 1
2026-06-23 13:49:26 | INFO | my_functions.py:1371 | [ACTION] Click en carta 1
2026-06-23 13:49:27 | INFO | my_functions.py:1376 | [ACTION] Click en botón upgrade
2026-06-23 13:49:34 | INFO | my_functions.py:169 | Searching aw_snap.png (timeout=3s)
2026-06-23 13:49:38 | INFO | my_functions.py:213 | 
⛔ Not found: aw_snap.png after 3.06s region=(0, 0, 765, 1038) confidence=0.8
2026-06-23 13:49:38 | INFO | my_functions.py:247 | [DEBUG] Buscando en paralelo: ['you_need_more_credits!.png'] | timeout=3s | confidence=0.8
2026-06-23 13:49:41 | INFO | my_functions.py:281 | [DEBUG] Click skipped, ninguna de las imágenes se encontró en el intento.
2026-06-23 13:49:47 | INFO | my_functions.py:1409 | [ACTION] Click para continuar a stage de nivel de coleccion
2026-06-23 13:49:52 | INFO | my_functions.py:142 | Presionando ESC (1/1)
2026-06-23 13:49:53 | INFO | my_functions.py:1417 | [ACTION] Saliendo de stage nivel de coleccion con ESC
2026-06-23 13:49:54 | INFO | my_functions.py:247 | [DEBUG] Buscando en paralelo: ['upgrade_cards_icon_selected.PNG'] | timeout=0s | confidence=0.8
2026-06-23 13:49:55 | INFO | my_functions.py:134 | Haciendo click en la posición (320, 173)
2026-06-23 13:49:56 | INFO | my_functions.py:269 | 🖱️ Click OK (En paralelo): upgrade_cards_icon_selected.PNG at (320, 173) delay=1s
2026-06-23 13:49:57 | INFO | my_functions.py:1429 | [INFO] Reabriendo icono de upgrade_cards
2026-06-23 13:49:58 | INFO | my_functions.py:1367 | [STEP] Mejorando carta 2
2026-06-23 13:49:58 | INFO | my_functions.py:1371 | [ACTION] Click en carta 2
2026-06-23 13:49:59 | INFO | my_functions.py:1376 | [ACTION] Click en botón upgrade
2026-06-23 13:50:06 | INFO | my_functions.py:169 | Searching aw_snap.png (timeout=3s)
2026-06-23 13:50:10 | INFO | my_functions.py:213 | 
⛔ Not found: aw_snap.png after 3.32s region=(0, 0, 765, 1038) confidence=0.8
2026-06-23 13:50:10 | INFO | my_functions.py:247 | [DEBUG] Buscando en paralelo: ['you_need_more_credits!.png'] | timeout=3s | confidence=0.8
2026-06-23 13:50:12 | INFO | my_functions.py:134 | Haciendo click en la posición (381, 345)
2026-06-23 13:50:12 | INFO | my_functions.py:269 | 🖱️ Click OK (En paralelo): you_need_more_credits!.png at (381, 345) delay=1s
2026-06-23 13:50:13 | INFO | my_functions.py:142 | Presionando ESC (1/2)
2026-06-23 13:50:13 | INFO | my_functions.py:142 | Presionando ESC (2/2)
2026-06-23 13:50:16 | INFO | my_functions.py:1435 | [INFO] Mejora de cartas completada ✅
2026-06-23 13:50:16 | INFO | my_functions.py:142 | Presionando ESC (1/1)
2026-06-23 13:50:17 | INFO | my_functions.py:247 | [DEBUG] Buscando en paralelo: ['white_x.png'] | timeout=2s | confidence=0.8
2026-06-23 13:50:19 | INFO | my_functions.py:281 | [DEBUG] Click skipped, ninguna de las imágenes se encontró en el intento.
2026-06-23 13:50:20 | INFO | my_functions.py:247 | [DEBUG] Buscando en paralelo: ['nut.png'] | timeout=20s | confidence=0.8
2026-06-23 13:50:22 | INFO | my_functions.py:134 | Haciendo click en la posición (184, 78)
2026-06-23 13:50:22 | INFO | my_functions.py:269 | 🖱️ Click OK (En paralelo): nut.png at (184, 78) delay=1s
2026-06-23 13:50:24 | INFO | my_functions.py:247 | [DEBUG] Buscando en paralelo: ['graphics_quality.png'] | timeout=3s | confidence=0.8
2026-06-23 13:50:25 | INFO | my_functions.py:134 | Haciendo click en la posición (304, 644)
2026-06-23 13:50:25 | INFO | my_functions.py:269 | 🖱️ Click OK (En paralelo): graphics_quality.png at (304, 644) delay=1s
2026-06-23 13:50:27 | INFO | my_functions.py:247 | [DEBUG] Buscando en paralelo: ['sign_out.png'] | timeout=20s | confidence=0.8
2026-06-23 13:50:29 | INFO | my_functions.py:134 | Haciendo click en la posición (380, 796)
2026-06-23 13:50:29 | INFO | my_functions.py:269 | 🖱️ Click OK (En paralelo): sign_out.png at (380, 796) delay=1s
2026-06-23 13:50:32 | INFO | my_functions.py:247 | [DEBUG] Buscando en paralelo: ['sign_out_grande.png'] | timeout=20s | confidence=0.8
2026-06-23 13:50:33 | INFO | my_functions.py:134 | Haciendo click en la posición (359, 437)
2026-06-23 13:50:33 | INFO | my_functions.py:269 | 🖱️ Click OK (En paralelo): sign_out_grande.png at (359, 437) delay=1s
2026-06-23 13:50:34 | INFO | my_functions.py:247 | [DEBUG] Buscando en paralelo: ['sign_out2.png'] | timeout=20s | confidence=0.8
2026-06-23 13:50:36 | INFO | my_functions.py:134 | Haciendo click en la posición (383, 634)
2026-06-23 13:50:36 | INFO | my_functions.py:269 | 🖱️ Click OK (En paralelo): sign_out2.png at (383, 634) delay=1s
2026-06-23 13:50:37 | INFO | my_functions.py:1547 | ⏱ Esperando 0.1 segundos antes de empezar...
2026-06-23 13:50:37 | INFO | my_functions.py:1554 | 🔍 Esperando ventana que contenga alguna de: SNAP (máx 20s)
2026-06-23 13:50:37 | INFO | my_functions.py:1566 | ✅ Ventana encontrada: 'SNAP'
2026-06-23 13:50:37 | INFO | my_functions.py:1581 | ✅ Ventana seleccionada: 'SNAP'
2026-06-23 13:50:39 | INFO | my_functions.py:1604 | 🔁 Reajuste #1...
2026-06-23 13:50:41 | INFO | my_functions.py:1611 | ✔ Verificación completa. Se hicieron 1 reajustes.
2026-06-23 13:50:46 | INFO | each_eight_hours.py:113 | Processing account: reeps_vm
2026-06-23 13:50:46 | INFO | my_functions.py:1547 | ⏱ Esperando 0.1 segundos antes de empezar...
2026-06-23 13:50:46 | INFO | my_functions.py:1554 | 🔍 Esperando ventana que contenga alguna de: ['SNAP'] (máx 20s)
2026-06-23 13:50:48 | INFO | my_functions.py:1566 | ✅ Ventana encontrada: 'SNAP'
2026-06-23 13:50:48 | INFO | my_functions.py:1581 | ✅ Ventana seleccionada: 'SNAP'
2026-06-23 13:50:50 | INFO | my_functions.py:1613 | ✔ Verificación completa. No hubo cambios después del primer ajuste.
2026-06-23 13:50:51 | INFO | my_functions.py:1206 | [DEBUG] Resizing SNAP window...
2026-06-23 13:50:51 | INFO | my_functions.py:1547 | ⏱ Esperando 0.1 segundos antes de empezar...
2026-06-23 13:50:51 | INFO | my_functions.py:1554 | 🔍 Esperando ventana que contenga alguna de: ['SNAP'] (máx 20s)
2026-06-23 13:50:51 | INFO | my_functions.py:1566 | ✅ Ventana encontrada: 'SNAP'
2026-06-23 13:50:51 | INFO | my_functions.py:1581 | ✅ Ventana seleccionada: 'SNAP'
2026-06-23 13:50:54 | INFO | my_functions.py:1613 | ✔ Verificación completa. No hubo cambios después del primer ajuste.
2026-06-23 13:50:54 | INFO | my_functions.py:247 | [DEBUG] Buscando en paralelo: ['small_submit.PNG', 'small_submit_hover.png', 'submit_hover_2.png', 'small_submit_hover_2.png'] | timeout=90s | confidence=0.8
2026-06-23 13:51:01 | INFO | my_functions.py:134 | Haciendo click en la posición (380, 642)
2026-06-23 13:51:01 | INFO | my_functions.py:269 | 🖱️ Click OK (En paralelo): small_submit.PNG at (380, 642) delay=0.2s
2026-06-23 13:51:04 | INFO | my_functions.py:247 | [DEBUG] Buscando en paralelo: ['small_submit.PNG', 'small_submit_hover.png', 'submit_hover_2.png', 'small_submit_hover_2.png'] | timeout=20s | confidence=0.8
2026-06-23 13:51:06 | INFO | my_functions.py:134 | Haciendo click en la posición (380, 721)
2026-06-23 13:51:06 | INFO | my_functions.py:269 | 🖱️ Click OK (En paralelo): small_submit.PNG at (380, 721) delay=0.2s
2026-06-23 13:51:07 | INFO | my_functions.py:1547 | ⏱ Esperando 0.1 segundos antes de empezar...
2026-06-23 13:51:07 | INFO | my_functions.py:1554 | 🔍 Esperando ventana que contenga alguna de: ['SNAP'] (máx 20s)
2026-06-23 13:51:07 | INFO | my_functions.py:1566 | ✅ Ventana encontrada: 'SNAP'
2026-06-23 13:51:07 | INFO | my_functions.py:1581 | ✅ Ventana seleccionada: 'SNAP'
2026-06-23 13:51:09 | INFO | my_functions.py:1604 | 🔁 Reajuste #1...
2026-06-23 13:51:10 | INFO | my_functions.py:1611 | ✔ Verificación completa. Se hicieron 1 reajustes.
2026-06-23 13:51:10 | INFO | my_functions.py:169 | Searching please_sign.png (timeout=0s)
2026-06-23 13:51:11 | INFO | my_functions.py:199 | 
✅ Found: please_sign.png pos=(383, 438) time=0.47s confidence=0.8
2026-06-23 13:51:11 | INFO | my_functions.py:247 | [DEBUG] Buscando en paralelo: ['ok_btn.png'] | timeout=20s | confidence=0.8
2026-06-23 13:51:13 | INFO | my_functions.py:134 | Haciendo click en la posición (382, 634)
2026-06-23 13:51:13 | INFO | my_functions.py:269 | 🖱️ Click OK (En paralelo): ok_btn.png at (382, 634) delay=1s
2026-06-23 13:51:14 | INFO | my_functions.py:247 | [DEBUG] Buscando en paralelo: ['small_submit.PNG', 'small_submit_hover.png', 'submit_hover_2.png', 'small_submit_hover_2.png'] | timeout=30s | confidence=0.8
2026-06-23 13:51:17 | INFO | my_functions.py:134 | Haciendo click en la posición (383, 643)
2026-06-23 13:51:17 | INFO | my_functions.py:269 | 🖱️ Click OK (En paralelo): small_submit_hover_2.png at (383, 643) delay=0.2s
2026-06-23 13:51:18 | INFO | my_functions.py:247 | [DEBUG] Buscando en paralelo: ['small_submit.PNG', 'small_submit_hover.png', 'submit_hover_2.png', 'small_submit_hover_2.png'] | timeout=20s | confidence=0.8
2026-06-23 13:51:20 | INFO | my_functions.py:134 | Haciendo click en la posición (380, 721)
2026-06-23 13:51:20 | INFO | my_functions.py:269 | 🖱️ Click OK (En paralelo): small_submit.PNG at (380, 721) delay=0.2s
2026-06-23 13:51:21 | INFO | my_functions.py:247 | [DEBUG] Buscando en paralelo: ['sign_in_with_google2.PNG'] | timeout=20s | confidence=0.8
2026-06-23 13:51:22 | INFO | my_functions.py:134 | Haciendo click en la posición (406, 957)
2026-06-23 13:51:23 | INFO | my_functions.py:269 | 🖱️ Click OK (En paralelo): sign_in_with_google2.PNG at (406, 957) delay=1s
2026-06-23 13:51:24 | INFO | my_functions.py:169 | Searching pagina_cargada.png (timeout=60s)
2026-06-23 13:51:29 | INFO | my_functions.py:199 | 
✅ Found: pagina_cargada.png pos=(70, 24) time=5.11s confidence=0.8
2026-06-23 13:51:29 | INFO | my_functions.py:247 | [DEBUG] Buscando en paralelo: ['reeps_vm.png'] | timeout=0s | confidence=0.8
2026-06-23 13:51:33 | INFO | my_functions.py:134 | Haciendo click en la posición (1126, 534)
2026-06-23 13:51:33 | INFO | my_functions.py:269 | 🖱️ Click OK (En paralelo): reeps_vm.png at (1126, 534) delay=3s
2026-06-23 13:51:34 | INFO | my_functions.py:169 | Searching marvelsnap_web.png (timeout=30s)
2026-06-23 13:51:38 | INFO | my_functions.py:199 | 
✅ Found: marvelsnap_web.png pos=(258, 80) time=3.6s confidence=0.7
2026-06-23 13:51:38 | INFO | my_functions.py:169 | Searching shop_unselected.PNG (timeout=0s)
2026-06-23 13:51:39 | INFO | my_functions.py:213 | 
⛔ Not found: shop_unselected.PNG after 0.72s region=(0, 0, 765, 1038) confidence=0.8
2026-06-23 13:51:39 | INFO | my_functions.py:247 | [DEBUG] Buscando en paralelo: ['super_premium.PNG'] | timeout=0s | confidence=0.8
2026-06-23 13:51:40 | INFO | my_functions.py:281 | [DEBUG] Click skipped, ninguna de las imágenes se encontró en el intento.
2026-06-23 13:51:41 | INFO | my_functions.py:247 | [DEBUG] Buscando en paralelo: ['maybe_later.PNG'] | timeout=0s | confidence=0.8
2026-06-23 13:51:42 | INFO | my_functions.py:281 | [DEBUG] Click skipped, ninguna de las imágenes se encontró en el intento.
2026-06-23 13:51:43 | INFO | my_functions.py:247 | [DEBUG] Buscando en paralelo: ['maybe_later2.PNG'] | timeout=0s | confidence=0.8
2026-06-23 13:51:43 | INFO | my_functions.py:281 | [DEBUG] Click skipped, ninguna de las imágenes se encontró en el intento.
2026-06-23 13:51:44 | INFO | my_functions.py:169 | Searching go_to_shop.PNG (timeout=0s)
2026-06-23 13:51:45 | INFO | my_functions.py:213 | 
⛔ Not found: go_to_shop.PNG after 0.0s region=(0, 0, 765, 1038) confidence=0.8
2026-06-23 13:51:45 | INFO | my_functions.py:247 | [DEBUG] Buscando en paralelo: ['14_days_of_winterverse.PNG'] | timeout=0s | confidence=0.8
2026-06-23 13:51:46 | INFO | my_functions.py:281 | [DEBUG] Click skipped, ninguna de las imágenes se encontró en el intento.
2026-06-23 13:51:47 | INFO | my_functions.py:169 | Searching welcome_back_calendar.PNG (timeout=0s)
2026-06-23 13:51:47 | INFO | my_functions.py:213 | 
⛔ Not found: welcome_back_calendar.PNG after 0.0s region=(0, 0, 765, 1038) confidence=0.8
2026-06-23 13:51:47 | INFO | my_functions.py:247 | [DEBUG] Buscando en paralelo: ['start_the_countdown.PNG'] | timeout=0s | confidence=0.8
2026-06-23 13:51:48 | INFO | my_functions.py:281 | [DEBUG] Click skipped, ninguna de las imágenes se encontró en el intento.
2026-06-23 13:51:49 | INFO | my_functions.py:247 | [DEBUG] Buscando en paralelo: ['event_has_ended_sanctum.PNG'] | timeout=0s | confidence=0.8
2026-06-23 13:51:49 | INFO | my_functions.py:281 | [DEBUG] Click skipped, ninguna de las imágenes se encontró en el intento.
2026-06-23 13:51:50 | INFO | my_functions.py:247 | [DEBUG] Buscando en paralelo: ['event_has_ended_teamclash.PNG'] | timeout=0s | confidence=0.8
2026-06-23 13:51:51 | INFO | my_functions.py:281 | [DEBUG] Click skipped, ninguna de las imágenes se encontró en el intento.
2026-06-23 13:51:52 | INFO | my_functions.py:247 | [DEBUG] Buscando en paralelo: ['image_part_of_event_grand_arena_finished.PNG'] | timeout=0s | confidence=0.8
2026-06-23 13:51:53 | INFO | my_functions.py:281 | [DEBUG] Click skipped, ninguna de las imágenes se encontró en el intento.
2026-06-23 13:51:54 | INFO | my_functions.py:169 | Searching 28_day_event_login_rewards.PNG (timeout=0s)
2026-06-23 13:51:54 | INFO | my_functions.py:213 | 
⛔ Not found: 28_day_event_login_rewards.PNG after 0.0s region=(0, 0, 765, 1038) confidence=0.8
2026-06-23 13:51:54 | INFO | my_functions.py:169 | Searching 7_day_event_login.PNG (timeout=0s)
2026-06-23 13:51:55 | INFO | my_functions.py:213 | 
⛔ Not found: 7_day_event_login.PNG after 0.0s region=(0, 0, 765, 1038) confidence=0.8
2026-06-23 13:51:55 | INFO | my_functions.py:169 | Searching 14_days_event.PNG (timeout=0s)
2026-06-23 13:51:55 | INFO | my_functions.py:213 | 
⛔ Not found: 14_days_event.PNG after 0.0s region=(0, 0, 765, 1038) confidence=0.8
2026-06-23 13:51:55 | INFO | my_functions.py:247 | [DEBUG] Buscando en paralelo: ['lets_go.PNG'] | timeout=0s | confidence=0.8
2026-06-23 13:51:56 | INFO | my_functions.py:281 | [DEBUG] Click skipped, ninguna de las imágenes se encontró en el intento.
2026-06-23 13:51:58 | INFO | my_functions.py:169 | Searching shop_unselected.PNG (timeout=0s)
2026-06-23 13:51:59 | INFO | my_functions.py:213 | 
⛔ Not found: shop_unselected.PNG after 0.0s region=(0, 0, 765, 1038) confidence=0.8
2026-06-23 13:51:59 | INFO | my_functions.py:247 | [DEBUG] Buscando en paralelo: ['super_premium.PNG'] | timeout=0s | confidence=0.8
2026-06-23 13:52:00 | INFO | my_functions.py:134 | Haciendo click en la posición (480, 777)
2026-06-23 13:52:00 | INFO | my_functions.py:269 | 🖱️ Click OK (En paralelo): super_premium.PNG at (480, 777) delay=1s
2026-06-23 13:52:02 | INFO | my_functions.py:142 | Presionando ESC (1/1)
2026-06-23 13:52:10 | INFO | my_functions.py:169 | Searching shop_unselected.PNG (timeout=0s)
2026-06-23 13:52:11 | INFO | my_functions.py:199 | 
✅ Found: shop_unselected.PNG pos=(88, 961) time=0.84s confidence=0.8
2026-06-23 13:52:11 | INFO | my_functions.py:714 | Ya esta listo
2026-06-23 13:52:15 | INFO | my_functions.py:533 | AVAILABLE: 6
2026-06-23 13:52:15 | INFO | my_functions.py:555 | Misiones completadas: 0
2026-06-23 13:52:15 | INFO | my_functions.py:169 | Searching play.PNG (timeout=0s)
2026-06-23 13:52:16 | INFO | my_functions.py:199 | 
✅ Found: play.PNG pos=(384, 825) time=0.68s confidence=0.8
2026-06-23 13:52:16 | INFO | my_functions.py:1442 | [INFO] Click realizado donde se equipa el deck a jugar
2026-06-23 13:52:20 | INFO | my_functions.py:247 | [DEBUG] Buscando en paralelo: ['deck_666666.png'] | timeout=3s | confidence=0.8
2026-06-23 13:52:22 | INFO | my_functions.py:134 | Haciendo click en la posición (235, 547)
2026-06-23 13:52:22 | INFO | my_functions.py:269 | 🖱️ Click OK (En paralelo): deck_666666.png at (235, 547) delay=1s
2026-06-23 13:52:23 | INFO | my_functions.py:247 | [DEBUG] Buscando en paralelo: ['equip.png'] | timeout=3s | confidence=0.95
2026-06-23 13:52:27 | INFO | my_functions.py:281 | [DEBUG] Click skipped, ninguna de las imágenes se encontró en el intento.
2026-06-23 13:52:28 | INFO | my_functions.py:142 | Presionando ESC (1/1)
2026-06-23 13:52:29 | INFO | each_eight_hours.py:134 | Deck selected: 6turns
2026-06-23 13:52:29 | INFO | my_functions.py:247 | [DEBUG] Buscando en paralelo: ['maybe_later.PNG'] | timeout=2s | confidence=0.8
2026-06-23 13:52:31 | INFO | my_functions.py:281 | [DEBUG] Click skipped, ninguna de las imágenes se encontró en el intento.
2026-06-23 13:52:32 | INFO | my_functions.py:247 | [DEBUG] Buscando en paralelo: ['maybe_later2.PNG'] | timeout=0.01s | confidence=0.8
2026-06-23 13:52:33 | INFO | my_functions.py:281 | [DEBUG] Click skipped, ninguna de las imágenes se encontró en el intento.
2026-06-23 13:52:34 | INFO | each_eight_hours.py:148 | Starting game loop 1
2026-06-23 13:52:34 | INFO | my_functions.py:247 | [DEBUG] Buscando en paralelo: ['play.PNG'] | timeout=20s | confidence=0.8
2026-06-23 13:52:38 | INFO | my_functions.py:134 | Haciendo click en la posición (384, 824)
2026-06-23 13:52:38 | INFO | my_functions.py:269 | 🖱️ Click OK (En paralelo): play.PNG at (384, 824) delay=3s
2026-06-23 13:52:53 | INFO | my_functions.py:199 | 
✅ Found: end_turn.PNG pos=(681, 945) time=0.24s confidence=0.8
2026-06-23 13:52:53 | INFO | my_functions.py:247 | [DEBUG] Buscando en paralelo: ['snap.PNG'] | timeout=0s | confidence=0.8
2026-06-23 13:52:56 | INFO | my_functions.py:134 | Haciendo click en la posición (386, 122)
2026-06-23 13:52:56 | INFO | my_functions.py:269 | 🖱️ Click OK (En paralelo): snap.PNG at (386, 122) delay=1s
2026-06-23 13:53:03 | INFO | my_functions.py:247 | [DEBUG] Buscando en paralelo: ['end_turn.PNG'] | timeout=0s | confidence=0.8
2026-06-23 13:53:04 | INFO | my_functions.py:134 | Haciendo click en la posición (682, 946)
2026-06-23 13:53:05 | INFO | my_functions.py:269 | 🖱️ Click OK (En paralelo): end_turn.PNG at (682, 946) delay=1s
2026-06-23 13:53:06 | INFO | each_eight_hours.py:165 | End turn executed
2026-06-23 13:53:25 | INFO | my_functions.py:199 | 
✅ Found: end_turn.PNG pos=(681, 945) time=0.62s confidence=0.8
2026-06-23 13:53:25 | INFO | my_functions.py:247 | [DEBUG] Buscando en paralelo: ['snap.PNG'] | timeout=0s | confidence=0.8
2026-06-23 13:53:26 | INFO | my_functions.py:281 | [DEBUG] Click skipped, ninguna de las imágenes se encontró en el intento.
2026-06-23 13:53:32 | INFO | my_functions.py:247 | [DEBUG] Buscando en paralelo: ['end_turn.PNG'] | timeout=0s | confidence=0.8
2026-06-23 13:53:34 | INFO | my_functions.py:134 | Haciendo click en la posición (682, 945)
2026-06-23 13:53:34 | INFO | my_functions.py:269 | 🖱️ Click OK (En paralelo): end_turn.PNG at (682, 945) delay=1s
2026-06-23 13:53:35 | INFO | each_eight_hours.py:165 | End turn executed
2026-06-23 13:53:54 | INFO | my_functions.py:199 | 
✅ Found: end_turn.PNG pos=(681, 945) time=0.65s confidence=0.8
2026-06-23 13:53:54 | INFO | my_functions.py:247 | [DEBUG] Buscando en paralelo: ['snap.PNG'] | timeout=0s | confidence=0.8
2026-06-23 13:53:55 | INFO | my_functions.py:281 | [DEBUG] Click skipped, ninguna de las imágenes se encontró en el intento.
2026-06-23 13:54:01 | INFO | my_functions.py:247 | [DEBUG] Buscando en paralelo: ['end_turn.PNG'] | timeout=0s | confidence=0.8
2026-06-23 13:54:02 | INFO | my_functions.py:134 | Haciendo click en la posición (682, 945)
2026-06-23 13:54:03 | INFO | my_functions.py:269 | 🖱️ Click OK (En paralelo): end_turn.PNG at (682, 945) delay=1s
2026-06-23 13:54:04 | INFO | each_eight_hours.py:165 | End turn executed
2026-06-23 13:54:23 | INFO | my_functions.py:199 | 
✅ Found: end_turn.PNG pos=(681, 945) time=0.64s confidence=0.8
2026-06-23 13:54:23 | INFO | my_functions.py:247 | [DEBUG] Buscando en paralelo: ['snap.PNG'] | timeout=0s | confidence=0.8
2026-06-23 13:54:23 | INFO | my_functions.py:281 | [DEBUG] Click skipped, ninguna de las imágenes se encontró en el intento.
2026-06-23 13:54:29 | INFO | my_functions.py:247 | [DEBUG] Buscando en paralelo: ['end_turn.PNG'] | timeout=0s | confidence=0.8
2026-06-23 13:54:31 | INFO | my_functions.py:134 | Haciendo click en la posición (682, 945)
2026-06-23 13:54:31 | INFO | my_functions.py:269 | 🖱️ Click OK (En paralelo): end_turn.PNG at (682, 945) delay=1s
2026-06-23 13:54:32 | INFO | each_eight_hours.py:165 | End turn executed
2026-06-23 13:54:48 | INFO | my_functions.py:199 | 
✅ Found: end_turn.PNG pos=(682, 945) time=0.65s confidence=0.8
2026-06-23 13:54:48 | INFO | my_functions.py:247 | [DEBUG] Buscando en paralelo: ['snap.PNG'] | timeout=0s | confidence=0.8
2026-06-23 13:54:49 | INFO | my_functions.py:281 | [DEBUG] Click skipped, ninguna de las imágenes se encontró en el intento.
2026-06-23 13:54:55 | INFO | my_functions.py:247 | [DEBUG] Buscando en paralelo: ['end_turn.PNG'] | timeout=0s | confidence=0.8
2026-06-23 13:54:57 | INFO | my_functions.py:134 | Haciendo click en la posición (682, 945)
2026-06-23 13:54:57 | INFO | my_functions.py:269 | 🖱️ Click OK (En paralelo): end_turn.PNG at (682, 945) delay=1s
2026-06-23 13:54:58 | INFO | each_eight_hours.py:165 | End turn executed
2026-06-23 13:55:20 | INFO | my_functions.py:199 | 
✅ Found: end_turn.PNG pos=(681, 945) time=0.65s confidence=0.8
2026-06-23 13:55:20 | INFO | my_functions.py:247 | [DEBUG] Buscando en paralelo: ['snap.PNG'] | timeout=0s | confidence=0.8
2026-06-23 13:55:21 | INFO | my_functions.py:281 | [DEBUG] Click skipped, ninguna de las imágenes se encontró en el intento.
2026-06-23 13:55:27 | INFO | my_functions.py:247 | [DEBUG] Buscando en paralelo: ['end_turn.PNG'] | timeout=0s | confidence=0.8
2026-06-23 13:55:29 | INFO | my_functions.py:134 | Haciendo click en la posición (682, 945)
2026-06-23 13:55:29 | INFO | my_functions.py:269 | 🖱️ Click OK (En paralelo): end_turn.PNG at (682, 945) delay=1s
2026-06-23 13:55:30 | INFO | each_eight_hours.py:165 | End turn executed
2026-06-23 13:55:48 | INFO | my_functions.py:199 | 
✅ Found: collect_rewards.PNG pos=(679, 957) time=0.75s confidence=0.8
2026-06-23 13:55:48 | INFO | each_eight_hours.py:204 | Rewards detected, exiting match
2026-06-23 13:55:48 | INFO | my_functions.py:247 | [DEBUG] Buscando en paralelo: ['collect_rewards.PNG'] | timeout=20s | confidence=0.8
2026-06-23 13:55:50 | INFO | my_functions.py:134 | Haciendo click en la posición (679, 957)
2026-06-23 13:55:50 | INFO | my_functions.py:269 | 🖱️ Click OK (En paralelo): collect_rewards.PNG at (679, 957) delay=1s
2026-06-23 13:55:51 | INFO | my_functions.py:247 | [DEBUG] Buscando en paralelo: ['next.PNG'] | timeout=20s | confidence=0.8
2026-06-23 13:55:59 | INFO | my_functions.py:134 | Haciendo click en la posición (677, 973)
2026-06-23 13:55:59 | INFO | my_functions.py:269 | 🖱️ Click OK (En paralelo): next.PNG at (677, 973) delay=1s
2026-06-23 13:56:02 | INFO | my_functions.py:533 | AVAILABLE: 6
2026-06-23 13:56:02 | INFO | each_eight_hours.py:271 | Submissions after match: 6
2026-06-23 13:56:02 | INFO | my_functions.py:555 | Misiones completadas: 1
2026-06-23 13:56:02 | INFO | each_eight_hours.py:148 | Starting game loop 2
2026-06-23 13:56:02 | INFO | my_functions.py:247 | [DEBUG] Buscando en paralelo: ['play.PNG'] | timeout=20s | confidence=0.8
2026-06-23 13:56:06 | INFO | my_functions.py:134 | Haciendo click en la posición (384, 824)
2026-06-23 13:56:06 | INFO | my_functions.py:269 | 🖱️ Click OK (En paralelo): play.PNG at (384, 824) delay=3s
2026-06-23 13:56:31 | INFO | my_functions.py:199 | 
✅ Found: end_turn.PNG pos=(681, 945) time=0.61s confidence=0.8
2026-06-23 13:56:31 | INFO | my_functions.py:247 | [DEBUG] Buscando en paralelo: ['snap.PNG'] | timeout=0s | confidence=0.8
2026-06-23 13:56:33 | INFO | my_functions.py:134 | Haciendo click en la posición (386, 123)
2026-06-23 13:56:33 | INFO | my_functions.py:269 | 🖱️ Click OK (En paralelo): snap.PNG at (386, 123) delay=1s
2026-06-23 13:56:39 | INFO | my_functions.py:247 | [DEBUG] Buscando en paralelo: ['end_turn.PNG'] | timeout=0s | confidence=0.8
2026-06-23 13:56:41 | INFO | my_functions.py:134 | Haciendo click en la posición (682, 946)
2026-06-23 13:56:41 | INFO | my_functions.py:269 | 🖱️ Click OK (En paralelo): end_turn.PNG at (682, 946) delay=1s
2026-06-23 13:56:42 | INFO | each_eight_hours.py:165 | End turn executed
2026-06-23 13:57:04 | INFO | my_functions.py:199 | 
✅ Found: end_turn.PNG pos=(681, 945) time=0.64s confidence=0.8
2026-06-23 13:57:04 | INFO | my_functions.py:247 | [DEBUG] Buscando en paralelo: ['snap.PNG'] | timeout=0s | confidence=0.8
2026-06-23 13:57:05 | INFO | my_functions.py:281 | [DEBUG] Click skipped, ninguna de las imágenes se encontró en el intento.
2026-06-23 13:57:11 | INFO | my_functions.py:247 | [DEBUG] Buscando en paralelo: ['end_turn.PNG'] | timeout=0s | confidence=0.8
2026-06-23 13:57:13 | INFO | my_functions.py:134 | Haciendo click en la posición (682, 946)
2026-06-23 13:57:13 | INFO | my_functions.py:269 | 🖱️ Click OK (En paralelo): end_turn.PNG at (682, 946) delay=1s
2026-06-23 13:57:14 | INFO | each_eight_hours.py:165 | End turn executed
2026-06-23 13:57:20 | INFO | my_functions.py:199 | 
✅ Found: end_turn.PNG pos=(681, 945) time=0.63s confidence=0.8
2026-06-23 13:57:20 | INFO | my_functions.py:247 | [DEBUG] Buscando en paralelo: ['snap.PNG'] | timeout=0s | confidence=0.8
2026-06-23 13:57:21 | INFO | my_functions.py:281 | [DEBUG] Click skipped, ninguna de las imágenes se encontró en el intento.
2026-06-23 13:57:27 | INFO | my_functions.py:247 | [DEBUG] Buscando en paralelo: ['end_turn.PNG'] | timeout=0s | confidence=0.8
2026-06-23 13:57:29 | INFO | my_functions.py:134 | Haciendo click en la posición (682, 945)
2026-06-23 13:57:29 | INFO | my_functions.py:269 | 🖱️ Click OK (En paralelo): end_turn.PNG at (682, 945) delay=1s
2026-06-23 13:57:30 | INFO | each_eight_hours.py:165 | End turn executed
2026-06-23 13:57:46 | INFO | my_functions.py:199 | 
✅ Found: end_turn.PNG pos=(681, 945) time=0.66s confidence=0.8
2026-06-23 13:57:46 | INFO | my_functions.py:247 | [DEBUG] Buscando en paralelo: ['snap.PNG'] | timeout=0s | confidence=0.8
2026-06-23 13:57:47 | INFO | my_functions.py:281 | [DEBUG] Click skipped, ninguna de las imágenes se encontró en el intento.
2026-06-23 13:57:53 | INFO | my_functions.py:247 | [DEBUG] Buscando en paralelo: ['end_turn.PNG'] | timeout=0s | confidence=0.8
2026-06-23 13:57:55 | INFO | my_functions.py:134 | Haciendo click en la posición (682, 945)
2026-06-23 13:57:55 | INFO | my_functions.py:269 | 🖱️ Click OK (En paralelo): end_turn.PNG at (682, 945) delay=1s
2026-06-23 13:57:56 | INFO | each_eight_hours.py:165 | End turn executed
2026-06-23 13:58:12 | INFO | my_functions.py:199 | 
✅ Found: end_turn.PNG pos=(681, 945) time=0.63s confidence=0.8
2026-06-23 13:58:12 | INFO | my_functions.py:247 | [DEBUG] Buscando en paralelo: ['snap.PNG'] | timeout=0s | confidence=0.8
2026-06-23 13:58:13 | INFO | my_functions.py:281 | [DEBUG] Click skipped, ninguna de las imágenes se encontró en el intento.
2026-06-23 13:58:19 | INFO | my_functions.py:247 | [DEBUG] Buscando en paralelo: ['end_turn.PNG'] | timeout=0s | confidence=0.8
2026-06-23 13:58:21 | INFO | my_functions.py:134 | Haciendo click en la posición (682, 945)
2026-06-23 13:58:21 | INFO | my_functions.py:269 | 🖱️ Click OK (En paralelo): end_turn.PNG at (682, 945) delay=1s
2026-06-23 13:58:22 | INFO | each_eight_hours.py:165 | End turn executed
2026-06-23 13:58:35 | INFO | my_functions.py:199 | 
✅ Found: end_turn.PNG pos=(681, 945) time=0.64s confidence=0.8
2026-06-23 13:58:35 | INFO | my_functions.py:247 | [DEBUG] Buscando en paralelo: ['snap.PNG'] | timeout=0s | confidence=0.8
2026-06-23 13:58:36 | INFO | my_functions.py:281 | [DEBUG] Click skipped, ninguna de las imágenes se encontró en el intento.
2026-06-23 13:58:42 | INFO | my_functions.py:247 | [DEBUG] Buscando en paralelo: ['end_turn.PNG'] | timeout=0s | confidence=0.8
2026-06-23 13:58:44 | INFO | my_functions.py:134 | Haciendo click en la posición (682, 945)
2026-06-23 13:58:44 | INFO | my_functions.py:269 | 🖱️ Click OK (En paralelo): end_turn.PNG at (682, 945) delay=1s
2026-06-23 13:58:45 | INFO | each_eight_hours.py:165 | End turn executed
2026-06-23 13:59:04 | INFO | my_functions.py:199 | 
✅ Found: collect_rewards.PNG pos=(679, 957) time=0.76s confidence=0.8
2026-06-23 13:59:04 | INFO | each_eight_hours.py:204 | Rewards detected, exiting match
2026-06-23 13:59:04 | INFO | my_functions.py:247 | [DEBUG] Buscando en paralelo: ['collect_rewards.PNG'] | timeout=20s | confidence=0.8
2026-06-23 13:59:06 | INFO | my_functions.py:134 | Haciendo click en la posición (679, 957)
2026-06-23 13:59:06 | INFO | my_functions.py:269 | 🖱️ Click OK (En paralelo): collect_rewards.PNG at (679, 957) delay=1s
2026-06-23 13:59:07 | INFO | my_functions.py:247 | [DEBUG] Buscando en paralelo: ['next.PNG'] | timeout=20s | confidence=0.8
2026-06-23 13:59:12 | INFO | my_functions.py:134 | Haciendo click en la posición (677, 973)
2026-06-23 13:59:12 | INFO | my_functions.py:269 | 🖱️ Click OK (En paralelo): next.PNG at (677, 973) delay=1s
2026-06-23 13:59:16 | INFO | my_functions.py:533 | AVAILABLE: 6
2026-06-23 13:59:16 | INFO | each_eight_hours.py:271 | Submissions after match: 6
2026-06-23 13:59:16 | INFO | my_functions.py:555 | Misiones completadas: 2
2026-06-23 13:59:16 | INFO | each_eight_hours.py:275 | Submission condition met, breaking loop
2026-06-23 13:59:16 | INFO | my_functions.py:247 | [DEBUG] Buscando en paralelo: ['missionsNotify2.png'] | timeout=20s | confidence=0.8
2026-06-23 13:59:19 | INFO | my_functions.py:134 | Haciendo click en la posición (538, 124)
2026-06-23 13:59:19 | INFO | my_functions.py:269 | 🖱️ Click OK (En paralelo): missionsNotify2.png at (538, 124) delay=3s
2026-06-23 13:59:21 | INFO | my_functions.py:1472 | [INFO] Iniciando click_missions_blue2
2026-06-23 13:59:21 | INFO | my_functions.py:134 | Haciendo click en la posición (150, 132)
2026-06-23 13:59:22 | INFO | my_functions.py:1475 | [ACTION] Click hecho en icono de calendario que me dirige a las misiones ordinarias
2026-06-23 13:59:22 | INFO | my_functions.py:169 | Searching bonus_challenge.png (timeout=0s)
2026-06-23 13:59:22 | INFO | my_functions.py:213 | 
⛔ Not found: bonus_challenge.png after 0.0s region=(0, 0, 765, 1038) confidence=0.8
2026-06-23 13:59:24 | INFO | my_functions.py:134 | Haciendo click en la posición (362, 493)
2026-06-23 13:59:25 | INFO | my_functions.py:1488 | [ACTION] Click 1/2 en misión azul
2026-06-23 13:59:26 | INFO | my_functions.py:134 | Haciendo click en la posición (362, 493)
2026-06-23 13:59:27 | INFO | my_functions.py:1488 | [ACTION] Click 2/2 en misión azul
2026-06-23 13:59:28 | INFO | my_functions.py:169 | Searching flechita_mission.PNG (timeout=0s)
2026-06-23 13:59:28 | INFO | my_functions.py:213 | 
⛔ Not found: flechita_mission.PNG after 0.0s region=(0, 0, 765, 1038) confidence=0.8
2026-06-23 13:59:28 | INFO | my_functions.py:247 | [DEBUG] Buscando en paralelo: ['weekly3.PNG'] | timeout=0s | confidence=0.8
2026-06-23 13:59:29 | INFO | my_functions.py:281 | [DEBUG] Click skipped, ninguna de las imágenes se encontró en el intento.
2026-06-23 13:59:30 | INFO | my_functions.py:247 | [DEBUG] Buscando en paralelo: ['weekly3.PNG'] | timeout=0s | confidence=0.8
2026-06-23 13:59:31 | INFO | my_functions.py:281 | [DEBUG] Click skipped, ninguna de las imágenes se encontró en el intento.
2026-06-23 13:59:32 | INFO | my_functions.py:134 | Haciendo click en la posición (557, 64)
2026-06-23 13:59:33 | INFO | my_functions.py:247 | [DEBUG] Buscando en paralelo: ['cards_shop.PNG'] | timeout=20s | confidence=0.8
2026-06-23 13:59:36 | INFO | my_functions.py:134 | Haciendo click en la posición (568, 121)
2026-06-23 13:59:36 | INFO | my_functions.py:269 | 🖱️ Click OK (En paralelo): cards_shop.PNG at (568, 121) delay=1s
2026-06-23 13:59:37 | INFO | my_functions.py:247 | [DEBUG] Buscando en paralelo: ['token_icon.PNG'] | timeout=20s | confidence=0.8
2026-06-23 13:59:39 | INFO | my_functions.py:134 | Haciendo click en la posición (531, 171)
2026-06-23 13:59:40 | INFO | my_functions.py:269 | 🖱️ Click OK (En paralelo): token_icon.PNG at (531, 171) delay=1s
2026-06-23 13:59:43 | INFO | my_functions.py:247 | [DEBUG] Buscando en paralelo: ['claim!_token_3.PNG'] | timeout=4s | confidence=0.8
2026-06-23 13:59:47 | INFO | my_functions.py:281 | [DEBUG] Click skipped, ninguna de las imágenes se encontró en el intento.
2026-06-23 13:59:48 | INFO | my_functions.py:247 | [DEBUG] Buscando en paralelo: ['cards_shop.PNG'] | timeout=20s | confidence=0.8
2026-06-23 13:59:50 | INFO | my_functions.py:134 | Haciendo click en la posición (568, 122)
2026-06-23 13:59:50 | INFO | my_functions.py:269 | 🖱️ Click OK (En paralelo): cards_shop.PNG at (568, 122) delay=1s
2026-06-23 13:59:51 | INFO | my_functions.py:247 | [DEBUG] Buscando en paralelo: ['offers.PNG'] | timeout=20s | confidence=0.8
2026-06-23 13:59:53 | INFO | my_functions.py:134 | Haciendo click en la posición (197, 121)
2026-06-23 13:59:53 | INFO | my_functions.py:269 | 🖱️ Click OK (En paralelo): offers.PNG at (197, 121) delay=1s
2026-06-23 13:59:57 | INFO | my_functions.py:1356 | [INFO] Iniciando mejora de cartas
2026-06-23 13:59:57 | INFO | my_functions.py:247 | [DEBUG] Buscando en paralelo: ['upgrade_cards_icon.PNG'] | timeout=20s | confidence=0.8
2026-06-23 13:59:58 | INFO | my_functions.py:134 | Haciendo click en la posición (322, 170)
2026-06-23 13:59:59 | INFO | my_functions.py:269 | 🖱️ Click OK (En paralelo): upgrade_cards_icon.PNG at (322, 170) delay=1s
2026-06-23 14:00:00 | INFO | my_functions.py:1360 | [INFO] Abriendo icono de upgrade_cards
2026-06-23 14:00:01 | INFO | my_functions.py:1367 | [STEP] Mejorando carta 1
2026-06-23 14:00:01 | INFO | my_functions.py:1371 | [ACTION] Click en carta 1
2026-06-23 14:00:02 | INFO | my_functions.py:1376 | [ACTION] Click en botón upgrade
2026-06-23 14:00:09 | INFO | my_functions.py:169 | Searching aw_snap.png (timeout=3s)
2026-06-23 14:00:13 | INFO | my_functions.py:213 | 
⛔ Not found: aw_snap.png after 3.36s region=(0, 0, 765, 1038) confidence=0.8
2026-06-23 14:00:13 | INFO | my_functions.py:247 | [DEBUG] Buscando en paralelo: ['you_need_more_credits!.png'] | timeout=3s | confidence=0.8
2026-06-23 14:00:14 | INFO | my_functions.py:134 | Haciendo click en la posición (381, 345)
2026-06-23 14:00:15 | INFO | my_functions.py:269 | 🖱️ Click OK (En paralelo): you_need_more_credits!.png at (381, 345) delay=1s
2026-06-23 14:00:16 | INFO | my_functions.py:142 | Presionando ESC (1/2)
2026-06-23 14:00:16 | INFO | my_functions.py:142 | Presionando ESC (2/2)
2026-06-23 14:00:19 | INFO | my_functions.py:1435 | [INFO] Mejora de cartas completada ✅
2026-06-23 14:00:19 | INFO | my_functions.py:142 | Presionando ESC (1/1)
2026-06-23 14:00:20 | INFO | my_functions.py:247 | [DEBUG] Buscando en paralelo: ['white_x.png'] | timeout=2s | confidence=0.8
2026-06-23 14:00:22 | INFO | my_functions.py:281 | [DEBUG] Click skipped, ninguna de las imágenes se encontró en el intento.
2026-06-23 14:00:23 | INFO | my_functions.py:247 | [DEBUG] Buscando en paralelo: ['nut.png'] | timeout=20s | confidence=0.8
2026-06-23 14:00:25 | INFO | my_functions.py:134 | Haciendo click en la posición (184, 78)
2026-06-23 14:00:25 | INFO | my_functions.py:269 | 🖱️ Click OK (En paralelo): nut.png at (184, 78) delay=1s
2026-06-23 14:00:26 | INFO | my_functions.py:247 | [DEBUG] Buscando en paralelo: ['graphics_quality.png'] | timeout=3s | confidence=0.8
2026-06-23 14:00:28 | INFO | my_functions.py:134 | Haciendo click en la posición (304, 644)
2026-06-23 14:00:28 | INFO | my_functions.py:269 | 🖱️ Click OK (En paralelo): graphics_quality.png at (304, 644) delay=1s
2026-06-23 14:00:30 | INFO | my_functions.py:247 | [DEBUG] Buscando en paralelo: ['sign_out.png'] | timeout=20s | confidence=0.8
2026-06-23 14:00:32 | INFO | my_functions.py:134 | Haciendo click en la posición (380, 796)
2026-06-23 14:00:32 | INFO | my_functions.py:269 | 🖱️ Click OK (En paralelo): sign_out.png at (380, 796) delay=1s
2026-06-23 14:00:34 | INFO | my_functions.py:247 | [DEBUG] Buscando en paralelo: ['sign_out_grande.png'] | timeout=20s | confidence=0.8
2026-06-23 14:00:36 | INFO | my_functions.py:134 | Haciendo click en la posición (359, 437)
2026-06-23 14:00:36 | INFO | my_functions.py:269 | 🖱️ Click OK (En paralelo): sign_out_grande.png at (359, 437) delay=1s
2026-06-23 14:00:37 | INFO | my_functions.py:247 | [DEBUG] Buscando en paralelo: ['sign_out2.png'] | timeout=20s | confidence=0.8
2026-06-23 14:00:39 | INFO | my_functions.py:134 | Haciendo click en la posición (383, 634)
2026-06-23 14:00:39 | INFO | my_functions.py:269 | 🖱️ Click OK (En paralelo): sign_out2.png at (383, 634) delay=1s
2026-06-23 14:00:40 | INFO | my_functions.py:1547 | ⏱ Esperando 0.1 segundos antes de empezar...
2026-06-23 14:00:40 | INFO | my_functions.py:1554 | 🔍 Esperando ventana que contenga alguna de: SNAP (máx 20s)
2026-06-23 14:00:40 | INFO | my_functions.py:1566 | ✅ Ventana encontrada: 'SNAP'
2026-06-23 14:00:40 | INFO | my_functions.py:1581 | ✅ Ventana seleccionada: 'SNAP'
2026-06-23 14:00:42 | INFO | my_functions.py:1604 | 🔁 Reajuste #1...
2026-06-23 14:00:44 | INFO | my_functions.py:1611 | ✔ Verificación completa. Se hicieron 1 reajustes.
2026-06-23 14:00:48 | INFO | each_eight_hours.py:113 | Processing account: overture_vm
2026-06-23 14:00:48 | INFO | my_functions.py:1547 | ⏱ Esperando 0.1 segundos antes de empezar...
2026-06-23 14:00:49 | INFO | my_functions.py:1554 | 🔍 Esperando ventana que contenga alguna de: ['SNAP'] (máx 20s)
2026-06-23 14:00:51 | INFO | my_functions.py:1566 | ✅ Ventana encontrada: 'SNAP'
2026-06-23 14:00:51 | INFO | my_functions.py:1581 | ✅ Ventana seleccionada: 'SNAP'
2026-06-23 14:00:53 | INFO | my_functions.py:1613 | ✔ Verificación completa. No hubo cambios después del primer ajuste.
2026-06-23 14:00:53 | INFO | my_functions.py:1206 | [DEBUG] Resizing SNAP window...
2026-06-23 14:00:53 | INFO | my_functions.py:1547 | ⏱ Esperando 0.1 segundos antes de empezar...
2026-06-23 14:00:53 | INFO | my_functions.py:1554 | 🔍 Esperando ventana que contenga alguna de: ['SNAP'] (máx 20s)
2026-06-23 14:00:53 | INFO | my_functions.py:1566 | ✅ Ventana encontrada: 'SNAP'
2026-06-23 14:00:53 | INFO | my_functions.py:1581 | ✅ Ventana seleccionada: 'SNAP'
2026-06-23 14:00:56 | INFO | my_functions.py:1613 | ✔ Verificación completa. No hubo cambios después del primer ajuste.
2026-06-23 14:00:56 | INFO | my_functions.py:247 | [DEBUG] Buscando en paralelo: ['small_submit.PNG', 'small_submit_hover.png', 'submit_hover_2.png', 'small_submit_hover_2.png'] | timeout=90s | confidence=0.8
2026-06-23 14:01:03 | INFO | my_functions.py:134 | Haciendo click en la posición (380, 642)
2026-06-23 14:01:04 | INFO | my_functions.py:269 | 🖱️ Click OK (En paralelo): small_submit.PNG at (380, 642) delay=0.2s
2026-06-23 14:01:07 | INFO | my_functions.py:247 | [DEBUG] Buscando en paralelo: ['small_submit.PNG', 'small_submit_hover.png', 'submit_hover_2.png', 'small_submit_hover_2.png'] | timeout=20s | confidence=0.8
2026-06-23 14:01:08 | INFO | my_functions.py:134 | Haciendo click en la posición (380, 721)
2026-06-23 14:01:08 | INFO | my_functions.py:269 | 🖱️ Click OK (En paralelo): small_submit.PNG at (380, 721) delay=0.2s
2026-06-23 14:01:10 | INFO | my_functions.py:1547 | ⏱ Esperando 0.1 segundos antes de empezar...
2026-06-23 14:01:10 | INFO | my_functions.py:1554 | 🔍 Esperando ventana que contenga alguna de: ['SNAP'] (máx 20s)
2026-06-23 14:01:10 | INFO | my_functions.py:1566 | ✅ Ventana encontrada: 'SNAP'
2026-06-23 14:01:10 | INFO | my_functions.py:1581 | ✅ Ventana seleccionada: 'SNAP'
2026-06-23 14:01:12 | INFO | my_functions.py:1604 | 🔁 Reajuste #1...
2026-06-23 14:01:13 | INFO | my_functions.py:1611 | ✔ Verificación completa. Se hicieron 1 reajustes.
2026-06-23 14:01:13 | INFO | my_functions.py:169 | Searching please_sign.png (timeout=0s)
2026-06-23 14:01:13 | INFO | my_functions.py:199 | 
✅ Found: please_sign.png pos=(383, 438) time=0.45s confidence=0.8
2026-06-23 14:01:13 | INFO | my_functions.py:247 | [DEBUG] Buscando en paralelo: ['ok_btn.png'] | timeout=20s | confidence=0.8
2026-06-23 14:01:15 | INFO | my_functions.py:134 | Haciendo click en la posición (382, 634)
2026-06-23 14:01:15 | INFO | my_functions.py:269 | 🖱️ Click OK (En paralelo): ok_btn.png at (382, 634) delay=1s
2026-06-23 14:01:16 | INFO | my_functions.py:247 | [DEBUG] Buscando en paralelo: ['small_submit.PNG', 'small_submit_hover.png', 'submit_hover_2.png', 'small_submit_hover_2.png'] | timeout=30s | confidence=0.8
2026-06-23 14:01:19 | INFO | my_functions.py:134 | Haciendo click en la posición (383, 643)
2026-06-23 14:01:19 | INFO | my_functions.py:269 | 🖱️ Click OK (En paralelo): small_submit_hover_2.png at (383, 643) delay=0.2s
2026-06-23 14:01:20 | INFO | my_functions.py:247 | [DEBUG] Buscando en paralelo: ['small_submit.PNG', 'small_submit_hover.png', 'submit_hover_2.png', 'small_submit_hover_2.png'] | timeout=20s | confidence=0.8
2026-06-23 14:01:22 | INFO | my_functions.py:134 | Haciendo click en la posición (380, 721)
2026-06-23 14:01:22 | INFO | my_functions.py:269 | 🖱️ Click OK (En paralelo): small_submit.PNG at (380, 721) delay=0.2s
2026-06-23 14:01:23 | INFO | my_functions.py:247 | [DEBUG] Buscando en paralelo: ['sign_in_with_google2.PNG'] | timeout=20s | confidence=0.8
2026-06-23 14:01:25 | INFO | my_functions.py:134 | Haciendo click en la posición (406, 957)
2026-06-23 14:01:25 | INFO | my_functions.py:269 | 🖱️ Click OK (En paralelo): sign_in_with_google2.PNG at (406, 957) delay=1s
2026-06-23 14:01:26 | INFO | my_functions.py:169 | Searching pagina_cargada.png (timeout=60s)
2026-06-23 14:01:31 | INFO | my_functions.py:199 | 
✅ Found: pagina_cargada.png pos=(70, 24) time=5.08s confidence=0.8
2026-06-23 14:01:31 | INFO | my_functions.py:247 | [DEBUG] Buscando en paralelo: ['overture_vm.png'] | timeout=0s | confidence=0.8
2026-06-23 14:01:35 | INFO | my_functions.py:134 | Haciendo click en la posición (1126, 447)
2026-06-23 14:01:35 | INFO | my_functions.py:269 | 🖱️ Click OK (En paralelo): overture_vm.png at (1126, 447) delay=3s
2026-06-23 14:01:36 | INFO | my_functions.py:169 | Searching marvelsnap_web.png (timeout=30s)
2026-06-23 14:01:40 | INFO | my_functions.py:199 | 
✅ Found: marvelsnap_web.png pos=(258, 80) time=3.5s confidence=0.7
2026-06-23 14:01:40 | INFO | my_functions.py:169 | Searching shop_unselected.PNG (timeout=0s)
2026-06-23 14:01:42 | INFO | my_functions.py:213 | 
⛔ Not found: shop_unselected.PNG after 0.72s region=(0, 0, 765, 1038) confidence=0.8
2026-06-23 14:01:42 | INFO | my_functions.py:247 | [DEBUG] Buscando en paralelo: ['super_premium.PNG'] | timeout=0s | confidence=0.8
2026-06-23 14:01:42 | INFO | my_functions.py:281 | [DEBUG] Click skipped, ninguna de las imágenes se encontró en el intento.
2026-06-23 14:01:43 | INFO | my_functions.py:247 | [DEBUG] Buscando en paralelo: ['maybe_later.PNG'] | timeout=0s | confidence=0.8
2026-06-23 14:01:44 | INFO | my_functions.py:281 | [DEBUG] Click skipped, ninguna de las imágenes se encontró en el intento.
2026-06-23 14:01:45 | INFO | my_functions.py:247 | [DEBUG] Buscando en paralelo: ['maybe_later2.PNG'] | timeout=0s | confidence=0.8
2026-06-23 14:01:45 | INFO | my_functions.py:281 | [DEBUG] Click skipped, ninguna de las imágenes se encontró en el intento.
2026-06-23 14:01:47 | INFO | my_functions.py:169 | Searching go_to_shop.PNG (timeout=0s)
2026-06-23 14:01:48 | INFO | my_functions.py:213 | 
⛔ Not found: go_to_shop.PNG after 0.47s region=(0, 0, 765, 1038) confidence=0.8
2026-06-23 14:01:48 | INFO | my_functions.py:247 | [DEBUG] Buscando en paralelo: ['14_days_of_winterverse.PNG'] | timeout=0s | confidence=0.8
2026-06-23 14:01:48 | INFO | my_functions.py:281 | [DEBUG] Click skipped, ninguna de las imágenes se encontró en el intento.
2026-06-23 14:01:49 | INFO | my_functions.py:169 | Searching welcome_back_calendar.PNG (timeout=0s)
2026-06-23 14:01:50 | INFO | my_functions.py:213 | 
⛔ Not found: welcome_back_calendar.PNG after 0.0s region=(0, 0, 765, 1038) confidence=0.8
2026-06-23 14:01:50 | INFO | my_functions.py:247 | [DEBUG] Buscando en paralelo: ['start_the_countdown.PNG'] | timeout=0s | confidence=0.8
2026-06-23 14:01:50 | INFO | my_functions.py:281 | [DEBUG] Click skipped, ninguna de las imágenes se encontró en el intento.
2026-06-23 14:01:51 | INFO | my_functions.py:247 | [DEBUG] Buscando en paralelo: ['event_has_ended_sanctum.PNG'] | timeout=0s | confidence=0.8
2026-06-23 14:01:52 | INFO | my_functions.py:281 | [DEBUG] Click skipped, ninguna de las imágenes se encontró en el intento.
2026-06-23 14:01:53 | INFO | my_functions.py:247 | [DEBUG] Buscando en paralelo: ['event_has_ended_teamclash.PNG'] | timeout=0s | confidence=0.8
2026-06-23 14:01:53 | INFO | my_functions.py:281 | [DEBUG] Click skipped, ninguna de las imágenes se encontró en el intento.
2026-06-23 14:01:54 | INFO | my_functions.py:247 | [DEBUG] Buscando en paralelo: ['image_part_of_event_grand_arena_finished.PNG'] | timeout=0s | confidence=0.8
2026-06-23 14:01:55 | INFO | my_functions.py:281 | [DEBUG] Click skipped, ninguna de las imágenes se encontró en el intento.
2026-06-23 14:01:56 | INFO | my_functions.py:169 | Searching 28_day_event_login_rewards.PNG (timeout=0s)
2026-06-23 14:01:57 | INFO | my_functions.py:213 | 
⛔ Not found: 28_day_event_login_rewards.PNG after 0.0s region=(0, 0, 765, 1038) confidence=0.8
2026-06-23 14:01:57 | INFO | my_functions.py:169 | Searching 7_day_event_login.PNG (timeout=0s)
2026-06-23 14:01:57 | INFO | my_functions.py:213 | 
⛔ Not found: 7_day_event_login.PNG after 0.0s region=(0, 0, 765, 1038) confidence=0.8
2026-06-23 14:01:57 | INFO | my_functions.py:169 | Searching 14_days_event.PNG (timeout=0s)
2026-06-23 14:01:58 | INFO | my_functions.py:213 | 
⛔ Not found: 14_days_event.PNG after 0.0s region=(0, 0, 765, 1038) confidence=0.8
2026-06-23 14:01:58 | INFO | my_functions.py:247 | [DEBUG] Buscando en paralelo: ['lets_go.PNG'] | timeout=0s | confidence=0.8
2026-06-23 14:01:58 | INFO | my_functions.py:281 | [DEBUG] Click skipped, ninguna de las imágenes se encontró en el intento.
2026-06-23 14:02:00 | INFO | my_functions.py:169 | Searching shop_unselected.PNG (timeout=0s)
2026-06-23 14:02:01 | INFO | my_functions.py:199 | 
✅ Found: shop_unselected.PNG pos=(88, 961) time=0.78s confidence=0.8
2026-06-23 14:02:09 | INFO | my_functions.py:169 | Searching shop_unselected.PNG (timeout=0s)
2026-06-23 14:02:10 | INFO | my_functions.py:199 | 
✅ Found: shop_unselected.PNG pos=(88, 961) time=0.74s confidence=0.8
2026-06-23 14:02:10 | INFO | my_functions.py:714 | Ya esta listo
2026-06-23 14:02:14 | INFO | my_functions.py:533 | AVAILABLE: 6
2026-06-23 14:02:14 | INFO | my_functions.py:555 | Misiones completadas: 0
2026-06-23 14:02:14 | INFO | my_functions.py:169 | Searching play.PNG (timeout=0s)
2026-06-23 14:02:15 | INFO | my_functions.py:199 | 
✅ Found: play.PNG pos=(384, 824) time=0.61s confidence=0.8
2026-06-23 14:02:15 | INFO | my_functions.py:1442 | [INFO] Click realizado donde se equipa el deck a jugar
2026-06-23 14:02:19 | INFO | my_functions.py:247 | [DEBUG] Buscando en paralelo: ['deck_666666.png'] | timeout=3s | confidence=0.8
2026-06-23 14:02:21 | INFO | my_functions.py:134 | Haciendo click en la posición (533, 546)
2026-06-23 14:02:21 | INFO | my_functions.py:269 | 🖱️ Click OK (En paralelo): deck_666666.png at (533, 546) delay=1s
2026-06-23 14:02:22 | INFO | my_functions.py:247 | [DEBUG] Buscando en paralelo: ['equip.png'] | timeout=3s | confidence=0.95
2026-06-23 14:02:24 | INFO | my_functions.py:134 | Haciendo click en la posición (548, 983)
2026-06-23 14:02:24 | INFO | my_functions.py:269 | 🖱️ Click OK (En paralelo): equip.png at (548, 983) delay=1s
2026-06-23 14:02:25 | INFO | each_eight_hours.py:134 | Deck selected: 6turns
2026-06-23 14:02:25 | INFO | my_functions.py:247 | [DEBUG] Buscando en paralelo: ['maybe_later.PNG'] | timeout=2s | confidence=0.8
2026-06-23 14:02:27 | INFO | my_functions.py:281 | [DEBUG] Click skipped, ninguna de las imágenes se encontró en el intento.
2026-06-23 14:02:28 | INFO | my_functions.py:247 | [DEBUG] Buscando en paralelo: ['maybe_later2.PNG'] | timeout=0.01s | confidence=0.8
2026-06-23 14:02:29 | INFO | my_functions.py:281 | [DEBUG] Click skipped, ninguna de las imágenes se encontró en el intento.
2026-06-23 14:02:30 | INFO | each_eight_hours.py:148 | Starting game loop 1
2026-06-23 14:02:30 | INFO | my_functions.py:247 | [DEBUG] Buscando en paralelo: ['play.PNG'] | timeout=20s | confidence=0.8
2026-06-23 14:02:34 | INFO | my_functions.py:134 | Haciendo click en la posición (384, 824)
2026-06-23 14:02:34 | INFO | my_functions.py:269 | 🖱️ Click OK (En paralelo): play.PNG at (384, 824) delay=3s
2026-06-23 14:02:53 | INFO | my_functions.py:199 | 
✅ Found: end_turn.PNG pos=(681, 945) time=0.64s confidence=0.8
2026-06-23 14:02:53 | INFO | my_functions.py:247 | [DEBUG] Buscando en paralelo: ['snap.PNG'] | timeout=0s | confidence=0.8
2026-06-23 14:02:54 | INFO | my_functions.py:134 | Haciendo click en la posición (386, 123)
2026-06-23 14:02:55 | INFO | my_functions.py:269 | 🖱️ Click OK (En paralelo): snap.PNG at (386, 123) delay=1s
2026-06-23 14:03:01 | INFO | my_functions.py:247 | [DEBUG] Buscando en paralelo: ['end_turn.PNG'] | timeout=0s | confidence=0.8
2026-06-23 14:03:02 | INFO | my_functions.py:134 | Haciendo click en la posición (682, 946)
2026-06-23 14:03:03 | INFO | my_functions.py:269 | 🖱️ Click OK (En paralelo): end_turn.PNG at (682, 946) delay=1s
2026-06-23 14:03:04 | INFO | each_eight_hours.py:165 | End turn executed
2026-06-23 14:03:13 | INFO | my_functions.py:199 | 
✅ Found: end_turn.PNG pos=(681, 945) time=0.63s confidence=0.8
2026-06-23 14:03:13 | INFO | my_functions.py:247 | [DEBUG] Buscando en paralelo: ['snap.PNG'] | timeout=0s | confidence=0.8
2026-06-23 14:03:14 | INFO | my_functions.py:281 | [DEBUG] Click skipped, ninguna de las imágenes se encontró en el intento.
2026-06-23 14:03:20 | INFO | my_functions.py:247 | [DEBUG] Buscando en paralelo: ['end_turn.PNG'] | timeout=0s | confidence=0.8
2026-06-23 14:03:22 | INFO | my_functions.py:134 | Haciendo click en la posición (682, 945)
2026-06-23 14:03:22 | INFO | my_functions.py:269 | 🖱️ Click OK (En paralelo): end_turn.PNG at (682, 945) delay=1s
2026-06-23 14:03:23 | INFO | each_eight_hours.py:165 | End turn executed
2026-06-23 14:03:36 | INFO | my_functions.py:199 | 
✅ Found: end_turn.PNG pos=(681, 945) time=0.68s confidence=0.8
2026-06-23 14:03:36 | INFO | my_functions.py:247 | [DEBUG] Buscando en paralelo: ['snap.PNG'] | timeout=0s | confidence=0.8
2026-06-23 14:03:37 | INFO | my_functions.py:281 | [DEBUG] Click skipped, ninguna de las imágenes se encontró en el intento.
2026-06-23 14:03:43 | INFO | my_functions.py:247 | [DEBUG] Buscando en paralelo: ['end_turn.PNG'] | timeout=0s | confidence=0.8
2026-06-23 14:03:44 | INFO | my_functions.py:134 | Haciendo click en la posición (682, 945)
2026-06-23 14:03:45 | INFO | my_functions.py:269 | 🖱️ Click OK (En paralelo): end_turn.PNG at (682, 945) delay=1s
2026-06-23 14:03:46 | INFO | each_eight_hours.py:165 | End turn executed
2026-06-23 14:03:59 | INFO | my_functions.py:199 | 
✅ Found: end_turn.PNG pos=(681, 945) time=0.68s confidence=0.8
2026-06-23 14:03:59 | INFO | my_functions.py:247 | [DEBUG] Buscando en paralelo: ['snap.PNG'] | timeout=0s | confidence=0.8
2026-06-23 14:04:00 | INFO | my_functions.py:281 | [DEBUG] Click skipped, ninguna de las imágenes se encontró en el intento.
2026-06-23 14:04:06 | INFO | my_functions.py:247 | [DEBUG] Buscando en paralelo: ['end_turn.PNG'] | timeout=0s | confidence=0.8
2026-06-23 14:04:07 | INFO | my_functions.py:134 | Haciendo click en la posición (682, 945)
2026-06-23 14:04:08 | INFO | my_functions.py:269 | 🖱️ Click OK (En paralelo): end_turn.PNG at (682, 945) delay=1s
2026-06-23 14:04:09 | INFO | each_eight_hours.py:165 | End turn executed
2026-06-23 14:04:25 | INFO | my_functions.py:199 | 
✅ Found: end_turn.PNG pos=(681, 945) time=0.63s confidence=0.8
2026-06-23 14:04:25 | INFO | my_functions.py:247 | [DEBUG] Buscando en paralelo: ['snap.PNG'] | timeout=0s | confidence=0.8
2026-06-23 14:04:25 | INFO | my_functions.py:281 | [DEBUG] Click skipped, ninguna de las imágenes se encontró en el intento.
2026-06-23 14:04:32 | INFO | my_functions.py:247 | [DEBUG] Buscando en paralelo: ['end_turn.PNG'] | timeout=0s | confidence=0.8
2026-06-23 14:04:33 | INFO | my_functions.py:134 | Haciendo click en la posición (682, 945)
2026-06-23 14:04:33 | INFO | my_functions.py:269 | 🖱️ Click OK (En paralelo): end_turn.PNG at (682, 945) delay=1s
2026-06-23 14:04:35 | INFO | each_eight_hours.py:165 | End turn executed
2026-06-23 14:04:57 | INFO | my_functions.py:199 | 
✅ Found: end_turn.PNG pos=(681, 945) time=0.67s confidence=0.8
2026-06-23 14:04:57 | INFO | my_functions.py:247 | [DEBUG] Buscando en paralelo: ['snap.PNG'] | timeout=0s | confidence=0.8
2026-06-23 14:04:58 | INFO | my_functions.py:281 | [DEBUG] Click skipped, ninguna de las imágenes se encontró en el intento.
2026-06-23 14:05:04 | INFO | my_functions.py:247 | [DEBUG] Buscando en paralelo: ['end_turn.PNG'] | timeout=0s | confidence=0.8
2026-06-23 14:05:05 | INFO | my_functions.py:134 | Haciendo click en la posición (681, 945)
2026-06-23 14:05:06 | INFO | my_functions.py:269 | 🖱️ Click OK (En paralelo): end_turn.PNG at (681, 945) delay=1s
2026-06-23 14:05:07 | INFO | each_eight_hours.py:165 | End turn executed
2026-06-23 14:05:42 | INFO | my_functions.py:199 | 
✅ Found: collect_rewards.PNG pos=(679, 957) time=0.76s confidence=0.8
2026-06-23 14:05:42 | INFO | each_eight_hours.py:204 | Rewards detected, exiting match
2026-06-23 14:05:42 | INFO | my_functions.py:247 | [DEBUG] Buscando en paralelo: ['collect_rewards.PNG'] | timeout=20s | confidence=0.8
2026-06-23 14:05:43 | INFO | my_functions.py:134 | Haciendo click en la posición (679, 957)
2026-06-23 14:05:44 | INFO | my_functions.py:269 | 🖱️ Click OK (En paralelo): collect_rewards.PNG at (679, 957) delay=1s
2026-06-23 14:05:45 | INFO | my_functions.py:247 | [DEBUG] Buscando en paralelo: ['next.PNG'] | timeout=20s | confidence=0.8
2026-06-23 14:05:51 | INFO | my_functions.py:134 | Haciendo click en la posición (677, 973)
2026-06-23 14:05:51 | INFO | my_functions.py:269 | 🖱️ Click OK (En paralelo): next.PNG at (677, 973) delay=1s
2026-06-23 14:05:54 | INFO | my_functions.py:533 | AVAILABLE: 6
2026-06-23 14:05:54 | INFO | each_eight_hours.py:271 | Submissions after match: 6
2026-06-23 14:05:54 | INFO | my_functions.py:555 | Misiones completadas: 1
2026-06-23 14:05:54 | INFO | each_eight_hours.py:148 | Starting game loop 2
2026-06-23 14:05:54 | INFO | my_functions.py:247 | [DEBUG] Buscando en paralelo: ['play.PNG'] | timeout=20s | confidence=0.8
2026-06-23 14:05:58 | INFO | my_functions.py:134 | Haciendo click en la posición (384, 824)
2026-06-23 14:05:58 | INFO | my_functions.py:269 | 🖱️ Click OK (En paralelo): play.PNG at (384, 824) delay=3s
2026-06-23 14:06:23 | INFO | my_functions.py:199 | 
✅ Found: end_turn.PNG pos=(681, 945) time=0.63s confidence=0.8
2026-06-23 14:06:23 | INFO | my_functions.py:247 | [DEBUG] Buscando en paralelo: ['snap.PNG'] | timeout=0s | confidence=0.8
2026-06-23 14:06:25 | INFO | my_functions.py:134 | Haciendo click en la posición (386, 123)
2026-06-23 14:06:25 | INFO | my_functions.py:269 | 🖱️ Click OK (En paralelo): snap.PNG at (386, 123) delay=1s
2026-06-23 14:06:31 | INFO | my_functions.py:247 | [DEBUG] Buscando en paralelo: ['end_turn.PNG'] | timeout=0s | confidence=0.8
2026-06-23 14:06:32 | INFO | my_functions.py:134 | Haciendo click en la posición (682, 946)
2026-06-23 14:06:33 | INFO | my_functions.py:269 | 🖱️ Click OK (En paralelo): end_turn.PNG at (682, 946) delay=1s
2026-06-23 14:06:34 | INFO | each_eight_hours.py:165 | End turn executed
2026-06-23 14:06:52 | INFO | my_functions.py:199 | 
✅ Found: end_turn.PNG pos=(681, 945) time=0.63s confidence=0.8
2026-06-23 14:06:52 | INFO | my_functions.py:247 | [DEBUG] Buscando en paralelo: ['snap.PNG'] | timeout=0s | confidence=0.8
2026-06-23 14:06:53 | INFO | my_functions.py:281 | [DEBUG] Click skipped, ninguna de las imágenes se encontró en el intento.
2026-06-23 14:06:59 | INFO | my_functions.py:247 | [DEBUG] Buscando en paralelo: ['end_turn.PNG'] | timeout=0s | confidence=0.8
2026-06-23 14:07:01 | INFO | my_functions.py:134 | Haciendo click en la posición (682, 945)
2026-06-23 14:07:01 | INFO | my_functions.py:269 | 🖱️ Click OK (En paralelo): end_turn.PNG at (682, 945) delay=1s
2026-06-23 14:07:02 | INFO | each_eight_hours.py:165 | End turn executed
2026-06-23 14:07:12 | INFO | my_functions.py:199 | 
✅ Found: end_turn.PNG pos=(681, 945) time=0.64s confidence=0.8
2026-06-23 14:07:12 | INFO | my_functions.py:247 | [DEBUG] Buscando en paralelo: ['snap.PNG'] | timeout=0s | confidence=0.8
2026-06-23 14:07:13 | INFO | my_functions.py:281 | [DEBUG] Click skipped, ninguna de las imágenes se encontró en el intento.
2026-06-23 14:07:19 | INFO | my_functions.py:247 | [DEBUG] Buscando en paralelo: ['end_turn.PNG'] | timeout=0s | confidence=0.8
2026-06-23 14:07:20 | INFO | my_functions.py:134 | Haciendo click en la posición (682, 945)
2026-06-23 14:07:21 | INFO | my_functions.py:269 | 🖱️ Click OK (En paralelo): end_turn.PNG at (682, 945) delay=1s
2026-06-23 14:07:22 | INFO | each_eight_hours.py:165 | End turn executed
2026-06-23 14:07:25 | INFO | my_functions.py:199 | 
✅ Found: never_seen_before.png pos=(395, 141) time=0.45s confidence=0.8
2026-06-23 14:07:26 | WARNING | each_eight_hours.py:178 | Unknown popup handled
2026-06-23 14:07:51 | INFO | my_functions.py:199 | 
✅ Found: end_turn.PNG pos=(681, 945) time=0.66s confidence=0.8
2026-06-23 14:07:51 | INFO | my_functions.py:247 | [DEBUG] Buscando en paralelo: ['snap.PNG'] | timeout=0s | confidence=0.8
2026-06-23 14:07:52 | INFO | my_functions.py:281 | [DEBUG] Click skipped, ninguna de las imágenes se encontró en el intento.
2026-06-23 14:07:58 | INFO | my_functions.py:247 | [DEBUG] Buscando en paralelo: ['end_turn.PNG'] | timeout=0s | confidence=0.8
2026-06-23 14:07:59 | INFO | my_functions.py:134 | Haciendo click en la posición (682, 945)
2026-06-23 14:08:00 | INFO | my_functions.py:269 | 🖱️ Click OK (En paralelo): end_turn.PNG at (682, 945) delay=1s
2026-06-23 14:08:01 | INFO | each_eight_hours.py:165 | End turn executed
2026-06-23 14:08:33 | INFO | my_functions.py:199 | 
✅ Found: end_turn.PNG pos=(681, 945) time=0.67s confidence=0.8
2026-06-23 14:08:33 | INFO | my_functions.py:247 | [DEBUG] Buscando en paralelo: ['snap.PNG'] | timeout=0s | confidence=0.8
2026-06-23 14:08:34 | INFO | my_functions.py:281 | [DEBUG] Click skipped, ninguna de las imágenes se encontró en el intento.
2026-06-23 14:08:40 | INFO | my_functions.py:247 | [DEBUG] Buscando en paralelo: ['end_turn.PNG'] | timeout=0s | confidence=0.8
2026-06-23 14:08:41 | INFO | my_functions.py:281 | [DEBUG] Click skipped, ninguna de las imágenes se encontró en el intento.
2026-06-23 14:08:43 | INFO | my_functions.py:199 | 
✅ Found: flechas.png pos=(42, 912) time=0.79s confidence=0.8
2026-06-23 14:08:45 | INFO | my_functions.py:142 | Presionando ESC (1/1)
2026-06-23 14:08:46 | INFO | my_functions.py:247 | [DEBUG] Buscando en paralelo: ['end_turn.PNG'] | timeout=0s | confidence=0.8
2026-06-23 14:08:48 | INFO | my_functions.py:134 | Haciendo click en la posición (682, 945)
2026-06-23 14:08:48 | INFO | my_functions.py:269 | 🖱️ Click OK (En paralelo): end_turn.PNG at (682, 945) delay=1s
2026-06-23 14:08:49 | WARNING | each_eight_hours.py:202 | Arrow overlay handled
2026-06-23 14:09:10 | INFO | my_functions.py:199 | 
✅ Found: end_turn.PNG pos=(681, 945) time=0.66s confidence=0.8
2026-06-23 14:09:10 | INFO | my_functions.py:247 | [DEBUG] Buscando en paralelo: ['snap.PNG'] | timeout=0s | confidence=0.8
2026-06-23 14:09:10 | INFO | my_functions.py:281 | [DEBUG] Click skipped, ninguna de las imágenes se encontró en el intento.
2026-06-23 14:09:17 | INFO | my_functions.py:247 | [DEBUG] Buscando en paralelo: ['end_turn.PNG'] | timeout=0s | confidence=0.8
2026-06-23 14:09:18 | INFO | my_functions.py:134 | Haciendo click en la posición (682, 945)
2026-06-23 14:09:19 | INFO | my_functions.py:269 | 🖱️ Click OK (En paralelo): end_turn.PNG at (682, 945) delay=1s
2026-06-23 14:09:20 | INFO | each_eight_hours.py:165 | End turn executed
2026-06-23 14:09:39 | INFO | my_functions.py:199 | 
✅ Found: end_turn.PNG pos=(681, 945) time=0.66s confidence=0.8
2026-06-23 14:09:39 | INFO | my_functions.py:247 | [DEBUG] Buscando en paralelo: ['snap.PNG'] | timeout=0s | confidence=0.8
2026-06-23 14:09:40 | INFO | my_functions.py:281 | [DEBUG] Click skipped, ninguna de las imágenes se encontró en el intento.
2026-06-23 14:09:46 | INFO | my_functions.py:247 | [DEBUG] Buscando en paralelo: ['end_turn.PNG'] | timeout=0s | confidence=0.8
2026-06-23 14:09:48 | INFO | my_functions.py:134 | Haciendo click en la posición (682, 945)
2026-06-23 14:09:48 | INFO | my_functions.py:269 | 🖱️ Click OK (En paralelo): end_turn.PNG at (682, 945) delay=1s
2026-06-23 14:09:49 | INFO | each_eight_hours.py:165 | End turn executed
2026-06-23 14:10:08 | INFO | my_functions.py:199 | 
✅ Found: collect_rewards.PNG pos=(679, 960) time=0.79s confidence=0.8
2026-06-23 14:10:08 | INFO | each_eight_hours.py:204 | Rewards detected, exiting match
2026-06-23 14:10:08 | INFO | my_functions.py:247 | [DEBUG] Buscando en paralelo: ['collect_rewards.PNG'] | timeout=20s | confidence=0.8
2026-06-23 14:10:10 | INFO | my_functions.py:134 | Haciendo click en la posición (679, 957)
2026-06-23 14:10:10 | INFO | my_functions.py:269 | 🖱️ Click OK (En paralelo): collect_rewards.PNG at (679, 957) delay=1s
2026-06-23 14:10:11 | INFO | my_functions.py:247 | [DEBUG] Buscando en paralelo: ['next.PNG'] | timeout=20s | confidence=0.8
2026-06-23 14:10:16 | INFO | my_functions.py:134 | Haciendo click en la posición (677, 973)
2026-06-23 14:10:17 | INFO | my_functions.py:269 | 🖱️ Click OK (En paralelo): next.PNG at (677, 973) delay=1s
2026-06-23 14:10:20 | INFO | my_functions.py:533 | AVAILABLE: 6
2026-06-23 14:10:20 | INFO | each_eight_hours.py:271 | Submissions after match: 6
2026-06-23 14:10:20 | INFO | my_functions.py:555 | Misiones completadas: 1
2026-06-23 14:10:20 | INFO | each_eight_hours.py:148 | Starting game loop 3
2026-06-23 14:10:20 | INFO | my_functions.py:247 | [DEBUG] Buscando en paralelo: ['play.PNG'] | timeout=20s | confidence=0.8
2026-06-23 14:10:23 | INFO | my_functions.py:134 | Haciendo click en la posición (384, 824)
2026-06-23 14:10:24 | INFO | my_functions.py:269 | 🖱️ Click OK (En paralelo): play.PNG at (384, 824) delay=3s
2026-06-23 14:10:42 | INFO | my_functions.py:199 | 
✅ Found: end_turn.PNG pos=(681, 945) time=0.62s confidence=0.8
2026-06-23 14:10:42 | INFO | my_functions.py:247 | [DEBUG] Buscando en paralelo: ['snap.PNG'] | timeout=0s | confidence=0.8
2026-06-23 14:10:44 | INFO | my_functions.py:134 | Haciendo click en la posición (386, 123)
2026-06-23 14:10:44 | INFO | my_functions.py:269 | 🖱️ Click OK (En paralelo): snap.PNG at (386, 123) delay=1s
2026-06-23 14:10:50 | INFO | my_functions.py:247 | [DEBUG] Buscando en paralelo: ['end_turn.PNG'] | timeout=0s | confidence=0.8
2026-06-23 14:10:52 | INFO | my_functions.py:134 | Haciendo click en la posición (682, 946)
2026-06-23 14:10:52 | INFO | my_functions.py:269 | 🖱️ Click OK (En paralelo): end_turn.PNG at (682, 946) delay=1s
2026-06-23 14:10:53 | INFO | each_eight_hours.py:165 | End turn executed
2026-06-23 14:11:09 | INFO | my_functions.py:199 | 
✅ Found: end_turn.PNG pos=(681, 945) time=0.63s confidence=0.8
2026-06-23 14:11:09 | INFO | my_functions.py:247 | [DEBUG] Buscando en paralelo: ['snap.PNG'] | timeout=0s | confidence=0.8
2026-06-23 14:11:10 | INFO | my_functions.py:281 | [DEBUG] Click skipped, ninguna de las imágenes se encontró en el intento.
2026-06-23 14:11:16 | INFO | my_functions.py:247 | [DEBUG] Buscando en paralelo: ['end_turn.PNG'] | timeout=0s | confidence=0.8
2026-06-23 14:11:17 | INFO | my_functions.py:134 | Haciendo click en la posición (682, 946)
2026-06-23 14:11:18 | INFO | my_functions.py:269 | 🖱️ Click OK (En paralelo): end_turn.PNG at (682, 946) delay=1s
2026-06-23 14:11:19 | INFO | each_eight_hours.py:165 | End turn executed
2026-06-23 14:11:41 | INFO | my_functions.py:199 | 
✅ Found: end_turn.PNG pos=(681, 945) time=0.64s confidence=0.8
2026-06-23 14:11:41 | INFO | my_functions.py:247 | [DEBUG] Buscando en paralelo: ['snap.PNG'] | timeout=0s | confidence=0.8
2026-06-23 14:11:41 | INFO | my_functions.py:281 | [DEBUG] Click skipped, ninguna de las imágenes se encontró en el intento.
2026-06-23 14:11:48 | INFO | my_functions.py:247 | [DEBUG] Buscando en paralelo: ['end_turn.PNG'] | timeout=0s | confidence=0.8
2026-06-23 14:11:49 | INFO | my_functions.py:134 | Haciendo click en la posición (682, 945)
2026-06-23 14:11:49 | INFO | my_functions.py:269 | 🖱️ Click OK (En paralelo): end_turn.PNG at (682, 945) delay=1s
2026-06-23 14:11:51 | INFO | each_eight_hours.py:165 | End turn executed
2026-06-23 14:12:13 | INFO | my_functions.py:199 | 
✅ Found: end_turn.PNG pos=(681, 945) time=0.63s confidence=0.8
2026-06-23 14:12:13 | INFO | my_functions.py:247 | [DEBUG] Buscando en paralelo: ['snap.PNG'] | timeout=0s | confidence=0.8
2026-06-23 14:12:14 | INFO | my_functions.py:281 | [DEBUG] Click skipped, ninguna de las imágenes se encontró en el intento.
2026-06-23 14:12:20 | INFO | my_functions.py:247 | [DEBUG] Buscando en paralelo: ['end_turn.PNG'] | timeout=0s | confidence=0.8
2026-06-23 14:12:21 | INFO | my_functions.py:134 | Haciendo click en la posición (682, 945)
2026-06-23 14:12:21 | INFO | my_functions.py:269 | 🖱️ Click OK (En paralelo): end_turn.PNG at (682, 945) delay=1s
2026-06-23 14:12:23 | INFO | each_eight_hours.py:165 | End turn executed
2026-06-23 14:12:45 | INFO | my_functions.py:199 | 
✅ Found: end_turn.PNG pos=(681, 945) time=0.67s confidence=0.8
2026-06-23 14:12:45 | INFO | my_functions.py:247 | [DEBUG] Buscando en paralelo: ['snap.PNG'] | timeout=0s | confidence=0.8
2026-06-23 14:12:46 | INFO | my_functions.py:281 | [DEBUG] Click skipped, ninguna de las imágenes se encontró en el intento.
2026-06-23 14:12:52 | INFO | my_functions.py:247 | [DEBUG] Buscando en paralelo: ['end_turn.PNG'] | timeout=0s | confidence=0.8
2026-06-23 14:12:54 | INFO | my_functions.py:134 | Haciendo click en la posición (682, 945)
2026-06-23 14:12:54 | INFO | my_functions.py:269 | 🖱️ Click OK (En paralelo): end_turn.PNG at (682, 945) delay=1s
2026-06-23 14:12:55 | INFO | each_eight_hours.py:165 | End turn executed
2026-06-23 14:13:27 | INFO | my_functions.py:199 | 
✅ Found: end_turn.PNG pos=(681, 945) time=0.66s confidence=0.8
2026-06-23 14:13:27 | INFO | my_functions.py:247 | [DEBUG] Buscando en paralelo: ['snap.PNG'] | timeout=0s | confidence=0.8
2026-06-23 14:13:28 | INFO | my_functions.py:281 | [DEBUG] Click skipped, ninguna de las imágenes se encontró en el intento.
2026-06-23 14:13:34 | INFO | my_functions.py:247 | [DEBUG] Buscando en paralelo: ['end_turn.PNG'] | timeout=0s | confidence=0.8
2026-06-23 14:13:36 | INFO | my_functions.py:134 | Haciendo click en la posición (681, 945)
2026-06-23 14:13:36 | INFO | my_functions.py:269 | 🖱️ Click OK (En paralelo): end_turn.PNG at (681, 945) delay=1s
2026-06-23 14:13:37 | INFO | each_eight_hours.py:165 | End turn executed
2026-06-23 14:13:59 | INFO | my_functions.py:199 | 
✅ Found: collect_rewards.PNG pos=(679, 957) time=0.79s confidence=0.8
2026-06-23 14:13:59 | INFO | each_eight_hours.py:204 | Rewards detected, exiting match
2026-06-23 14:14:00 | INFO | my_functions.py:247 | [DEBUG] Buscando en paralelo: ['collect_rewards.PNG'] | timeout=20s | confidence=0.8
2026-06-23 14:14:01 | INFO | my_functions.py:134 | Haciendo click en la posición (679, 957)
2026-06-23 14:14:02 | INFO | my_functions.py:269 | 🖱️ Click OK (En paralelo): collect_rewards.PNG at (679, 957) delay=1s
2026-06-23 14:14:03 | INFO | my_functions.py:247 | [DEBUG] Buscando en paralelo: ['next.PNG'] | timeout=20s | confidence=0.8
2026-06-23 14:14:09 | INFO | my_functions.py:134 | Haciendo click en la posición (677, 1003)
2026-06-23 14:14:10 | INFO | my_functions.py:269 | 🖱️ Click OK (En paralelo): next.PNG at (677, 1003) delay=1s
2026-06-23 14:14:13 | INFO | my_functions.py:533 | AVAILABLE: 6
2026-06-23 14:14:13 | INFO | each_eight_hours.py:271 | Submissions after match: 6
2026-06-23 14:14:13 | INFO | my_functions.py:555 | Misiones completadas: 2
2026-06-23 14:14:13 | INFO | each_eight_hours.py:275 | Submission condition met, breaking loop
2026-06-23 14:14:13 | INFO | my_functions.py:247 | [DEBUG] Buscando en paralelo: ['missionsNotify2.png'] | timeout=20s | confidence=0.8
2026-06-23 14:14:16 | INFO | my_functions.py:134 | Haciendo click en la posición (537, 125)
2026-06-23 14:14:17 | INFO | my_functions.py:269 | 🖱️ Click OK (En paralelo): missionsNotify2.png at (537, 125) delay=3s
2026-06-23 14:14:18 | INFO | my_functions.py:1472 | [INFO] Iniciando click_missions_blue2
2026-06-23 14:14:18 | INFO | my_functions.py:134 | Haciendo click en la posición (150, 132)
2026-06-23 14:14:19 | INFO | my_functions.py:1475 | [ACTION] Click hecho en icono de calendario que me dirige a las misiones ordinarias
2026-06-23 14:14:19 | INFO | my_functions.py:169 | Searching bonus_challenge.png (timeout=0s)
2026-06-23 14:14:19 | INFO | my_functions.py:213 | 
⛔ Not found: bonus_challenge.png after 0.0s region=(0, 0, 765, 1038) confidence=0.8
2026-06-23 14:14:21 | INFO | my_functions.py:134 | Haciendo click en la posición (362, 493)
2026-06-23 14:14:23 | INFO | my_functions.py:1488 | [ACTION] Click 1/2 en misión azul
2026-06-23 14:14:23 | INFO | my_functions.py:134 | Haciendo click en la posición (362, 493)
2026-06-23 14:14:24 | INFO | my_functions.py:1488 | [ACTION] Click 2/2 en misión azul
2026-06-23 14:14:25 | INFO | my_functions.py:169 | Searching flechita_mission.PNG (timeout=0s)
2026-06-23 14:14:26 | INFO | my_functions.py:213 | 
⛔ Not found: flechita_mission.PNG after 0.78s region=(0, 0, 765, 1038) confidence=0.8
2026-06-23 14:14:26 | INFO | my_functions.py:247 | [DEBUG] Buscando en paralelo: ['weekly3.PNG'] | timeout=0s | confidence=0.8
2026-06-23 14:14:27 | INFO | my_functions.py:281 | [DEBUG] Click skipped, ninguna de las imágenes se encontró en el intento.
2026-06-23 14:14:28 | INFO | my_functions.py:247 | [DEBUG] Buscando en paralelo: ['weekly3.PNG'] | timeout=0s | confidence=0.8
2026-06-23 14:14:29 | INFO | my_functions.py:281 | [DEBUG] Click skipped, ninguna de las imágenes se encontró en el intento.
2026-06-23 14:14:30 | INFO | my_functions.py:134 | Haciendo click en la posición (557, 64)
2026-06-23 14:14:31 | INFO | my_functions.py:247 | [DEBUG] Buscando en paralelo: ['cards_shop.PNG'] | timeout=20s | confidence=0.8
2026-06-23 14:14:34 | INFO | my_functions.py:134 | Haciendo click en la posición (568, 121)
2026-06-23 14:14:34 | INFO | my_functions.py:269 | 🖱️ Click OK (En paralelo): cards_shop.PNG at (568, 121) delay=1s
2026-06-23 14:14:35 | INFO | my_functions.py:247 | [DEBUG] Buscando en paralelo: ['token_icon.PNG'] | timeout=20s | confidence=0.8
2026-06-23 14:14:37 | INFO | my_functions.py:134 | Haciendo click en la posición (661, 171)
2026-06-23 14:14:37 | INFO | my_functions.py:269 | 🖱️ Click OK (En paralelo): token_icon.PNG at (661, 171) delay=1s
2026-06-23 14:14:40 | INFO | my_functions.py:247 | [DEBUG] Buscando en paralelo: ['claim!_token_3.PNG'] | timeout=4s | confidence=0.8
2026-06-23 14:14:42 | INFO | my_functions.py:134 | Haciendo click en la posición (231, 573)
2026-06-23 14:14:42 | INFO | my_functions.py:269 | 🖱️ Click OK (En paralelo): claim!_token_3.PNG at (231, 573) delay=1s
2026-06-23 14:14:44 | INFO | my_functions.py:247 | [DEBUG] Buscando en paralelo: ['cards_shop.PNG'] | timeout=20s | confidence=0.8
2026-06-23 14:14:45 | INFO | my_functions.py:134 | Haciendo click en la posición (568, 122)
2026-06-23 14:14:46 | INFO | my_functions.py:269 | 🖱️ Click OK (En paralelo): cards_shop.PNG at (568, 122) delay=1s
2026-06-23 14:14:47 | INFO | my_functions.py:247 | [DEBUG] Buscando en paralelo: ['offers.PNG'] | timeout=20s | confidence=0.8
2026-06-23 14:14:49 | INFO | my_functions.py:134 | Haciendo click en la posición (197, 121)
2026-06-23 14:14:49 | INFO | my_functions.py:269 | 🖱️ Click OK (En paralelo): offers.PNG at (197, 121) delay=1s
2026-06-23 14:14:52 | INFO | my_functions.py:1356 | [INFO] Iniciando mejora de cartas
2026-06-23 14:14:52 | INFO | my_functions.py:247 | [DEBUG] Buscando en paralelo: ['upgrade_cards_icon.PNG'] | timeout=20s | confidence=0.8
2026-06-23 14:14:54 | INFO | my_functions.py:134 | Haciendo click en la posición (322, 170)
2026-06-23 14:14:54 | INFO | my_functions.py:269 | 🖱️ Click OK (En paralelo): upgrade_cards_icon.PNG at (322, 170) delay=1s
2026-06-23 14:14:55 | INFO | my_functions.py:1360 | [INFO] Abriendo icono de upgrade_cards
2026-06-23 14:14:56 | INFO | my_functions.py:1367 | [STEP] Mejorando carta 1
2026-06-23 14:14:56 | INFO | my_functions.py:1371 | [ACTION] Click en carta 1
2026-06-23 14:14:57 | INFO | my_functions.py:1376 | [ACTION] Click en botón upgrade
2026-06-23 14:15:04 | INFO | my_functions.py:169 | Searching aw_snap.png (timeout=3s)
2026-06-23 14:15:08 | INFO | my_functions.py:213 | 
⛔ Not found: aw_snap.png after 3.34s region=(0, 0, 765, 1038) confidence=0.8
2026-06-23 14:15:08 | INFO | my_functions.py:247 | [DEBUG] Buscando en paralelo: ['you_need_more_credits!.png'] | timeout=3s | confidence=0.8
2026-06-23 14:15:10 | INFO | my_functions.py:134 | Haciendo click en la posición (381, 345)
2026-06-23 14:15:10 | INFO | my_functions.py:269 | 🖱️ Click OK (En paralelo): you_need_more_credits!.png at (381, 345) delay=1s
2026-06-23 14:15:11 | INFO | my_functions.py:142 | Presionando ESC (1/2)
2026-06-23 14:15:12 | INFO | my_functions.py:142 | Presionando ESC (2/2)
2026-06-23 14:15:14 | INFO | my_functions.py:1435 | [INFO] Mejora de cartas completada ✅
2026-06-23 14:15:14 | INFO | my_functions.py:142 | Presionando ESC (1/1)
2026-06-23 14:15:15 | INFO | my_functions.py:247 | [DEBUG] Buscando en paralelo: ['white_x.png'] | timeout=2s | confidence=0.8
2026-06-23 14:15:18 | INFO | my_functions.py:281 | [DEBUG] Click skipped, ninguna de las imágenes se encontró en el intento.
2026-06-23 14:15:19 | INFO | my_functions.py:247 | [DEBUG] Buscando en paralelo: ['nut.png'] | timeout=20s | confidence=0.8
2026-06-23 14:15:20 | INFO | my_functions.py:134 | Haciendo click en la posición (184, 78)
2026-06-23 14:15:21 | INFO | my_functions.py:269 | 🖱️ Click OK (En paralelo): nut.png at (184, 78) delay=1s
2026-06-23 14:15:22 | INFO | my_functions.py:247 | [DEBUG] Buscando en paralelo: ['graphics_quality.png'] | timeout=3s | confidence=0.8
2026-06-23 14:15:23 | INFO | my_functions.py:134 | Haciendo click en la posición (304, 644)
2026-06-23 14:15:23 | INFO | my_functions.py:269 | 🖱️ Click OK (En paralelo): graphics_quality.png at (304, 644) delay=1s
2026-06-23 14:15:26 | INFO | my_functions.py:247 | [DEBUG] Buscando en paralelo: ['sign_out.png'] | timeout=20s | confidence=0.8
2026-06-23 14:15:27 | INFO | my_functions.py:134 | Haciendo click en la posición (380, 796)
2026-06-23 14:15:27 | INFO | my_functions.py:269 | 🖱️ Click OK (En paralelo): sign_out.png at (380, 796) delay=1s
2026-06-23 14:15:30 | INFO | my_functions.py:247 | [DEBUG] Buscando en paralelo: ['sign_out_grande.png'] | timeout=20s | confidence=0.8
2026-06-23 14:15:31 | INFO | my_functions.py:134 | Haciendo click en la posición (359, 437)
2026-06-23 14:15:31 | INFO | my_functions.py:269 | 🖱️ Click OK (En paralelo): sign_out_grande.png at (359, 437) delay=1s
2026-06-23 14:15:32 | INFO | my_functions.py:247 | [DEBUG] Buscando en paralelo: ['sign_out2.png'] | timeout=20s | confidence=0.8
2026-06-23 14:15:34 | INFO | my_functions.py:134 | Haciendo click en la posición (383, 634)
2026-06-23 14:15:34 | INFO | my_functions.py:269 | 🖱️ Click OK (En paralelo): sign_out2.png at (383, 634) delay=1s
2026-06-23 14:15:35 | INFO | my_functions.py:1547 | ⏱ Esperando 0.1 segundos antes de empezar...
2026-06-23 14:15:35 | INFO | my_functions.py:1554 | 🔍 Esperando ventana que contenga alguna de: SNAP (máx 20s)
2026-06-23 14:15:35 | INFO | my_functions.py:1566 | ✅ Ventana encontrada: 'SNAP'
2026-06-23 14:15:35 | INFO | my_functions.py:1581 | ✅ Ventana seleccionada: 'SNAP'
2026-06-23 14:15:37 | INFO | my_functions.py:1604 | 🔁 Reajuste #1...
2026-06-23 14:15:39 | INFO | my_functions.py:1611 | ✔ Verificación completa. Se hicieron 1 reajustes.
2026-06-23 14:15:44 | INFO | each_eight_hours.py:113 | Processing account: bender_vm
2026-06-23 14:15:44 | INFO | my_functions.py:1547 | ⏱ Esperando 0.1 segundos antes de empezar...
2026-06-23 14:15:44 | INFO | my_functions.py:1554 | 🔍 Esperando ventana que contenga alguna de: ['SNAP'] (máx 20s)
2026-06-23 14:15:46 | INFO | my_functions.py:1566 | ✅ Ventana encontrada: 'SNAP'
2026-06-23 14:15:46 | INFO | my_functions.py:1581 | ✅ Ventana seleccionada: 'SNAP'
2026-06-23 14:15:48 | INFO | my_functions.py:1613 | ✔ Verificación completa. No hubo cambios después del primer ajuste.
2026-06-23 14:15:48 | INFO | my_functions.py:1206 | [DEBUG] Resizing SNAP window...
2026-06-23 14:15:48 | INFO | my_functions.py:1547 | ⏱ Esperando 0.1 segundos antes de empezar...
2026-06-23 14:15:48 | INFO | my_functions.py:1554 | 🔍 Esperando ventana que contenga alguna de: ['SNAP'] (máx 20s)
2026-06-23 14:15:48 | INFO | my_functions.py:1566 | ✅ Ventana encontrada: 'SNAP'
2026-06-23 14:15:48 | INFO | my_functions.py:1581 | ✅ Ventana seleccionada: 'SNAP'
2026-06-23 14:15:51 | INFO | my_functions.py:1613 | ✔ Verificación completa. No hubo cambios después del primer ajuste.
2026-06-23 14:15:51 | INFO | my_functions.py:247 | [DEBUG] Buscando en paralelo: ['small_submit.PNG', 'small_submit_hover.png', 'submit_hover_2.png', 'small_submit_hover_2.png'] | timeout=90s | confidence=0.8
2026-06-23 14:15:59 | INFO | my_functions.py:134 | Haciendo click en la posición (380, 642)
2026-06-23 14:15:59 | INFO | my_functions.py:269 | 🖱️ Click OK (En paralelo): small_submit.PNG at (380, 642) delay=0.2s
2026-06-23 14:16:02 | INFO | my_functions.py:247 | [DEBUG] Buscando en paralelo: ['small_submit.PNG', 'small_submit_hover.png', 'submit_hover_2.png', 'small_submit_hover_2.png'] | timeout=20s | confidence=0.8
2026-06-23 14:16:03 | INFO | my_functions.py:134 | Haciendo click en la posición (380, 721)
2026-06-23 14:16:04 | INFO | my_functions.py:269 | 🖱️ Click OK (En paralelo): small_submit.PNG at (380, 721) delay=0.2s
2026-06-23 14:16:05 | INFO | my_functions.py:1547 | ⏱ Esperando 0.1 segundos antes de empezar...
2026-06-23 14:16:05 | INFO | my_functions.py:1554 | 🔍 Esperando ventana que contenga alguna de: ['SNAP'] (máx 20s)
2026-06-23 14:16:05 | INFO | my_functions.py:1566 | ✅ Ventana encontrada: 'SNAP'
2026-06-23 14:16:05 | INFO | my_functions.py:1581 | ✅ Ventana seleccionada: 'SNAP'
2026-06-23 14:16:07 | INFO | my_functions.py:1604 | 🔁 Reajuste #1...
2026-06-23 14:16:08 | INFO | my_functions.py:1611 | ✔ Verificación completa. Se hicieron 1 reajustes.
2026-06-23 14:16:08 | INFO | my_functions.py:169 | Searching please_sign.png (timeout=0s)
2026-06-23 14:16:08 | INFO | my_functions.py:199 | 
✅ Found: please_sign.png pos=(383, 438) time=0.46s confidence=0.8
2026-06-23 14:16:08 | INFO | my_functions.py:247 | [DEBUG] Buscando en paralelo: ['ok_btn.png'] | timeout=20s | confidence=0.8
2026-06-23 14:16:10 | INFO | my_functions.py:134 | Haciendo click en la posición (382, 634)
2026-06-23 14:16:10 | INFO | my_functions.py:269 | 🖱️ Click OK (En paralelo): ok_btn.png at (382, 634) delay=1s
2026-06-23 14:16:11 | INFO | my_functions.py:247 | [DEBUG] Buscando en paralelo: ['small_submit.PNG', 'small_submit_hover.png', 'submit_hover_2.png', 'small_submit_hover_2.png'] | timeout=30s | confidence=0.8
2026-06-23 14:16:14 | INFO | my_functions.py:134 | Haciendo click en la posición (383, 643)
2026-06-23 14:16:14 | INFO | my_functions.py:269 | 🖱️ Click OK (En paralelo): small_submit_hover_2.png at (383, 643) delay=0.2s
2026-06-23 14:16:16 | INFO | my_functions.py:247 | [DEBUG] Buscando en paralelo: ['small_submit.PNG', 'small_submit_hover.png', 'submit_hover_2.png', 'small_submit_hover_2.png'] | timeout=20s | confidence=0.8
2026-06-23 14:16:17 | INFO | my_functions.py:134 | Haciendo click en la posición (380, 721)
2026-06-23 14:16:17 | INFO | my_functions.py:269 | 🖱️ Click OK (En paralelo): small_submit.PNG at (380, 721) delay=0.2s
2026-06-23 14:16:18 | INFO | my_functions.py:247 | [DEBUG] Buscando en paralelo: ['sign_in_with_google2.PNG'] | timeout=20s | confidence=0.8
2026-06-23 14:16:20 | INFO | my_functions.py:134 | Haciendo click en la posición (406, 957)
2026-06-23 14:16:20 | INFO | my_functions.py:269 | 🖱️ Click OK (En paralelo): sign_in_with_google2.PNG at (406, 957) delay=1s
2026-06-23 14:16:21 | INFO | my_functions.py:169 | Searching pagina_cargada.png (timeout=60s)
2026-06-23 14:16:26 | INFO | my_functions.py:199 | 
✅ Found: pagina_cargada.png pos=(70, 24) time=4.74s confidence=0.8
2026-06-23 14:16:26 | INFO | my_functions.py:247 | [DEBUG] Buscando en paralelo: ['bender_vm.png'] | timeout=0s | confidence=0.8
2026-06-23 14:16:30 | INFO | my_functions.py:134 | Haciendo click en la posición (1125, 358)
2026-06-23 14:16:30 | INFO | my_functions.py:269 | 🖱️ Click OK (En paralelo): bender_vm.png at (1125, 358) delay=3s
2026-06-23 14:16:31 | INFO | my_functions.py:169 | Searching marvelsnap_web.png (timeout=30s)
2026-06-23 14:16:35 | INFO | my_functions.py:199 | 
✅ Found: marvelsnap_web.png pos=(258, 80) time=4.2s confidence=0.7
2026-06-23 14:16:36 | INFO | my_functions.py:169 | Searching shop_unselected.PNG (timeout=0s)
2026-06-23 14:16:36 | INFO | my_functions.py:213 | 
⛔ Not found: shop_unselected.PNG after 0.0s region=(0, 0, 765, 1038) confidence=0.8
2026-06-23 14:16:36 | INFO | my_functions.py:247 | [DEBUG] Buscando en paralelo: ['super_premium.PNG'] | timeout=0s | confidence=0.8
2026-06-23 14:16:37 | INFO | my_functions.py:281 | [DEBUG] Click skipped, ninguna de las imágenes se encontró en el intento.
2026-06-23 14:16:38 | INFO | my_functions.py:247 | [DEBUG] Buscando en paralelo: ['maybe_later.PNG'] | timeout=0s | confidence=0.8
2026-06-23 14:16:39 | INFO | my_functions.py:281 | [DEBUG] Click skipped, ninguna de las imágenes se encontró en el intento.
2026-06-23 14:16:40 | INFO | my_functions.py:247 | [DEBUG] Buscando en paralelo: ['maybe_later2.PNG'] | timeout=0s | confidence=0.8
2026-06-23 14:16:40 | INFO | my_functions.py:281 | [DEBUG] Click skipped, ninguna de las imágenes se encontró en el intento.
2026-06-23 14:16:41 | INFO | my_functions.py:169 | Searching go_to_shop.PNG (timeout=0s)
2026-06-23 14:16:42 | INFO | my_functions.py:213 | 
⛔ Not found: go_to_shop.PNG after 0.0s region=(0, 0, 765, 1038) confidence=0.8
2026-06-23 14:16:42 | INFO | my_functions.py:247 | [DEBUG] Buscando en paralelo: ['14_days_of_winterverse.PNG'] | timeout=0s | confidence=0.8
2026-06-23 14:16:43 | INFO | my_functions.py:281 | [DEBUG] Click skipped, ninguna de las imágenes se encontró en el intento.
2026-06-23 14:16:44 | INFO | my_functions.py:169 | Searching welcome_back_calendar.PNG (timeout=0s)
2026-06-23 14:16:44 | INFO | my_functions.py:213 | 
⛔ Not found: welcome_back_calendar.PNG after 0.0s region=(0, 0, 765, 1038) confidence=0.8
2026-06-23 14:16:44 | INFO | my_functions.py:247 | [DEBUG] Buscando en paralelo: ['start_the_countdown.PNG'] | timeout=0s | confidence=0.8
2026-06-23 14:16:45 | INFO | my_functions.py:281 | [DEBUG] Click skipped, ninguna de las imágenes se encontró en el intento.
2026-06-23 14:16:46 | INFO | my_functions.py:247 | [DEBUG] Buscando en paralelo: ['event_has_ended_sanctum.PNG'] | timeout=0s | confidence=0.8
2026-06-23 14:16:46 | INFO | my_functions.py:281 | [DEBUG] Click skipped, ninguna de las imágenes se encontró en el intento.
2026-06-23 14:16:48 | INFO | my_functions.py:247 | [DEBUG] Buscando en paralelo: ['event_has_ended_teamclash.PNG'] | timeout=0s | confidence=0.8
2026-06-23 14:16:48 | INFO | my_functions.py:281 | [DEBUG] Click skipped, ninguna de las imágenes se encontró en el intento.
2026-06-23 14:16:49 | INFO | my_functions.py:247 | [DEBUG] Buscando en paralelo: ['image_part_of_event_grand_arena_finished.PNG'] | timeout=0s | confidence=0.8
2026-06-23 14:16:50 | INFO | my_functions.py:281 | [DEBUG] Click skipped, ninguna de las imágenes se encontró en el intento.
2026-06-23 14:16:51 | INFO | my_functions.py:169 | Searching 28_day_event_login_rewards.PNG (timeout=0s)
2026-06-23 14:16:51 | INFO | my_functions.py:213 | 
⛔ Not found: 28_day_event_login_rewards.PNG after 0.0s region=(0, 0, 765, 1038) confidence=0.8
2026-06-23 14:16:51 | INFO | my_functions.py:169 | Searching 7_day_event_login.PNG (timeout=0s)
2026-06-23 14:16:52 | INFO | my_functions.py:213 | 
⛔ Not found: 7_day_event_login.PNG after 0.0s region=(0, 0, 765, 1038) confidence=0.8
2026-06-23 14:16:52 | INFO | my_functions.py:169 | Searching 14_days_event.PNG (timeout=0s)
2026-06-23 14:16:52 | INFO | my_functions.py:213 | 
⛔ Not found: 14_days_event.PNG after 0.0s region=(0, 0, 765, 1038) confidence=0.8
2026-06-23 14:16:52 | INFO | my_functions.py:247 | [DEBUG] Buscando en paralelo: ['lets_go.PNG'] | timeout=0s | confidence=0.8
2026-06-23 14:16:53 | INFO | my_functions.py:281 | [DEBUG] Click skipped, ninguna de las imágenes se encontró en el intento.
2026-06-23 14:16:55 | INFO | my_functions.py:169 | Searching shop_unselected.PNG (timeout=0s)
2026-06-23 14:16:56 | INFO | my_functions.py:213 | 
⛔ Not found: shop_unselected.PNG after 0.72s region=(0, 0, 765, 1038) confidence=0.8
2026-06-23 14:16:56 | INFO | my_functions.py:247 | [DEBUG] Buscando en paralelo: ['super_premium.PNG'] | timeout=0s | confidence=0.8
2026-06-23 14:16:58 | INFO | my_functions.py:134 | Haciendo click en la posición (480, 777)
2026-06-23 14:16:58 | INFO | my_functions.py:269 | 🖱️ Click OK (En paralelo): super_premium.PNG at (480, 777) delay=1s
2026-06-23 14:16:59 | INFO | my_functions.py:142 | Presionando ESC (1/1)
2026-06-23 14:17:08 | INFO | my_functions.py:169 | Searching shop_unselected.PNG (timeout=0s)
2026-06-23 14:17:09 | INFO | my_functions.py:199 | 
✅ Found: shop_unselected.PNG pos=(88, 961) time=0.93s confidence=0.8
2026-06-23 14:17:09 | INFO | my_functions.py:714 | Ya esta listo
2026-06-23 14:17:13 | INFO | my_functions.py:533 | AVAILABLE: 6
2026-06-23 14:17:13 | INFO | my_functions.py:555 | Misiones completadas: 0
2026-06-23 14:17:13 | INFO | my_functions.py:169 | Searching play.PNG (timeout=0s)
2026-06-23 14:17:14 | INFO | my_functions.py:199 | 
✅ Found: play.PNG pos=(384, 825) time=0.68s confidence=0.8
2026-06-23 14:17:14 | INFO | my_functions.py:1442 | [INFO] Click realizado donde se equipa el deck a jugar
2026-06-23 14:17:18 | INFO | my_functions.py:247 | [DEBUG] Buscando en paralelo: ['deck_666666.png'] | timeout=3s | confidence=0.8
2026-06-23 14:17:20 | INFO | my_functions.py:134 | Haciendo click en la posición (235, 546)
2026-06-23 14:17:20 | INFO | my_functions.py:269 | 🖱️ Click OK (En paralelo): deck_666666.png at (235, 546) delay=1s
2026-06-23 14:17:21 | INFO | my_functions.py:247 | [DEBUG] Buscando en paralelo: ['equip.png'] | timeout=3s | confidence=0.95
2026-06-23 14:17:23 | INFO | my_functions.py:134 | Haciendo click en la posición (548, 983)
2026-06-23 14:17:23 | INFO | my_functions.py:269 | 🖱️ Click OK (En paralelo): equip.png at (548, 983) delay=1s
2026-06-23 14:17:24 | INFO | each_eight_hours.py:134 | Deck selected: 6turns
2026-06-23 14:17:24 | INFO | my_functions.py:247 | [DEBUG] Buscando en paralelo: ['maybe_later.PNG'] | timeout=2s | confidence=0.8
2026-06-23 14:17:26 | INFO | my_functions.py:281 | [DEBUG] Click skipped, ninguna de las imágenes se encontró en el intento.
2026-06-23 14:17:27 | INFO | my_functions.py:247 | [DEBUG] Buscando en paralelo: ['maybe_later2.PNG'] | timeout=0.01s | confidence=0.8
2026-06-23 14:17:28 | INFO | my_functions.py:281 | [DEBUG] Click skipped, ninguna de las imágenes se encontró en el intento.
2026-06-23 14:17:29 | INFO | each_eight_hours.py:148 | Starting game loop 1
2026-06-23 14:17:29 | INFO | my_functions.py:247 | [DEBUG] Buscando en paralelo: ['play.PNG'] | timeout=20s | confidence=0.8
2026-06-23 14:17:33 | INFO | my_functions.py:134 | Haciendo click en la posición (384, 824)
2026-06-23 14:17:33 | INFO | my_functions.py:269 | 🖱️ Click OK (En paralelo): play.PNG at (384, 824) delay=3s
2026-06-23 14:17:58 | INFO | my_functions.py:199 | 
✅ Found: end_turn.PNG pos=(681, 945) time=0.65s confidence=0.8
2026-06-23 14:17:58 | INFO | my_functions.py:247 | [DEBUG] Buscando en paralelo: ['snap.PNG'] | timeout=0s | confidence=0.8
2026-06-23 14:18:00 | INFO | my_functions.py:134 | Haciendo click en la posición (386, 124)
2026-06-23 14:18:00 | INFO | my_functions.py:269 | 🖱️ Click OK (En paralelo): snap.PNG at (386, 124) delay=1s
2026-06-23 14:18:06 | INFO | my_functions.py:247 | [DEBUG] Buscando en paralelo: ['end_turn.PNG'] | timeout=0s | confidence=0.8
2026-06-23 14:18:08 | INFO | my_functions.py:134 | Haciendo click en la posición (682, 946)
2026-06-23 14:18:08 | INFO | my_functions.py:269 | 🖱️ Click OK (En paralelo): end_turn.PNG at (682, 946) delay=1s
2026-06-23 14:18:09 | INFO | each_eight_hours.py:165 | End turn executed
2026-06-23 14:18:19 | INFO | my_functions.py:199 | 
✅ Found: end_turn.PNG pos=(681, 945) time=0.65s confidence=0.8
2026-06-23 14:18:19 | INFO | my_functions.py:247 | [DEBUG] Buscando en paralelo: ['snap.PNG'] | timeout=0s | confidence=0.8
2026-06-23 14:18:19 | INFO | my_functions.py:281 | [DEBUG] Click skipped, ninguna de las imágenes se encontró en el intento.
2026-06-23 14:18:25 | INFO | my_functions.py:247 | [DEBUG] Buscando en paralelo: ['end_turn.PNG'] | timeout=0s | confidence=0.8
2026-06-23 14:18:27 | INFO | my_functions.py:134 | Haciendo click en la posición (682, 945)
2026-06-23 14:18:27 | INFO | my_functions.py:269 | 🖱️ Click OK (En paralelo): end_turn.PNG at (682, 945) delay=1s
2026-06-23 14:18:28 | INFO | each_eight_hours.py:165 | End turn executed
2026-06-23 14:18:38 | INFO | my_functions.py:199 | 
✅ Found: end_turn.PNG pos=(681, 945) time=0.66s confidence=0.8
2026-06-23 14:18:38 | INFO | my_functions.py:247 | [DEBUG] Buscando en paralelo: ['snap.PNG'] | timeout=0s | confidence=0.8
2026-06-23 14:18:39 | INFO | my_functions.py:281 | [DEBUG] Click skipped, ninguna de las imágenes se encontró en el intento.
2026-06-23 14:18:45 | INFO | my_functions.py:247 | [DEBUG] Buscando en paralelo: ['end_turn.PNG'] | timeout=0s | confidence=0.8
2026-06-23 14:18:47 | INFO | my_functions.py:134 | Haciendo click en la posición (682, 945)
2026-06-23 14:18:47 | INFO | my_functions.py:269 | 🖱️ Click OK (En paralelo): end_turn.PNG at (682, 945) delay=1s
2026-06-23 14:18:48 | INFO | each_eight_hours.py:165 | End turn executed
2026-06-23 14:19:04 | INFO | my_functions.py:199 | 
✅ Found: end_turn.PNG pos=(681, 945) time=0.64s confidence=0.8
2026-06-23 14:19:04 | INFO | my_functions.py:247 | [DEBUG] Buscando en paralelo: ['snap.PNG'] | timeout=0s | confidence=0.8
2026-06-23 14:19:05 | INFO | my_functions.py:281 | [DEBUG] Click skipped, ninguna de las imágenes se encontró en el intento.
2026-06-23 14:19:11 | INFO | my_functions.py:247 | [DEBUG] Buscando en paralelo: ['end_turn.PNG'] | timeout=0s | confidence=0.8
2026-06-23 14:19:12 | INFO | my_functions.py:134 | Haciendo click en la posición (682, 945)
2026-06-23 14:19:12 | INFO | my_functions.py:269 | 🖱️ Click OK (En paralelo): end_turn.PNG at (682, 945) delay=1s
2026-06-23 14:19:14 | INFO | each_eight_hours.py:165 | End turn executed
2026-06-23 14:19:23 | INFO | my_functions.py:199 | 
✅ Found: end_turn.PNG pos=(681, 945) time=0.63s confidence=0.8
2026-06-23 14:19:23 | INFO | my_functions.py:247 | [DEBUG] Buscando en paralelo: ['snap.PNG'] | timeout=0s | confidence=0.8
2026-06-23 14:19:24 | INFO | my_functions.py:281 | [DEBUG] Click skipped, ninguna de las imágenes se encontró en el intento.
2026-06-23 14:19:30 | INFO | my_functions.py:247 | [DEBUG] Buscando en paralelo: ['end_turn.PNG'] | timeout=0s | confidence=0.8
2026-06-23 14:19:32 | INFO | my_functions.py:134 | Haciendo click en la posición (682, 945)
2026-06-23 14:19:32 | INFO | my_functions.py:269 | 🖱️ Click OK (En paralelo): end_turn.PNG at (682, 945) delay=1s
2026-06-23 14:19:33 | INFO | each_eight_hours.py:165 | End turn executed
2026-06-23 14:19:43 | INFO | my_functions.py:199 | 
✅ Found: end_turn.PNG pos=(681, 945) time=0.65s confidence=0.8
2026-06-23 14:19:43 | INFO | my_functions.py:247 | [DEBUG] Buscando en paralelo: ['snap.PNG'] | timeout=0s | confidence=0.8
2026-06-23 14:19:44 | INFO | my_functions.py:281 | [DEBUG] Click skipped, ninguna de las imágenes se encontró en el intento.
2026-06-23 14:19:50 | INFO | my_functions.py:247 | [DEBUG] Buscando en paralelo: ['end_turn.PNG'] | timeout=0s | confidence=0.8
2026-06-23 14:19:51 | INFO | my_functions.py:134 | Haciendo click en la posición (681, 945)
2026-06-23 14:19:51 | INFO | my_functions.py:269 | 🖱️ Click OK (En paralelo): end_turn.PNG at (681, 945) delay=1s
2026-06-23 14:19:53 | INFO | each_eight_hours.py:165 | End turn executed
2026-06-23 14:20:18 | INFO | my_functions.py:199 | 
✅ Found: collect_rewards.PNG pos=(679, 957) time=0.78s confidence=0.8
2026-06-23 14:20:18 | INFO | each_eight_hours.py:204 | Rewards detected, exiting match
2026-06-23 14:20:18 | INFO | my_functions.py:247 | [DEBUG] Buscando en paralelo: ['collect_rewards.PNG'] | timeout=20s | confidence=0.8
2026-06-23 14:20:20 | INFO | my_functions.py:134 | Haciendo click en la posición (679, 957)
2026-06-23 14:20:20 | INFO | my_functions.py:269 | 🖱️ Click OK (En paralelo): collect_rewards.PNG at (679, 957) delay=1s
2026-06-23 14:20:21 | INFO | my_functions.py:247 | [DEBUG] Buscando en paralelo: ['next.PNG'] | timeout=20s | confidence=0.8
2026-06-23 14:20:26 | INFO | my_functions.py:134 | Haciendo click en la posición (677, 1003)
2026-06-23 14:20:26 | INFO | my_functions.py:269 | 🖱️ Click OK (En paralelo): next.PNG at (677, 1003) delay=1s
2026-06-23 14:20:29 | INFO | my_functions.py:533 | AVAILABLE: 6
2026-06-23 14:20:29 | INFO | each_eight_hours.py:271 | Submissions after match: 6
2026-06-23 14:20:29 | INFO | my_functions.py:555 | Misiones completadas: 1
2026-06-23 14:20:29 | INFO | each_eight_hours.py:148 | Starting game loop 2
2026-06-23 14:20:29 | INFO | my_functions.py:247 | [DEBUG] Buscando en paralelo: ['play.PNG'] | timeout=20s | confidence=0.8
2026-06-23 14:20:33 | INFO | my_functions.py:134 | Haciendo click en la posición (384, 824)
2026-06-23 14:20:33 | INFO | my_functions.py:269 | 🖱️ Click OK (En paralelo): play.PNG at (384, 824) delay=3s
2026-06-23 14:20:46 | INFO | my_functions.py:199 | 
✅ Found: end_turn.PNG pos=(682, 945) time=0.67s confidence=0.8
2026-06-23 14:20:46 | INFO | my_functions.py:247 | [DEBUG] Buscando en paralelo: ['snap.PNG'] | timeout=0s | confidence=0.8
2026-06-23 14:20:47 | INFO | my_functions.py:134 | Haciendo click en la posición (386, 122)
2026-06-23 14:20:48 | INFO | my_functions.py:269 | 🖱️ Click OK (En paralelo): snap.PNG at (386, 122) delay=1s
2026-06-23 14:20:54 | INFO | my_functions.py:247 | [DEBUG] Buscando en paralelo: ['end_turn.PNG'] | timeout=0s | confidence=0.8
2026-06-23 14:20:56 | INFO | my_functions.py:134 | Haciendo click en la posición (682, 946)
2026-06-23 14:20:56 | INFO | my_functions.py:269 | 🖱️ Click OK (En paralelo): end_turn.PNG at (682, 946) delay=1s
2026-06-23 14:20:57 | INFO | each_eight_hours.py:165 | End turn executed
2026-06-23 14:21:07 | INFO | my_functions.py:199 | 
✅ Found: end_turn.PNG pos=(681, 945) time=0.72s confidence=0.8
2026-06-23 14:21:07 | INFO | my_functions.py:247 | [DEBUG] Buscando en paralelo: ['snap.PNG'] | timeout=0s | confidence=0.8
2026-06-23 14:21:08 | INFO | my_functions.py:281 | [DEBUG] Click skipped, ninguna de las imágenes se encontró en el intento.
2026-06-23 14:21:14 | INFO | my_functions.py:247 | [DEBUG] Buscando en paralelo: ['end_turn.PNG'] | timeout=0s | confidence=0.8
2026-06-23 14:21:15 | INFO | my_functions.py:134 | Haciendo click en la posición (682, 946)
2026-06-23 14:21:16 | INFO | my_functions.py:269 | 🖱️ Click OK (En paralelo): end_turn.PNG at (682, 946) delay=1s
2026-06-23 14:21:17 | INFO | each_eight_hours.py:165 | End turn executed
2026-06-23 14:21:26 | INFO | my_functions.py:199 | 
✅ Found: end_turn.PNG pos=(681, 945) time=0.65s confidence=0.8
2026-06-23 14:21:26 | INFO | my_functions.py:247 | [DEBUG] Buscando en paralelo: ['snap.PNG'] | timeout=0s | confidence=0.8
2026-06-23 14:21:27 | INFO | my_functions.py:281 | [DEBUG] Click skipped, ninguna de las imágenes se encontró en el intento.
2026-06-23 14:21:33 | INFO | my_functions.py:247 | [DEBUG] Buscando en paralelo: ['end_turn.PNG'] | timeout=0s | confidence=0.8
2026-06-23 14:21:35 | INFO | my_functions.py:134 | Haciendo click en la posición (682, 945)
2026-06-23 14:21:35 | INFO | my_functions.py:269 | 🖱️ Click OK (En paralelo): end_turn.PNG at (682, 945) delay=1s
2026-06-23 14:21:36 | INFO | each_eight_hours.py:165 | End turn executed
2026-06-23 14:21:49 | INFO | my_functions.py:199 | 
✅ Found: end_turn.PNG pos=(681, 945) time=0.68s confidence=0.8
2026-06-23 14:21:49 | INFO | my_functions.py:247 | [DEBUG] Buscando en paralelo: ['snap.PNG'] | timeout=0s | confidence=0.8
2026-06-23 14:21:50 | INFO | my_functions.py:281 | [DEBUG] Click skipped, ninguna de las imágenes se encontró en el intento.
2026-06-23 14:21:56 | INFO | my_functions.py:247 | [DEBUG] Buscando en paralelo: ['end_turn.PNG'] | timeout=0s | confidence=0.8
2026-06-23 14:21:58 | INFO | my_functions.py:134 | Haciendo click en la posición (682, 945)
2026-06-23 14:21:58 | INFO | my_functions.py:269 | 🖱️ Click OK (En paralelo): end_turn.PNG at (682, 945) delay=1s
2026-06-23 14:21:59 | INFO | each_eight_hours.py:165 | End turn executed
2026-06-23 14:22:15 | INFO | my_functions.py:199 | 
✅ Found: end_turn.PNG pos=(681, 945) time=0.65s confidence=0.8
2026-06-23 14:22:15 | INFO | my_functions.py:247 | [DEBUG] Buscando en paralelo: ['snap.PNG'] | timeout=0s | confidence=0.8
2026-06-23 14:22:16 | INFO | my_functions.py:281 | [DEBUG] Click skipped, ninguna de las imágenes se encontró en el intento.
2026-06-23 14:22:22 | INFO | my_functions.py:247 | [DEBUG] Buscando en paralelo: ['end_turn.PNG'] | timeout=0s | confidence=0.8
2026-06-23 14:22:24 | INFO | my_functions.py:134 | Haciendo click en la posición (682, 945)
2026-06-23 14:22:24 | INFO | my_functions.py:269 | 🖱️ Click OK (En paralelo): end_turn.PNG at (682, 945) delay=1s
2026-06-23 14:22:25 | INFO | each_eight_hours.py:165 | End turn executed
2026-06-23 14:23:04 | INFO | my_functions.py:199 | 
✅ Found: end_turn.PNG pos=(681, 945) time=0.67s confidence=0.8
2026-06-23 14:23:04 | INFO | my_functions.py:247 | [DEBUG] Buscando en paralelo: ['snap.PNG'] | timeout=0s | confidence=0.8
2026-06-23 14:23:05 | INFO | my_functions.py:281 | [DEBUG] Click skipped, ninguna de las imágenes se encontró en el intento.
2026-06-23 14:23:11 | INFO | my_functions.py:247 | [DEBUG] Buscando en paralelo: ['end_turn.PNG'] | timeout=0s | confidence=0.8
2026-06-23 14:23:13 | INFO | my_functions.py:134 | Haciendo click en la posición (681, 945)
2026-06-23 14:23:13 | INFO | my_functions.py:269 | 🖱️ Click OK (En paralelo): end_turn.PNG at (681, 945) delay=1s
2026-06-23 14:23:14 | INFO | each_eight_hours.py:165 | End turn executed
2026-06-23 14:23:42 | INFO | my_functions.py:199 | 
✅ Found: collect_rewards.PNG pos=(679, 957) time=0.77s confidence=0.8
2026-06-23 14:23:42 | INFO | each_eight_hours.py:204 | Rewards detected, exiting match
2026-06-23 14:23:42 | INFO | my_functions.py:247 | [DEBUG] Buscando en paralelo: ['collect_rewards.PNG'] | timeout=20s | confidence=0.8
2026-06-23 14:23:44 | INFO | my_functions.py:134 | Haciendo click en la posición (679, 957)
2026-06-23 14:23:44 | INFO | my_functions.py:269 | 🖱️ Click OK (En paralelo): collect_rewards.PNG at (679, 957) delay=1s
2026-06-23 14:23:45 | INFO | my_functions.py:247 | [DEBUG] Buscando en paralelo: ['next.PNG'] | timeout=20s | confidence=0.8
2026-06-23 14:23:52 | INFO | my_functions.py:134 | Haciendo click en la posición (677, 973)
2026-06-23 14:23:53 | INFO | my_functions.py:269 | 🖱️ Click OK (En paralelo): next.PNG at (677, 973) delay=1s
2026-06-23 14:23:56 | INFO | my_functions.py:533 | AVAILABLE: 6
2026-06-23 14:23:56 | INFO | each_eight_hours.py:271 | Submissions after match: 6
2026-06-23 14:23:56 | INFO | my_functions.py:555 | Misiones completadas: 3
2026-06-23 14:23:56 | INFO | each_eight_hours.py:275 | Submission condition met, breaking loop
2026-06-23 14:23:56 | INFO | my_functions.py:247 | [DEBUG] Buscando en paralelo: ['missionsNotify2.png'] | timeout=20s | confidence=0.8
2026-06-23 14:23:59 | INFO | my_functions.py:134 | Haciendo click en la posición (538, 124)
2026-06-23 14:24:00 | INFO | my_functions.py:269 | 🖱️ Click OK (En paralelo): missionsNotify2.png at (538, 124) delay=3s
2026-06-23 14:24:01 | INFO | my_functions.py:1472 | [INFO] Iniciando click_missions_blue2
2026-06-23 14:24:01 | INFO | my_functions.py:134 | Haciendo click en la posición (150, 132)
2026-06-23 14:24:02 | INFO | my_functions.py:1475 | [ACTION] Click hecho en icono de calendario que me dirige a las misiones ordinarias
2026-06-23 14:24:02 | INFO | my_functions.py:169 | Searching bonus_challenge.png (timeout=0s)
2026-06-23 14:24:02 | INFO | my_functions.py:213 | 
⛔ Not found: bonus_challenge.png after 0.0s region=(0, 0, 765, 1038) confidence=0.8
2026-06-23 14:24:04 | INFO | my_functions.py:134 | Haciendo click en la posición (362, 493)
2026-06-23 14:24:06 | INFO | my_functions.py:1488 | [ACTION] Click 1/3 en misión azul
2026-06-23 14:24:06 | INFO | my_functions.py:134 | Haciendo click en la posición (362, 493)
2026-06-23 14:24:07 | INFO | my_functions.py:1488 | [ACTION] Click 2/3 en misión azul
2026-06-23 14:24:08 | INFO | my_functions.py:134 | Haciendo click en la posición (362, 493)
2026-06-23 14:24:09 | INFO | my_functions.py:1488 | [ACTION] Click 3/3 en misión azul
2026-06-23 14:24:10 | INFO | my_functions.py:169 | Searching flechita_mission.PNG (timeout=0s)
2026-06-23 14:24:10 | INFO | my_functions.py:213 | 
⛔ Not found: flechita_mission.PNG after 0.0s region=(0, 0, 765, 1038) confidence=0.8
2026-06-23 14:24:10 | INFO | my_functions.py:247 | [DEBUG] Buscando en paralelo: ['weekly3.PNG'] | timeout=0s | confidence=0.8
2026-06-23 14:24:11 | INFO | my_functions.py:281 | [DEBUG] Click skipped, ninguna de las imágenes se encontró en el intento.
2026-06-23 14:24:12 | INFO | my_functions.py:247 | [DEBUG] Buscando en paralelo: ['weekly3.PNG'] | timeout=0s | confidence=0.8
2026-06-23 14:24:13 | INFO | my_functions.py:281 | [DEBUG] Click skipped, ninguna de las imágenes se encontró en el intento.
2026-06-23 14:24:14 | INFO | my_functions.py:134 | Haciendo click en la posición (557, 64)
2026-06-23 14:24:15 | INFO | my_functions.py:247 | [DEBUG] Buscando en paralelo: ['cards_shop.PNG'] | timeout=20s | confidence=0.8
2026-06-23 14:24:18 | INFO | my_functions.py:134 | Haciendo click en la posición (568, 121)
2026-06-23 14:24:18 | INFO | my_functions.py:269 | 🖱️ Click OK (En paralelo): cards_shop.PNG at (568, 121) delay=1s
2026-06-23 14:24:19 | INFO | my_functions.py:247 | [DEBUG] Buscando en paralelo: ['token_icon.PNG'] | timeout=20s | confidence=0.8
2026-06-23 14:24:21 | INFO | my_functions.py:134 | Haciendo click en la posición (661, 171)
2026-06-23 14:24:21 | INFO | my_functions.py:269 | 🖱️ Click OK (En paralelo): token_icon.PNG at (661, 171) delay=1s
2026-06-23 14:24:24 | INFO | my_functions.py:247 | [DEBUG] Buscando en paralelo: ['claim!_token_3.PNG'] | timeout=4s | confidence=0.8
2026-06-23 14:24:26 | INFO | my_functions.py:134 | Haciendo click en la posición (231, 573)
2026-06-23 14:24:26 | INFO | my_functions.py:269 | 🖱️ Click OK (En paralelo): claim!_token_3.PNG at (231, 573) delay=1s
2026-06-23 14:24:28 | INFO | my_functions.py:247 | [DEBUG] Buscando en paralelo: ['cards_shop.PNG'] | timeout=20s | confidence=0.8
2026-06-23 14:24:29 | INFO | my_functions.py:134 | Haciendo click en la posición (568, 122)
2026-06-23 14:24:30 | INFO | my_functions.py:269 | 🖱️ Click OK (En paralelo): cards_shop.PNG at (568, 122) delay=1s
2026-06-23 14:24:31 | INFO | my_functions.py:247 | [DEBUG] Buscando en paralelo: ['offers.PNG'] | timeout=20s | confidence=0.8
2026-06-23 14:24:33 | INFO | my_functions.py:134 | Haciendo click en la posición (197, 121)
2026-06-23 14:24:33 | INFO | my_functions.py:269 | 🖱️ Click OK (En paralelo): offers.PNG at (197, 121) delay=1s
2026-06-23 14:24:36 | INFO | my_functions.py:1356 | [INFO] Iniciando mejora de cartas
2026-06-23 14:24:36 | INFO | my_functions.py:247 | [DEBUG] Buscando en paralelo: ['upgrade_cards_icon.PNG'] | timeout=20s | confidence=0.8
2026-06-23 14:24:38 | INFO | my_functions.py:134 | Haciendo click en la posición (322, 170)
2026-06-23 14:24:38 | INFO | my_functions.py:269 | 🖱️ Click OK (En paralelo): upgrade_cards_icon.PNG at (322, 170) delay=1s
2026-06-23 14:24:39 | INFO | my_functions.py:1360 | [INFO] Abriendo icono de upgrade_cards
2026-06-23 14:24:40 | INFO | my_functions.py:1367 | [STEP] Mejorando carta 1
2026-06-23 14:24:40 | INFO | my_functions.py:1371 | [ACTION] Click en carta 1
2026-06-23 14:24:41 | INFO | my_functions.py:1376 | [ACTION] Click en botón upgrade
2026-06-23 14:24:48 | INFO | my_functions.py:169 | Searching aw_snap.png (timeout=3s)
2026-06-23 14:24:52 | INFO | my_functions.py:213 | 
⛔ Not found: aw_snap.png after 3.0s region=(0, 0, 765, 1038) confidence=0.8
2026-06-23 14:24:52 | INFO | my_functions.py:247 | [DEBUG] Buscando en paralelo: ['you_need_more_credits!.png'] | timeout=3s | confidence=0.8
2026-06-23 14:24:55 | INFO | my_functions.py:281 | [DEBUG] Click skipped, ninguna de las imágenes se encontró en el intento.
2026-06-23 14:25:02 | INFO | my_functions.py:1409 | [ACTION] Click para continuar a stage de nivel de coleccion
2026-06-23 14:25:07 | INFO | my_functions.py:142 | Presionando ESC (1/1)
2026-06-23 14:25:07 | INFO | my_functions.py:1417 | [ACTION] Saliendo de stage nivel de coleccion con ESC
2026-06-23 14:25:08 | INFO | my_functions.py:247 | [DEBUG] Buscando en paralelo: ['upgrade_cards_icon_selected.PNG'] | timeout=0s | confidence=0.8
2026-06-23 14:25:10 | INFO | my_functions.py:134 | Haciendo click en la posición (320, 173)
2026-06-23 14:25:10 | INFO | my_functions.py:269 | 🖱️ Click OK (En paralelo): upgrade_cards_icon_selected.PNG at (320, 173) delay=1s
2026-06-23 14:25:11 | INFO | my_functions.py:1429 | [INFO] Reabriendo icono de upgrade_cards
2026-06-23 14:25:12 | INFO | my_functions.py:1367 | [STEP] Mejorando carta 2
2026-06-23 14:25:12 | INFO | my_functions.py:1371 | [ACTION] Click en carta 2
2026-06-23 14:25:14 | INFO | my_functions.py:1376 | [ACTION] Click en botón upgrade
2026-06-23 14:25:21 | INFO | my_functions.py:169 | Searching aw_snap.png (timeout=3s)
2026-06-23 14:25:25 | INFO | my_functions.py:213 | 
⛔ Not found: aw_snap.png after 3.4s region=(0, 0, 765, 1038) confidence=0.8
2026-06-23 14:25:25 | INFO | my_functions.py:247 | [DEBUG] Buscando en paralelo: ['you_need_more_credits!.png'] | timeout=3s | confidence=0.8
2026-06-23 14:25:28 | INFO | my_functions.py:281 | [DEBUG] Click skipped, ninguna de las imágenes se encontró en el intento.
2026-06-23 14:25:34 | INFO | my_functions.py:1409 | [ACTION] Click para continuar a stage de nivel de coleccion
2026-06-23 14:25:39 | INFO | my_functions.py:142 | Presionando ESC (1/1)
2026-06-23 14:25:40 | INFO | my_functions.py:1417 | [ACTION] Saliendo de stage nivel de coleccion con ESC
2026-06-23 14:25:41 | INFO | my_functions.py:247 | [DEBUG] Buscando en paralelo: ['upgrade_cards_icon_selected.PNG'] | timeout=0s | confidence=0.8
2026-06-23 14:25:43 | INFO | my_functions.py:134 | Haciendo click en la posición (320, 173)
2026-06-23 14:25:43 | INFO | my_functions.py:269 | 🖱️ Click OK (En paralelo): upgrade_cards_icon_selected.PNG at (320, 173) delay=1s
2026-06-23 14:25:44 | INFO | my_functions.py:1429 | [INFO] Reabriendo icono de upgrade_cards
2026-06-23 14:25:45 | INFO | my_functions.py:1367 | [STEP] Mejorando carta 3
2026-06-23 14:25:45 | INFO | my_functions.py:1371 | [ACTION] Click en carta 3
2026-06-23 14:25:46 | INFO | my_functions.py:1376 | [ACTION] Click en botón upgrade
2026-06-23 14:25:53 | INFO | my_functions.py:169 | Searching aw_snap.png (timeout=3s)
2026-06-23 14:25:57 | INFO | my_functions.py:213 | 
⛔ Not found: aw_snap.png after 3.0s region=(0, 0, 765, 1038) confidence=0.8
2026-06-23 14:25:57 | INFO | my_functions.py:247 | [DEBUG] Buscando en paralelo: ['you_need_more_credits!.png'] | timeout=3s | confidence=0.8
2026-06-23 14:26:00 | INFO | my_functions.py:281 | [DEBUG] Click skipped, ninguna de las imágenes se encontró en el intento.
2026-06-23 14:26:07 | INFO | my_functions.py:1409 | [ACTION] Click para continuar a stage de nivel de coleccion
2026-06-23 14:26:12 | INFO | my_functions.py:142 | Presionando ESC (1/1)
2026-06-23 14:26:12 | INFO | my_functions.py:1417 | [ACTION] Saliendo de stage nivel de coleccion con ESC
2026-06-23 14:26:13 | INFO | my_functions.py:1435 | [INFO] Mejora de cartas completada ✅
2026-06-23 14:26:13 | INFO | my_functions.py:142 | Presionando ESC (1/1)
2026-06-23 14:26:14 | INFO | my_functions.py:247 | [DEBUG] Buscando en paralelo: ['white_x.png'] | timeout=2s | confidence=0.8
2026-06-23 14:26:16 | INFO | my_functions.py:281 | [DEBUG] Click skipped, ninguna de las imágenes se encontró en el intento.
2026-06-23 14:26:17 | INFO | my_functions.py:247 | [DEBUG] Buscando en paralelo: ['nut.png'] | timeout=20s | confidence=0.8
2026-06-23 14:26:19 | INFO | my_functions.py:134 | Haciendo click en la posición (184, 78)
2026-06-23 14:26:19 | INFO | my_functions.py:269 | 🖱️ Click OK (En paralelo): nut.png at (184, 78) delay=1s
2026-06-23 14:26:21 | INFO | my_functions.py:247 | [DEBUG] Buscando en paralelo: ['graphics_quality.png'] | timeout=3s | confidence=0.8
2026-06-23 14:26:22 | INFO | my_functions.py:134 | Haciendo click en la posición (304, 644)
2026-06-23 14:26:22 | INFO | my_functions.py:269 | 🖱️ Click OK (En paralelo): graphics_quality.png at (304, 644) delay=1s
2026-06-23 14:26:24 | INFO | my_functions.py:247 | [DEBUG] Buscando en paralelo: ['sign_out.png'] | timeout=20s | confidence=0.8
2026-06-23 14:26:26 | INFO | my_functions.py:134 | Haciendo click en la posición (380, 796)
2026-06-23 14:26:26 | INFO | my_functions.py:269 | 🖱️ Click OK (En paralelo): sign_out.png at (380, 796) delay=1s
2026-06-23 14:26:28 | INFO | my_functions.py:247 | [DEBUG] Buscando en paralelo: ['sign_out_grande.png'] | timeout=20s | confidence=0.8
2026-06-23 14:26:30 | INFO | my_functions.py:134 | Haciendo click en la posición (359, 437)
2026-06-23 14:26:30 | INFO | my_functions.py:269 | 🖱️ Click OK (En paralelo): sign_out_grande.png at (359, 437) delay=1s
2026-06-23 14:26:31 | INFO | my_functions.py:247 | [DEBUG] Buscando en paralelo: ['sign_out2.png'] | timeout=20s | confidence=0.8
2026-06-23 14:26:33 | INFO | my_functions.py:134 | Haciendo click en la posición (383, 634)
2026-06-23 14:26:33 | INFO | my_functions.py:269 | 🖱️ Click OK (En paralelo): sign_out2.png at (383, 634) delay=1s
2026-06-23 14:26:34 | INFO | my_functions.py:1547 | ⏱ Esperando 0.1 segundos antes de empezar...
2026-06-23 14:26:34 | INFO | my_functions.py:1554 | 🔍 Esperando ventana que contenga alguna de: SNAP (máx 20s)
2026-06-23 14:26:34 | INFO | my_functions.py:1566 | ✅ Ventana encontrada: 'SNAP'
2026-06-23 14:26:34 | INFO | my_functions.py:1581 | ✅ Ventana seleccionada: 'SNAP'
2026-06-23 14:26:36 | INFO | my_functions.py:1604 | 🔁 Reajuste #1...
2026-06-23 14:26:38 | INFO | my_functions.py:1611 | ✔ Verificación completa. Se hicieron 1 reajustes.
2026-06-23 14:26:43 | INFO | each_eight_hours.py:113 | Processing account: percy
2026-06-23 14:26:43 | INFO | my_functions.py:1547 | ⏱ Esperando 0.1 segundos antes de empezar...
2026-06-23 14:26:43 | INFO | my_functions.py:1554 | 🔍 Esperando ventana que contenga alguna de: ['SNAP'] (máx 20s)
2026-06-23 14:26:45 | INFO | my_functions.py:1566 | ✅ Ventana encontrada: 'SNAP'
2026-06-23 14:26:45 | INFO | my_functions.py:1581 | ✅ Ventana seleccionada: 'SNAP'
2026-06-23 14:26:48 | INFO | my_functions.py:1613 | ✔ Verificación completa. No hubo cambios después del primer ajuste.
2026-06-23 14:26:48 | INFO | my_functions.py:1206 | [DEBUG] Resizing SNAP window...
2026-06-23 14:26:48 | INFO | my_functions.py:1547 | ⏱ Esperando 0.1 segundos antes de empezar...
2026-06-23 14:26:49 | INFO | my_functions.py:1554 | 🔍 Esperando ventana que contenga alguna de: ['SNAP'] (máx 20s)
2026-06-23 14:26:49 | INFO | my_functions.py:1566 | ✅ Ventana encontrada: 'SNAP'
2026-06-23 14:26:49 | INFO | my_functions.py:1581 | ✅ Ventana seleccionada: 'SNAP'
2026-06-23 14:26:52 | INFO | my_functions.py:1613 | ✔ Verificación completa. No hubo cambios después del primer ajuste.
2026-06-23 14:26:52 | INFO | my_functions.py:247 | [DEBUG] Buscando en paralelo: ['small_submit.PNG', 'small_submit_hover.png', 'submit_hover_2.png', 'small_submit_hover_2.png'] | timeout=90s | confidence=0.8
2026-06-23 14:26:59 | INFO | my_functions.py:134 | Haciendo click en la posición (380, 642)
2026-06-23 14:26:59 | INFO | my_functions.py:269 | 🖱️ Click OK (En paralelo): small_submit.PNG at (380, 642) delay=0.2s
2026-06-23 14:27:02 | INFO | my_functions.py:247 | [DEBUG] Buscando en paralelo: ['small_submit.PNG', 'small_submit_hover.png', 'submit_hover_2.png', 'small_submit_hover_2.png'] | timeout=20s | confidence=0.8
2026-06-23 14:27:04 | INFO | my_functions.py:134 | Haciendo click en la posición (380, 721)
2026-06-23 14:27:04 | INFO | my_functions.py:269 | 🖱️ Click OK (En paralelo): small_submit.PNG at (380, 721) delay=0.2s
2026-06-23 14:27:05 | INFO | my_functions.py:1547 | ⏱ Esperando 0.1 segundos antes de empezar...
2026-06-23 14:27:05 | INFO | my_functions.py:1554 | 🔍 Esperando ventana que contenga alguna de: ['SNAP'] (máx 20s)
2026-06-23 14:27:05 | INFO | my_functions.py:1566 | ✅ Ventana encontrada: 'SNAP'
2026-06-23 14:27:05 | INFO | my_functions.py:1581 | ✅ Ventana seleccionada: 'SNAP'
2026-06-23 14:27:07 | INFO | my_functions.py:1604 | 🔁 Reajuste #1...
2026-06-23 14:27:08 | INFO | my_functions.py:1611 | ✔ Verificación completa. Se hicieron 1 reajustes.
2026-06-23 14:27:08 | INFO | my_functions.py:169 | Searching please_sign.png (timeout=0s)
2026-06-23 14:27:09 | INFO | my_functions.py:199 | 
✅ Found: please_sign.png pos=(383, 438) time=0.44s confidence=0.8
2026-06-23 14:27:09 | INFO | my_functions.py:247 | [DEBUG] Buscando en paralelo: ['ok_btn.png'] | timeout=20s | confidence=0.8
2026-06-23 14:27:10 | INFO | my_functions.py:134 | Haciendo click en la posición (382, 634)
2026-06-23 14:27:11 | INFO | my_functions.py:269 | 🖱️ Click OK (En paralelo): ok_btn.png at (382, 634) delay=1s
2026-06-23 14:27:12 | INFO | my_functions.py:247 | [DEBUG] Buscando en paralelo: ['small_submit.PNG', 'small_submit_hover.png', 'submit_hover_2.png', 'small_submit_hover_2.png'] | timeout=30s | confidence=0.8
2026-06-23 14:27:14 | INFO | my_functions.py:134 | Haciendo click en la posición (383, 643)
2026-06-23 14:27:15 | INFO | my_functions.py:269 | 🖱️ Click OK (En paralelo): small_submit_hover_2.png at (383, 643) delay=0.2s
2026-06-23 14:27:16 | INFO | my_functions.py:247 | [DEBUG] Buscando en paralelo: ['small_submit.PNG', 'small_submit_hover.png', 'submit_hover_2.png', 'small_submit_hover_2.png'] | timeout=20s | confidence=0.8
2026-06-23 14:27:17 | INFO | my_functions.py:134 | Haciendo click en la posición (380, 721)
2026-06-23 14:27:17 | INFO | my_functions.py:269 | 🖱️ Click OK (En paralelo): small_submit.PNG at (380, 721) delay=0.2s
2026-06-23 14:27:19 | INFO | my_functions.py:247 | [DEBUG] Buscando en paralelo: ['sign_in_with_google2.PNG'] | timeout=20s | confidence=0.8
2026-06-23 14:27:20 | INFO | my_functions.py:134 | Haciendo click en la posición (406, 957)
2026-06-23 14:27:20 | INFO | my_functions.py:269 | 🖱️ Click OK (En paralelo): sign_in_with_google2.PNG at (406, 957) delay=1s
2026-06-23 14:27:21 | INFO | my_functions.py:169 | Searching pagina_cargada.png (timeout=60s)
2026-06-23 14:27:26 | INFO | my_functions.py:199 | 
✅ Found: pagina_cargada.png pos=(70, 24) time=4.87s confidence=0.8
2026-06-23 14:27:26 | INFO | my_functions.py:247 | [DEBUG] Buscando en paralelo: ['percy.png'] | timeout=0s | confidence=0.8
2026-06-23 14:27:27 | INFO | my_functions.py:281 | [DEBUG] Click skipped, ninguna de las imágenes se encontró en el intento.
2026-06-23 14:27:29 | INFO | my_functions.py:247 | [DEBUG] Buscando en paralelo: ['percy.png'] | timeout=0s | confidence=0.8
2026-06-23 14:27:33 | INFO | my_functions.py:134 | Haciendo click en la posición (1132, 561)
2026-06-23 14:27:33 | INFO | my_functions.py:269 | 🖱️ Click OK (En paralelo): percy.png at (1132, 561) delay=3s
2026-06-23 14:27:35 | INFO | my_functions.py:169 | Searching marvelsnap_web.png (timeout=30s)
2026-06-23 14:27:38 | INFO | my_functions.py:199 | 
✅ Found: marvelsnap_web.png pos=(258, 80) time=2.65s confidence=0.7
2026-06-23 14:27:38 | INFO | my_functions.py:169 | Searching shop_unselected.PNG (timeout=0s)
2026-06-23 14:27:39 | INFO | my_functions.py:213 | 
⛔ Not found: shop_unselected.PNG after 0.0s region=(0, 0, 765, 1038) confidence=0.8
2026-06-23 14:27:39 | INFO | my_functions.py:247 | [DEBUG] Buscando en paralelo: ['super_premium.PNG'] | timeout=0s | confidence=0.8
2026-06-23 14:27:39 | INFO | my_functions.py:281 | [DEBUG] Click skipped, ninguna de las imágenes se encontró en el intento.
2026-06-23 14:27:40 | INFO | my_functions.py:247 | [DEBUG] Buscando en paralelo: ['maybe_later.PNG'] | timeout=0s | confidence=0.8
2026-06-23 14:27:41 | INFO | my_functions.py:281 | [DEBUG] Click skipped, ninguna de las imágenes se encontró en el intento.
2026-06-23 14:27:42 | INFO | my_functions.py:247 | [DEBUG] Buscando en paralelo: ['maybe_later2.PNG'] | timeout=0s | confidence=0.8
2026-06-23 14:27:43 | INFO | my_functions.py:281 | [DEBUG] Click skipped, ninguna de las imágenes se encontró en el intento.
2026-06-23 14:27:44 | INFO | my_functions.py:169 | Searching go_to_shop.PNG (timeout=0s)
2026-06-23 14:27:44 | INFO | my_functions.py:213 | 
⛔ Not found: go_to_shop.PNG after 0.0s region=(0, 0, 765, 1038) confidence=0.8
2026-06-23 14:27:44 | INFO | my_functions.py:247 | [DEBUG] Buscando en paralelo: ['14_days_of_winterverse.PNG'] | timeout=0s | confidence=0.8
2026-06-23 14:27:45 | INFO | my_functions.py:281 | [DEBUG] Click skipped, ninguna de las imágenes se encontró en el intento.
2026-06-23 14:27:46 | INFO | my_functions.py:169 | Searching welcome_back_calendar.PNG (timeout=0s)
2026-06-23 14:27:47 | INFO | my_functions.py:213 | 
⛔ Not found: welcome_back_calendar.PNG after 0.0s region=(0, 0, 765, 1038) confidence=0.8
2026-06-23 14:27:47 | INFO | my_functions.py:247 | [DEBUG] Buscando en paralelo: ['start_the_countdown.PNG'] | timeout=0s | confidence=0.8
2026-06-23 14:27:47 | INFO | my_functions.py:281 | [DEBUG] Click skipped, ninguna de las imágenes se encontró en el intento.
2026-06-23 14:27:48 | INFO | my_functions.py:247 | [DEBUG] Buscando en paralelo: ['event_has_ended_sanctum.PNG'] | timeout=0s | confidence=0.8
2026-06-23 14:27:49 | INFO | my_functions.py:281 | [DEBUG] Click skipped, ninguna de las imágenes se encontró en el intento.
2026-06-23 14:27:50 | INFO | my_functions.py:247 | [DEBUG] Buscando en paralelo: ['event_has_ended_teamclash.PNG'] | timeout=0s | confidence=0.8
2026-06-23 14:27:51 | INFO | my_functions.py:281 | [DEBUG] Click skipped, ninguna de las imágenes se encontró en el intento.
2026-06-23 14:27:52 | INFO | my_functions.py:247 | [DEBUG] Buscando en paralelo: ['image_part_of_event_grand_arena_finished.PNG'] | timeout=0s | confidence=0.8
2026-06-23 14:27:52 | INFO | my_functions.py:281 | [DEBUG] Click skipped, ninguna de las imágenes se encontró en el intento.
2026-06-23 14:27:53 | INFO | my_functions.py:169 | Searching 28_day_event_login_rewards.PNG (timeout=0s)
2026-06-23 14:27:54 | INFO | my_functions.py:213 | 
⛔ Not found: 28_day_event_login_rewards.PNG after 0.0s region=(0, 0, 765, 1038) confidence=0.8
2026-06-23 14:27:54 | INFO | my_functions.py:169 | Searching 7_day_event_login.PNG (timeout=0s)
2026-06-23 14:27:54 | INFO | my_functions.py:213 | 
⛔ Not found: 7_day_event_login.PNG after 0.0s region=(0, 0, 765, 1038) confidence=0.8
2026-06-23 14:27:54 | INFO | my_functions.py:169 | Searching 14_days_event.PNG (timeout=0s)
2026-06-23 14:27:55 | INFO | my_functions.py:213 | 
⛔ Not found: 14_days_event.PNG after 0.0s region=(0, 0, 765, 1038) confidence=0.8
2026-06-23 14:27:55 | INFO | my_functions.py:247 | [DEBUG] Buscando en paralelo: ['lets_go.PNG'] | timeout=0s | confidence=0.8
2026-06-23 14:27:55 | INFO | my_functions.py:281 | [DEBUG] Click skipped, ninguna de las imágenes se encontró en el intento.
2026-06-23 14:27:57 | INFO | my_functions.py:169 | Searching shop_unselected.PNG (timeout=0s)
2026-06-23 14:27:58 | INFO | my_functions.py:213 | 
⛔ Not found: shop_unselected.PNG after 0.0s region=(0, 0, 765, 1038) confidence=0.8
2026-06-23 14:27:58 | INFO | my_functions.py:247 | [DEBUG] Buscando en paralelo: ['super_premium.PNG'] | timeout=0s | confidence=0.8
2026-06-23 14:28:00 | INFO | my_functions.py:134 | Haciendo click en la posición (480, 777)
2026-06-23 14:28:00 | INFO | my_functions.py:269 | 🖱️ Click OK (En paralelo): super_premium.PNG at (480, 777) delay=1s
2026-06-23 14:28:01 | INFO | my_functions.py:142 | Presionando ESC (1/1)
2026-06-23 14:28:09 | INFO | my_functions.py:169 | Searching shop_unselected.PNG (timeout=0s)
2026-06-23 14:28:10 | INFO | my_functions.py:199 | 
✅ Found: shop_unselected.PNG pos=(88, 961) time=0.72s confidence=0.8
2026-06-23 14:28:10 | INFO | my_functions.py:714 | Ya esta listo
2026-06-23 14:28:14 | INFO | my_functions.py:533 | AVAILABLE: 6
2026-06-23 14:28:14 | INFO | my_functions.py:555 | Misiones completadas: 0
2026-06-23 14:28:14 | INFO | my_functions.py:169 | Searching play.PNG (timeout=0s)
2026-06-23 14:28:15 | INFO | my_functions.py:199 | 
✅ Found: play.PNG pos=(384, 825) time=0.64s confidence=0.8
2026-06-23 14:28:15 | INFO | my_functions.py:1442 | [INFO] Click realizado donde se equipa el deck a jugar
2026-06-23 14:28:19 | INFO | my_functions.py:247 | [DEBUG] Buscando en paralelo: ['deck_666666.png'] | timeout=3s | confidence=0.8
2026-06-23 14:28:21 | INFO | my_functions.py:134 | Haciendo click en la posición (235, 547)
2026-06-23 14:28:21 | INFO | my_functions.py:269 | 🖱️ Click OK (En paralelo): deck_666666.png at (235, 547) delay=1s
2026-06-23 14:28:22 | INFO | my_functions.py:247 | [DEBUG] Buscando en paralelo: ['equip.png'] | timeout=3s | confidence=0.95
2026-06-23 14:28:26 | INFO | my_functions.py:281 | [DEBUG] Click skipped, ninguna de las imágenes se encontró en el intento.
2026-06-23 14:28:27 | INFO | my_functions.py:142 | Presionando ESC (1/1)
2026-06-23 14:28:28 | INFO | each_eight_hours.py:134 | Deck selected: 6turns
2026-06-23 14:28:28 | INFO | my_functions.py:247 | [DEBUG] Buscando en paralelo: ['maybe_later.PNG'] | timeout=2s | confidence=0.8
2026-06-23 14:28:30 | INFO | my_functions.py:281 | [DEBUG] Click skipped, ninguna de las imágenes se encontró en el intento.
2026-06-23 14:28:31 | INFO | my_functions.py:247 | [DEBUG] Buscando en paralelo: ['maybe_later2.PNG'] | timeout=0.01s | confidence=0.8
2026-06-23 14:28:32 | INFO | my_functions.py:281 | [DEBUG] Click skipped, ninguna de las imágenes se encontró en el intento.
2026-06-23 14:28:33 | INFO | each_eight_hours.py:148 | Starting game loop 1
2026-06-23 14:28:33 | INFO | my_functions.py:247 | [DEBUG] Buscando en paralelo: ['play.PNG'] | timeout=20s | confidence=0.8
2026-06-23 14:28:36 | INFO | my_functions.py:134 | Haciendo click en la posición (384, 824)
2026-06-23 14:28:37 | INFO | my_functions.py:269 | 🖱️ Click OK (En paralelo): play.PNG at (384, 824) delay=3s
2026-06-23 14:29:02 | INFO | my_functions.py:199 | 
✅ Found: end_turn.PNG pos=(682, 945) time=0.66s confidence=0.8
2026-06-23 14:29:02 | INFO | my_functions.py:247 | [DEBUG] Buscando en paralelo: ['snap.PNG'] | timeout=0s | confidence=0.8
2026-06-23 14:29:04 | INFO | my_functions.py:134 | Haciendo click en la posición (386, 123)
2026-06-23 14:29:04 | INFO | my_functions.py:269 | 🖱️ Click OK (En paralelo): snap.PNG at (386, 123) delay=1s
2026-06-23 14:29:10 | INFO | my_functions.py:247 | [DEBUG] Buscando en paralelo: ['end_turn.PNG'] | timeout=0s | confidence=0.8
2026-06-23 14:29:11 | INFO | my_functions.py:281 | [DEBUG] Click skipped, ninguna de las imágenes se encontró en el intento.
2026-06-23 14:29:15 | INFO | my_functions.py:199 | 
✅ Found: end_turn.PNG pos=(682, 946) time=0.65s confidence=0.8
2026-06-23 14:29:15 | INFO | my_functions.py:247 | [DEBUG] Buscando en paralelo: ['snap.PNG'] | timeout=0s | confidence=0.8
2026-06-23 14:29:17 | INFO | my_functions.py:134 | Haciendo click en la posición (386, 122)
2026-06-23 14:29:17 | INFO | my_functions.py:269 | 🖱️ Click OK (En paralelo): snap.PNG at (386, 122) delay=1s
2026-06-23 14:29:23 | INFO | my_functions.py:247 | [DEBUG] Buscando en paralelo: ['end_turn.PNG'] | timeout=0s | confidence=0.8
2026-06-23 14:29:25 | INFO | my_functions.py:134 | Haciendo click en la posición (682, 945)
2026-06-23 14:29:25 | INFO | my_functions.py:269 | 🖱️ Click OK (En paralelo): end_turn.PNG at (682, 945) delay=1s
2026-06-23 14:29:26 | INFO | each_eight_hours.py:165 | End turn executed
2026-06-23 14:29:36 | INFO | my_functions.py:199 | 
✅ Found: end_turn.PNG pos=(681, 945) time=0.68s confidence=0.8
2026-06-23 14:29:36 | INFO | my_functions.py:247 | [DEBUG] Buscando en paralelo: ['snap.PNG'] | timeout=0s | confidence=0.8
2026-06-23 14:29:37 | INFO | my_functions.py:281 | [DEBUG] Click skipped, ninguna de las imágenes se encontró en el intento.
2026-06-23 14:29:43 | INFO | my_functions.py:247 | [DEBUG] Buscando en paralelo: ['end_turn.PNG'] | timeout=0s | confidence=0.8
2026-06-23 14:29:44 | INFO | my_functions.py:134 | Haciendo click en la posición (682, 945)
2026-06-23 14:29:45 | INFO | my_functions.py:269 | 🖱️ Click OK (En paralelo): end_turn.PNG at (682, 945) delay=1s
2026-06-23 14:29:46 | INFO | each_eight_hours.py:165 | End turn executed
2026-06-23 14:29:58 | INFO | my_functions.py:199 | 
✅ Found: end_turn.PNG pos=(681, 945) time=0.65s confidence=0.8
2026-06-23 14:29:58 | INFO | my_functions.py:247 | [DEBUG] Buscando en paralelo: ['snap.PNG'] | timeout=0s | confidence=0.8
2026-06-23 14:29:59 | INFO | my_functions.py:281 | [DEBUG] Click skipped, ninguna de las imágenes se encontró en el intento.
2026-06-23 14:30:05 | INFO | my_functions.py:247 | [DEBUG] Buscando en paralelo: ['end_turn.PNG'] | timeout=0s | confidence=0.8
2026-06-23 14:30:07 | INFO | my_functions.py:134 | Haciendo click en la posición (682, 945)
2026-06-23 14:30:07 | INFO | my_functions.py:269 | 🖱️ Click OK (En paralelo): end_turn.PNG at (682, 945) delay=1s
2026-06-23 14:30:08 | INFO | each_eight_hours.py:165 | End turn executed
2026-06-23 14:30:21 | INFO | my_functions.py:199 | 
✅ Found: end_turn.PNG pos=(681, 945) time=0.67s confidence=0.8
2026-06-23 14:30:21 | INFO | my_functions.py:247 | [DEBUG] Buscando en paralelo: ['snap.PNG'] | timeout=0s | confidence=0.8
2026-06-23 14:30:22 | INFO | my_functions.py:281 | [DEBUG] Click skipped, ninguna de las imágenes se encontró en el intento.
2026-06-23 14:30:28 | INFO | my_functions.py:247 | [DEBUG] Buscando en paralelo: ['end_turn.PNG'] | timeout=0s | confidence=0.8
2026-06-23 14:30:30 | INFO | my_functions.py:134 | Haciendo click en la posición (682, 945)
2026-06-23 14:30:30 | INFO | my_functions.py:269 | 🖱️ Click OK (En paralelo): end_turn.PNG at (682, 945) delay=1s
2026-06-23 14:30:31 | INFO | each_eight_hours.py:165 | End turn executed
2026-06-23 14:30:50 | INFO | my_functions.py:199 | 
✅ Found: end_turn.PNG pos=(681, 945) time=0.63s confidence=0.8
2026-06-23 14:30:50 | INFO | my_functions.py:247 | [DEBUG] Buscando en paralelo: ['snap.PNG'] | timeout=0s | confidence=0.8
2026-06-23 14:30:51 | INFO | my_functions.py:281 | [DEBUG] Click skipped, ninguna de las imágenes se encontró en el intento.
2026-06-23 14:30:57 | INFO | my_functions.py:247 | [DEBUG] Buscando en paralelo: ['end_turn.PNG'] | timeout=0s | confidence=0.8
2026-06-23 14:30:59 | INFO | my_functions.py:134 | Haciendo click en la posición (682, 945)
2026-06-23 14:30:59 | INFO | my_functions.py:269 | 🖱️ Click OK (En paralelo): end_turn.PNG at (682, 945) delay=1s
2026-06-23 14:31:00 | INFO | each_eight_hours.py:165 | End turn executed
2026-06-23 14:31:22 | INFO | my_functions.py:199 | 
✅ Found: end_turn.PNG pos=(681, 945) time=0.66s confidence=0.8
2026-06-23 14:31:22 | INFO | my_functions.py:247 | [DEBUG] Buscando en paralelo: ['snap.PNG'] | timeout=0s | confidence=0.8
2026-06-23 14:31:23 | INFO | my_functions.py:281 | [DEBUG] Click skipped, ninguna de las imágenes se encontró en el intento.
2026-06-23 14:31:29 | INFO | my_functions.py:247 | [DEBUG] Buscando en paralelo: ['end_turn.PNG'] | timeout=0s | confidence=0.8
2026-06-23 14:31:31 | INFO | my_functions.py:134 | Haciendo click en la posición (682, 945)
2026-06-23 14:31:31 | INFO | my_functions.py:269 | 🖱️ Click OK (En paralelo): end_turn.PNG at (682, 945) delay=1s
2026-06-23 14:31:32 | INFO | each_eight_hours.py:165 | End turn executed
2026-06-23 14:32:00 | INFO | my_functions.py:199 | 
✅ Found: collect_rewards.PNG pos=(679, 957) time=0.76s confidence=0.8
2026-06-23 14:32:00 | INFO | each_eight_hours.py:204 | Rewards detected, exiting match
2026-06-23 14:32:00 | INFO | my_functions.py:247 | [DEBUG] Buscando en paralelo: ['collect_rewards.PNG'] | timeout=20s | confidence=0.8
2026-06-23 14:32:02 | INFO | my_functions.py:134 | Haciendo click en la posición (679, 957)
2026-06-23 14:32:02 | INFO | my_functions.py:269 | 🖱️ Click OK (En paralelo): collect_rewards.PNG at (679, 957) delay=1s
2026-06-23 14:32:03 | INFO | my_functions.py:247 | [DEBUG] Buscando en paralelo: ['next.PNG'] | timeout=20s | confidence=0.8
2026-06-23 14:32:08 | INFO | my_functions.py:134 | Haciendo click en la posición (677, 973)
2026-06-23 14:32:09 | INFO | my_functions.py:269 | 🖱️ Click OK (En paralelo): next.PNG at (677, 973) delay=1s
2026-06-23 14:32:12 | INFO | my_functions.py:533 | AVAILABLE: 6
2026-06-23 14:32:12 | INFO | each_eight_hours.py:271 | Submissions after match: 6
2026-06-23 14:32:12 | INFO | my_functions.py:555 | Misiones completadas: 1
2026-06-23 14:32:12 | INFO | each_eight_hours.py:148 | Starting game loop 2
2026-06-23 14:32:12 | INFO | my_functions.py:247 | [DEBUG] Buscando en paralelo: ['play.PNG'] | timeout=20s | confidence=0.8
2026-06-23 14:32:15 | INFO | my_functions.py:134 | Haciendo click en la posición (384, 824)
2026-06-23 14:32:16 | INFO | my_functions.py:269 | 🖱️ Click OK (En paralelo): play.PNG at (384, 824) delay=3s
2026-06-23 14:32:38 | INFO | my_functions.py:199 | 
✅ Found: end_turn.PNG pos=(682, 945) time=0.67s confidence=0.8
2026-06-23 14:32:38 | INFO | my_functions.py:247 | [DEBUG] Buscando en paralelo: ['snap.PNG'] | timeout=0s | confidence=0.8
2026-06-23 14:32:39 | INFO | my_functions.py:134 | Haciendo click en la posición (386, 123)
2026-06-23 14:32:40 | INFO | my_functions.py:269 | 🖱️ Click OK (En paralelo): snap.PNG at (386, 123) delay=1s
2026-06-23 14:32:46 | INFO | my_functions.py:247 | [DEBUG] Buscando en paralelo: ['end_turn.PNG'] | timeout=0s | confidence=0.8
2026-06-23 14:32:46 | INFO | my_functions.py:281 | [DEBUG] Click skipped, ninguna de las imágenes se encontró en el intento.
2026-06-23 14:32:51 | INFO | my_functions.py:199 | 
✅ Found: end_turn.PNG pos=(682, 946) time=0.65s confidence=0.8
2026-06-23 14:32:51 | INFO | my_functions.py:247 | [DEBUG] Buscando en paralelo: ['snap.PNG'] | timeout=0s | confidence=0.8
2026-06-23 14:32:52 | INFO | my_functions.py:134 | Haciendo click en la posición (386, 122)
2026-06-23 14:32:53 | INFO | my_functions.py:269 | 🖱️ Click OK (En paralelo): snap.PNG at (386, 122) delay=1s
2026-06-23 14:32:59 | INFO | my_functions.py:247 | [DEBUG] Buscando en paralelo: ['end_turn.PNG'] | timeout=0s | confidence=0.8
2026-06-23 14:33:00 | INFO | my_functions.py:134 | Haciendo click en la posición (682, 945)
2026-06-23 14:33:01 | INFO | my_functions.py:269 | 🖱️ Click OK (En paralelo): end_turn.PNG at (682, 945) delay=1s
2026-06-23 14:33:02 | INFO | each_eight_hours.py:165 | End turn executed
2026-06-23 14:33:11 | INFO | my_functions.py:199 | 
✅ Found: end_turn.PNG pos=(681, 945) time=0.66s confidence=0.8
2026-06-23 14:33:11 | INFO | my_functions.py:247 | [DEBUG] Buscando en paralelo: ['snap.PNG'] | timeout=0s | confidence=0.8
2026-06-23 14:33:12 | INFO | my_functions.py:281 | [DEBUG] Click skipped, ninguna de las imágenes se encontró en el intento.
2026-06-23 14:33:18 | INFO | my_functions.py:247 | [DEBUG] Buscando en paralelo: ['end_turn.PNG'] | timeout=0s | confidence=0.8
2026-06-23 14:33:20 | INFO | my_functions.py:134 | Haciendo click en la posición (682, 946)
2026-06-23 14:33:20 | INFO | my_functions.py:269 | 🖱️ Click OK (En paralelo): end_turn.PNG at (682, 946) delay=1s
2026-06-23 14:33:21 | INFO | each_eight_hours.py:165 | End turn executed
2026-06-23 14:33:37 | INFO | my_functions.py:199 | 
✅ Found: end_turn.PNG pos=(681, 945) time=0.69s confidence=0.8
2026-06-23 14:33:37 | INFO | my_functions.py:247 | [DEBUG] Buscando en paralelo: ['snap.PNG'] | timeout=0s | confidence=0.8
2026-06-23 14:33:38 | INFO | my_functions.py:281 | [DEBUG] Click skipped, ninguna de las imágenes se encontró en el intento.
2026-06-23 14:33:44 | INFO | my_functions.py:247 | [DEBUG] Buscando en paralelo: ['end_turn.PNG'] | timeout=0s | confidence=0.8
2026-06-23 14:33:46 | INFO | my_functions.py:134 | Haciendo click en la posición (682, 945)
2026-06-23 14:33:46 | INFO | my_functions.py:269 | 🖱️ Click OK (En paralelo): end_turn.PNG at (682, 945) delay=1s
2026-06-23 14:33:47 | INFO | each_eight_hours.py:165 | End turn executed
2026-06-23 14:34:03 | INFO | my_functions.py:199 | 
✅ Found: end_turn.PNG pos=(681, 945) time=0.66s confidence=0.8
2026-06-23 14:34:03 | INFO | my_functions.py:247 | [DEBUG] Buscando en paralelo: ['snap.PNG'] | timeout=0s | confidence=0.8
2026-06-23 14:34:04 | INFO | my_functions.py:281 | [DEBUG] Click skipped, ninguna de las imágenes se encontró en el intento.
2026-06-23 14:34:10 | INFO | my_functions.py:247 | [DEBUG] Buscando en paralelo: ['end_turn.PNG'] | timeout=0s | confidence=0.8
2026-06-23 14:34:12 | INFO | my_functions.py:134 | Haciendo click en la posición (682, 945)
2026-06-23 14:34:12 | INFO | my_functions.py:269 | 🖱️ Click OK (En paralelo): end_turn.PNG at (682, 945) delay=1s
2026-06-23 14:34:13 | INFO | each_eight_hours.py:165 | End turn executed
2026-06-23 14:34:29 | INFO | my_functions.py:199 | 
✅ Found: end_turn.PNG pos=(681, 945) time=0.65s confidence=0.8
2026-06-23 14:34:29 | INFO | my_functions.py:247 | [DEBUG] Buscando en paralelo: ['snap.PNG'] | timeout=0s | confidence=0.8
2026-06-23 14:34:30 | INFO | my_functions.py:281 | [DEBUG] Click skipped, ninguna de las imágenes se encontró en el intento.
2026-06-23 14:34:36 | INFO | my_functions.py:247 | [DEBUG] Buscando en paralelo: ['end_turn.PNG'] | timeout=0s | confidence=0.8
2026-06-23 14:34:38 | INFO | my_functions.py:134 | Haciendo click en la posición (682, 945)
2026-06-23 14:34:38 | INFO | my_functions.py:269 | 🖱️ Click OK (En paralelo): end_turn.PNG at (682, 945) delay=1s
2026-06-23 14:34:39 | INFO | each_eight_hours.py:165 | End turn executed
2026-06-23 14:34:55 | INFO | my_functions.py:199 | 
✅ Found: end_turn.PNG pos=(681, 945) time=0.64s confidence=0.8
2026-06-23 14:34:55 | INFO | my_functions.py:247 | [DEBUG] Buscando en paralelo: ['snap.PNG'] | timeout=0s | confidence=0.8
2026-06-23 14:34:56 | INFO | my_functions.py:281 | [DEBUG] Click skipped, ninguna de las imágenes se encontró en el intento.
2026-06-23 14:35:02 | INFO | my_functions.py:247 | [DEBUG] Buscando en paralelo: ['end_turn.PNG'] | timeout=0s | confidence=0.8
2026-06-23 14:35:04 | INFO | my_functions.py:134 | Haciendo click en la posición (681, 945)
2026-06-23 14:35:04 | INFO | my_functions.py:269 | 🖱️ Click OK (En paralelo): end_turn.PNG at (681, 945) delay=1s
2026-06-23 14:35:05 | INFO | each_eight_hours.py:165 | End turn executed
2026-06-23 14:35:40 | INFO | my_functions.py:199 | 
✅ Found: collect_rewards.PNG pos=(679, 957) time=0.75s confidence=0.8
2026-06-23 14:35:40 | INFO | each_eight_hours.py:204 | Rewards detected, exiting match
2026-06-23 14:35:40 | INFO | my_functions.py:247 | [DEBUG] Buscando en paralelo: ['collect_rewards.PNG'] | timeout=20s | confidence=0.8
2026-06-23 14:35:42 | INFO | my_functions.py:134 | Haciendo click en la posición (679, 957)
2026-06-23 14:35:42 | INFO | my_functions.py:269 | 🖱️ Click OK (En paralelo): collect_rewards.PNG at (679, 957) delay=1s
2026-06-23 14:35:43 | INFO | my_functions.py:247 | [DEBUG] Buscando en paralelo: ['next.PNG'] | timeout=20s | confidence=0.8
2026-06-23 14:35:49 | INFO | my_functions.py:134 | Haciendo click en la posición (677, 973)
2026-06-23 14:35:49 | INFO | my_functions.py:269 | 🖱️ Click OK (En paralelo): next.PNG at (677, 973) delay=1s
2026-06-23 14:35:52 | INFO | my_functions.py:533 | AVAILABLE: 6
2026-06-23 14:35:52 | INFO | each_eight_hours.py:271 | Submissions after match: 6
2026-06-23 14:35:52 | INFO | my_functions.py:555 | Misiones completadas: 1
2026-06-23 14:35:52 | INFO | each_eight_hours.py:148 | Starting game loop 3
2026-06-23 14:35:52 | INFO | my_functions.py:247 | [DEBUG] Buscando en paralelo: ['play.PNG'] | timeout=20s | confidence=0.8
2026-06-23 14:35:56 | INFO | my_functions.py:134 | Haciendo click en la posición (384, 824)
2026-06-23 14:35:56 | INFO | my_functions.py:269 | 🖱️ Click OK (En paralelo): play.PNG at (384, 824) delay=3s
2026-06-23 14:36:14 | INFO | my_functions.py:199 | 
✅ Found: end_turn.PNG pos=(681, 945) time=0.63s confidence=0.8
2026-06-23 14:36:14 | INFO | my_functions.py:247 | [DEBUG] Buscando en paralelo: ['snap.PNG'] | timeout=0s | confidence=0.8
2026-06-23 14:36:16 | INFO | my_functions.py:134 | Haciendo click en la posición (386, 123)
2026-06-23 14:36:17 | INFO | my_functions.py:269 | 🖱️ Click OK (En paralelo): snap.PNG at (386, 123) delay=1s
2026-06-23 14:36:23 | INFO | my_functions.py:247 | [DEBUG] Buscando en paralelo: ['end_turn.PNG'] | timeout=0s | confidence=0.8
2026-06-23 14:36:23 | INFO | my_functions.py:281 | [DEBUG] Click skipped, ninguna de las imágenes se encontró en el intento.
2026-06-23 14:36:28 | INFO | my_functions.py:199 | 
✅ Found: end_turn.PNG pos=(682, 946) time=0.66s confidence=0.8
2026-06-23 14:36:28 | INFO | my_functions.py:247 | [DEBUG] Buscando en paralelo: ['snap.PNG'] | timeout=0s | confidence=0.8
2026-06-23 14:36:29 | INFO | my_functions.py:134 | Haciendo click en la posición (386, 123)
2026-06-23 14:36:30 | INFO | my_functions.py:269 | 🖱️ Click OK (En paralelo): snap.PNG at (386, 123) delay=1s
2026-06-23 14:36:36 | INFO | my_functions.py:247 | [DEBUG] Buscando en paralelo: ['end_turn.PNG'] | timeout=0s | confidence=0.8
2026-06-23 14:36:37 | INFO | my_functions.py:134 | Haciendo click en la posición (681, 945)
2026-06-23 14:36:38 | INFO | my_functions.py:269 | 🖱️ Click OK (En paralelo): end_turn.PNG at (681, 945) delay=1s
2026-06-23 14:36:39 | INFO | each_eight_hours.py:165 | End turn executed
2026-06-23 14:36:48 | INFO | my_functions.py:199 | 
✅ Found: end_turn.PNG pos=(681, 945) time=0.65s confidence=0.8
2026-06-23 14:36:48 | INFO | my_functions.py:247 | [DEBUG] Buscando en paralelo: ['snap.PNG'] | timeout=0s | confidence=0.8
2026-06-23 14:36:49 | INFO | my_functions.py:281 | [DEBUG] Click skipped, ninguna de las imágenes se encontró en el intento.
2026-06-23 14:36:55 | INFO | my_functions.py:247 | [DEBUG] Buscando en paralelo: ['end_turn.PNG'] | timeout=0s | confidence=0.8
2026-06-23 14:36:57 | INFO | my_functions.py:134 | Haciendo click en la posición (682, 945)
2026-06-23 14:36:57 | INFO | my_functions.py:269 | 🖱️ Click OK (En paralelo): end_turn.PNG at (682, 945) delay=1s
2026-06-23 14:36:58 | INFO | each_eight_hours.py:165 | End turn executed
2026-06-23 14:37:08 | INFO | my_functions.py:199 | 
✅ Found: end_turn.PNG pos=(681, 945) time=0.68s confidence=0.8
2026-06-23 14:37:08 | INFO | my_functions.py:247 | [DEBUG] Buscando en paralelo: ['snap.PNG'] | timeout=0s | confidence=0.8
2026-06-23 14:37:08 | INFO | my_functions.py:281 | [DEBUG] Click skipped, ninguna de las imágenes se encontró en el intento.
2026-06-23 14:37:15 | INFO | my_functions.py:247 | [DEBUG] Buscando en paralelo: ['end_turn.PNG'] | timeout=0s | confidence=0.8
2026-06-23 14:37:16 | INFO | my_functions.py:134 | Haciendo click en la posición (682, 945)
2026-06-23 14:37:16 | INFO | my_functions.py:269 | 🖱️ Click OK (En paralelo): end_turn.PNG at (682, 945) delay=1s
2026-06-23 14:37:18 | INFO | each_eight_hours.py:165 | End turn executed
2026-06-23 14:37:27 | INFO | my_functions.py:199 | 
✅ Found: end_turn.PNG pos=(681, 945) time=0.63s confidence=0.8
2026-06-23 14:37:27 | INFO | my_functions.py:247 | [DEBUG] Buscando en paralelo: ['snap.PNG'] | timeout=0s | confidence=0.8
2026-06-23 14:37:28 | INFO | my_functions.py:281 | [DEBUG] Click skipped, ninguna de las imágenes se encontró en el intento.
2026-06-23 14:37:34 | INFO | my_functions.py:247 | [DEBUG] Buscando en paralelo: ['end_turn.PNG'] | timeout=0s | confidence=0.8
2026-06-23 14:37:36 | INFO | my_functions.py:134 | Haciendo click en la posición (682, 945)
2026-06-23 14:37:36 | INFO | my_functions.py:269 | 🖱️ Click OK (En paralelo): end_turn.PNG at (682, 945) delay=1s
2026-06-23 14:37:37 | INFO | each_eight_hours.py:165 | End turn executed
2026-06-23 14:37:53 | INFO | my_functions.py:199 | 
✅ Found: end_turn.PNG pos=(681, 945) time=0.64s confidence=0.8
2026-06-23 14:37:53 | INFO | my_functions.py:247 | [DEBUG] Buscando en paralelo: ['snap.PNG'] | timeout=0s | confidence=0.8
2026-06-23 14:37:54 | INFO | my_functions.py:281 | [DEBUG] Click skipped, ninguna de las imágenes se encontró en el intento.
2026-06-23 14:38:00 | INFO | my_functions.py:247 | [DEBUG] Buscando en paralelo: ['end_turn.PNG'] | timeout=0s | confidence=0.8
2026-06-23 14:38:01 | INFO | my_functions.py:134 | Haciendo click en la posición (682, 945)
2026-06-23 14:38:02 | INFO | my_functions.py:269 | 🖱️ Click OK (En paralelo): end_turn.PNG at (682, 945) delay=1s
2026-06-23 14:38:03 | INFO | each_eight_hours.py:165 | End turn executed
2026-06-23 14:38:25 | INFO | my_functions.py:199 | 
✅ Found: end_turn.PNG pos=(681, 945) time=0.72s confidence=0.8
2026-06-23 14:38:25 | INFO | my_functions.py:247 | [DEBUG] Buscando en paralelo: ['snap.PNG'] | timeout=0s | confidence=0.8
2026-06-23 14:38:26 | INFO | my_functions.py:281 | [DEBUG] Click skipped, ninguna de las imágenes se encontró en el intento.
2026-06-23 14:38:32 | INFO | my_functions.py:247 | [DEBUG] Buscando en paralelo: ['end_turn.PNG'] | timeout=0s | confidence=0.8
2026-06-23 14:38:34 | INFO | my_functions.py:134 | Haciendo click en la posición (681, 945)
2026-06-23 14:38:34 | INFO | my_functions.py:269 | 🖱️ Click OK (En paralelo): end_turn.PNG at (681, 945) delay=1s
2026-06-23 14:38:35 | INFO | each_eight_hours.py:165 | End turn executed
2026-06-23 14:39:00 | INFO | my_functions.py:199 | 
✅ Found: collect_rewards.PNG pos=(680, 985) time=0.82s confidence=0.8
2026-06-23 14:39:00 | INFO | each_eight_hours.py:204 | Rewards detected, exiting match
2026-06-23 14:39:00 | INFO | my_functions.py:247 | [DEBUG] Buscando en paralelo: ['collect_rewards.PNG'] | timeout=20s | confidence=0.8
2026-06-23 14:39:02 | INFO | my_functions.py:134 | Haciendo click en la posición (679, 957)
2026-06-23 14:39:02 | INFO | my_functions.py:269 | 🖱️ Click OK (En paralelo): collect_rewards.PNG at (679, 957) delay=1s
2026-06-23 14:39:03 | INFO | my_functions.py:247 | [DEBUG] Buscando en paralelo: ['next.PNG'] | timeout=20s | confidence=0.8
2026-06-23 14:39:10 | INFO | my_functions.py:134 | Haciendo click en la posición (677, 973)
2026-06-23 14:39:10 | INFO | my_functions.py:269 | 🖱️ Click OK (En paralelo): next.PNG at (677, 973) delay=1s
2026-06-23 14:39:13 | INFO | my_functions.py:533 | AVAILABLE: 6
2026-06-23 14:39:13 | INFO | each_eight_hours.py:271 | Submissions after match: 6
2026-06-23 14:39:13 | INFO | my_functions.py:555 | Misiones completadas: 3
2026-06-23 14:39:13 | INFO | each_eight_hours.py:275 | Submission condition met, breaking loop
2026-06-23 14:39:13 | INFO | my_functions.py:247 | [DEBUG] Buscando en paralelo: ['missionsNotify2.png'] | timeout=20s | confidence=0.8
2026-06-23 14:39:17 | INFO | my_functions.py:134 | Haciendo click en la posición (538, 124)
2026-06-23 14:39:17 | INFO | my_functions.py:269 | 🖱️ Click OK (En paralelo): missionsNotify2.png at (538, 124) delay=3s
2026-06-23 14:39:18 | INFO | my_functions.py:1472 | [INFO] Iniciando click_missions_blue2
2026-06-23 14:39:18 | INFO | my_functions.py:134 | Haciendo click en la posición (150, 132)
2026-06-23 14:39:19 | INFO | my_functions.py:1475 | [ACTION] Click hecho en icono de calendario que me dirige a las misiones ordinarias
2026-06-23 14:39:19 | INFO | my_functions.py:169 | Searching bonus_challenge.png (timeout=0s)
2026-06-23 14:39:20 | INFO | my_functions.py:213 | 
⛔ Not found: bonus_challenge.png after 0.0s region=(0, 0, 765, 1038) confidence=0.8
2026-06-23 14:39:22 | INFO | my_functions.py:134 | Haciendo click en la posición (362, 493)
2026-06-23 14:39:23 | INFO | my_functions.py:1488 | [ACTION] Click 1/3 en misión azul
2026-06-23 14:39:23 | INFO | my_functions.py:134 | Haciendo click en la posición (362, 493)
2026-06-23 14:39:25 | INFO | my_functions.py:1488 | [ACTION] Click 2/3 en misión azul
2026-06-23 14:39:25 | INFO | my_functions.py:134 | Haciendo click en la posición (362, 493)
2026-06-23 14:39:26 | INFO | my_functions.py:1488 | [ACTION] Click 3/3 en misión azul
2026-06-23 14:39:27 | INFO | my_functions.py:169 | Searching flechita_mission.PNG (timeout=0s)
2026-06-23 14:39:28 | INFO | my_functions.py:213 | 
⛔ Not found: flechita_mission.PNG after 0.0s region=(0, 0, 765, 1038) confidence=0.8
2026-06-23 14:39:28 | INFO | my_functions.py:247 | [DEBUG] Buscando en paralelo: ['weekly3.PNG'] | timeout=0s | confidence=0.8
2026-06-23 14:39:29 | INFO | my_functions.py:281 | [DEBUG] Click skipped, ninguna de las imágenes se encontró en el intento.
2026-06-23 14:39:30 | INFO | my_functions.py:247 | [DEBUG] Buscando en paralelo: ['weekly3.PNG'] | timeout=0s | confidence=0.8
2026-06-23 14:39:30 | INFO | my_functions.py:281 | [DEBUG] Click skipped, ninguna de las imágenes se encontró en el intento.
2026-06-23 14:39:31 | INFO | my_functions.py:134 | Haciendo click en la posición (557, 64)
2026-06-23 14:39:33 | INFO | my_functions.py:247 | [DEBUG] Buscando en paralelo: ['cards_shop.PNG'] | timeout=20s | confidence=0.8
2026-06-23 14:39:35 | INFO | my_functions.py:134 | Haciendo click en la posición (568, 121)
2026-06-23 14:39:36 | INFO | my_functions.py:269 | 🖱️ Click OK (En paralelo): cards_shop.PNG at (568, 121) delay=1s
2026-06-23 14:39:37 | INFO | my_functions.py:247 | [DEBUG] Buscando en paralelo: ['token_icon.PNG'] | timeout=20s | confidence=0.8
2026-06-23 14:39:38 | INFO | my_functions.py:134 | Haciendo click en la posición (679, 171)
2026-06-23 14:39:39 | INFO | my_functions.py:269 | 🖱️ Click OK (En paralelo): token_icon.PNG at (679, 171) delay=1s
2026-06-23 14:39:42 | INFO | my_functions.py:247 | [DEBUG] Buscando en paralelo: ['claim!_token_3.PNG'] | timeout=4s | confidence=0.8
2026-06-23 14:39:44 | INFO | my_functions.py:134 | Haciendo click en la posición (231, 573)
2026-06-23 14:39:44 | INFO | my_functions.py:269 | 🖱️ Click OK (En paralelo): claim!_token_3.PNG at (231, 573) delay=1s
2026-06-23 14:39:45 | INFO | my_functions.py:247 | [DEBUG] Buscando en paralelo: ['cards_shop.PNG'] | timeout=20s | confidence=0.8
2026-06-23 14:39:47 | INFO | my_functions.py:134 | Haciendo click en la posición (568, 122)
2026-06-23 14:39:47 | INFO | my_functions.py:269 | 🖱️ Click OK (En paralelo): cards_shop.PNG at (568, 122) delay=1s
2026-06-23 14:39:48 | INFO | my_functions.py:247 | [DEBUG] Buscando en paralelo: ['offers.PNG'] | timeout=20s | confidence=0.8
2026-06-23 14:39:50 | INFO | my_functions.py:134 | Haciendo click en la posición (197, 121)
2026-06-23 14:39:50 | INFO | my_functions.py:269 | 🖱️ Click OK (En paralelo): offers.PNG at (197, 121) delay=1s
2026-06-23 14:39:53 | INFO | my_functions.py:1356 | [INFO] Iniciando mejora de cartas
2026-06-23 14:39:53 | INFO | my_functions.py:247 | [DEBUG] Buscando en paralelo: ['upgrade_cards_icon.PNG'] | timeout=20s | confidence=0.8
2026-06-23 14:39:55 | INFO | my_functions.py:134 | Haciendo click en la posición (322, 170)
2026-06-23 14:39:55 | INFO | my_functions.py:269 | 🖱️ Click OK (En paralelo): upgrade_cards_icon.PNG at (322, 170) delay=1s
2026-06-23 14:39:57 | INFO | my_functions.py:1360 | [INFO] Abriendo icono de upgrade_cards
2026-06-23 14:39:58 | INFO | my_functions.py:1367 | [STEP] Mejorando carta 1
2026-06-23 14:39:58 | INFO | my_functions.py:1371 | [ACTION] Click en carta 1
2026-06-23 14:39:59 | INFO | my_functions.py:1376 | [ACTION] Click en botón upgrade
2026-06-23 14:40:06 | INFO | my_functions.py:169 | Searching aw_snap.png (timeout=3s)
2026-06-23 14:40:09 | INFO | my_functions.py:213 | 
⛔ Not found: aw_snap.png after 3.03s region=(0, 0, 765, 1038) confidence=0.8
2026-06-23 14:40:09 | INFO | my_functions.py:247 | [DEBUG] Buscando en paralelo: ['you_need_more_credits!.png'] | timeout=3s | confidence=0.8
2026-06-23 14:40:13 | INFO | my_functions.py:281 | [DEBUG] Click skipped, ninguna de las imágenes se encontró en el intento.
2026-06-23 14:40:19 | INFO | my_functions.py:1409 | [ACTION] Click para continuar a stage de nivel de coleccion
2026-06-23 14:40:24 | INFO | my_functions.py:142 | Presionando ESC (1/1)
2026-06-23 14:40:25 | INFO | my_functions.py:1417 | [ACTION] Saliendo de stage nivel de coleccion con ESC
2026-06-23 14:40:26 | INFO | my_functions.py:247 | [DEBUG] Buscando en paralelo: ['upgrade_cards_icon_selected.PNG'] | timeout=0s | confidence=0.8
2026-06-23 14:40:28 | INFO | my_functions.py:134 | Haciendo click en la posición (320, 173)
2026-06-23 14:40:28 | INFO | my_functions.py:269 | 🖱️ Click OK (En paralelo): upgrade_cards_icon_selected.PNG at (320, 173) delay=1s
2026-06-23 14:40:29 | INFO | my_functions.py:1429 | [INFO] Reabriendo icono de upgrade_cards
2026-06-23 14:40:30 | INFO | my_functions.py:1367 | [STEP] Mejorando carta 2
2026-06-23 14:40:30 | INFO | my_functions.py:1371 | [ACTION] Click en carta 2
2026-06-23 14:40:31 | INFO | my_functions.py:1376 | [ACTION] Click en botón upgrade
2026-06-23 14:40:38 | INFO | my_functions.py:169 | Searching aw_snap.png (timeout=3s)
2026-06-23 14:40:42 | INFO | my_functions.py:213 | 
⛔ Not found: aw_snap.png after 3.47s region=(0, 0, 765, 1038) confidence=0.8
2026-06-23 14:40:42 | INFO | my_functions.py:247 | [DEBUG] Buscando en paralelo: ['you_need_more_credits!.png'] | timeout=3s | confidence=0.8
2026-06-23 14:40:46 | INFO | my_functions.py:281 | [DEBUG] Click skipped, ninguna de las imágenes se encontró en el intento.
2026-06-23 14:40:52 | INFO | my_functions.py:1409 | [ACTION] Click para continuar a stage de nivel de coleccion
2026-06-23 14:40:57 | INFO | my_functions.py:142 | Presionando ESC (1/1)
2026-06-23 14:40:57 | INFO | my_functions.py:1417 | [ACTION] Saliendo de stage nivel de coleccion con ESC
2026-06-23 14:40:58 | INFO | my_functions.py:247 | [DEBUG] Buscando en paralelo: ['upgrade_cards_icon_selected.PNG'] | timeout=0s | confidence=0.8
2026-06-23 14:41:00 | INFO | my_functions.py:134 | Haciendo click en la posición (320, 173)
2026-06-23 14:41:00 | INFO | my_functions.py:269 | 🖱️ Click OK (En paralelo): upgrade_cards_icon_selected.PNG at (320, 173) delay=1s
2026-06-23 14:41:02 | INFO | my_functions.py:1429 | [INFO] Reabriendo icono de upgrade_cards
2026-06-23 14:41:03 | INFO | my_functions.py:1367 | [STEP] Mejorando carta 3
2026-06-23 14:41:03 | INFO | my_functions.py:1371 | [ACTION] Click en carta 3
2026-06-23 14:41:04 | INFO | my_functions.py:1376 | [ACTION] Click en botón upgrade
2026-06-23 14:41:11 | INFO | my_functions.py:169 | Searching aw_snap.png (timeout=3s)
2026-06-23 14:41:14 | INFO | my_functions.py:213 | 
⛔ Not found: aw_snap.png after 3.14s region=(0, 0, 765, 1038) confidence=0.8
2026-06-23 14:41:14 | INFO | my_functions.py:247 | [DEBUG] Buscando en paralelo: ['you_need_more_credits!.png'] | timeout=3s | confidence=0.8
2026-06-23 14:41:18 | INFO | my_functions.py:281 | [DEBUG] Click skipped, ninguna de las imágenes se encontró en el intento.
2026-06-23 14:41:24 | INFO | my_functions.py:1409 | [ACTION] Click para continuar a stage de nivel de coleccion
2026-06-23 14:41:29 | INFO | my_functions.py:142 | Presionando ESC (1/1)
2026-06-23 14:41:30 | INFO | my_functions.py:1417 | [ACTION] Saliendo de stage nivel de coleccion con ESC
2026-06-23 14:41:31 | INFO | my_functions.py:1435 | [INFO] Mejora de cartas completada ✅
2026-06-23 14:41:31 | INFO | my_functions.py:142 | Presionando ESC (1/1)
2026-06-23 14:41:31 | INFO | my_functions.py:247 | [DEBUG] Buscando en paralelo: ['white_x.png'] | timeout=2s | confidence=0.8
2026-06-23 14:41:34 | INFO | my_functions.py:281 | [DEBUG] Click skipped, ninguna de las imágenes se encontró en el intento.
2026-06-23 14:41:35 | INFO | my_functions.py:247 | [DEBUG] Buscando en paralelo: ['nut.png'] | timeout=20s | confidence=0.8
2026-06-23 14:41:37 | INFO | my_functions.py:134 | Haciendo click en la posición (184, 78)
2026-06-23 14:41:37 | INFO | my_functions.py:269 | 🖱️ Click OK (En paralelo): nut.png at (184, 78) delay=1s
2026-06-23 14:41:38 | INFO | my_functions.py:247 | [DEBUG] Buscando en paralelo: ['graphics_quality.png'] | timeout=3s | confidence=0.8
2026-06-23 14:41:40 | INFO | my_functions.py:134 | Haciendo click en la posición (304, 644)
2026-06-23 14:41:40 | INFO | my_functions.py:269 | 🖱️ Click OK (En paralelo): graphics_quality.png at (304, 644) delay=1s
2026-06-23 14:41:42 | INFO | my_functions.py:247 | [DEBUG] Buscando en paralelo: ['sign_out.png'] | timeout=20s | confidence=0.8
2026-06-23 14:41:44 | INFO | my_functions.py:134 | Haciendo click en la posición (380, 796)
2026-06-23 14:41:44 | INFO | my_functions.py:269 | 🖱️ Click OK (En paralelo): sign_out.png at (380, 796) delay=1s
2026-06-23 14:41:46 | INFO | my_functions.py:247 | [DEBUG] Buscando en paralelo: ['sign_out_grande.png'] | timeout=20s | confidence=0.8
2026-06-23 14:41:48 | INFO | my_functions.py:134 | Haciendo click en la posición (359, 437)
2026-06-23 14:41:48 | INFO | my_functions.py:269 | 🖱️ Click OK (En paralelo): sign_out_grande.png at (359, 437) delay=1s
2026-06-23 14:41:49 | INFO | my_functions.py:247 | [DEBUG] Buscando en paralelo: ['sign_out2.png'] | timeout=20s | confidence=0.8
2026-06-23 14:41:51 | INFO | my_functions.py:134 | Haciendo click en la posición (383, 634)
2026-06-23 14:41:51 | INFO | my_functions.py:269 | 🖱️ Click OK (En paralelo): sign_out2.png at (383, 634) delay=1s
2026-06-23 14:41:52 | INFO | my_functions.py:1547 | ⏱ Esperando 0.1 segundos antes de empezar...
2026-06-23 14:41:52 | INFO | my_functions.py:1554 | 🔍 Esperando ventana que contenga alguna de: SNAP (máx 20s)
2026-06-23 14:41:52 | INFO | my_functions.py:1566 | ✅ Ventana encontrada: 'SNAP'
2026-06-23 14:41:52 | INFO | my_functions.py:1581 | ✅ Ventana seleccionada: 'SNAP'
2026-06-23 14:41:54 | INFO | my_functions.py:1604 | 🔁 Reajuste #1...
2026-06-23 14:41:56 | INFO | my_functions.py:1611 | ✔ Verificación completa. Se hicieron 1 reajustes.
2026-06-23 14:42:00 | INFO | baseclient.py:33 | Connecting with parameters: host='localhost' port=4455 password='' subs=0 timeout=None
2026-06-23 14:42:00 | INFO | reqs.py:23 | Successfully identified ReqClient with the server using RPC version:1
2026-06-23 14:42:01 | INFO | my_functions.py:93 | Record stopped.
2026-06-23 14:42:13 | INFO | my_functions.py:123 | Archivo renombrado a: C:\Users\Farm\Videos\my_functions_2026-06-23_12-46-37.mkv
2026-06-23 14:42:13 | INFO | each_eight_hours.py:287 | OBS recording stopped
