2026-07-05 04:11:10 | INFO | each_eight_hours.py:36 | LOG FILE PATH: \\vmware-host\Shared Folders\SHARED FILES VM\MS\logs\each_eight_hours_2026-07-05_04-11-10.log
2026-07-05 04:11:10 | INFO | each_eight_hours.py:37 | Logger initialized
2026-07-05 04:11:10 | INFO | each_eight_hours.py:64 | Script initialized
2026-07-05 04:11:42 | INFO | my_functions.py:56 | ⏳ Esperando WebSocket de OBS...
2026-07-05 04:11:52 | INFO | baseclient.py:33 | Connecting with parameters: host='localhost' port=4455 password='' subs=0 timeout=None
2026-07-05 04:11:52 | INFO | reqs.py:23 | Successfully identified ReqClient with the server using RPC version:1
2026-07-05 04:11:52 | INFO | my_functions.py:62 | ✅ Conectado al OBS WebSocket
2026-07-05 04:11:52 | ERROR | reqs.py:59 | OBSSDKRequestError: Request GetRecordStatus returned code 207. With message: OBS is not ready to perform the request.
Traceback (most recent call last):
  File "C:\Users\Farm\AppData\Local\Programs\Python\Python311\Lib\site-packages\obsws_python\reqs.py", line 53, in send
    raise OBSSDKRequestError(
obsws_python.error.OBSSDKRequestError: Request GetRecordStatus returned code 207. With message: OBS is not ready to perform the request.
2026-07-05 04:11:53 | INFO | my_functions.py:87 | 🎬 Grabación iniciada
2026-07-05 04:11:53 | INFO | each_eight_hours.py:106 | snap.exe terminated if it was running
2026-07-05 04:11:53 | INFO | my_functions.py:1545 | ⏱ Esperando 0.1 segundos antes de empezar...
2026-07-05 04:11:53 | INFO | my_functions.py:1552 | 🔍 Esperando ventana que contenga alguna de: ['py', 'eight_hours'] (máx 20s)
2026-07-05 04:11:53 | INFO | my_functions.py:1564 | ✅ Ventana encontrada: 'each_eight_hours  - Acceso directo'
2026-07-05 04:11:53 | INFO | my_functions.py:1579 | ✅ Ventana seleccionada: 'each_eight_hours  - Acceso directo'
2026-07-05 04:11:55 | INFO | my_functions.py:1602 | 🔁 Reajuste #1...
2026-07-05 04:11:56 | INFO | my_functions.py:1609 | ✔ Verificación completa. Se hicieron 1 reajustes.
2026-07-05 04:11:56 | INFO | each_eight_hours.py:113 | Processing account: john
2026-07-05 04:11:56 | INFO | my_functions.py:1545 | ⏱ Esperando 0.1 segundos antes de empezar...
2026-07-05 04:11:56 | INFO | my_functions.py:1552 | 🔍 Esperando ventana que contenga alguna de: ['SNAP'] (máx 20s)
2026-07-05 04:12:01 | INFO | my_functions.py:1564 | ✅ Ventana encontrada: 'SNAP'
2026-07-05 04:12:01 | INFO | my_functions.py:1579 | ✅ Ventana seleccionada: 'SNAP'
2026-07-05 04:12:03 | INFO | my_functions.py:1611 | ✔ Verificación completa. No hubo cambios después del primer ajuste.
2026-07-05 04:12:04 | INFO | my_functions.py:1206 | [DEBUG] Resizing SNAP window...
2026-07-05 04:12:04 | INFO | my_functions.py:1545 | ⏱ Esperando 0.1 segundos antes de empezar...
2026-07-05 04:12:04 | INFO | my_functions.py:1552 | 🔍 Esperando ventana que contenga alguna de: ['SNAP'] (máx 20s)
2026-07-05 04:12:04 | INFO | my_functions.py:1564 | ✅ Ventana encontrada: 'SNAP'
2026-07-05 04:12:04 | INFO | my_functions.py:1579 | ✅ Ventana seleccionada: 'SNAP'
2026-07-05 04:12:11 | INFO | my_functions.py:1611 | ✔ Verificación completa. No hubo cambios después del primer ajuste.
2026-07-05 04:12:11 | INFO | my_functions.py:247 | [DEBUG] Buscando en paralelo: ['small_submit.PNG', 'small_submit_hover.png', 'submit_hover_2.png', 'small_submit_hover_2.png'] | timeout=90s | confidence=0.8
2026-07-05 04:13:44 | INFO | my_functions.py:281 | [DEBUG] Click skipped, ninguna de las imágenes se encontró en el intento.
2026-07-05 04:13:45 | INFO | my_functions.py:169 | Searching shop_unselected.PNG (timeout=0s)
2026-07-05 04:13:46 | INFO | my_functions.py:199 | 
✅ Found: shop_unselected.PNG pos=(88, 961) time=0.92s confidence=0.8
2026-07-05 04:13:54 | INFO | my_functions.py:169 | Searching shop_unselected.PNG (timeout=0s)
2026-07-05 04:13:55 | INFO | my_functions.py:199 | 
✅ Found: shop_unselected.PNG pos=(88, 961) time=0.79s confidence=0.8
2026-07-05 04:13:55 | INFO | my_functions.py:714 | Ya esta listo
2026-07-05 04:13:55 | INFO | my_functions.py:247 | [DEBUG] Buscando en paralelo: ['nut.png'] | timeout=20s | confidence=0.8
2026-07-05 04:13:57 | INFO | my_functions.py:134 | Haciendo click en la posición (184, 78)
2026-07-05 04:13:57 | INFO | my_functions.py:269 | 🖱️ Click OK (En paralelo): nut.png at (184, 78) delay=1s
2026-07-05 04:13:58 | INFO | my_functions.py:247 | [DEBUG] Buscando en paralelo: ['graphics_quality.png'] | timeout=3s | confidence=0.8
2026-07-05 04:14:00 | INFO | my_functions.py:134 | Haciendo click en la posición (304, 644)
2026-07-05 04:14:00 | INFO | my_functions.py:269 | 🖱️ Click OK (En paralelo): graphics_quality.png at (304, 644) delay=1s
2026-07-05 04:14:02 | INFO | my_functions.py:247 | [DEBUG] Buscando en paralelo: ['sign_out.png'] | timeout=20s | confidence=0.8
2026-07-05 04:14:04 | INFO | my_functions.py:134 | Haciendo click en la posición (380, 796)
2026-07-05 04:14:04 | INFO | my_functions.py:269 | 🖱️ Click OK (En paralelo): sign_out.png at (380, 796) delay=1s
2026-07-05 04:14:06 | INFO | my_functions.py:247 | [DEBUG] Buscando en paralelo: ['sign_out_grande.png'] | timeout=20s | confidence=0.8
2026-07-05 04:14:08 | INFO | my_functions.py:134 | Haciendo click en la posición (359, 437)
2026-07-05 04:14:08 | INFO | my_functions.py:269 | 🖱️ Click OK (En paralelo): sign_out_grande.png at (359, 437) delay=1s
2026-07-05 04:14:09 | INFO | my_functions.py:247 | [DEBUG] Buscando en paralelo: ['sign_out2.png'] | timeout=20s | confidence=0.8
2026-07-05 04:14:11 | INFO | my_functions.py:134 | Haciendo click en la posición (383, 634)
2026-07-05 04:14:11 | INFO | my_functions.py:269 | 🖱️ Click OK (En paralelo): sign_out2.png at (383, 634) delay=1s
2026-07-05 04:14:12 | INFO | my_functions.py:1545 | ⏱ Esperando 0.1 segundos antes de empezar...
2026-07-05 04:14:12 | INFO | my_functions.py:1552 | 🔍 Esperando ventana que contenga alguna de: SNAP (máx 20s)
2026-07-05 04:14:12 | INFO | my_functions.py:1564 | ✅ Ventana encontrada: 'SNAP'
2026-07-05 04:14:12 | INFO | my_functions.py:1579 | ✅ Ventana seleccionada: 'SNAP'
2026-07-05 04:14:14 | INFO | my_functions.py:1602 | 🔁 Reajuste #1...
2026-07-05 04:14:16 | INFO | my_functions.py:1609 | ✔ Verificación completa. Se hicieron 1 reajustes.
2026-07-05 04:14:21 | INFO | my_functions.py:1206 | [DEBUG] Resizing SNAP window...
2026-07-05 04:14:21 | INFO | my_functions.py:1545 | ⏱ Esperando 0.1 segundos antes de empezar...
2026-07-05 04:14:21 | INFO | my_functions.py:1552 | 🔍 Esperando ventana que contenga alguna de: ['SNAP'] (máx 20s)
2026-07-05 04:14:24 | INFO | my_functions.py:1564 | ✅ Ventana encontrada: 'SNAP'
2026-07-05 04:14:24 | INFO | my_functions.py:1579 | ✅ Ventana seleccionada: 'SNAP'
2026-07-05 04:14:31 | INFO | my_functions.py:1611 | ✔ Verificación completa. No hubo cambios después del primer ajuste.
2026-07-05 04:14:31 | INFO | my_functions.py:247 | [DEBUG] Buscando en paralelo: ['small_submit.PNG', 'small_submit_hover.png', 'submit_hover_2.png', 'small_submit_hover_2.png'] | timeout=90s | confidence=0.8
2026-07-05 04:14:41 | INFO | my_functions.py:134 | Haciendo click en la posición (380, 642)
2026-07-05 04:14:41 | INFO | my_functions.py:269 | 🖱️ Click OK (En paralelo): small_submit.PNG at (380, 642) delay=0.2s
2026-07-05 04:14:44 | INFO | my_functions.py:247 | [DEBUG] Buscando en paralelo: ['small_submit.PNG', 'small_submit_hover.png', 'submit_hover_2.png', 'small_submit_hover_2.png'] | timeout=20s | confidence=0.8
2026-07-05 04:14:46 | INFO | my_functions.py:134 | Haciendo click en la posición (380, 721)
2026-07-05 04:14:47 | INFO | my_functions.py:269 | 🖱️ Click OK (En paralelo): small_submit.PNG at (380, 721) delay=0.2s
2026-07-05 04:14:48 | INFO | my_functions.py:1545 | ⏱ Esperando 0.1 segundos antes de empezar...
2026-07-05 04:14:48 | INFO | my_functions.py:1552 | 🔍 Esperando ventana que contenga alguna de: ['SNAP'] (máx 20s)
2026-07-05 04:14:48 | INFO | my_functions.py:1564 | ✅ Ventana encontrada: 'SNAP'
2026-07-05 04:14:48 | INFO | my_functions.py:1579 | ✅ Ventana seleccionada: 'SNAP'
2026-07-05 04:14:50 | INFO | my_functions.py:1602 | 🔁 Reajuste #1...
2026-07-05 04:14:51 | INFO | my_functions.py:1609 | ✔ Verificación completa. Se hicieron 1 reajustes.
2026-07-05 04:14:51 | INFO | my_functions.py:169 | Searching please_sign.png (timeout=0s)
2026-07-05 04:14:52 | INFO | my_functions.py:199 | 
✅ Found: please_sign.png pos=(383, 438) time=0.79s confidence=0.8
2026-07-05 04:14:52 | INFO | my_functions.py:247 | [DEBUG] Buscando en paralelo: ['ok_btn.png'] | timeout=20s | confidence=0.8
2026-07-05 04:14:54 | INFO | my_functions.py:134 | Haciendo click en la posición (382, 634)
2026-07-05 04:14:54 | INFO | my_functions.py:269 | 🖱️ Click OK (En paralelo): ok_btn.png at (382, 634) delay=1s
2026-07-05 04:14:55 | INFO | my_functions.py:247 | [DEBUG] Buscando en paralelo: ['small_submit.PNG', 'small_submit_hover.png', 'submit_hover_2.png', 'small_submit_hover_2.png'] | timeout=30s | confidence=0.8
2026-07-05 04:14:59 | INFO | my_functions.py:134 | Haciendo click en la posición (383, 643)
2026-07-05 04:14:59 | INFO | my_functions.py:269 | 🖱️ Click OK (En paralelo): small_submit_hover_2.png at (383, 643) delay=0.2s
2026-07-05 04:15:00 | INFO | my_functions.py:247 | [DEBUG] Buscando en paralelo: ['small_submit.PNG', 'small_submit_hover.png', 'submit_hover_2.png', 'small_submit_hover_2.png'] | timeout=20s | confidence=0.8
2026-07-05 04:15:02 | INFO | my_functions.py:134 | Haciendo click en la posición (380, 721)
2026-07-05 04:15:02 | INFO | my_functions.py:269 | 🖱️ Click OK (En paralelo): small_submit.PNG at (380, 721) delay=0.2s
2026-07-05 04:15:03 | INFO | my_functions.py:247 | [DEBUG] Buscando en paralelo: ['sign_in_with_google2.PNG'] | timeout=20s | confidence=0.8
2026-07-05 04:15:05 | INFO | my_functions.py:134 | Haciendo click en la posición (406, 957)
2026-07-05 04:15:05 | INFO | my_functions.py:269 | 🖱️ Click OK (En paralelo): sign_in_with_google2.PNG at (406, 957) delay=1s
2026-07-05 04:15:06 | INFO | my_functions.py:169 | Searching pagina_cargada.png (timeout=60s)
2026-07-05 04:15:16 | INFO | my_functions.py:199 | 
✅ Found: pagina_cargada.png pos=(70, 24) time=9.92s confidence=0.8
2026-07-05 04:15:18 | INFO | my_functions.py:247 | [DEBUG] Buscando en paralelo: ['john.png'] | timeout=0s | confidence=0.8
2026-07-05 04:15:22 | INFO | my_functions.py:134 | Haciendo click en la posición (1143, 619)
2026-07-05 04:15:23 | INFO | my_functions.py:269 | 🖱️ Click OK (En paralelo): john.png at (1143, 619) delay=3s
2026-07-05 04:15:24 | INFO | my_functions.py:169 | Searching marvelsnap_web.png (timeout=30s)
2026-07-05 04:15:30 | INFO | my_functions.py:199 | 
✅ Found: marvelsnap_web.png pos=(258, 80) time=6.39s confidence=0.7
2026-07-05 04:15:31 | INFO | my_functions.py:169 | Searching shop_unselected.PNG (timeout=0s)
2026-07-05 04:15:31 | INFO | my_functions.py:213 | 
⛔ Not found: shop_unselected.PNG after 0.0s region=(0, 0, 765, 1038) confidence=0.8
2026-07-05 04:15:31 | INFO | my_functions.py:247 | [DEBUG] Buscando en paralelo: ['super_premium.PNG'] | timeout=0s | confidence=0.8
2026-07-05 04:15:32 | INFO | my_functions.py:281 | [DEBUG] Click skipped, ninguna de las imágenes se encontró en el intento.
2026-07-05 04:15:33 | INFO | my_functions.py:247 | [DEBUG] Buscando en paralelo: ['maybe_later.PNG'] | timeout=0s | confidence=0.8
2026-07-05 04:15:34 | INFO | my_functions.py:281 | [DEBUG] Click skipped, ninguna de las imágenes se encontró en el intento.
2026-07-05 04:15:35 | INFO | my_functions.py:247 | [DEBUG] Buscando en paralelo: ['maybe_later2.PNG'] | timeout=0s | confidence=0.8
2026-07-05 04:15:36 | INFO | my_functions.py:281 | [DEBUG] Click skipped, ninguna de las imágenes se encontró en el intento.
2026-07-05 04:15:37 | INFO | my_functions.py:169 | Searching go_to_shop.PNG (timeout=0s)
2026-07-05 04:15:37 | INFO | my_functions.py:213 | 
⛔ Not found: go_to_shop.PNG after 0.0s region=(0, 0, 765, 1038) confidence=0.8
2026-07-05 04:15:37 | INFO | my_functions.py:247 | [DEBUG] Buscando en paralelo: ['14_days_of_winterverse.PNG'] | timeout=0s | confidence=0.8
2026-07-05 04:15:38 | INFO | my_functions.py:281 | [DEBUG] Click skipped, ninguna de las imágenes se encontró en el intento.
2026-07-05 04:15:39 | INFO | my_functions.py:169 | Searching welcome_back_calendar.PNG (timeout=0s)
2026-07-05 04:15:40 | INFO | my_functions.py:213 | 
⛔ Not found: welcome_back_calendar.PNG after 0.0s region=(0, 0, 765, 1038) confidence=0.8
2026-07-05 04:15:40 | INFO | my_functions.py:247 | [DEBUG] Buscando en paralelo: ['start_the_countdown.PNG'] | timeout=0s | confidence=0.8
2026-07-05 04:15:40 | INFO | my_functions.py:281 | [DEBUG] Click skipped, ninguna de las imágenes se encontró en el intento.
2026-07-05 04:15:42 | INFO | my_functions.py:247 | [DEBUG] Buscando en paralelo: ['event_has_ended_sanctum.PNG'] | timeout=0s | confidence=0.8
2026-07-05 04:15:42 | INFO | my_functions.py:281 | [DEBUG] Click skipped, ninguna de las imágenes se encontró en el intento.
2026-07-05 04:15:43 | INFO | my_functions.py:247 | [DEBUG] Buscando en paralelo: ['event_has_ended_teamclash.PNG'] | timeout=0s | confidence=0.8
2026-07-05 04:15:44 | INFO | my_functions.py:281 | [DEBUG] Click skipped, ninguna de las imágenes se encontró en el intento.
2026-07-05 04:15:45 | INFO | my_functions.py:247 | [DEBUG] Buscando en paralelo: ['image_part_of_event_grand_arena_finished.PNG'] | timeout=0s | confidence=0.8
2026-07-05 04:15:46 | INFO | my_functions.py:281 | [DEBUG] Click skipped, ninguna de las imágenes se encontró en el intento.
2026-07-05 04:15:47 | INFO | my_functions.py:169 | Searching 28_day_event_login_rewards.PNG (timeout=0s)
2026-07-05 04:15:48 | INFO | my_functions.py:213 | 
⛔ Not found: 28_day_event_login_rewards.PNG after 0.0s region=(0, 0, 765, 1038) confidence=0.8
2026-07-05 04:15:48 | INFO | my_functions.py:169 | Searching 7_day_event_login.PNG (timeout=0s)
2026-07-05 04:15:48 | INFO | my_functions.py:213 | 
⛔ Not found: 7_day_event_login.PNG after 0.0s region=(0, 0, 765, 1038) confidence=0.8
2026-07-05 04:15:48 | INFO | my_functions.py:169 | Searching 14_days_event.PNG (timeout=0s)
2026-07-05 04:15:49 | INFO | my_functions.py:213 | 
⛔ Not found: 14_days_event.PNG after 0.0s region=(0, 0, 765, 1038) confidence=0.8
2026-07-05 04:15:49 | INFO | my_functions.py:247 | [DEBUG] Buscando en paralelo: ['lets_go.PNG'] | timeout=0s | confidence=0.8
2026-07-05 04:15:50 | INFO | my_functions.py:281 | [DEBUG] Click skipped, ninguna de las imágenes se encontró en el intento.
2026-07-05 04:15:52 | INFO | my_functions.py:169 | Searching shop_unselected.PNG (timeout=0s)
2026-07-05 04:15:53 | INFO | my_functions.py:213 | 
⛔ Not found: shop_unselected.PNG after 0.0s region=(0, 0, 765, 1038) confidence=0.8
2026-07-05 04:15:53 | INFO | my_functions.py:247 | [DEBUG] Buscando en paralelo: ['super_premium.PNG'] | timeout=0s | confidence=0.8
2026-07-05 04:15:54 | INFO | my_functions.py:134 | Haciendo click en la posición (480, 777)
2026-07-05 04:15:54 | INFO | my_functions.py:269 | 🖱️ Click OK (En paralelo): super_premium.PNG at (480, 777) delay=1s
2026-07-05 04:15:55 | INFO | my_functions.py:142 | Presionando ESC (1/1)
2026-07-05 04:16:04 | INFO | my_functions.py:169 | Searching shop_unselected.PNG (timeout=0s)
2026-07-05 04:16:05 | INFO | my_functions.py:199 | 
✅ Found: shop_unselected.PNG pos=(88, 961) time=0.84s confidence=0.8
2026-07-05 04:16:05 | INFO | my_functions.py:714 | Ya esta listo
2026-07-05 04:16:09 | INFO | my_functions.py:533 | AVAILABLE: 4
2026-07-05 04:16:09 | INFO | my_functions.py:247 | [DEBUG] Buscando en paralelo: ['nut.png'] | timeout=20s | confidence=0.8
2026-07-05 04:16:11 | INFO | my_functions.py:134 | Haciendo click en la posición (184, 78)
2026-07-05 04:16:12 | INFO | my_functions.py:269 | 🖱️ Click OK (En paralelo): nut.png at (184, 78) delay=1s
2026-07-05 04:16:13 | INFO | my_functions.py:247 | [DEBUG] Buscando en paralelo: ['graphics_quality.png'] | timeout=3s | confidence=0.8
2026-07-05 04:16:14 | INFO | my_functions.py:134 | Haciendo click en la posición (304, 644)
2026-07-05 04:16:15 | INFO | my_functions.py:269 | 🖱️ Click OK (En paralelo): graphics_quality.png at (304, 644) delay=1s
2026-07-05 04:16:17 | INFO | my_functions.py:247 | [DEBUG] Buscando en paralelo: ['sign_out.png'] | timeout=20s | confidence=0.8
2026-07-05 04:16:19 | INFO | my_functions.py:134 | Haciendo click en la posición (380, 796)
2026-07-05 04:16:19 | INFO | my_functions.py:269 | 🖱️ Click OK (En paralelo): sign_out.png at (380, 796) delay=1s
2026-07-05 04:16:21 | INFO | my_functions.py:247 | [DEBUG] Buscando en paralelo: ['sign_out_grande.png'] | timeout=20s | confidence=0.8
2026-07-05 04:16:23 | INFO | my_functions.py:134 | Haciendo click en la posición (359, 437)
2026-07-05 04:16:23 | INFO | my_functions.py:269 | 🖱️ Click OK (En paralelo): sign_out_grande.png at (359, 437) delay=1s
2026-07-05 04:16:24 | INFO | my_functions.py:247 | [DEBUG] Buscando en paralelo: ['sign_out2.png'] | timeout=20s | confidence=0.8
2026-07-05 04:16:26 | INFO | my_functions.py:134 | Haciendo click en la posición (383, 634)
2026-07-05 04:16:26 | INFO | my_functions.py:269 | 🖱️ Click OK (En paralelo): sign_out2.png at (383, 634) delay=1s
2026-07-05 04:16:27 | INFO | my_functions.py:1545 | ⏱ Esperando 0.1 segundos antes de empezar...
2026-07-05 04:16:27 | INFO | my_functions.py:1552 | 🔍 Esperando ventana que contenga alguna de: SNAP (máx 20s)
2026-07-05 04:16:27 | INFO | my_functions.py:1564 | ✅ Ventana encontrada: 'SNAP'
2026-07-05 04:16:27 | INFO | my_functions.py:1579 | ✅ Ventana seleccionada: 'SNAP'
2026-07-05 04:16:29 | INFO | my_functions.py:1602 | 🔁 Reajuste #1...
2026-07-05 04:16:32 | INFO | my_functions.py:1609 | ✔ Verificación completa. Se hicieron 1 reajustes.
2026-07-05 04:16:36 | INFO | each_eight_hours.py:113 | Processing account: robert
2026-07-05 04:16:36 | INFO | my_functions.py:1545 | ⏱ Esperando 0.1 segundos antes de empezar...
2026-07-05 04:16:36 | INFO | my_functions.py:1552 | 🔍 Esperando ventana que contenga alguna de: ['SNAP'] (máx 20s)
2026-07-05 04:16:39 | INFO | my_functions.py:1564 | ✅ Ventana encontrada: 'SNAP'
2026-07-05 04:16:39 | INFO | my_functions.py:1579 | ✅ Ventana seleccionada: 'SNAP'
2026-07-05 04:16:41 | INFO | my_functions.py:1611 | ✔ Verificación completa. No hubo cambios después del primer ajuste.
2026-07-05 04:16:41 | INFO | my_functions.py:1206 | [DEBUG] Resizing SNAP window...
2026-07-05 04:16:41 | INFO | my_functions.py:1545 | ⏱ Esperando 0.1 segundos antes de empezar...
2026-07-05 04:16:41 | INFO | my_functions.py:1552 | 🔍 Esperando ventana que contenga alguna de: ['SNAP'] (máx 20s)
2026-07-05 04:16:41 | INFO | my_functions.py:1564 | ✅ Ventana encontrada: 'SNAP'
2026-07-05 04:16:41 | INFO | my_functions.py:1579 | ✅ Ventana seleccionada: 'SNAP'
2026-07-05 04:16:48 | INFO | my_functions.py:1611 | ✔ Verificación completa. No hubo cambios después del primer ajuste.
2026-07-05 04:16:48 | INFO | my_functions.py:247 | [DEBUG] Buscando en paralelo: ['small_submit.PNG', 'small_submit_hover.png', 'submit_hover_2.png', 'small_submit_hover_2.png'] | timeout=90s | confidence=0.8
2026-07-05 04:16:56 | INFO | my_functions.py:134 | Haciendo click en la posición (380, 642)
2026-07-05 04:16:56 | INFO | my_functions.py:269 | 🖱️ Click OK (En paralelo): small_submit.PNG at (380, 642) delay=0.2s
2026-07-05 04:17:00 | INFO | my_functions.py:247 | [DEBUG] Buscando en paralelo: ['small_submit.PNG', 'small_submit_hover.png', 'submit_hover_2.png', 'small_submit_hover_2.png'] | timeout=20s | confidence=0.8
2026-07-05 04:17:01 | INFO | my_functions.py:134 | Haciendo click en la posición (380, 721)
2026-07-05 04:17:01 | INFO | my_functions.py:269 | 🖱️ Click OK (En paralelo): small_submit.PNG at (380, 721) delay=0.2s
2026-07-05 04:17:03 | INFO | my_functions.py:1545 | ⏱ Esperando 0.1 segundos antes de empezar...
2026-07-05 04:17:03 | INFO | my_functions.py:1552 | 🔍 Esperando ventana que contenga alguna de: ['SNAP'] (máx 20s)
2026-07-05 04:17:03 | INFO | my_functions.py:1564 | ✅ Ventana encontrada: 'SNAP'
2026-07-05 04:17:03 | INFO | my_functions.py:1579 | ✅ Ventana seleccionada: 'SNAP'
2026-07-05 04:17:05 | INFO | my_functions.py:1602 | 🔁 Reajuste #1...
2026-07-05 04:17:06 | INFO | my_functions.py:1609 | ✔ Verificación completa. Se hicieron 1 reajustes.
2026-07-05 04:17:06 | INFO | my_functions.py:169 | Searching please_sign.png (timeout=0s)
2026-07-05 04:17:06 | INFO | my_functions.py:199 | 
✅ Found: please_sign.png pos=(383, 438) time=0.54s confidence=0.8
2026-07-05 04:17:06 | INFO | my_functions.py:247 | [DEBUG] Buscando en paralelo: ['ok_btn.png'] | timeout=20s | confidence=0.8
2026-07-05 04:17:08 | INFO | my_functions.py:134 | Haciendo click en la posición (382, 634)
2026-07-05 04:17:09 | INFO | my_functions.py:269 | 🖱️ Click OK (En paralelo): ok_btn.png at (382, 634) delay=1s
2026-07-05 04:17:10 | INFO | my_functions.py:247 | [DEBUG] Buscando en paralelo: ['small_submit.PNG', 'small_submit_hover.png', 'submit_hover_2.png', 'small_submit_hover_2.png'] | timeout=30s | confidence=0.8
2026-07-05 04:17:13 | INFO | my_functions.py:134 | Haciendo click en la posición (383, 643)
2026-07-05 04:17:13 | INFO | my_functions.py:269 | 🖱️ Click OK (En paralelo): small_submit_hover_2.png at (383, 643) delay=0.2s
2026-07-05 04:17:14 | INFO | my_functions.py:247 | [DEBUG] Buscando en paralelo: ['small_submit.PNG', 'small_submit_hover.png', 'submit_hover_2.png', 'small_submit_hover_2.png'] | timeout=20s | confidence=0.8
2026-07-05 04:17:16 | INFO | my_functions.py:134 | Haciendo click en la posición (380, 721)
2026-07-05 04:17:16 | INFO | my_functions.py:269 | 🖱️ Click OK (En paralelo): small_submit.PNG at (380, 721) delay=0.2s
2026-07-05 04:17:17 | INFO | my_functions.py:247 | [DEBUG] Buscando en paralelo: ['sign_in_with_google2.PNG'] | timeout=20s | confidence=0.8
2026-07-05 04:17:19 | INFO | my_functions.py:134 | Haciendo click en la posición (406, 957)
2026-07-05 04:17:19 | INFO | my_functions.py:269 | 🖱️ Click OK (En paralelo): sign_in_with_google2.PNG at (406, 957) delay=1s
2026-07-05 04:17:20 | INFO | my_functions.py:169 | Searching pagina_cargada.png (timeout=60s)
2026-07-05 04:17:28 | INFO | my_functions.py:199 | 
✅ Found: pagina_cargada.png pos=(70, 24) time=8.1s confidence=0.8
2026-07-05 04:17:30 | INFO | my_functions.py:247 | [DEBUG] Buscando en paralelo: ['robert.png'] | timeout=0s | confidence=0.8
2026-07-05 04:17:34 | INFO | my_functions.py:134 | Haciendo click en la posición (1152, 794)
2026-07-05 04:17:34 | INFO | my_functions.py:269 | 🖱️ Click OK (En paralelo): robert.png at (1152, 794) delay=3s
2026-07-05 04:17:35 | INFO | my_functions.py:169 | Searching marvelsnap_web.png (timeout=30s)
2026-07-05 04:17:40 | INFO | my_functions.py:199 | 
✅ Found: marvelsnap_web.png pos=(258, 80) time=4.4s confidence=0.7
2026-07-05 04:17:40 | INFO | my_functions.py:169 | Searching shop_unselected.PNG (timeout=0s)
2026-07-05 04:17:41 | INFO | my_functions.py:213 | 
⛔ Not found: shop_unselected.PNG after 0.0s region=(0, 0, 765, 1038) confidence=0.8
2026-07-05 04:17:41 | INFO | my_functions.py:247 | [DEBUG] Buscando en paralelo: ['super_premium.PNG'] | timeout=0s | confidence=0.8
2026-07-05 04:17:42 | INFO | my_functions.py:281 | [DEBUG] Click skipped, ninguna de las imágenes se encontró en el intento.
2026-07-05 04:17:43 | INFO | my_functions.py:247 | [DEBUG] Buscando en paralelo: ['maybe_later.PNG'] | timeout=0s | confidence=0.8
2026-07-05 04:17:44 | INFO | my_functions.py:281 | [DEBUG] Click skipped, ninguna de las imágenes se encontró en el intento.
2026-07-05 04:17:45 | INFO | my_functions.py:247 | [DEBUG] Buscando en paralelo: ['maybe_later2.PNG'] | timeout=0s | confidence=0.8
2026-07-05 04:17:46 | INFO | my_functions.py:281 | [DEBUG] Click skipped, ninguna de las imágenes se encontró en el intento.
2026-07-05 04:17:47 | INFO | my_functions.py:169 | Searching go_to_shop.PNG (timeout=0s)
2026-07-05 04:17:48 | INFO | my_functions.py:213 | 
⛔ Not found: go_to_shop.PNG after 0.0s region=(0, 0, 765, 1038) confidence=0.8
2026-07-05 04:17:48 | INFO | my_functions.py:247 | [DEBUG] Buscando en paralelo: ['14_days_of_winterverse.PNG'] | timeout=0s | confidence=0.8
2026-07-05 04:17:49 | INFO | my_functions.py:281 | [DEBUG] Click skipped, ninguna de las imágenes se encontró en el intento.
2026-07-05 04:17:50 | INFO | my_functions.py:169 | Searching welcome_back_calendar.PNG (timeout=0s)
2026-07-05 04:17:50 | INFO | my_functions.py:213 | 
⛔ Not found: welcome_back_calendar.PNG after 0.0s region=(0, 0, 765, 1038) confidence=0.8
2026-07-05 04:17:50 | INFO | my_functions.py:247 | [DEBUG] Buscando en paralelo: ['start_the_countdown.PNG'] | timeout=0s | confidence=0.8
2026-07-05 04:17:51 | INFO | my_functions.py:281 | [DEBUG] Click skipped, ninguna de las imágenes se encontró en el intento.
2026-07-05 04:17:52 | INFO | my_functions.py:247 | [DEBUG] Buscando en paralelo: ['event_has_ended_sanctum.PNG'] | timeout=0s | confidence=0.8
2026-07-05 04:17:52 | INFO | my_functions.py:281 | [DEBUG] Click skipped, ninguna de las imágenes se encontró en el intento.
2026-07-05 04:17:54 | INFO | my_functions.py:247 | [DEBUG] Buscando en paralelo: ['event_has_ended_teamclash.PNG'] | timeout=0s | confidence=0.8
2026-07-05 04:17:55 | INFO | my_functions.py:281 | [DEBUG] Click skipped, ninguna de las imágenes se encontró en el intento.
2026-07-05 04:17:56 | INFO | my_functions.py:247 | [DEBUG] Buscando en paralelo: ['image_part_of_event_grand_arena_finished.PNG'] | timeout=0s | confidence=0.8
2026-07-05 04:17:56 | INFO | my_functions.py:281 | [DEBUG] Click skipped, ninguna de las imágenes se encontró en el intento.
2026-07-05 04:17:57 | INFO | my_functions.py:169 | Searching 28_day_event_login_rewards.PNG (timeout=0s)
2026-07-05 04:17:58 | INFO | my_functions.py:213 | 
⛔ Not found: 28_day_event_login_rewards.PNG after 0.0s region=(0, 0, 765, 1038) confidence=0.8
2026-07-05 04:17:58 | INFO | my_functions.py:169 | Searching 7_day_event_login.PNG (timeout=0s)
2026-07-05 04:17:59 | INFO | my_functions.py:213 | 
⛔ Not found: 7_day_event_login.PNG after 0.01s region=(0, 0, 765, 1038) confidence=0.8
2026-07-05 04:17:59 | INFO | my_functions.py:169 | Searching 14_days_event.PNG (timeout=0s)
2026-07-05 04:18:00 | INFO | my_functions.py:213 | 
⛔ Not found: 14_days_event.PNG after 0.0s region=(0, 0, 765, 1038) confidence=0.8
2026-07-05 04:18:00 | INFO | my_functions.py:247 | [DEBUG] Buscando en paralelo: ['lets_go.PNG'] | timeout=0s | confidence=0.8
2026-07-05 04:18:00 | INFO | my_functions.py:281 | [DEBUG] Click skipped, ninguna de las imágenes se encontró en el intento.
2026-07-05 04:18:02 | INFO | my_functions.py:169 | Searching shop_unselected.PNG (timeout=0s)
2026-07-05 04:18:03 | INFO | my_functions.py:213 | 
⛔ Not found: shop_unselected.PNG after 0.0s region=(0, 0, 765, 1038) confidence=0.8
2026-07-05 04:18:03 | INFO | my_functions.py:247 | [DEBUG] Buscando en paralelo: ['super_premium.PNG'] | timeout=0s | confidence=0.8
2026-07-05 04:18:05 | INFO | my_functions.py:134 | Haciendo click en la posición (480, 777)
2026-07-05 04:18:05 | INFO | my_functions.py:269 | 🖱️ Click OK (En paralelo): super_premium.PNG at (480, 777) delay=1s
2026-07-05 04:18:06 | INFO | my_functions.py:142 | Presionando ESC (1/1)
2026-07-05 04:18:15 | INFO | my_functions.py:169 | Searching shop_unselected.PNG (timeout=0s)
2026-07-05 04:18:16 | INFO | my_functions.py:199 | 
✅ Found: shop_unselected.PNG pos=(88, 961) time=0.84s confidence=0.8
2026-07-05 04:18:16 | INFO | my_functions.py:714 | Ya esta listo
2026-07-05 04:18:20 | INFO | my_functions.py:533 | AVAILABLE: 6
2026-07-05 04:18:20 | INFO | my_functions.py:555 | Misiones completadas: 0
2026-07-05 04:18:20 | INFO | my_functions.py:169 | Searching play.PNG (timeout=0s)
2026-07-05 04:18:20 | INFO | my_functions.py:199 | 
✅ Found: play.PNG pos=(384, 825) time=0.66s confidence=0.8
2026-07-05 04:18:21 | INFO | my_functions.py:1440 | [INFO] Click realizado donde se equipa el deck a jugar
2026-07-05 04:18:25 | INFO | my_functions.py:247 | [DEBUG] Buscando en paralelo: ['deck_666666.png'] | timeout=3s | confidence=0.8
2026-07-05 04:18:27 | INFO | my_functions.py:134 | Haciendo click en la posición (234, 702)
2026-07-05 04:18:27 | INFO | my_functions.py:269 | 🖱️ Click OK (En paralelo): deck_666666.png at (234, 702) delay=1s
2026-07-05 04:18:28 | INFO | my_functions.py:247 | [DEBUG] Buscando en paralelo: ['equip.png'] | timeout=3s | confidence=0.95
2026-07-05 04:18:30 | INFO | my_functions.py:134 | Haciendo click en la posición (548, 983)
2026-07-05 04:18:30 | INFO | my_functions.py:269 | 🖱️ Click OK (En paralelo): equip.png at (548, 983) delay=1s
2026-07-05 04:18:31 | INFO | each_eight_hours.py:134 | Deck selected: 6turns
2026-07-05 04:18:31 | INFO | my_functions.py:247 | [DEBUG] Buscando en paralelo: ['maybe_later.PNG'] | timeout=2s | confidence=0.8
2026-07-05 04:18:33 | INFO | my_functions.py:281 | [DEBUG] Click skipped, ninguna de las imágenes se encontró en el intento.
2026-07-05 04:18:35 | INFO | my_functions.py:247 | [DEBUG] Buscando en paralelo: ['maybe_later2.PNG'] | timeout=0.01s | confidence=0.8
2026-07-05 04:18:35 | INFO | my_functions.py:281 | [DEBUG] Click skipped, ninguna de las imágenes se encontró en el intento.
2026-07-05 04:18:36 | INFO | each_eight_hours.py:148 | Starting game loop 1
2026-07-05 04:18:36 | INFO | my_functions.py:247 | [DEBUG] Buscando en paralelo: ['play.PNG'] | timeout=20s | confidence=0.8
2026-07-05 04:18:40 | INFO | my_functions.py:134 | Haciendo click en la posición (384, 824)
2026-07-05 04:18:40 | INFO | my_functions.py:269 | 🖱️ Click OK (En paralelo): play.PNG at (384, 824) delay=3s
2026-07-05 04:18:54 | INFO | my_functions.py:199 | 
✅ Found: end_turn.PNG pos=(681, 945) time=0.72s confidence=0.8
2026-07-05 04:18:54 | INFO | my_functions.py:247 | [DEBUG] Buscando en paralelo: ['snap.PNG'] | timeout=0s | confidence=0.8
2026-07-05 04:18:56 | INFO | my_functions.py:134 | Haciendo click en la posición (386, 123)
2026-07-05 04:18:56 | INFO | my_functions.py:269 | 🖱️ Click OK (En paralelo): snap.PNG at (386, 123) delay=1s
2026-07-05 04:19:03 | INFO | my_functions.py:247 | [DEBUG] Buscando en paralelo: ['end_turn.PNG'] | timeout=0s | confidence=0.8
2026-07-05 04:19:04 | INFO | my_functions.py:134 | Haciendo click en la posición (682, 946)
2026-07-05 04:19:05 | INFO | my_functions.py:269 | 🖱️ Click OK (En paralelo): end_turn.PNG at (682, 946) delay=1s
2026-07-05 04:19:06 | INFO | each_eight_hours.py:165 | End turn executed
2026-07-05 04:19:17 | INFO | my_functions.py:199 | 
✅ Found: end_turn.PNG pos=(681, 945) time=0.93s confidence=0.8
2026-07-05 04:19:17 | INFO | my_functions.py:247 | [DEBUG] Buscando en paralelo: ['snap.PNG'] | timeout=0s | confidence=0.8
2026-07-05 04:19:18 | INFO | my_functions.py:281 | [DEBUG] Click skipped, ninguna de las imágenes se encontró en el intento.
2026-07-05 04:19:24 | INFO | my_functions.py:247 | [DEBUG] Buscando en paralelo: ['end_turn.PNG'] | timeout=0s | confidence=0.8
2026-07-05 04:19:26 | INFO | my_functions.py:134 | Haciendo click en la posición (682, 945)
2026-07-05 04:19:26 | INFO | my_functions.py:269 | 🖱️ Click OK (En paralelo): end_turn.PNG at (682, 945) delay=1s
2026-07-05 04:19:27 | INFO | each_eight_hours.py:165 | End turn executed
2026-07-05 04:19:48 | INFO | my_functions.py:199 | 
✅ Found: end_turn.PNG pos=(681, 945) time=0.87s confidence=0.8
2026-07-05 04:19:48 | INFO | my_functions.py:247 | [DEBUG] Buscando en paralelo: ['snap.PNG'] | timeout=0s | confidence=0.8
2026-07-05 04:19:49 | INFO | my_functions.py:281 | [DEBUG] Click skipped, ninguna de las imágenes se encontró en el intento.
2026-07-05 04:19:55 | INFO | my_functions.py:247 | [DEBUG] Buscando en paralelo: ['end_turn.PNG'] | timeout=0s | confidence=0.8
2026-07-05 04:19:57 | INFO | my_functions.py:134 | Haciendo click en la posición (682, 945)
2026-07-05 04:19:57 | INFO | my_functions.py:269 | 🖱️ Click OK (En paralelo): end_turn.PNG at (682, 945) delay=1s
2026-07-05 04:19:59 | INFO | each_eight_hours.py:165 | End turn executed
2026-07-05 04:20:16 | INFO | my_functions.py:199 | 
✅ Found: end_turn.PNG pos=(681, 945) time=0.76s confidence=0.8
2026-07-05 04:20:16 | INFO | my_functions.py:247 | [DEBUG] Buscando en paralelo: ['snap.PNG'] | timeout=0s | confidence=0.8
2026-07-05 04:20:17 | INFO | my_functions.py:281 | [DEBUG] Click skipped, ninguna de las imágenes se encontró en el intento.
2026-07-05 04:20:24 | INFO | my_functions.py:247 | [DEBUG] Buscando en paralelo: ['end_turn.PNG'] | timeout=0s | confidence=0.8
2026-07-05 04:20:25 | INFO | my_functions.py:134 | Haciendo click en la posición (682, 945)
2026-07-05 04:20:26 | INFO | my_functions.py:269 | 🖱️ Click OK (En paralelo): end_turn.PNG at (682, 945) delay=1s
2026-07-05 04:20:27 | INFO | each_eight_hours.py:165 | End turn executed
2026-07-05 04:20:45 | INFO | my_functions.py:199 | 
✅ Found: end_turn.PNG pos=(681, 945) time=0.68s confidence=0.8
2026-07-05 04:20:45 | INFO | my_functions.py:247 | [DEBUG] Buscando en paralelo: ['snap.PNG'] | timeout=0s | confidence=0.8
2026-07-05 04:20:47 | INFO | my_functions.py:281 | [DEBUG] Click skipped, ninguna de las imágenes se encontró en el intento.
2026-07-05 04:20:53 | INFO | my_functions.py:247 | [DEBUG] Buscando en paralelo: ['end_turn.PNG'] | timeout=0s | confidence=0.8
2026-07-05 04:20:56 | INFO | my_functions.py:134 | Haciendo click en la posición (682, 945)
2026-07-05 04:20:56 | INFO | my_functions.py:269 | 🖱️ Click OK (En paralelo): end_turn.PNG at (682, 945) delay=1s
2026-07-05 04:20:57 | INFO | each_eight_hours.py:165 | End turn executed
2026-07-05 04:21:21 | INFO | my_functions.py:199 | 
✅ Found: end_turn.PNG pos=(681, 945) time=0.74s confidence=0.8
2026-07-05 04:21:21 | INFO | my_functions.py:247 | [DEBUG] Buscando en paralelo: ['snap.PNG'] | timeout=0s | confidence=0.8
2026-07-05 04:21:22 | INFO | my_functions.py:281 | [DEBUG] Click skipped, ninguna de las imágenes se encontró en el intento.
2026-07-05 04:21:29 | INFO | my_functions.py:247 | [DEBUG] Buscando en paralelo: ['end_turn.PNG'] | timeout=0s | confidence=0.8
2026-07-05 04:21:31 | INFO | my_functions.py:134 | Haciendo click en la posición (682, 945)
2026-07-05 04:21:31 | INFO | my_functions.py:269 | 🖱️ Click OK (En paralelo): end_turn.PNG at (682, 945) delay=1s
2026-07-05 04:21:32 | INFO | each_eight_hours.py:165 | End turn executed
2026-07-05 04:21:53 | INFO | my_functions.py:199 | 
✅ Found: collect_rewards.PNG pos=(679, 957) time=0.91s confidence=0.8
2026-07-05 04:21:53 | INFO | each_eight_hours.py:204 | Rewards detected, exiting match
2026-07-05 04:21:53 | INFO | my_functions.py:247 | [DEBUG] Buscando en paralelo: ['collect_rewards.PNG'] | timeout=20s | confidence=0.8
2026-07-05 04:21:55 | INFO | my_functions.py:134 | Haciendo click en la posición (679, 957)
2026-07-05 04:21:55 | INFO | my_functions.py:269 | 🖱️ Click OK (En paralelo): collect_rewards.PNG at (679, 957) delay=1s
2026-07-05 04:21:56 | INFO | my_functions.py:247 | [DEBUG] Buscando en paralelo: ['next.PNG'] | timeout=20s | confidence=0.8
2026-07-05 04:22:01 | INFO | my_functions.py:134 | Haciendo click en la posición (677, 973)
2026-07-05 04:22:02 | INFO | my_functions.py:269 | 🖱️ Click OK (En paralelo): next.PNG at (677, 973) delay=1s
2026-07-05 04:22:05 | INFO | my_functions.py:533 | AVAILABLE: 6
2026-07-05 04:22:05 | INFO | each_eight_hours.py:271 | Submissions after match: 6
2026-07-05 04:22:05 | INFO | my_functions.py:555 | Misiones completadas: 2
2026-07-05 04:22:05 | INFO | each_eight_hours.py:275 | Submission condition met, breaking loop
2026-07-05 04:22:05 | INFO | my_functions.py:247 | [DEBUG] Buscando en paralelo: ['missionsNotify2.png'] | timeout=20s | confidence=0.8
2026-07-05 04:22:09 | INFO | my_functions.py:134 | Haciendo click en la posición (538, 124)
2026-07-05 04:22:09 | INFO | my_functions.py:269 | 🖱️ Click OK (En paralelo): missionsNotify2.png at (538, 124) delay=3s
2026-07-05 04:22:10 | INFO | my_functions.py:1470 | [INFO] Iniciando click_missions_blue2
2026-07-05 04:22:10 | INFO | my_functions.py:134 | Haciendo click en la posición (150, 132)
2026-07-05 04:22:11 | INFO | my_functions.py:1473 | [ACTION] Click hecho en icono de calendario que me dirige a las misiones ordinarias
2026-07-05 04:22:11 | INFO | my_functions.py:169 | Searching bonus_challenge.png (timeout=0s)
2026-07-05 04:22:12 | INFO | my_functions.py:213 | 
⛔ Not found: bonus_challenge.png after 0.0s region=(0, 0, 765, 1038) confidence=0.8
2026-07-05 04:22:14 | INFO | my_functions.py:134 | Haciendo click en la posición (362, 493)
2026-07-05 04:22:15 | INFO | my_functions.py:1486 | [ACTION] Click 1/2 en misión azul
2026-07-05 04:22:16 | INFO | my_functions.py:134 | Haciendo click en la posición (362, 493)
2026-07-05 04:22:17 | INFO | my_functions.py:1486 | [ACTION] Click 2/2 en misión azul
2026-07-05 04:22:18 | INFO | my_functions.py:169 | Searching flechita_mission.PNG (timeout=0s)
2026-07-05 04:22:20 | INFO | my_functions.py:213 | 
⛔ Not found: flechita_mission.PNG after 0.0s region=(0, 0, 765, 1038) confidence=0.8
2026-07-05 04:22:20 | INFO | my_functions.py:247 | [DEBUG] Buscando en paralelo: ['weekly3.PNG'] | timeout=0s | confidence=0.8
2026-07-05 04:22:21 | INFO | my_functions.py:134 | Haciendo click en la posición (574, 266)
2026-07-05 04:22:21 | INFO | my_functions.py:269 | 🖱️ Click OK (En paralelo): weekly3.PNG at (574, 266) delay=0.1s
2026-07-05 04:22:23 | INFO | my_functions.py:247 | [DEBUG] Buscando en paralelo: ['claim!.PNG'] | timeout=0s | confidence=0.8
2026-07-05 04:22:24 | INFO | my_functions.py:134 | Haciendo click en la posición (381, 924)
2026-07-05 04:22:24 | INFO | my_functions.py:269 | 🖱️ Click OK (En paralelo): claim!.PNG at (381, 924) delay=0.2s
2026-07-05 04:22:25 | INFO | my_functions.py:247 | [DEBUG] Buscando en paralelo: ['claim_hover.PNG'] | timeout=0s | confidence=0.8
2026-07-05 04:22:26 | INFO | my_functions.py:134 | Haciendo click en la posición (383, 921)
2026-07-05 04:22:26 | INFO | my_functions.py:269 | 🖱️ Click OK (En paralelo): claim_hover.PNG at (383, 921) delay=0.2s
2026-07-05 04:22:28 | INFO | my_functions.py:247 | [DEBUG] Buscando en paralelo: ['weekly3.PNG'] | timeout=0s | confidence=0.8
2026-07-05 04:22:29 | INFO | my_functions.py:281 | [DEBUG] Click skipped, ninguna de las imágenes se encontró en el intento.
2026-07-05 04:22:30 | INFO | my_functions.py:134 | Haciendo click en la posición (557, 64)
2026-07-05 04:22:32 | INFO | my_functions.py:247 | [DEBUG] Buscando en paralelo: ['cards_shop.PNG'] | timeout=20s | confidence=0.8
2026-07-05 04:22:52 | INFO | my_functions.py:281 | [DEBUG] Click skipped, ninguna de las imágenes se encontró en el intento.
2026-07-05 04:22:53 | INFO | my_functions.py:247 | [DEBUG] Buscando en paralelo: ['token_icon.PNG'] | timeout=20s | confidence=0.8
2026-07-05 04:23:14 | INFO | my_functions.py:281 | [DEBUG] Click skipped, ninguna de las imágenes se encontró en el intento.
2026-07-05 04:23:17 | INFO | my_functions.py:247 | [DEBUG] Buscando en paralelo: ['claim!_token_3.PNG'] | timeout=4s | confidence=0.8
2026-07-05 04:23:22 | INFO | my_functions.py:281 | [DEBUG] Click skipped, ninguna de las imágenes se encontró en el intento.
2026-07-05 04:23:23 | INFO | my_functions.py:247 | [DEBUG] Buscando en paralelo: ['cards_shop.PNG'] | timeout=20s | confidence=0.8
2026-07-05 04:23:44 | INFO | my_functions.py:281 | [DEBUG] Click skipped, ninguna de las imágenes se encontró en el intento.
2026-07-05 04:23:46 | INFO | my_functions.py:247 | [DEBUG] Buscando en paralelo: ['offers.PNG'] | timeout=20s | confidence=0.8
2026-07-05 04:24:06 | INFO | my_functions.py:281 | [DEBUG] Click skipped, ninguna de las imágenes se encontró en el intento.
2026-07-05 04:24:08 | INFO | my_functions.py:1351 | [INFO] Iniciando mejora de cartas
2026-07-05 04:24:08 | INFO | my_functions.py:247 | [DEBUG] Buscando en paralelo: ['upgrade_cards_icon.PNG'] | timeout=3s | confidence=0.8
2026-07-05 04:24:12 | INFO | my_functions.py:281 | [DEBUG] Click skipped, ninguna de las imágenes se encontró en el intento.
2026-07-05 04:24:13 | WARNING | my_functions.py:1355 | [ALERT] No se encontró el ícono de upgrade_cards. Saltando función.
2026-07-05 04:24:13 | INFO | my_functions.py:142 | Presionando ESC (1/1)
2026-07-05 04:24:13 | INFO | my_functions.py:247 | [DEBUG] Buscando en paralelo: ['white_x.png'] | timeout=2s | confidence=0.8
2026-07-05 04:24:16 | INFO | my_functions.py:281 | [DEBUG] Click skipped, ninguna de las imágenes se encontró en el intento.
2026-07-05 04:24:17 | INFO | each_eight_hours.py:46 | [04:24:17.896] [DEBUG] === INICIANDO FUNCIÓN collect_cl_rewards ===
2026-07-05 04:24:17 | INFO | each_eight_hours.py:46 | [04:24:17.914] [DEBUG] Haciendo click inicial en (387, 166)...
2026-07-05 04:24:17 | INFO | my_functions.py:134 | Haciendo click en la posición (387, 166)
2026-07-05 04:24:24 | INFO | each_eight_hours.py:46 | [04:24:24.338] [DEBUG] Se omitió el cambio de tamaño de ventanas (resize=False)
2026-07-05 04:24:24 | INFO | each_eight_hours.py:46 | [04:24:24.404] [DEBUG] Recompensas iniciales detectadas por la API: 0
2026-07-05 04:24:24 | INFO | each_eight_hours.py:46 | Finished collecting rewards
2026-07-05 04:24:25 | INFO | my_functions.py:142 | Presionando ESC (1/1)
2026-07-05 04:24:26 | INFO | my_functions.py:247 | [DEBUG] Buscando en paralelo: ['nut.png'] | timeout=20s | confidence=0.8
2026-07-05 04:24:46 | INFO | my_functions.py:281 | [DEBUG] Click skipped, ninguna de las imágenes se encontró en el intento.
2026-07-05 04:24:47 | INFO | my_functions.py:247 | [DEBUG] Buscando en paralelo: ['graphics_quality.png'] | timeout=3s | confidence=0.8
2026-07-05 04:24:50 | INFO | my_functions.py:281 | [DEBUG] Click skipped, ninguna de las imágenes se encontró en el intento.
2026-07-05 04:24:52 | INFO | my_functions.py:247 | [DEBUG] Buscando en paralelo: ['sign_out.png'] | timeout=20s | confidence=0.8
2026-07-05 04:25:12 | INFO | my_functions.py:281 | [DEBUG] Click skipped, ninguna de las imágenes se encontró en el intento.
2026-07-05 04:25:15 | INFO | my_functions.py:247 | [DEBUG] Buscando en paralelo: ['sign_out_grande.png'] | timeout=20s | confidence=0.8
2026-07-05 04:25:35 | INFO | my_functions.py:281 | [DEBUG] Click skipped, ninguna de las imágenes se encontró en el intento.
2026-07-05 04:25:36 | INFO | my_functions.py:247 | [DEBUG] Buscando en paralelo: ['sign_out2.png'] | timeout=20s | confidence=0.8
2026-07-05 04:25:57 | INFO | my_functions.py:281 | [DEBUG] Click skipped, ninguna de las imágenes se encontró en el intento.
2026-07-05 04:25:58 | INFO | my_functions.py:1545 | ⏱ Esperando 0.1 segundos antes de empezar...
2026-07-05 04:25:58 | INFO | my_functions.py:1552 | 🔍 Esperando ventana que contenga alguna de: SNAP (máx 20s)
2026-07-05 04:25:58 | INFO | my_functions.py:1564 | ✅ Ventana encontrada: 'SNAP'
2026-07-05 04:25:58 | INFO | my_functions.py:1579 | ✅ Ventana seleccionada: 'SNAP'
2026-07-05 04:26:02 | INFO | my_functions.py:1611 | ✔ Verificación completa. No hubo cambios después del primer ajuste.
2026-07-05 04:26:06 | INFO | each_eight_hours.py:113 | Processing account: michael
2026-07-05 04:26:06 | INFO | my_functions.py:1545 | ⏱ Esperando 0.1 segundos antes de empezar...
2026-07-05 04:26:06 | INFO | my_functions.py:1552 | 🔍 Esperando ventana que contenga alguna de: ['SNAP'] (máx 20s)
2026-07-05 04:26:11 | INFO | my_functions.py:1564 | ✅ Ventana encontrada: 'SNAP'
2026-07-05 04:26:11 | INFO | my_functions.py:1579 | ✅ Ventana seleccionada: 'SNAP'
2026-07-05 04:26:13 | INFO | my_functions.py:1611 | ✔ Verificación completa. No hubo cambios después del primer ajuste.
2026-07-05 04:26:13 | INFO | my_functions.py:1206 | [DEBUG] Resizing SNAP window...
2026-07-05 04:26:14 | INFO | my_functions.py:1545 | ⏱ Esperando 0.1 segundos antes de empezar...
2026-07-05 04:26:14 | INFO | my_functions.py:1552 | 🔍 Esperando ventana que contenga alguna de: ['SNAP'] (máx 20s)
2026-07-05 04:26:14 | INFO | my_functions.py:1564 | ✅ Ventana encontrada: 'SNAP'
2026-07-05 04:26:14 | INFO | my_functions.py:1579 | ✅ Ventana seleccionada: 'SNAP'
2026-07-05 04:26:21 | INFO | my_functions.py:1611 | ✔ Verificación completa. No hubo cambios después del primer ajuste.
2026-07-05 04:26:21 | INFO | my_functions.py:247 | [DEBUG] Buscando en paralelo: ['small_submit.PNG', 'small_submit_hover.png', 'submit_hover_2.png', 'small_submit_hover_2.png'] | timeout=90s | confidence=0.8
2026-07-05 04:27:55 | INFO | my_functions.py:281 | [DEBUG] Click skipped, ninguna de las imágenes se encontró en el intento.
2026-07-05 04:27:57 | INFO | my_functions.py:169 | Searching shop_unselected.PNG (timeout=0s)
2026-07-05 04:27:57 | INFO | my_functions.py:213 | 
⛔ Not found: shop_unselected.PNG after 0.0s region=(0, 0, 765, 1038) confidence=0.8
2026-07-05 04:27:57 | INFO | my_functions.py:247 | [DEBUG] Buscando en paralelo: ['super_premium.PNG'] | timeout=0s | confidence=0.8
2026-07-05 04:27:59 | INFO | my_functions.py:134 | Haciendo click en la posición (480, 777)
2026-07-05 04:27:59 | INFO | my_functions.py:269 | 🖱️ Click OK (En paralelo): super_premium.PNG at (480, 777) delay=1s
2026-07-05 04:28:00 | INFO | my_functions.py:142 | Presionando ESC (1/1)
2026-07-05 04:28:09 | INFO | my_functions.py:169 | Searching shop_unselected.PNG (timeout=0s)
2026-07-05 04:28:10 | INFO | my_functions.py:199 | 
✅ Found: shop_unselected.PNG pos=(88, 961) time=0.77s confidence=0.8
2026-07-05 04:28:10 | INFO | my_functions.py:714 | Ya esta listo
2026-07-05 04:28:10 | INFO | my_functions.py:247 | [DEBUG] Buscando en paralelo: ['nut.png'] | timeout=20s | confidence=0.8
2026-07-05 04:28:12 | INFO | my_functions.py:134 | Haciendo click en la posición (184, 78)
2026-07-05 04:28:12 | INFO | my_functions.py:269 | 🖱️ Click OK (En paralelo): nut.png at (184, 78) delay=1s
2026-07-05 04:28:13 | INFO | my_functions.py:247 | [DEBUG] Buscando en paralelo: ['graphics_quality.png'] | timeout=3s | confidence=0.8
2026-07-05 04:28:15 | INFO | my_functions.py:134 | Haciendo click en la posición (304, 644)
2026-07-05 04:28:15 | INFO | my_functions.py:269 | 🖱️ Click OK (En paralelo): graphics_quality.png at (304, 644) delay=1s
2026-07-05 04:28:17 | INFO | my_functions.py:247 | [DEBUG] Buscando en paralelo: ['sign_out.png'] | timeout=20s | confidence=0.8
2026-07-05 04:28:19 | INFO | my_functions.py:134 | Haciendo click en la posición (380, 796)
2026-07-05 04:28:19 | INFO | my_functions.py:269 | 🖱️ Click OK (En paralelo): sign_out.png at (380, 796) delay=1s
2026-07-05 04:28:21 | INFO | my_functions.py:247 | [DEBUG] Buscando en paralelo: ['sign_out_grande.png'] | timeout=20s | confidence=0.8
2026-07-05 04:28:22 | INFO | my_functions.py:134 | Haciendo click en la posición (359, 437)
2026-07-05 04:28:23 | INFO | my_functions.py:269 | 🖱️ Click OK (En paralelo): sign_out_grande.png at (359, 437) delay=1s
2026-07-05 04:28:24 | INFO | my_functions.py:247 | [DEBUG] Buscando en paralelo: ['sign_out2.png'] | timeout=20s | confidence=0.8
2026-07-05 04:28:25 | INFO | my_functions.py:134 | Haciendo click en la posición (383, 634)
2026-07-05 04:28:26 | INFO | my_functions.py:269 | 🖱️ Click OK (En paralelo): sign_out2.png at (383, 634) delay=1s
2026-07-05 04:28:27 | INFO | my_functions.py:1545 | ⏱ Esperando 0.1 segundos antes de empezar...
2026-07-05 04:28:27 | INFO | my_functions.py:1552 | 🔍 Esperando ventana que contenga alguna de: SNAP (máx 20s)
2026-07-05 04:28:27 | INFO | my_functions.py:1564 | ✅ Ventana encontrada: 'SNAP'
2026-07-05 04:28:27 | INFO | my_functions.py:1579 | ✅ Ventana seleccionada: 'SNAP'
2026-07-05 04:28:29 | INFO | my_functions.py:1602 | 🔁 Reajuste #1...
2026-07-05 04:28:31 | INFO | my_functions.py:1609 | ✔ Verificación completa. Se hicieron 1 reajustes.
2026-07-05 04:28:35 | INFO | my_functions.py:1206 | [DEBUG] Resizing SNAP window...
2026-07-05 04:28:35 | INFO | my_functions.py:1545 | ⏱ Esperando 0.1 segundos antes de empezar...
2026-07-05 04:28:35 | INFO | my_functions.py:1552 | 🔍 Esperando ventana que contenga alguna de: ['SNAP'] (máx 20s)
2026-07-05 04:28:38 | INFO | my_functions.py:1564 | ✅ Ventana encontrada: 'SNAP'
2026-07-05 04:28:38 | INFO | my_functions.py:1579 | ✅ Ventana seleccionada: 'SNAP'
2026-07-05 04:28:45 | INFO | my_functions.py:1611 | ✔ Verificación completa. No hubo cambios después del primer ajuste.
2026-07-05 04:28:45 | INFO | my_functions.py:247 | [DEBUG] Buscando en paralelo: ['small_submit.PNG', 'small_submit_hover.png', 'submit_hover_2.png', 'small_submit_hover_2.png'] | timeout=90s | confidence=0.8
2026-07-05 04:28:53 | INFO | my_functions.py:134 | Haciendo click en la posición (380, 642)
2026-07-05 04:28:53 | INFO | my_functions.py:269 | 🖱️ Click OK (En paralelo): small_submit.PNG at (380, 642) delay=0.2s
2026-07-05 04:28:56 | INFO | my_functions.py:247 | [DEBUG] Buscando en paralelo: ['small_submit.PNG', 'small_submit_hover.png', 'submit_hover_2.png', 'small_submit_hover_2.png'] | timeout=20s | confidence=0.8
2026-07-05 04:28:58 | INFO | my_functions.py:134 | Haciendo click en la posición (380, 721)
2026-07-05 04:28:58 | INFO | my_functions.py:269 | 🖱️ Click OK (En paralelo): small_submit.PNG at (380, 721) delay=0.2s
2026-07-05 04:28:59 | INFO | my_functions.py:1545 | ⏱ Esperando 0.1 segundos antes de empezar...
2026-07-05 04:28:59 | INFO | my_functions.py:1552 | 🔍 Esperando ventana que contenga alguna de: ['SNAP'] (máx 20s)
2026-07-05 04:28:59 | INFO | my_functions.py:1564 | ✅ Ventana encontrada: 'SNAP'
2026-07-05 04:28:59 | INFO | my_functions.py:1579 | ✅ Ventana seleccionada: 'SNAP'
2026-07-05 04:29:01 | INFO | my_functions.py:1602 | 🔁 Reajuste #1...
2026-07-05 04:29:02 | INFO | my_functions.py:1609 | ✔ Verificación completa. Se hicieron 1 reajustes.
2026-07-05 04:29:02 | INFO | my_functions.py:169 | Searching please_sign.png (timeout=0s)
2026-07-05 04:29:03 | INFO | my_functions.py:199 | 
✅ Found: please_sign.png pos=(383, 438) time=0.53s confidence=0.8
2026-07-05 04:29:03 | INFO | my_functions.py:247 | [DEBUG] Buscando en paralelo: ['ok_btn.png'] | timeout=20s | confidence=0.8
2026-07-05 04:29:05 | INFO | my_functions.py:134 | Haciendo click en la posición (382, 634)
2026-07-05 04:29:05 | INFO | my_functions.py:269 | 🖱️ Click OK (En paralelo): ok_btn.png at (382, 634) delay=1s
2026-07-05 04:29:06 | INFO | my_functions.py:247 | [DEBUG] Buscando en paralelo: ['small_submit.PNG', 'small_submit_hover.png', 'submit_hover_2.png', 'small_submit_hover_2.png'] | timeout=30s | confidence=0.8
2026-07-05 04:29:09 | INFO | my_functions.py:134 | Haciendo click en la posición (383, 643)
2026-07-05 04:29:09 | INFO | my_functions.py:269 | 🖱️ Click OK (En paralelo): small_submit_hover_2.png at (383, 643) delay=0.2s
2026-07-05 04:29:10 | INFO | my_functions.py:247 | [DEBUG] Buscando en paralelo: ['small_submit.PNG', 'small_submit_hover.png', 'submit_hover_2.png', 'small_submit_hover_2.png'] | timeout=20s | confidence=0.8
2026-07-05 04:29:12 | INFO | my_functions.py:134 | Haciendo click en la posición (380, 721)
2026-07-05 04:29:12 | INFO | my_functions.py:269 | 🖱️ Click OK (En paralelo): small_submit.PNG at (380, 721) delay=0.2s
2026-07-05 04:29:13 | INFO | my_functions.py:247 | [DEBUG] Buscando en paralelo: ['sign_in_with_google2.PNG'] | timeout=20s | confidence=0.8
2026-07-05 04:29:14 | INFO | my_functions.py:134 | Haciendo click en la posición (406, 957)
2026-07-05 04:29:15 | INFO | my_functions.py:269 | 🖱️ Click OK (En paralelo): sign_in_with_google2.PNG at (406, 957) delay=1s
2026-07-05 04:29:16 | INFO | my_functions.py:169 | Searching pagina_cargada.png (timeout=60s)
2026-07-05 04:29:22 | INFO | my_functions.py:199 | 
✅ Found: pagina_cargada.png pos=(70, 24) time=6.52s confidence=0.8
2026-07-05 04:29:24 | INFO | my_functions.py:247 | [DEBUG] Buscando en paralelo: ['michael.png'] | timeout=0s | confidence=0.8
2026-07-05 04:29:29 | INFO | my_functions.py:134 | Haciendo click en la posición (1156, 878)
2026-07-05 04:29:29 | INFO | my_functions.py:269 | 🖱️ Click OK (En paralelo): michael.png at (1156, 878) delay=3s
2026-07-05 04:29:30 | INFO | my_functions.py:169 | Searching marvelsnap_web.png (timeout=30s)
2026-07-05 04:29:35 | INFO | my_functions.py:199 | 
✅ Found: marvelsnap_web.png pos=(258, 80) time=5.5s confidence=0.7
2026-07-05 04:29:36 | INFO | my_functions.py:169 | Searching shop_unselected.PNG (timeout=0s)
2026-07-05 04:29:37 | INFO | my_functions.py:213 | 
⛔ Not found: shop_unselected.PNG after 0.0s region=(0, 0, 765, 1038) confidence=0.8
2026-07-05 04:29:37 | INFO | my_functions.py:247 | [DEBUG] Buscando en paralelo: ['super_premium.PNG'] | timeout=0s | confidence=0.8
2026-07-05 04:29:37 | INFO | my_functions.py:281 | [DEBUG] Click skipped, ninguna de las imágenes se encontró en el intento.
2026-07-05 04:29:38 | INFO | my_functions.py:247 | [DEBUG] Buscando en paralelo: ['maybe_later.PNG'] | timeout=0s | confidence=0.8
2026-07-05 04:29:39 | INFO | my_functions.py:281 | [DEBUG] Click skipped, ninguna de las imágenes se encontró en el intento.
2026-07-05 04:29:40 | INFO | my_functions.py:247 | [DEBUG] Buscando en paralelo: ['maybe_later2.PNG'] | timeout=0s | confidence=0.8
2026-07-05 04:29:41 | INFO | my_functions.py:281 | [DEBUG] Click skipped, ninguna de las imágenes se encontró en el intento.
2026-07-05 04:29:42 | INFO | my_functions.py:169 | Searching go_to_shop.PNG (timeout=0s)
2026-07-05 04:29:42 | INFO | my_functions.py:213 | 
⛔ Not found: go_to_shop.PNG after 0.0s region=(0, 0, 765, 1038) confidence=0.8
2026-07-05 04:29:42 | INFO | my_functions.py:247 | [DEBUG] Buscando en paralelo: ['14_days_of_winterverse.PNG'] | timeout=0s | confidence=0.8
2026-07-05 04:29:43 | INFO | my_functions.py:281 | [DEBUG] Click skipped, ninguna de las imágenes se encontró en el intento.
2026-07-05 04:29:44 | INFO | my_functions.py:169 | Searching welcome_back_calendar.PNG (timeout=0s)
2026-07-05 04:29:45 | INFO | my_functions.py:213 | 
⛔ Not found: welcome_back_calendar.PNG after 0.02s region=(0, 0, 765, 1038) confidence=0.8
2026-07-05 04:29:45 | INFO | my_functions.py:247 | [DEBUG] Buscando en paralelo: ['start_the_countdown.PNG'] | timeout=0s | confidence=0.8
2026-07-05 04:29:45 | INFO | my_functions.py:281 | [DEBUG] Click skipped, ninguna de las imágenes se encontró en el intento.
2026-07-05 04:29:46 | INFO | my_functions.py:247 | [DEBUG] Buscando en paralelo: ['event_has_ended_sanctum.PNG'] | timeout=0s | confidence=0.8
2026-07-05 04:29:47 | INFO | my_functions.py:281 | [DEBUG] Click skipped, ninguna de las imágenes se encontró en el intento.
2026-07-05 04:29:48 | INFO | my_functions.py:247 | [DEBUG] Buscando en paralelo: ['event_has_ended_teamclash.PNG'] | timeout=0s | confidence=0.8
2026-07-05 04:29:49 | INFO | my_functions.py:281 | [DEBUG] Click skipped, ninguna de las imágenes se encontró en el intento.
2026-07-05 04:29:50 | INFO | my_functions.py:247 | [DEBUG] Buscando en paralelo: ['image_part_of_event_grand_arena_finished.PNG'] | timeout=0s | confidence=0.8
2026-07-05 04:29:51 | INFO | my_functions.py:281 | [DEBUG] Click skipped, ninguna de las imágenes se encontró en el intento.
2026-07-05 04:29:52 | INFO | my_functions.py:169 | Searching 28_day_event_login_rewards.PNG (timeout=0s)
2026-07-05 04:29:54 | INFO | my_functions.py:213 | 
⛔ Not found: 28_day_event_login_rewards.PNG after 0.0s region=(0, 0, 765, 1038) confidence=0.8
2026-07-05 04:29:54 | INFO | my_functions.py:169 | Searching 7_day_event_login.PNG (timeout=0s)
2026-07-05 04:29:54 | INFO | my_functions.py:213 | 
⛔ Not found: 7_day_event_login.PNG after 0.0s region=(0, 0, 765, 1038) confidence=0.8
2026-07-05 04:29:54 | INFO | my_functions.py:169 | Searching 14_days_event.PNG (timeout=0s)
2026-07-05 04:29:55 | INFO | my_functions.py:213 | 
⛔ Not found: 14_days_event.PNG after 0.0s region=(0, 0, 765, 1038) confidence=0.8
2026-07-05 04:29:55 | INFO | my_functions.py:247 | [DEBUG] Buscando en paralelo: ['lets_go.PNG'] | timeout=0s | confidence=0.8
2026-07-05 04:29:55 | INFO | my_functions.py:281 | [DEBUG] Click skipped, ninguna de las imágenes se encontró en el intento.
2026-07-05 04:29:57 | INFO | my_functions.py:169 | Searching shop_unselected.PNG (timeout=0s)
2026-07-05 04:29:58 | INFO | my_functions.py:213 | 
⛔ Not found: shop_unselected.PNG after 0.0s region=(0, 0, 765, 1038) confidence=0.8
2026-07-05 04:29:58 | INFO | my_functions.py:247 | [DEBUG] Buscando en paralelo: ['super_premium.PNG'] | timeout=0s | confidence=0.8
2026-07-05 04:30:00 | INFO | my_functions.py:134 | Haciendo click en la posición (480, 777)
2026-07-05 04:30:00 | INFO | my_functions.py:269 | 🖱️ Click OK (En paralelo): super_premium.PNG at (480, 777) delay=1s
2026-07-05 04:30:01 | INFO | my_functions.py:142 | Presionando ESC (1/1)
2026-07-05 04:30:09 | INFO | my_functions.py:169 | Searching shop_unselected.PNG (timeout=0s)
2026-07-05 04:30:10 | INFO | my_functions.py:199 | 
✅ Found: shop_unselected.PNG pos=(88, 961) time=0.76s confidence=0.8
2026-07-05 04:30:10 | INFO | my_functions.py:714 | Ya esta listo
2026-07-05 04:30:15 | INFO | my_functions.py:533 | AVAILABLE: 5
2026-07-05 04:30:15 | INFO | my_functions.py:555 | Misiones completadas: 0
2026-07-05 04:30:15 | INFO | my_functions.py:169 | Searching play.PNG (timeout=0s)
2026-07-05 04:30:15 | INFO | my_functions.py:199 | 
✅ Found: play.PNG pos=(384, 825) time=0.66s confidence=0.8
2026-07-05 04:30:15 | INFO | my_functions.py:1440 | [INFO] Click realizado donde se equipa el deck a jugar
2026-07-05 04:30:19 | INFO | my_functions.py:247 | [DEBUG] Buscando en paralelo: ['deck_666666.png'] | timeout=3s | confidence=0.8
2026-07-05 04:30:21 | INFO | my_functions.py:134 | Haciendo click en la posición (235, 547)
2026-07-05 04:30:21 | INFO | my_functions.py:269 | 🖱️ Click OK (En paralelo): deck_666666.png at (235, 547) delay=1s
2026-07-05 04:30:23 | INFO | my_functions.py:247 | [DEBUG] Buscando en paralelo: ['equip.png'] | timeout=3s | confidence=0.95
2026-07-05 04:30:26 | INFO | my_functions.py:281 | [DEBUG] Click skipped, ninguna de las imágenes se encontró en el intento.
2026-07-05 04:30:28 | INFO | my_functions.py:142 | Presionando ESC (1/1)
2026-07-05 04:30:28 | INFO | each_eight_hours.py:134 | Deck selected: 6turns
2026-07-05 04:30:28 | INFO | my_functions.py:247 | [DEBUG] Buscando en paralelo: ['maybe_later.PNG'] | timeout=2s | confidence=0.8
2026-07-05 04:30:31 | INFO | my_functions.py:281 | [DEBUG] Click skipped, ninguna de las imágenes se encontró en el intento.
2026-07-05 04:30:32 | INFO | my_functions.py:247 | [DEBUG] Buscando en paralelo: ['maybe_later2.PNG'] | timeout=0.01s | confidence=0.8
2026-07-05 04:30:32 | INFO | my_functions.py:281 | [DEBUG] Click skipped, ninguna de las imágenes se encontró en el intento.
2026-07-05 04:30:33 | INFO | each_eight_hours.py:148 | Starting game loop 1
2026-07-05 04:30:33 | INFO | my_functions.py:247 | [DEBUG] Buscando en paralelo: ['play.PNG'] | timeout=20s | confidence=0.8
2026-07-05 04:30:37 | INFO | my_functions.py:134 | Haciendo click en la posición (384, 824)
2026-07-05 04:30:37 | INFO | my_functions.py:269 | 🖱️ Click OK (En paralelo): play.PNG at (384, 824) delay=3s
2026-07-05 04:30:59 | INFO | my_functions.py:199 | 
✅ Found: end_turn.PNG pos=(682, 945) time=0.72s confidence=0.8
2026-07-05 04:30:59 | INFO | my_functions.py:247 | [DEBUG] Buscando en paralelo: ['snap.PNG'] | timeout=0s | confidence=0.8
2026-07-05 04:31:01 | INFO | my_functions.py:134 | Haciendo click en la posición (386, 123)
2026-07-05 04:31:01 | INFO | my_functions.py:269 | 🖱️ Click OK (En paralelo): snap.PNG at (386, 123) delay=1s
2026-07-05 04:31:07 | INFO | my_functions.py:247 | [DEBUG] Buscando en paralelo: ['end_turn.PNG'] | timeout=0s | confidence=0.8
2026-07-05 04:31:09 | INFO | my_functions.py:134 | Haciendo click en la posición (682, 946)
2026-07-05 04:31:09 | INFO | my_functions.py:269 | 🖱️ Click OK (En paralelo): end_turn.PNG at (682, 946) delay=1s
2026-07-05 04:31:10 | INFO | each_eight_hours.py:165 | End turn executed
2026-07-05 04:31:28 | INFO | my_functions.py:199 | 
✅ Found: end_turn.PNG pos=(681, 945) time=0.71s confidence=0.8
2026-07-05 04:31:28 | INFO | my_functions.py:247 | [DEBUG] Buscando en paralelo: ['snap.PNG'] | timeout=0s | confidence=0.8
2026-07-05 04:31:29 | INFO | my_functions.py:281 | [DEBUG] Click skipped, ninguna de las imágenes se encontró en el intento.
2026-07-05 04:31:35 | INFO | my_functions.py:247 | [DEBUG] Buscando en paralelo: ['end_turn.PNG'] | timeout=0s | confidence=0.8
2026-07-05 04:31:37 | INFO | my_functions.py:134 | Haciendo click en la posición (682, 946)
2026-07-05 04:31:37 | INFO | my_functions.py:269 | 🖱️ Click OK (En paralelo): end_turn.PNG at (682, 946) delay=1s
2026-07-05 04:31:38 | INFO | each_eight_hours.py:165 | End turn executed
2026-07-05 04:31:55 | INFO | my_functions.py:199 | 
✅ Found: end_turn.PNG pos=(681, 945) time=0.73s confidence=0.8
2026-07-05 04:31:55 | INFO | my_functions.py:247 | [DEBUG] Buscando en paralelo: ['snap.PNG'] | timeout=0s | confidence=0.8
2026-07-05 04:31:56 | INFO | my_functions.py:281 | [DEBUG] Click skipped, ninguna de las imágenes se encontró en el intento.
2026-07-05 04:32:03 | INFO | my_functions.py:247 | [DEBUG] Buscando en paralelo: ['end_turn.PNG'] | timeout=0s | confidence=0.8
2026-07-05 04:32:04 | INFO | my_functions.py:134 | Haciendo click en la posición (682, 945)
2026-07-05 04:32:05 | INFO | my_functions.py:269 | 🖱️ Click OK (En paralelo): end_turn.PNG at (682, 945) delay=1s
2026-07-05 04:32:06 | INFO | each_eight_hours.py:165 | End turn executed
2026-07-05 04:32:21 | INFO | my_functions.py:199 | 
✅ Found: end_turn.PNG pos=(681, 945) time=0.76s confidence=0.8
2026-07-05 04:32:21 | INFO | my_functions.py:247 | [DEBUG] Buscando en paralelo: ['snap.PNG'] | timeout=0s | confidence=0.8
2026-07-05 04:32:22 | INFO | my_functions.py:281 | [DEBUG] Click skipped, ninguna de las imágenes se encontró en el intento.
2026-07-05 04:32:28 | INFO | my_functions.py:247 | [DEBUG] Buscando en paralelo: ['end_turn.PNG'] | timeout=0s | confidence=0.8
2026-07-05 04:32:30 | INFO | my_functions.py:134 | Haciendo click en la posición (682, 945)
2026-07-05 04:32:30 | INFO | my_functions.py:269 | 🖱️ Click OK (En paralelo): end_turn.PNG at (682, 945) delay=1s
2026-07-05 04:32:31 | INFO | each_eight_hours.py:165 | End turn executed
2026-07-05 04:32:49 | INFO | my_functions.py:199 | 
✅ Found: end_turn.PNG pos=(681, 945) time=0.72s confidence=0.8
2026-07-05 04:32:49 | INFO | my_functions.py:247 | [DEBUG] Buscando en paralelo: ['snap.PNG'] | timeout=0s | confidence=0.8
2026-07-05 04:32:50 | INFO | my_functions.py:281 | [DEBUG] Click skipped, ninguna de las imágenes se encontró en el intento.
2026-07-05 04:32:56 | INFO | my_functions.py:247 | [DEBUG] Buscando en paralelo: ['end_turn.PNG'] | timeout=0s | confidence=0.8
2026-07-05 04:32:58 | INFO | my_functions.py:134 | Haciendo click en la posición (682, 945)
2026-07-05 04:32:58 | INFO | my_functions.py:269 | 🖱️ Click OK (En paralelo): end_turn.PNG at (682, 945) delay=1s
2026-07-05 04:32:59 | INFO | each_eight_hours.py:165 | End turn executed
2026-07-05 04:33:17 | INFO | my_functions.py:199 | 
✅ Found: end_turn.PNG pos=(681, 945) time=0.73s confidence=0.8
2026-07-05 04:33:17 | INFO | my_functions.py:247 | [DEBUG] Buscando en paralelo: ['snap.PNG'] | timeout=0s | confidence=0.8
2026-07-05 04:33:18 | INFO | my_functions.py:281 | [DEBUG] Click skipped, ninguna de las imágenes se encontró en el intento.
2026-07-05 04:33:24 | INFO | my_functions.py:247 | [DEBUG] Buscando en paralelo: ['end_turn.PNG'] | timeout=0s | confidence=0.8
2026-07-05 04:33:26 | INFO | my_functions.py:134 | Haciendo click en la posición (682, 945)
2026-07-05 04:33:26 | INFO | my_functions.py:269 | 🖱️ Click OK (En paralelo): end_turn.PNG at (682, 945) delay=1s
2026-07-05 04:33:27 | INFO | each_eight_hours.py:165 | End turn executed
2026-07-05 04:33:57 | INFO | my_functions.py:199 | 
✅ Found: collect_rewards.PNG pos=(679, 957) time=1.23s confidence=0.8
2026-07-05 04:33:57 | INFO | each_eight_hours.py:204 | Rewards detected, exiting match
2026-07-05 04:33:57 | INFO | my_functions.py:247 | [DEBUG] Buscando en paralelo: ['collect_rewards.PNG'] | timeout=20s | confidence=0.8
2026-07-05 04:33:59 | INFO | my_functions.py:134 | Haciendo click en la posición (679, 957)
2026-07-05 04:33:59 | INFO | my_functions.py:269 | 🖱️ Click OK (En paralelo): collect_rewards.PNG at (679, 957) delay=1s
2026-07-05 04:34:00 | INFO | my_functions.py:247 | [DEBUG] Buscando en paralelo: ['next.PNG'] | timeout=20s | confidence=0.8
2026-07-05 04:34:06 | INFO | my_functions.py:134 | Haciendo click en la posición (677, 973)
2026-07-05 04:34:06 | INFO | my_functions.py:269 | 🖱️ Click OK (En paralelo): next.PNG at (677, 973) delay=1s
2026-07-05 04:34:09 | INFO | my_functions.py:533 | AVAILABLE: 5
2026-07-05 04:34:09 | INFO | each_eight_hours.py:271 | Submissions after match: 5
2026-07-05 04:34:09 | INFO | my_functions.py:555 | Misiones completadas: 1
2026-07-05 04:34:09 | INFO | each_eight_hours.py:279 | Submission condition met, breaking loop
2026-07-05 04:34:09 | INFO | my_functions.py:247 | [DEBUG] Buscando en paralelo: ['missionsNotify2.png'] | timeout=20s | confidence=0.8
2026-07-05 04:34:13 | INFO | my_functions.py:134 | Haciendo click en la posición (538, 124)
2026-07-05 04:34:13 | INFO | my_functions.py:269 | 🖱️ Click OK (En paralelo): missionsNotify2.png at (538, 124) delay=3s
2026-07-05 04:34:14 | INFO | my_functions.py:1470 | [INFO] Iniciando click_missions_blue2
2026-07-05 04:34:14 | INFO | my_functions.py:134 | Haciendo click en la posición (150, 132)
2026-07-05 04:34:16 | INFO | my_functions.py:1473 | [ACTION] Click hecho en icono de calendario que me dirige a las misiones ordinarias
2026-07-05 04:34:16 | INFO | my_functions.py:169 | Searching bonus_challenge.png (timeout=0s)
2026-07-05 04:34:16 | INFO | my_functions.py:213 | 
⛔ Not found: bonus_challenge.png after 0.0s region=(0, 0, 765, 1038) confidence=0.8
2026-07-05 04:34:18 | INFO | my_functions.py:134 | Haciendo click en la posición (362, 493)
2026-07-05 04:34:19 | INFO | my_functions.py:1486 | [ACTION] Click 1/1 en misión azul
2026-07-05 04:34:20 | INFO | my_functions.py:169 | Searching flechita_mission.PNG (timeout=0s)
2026-07-05 04:34:21 | INFO | my_functions.py:213 | 
⛔ Not found: flechita_mission.PNG after 0.0s region=(0, 0, 765, 1038) confidence=0.8
2026-07-05 04:34:21 | INFO | my_functions.py:247 | [DEBUG] Buscando en paralelo: ['weekly3.PNG'] | timeout=0s | confidence=0.8
2026-07-05 04:34:21 | INFO | my_functions.py:281 | [DEBUG] Click skipped, ninguna de las imágenes se encontró en el intento.
2026-07-05 04:34:22 | INFO | my_functions.py:247 | [DEBUG] Buscando en paralelo: ['weekly3.PNG'] | timeout=0s | confidence=0.8
2026-07-05 04:34:23 | INFO | my_functions.py:281 | [DEBUG] Click skipped, ninguna de las imágenes se encontró en el intento.
2026-07-05 04:34:24 | INFO | my_functions.py:134 | Haciendo click en la posición (557, 64)
2026-07-05 04:34:26 | INFO | my_functions.py:247 | [DEBUG] Buscando en paralelo: ['cards_shop.PNG'] | timeout=20s | confidence=0.8
2026-07-05 04:34:28 | INFO | my_functions.py:134 | Haciendo click en la posición (568, 121)
2026-07-05 04:34:28 | INFO | my_functions.py:269 | 🖱️ Click OK (En paralelo): cards_shop.PNG at (568, 121) delay=1s
2026-07-05 04:34:30 | INFO | my_functions.py:247 | [DEBUG] Buscando en paralelo: ['token_icon.PNG'] | timeout=20s | confidence=0.8
2026-07-05 04:34:33 | INFO | my_functions.py:134 | Haciendo click en la posición (571, 171)
2026-07-05 04:34:33 | INFO | my_functions.py:269 | 🖱️ Click OK (En paralelo): token_icon.PNG at (571, 171) delay=1s
2026-07-05 04:34:36 | INFO | my_functions.py:247 | [DEBUG] Buscando en paralelo: ['claim!_token_3.PNG'] | timeout=4s | confidence=0.8
2026-07-05 04:34:40 | INFO | my_functions.py:281 | [DEBUG] Click skipped, ninguna de las imágenes se encontró en el intento.
2026-07-05 04:34:42 | INFO | my_functions.py:247 | [DEBUG] Buscando en paralelo: ['cards_shop.PNG'] | timeout=20s | confidence=0.8
2026-07-05 04:34:43 | INFO | my_functions.py:134 | Haciendo click en la posición (568, 122)
2026-07-05 04:34:44 | INFO | my_functions.py:269 | 🖱️ Click OK (En paralelo): cards_shop.PNG at (568, 122) delay=1s
2026-07-05 04:34:45 | INFO | my_functions.py:247 | [DEBUG] Buscando en paralelo: ['offers.PNG'] | timeout=20s | confidence=0.8
2026-07-05 04:34:47 | INFO | my_functions.py:134 | Haciendo click en la posición (197, 121)
2026-07-05 04:34:47 | INFO | my_functions.py:269 | 🖱️ Click OK (En paralelo): offers.PNG at (197, 121) delay=1s
2026-07-05 04:34:48 | INFO | my_functions.py:1351 | [INFO] Iniciando mejora de cartas
2026-07-05 04:34:48 | INFO | my_functions.py:247 | [DEBUG] Buscando en paralelo: ['upgrade_cards_icon.PNG'] | timeout=3s | confidence=0.8
2026-07-05 04:34:50 | INFO | my_functions.py:134 | Haciendo click en la posición (322, 170)
2026-07-05 04:34:50 | INFO | my_functions.py:269 | 🖱️ Click OK (En paralelo): upgrade_cards_icon.PNG at (322, 170) delay=1s
2026-07-05 04:34:51 | INFO | my_functions.py:1358 | [INFO] Abriendo icono de upgrade_cards
2026-07-05 04:34:52 | INFO | my_functions.py:1365 | [STEP] Mejorando carta 1
2026-07-05 04:34:52 | INFO | my_functions.py:1369 | [ACTION] Click en carta 1
2026-07-05 04:34:53 | INFO | my_functions.py:1374 | [ACTION] Click en botón upgrade
2026-07-05 04:35:00 | INFO | my_functions.py:169 | Searching aw_snap.png (timeout=3s)
2026-07-05 04:35:04 | INFO | my_functions.py:213 | 
⛔ Not found: aw_snap.png after 3.2s region=(0, 0, 765, 1038) confidence=0.8
2026-07-05 04:35:04 | INFO | my_functions.py:247 | [DEBUG] Buscando en paralelo: ['you_need_more_credits!.png'] | timeout=3s | confidence=0.8
2026-07-05 04:35:07 | INFO | my_functions.py:281 | [DEBUG] Click skipped, ninguna de las imágenes se encontró en el intento.
2026-07-05 04:35:13 | INFO | my_functions.py:1407 | [ACTION] Click para continuar a stage de nivel de coleccion
2026-07-05 04:35:18 | INFO | my_functions.py:142 | Presionando ESC (1/1)
2026-07-05 04:35:19 | INFO | my_functions.py:1415 | [ACTION] Saliendo de stage nivel de coleccion con ESC
2026-07-05 04:35:20 | INFO | my_functions.py:247 | [DEBUG] Buscando en paralelo: ['upgrade_cards_icon_selected.PNG'] | timeout=0s | confidence=0.8
2026-07-05 04:35:22 | INFO | my_functions.py:134 | Haciendo click en la posición (320, 173)
2026-07-05 04:35:22 | INFO | my_functions.py:269 | 🖱️ Click OK (En paralelo): upgrade_cards_icon_selected.PNG at (320, 173) delay=1s
2026-07-05 04:35:23 | INFO | my_functions.py:1427 | [INFO] Reabriendo icono de upgrade_cards
2026-07-05 04:35:24 | INFO | my_functions.py:1365 | [STEP] Mejorando carta 2
2026-07-05 04:35:24 | INFO | my_functions.py:1369 | [ACTION] Click en carta 2
2026-07-05 04:35:25 | INFO | my_functions.py:1374 | [ACTION] Click en botón upgrade
2026-07-05 04:35:33 | INFO | my_functions.py:169 | Searching aw_snap.png (timeout=3s)
2026-07-05 04:35:36 | INFO | my_functions.py:213 | 
⛔ Not found: aw_snap.png after 3.2s region=(0, 0, 765, 1038) confidence=0.8
2026-07-05 04:35:36 | INFO | my_functions.py:247 | [DEBUG] Buscando en paralelo: ['you_need_more_credits!.png'] | timeout=3s | confidence=0.8
2026-07-05 04:35:38 | INFO | my_functions.py:134 | Haciendo click en la posición (381, 345)
2026-07-05 04:35:38 | INFO | my_functions.py:269 | 🖱️ Click OK (En paralelo): you_need_more_credits!.png at (381, 345) delay=1s
2026-07-05 04:35:39 | INFO | my_functions.py:142 | Presionando ESC (1/2)
2026-07-05 04:35:40 | INFO | my_functions.py:142 | Presionando ESC (2/2)
2026-07-05 04:35:42 | INFO | my_functions.py:1433 | [INFO] Mejora de cartas completada ✅
2026-07-05 04:35:42 | INFO | my_functions.py:142 | Presionando ESC (1/1)
2026-07-05 04:35:43 | INFO | my_functions.py:247 | [DEBUG] Buscando en paralelo: ['white_x.png'] | timeout=2s | confidence=0.8
2026-07-05 04:35:46 | INFO | my_functions.py:281 | [DEBUG] Click skipped, ninguna de las imágenes se encontró en el intento.
2026-07-05 04:35:47 | INFO | each_eight_hours.py:46 | [04:35:47.494] [DEBUG] === INICIANDO FUNCIÓN collect_cl_rewards ===
2026-07-05 04:35:47 | INFO | each_eight_hours.py:46 | [04:35:47.504] [DEBUG] Haciendo click inicial en (387, 166)...
2026-07-05 04:35:47 | INFO | my_functions.py:134 | Haciendo click en la posición (387, 166)
2026-07-05 04:35:53 | INFO | each_eight_hours.py:46 | [04:35:53.972] [DEBUG] Se omitió el cambio de tamaño de ventanas (resize=False)
2026-07-05 04:35:54 | INFO | each_eight_hours.py:46 | [04:35:54.000] [DEBUG] Recompensas iniciales detectadas por la API: 1
2026-07-05 04:35:54 | INFO | each_eight_hours.py:46 | [04:35:54.002] [DEBUG] --------------------------------------------------
2026-07-05 04:35:54 | INFO | each_eight_hours.py:46 | [04:35:54.003] [DEBUG] Inicio de iteración. Recompensas restantes: 1
2026-07-05 04:35:54 | INFO | each_eight_hours.py:46 | [04:35:54.005] [DEBUG] Intentando hacer click en: (260, 580)
2026-07-05 04:35:55 | INFO | my_functions.py:169 | Searching claim!.PNG (timeout=3s)
2026-07-05 04:35:58 | INFO | my_functions.py:213 | 
⛔ Not found: claim!.PNG after 3.01s region=(0, 0, 765, 1038) confidence=0.8
2026-07-05 04:35:58 | INFO | each_eight_hours.py:46 | [04:35:58.968] [DEBUG] No se detectó 'Claim'. Buscando 'check.png' en región (228, 547, 65, 55)...
2026-07-05 04:35:58 | INFO | my_functions.py:169 | Searching check.png (timeout=1s)
2026-07-05 04:36:00 | INFO | my_functions.py:213 | 
⛔ Not found: check.png after 1.07s region=(228, 547, 65, 55) confidence=0.8
2026-07-05 04:36:00 | INFO | each_eight_hours.py:46 | [04:36:00.152] [DEBUG] -> [CORRECCIÓN] Primer click fallido. Cambiando de lado a X = 470
2026-07-05 04:36:00 | INFO | each_eight_hours.py:46 | [04:36:00.158] [DEBUG] --------------------------------------------------
2026-07-05 04:36:00 | INFO | each_eight_hours.py:46 | [04:36:00.166] [DEBUG] Inicio de iteración. Recompensas restantes: 1
2026-07-05 04:36:00 | INFO | each_eight_hours.py:46 | [04:36:00.172] [DEBUG] Intentando hacer click en: (470, 580)
2026-07-05 04:36:01 | INFO | my_functions.py:169 | Searching claim!.PNG (timeout=3s)
2026-07-05 04:36:02 | INFO | my_functions.py:199 | 
✅ Found: claim!.PNG pos=(381, 924) time=0.76s confidence=0.8
2026-07-05 04:36:02 | INFO | each_eight_hours.py:46 | [04:36:02.137] [DEBUG] -> ¡ÉXITO! Botón 'Claim' detectado.
2026-07-05 04:36:02 | INFO | my_functions.py:169 | Searching set.png (timeout=0s)
2026-07-05 04:36:02 | INFO | my_functions.py:213 | 
⛔ Not found: set.png after 0.0s region=(0, 0, 765, 1038) confidence=0.8
2026-07-05 04:36:03 | INFO | my_functions.py:247 | [DEBUG] Buscando en paralelo: ['claim!.PNG'] | timeout=0s | confidence=0.8
2026-07-05 04:36:04 | INFO | my_functions.py:134 | Haciendo click en la posición (381, 924)
2026-07-05 04:36:04 | INFO | my_functions.py:269 | 🖱️ Click OK (En paralelo): claim!.PNG at (381, 924) delay=1s
2026-07-05 04:36:06 | INFO | each_eight_hours.py:46 | [04:36:06.051] [DEBUG] Moviendo el mouse a la posición de scroll (350, 580)...
2026-07-05 04:36:07 | INFO | each_eight_hours.py:46 | [04:36:07.631] [DEBUG] Alternancia de coordenada X: Cambió de 470 a 260
2026-07-05 04:36:07 | INFO | each_eight_hours.py:46 | Finished collecting rewards
2026-07-05 04:36:08 | INFO | my_functions.py:142 | Presionando ESC (1/1)
2026-07-05 04:36:09 | INFO | my_functions.py:247 | [DEBUG] Buscando en paralelo: ['nut.png'] | timeout=20s | confidence=0.8
2026-07-05 04:36:11 | INFO | my_functions.py:134 | Haciendo click en la posición (184, 78)
2026-07-05 04:36:11 | INFO | my_functions.py:269 | 🖱️ Click OK (En paralelo): nut.png at (184, 78) delay=1s
2026-07-05 04:36:12 | INFO | my_functions.py:247 | [DEBUG] Buscando en paralelo: ['graphics_quality.png'] | timeout=3s | confidence=0.8
2026-07-05 04:36:13 | INFO | my_functions.py:134 | Haciendo click en la posición (304, 644)
2026-07-05 04:36:14 | INFO | my_functions.py:269 | 🖱️ Click OK (En paralelo): graphics_quality.png at (304, 644) delay=1s
2026-07-05 04:36:16 | INFO | my_functions.py:247 | [DEBUG] Buscando en paralelo: ['sign_out.png'] | timeout=20s | confidence=0.8
2026-07-05 04:36:17 | INFO | my_functions.py:134 | Haciendo click en la posición (380, 796)
2026-07-05 04:36:18 | INFO | my_functions.py:269 | 🖱️ Click OK (En paralelo): sign_out.png at (380, 796) delay=1s
2026-07-05 04:36:20 | INFO | my_functions.py:247 | [DEBUG] Buscando en paralelo: ['sign_out_grande.png'] | timeout=20s | confidence=0.8
2026-07-05 04:36:21 | INFO | my_functions.py:134 | Haciendo click en la posición (359, 437)
2026-07-05 04:36:22 | INFO | my_functions.py:269 | 🖱️ Click OK (En paralelo): sign_out_grande.png at (359, 437) delay=1s
2026-07-05 04:36:23 | INFO | my_functions.py:247 | [DEBUG] Buscando en paralelo: ['sign_out2.png'] | timeout=20s | confidence=0.8
2026-07-05 04:36:24 | INFO | my_functions.py:134 | Haciendo click en la posición (383, 634)
2026-07-05 04:36:24 | INFO | my_functions.py:269 | 🖱️ Click OK (En paralelo): sign_out2.png at (383, 634) delay=1s
2026-07-05 04:36:26 | INFO | my_functions.py:1545 | ⏱ Esperando 0.1 segundos antes de empezar...
2026-07-05 04:36:26 | INFO | my_functions.py:1552 | 🔍 Esperando ventana que contenga alguna de: SNAP (máx 20s)
2026-07-05 04:36:26 | INFO | my_functions.py:1564 | ✅ Ventana encontrada: 'SNAP'
2026-07-05 04:36:26 | INFO | my_functions.py:1579 | ✅ Ventana seleccionada: 'SNAP'
2026-07-05 04:36:28 | INFO | my_functions.py:1602 | 🔁 Reajuste #1...
2026-07-05 04:36:30 | INFO | my_functions.py:1609 | ✔ Verificación completa. Se hicieron 1 reajustes.
2026-07-05 04:36:34 | INFO | each_eight_hours.py:113 | Processing account: william
2026-07-05 04:36:34 | INFO | my_functions.py:1545 | ⏱ Esperando 0.1 segundos antes de empezar...
2026-07-05 04:36:34 | INFO | my_functions.py:1552 | 🔍 Esperando ventana que contenga alguna de: ['SNAP'] (máx 20s)
2026-07-05 04:36:37 | INFO | my_functions.py:1564 | ✅ Ventana encontrada: 'SNAP'
2026-07-05 04:36:37 | INFO | my_functions.py:1579 | ✅ Ventana seleccionada: 'SNAP'
2026-07-05 04:36:39 | INFO | my_functions.py:1611 | ✔ Verificación completa. No hubo cambios después del primer ajuste.
2026-07-05 04:36:39 | INFO | my_functions.py:1206 | [DEBUG] Resizing SNAP window...
2026-07-05 04:36:39 | INFO | my_functions.py:1545 | ⏱ Esperando 0.1 segundos antes de empezar...
2026-07-05 04:36:39 | INFO | my_functions.py:1552 | 🔍 Esperando ventana que contenga alguna de: ['SNAP'] (máx 20s)
2026-07-05 04:36:39 | INFO | my_functions.py:1564 | ✅ Ventana encontrada: 'SNAP'
2026-07-05 04:36:39 | INFO | my_functions.py:1579 | ✅ Ventana seleccionada: 'SNAP'
2026-07-05 04:36:46 | INFO | my_functions.py:1611 | ✔ Verificación completa. No hubo cambios después del primer ajuste.
2026-07-05 04:36:46 | INFO | my_functions.py:247 | [DEBUG] Buscando en paralelo: ['small_submit.PNG', 'small_submit_hover.png', 'submit_hover_2.png', 'small_submit_hover_2.png'] | timeout=90s | confidence=0.8
2026-07-05 04:36:48 | INFO | my_functions.py:134 | Haciendo click en la posición (380, 642)
2026-07-05 04:36:48 | INFO | my_functions.py:269 | 🖱️ Click OK (En paralelo): small_submit.PNG at (380, 642) delay=0.2s
2026-07-05 04:36:51 | INFO | my_functions.py:247 | [DEBUG] Buscando en paralelo: ['small_submit.PNG', 'small_submit_hover.png', 'submit_hover_2.png', 'small_submit_hover_2.png'] | timeout=20s | confidence=0.8
2026-07-05 04:36:53 | INFO | my_functions.py:134 | Haciendo click en la posición (380, 721)
2026-07-05 04:36:53 | INFO | my_functions.py:269 | 🖱️ Click OK (En paralelo): small_submit.PNG at (380, 721) delay=0.2s
2026-07-05 04:36:54 | INFO | my_functions.py:1545 | ⏱ Esperando 0.1 segundos antes de empezar...
2026-07-05 04:36:54 | INFO | my_functions.py:1552 | 🔍 Esperando ventana que contenga alguna de: ['SNAP'] (máx 20s)
2026-07-05 04:36:54 | INFO | my_functions.py:1564 | ✅ Ventana encontrada: 'SNAP'
2026-07-05 04:36:54 | INFO | my_functions.py:1579 | ✅ Ventana seleccionada: 'SNAP'
2026-07-05 04:36:56 | INFO | my_functions.py:1602 | 🔁 Reajuste #1...
2026-07-05 04:36:57 | INFO | my_functions.py:1609 | ✔ Verificación completa. Se hicieron 1 reajustes.
2026-07-05 04:36:57 | INFO | my_functions.py:169 | Searching please_sign.png (timeout=0s)
2026-07-05 04:36:58 | INFO | my_functions.py:199 | 
✅ Found: please_sign.png pos=(383, 438) time=0.49s confidence=0.8
2026-07-05 04:36:58 | INFO | my_functions.py:247 | [DEBUG] Buscando en paralelo: ['ok_btn.png'] | timeout=20s | confidence=0.8
2026-07-05 04:37:00 | INFO | my_functions.py:134 | Haciendo click en la posición (382, 634)
2026-07-05 04:37:00 | INFO | my_functions.py:269 | 🖱️ Click OK (En paralelo): ok_btn.png at (382, 634) delay=1s
2026-07-05 04:37:01 | INFO | my_functions.py:247 | [DEBUG] Buscando en paralelo: ['small_submit.PNG', 'small_submit_hover.png', 'submit_hover_2.png', 'small_submit_hover_2.png'] | timeout=30s | confidence=0.8
2026-07-05 04:37:04 | INFO | my_functions.py:134 | Haciendo click en la posición (383, 643)
2026-07-05 04:37:04 | INFO | my_functions.py:269 | 🖱️ Click OK (En paralelo): small_submit_hover_2.png at (383, 643) delay=0.2s
2026-07-05 04:37:05 | INFO | my_functions.py:247 | [DEBUG] Buscando en paralelo: ['small_submit.PNG', 'small_submit_hover.png', 'submit_hover_2.png', 'small_submit_hover_2.png'] | timeout=20s | confidence=0.8
2026-07-05 04:37:07 | INFO | my_functions.py:134 | Haciendo click en la posición (380, 721)
2026-07-05 04:37:07 | INFO | my_functions.py:269 | 🖱️ Click OK (En paralelo): small_submit.PNG at (380, 721) delay=0.2s
2026-07-05 04:37:08 | INFO | my_functions.py:247 | [DEBUG] Buscando en paralelo: ['sign_in_with_google2.PNG'] | timeout=20s | confidence=0.8
2026-07-05 04:37:10 | INFO | my_functions.py:134 | Haciendo click en la posición (406, 957)
2026-07-05 04:37:10 | INFO | my_functions.py:269 | 🖱️ Click OK (En paralelo): sign_in_with_google2.PNG at (406, 957) delay=1s
2026-07-05 04:37:11 | INFO | my_functions.py:169 | Searching pagina_cargada.png (timeout=60s)
2026-07-05 04:37:17 | INFO | my_functions.py:199 | 
✅ Found: pagina_cargada.png pos=(70, 24) time=6.38s confidence=0.8
2026-07-05 04:37:19 | INFO | my_functions.py:247 | [DEBUG] Buscando en paralelo: ['william.png'] | timeout=0s | confidence=0.8
2026-07-05 04:37:20 | INFO | my_functions.py:281 | [DEBUG] Click skipped, ninguna de las imágenes se encontró en el intento.
2026-07-05 04:37:22 | INFO | my_functions.py:247 | [DEBUG] Buscando en paralelo: ['william.png'] | timeout=0s | confidence=0.8
2026-07-05 04:37:26 | INFO | my_functions.py:134 | Haciendo click en la posición (1150, 469)
2026-07-05 04:37:26 | INFO | my_functions.py:269 | 🖱️ Click OK (En paralelo): william.png at (1150, 469) delay=3s
2026-07-05 04:37:29 | INFO | my_functions.py:169 | Searching marvelsnap_web.png (timeout=30s)
2026-07-05 04:37:32 | INFO | my_functions.py:199 | 
✅ Found: marvelsnap_web.png pos=(258, 80) time=3.58s confidence=0.7
2026-07-05 04:37:32 | INFO | my_functions.py:169 | Searching shop_unselected.PNG (timeout=0s)
2026-07-05 04:37:33 | INFO | my_functions.py:213 | 
⛔ Not found: shop_unselected.PNG after 0.0s region=(0, 0, 765, 1038) confidence=0.8
2026-07-05 04:37:33 | INFO | my_functions.py:247 | [DEBUG] Buscando en paralelo: ['super_premium.PNG'] | timeout=0s | confidence=0.8
2026-07-05 04:37:34 | INFO | my_functions.py:281 | [DEBUG] Click skipped, ninguna de las imágenes se encontró en el intento.
2026-07-05 04:37:35 | INFO | my_functions.py:247 | [DEBUG] Buscando en paralelo: ['maybe_later.PNG'] | timeout=0s | confidence=0.8
2026-07-05 04:37:36 | INFO | my_functions.py:281 | [DEBUG] Click skipped, ninguna de las imágenes se encontró en el intento.
2026-07-05 04:37:37 | INFO | my_functions.py:247 | [DEBUG] Buscando en paralelo: ['maybe_later2.PNG'] | timeout=0s | confidence=0.8
2026-07-05 04:37:37 | INFO | my_functions.py:281 | [DEBUG] Click skipped, ninguna de las imágenes se encontró en el intento.
2026-07-05 04:37:38 | INFO | my_functions.py:169 | Searching go_to_shop.PNG (timeout=0s)
2026-07-05 04:37:39 | INFO | my_functions.py:213 | 
⛔ Not found: go_to_shop.PNG after 0.0s region=(0, 0, 765, 1038) confidence=0.8
2026-07-05 04:37:39 | INFO | my_functions.py:247 | [DEBUG] Buscando en paralelo: ['14_days_of_winterverse.PNG'] | timeout=0s | confidence=0.8
2026-07-05 04:37:40 | INFO | my_functions.py:281 | [DEBUG] Click skipped, ninguna de las imágenes se encontró en el intento.
2026-07-05 04:37:41 | INFO | my_functions.py:169 | Searching welcome_back_calendar.PNG (timeout=0s)
2026-07-05 04:37:41 | INFO | my_functions.py:213 | 
⛔ Not found: welcome_back_calendar.PNG after 0.0s region=(0, 0, 765, 1038) confidence=0.8
2026-07-05 04:37:41 | INFO | my_functions.py:247 | [DEBUG] Buscando en paralelo: ['start_the_countdown.PNG'] | timeout=0s | confidence=0.8
2026-07-05 04:37:42 | INFO | my_functions.py:281 | [DEBUG] Click skipped, ninguna de las imágenes se encontró en el intento.
2026-07-05 04:37:43 | INFO | my_functions.py:247 | [DEBUG] Buscando en paralelo: ['event_has_ended_sanctum.PNG'] | timeout=0s | confidence=0.8
2026-07-05 04:37:43 | INFO | my_functions.py:281 | [DEBUG] Click skipped, ninguna de las imágenes se encontró en el intento.
2026-07-05 04:37:44 | INFO | my_functions.py:247 | [DEBUG] Buscando en paralelo: ['event_has_ended_teamclash.PNG'] | timeout=0s | confidence=0.8
2026-07-05 04:37:45 | INFO | my_functions.py:281 | [DEBUG] Click skipped, ninguna de las imágenes se encontró en el intento.
2026-07-05 04:37:46 | INFO | my_functions.py:247 | [DEBUG] Buscando en paralelo: ['image_part_of_event_grand_arena_finished.PNG'] | timeout=0s | confidence=0.8
2026-07-05 04:37:47 | INFO | my_functions.py:281 | [DEBUG] Click skipped, ninguna de las imágenes se encontró en el intento.
2026-07-05 04:37:48 | INFO | my_functions.py:169 | Searching 28_day_event_login_rewards.PNG (timeout=0s)
2026-07-05 04:37:48 | INFO | my_functions.py:213 | 
⛔ Not found: 28_day_event_login_rewards.PNG after 0.0s region=(0, 0, 765, 1038) confidence=0.8
2026-07-05 04:37:48 | INFO | my_functions.py:169 | Searching 7_day_event_login.PNG (timeout=0s)
2026-07-05 04:37:49 | INFO | my_functions.py:213 | 
⛔ Not found: 7_day_event_login.PNG after 0.0s region=(0, 0, 765, 1038) confidence=0.8
2026-07-05 04:37:49 | INFO | my_functions.py:169 | Searching 14_days_event.PNG (timeout=0s)
2026-07-05 04:37:49 | INFO | my_functions.py:213 | 
⛔ Not found: 14_days_event.PNG after 0.0s region=(0, 0, 765, 1038) confidence=0.8
2026-07-05 04:37:49 | INFO | my_functions.py:247 | [DEBUG] Buscando en paralelo: ['lets_go.PNG'] | timeout=0s | confidence=0.8
2026-07-05 04:37:50 | INFO | my_functions.py:281 | [DEBUG] Click skipped, ninguna de las imágenes se encontró en el intento.
2026-07-05 04:37:52 | INFO | my_functions.py:169 | Searching shop_unselected.PNG (timeout=0s)
2026-07-05 04:37:53 | INFO | my_functions.py:213 | 
⛔ Not found: shop_unselected.PNG after 0.0s region=(0, 0, 765, 1038) confidence=0.8
2026-07-05 04:37:53 | INFO | my_functions.py:247 | [DEBUG] Buscando en paralelo: ['super_premium.PNG'] | timeout=0s | confidence=0.8
2026-07-05 04:37:54 | INFO | my_functions.py:134 | Haciendo click en la posición (480, 777)
2026-07-05 04:37:54 | INFO | my_functions.py:269 | 🖱️ Click OK (En paralelo): super_premium.PNG at (480, 777) delay=1s
2026-07-05 04:37:56 | INFO | my_functions.py:142 | Presionando ESC (1/1)
2026-07-05 04:38:04 | INFO | my_functions.py:169 | Searching shop_unselected.PNG (timeout=0s)
2026-07-05 04:38:05 | INFO | my_functions.py:199 | 
✅ Found: shop_unselected.PNG pos=(88, 961) time=0.73s confidence=0.8
2026-07-05 04:38:05 | INFO | my_functions.py:714 | Ya esta listo
2026-07-05 04:38:09 | INFO | my_functions.py:533 | AVAILABLE: 5
2026-07-05 04:38:09 | INFO | my_functions.py:555 | Misiones completadas: 0
2026-07-05 04:38:09 | INFO | my_functions.py:169 | Searching play.PNG (timeout=0s)
2026-07-05 04:38:10 | INFO | my_functions.py:199 | 
✅ Found: play.PNG pos=(384, 825) time=0.64s confidence=0.8
2026-07-05 04:38:10 | INFO | my_functions.py:1440 | [INFO] Click realizado donde se equipa el deck a jugar
2026-07-05 04:38:14 | INFO | my_functions.py:247 | [DEBUG] Buscando en paralelo: ['deck_666666.png'] | timeout=3s | confidence=0.8
2026-07-05 04:38:16 | INFO | my_functions.py:134 | Haciendo click en la posición (235, 546)
2026-07-05 04:38:16 | INFO | my_functions.py:269 | 🖱️ Click OK (En paralelo): deck_666666.png at (235, 546) delay=1s
2026-07-05 04:38:17 | INFO | my_functions.py:247 | [DEBUG] Buscando en paralelo: ['equip.png'] | timeout=3s | confidence=0.95
2026-07-05 04:38:19 | INFO | my_functions.py:134 | Haciendo click en la posición (548, 983)
2026-07-05 04:38:19 | INFO | my_functions.py:269 | 🖱️ Click OK (En paralelo): equip.png at (548, 983) delay=1s
2026-07-05 04:38:20 | INFO | each_eight_hours.py:134 | Deck selected: 6turns
2026-07-05 04:38:20 | INFO | my_functions.py:247 | [DEBUG] Buscando en paralelo: ['maybe_later.PNG'] | timeout=2s | confidence=0.8
2026-07-05 04:38:23 | INFO | my_functions.py:281 | [DEBUG] Click skipped, ninguna de las imágenes se encontró en el intento.
2026-07-05 04:38:24 | INFO | my_functions.py:247 | [DEBUG] Buscando en paralelo: ['maybe_later2.PNG'] | timeout=0.01s | confidence=0.8
2026-07-05 04:38:24 | INFO | my_functions.py:281 | [DEBUG] Click skipped, ninguna de las imágenes se encontró en el intento.
2026-07-05 04:38:25 | INFO | each_eight_hours.py:148 | Starting game loop 1
2026-07-05 04:38:25 | INFO | my_functions.py:247 | [DEBUG] Buscando en paralelo: ['play.PNG'] | timeout=20s | confidence=0.8
2026-07-05 04:38:29 | INFO | my_functions.py:134 | Haciendo click en la posición (384, 824)
2026-07-05 04:38:29 | INFO | my_functions.py:269 | 🖱️ Click OK (En paralelo): play.PNG at (384, 824) delay=3s
2026-07-05 04:38:49 | INFO | my_functions.py:199 | 
✅ Found: end_turn.PNG pos=(681, 945) time=0.68s confidence=0.8
2026-07-05 04:38:49 | INFO | my_functions.py:247 | [DEBUG] Buscando en paralelo: ['snap.PNG'] | timeout=0s | confidence=0.8
2026-07-05 04:38:51 | INFO | my_functions.py:134 | Haciendo click en la posición (386, 123)
2026-07-05 04:38:51 | INFO | my_functions.py:269 | 🖱️ Click OK (En paralelo): snap.PNG at (386, 123) delay=1s
2026-07-05 04:38:57 | INFO | my_functions.py:247 | [DEBUG] Buscando en paralelo: ['end_turn.PNG'] | timeout=0s | confidence=0.8
2026-07-05 04:38:59 | INFO | my_functions.py:134 | Haciendo click en la posición (682, 946)
2026-07-05 04:38:59 | INFO | my_functions.py:269 | 🖱️ Click OK (En paralelo): end_turn.PNG at (682, 946) delay=1s
2026-07-05 04:39:00 | INFO | each_eight_hours.py:165 | End turn executed
2026-07-05 04:39:17 | INFO | my_functions.py:199 | 
✅ Found: end_turn.PNG pos=(682, 945) time=0.66s confidence=0.8
2026-07-05 04:39:17 | INFO | my_functions.py:247 | [DEBUG] Buscando en paralelo: ['snap.PNG'] | timeout=0s | confidence=0.8
2026-07-05 04:39:18 | INFO | my_functions.py:281 | [DEBUG] Click skipped, ninguna de las imágenes se encontró en el intento.
2026-07-05 04:39:24 | INFO | my_functions.py:247 | [DEBUG] Buscando en paralelo: ['end_turn.PNG'] | timeout=0s | confidence=0.8
2026-07-05 04:39:25 | INFO | my_functions.py:281 | [DEBUG] Click skipped, ninguna de las imágenes se encontró en el intento.
2026-07-05 04:39:29 | INFO | my_functions.py:199 | 
✅ Found: end_turn.PNG pos=(682, 946) time=0.7s confidence=0.8
2026-07-05 04:39:29 | INFO | my_functions.py:247 | [DEBUG] Buscando en paralelo: ['snap.PNG'] | timeout=0s | confidence=0.8
2026-07-05 04:39:30 | INFO | my_functions.py:281 | [DEBUG] Click skipped, ninguna de las imágenes se encontró en el intento.
2026-07-05 04:39:36 | INFO | my_functions.py:247 | [DEBUG] Buscando en paralelo: ['end_turn.PNG'] | timeout=0s | confidence=0.8
2026-07-05 04:39:38 | INFO | my_functions.py:134 | Haciendo click en la posición (682, 946)
2026-07-05 04:39:38 | INFO | my_functions.py:269 | 🖱️ Click OK (En paralelo): end_turn.PNG at (682, 946) delay=1s
2026-07-05 04:39:39 | INFO | each_eight_hours.py:165 | End turn executed
2026-07-05 04:39:50 | INFO | my_functions.py:199 | 
✅ Found: end_turn.PNG pos=(681, 945) time=0.74s confidence=0.8
2026-07-05 04:39:50 | INFO | my_functions.py:247 | [DEBUG] Buscando en paralelo: ['snap.PNG'] | timeout=0s | confidence=0.8
2026-07-05 04:39:51 | INFO | my_functions.py:281 | [DEBUG] Click skipped, ninguna de las imágenes se encontró en el intento.
2026-07-05 04:39:57 | INFO | my_functions.py:247 | [DEBUG] Buscando en paralelo: ['end_turn.PNG'] | timeout=0s | confidence=0.8
2026-07-05 04:39:59 | INFO | my_functions.py:134 | Haciendo click en la posición (682, 945)
2026-07-05 04:39:59 | INFO | my_functions.py:269 | 🖱️ Click OK (En paralelo): end_turn.PNG at (682, 945) delay=1s
2026-07-05 04:40:00 | INFO | each_eight_hours.py:165 | End turn executed
2026-07-05 04:40:07 | INFO | my_functions.py:199 | 
✅ Found: end_turn.PNG pos=(681, 945) time=0.68s confidence=0.8
2026-07-05 04:40:07 | INFO | my_functions.py:247 | [DEBUG] Buscando en paralelo: ['snap.PNG'] | timeout=0s | confidence=0.8
2026-07-05 04:40:08 | INFO | my_functions.py:281 | [DEBUG] Click skipped, ninguna de las imágenes se encontró en el intento.
2026-07-05 04:40:14 | INFO | my_functions.py:247 | [DEBUG] Buscando en paralelo: ['end_turn.PNG'] | timeout=0s | confidence=0.8
2026-07-05 04:40:16 | INFO | my_functions.py:134 | Haciendo click en la posición (682, 945)
2026-07-05 04:40:16 | INFO | my_functions.py:269 | 🖱️ Click OK (En paralelo): end_turn.PNG at (682, 945) delay=1s
2026-07-05 04:40:17 | INFO | each_eight_hours.py:165 | End turn executed
2026-07-05 04:40:27 | INFO | my_functions.py:199 | 
✅ Found: end_turn.PNG pos=(681, 945) time=0.66s confidence=0.8
2026-07-05 04:40:27 | INFO | my_functions.py:247 | [DEBUG] Buscando en paralelo: ['snap.PNG'] | timeout=0s | confidence=0.8
2026-07-05 04:40:28 | INFO | my_functions.py:281 | [DEBUG] Click skipped, ninguna de las imágenes se encontró en el intento.
2026-07-05 04:40:34 | INFO | my_functions.py:247 | [DEBUG] Buscando en paralelo: ['end_turn.PNG'] | timeout=0s | confidence=0.8
2026-07-05 04:40:36 | INFO | my_functions.py:134 | Haciendo click en la posición (682, 945)
2026-07-05 04:40:36 | INFO | my_functions.py:269 | 🖱️ Click OK (En paralelo): end_turn.PNG at (682, 945) delay=1s
2026-07-05 04:40:37 | INFO | each_eight_hours.py:165 | End turn executed
2026-07-05 04:40:58 | INFO | my_functions.py:199 | 
✅ Found: end_turn.PNG pos=(681, 945) time=0.66s confidence=0.8
2026-07-05 04:40:58 | INFO | my_functions.py:247 | [DEBUG] Buscando en paralelo: ['snap.PNG'] | timeout=0s | confidence=0.8
2026-07-05 04:40:59 | INFO | my_functions.py:281 | [DEBUG] Click skipped, ninguna de las imágenes se encontró en el intento.
2026-07-05 04:41:05 | INFO | my_functions.py:247 | [DEBUG] Buscando en paralelo: ['end_turn.PNG'] | timeout=0s | confidence=0.8
2026-07-05 04:41:06 | INFO | my_functions.py:134 | Haciendo click en la posición (681, 945)
2026-07-05 04:41:06 | INFO | my_functions.py:269 | 🖱️ Click OK (En paralelo): end_turn.PNG at (681, 945) delay=1s
2026-07-05 04:41:08 | INFO | each_eight_hours.py:165 | End turn executed
2026-07-05 04:41:14 | INFO | my_functions.py:199 | 
✅ Found: collect_rewards.PNG pos=(680, 961) time=0.81s confidence=0.8
2026-07-05 04:41:14 | INFO | each_eight_hours.py:204 | Rewards detected, exiting match
2026-07-05 04:41:14 | INFO | my_functions.py:247 | [DEBUG] Buscando en paralelo: ['collect_rewards.PNG'] | timeout=20s | confidence=0.8
2026-07-05 04:41:15 | INFO | my_functions.py:134 | Haciendo click en la posición (679, 957)
2026-07-05 04:41:16 | INFO | my_functions.py:269 | 🖱️ Click OK (En paralelo): collect_rewards.PNG at (679, 957) delay=1s
2026-07-05 04:41:17 | INFO | my_functions.py:247 | [DEBUG] Buscando en paralelo: ['next.PNG'] | timeout=20s | confidence=0.8
2026-07-05 04:41:23 | INFO | my_functions.py:134 | Haciendo click en la posición (677, 973)
2026-07-05 04:41:23 | INFO | my_functions.py:269 | 🖱️ Click OK (En paralelo): next.PNG at (677, 973) delay=1s
2026-07-05 04:41:26 | INFO | my_functions.py:533 | AVAILABLE: 5
2026-07-05 04:41:26 | INFO | each_eight_hours.py:271 | Submissions after match: 5
2026-07-05 04:41:26 | INFO | my_functions.py:555 | Misiones completadas: 0
2026-07-05 04:41:26 | INFO | each_eight_hours.py:148 | Starting game loop 2
2026-07-05 04:41:26 | INFO | my_functions.py:247 | [DEBUG] Buscando en paralelo: ['play.PNG'] | timeout=20s | confidence=0.8
2026-07-05 04:41:30 | INFO | my_functions.py:134 | Haciendo click en la posición (384, 824)
2026-07-05 04:41:30 | INFO | my_functions.py:269 | 🖱️ Click OK (En paralelo): play.PNG at (384, 824) delay=3s
2026-07-05 04:41:53 | INFO | my_functions.py:199 | 
✅ Found: end_turn.PNG pos=(681, 945) time=0.67s confidence=0.8
2026-07-05 04:41:53 | INFO | my_functions.py:247 | [DEBUG] Buscando en paralelo: ['snap.PNG'] | timeout=0s | confidence=0.8
2026-07-05 04:41:55 | INFO | my_functions.py:134 | Haciendo click en la posición (386, 123)
2026-07-05 04:41:55 | INFO | my_functions.py:269 | 🖱️ Click OK (En paralelo): snap.PNG at (386, 123) delay=1s
2026-07-05 04:42:01 | INFO | my_functions.py:247 | [DEBUG] Buscando en paralelo: ['end_turn.PNG'] | timeout=0s | confidence=0.8
2026-07-05 04:42:03 | INFO | my_functions.py:134 | Haciendo click en la posición (682, 946)
2026-07-05 04:42:03 | INFO | my_functions.py:269 | 🖱️ Click OK (En paralelo): end_turn.PNG at (682, 946) delay=1s
2026-07-05 04:42:04 | INFO | each_eight_hours.py:165 | End turn executed
2026-07-05 04:42:21 | INFO | my_functions.py:199 | 
✅ Found: end_turn.PNG pos=(681, 945) time=0.67s confidence=0.8
2026-07-05 04:42:21 | INFO | my_functions.py:247 | [DEBUG] Buscando en paralelo: ['snap.PNG'] | timeout=0s | confidence=0.8
2026-07-05 04:42:22 | INFO | my_functions.py:281 | [DEBUG] Click skipped, ninguna de las imágenes se encontró en el intento.
2026-07-05 04:42:28 | INFO | my_functions.py:247 | [DEBUG] Buscando en paralelo: ['end_turn.PNG'] | timeout=0s | confidence=0.8
2026-07-05 04:42:30 | INFO | my_functions.py:134 | Haciendo click en la posición (682, 945)
2026-07-05 04:42:30 | INFO | my_functions.py:269 | 🖱️ Click OK (En paralelo): end_turn.PNG at (682, 945) delay=1s
2026-07-05 04:42:31 | INFO | each_eight_hours.py:165 | End turn executed
2026-07-05 04:42:45 | INFO | my_functions.py:199 | 
✅ Found: end_turn.PNG pos=(681, 945) time=0.68s confidence=0.8
2026-07-05 04:42:45 | INFO | my_functions.py:247 | [DEBUG] Buscando en paralelo: ['snap.PNG'] | timeout=0s | confidence=0.8
2026-07-05 04:42:45 | INFO | my_functions.py:281 | [DEBUG] Click skipped, ninguna de las imágenes se encontró en el intento.
2026-07-05 04:42:52 | INFO | my_functions.py:247 | [DEBUG] Buscando en paralelo: ['end_turn.PNG'] | timeout=0s | confidence=0.8
2026-07-05 04:42:53 | INFO | my_functions.py:134 | Haciendo click en la posición (682, 945)
2026-07-05 04:42:54 | INFO | my_functions.py:269 | 🖱️ Click OK (En paralelo): end_turn.PNG at (682, 945) delay=1s
2026-07-05 04:42:55 | INFO | each_eight_hours.py:165 | End turn executed
2026-07-05 04:43:11 | INFO | my_functions.py:199 | 
✅ Found: end_turn.PNG pos=(681, 945) time=0.68s confidence=0.8
2026-07-05 04:43:11 | INFO | my_functions.py:247 | [DEBUG] Buscando en paralelo: ['snap.PNG'] | timeout=0s | confidence=0.8
2026-07-05 04:43:12 | INFO | my_functions.py:281 | [DEBUG] Click skipped, ninguna de las imágenes se encontró en el intento.
2026-07-05 04:43:18 | INFO | my_functions.py:247 | [DEBUG] Buscando en paralelo: ['end_turn.PNG'] | timeout=0s | confidence=0.8
2026-07-05 04:43:20 | INFO | my_functions.py:134 | Haciendo click en la posición (682, 945)
2026-07-05 04:43:20 | INFO | my_functions.py:269 | 🖱️ Click OK (En paralelo): end_turn.PNG at (682, 945) delay=1s
2026-07-05 04:43:21 | INFO | each_eight_hours.py:165 | End turn executed
2026-07-05 04:43:26 | INFO | my_functions.py:199 | 
✅ Found: never_seen_before.png pos=(395, 141) time=0.54s confidence=0.8
2026-07-05 04:43:26 | WARNING | each_eight_hours.py:178 | Unknown popup handled
2026-07-05 04:43:36 | INFO | my_functions.py:199 | 
✅ Found: end_turn.PNG pos=(681, 945) time=0.68s confidence=0.8
2026-07-05 04:43:36 | INFO | my_functions.py:247 | [DEBUG] Buscando en paralelo: ['snap.PNG'] | timeout=0s | confidence=0.8
2026-07-05 04:43:37 | INFO | my_functions.py:281 | [DEBUG] Click skipped, ninguna de las imágenes se encontró en el intento.
2026-07-05 04:43:43 | INFO | my_functions.py:247 | [DEBUG] Buscando en paralelo: ['end_turn.PNG'] | timeout=0s | confidence=0.8
2026-07-05 04:43:45 | INFO | my_functions.py:134 | Haciendo click en la posición (682, 945)
2026-07-05 04:43:45 | INFO | my_functions.py:269 | 🖱️ Click OK (En paralelo): end_turn.PNG at (682, 945) delay=1s
2026-07-05 04:43:46 | INFO | each_eight_hours.py:165 | End turn executed
2026-07-05 04:43:53 | INFO | my_functions.py:199 | 
✅ Found: collect_rewards.PNG pos=(679, 957) time=0.89s confidence=0.8
2026-07-05 04:43:53 | INFO | each_eight_hours.py:204 | Rewards detected, exiting match
2026-07-05 04:43:53 | INFO | my_functions.py:247 | [DEBUG] Buscando en paralelo: ['collect_rewards.PNG'] | timeout=20s | confidence=0.8
2026-07-05 04:43:55 | INFO | my_functions.py:134 | Haciendo click en la posición (679, 957)
2026-07-05 04:43:55 | INFO | my_functions.py:269 | 🖱️ Click OK (En paralelo): collect_rewards.PNG at (679, 957) delay=1s
2026-07-05 04:43:57 | INFO | my_functions.py:247 | [DEBUG] Buscando en paralelo: ['next.PNG'] | timeout=20s | confidence=0.8
2026-07-05 04:44:02 | INFO | my_functions.py:134 | Haciendo click en la posición (678, 1001)
2026-07-05 04:44:02 | INFO | my_functions.py:269 | 🖱️ Click OK (En paralelo): next.PNG at (678, 1001) delay=1s
2026-07-05 04:44:05 | INFO | my_functions.py:533 | AVAILABLE: 5
2026-07-05 04:44:05 | INFO | each_eight_hours.py:271 | Submissions after match: 5
2026-07-05 04:44:05 | INFO | my_functions.py:555 | Misiones completadas: 2
2026-07-05 04:44:05 | INFO | each_eight_hours.py:279 | Submission condition met, breaking loop
2026-07-05 04:44:05 | INFO | my_functions.py:247 | [DEBUG] Buscando en paralelo: ['missionsNotify2.png'] | timeout=20s | confidence=0.8
2026-07-05 04:44:09 | INFO | my_functions.py:134 | Haciendo click en la posición (538, 124)
2026-07-05 04:44:09 | INFO | my_functions.py:269 | 🖱️ Click OK (En paralelo): missionsNotify2.png at (538, 124) delay=3s
2026-07-05 04:44:10 | INFO | my_functions.py:1470 | [INFO] Iniciando click_missions_blue2
2026-07-05 04:44:10 | INFO | my_functions.py:134 | Haciendo click en la posición (150, 132)
2026-07-05 04:44:12 | INFO | my_functions.py:1473 | [ACTION] Click hecho en icono de calendario que me dirige a las misiones ordinarias
2026-07-05 04:44:12 | INFO | my_functions.py:169 | Searching bonus_challenge.png (timeout=0s)
2026-07-05 04:44:12 | INFO | my_functions.py:213 | 
⛔ Not found: bonus_challenge.png after 0.0s region=(0, 0, 765, 1038) confidence=0.8
2026-07-05 04:44:14 | INFO | my_functions.py:134 | Haciendo click en la posición (362, 493)
2026-07-05 04:44:15 | INFO | my_functions.py:1486 | [ACTION] Click 1/2 en misión azul
2026-07-05 04:44:16 | INFO | my_functions.py:134 | Haciendo click en la posición (362, 493)
2026-07-05 04:44:17 | INFO | my_functions.py:1486 | [ACTION] Click 2/2 en misión azul
2026-07-05 04:44:18 | INFO | my_functions.py:169 | Searching flechita_mission.PNG (timeout=0s)
2026-07-05 04:44:18 | INFO | my_functions.py:213 | 
⛔ Not found: flechita_mission.PNG after 0.0s region=(0, 0, 765, 1038) confidence=0.8
2026-07-05 04:44:18 | INFO | my_functions.py:247 | [DEBUG] Buscando en paralelo: ['weekly3.PNG'] | timeout=0s | confidence=0.8
2026-07-05 04:44:19 | INFO | my_functions.py:134 | Haciendo click en la posición (574, 266)
2026-07-05 04:44:20 | INFO | my_functions.py:269 | 🖱️ Click OK (En paralelo): weekly3.PNG at (574, 266) delay=0.1s
2026-07-05 04:44:21 | INFO | my_functions.py:247 | [DEBUG] Buscando en paralelo: ['claim!.PNG'] | timeout=0s | confidence=0.8
2026-07-05 04:44:22 | INFO | my_functions.py:134 | Haciendo click en la posición (381, 924)
2026-07-05 04:44:22 | INFO | my_functions.py:269 | 🖱️ Click OK (En paralelo): claim!.PNG at (381, 924) delay=0.2s
2026-07-05 04:44:23 | INFO | my_functions.py:247 | [DEBUG] Buscando en paralelo: ['claim_hover.PNG'] | timeout=0s | confidence=0.8
2026-07-05 04:44:24 | INFO | my_functions.py:134 | Haciendo click en la posición (383, 921)
2026-07-05 04:44:24 | INFO | my_functions.py:269 | 🖱️ Click OK (En paralelo): claim_hover.PNG at (383, 921) delay=0.2s
2026-07-05 04:44:25 | INFO | my_functions.py:247 | [DEBUG] Buscando en paralelo: ['claim!.PNG'] | timeout=0s | confidence=0.8
2026-07-05 04:44:26 | INFO | my_functions.py:281 | [DEBUG] Click skipped, ninguna de las imágenes se encontró en el intento.
2026-07-05 04:44:27 | INFO | my_functions.py:247 | [DEBUG] Buscando en paralelo: ['claim_hover.PNG'] | timeout=0s | confidence=0.8
2026-07-05 04:44:28 | INFO | my_functions.py:134 | Haciendo click en la posición (383, 921)
2026-07-05 04:44:28 | INFO | my_functions.py:269 | 🖱️ Click OK (En paralelo): claim_hover.PNG at (383, 921) delay=0.2s
2026-07-05 04:44:29 | INFO | my_functions.py:247 | [DEBUG] Buscando en paralelo: ['weekly3.PNG'] | timeout=0s | confidence=0.8
2026-07-05 04:44:30 | INFO | my_functions.py:281 | [DEBUG] Click skipped, ninguna de las imágenes se encontró en el intento.
2026-07-05 04:44:31 | INFO | my_functions.py:247 | [DEBUG] Buscando en paralelo: ['weekly3.PNG'] | timeout=0s | confidence=0.8
2026-07-05 04:44:32 | INFO | my_functions.py:281 | [DEBUG] Click skipped, ninguna de las imágenes se encontró en el intento.
2026-07-05 04:44:33 | INFO | my_functions.py:134 | Haciendo click en la posición (557, 64)
2026-07-05 04:44:34 | INFO | my_functions.py:247 | [DEBUG] Buscando en paralelo: ['cards_shop.PNG'] | timeout=20s | confidence=0.8
2026-07-05 04:44:37 | INFO | my_functions.py:134 | Haciendo click en la posición (568, 121)
2026-07-05 04:44:37 | INFO | my_functions.py:269 | 🖱️ Click OK (En paralelo): cards_shop.PNG at (568, 121) delay=1s
2026-07-05 04:44:38 | INFO | my_functions.py:247 | [DEBUG] Buscando en paralelo: ['token_icon.PNG'] | timeout=20s | confidence=0.8
2026-07-05 04:44:41 | INFO | my_functions.py:134 | Haciendo click en la posición (571, 171)
2026-07-05 04:44:42 | INFO | my_functions.py:269 | 🖱️ Click OK (En paralelo): token_icon.PNG at (571, 171) delay=1s
2026-07-05 04:44:45 | INFO | my_functions.py:247 | [DEBUG] Buscando en paralelo: ['claim!_token_3.PNG'] | timeout=4s | confidence=0.8
2026-07-05 04:44:49 | INFO | my_functions.py:281 | [DEBUG] Click skipped, ninguna de las imágenes se encontró en el intento.
2026-07-05 04:44:50 | INFO | my_functions.py:247 | [DEBUG] Buscando en paralelo: ['cards_shop.PNG'] | timeout=20s | confidence=0.8
2026-07-05 04:44:52 | INFO | my_functions.py:134 | Haciendo click en la posición (568, 122)
2026-07-05 04:44:53 | INFO | my_functions.py:269 | 🖱️ Click OK (En paralelo): cards_shop.PNG at (568, 122) delay=1s
2026-07-05 04:44:54 | INFO | my_functions.py:247 | [DEBUG] Buscando en paralelo: ['offers.PNG'] | timeout=20s | confidence=0.8
2026-07-05 04:44:56 | INFO | my_functions.py:134 | Haciendo click en la posición (197, 121)
2026-07-05 04:44:56 | INFO | my_functions.py:269 | 🖱️ Click OK (En paralelo): offers.PNG at (197, 121) delay=1s
2026-07-05 04:44:57 | INFO | my_functions.py:1351 | [INFO] Iniciando mejora de cartas
2026-07-05 04:44:57 | INFO | my_functions.py:247 | [DEBUG] Buscando en paralelo: ['upgrade_cards_icon.PNG'] | timeout=3s | confidence=0.8
2026-07-05 04:44:59 | INFO | my_functions.py:134 | Haciendo click en la posición (322, 170)
2026-07-05 04:44:59 | INFO | my_functions.py:269 | 🖱️ Click OK (En paralelo): upgrade_cards_icon.PNG at (322, 170) delay=1s
2026-07-05 04:45:00 | INFO | my_functions.py:1358 | [INFO] Abriendo icono de upgrade_cards
2026-07-05 04:45:01 | INFO | my_functions.py:1365 | [STEP] Mejorando carta 1
2026-07-05 04:45:01 | INFO | my_functions.py:1369 | [ACTION] Click en carta 1
2026-07-05 04:45:02 | INFO | my_functions.py:1374 | [ACTION] Click en botón upgrade
2026-07-05 04:45:09 | INFO | my_functions.py:169 | Searching aw_snap.png (timeout=3s)
2026-07-05 04:45:13 | INFO | my_functions.py:213 | 
⛔ Not found: aw_snap.png after 3.25s region=(0, 0, 765, 1038) confidence=0.8
2026-07-05 04:45:13 | INFO | my_functions.py:247 | [DEBUG] Buscando en paralelo: ['you_need_more_credits!.png'] | timeout=3s | confidence=0.8
2026-07-05 04:45:16 | INFO | my_functions.py:281 | [DEBUG] Click skipped, ninguna de las imágenes se encontró en el intento.
2026-07-05 04:45:23 | INFO | my_functions.py:1407 | [ACTION] Click para continuar a stage de nivel de coleccion
2026-07-05 04:45:28 | INFO | my_functions.py:142 | Presionando ESC (1/1)
2026-07-05 04:45:28 | INFO | my_functions.py:1415 | [ACTION] Saliendo de stage nivel de coleccion con ESC
2026-07-05 04:45:29 | INFO | my_functions.py:247 | [DEBUG] Buscando en paralelo: ['upgrade_cards_icon_selected.PNG'] | timeout=0s | confidence=0.8
2026-07-05 04:45:31 | INFO | my_functions.py:134 | Haciendo click en la posición (320, 173)
2026-07-05 04:45:31 | INFO | my_functions.py:269 | 🖱️ Click OK (En paralelo): upgrade_cards_icon_selected.PNG at (320, 173) delay=1s
2026-07-05 04:45:32 | INFO | my_functions.py:1427 | [INFO] Reabriendo icono de upgrade_cards
2026-07-05 04:45:33 | INFO | my_functions.py:1365 | [STEP] Mejorando carta 2
2026-07-05 04:45:34 | INFO | my_functions.py:1369 | [ACTION] Click en carta 2
2026-07-05 04:45:35 | INFO | my_functions.py:1374 | [ACTION] Click en botón upgrade
2026-07-05 04:45:42 | INFO | my_functions.py:169 | Searching aw_snap.png (timeout=3s)
2026-07-05 04:45:46 | INFO | my_functions.py:213 | 
⛔ Not found: aw_snap.png after 3.3s region=(0, 0, 765, 1038) confidence=0.8
2026-07-05 04:45:46 | INFO | my_functions.py:247 | [DEBUG] Buscando en paralelo: ['you_need_more_credits!.png'] | timeout=3s | confidence=0.8
2026-07-05 04:45:47 | INFO | my_functions.py:134 | Haciendo click en la posición (381, 345)
2026-07-05 04:45:47 | INFO | my_functions.py:269 | 🖱️ Click OK (En paralelo): you_need_more_credits!.png at (381, 345) delay=1s
2026-07-05 04:45:48 | INFO | my_functions.py:142 | Presionando ESC (1/2)
2026-07-05 04:45:49 | INFO | my_functions.py:142 | Presionando ESC (2/2)
2026-07-05 04:45:52 | INFO | my_functions.py:1433 | [INFO] Mejora de cartas completada ✅
2026-07-05 04:45:52 | INFO | my_functions.py:142 | Presionando ESC (1/1)
2026-07-05 04:45:52 | INFO | my_functions.py:247 | [DEBUG] Buscando en paralelo: ['white_x.png'] | timeout=2s | confidence=0.8
2026-07-05 04:45:55 | INFO | my_functions.py:281 | [DEBUG] Click skipped, ninguna de las imágenes se encontró en el intento.
2026-07-05 04:45:56 | INFO | each_eight_hours.py:46 | [04:45:56.600] [DEBUG] === INICIANDO FUNCIÓN collect_cl_rewards ===
2026-07-05 04:45:56 | INFO | each_eight_hours.py:46 | [04:45:56.605] [DEBUG] Haciendo click inicial en (387, 166)...
2026-07-05 04:45:56 | INFO | my_functions.py:134 | Haciendo click en la posición (387, 166)
2026-07-05 04:46:02 | INFO | each_eight_hours.py:46 | [04:46:02.970] [DEBUG] Se omitió el cambio de tamaño de ventanas (resize=False)
2026-07-05 04:46:03 | INFO | each_eight_hours.py:46 | [04:46:03.017] [DEBUG] Recompensas iniciales detectadas por la API: 2
2026-07-05 04:46:03 | INFO | each_eight_hours.py:46 | [04:46:03.020] [DEBUG] --------------------------------------------------
2026-07-05 04:46:03 | INFO | each_eight_hours.py:46 | [04:46:03.022] [DEBUG] Inicio de iteración. Recompensas restantes: 2
2026-07-05 04:46:03 | INFO | each_eight_hours.py:46 | [04:46:03.029] [DEBUG] Intentando hacer click en: (260, 580)
2026-07-05 04:46:04 | INFO | my_functions.py:169 | Searching claim!.PNG (timeout=3s)
2026-07-05 04:46:05 | INFO | my_functions.py:199 | 
✅ Found: claim!.PNG pos=(381, 924) time=0.79s confidence=0.8
2026-07-05 04:46:05 | INFO | each_eight_hours.py:46 | [04:46:05.041] [DEBUG] -> ¡ÉXITO! Botón 'Claim' detectado.
2026-07-05 04:46:05 | INFO | my_functions.py:169 | Searching set.png (timeout=0s)
2026-07-05 04:46:05 | INFO | my_functions.py:213 | 
⛔ Not found: set.png after 0.0s region=(0, 0, 765, 1038) confidence=0.8
2026-07-05 04:46:05 | INFO | my_functions.py:247 | [DEBUG] Buscando en paralelo: ['claim!.PNG'] | timeout=0s | confidence=0.8
2026-07-05 04:46:07 | INFO | my_functions.py:134 | Haciendo click en la posición (381, 924)
2026-07-05 04:46:07 | INFO | my_functions.py:269 | 🖱️ Click OK (En paralelo): claim!.PNG at (381, 924) delay=1s
2026-07-05 04:46:08 | INFO | each_eight_hours.py:46 | [04:46:08.981] [DEBUG] Moviendo el mouse a la posición de scroll (350, 580)...
2026-07-05 04:46:10 | INFO | each_eight_hours.py:46 | [04:46:10.553] [DEBUG] Alternancia de coordenada X: Cambió de 260 a 470
2026-07-05 04:46:10 | INFO | each_eight_hours.py:46 | [04:46:10.557] [DEBUG] --------------------------------------------------
2026-07-05 04:46:10 | INFO | each_eight_hours.py:46 | [04:46:10.558] [DEBUG] Inicio de iteración. Recompensas restantes: 1
2026-07-05 04:46:10 | INFO | each_eight_hours.py:46 | [04:46:10.572] [DEBUG] Intentando hacer click en: (470, 580)
2026-07-05 04:46:11 | INFO | my_functions.py:169 | Searching claim!.PNG (timeout=3s)
2026-07-05 04:46:15 | INFO | my_functions.py:213 | 
⛔ Not found: claim!.PNG after 3.0s region=(0, 0, 765, 1038) confidence=0.8
2026-07-05 04:46:15 | INFO | each_eight_hours.py:46 | [04:46:15.563] [DEBUG] No se detectó 'Claim'. Buscando 'check.png' en región (449, 547, 65, 55)...
2026-07-05 04:46:15 | INFO | my_functions.py:169 | Searching check.png (timeout=1s)
2026-07-05 04:46:15 | INFO | my_functions.py:199 | 
✅ Found: check.png pos=(500, 580) time=0.16s confidence=0.8
2026-07-05 04:46:15 | INFO | each_eight_hours.py:46 | [04:46:15.730] [DEBUG] -> ¡ÉXITO! Crédito detectado por 'check.png'. Reclamado automáticamente por el click previo.
2026-07-05 04:46:15 | INFO | each_eight_hours.py:46 | [04:46:15.735] [DEBUG] Moviendo el mouse a la posición de scroll (350, 580)...
2026-07-05 04:46:17 | INFO | each_eight_hours.py:46 | [04:46:17.326] [DEBUG] Alternancia de coordenada X: Cambió de 470 a 260
2026-07-05 04:46:17 | INFO | each_eight_hours.py:46 | Finished collecting rewards
2026-07-05 04:46:18 | INFO | my_functions.py:142 | Presionando ESC (1/1)
2026-07-05 04:46:18 | INFO | my_functions.py:247 | [DEBUG] Buscando en paralelo: ['nut.png'] | timeout=20s | confidence=0.8
2026-07-05 04:46:20 | INFO | my_functions.py:134 | Haciendo click en la posición (184, 78)
2026-07-05 04:46:21 | INFO | my_functions.py:269 | 🖱️ Click OK (En paralelo): nut.png at (184, 78) delay=1s
2026-07-05 04:46:22 | INFO | my_functions.py:247 | [DEBUG] Buscando en paralelo: ['graphics_quality.png'] | timeout=3s | confidence=0.8
2026-07-05 04:46:23 | INFO | my_functions.py:134 | Haciendo click en la posición (304, 644)
2026-07-05 04:46:23 | INFO | my_functions.py:269 | 🖱️ Click OK (En paralelo): graphics_quality.png at (304, 644) delay=1s
2026-07-05 04:46:26 | INFO | my_functions.py:247 | [DEBUG] Buscando en paralelo: ['sign_out.png'] | timeout=20s | confidence=0.8
2026-07-05 04:46:27 | INFO | my_functions.py:134 | Haciendo click en la posición (380, 796)
2026-07-05 04:46:27 | INFO | my_functions.py:269 | 🖱️ Click OK (En paralelo): sign_out.png at (380, 796) delay=1s
2026-07-05 04:46:30 | INFO | my_functions.py:247 | [DEBUG] Buscando en paralelo: ['sign_out_grande.png'] | timeout=20s | confidence=0.8
2026-07-05 04:46:31 | INFO | my_functions.py:134 | Haciendo click en la posición (359, 437)
2026-07-05 04:46:31 | INFO | my_functions.py:269 | 🖱️ Click OK (En paralelo): sign_out_grande.png at (359, 437) delay=1s
2026-07-05 04:46:32 | INFO | my_functions.py:247 | [DEBUG] Buscando en paralelo: ['sign_out2.png'] | timeout=20s | confidence=0.8
2026-07-05 04:46:34 | INFO | my_functions.py:134 | Haciendo click en la posición (383, 634)
2026-07-05 04:46:34 | INFO | my_functions.py:269 | 🖱️ Click OK (En paralelo): sign_out2.png at (383, 634) delay=1s
2026-07-05 04:46:35 | INFO | my_functions.py:1545 | ⏱ Esperando 0.1 segundos antes de empezar...
2026-07-05 04:46:35 | INFO | my_functions.py:1552 | 🔍 Esperando ventana que contenga alguna de: SNAP (máx 20s)
2026-07-05 04:46:35 | INFO | my_functions.py:1564 | ✅ Ventana encontrada: 'SNAP'
2026-07-05 04:46:35 | INFO | my_functions.py:1579 | ✅ Ventana seleccionada: 'SNAP'
2026-07-05 04:46:38 | INFO | my_functions.py:1602 | 🔁 Reajuste #1...
2026-07-05 04:46:40 | INFO | my_functions.py:1609 | ✔ Verificación completa. Se hicieron 1 reajustes.
2026-07-05 04:46:44 | INFO | each_eight_hours.py:113 | Processing account: reeps_vm
2026-07-05 04:46:44 | INFO | my_functions.py:1545 | ⏱ Esperando 0.1 segundos antes de empezar...
2026-07-05 04:46:44 | INFO | my_functions.py:1552 | 🔍 Esperando ventana que contenga alguna de: ['SNAP'] (máx 20s)
2026-07-05 04:46:47 | INFO | my_functions.py:1564 | ✅ Ventana encontrada: 'SNAP'
2026-07-05 04:46:47 | INFO | my_functions.py:1579 | ✅ Ventana seleccionada: 'SNAP'
2026-07-05 04:46:49 | INFO | my_functions.py:1611 | ✔ Verificación completa. No hubo cambios después del primer ajuste.
2026-07-05 04:46:49 | INFO | my_functions.py:1206 | [DEBUG] Resizing SNAP window...
2026-07-05 04:46:49 | INFO | my_functions.py:1545 | ⏱ Esperando 0.1 segundos antes de empezar...
2026-07-05 04:46:49 | INFO | my_functions.py:1552 | 🔍 Esperando ventana que contenga alguna de: ['SNAP'] (máx 20s)
2026-07-05 04:46:49 | INFO | my_functions.py:1564 | ✅ Ventana encontrada: 'SNAP'
2026-07-05 04:46:49 | INFO | my_functions.py:1579 | ✅ Ventana seleccionada: 'SNAP'
2026-07-05 04:46:56 | INFO | my_functions.py:1611 | ✔ Verificación completa. No hubo cambios después del primer ajuste.
2026-07-05 04:46:56 | INFO | my_functions.py:247 | [DEBUG] Buscando en paralelo: ['small_submit.PNG', 'small_submit_hover.png', 'submit_hover_2.png', 'small_submit_hover_2.png'] | timeout=90s | confidence=0.8
2026-07-05 04:46:57 | INFO | my_functions.py:134 | Haciendo click en la posición (380, 642)
2026-07-05 04:46:58 | INFO | my_functions.py:269 | 🖱️ Click OK (En paralelo): small_submit.PNG at (380, 642) delay=0.2s
2026-07-05 04:47:01 | INFO | my_functions.py:247 | [DEBUG] Buscando en paralelo: ['small_submit.PNG', 'small_submit_hover.png', 'submit_hover_2.png', 'small_submit_hover_2.png'] | timeout=20s | confidence=0.8
2026-07-05 04:47:02 | INFO | my_functions.py:134 | Haciendo click en la posición (380, 721)
2026-07-05 04:47:02 | INFO | my_functions.py:269 | 🖱️ Click OK (En paralelo): small_submit.PNG at (380, 721) delay=0.2s
2026-07-05 04:47:04 | INFO | my_functions.py:1545 | ⏱ Esperando 0.1 segundos antes de empezar...
2026-07-05 04:47:04 | INFO | my_functions.py:1552 | 🔍 Esperando ventana que contenga alguna de: ['SNAP'] (máx 20s)
2026-07-05 04:47:04 | INFO | my_functions.py:1564 | ✅ Ventana encontrada: 'SNAP'
2026-07-05 04:47:04 | INFO | my_functions.py:1579 | ✅ Ventana seleccionada: 'SNAP'
2026-07-05 04:47:06 | INFO | my_functions.py:1602 | 🔁 Reajuste #1...
2026-07-05 04:47:07 | INFO | my_functions.py:1609 | ✔ Verificación completa. Se hicieron 1 reajustes.
2026-07-05 04:47:07 | INFO | my_functions.py:169 | Searching please_sign.png (timeout=0s)
2026-07-05 04:47:07 | INFO | my_functions.py:199 | 
✅ Found: please_sign.png pos=(383, 438) time=0.48s confidence=0.8
2026-07-05 04:47:07 | INFO | my_functions.py:247 | [DEBUG] Buscando en paralelo: ['ok_btn.png'] | timeout=20s | confidence=0.8
2026-07-05 04:47:09 | INFO | my_functions.py:134 | Haciendo click en la posición (382, 634)
2026-07-05 04:47:09 | INFO | my_functions.py:269 | 🖱️ Click OK (En paralelo): ok_btn.png at (382, 634) delay=1s
2026-07-05 04:47:10 | INFO | my_functions.py:247 | [DEBUG] Buscando en paralelo: ['small_submit.PNG', 'small_submit_hover.png', 'submit_hover_2.png', 'small_submit_hover_2.png'] | timeout=30s | confidence=0.8
2026-07-05 04:47:13 | INFO | my_functions.py:134 | Haciendo click en la posición (383, 643)
2026-07-05 04:47:13 | INFO | my_functions.py:269 | 🖱️ Click OK (En paralelo): small_submit_hover_2.png at (383, 643) delay=0.2s
2026-07-05 04:47:15 | INFO | my_functions.py:247 | [DEBUG] Buscando en paralelo: ['small_submit.PNG', 'small_submit_hover.png', 'submit_hover_2.png', 'small_submit_hover_2.png'] | timeout=20s | confidence=0.8
2026-07-05 04:47:16 | INFO | my_functions.py:134 | Haciendo click en la posición (380, 721)
2026-07-05 04:47:16 | INFO | my_functions.py:269 | 🖱️ Click OK (En paralelo): small_submit.PNG at (380, 721) delay=0.2s
2026-07-05 04:47:17 | INFO | my_functions.py:247 | [DEBUG] Buscando en paralelo: ['sign_in_with_google2.PNG'] | timeout=20s | confidence=0.8
2026-07-05 04:47:19 | INFO | my_functions.py:134 | Haciendo click en la posición (406, 957)
2026-07-05 04:47:19 | INFO | my_functions.py:269 | 🖱️ Click OK (En paralelo): sign_in_with_google2.PNG at (406, 957) delay=1s
2026-07-05 04:47:20 | INFO | my_functions.py:169 | Searching pagina_cargada.png (timeout=60s)
2026-07-05 04:47:26 | INFO | my_functions.py:199 | 
✅ Found: pagina_cargada.png pos=(70, 24) time=5.77s confidence=0.8
2026-07-05 04:47:28 | INFO | my_functions.py:247 | [DEBUG] Buscando en paralelo: ['reeps_vm.png'] | timeout=0s | confidence=0.8
2026-07-05 04:47:32 | INFO | my_functions.py:134 | Haciendo click en la posición (1126, 534)
2026-07-05 04:47:32 | INFO | my_functions.py:269 | 🖱️ Click OK (En paralelo): reeps_vm.png at (1126, 534) delay=3s
2026-07-05 04:47:33 | INFO | my_functions.py:169 | Searching marvelsnap_web.png (timeout=30s)
2026-07-05 04:47:38 | INFO | my_functions.py:199 | 
✅ Found: marvelsnap_web.png pos=(258, 80) time=4.38s confidence=0.7
2026-07-05 04:47:38 | INFO | my_functions.py:169 | Searching shop_unselected.PNG (timeout=0s)
2026-07-05 04:47:39 | INFO | my_functions.py:213 | 
⛔ Not found: shop_unselected.PNG after 0.01s region=(0, 0, 765, 1038) confidence=0.8
2026-07-05 04:47:39 | INFO | my_functions.py:247 | [DEBUG] Buscando en paralelo: ['super_premium.PNG'] | timeout=0s | confidence=0.8
2026-07-05 04:47:39 | INFO | my_functions.py:281 | [DEBUG] Click skipped, ninguna de las imágenes se encontró en el intento.
2026-07-05 04:47:40 | INFO | my_functions.py:247 | [DEBUG] Buscando en paralelo: ['maybe_later.PNG'] | timeout=0s | confidence=0.8
2026-07-05 04:47:41 | INFO | my_functions.py:281 | [DEBUG] Click skipped, ninguna de las imágenes se encontró en el intento.
2026-07-05 04:47:42 | INFO | my_functions.py:247 | [DEBUG] Buscando en paralelo: ['maybe_later2.PNG'] | timeout=0s | confidence=0.8
2026-07-05 04:47:43 | INFO | my_functions.py:281 | [DEBUG] Click skipped, ninguna de las imágenes se encontró en el intento.
2026-07-05 04:47:44 | INFO | my_functions.py:169 | Searching go_to_shop.PNG (timeout=0s)
2026-07-05 04:47:45 | INFO | my_functions.py:213 | 
⛔ Not found: go_to_shop.PNG after 0.0s region=(0, 0, 765, 1038) confidence=0.8
2026-07-05 04:47:45 | INFO | my_functions.py:247 | [DEBUG] Buscando en paralelo: ['14_days_of_winterverse.PNG'] | timeout=0s | confidence=0.8
2026-07-05 04:47:45 | INFO | my_functions.py:281 | [DEBUG] Click skipped, ninguna de las imágenes se encontró en el intento.
2026-07-05 04:47:46 | INFO | my_functions.py:169 | Searching welcome_back_calendar.PNG (timeout=0s)
2026-07-05 04:47:47 | INFO | my_functions.py:213 | 
⛔ Not found: welcome_back_calendar.PNG after 0.5s region=(0, 0, 765, 1038) confidence=0.8
2026-07-05 04:47:47 | INFO | my_functions.py:247 | [DEBUG] Buscando en paralelo: ['start_the_countdown.PNG'] | timeout=0s | confidence=0.8
2026-07-05 04:47:48 | INFO | my_functions.py:281 | [DEBUG] Click skipped, ninguna de las imágenes se encontró en el intento.
2026-07-05 04:47:49 | INFO | my_functions.py:247 | [DEBUG] Buscando en paralelo: ['event_has_ended_sanctum.PNG'] | timeout=0s | confidence=0.8
2026-07-05 04:47:50 | INFO | my_functions.py:281 | [DEBUG] Click skipped, ninguna de las imágenes se encontró en el intento.
2026-07-05 04:47:51 | INFO | my_functions.py:247 | [DEBUG] Buscando en paralelo: ['event_has_ended_teamclash.PNG'] | timeout=0s | confidence=0.8
2026-07-05 04:47:51 | INFO | my_functions.py:281 | [DEBUG] Click skipped, ninguna de las imágenes se encontró en el intento.
2026-07-05 04:47:53 | INFO | my_functions.py:247 | [DEBUG] Buscando en paralelo: ['image_part_of_event_grand_arena_finished.PNG'] | timeout=0s | confidence=0.8
2026-07-05 04:47:53 | INFO | my_functions.py:281 | [DEBUG] Click skipped, ninguna de las imágenes se encontró en el intento.
2026-07-05 04:47:54 | INFO | my_functions.py:169 | Searching 28_day_event_login_rewards.PNG (timeout=0s)
2026-07-05 04:47:55 | INFO | my_functions.py:213 | 
⛔ Not found: 28_day_event_login_rewards.PNG after 0.0s region=(0, 0, 765, 1038) confidence=0.8
2026-07-05 04:47:55 | INFO | my_functions.py:169 | Searching 7_day_event_login.PNG (timeout=0s)
2026-07-05 04:47:55 | INFO | my_functions.py:213 | 
⛔ Not found: 7_day_event_login.PNG after 0.0s region=(0, 0, 765, 1038) confidence=0.8
2026-07-05 04:47:55 | INFO | my_functions.py:169 | Searching 14_days_event.PNG (timeout=0s)
2026-07-05 04:47:56 | INFO | my_functions.py:213 | 
⛔ Not found: 14_days_event.PNG after 0.0s region=(0, 0, 765, 1038) confidence=0.8
2026-07-05 04:47:56 | INFO | my_functions.py:247 | [DEBUG] Buscando en paralelo: ['lets_go.PNG'] | timeout=0s | confidence=0.8
2026-07-05 04:47:56 | INFO | my_functions.py:281 | [DEBUG] Click skipped, ninguna de las imágenes se encontró en el intento.
2026-07-05 04:47:58 | INFO | my_functions.py:169 | Searching shop_unselected.PNG (timeout=0s)
2026-07-05 04:47:59 | INFO | my_functions.py:213 | 
⛔ Not found: shop_unselected.PNG after 0.0s region=(0, 0, 765, 1038) confidence=0.8
2026-07-05 04:47:59 | INFO | my_functions.py:247 | [DEBUG] Buscando en paralelo: ['super_premium.PNG'] | timeout=0s | confidence=0.8
2026-07-05 04:48:01 | INFO | my_functions.py:134 | Haciendo click en la posición (480, 777)
2026-07-05 04:48:01 | INFO | my_functions.py:269 | 🖱️ Click OK (En paralelo): super_premium.PNG at (480, 777) delay=1s
2026-07-05 04:48:02 | INFO | my_functions.py:142 | Presionando ESC (1/1)
2026-07-05 04:48:11 | INFO | my_functions.py:169 | Searching shop_unselected.PNG (timeout=0s)
2026-07-05 04:48:11 | INFO | my_functions.py:199 | 
✅ Found: shop_unselected.PNG pos=(88, 961) time=0.78s confidence=0.8
2026-07-05 04:48:11 | INFO | my_functions.py:714 | Ya esta listo
2026-07-05 04:48:16 | INFO | my_functions.py:533 | AVAILABLE: 6
2026-07-05 04:48:16 | INFO | my_functions.py:555 | Misiones completadas: 0
2026-07-05 04:48:16 | INFO | my_functions.py:169 | Searching play.PNG (timeout=0s)
2026-07-05 04:48:16 | INFO | my_functions.py:199 | 
✅ Found: play.PNG pos=(384, 825) time=0.65s confidence=0.8
2026-07-05 04:48:16 | INFO | my_functions.py:1440 | [INFO] Click realizado donde se equipa el deck a jugar
2026-07-05 04:48:20 | INFO | my_functions.py:247 | [DEBUG] Buscando en paralelo: ['deck_666666.png'] | timeout=3s | confidence=0.8
2026-07-05 04:48:22 | INFO | my_functions.py:134 | Haciendo click en la posición (235, 547)
2026-07-05 04:48:22 | INFO | my_functions.py:269 | 🖱️ Click OK (En paralelo): deck_666666.png at (235, 547) delay=1s
2026-07-05 04:48:24 | INFO | my_functions.py:247 | [DEBUG] Buscando en paralelo: ['equip.png'] | timeout=3s | confidence=0.95
2026-07-05 04:48:27 | INFO | my_functions.py:281 | [DEBUG] Click skipped, ninguna de las imágenes se encontró en el intento.
2026-07-05 04:48:28 | INFO | my_functions.py:142 | Presionando ESC (1/1)
2026-07-05 04:48:29 | INFO | each_eight_hours.py:134 | Deck selected: 6turns
2026-07-05 04:48:29 | INFO | my_functions.py:247 | [DEBUG] Buscando en paralelo: ['maybe_later.PNG'] | timeout=2s | confidence=0.8
2026-07-05 04:48:31 | INFO | my_functions.py:281 | [DEBUG] Click skipped, ninguna de las imágenes se encontró en el intento.
2026-07-05 04:48:32 | INFO | my_functions.py:247 | [DEBUG] Buscando en paralelo: ['maybe_later2.PNG'] | timeout=0.01s | confidence=0.8
2026-07-05 04:48:33 | INFO | my_functions.py:281 | [DEBUG] Click skipped, ninguna de las imágenes se encontró en el intento.
2026-07-05 04:48:34 | INFO | each_eight_hours.py:148 | Starting game loop 1
2026-07-05 04:48:34 | INFO | my_functions.py:247 | [DEBUG] Buscando en paralelo: ['play.PNG'] | timeout=20s | confidence=0.8
2026-07-05 04:48:38 | INFO | my_functions.py:134 | Haciendo click en la posición (384, 824)
2026-07-05 04:48:38 | INFO | my_functions.py:269 | 🖱️ Click OK (En paralelo): play.PNG at (384, 824) delay=3s
2026-07-05 04:48:54 | INFO | my_functions.py:199 | 
✅ Found: end_turn.PNG pos=(681, 945) time=0.69s confidence=0.8
2026-07-05 04:48:54 | INFO | my_functions.py:247 | [DEBUG] Buscando en paralelo: ['snap.PNG'] | timeout=0s | confidence=0.8
2026-07-05 04:48:56 | INFO | my_functions.py:134 | Haciendo click en la posición (386, 122)
2026-07-05 04:48:56 | INFO | my_functions.py:269 | 🖱️ Click OK (En paralelo): snap.PNG at (386, 122) delay=1s
2026-07-05 04:49:02 | INFO | my_functions.py:247 | [DEBUG] Buscando en paralelo: ['end_turn.PNG'] | timeout=0s | confidence=0.8
2026-07-05 04:49:04 | INFO | my_functions.py:134 | Haciendo click en la posición (682, 946)
2026-07-05 04:49:04 | INFO | my_functions.py:269 | 🖱️ Click OK (En paralelo): end_turn.PNG at (682, 946) delay=1s
2026-07-05 04:49:05 | INFO | each_eight_hours.py:165 | End turn executed
2026-07-05 04:49:12 | INFO | my_functions.py:199 | 
✅ Found: end_turn.PNG pos=(681, 945) time=0.67s confidence=0.8
2026-07-05 04:49:12 | INFO | my_functions.py:247 | [DEBUG] Buscando en paralelo: ['snap.PNG'] | timeout=0s | confidence=0.8
2026-07-05 04:49:13 | INFO | my_functions.py:281 | [DEBUG] Click skipped, ninguna de las imágenes se encontró en el intento.
2026-07-05 04:49:19 | INFO | my_functions.py:247 | [DEBUG] Buscando en paralelo: ['end_turn.PNG'] | timeout=0s | confidence=0.8
2026-07-05 04:49:20 | INFO | my_functions.py:134 | Haciendo click en la posición (682, 946)
2026-07-05 04:49:21 | INFO | my_functions.py:269 | 🖱️ Click OK (En paralelo): end_turn.PNG at (682, 946) delay=1s
2026-07-05 04:49:22 | INFO | each_eight_hours.py:165 | End turn executed
2026-07-05 04:49:45 | INFO | my_functions.py:199 | 
✅ Found: end_turn.PNG pos=(681, 945) time=0.66s confidence=0.8
2026-07-05 04:49:45 | INFO | my_functions.py:247 | [DEBUG] Buscando en paralelo: ['snap.PNG'] | timeout=0s | confidence=0.8
2026-07-05 04:49:46 | INFO | my_functions.py:281 | [DEBUG] Click skipped, ninguna de las imágenes se encontró en el intento.
2026-07-05 04:49:52 | INFO | my_functions.py:247 | [DEBUG] Buscando en paralelo: ['end_turn.PNG'] | timeout=0s | confidence=0.8
2026-07-05 04:49:54 | INFO | my_functions.py:134 | Haciendo click en la posición (682, 945)
2026-07-05 04:49:54 | INFO | my_functions.py:269 | 🖱️ Click OK (En paralelo): end_turn.PNG at (682, 945) delay=1s
2026-07-05 04:49:55 | INFO | each_eight_hours.py:165 | End turn executed
2026-07-05 04:50:12 | INFO | my_functions.py:199 | 
✅ Found: end_turn.PNG pos=(681, 945) time=0.67s confidence=0.8
2026-07-05 04:50:12 | INFO | my_functions.py:247 | [DEBUG] Buscando en paralelo: ['snap.PNG'] | timeout=0s | confidence=0.8
2026-07-05 04:50:13 | INFO | my_functions.py:281 | [DEBUG] Click skipped, ninguna de las imágenes se encontró en el intento.
2026-07-05 04:50:19 | INFO | my_functions.py:247 | [DEBUG] Buscando en paralelo: ['end_turn.PNG'] | timeout=0s | confidence=0.8
2026-07-05 04:50:21 | INFO | my_functions.py:134 | Haciendo click en la posición (682, 945)
2026-07-05 04:50:21 | INFO | my_functions.py:269 | 🖱️ Click OK (En paralelo): end_turn.PNG at (682, 945) delay=1s
2026-07-05 04:50:22 | INFO | each_eight_hours.py:165 | End turn executed
2026-07-05 04:50:39 | INFO | my_functions.py:199 | 
✅ Found: end_turn.PNG pos=(681, 945) time=0.66s confidence=0.8
2026-07-05 04:50:39 | INFO | my_functions.py:247 | [DEBUG] Buscando en paralelo: ['snap.PNG'] | timeout=0s | confidence=0.8
2026-07-05 04:50:40 | INFO | my_functions.py:281 | [DEBUG] Click skipped, ninguna de las imágenes se encontró en el intento.
2026-07-05 04:50:46 | INFO | my_functions.py:247 | [DEBUG] Buscando en paralelo: ['end_turn.PNG'] | timeout=0s | confidence=0.8
2026-07-05 04:50:48 | INFO | my_functions.py:134 | Haciendo click en la posición (682, 945)
2026-07-05 04:50:48 | INFO | my_functions.py:269 | 🖱️ Click OK (En paralelo): end_turn.PNG at (682, 945) delay=1s
2026-07-05 04:50:49 | INFO | each_eight_hours.py:165 | End turn executed
2026-07-05 04:51:12 | INFO | my_functions.py:199 | 
✅ Found: end_turn.PNG pos=(681, 945) time=0.68s confidence=0.8
2026-07-05 04:51:12 | INFO | my_functions.py:247 | [DEBUG] Buscando en paralelo: ['snap.PNG'] | timeout=0s | confidence=0.8
2026-07-05 04:51:13 | INFO | my_functions.py:281 | [DEBUG] Click skipped, ninguna de las imágenes se encontró en el intento.
2026-07-05 04:51:20 | INFO | my_functions.py:247 | [DEBUG] Buscando en paralelo: ['end_turn.PNG'] | timeout=0s | confidence=0.8
2026-07-05 04:51:21 | INFO | my_functions.py:134 | Haciendo click en la posición (681, 945)
2026-07-05 04:51:21 | INFO | my_functions.py:269 | 🖱️ Click OK (En paralelo): end_turn.PNG at (681, 945) delay=1s
2026-07-05 04:51:23 | INFO | each_eight_hours.py:165 | End turn executed
2026-07-05 04:51:55 | INFO | my_functions.py:199 | 
✅ Found: collect_rewards.PNG pos=(680, 977) time=0.82s confidence=0.8
2026-07-05 04:51:55 | INFO | each_eight_hours.py:204 | Rewards detected, exiting match
2026-07-05 04:51:55 | INFO | my_functions.py:247 | [DEBUG] Buscando en paralelo: ['collect_rewards.PNG'] | timeout=20s | confidence=0.8
2026-07-05 04:51:57 | INFO | my_functions.py:134 | Haciendo click en la posición (679, 957)
2026-07-05 04:51:57 | INFO | my_functions.py:269 | 🖱️ Click OK (En paralelo): collect_rewards.PNG at (679, 957) delay=1s
2026-07-05 04:51:58 | INFO | my_functions.py:247 | [DEBUG] Buscando en paralelo: ['next.PNG'] | timeout=20s | confidence=0.8
2026-07-05 04:52:05 | INFO | my_functions.py:134 | Haciendo click en la posición (677, 973)
2026-07-05 04:52:06 | INFO | my_functions.py:269 | 🖱️ Click OK (En paralelo): next.PNG at (677, 973) delay=1s
2026-07-05 04:52:09 | INFO | my_functions.py:533 | AVAILABLE: 6
2026-07-05 04:52:09 | INFO | each_eight_hours.py:271 | Submissions after match: 6
2026-07-05 04:52:09 | INFO | my_functions.py:555 | Misiones completadas: 1
2026-07-05 04:52:09 | INFO | each_eight_hours.py:148 | Starting game loop 2
2026-07-05 04:52:09 | INFO | my_functions.py:247 | [DEBUG] Buscando en paralelo: ['play.PNG'] | timeout=20s | confidence=0.8
2026-07-05 04:52:12 | INFO | my_functions.py:134 | Haciendo click en la posición (384, 824)
2026-07-05 04:52:13 | INFO | my_functions.py:269 | 🖱️ Click OK (En paralelo): play.PNG at (384, 824) delay=3s
2026-07-05 04:52:41 | INFO | my_functions.py:199 | 
✅ Found: end_turn.PNG pos=(681, 945) time=0.72s confidence=0.8
2026-07-05 04:52:41 | INFO | my_functions.py:247 | [DEBUG] Buscando en paralelo: ['snap.PNG'] | timeout=0s | confidence=0.8
2026-07-05 04:52:43 | INFO | my_functions.py:134 | Haciendo click en la posición (386, 123)
2026-07-05 04:52:43 | INFO | my_functions.py:269 | 🖱️ Click OK (En paralelo): snap.PNG at (386, 123) delay=1s
2026-07-05 04:52:49 | INFO | my_functions.py:247 | [DEBUG] Buscando en paralelo: ['end_turn.PNG'] | timeout=0s | confidence=0.8
2026-07-05 04:52:51 | INFO | my_functions.py:134 | Haciendo click en la posición (682, 946)
2026-07-05 04:52:51 | INFO | my_functions.py:269 | 🖱️ Click OK (En paralelo): end_turn.PNG at (682, 946) delay=1s
2026-07-05 04:52:52 | INFO | each_eight_hours.py:165 | End turn executed
2026-07-05 04:53:09 | INFO | my_functions.py:199 | 
✅ Found: end_turn.PNG pos=(681, 945) time=0.66s confidence=0.8
2026-07-05 04:53:09 | INFO | my_functions.py:247 | [DEBUG] Buscando en paralelo: ['snap.PNG'] | timeout=0s | confidence=0.8
2026-07-05 04:53:10 | INFO | my_functions.py:281 | [DEBUG] Click skipped, ninguna de las imágenes se encontró en el intento.
2026-07-05 04:53:16 | INFO | my_functions.py:247 | [DEBUG] Buscando en paralelo: ['end_turn.PNG'] | timeout=0s | confidence=0.8
2026-07-05 04:53:17 | INFO | my_functions.py:281 | [DEBUG] Click skipped, ninguna de las imágenes se encontró en el intento.
2026-07-05 04:53:22 | INFO | my_functions.py:199 | 
✅ Found: end_turn.PNG pos=(682, 946) time=0.7s confidence=0.8
2026-07-05 04:53:22 | INFO | my_functions.py:247 | [DEBUG] Buscando en paralelo: ['snap.PNG'] | timeout=0s | confidence=0.8
2026-07-05 04:53:22 | INFO | my_functions.py:281 | [DEBUG] Click skipped, ninguna de las imágenes se encontró en el intento.
2026-07-05 04:53:29 | INFO | my_functions.py:247 | [DEBUG] Buscando en paralelo: ['end_turn.PNG'] | timeout=0s | confidence=0.8
2026-07-05 04:53:30 | INFO | my_functions.py:134 | Haciendo click en la posición (682, 946)
2026-07-05 04:53:31 | INFO | my_functions.py:269 | 🖱️ Click OK (En paralelo): end_turn.PNG at (682, 946) delay=1s
2026-07-05 04:53:32 | INFO | each_eight_hours.py:165 | End turn executed
2026-07-05 04:53:49 | INFO | my_functions.py:199 | 
✅ Found: end_turn.PNG pos=(681, 945) time=0.68s confidence=0.8
2026-07-05 04:53:49 | INFO | my_functions.py:247 | [DEBUG] Buscando en paralelo: ['snap.PNG'] | timeout=0s | confidence=0.8
2026-07-05 04:53:50 | INFO | my_functions.py:281 | [DEBUG] Click skipped, ninguna de las imágenes se encontró en el intento.
2026-07-05 04:53:56 | INFO | my_functions.py:247 | [DEBUG] Buscando en paralelo: ['end_turn.PNG'] | timeout=0s | confidence=0.8
2026-07-05 04:53:57 | INFO | my_functions.py:134 | Haciendo click en la posición (682, 945)
2026-07-05 04:53:58 | INFO | my_functions.py:269 | 🖱️ Click OK (En paralelo): end_turn.PNG at (682, 945) delay=1s
2026-07-05 04:53:59 | INFO | each_eight_hours.py:165 | End turn executed
2026-07-05 04:54:12 | INFO | my_functions.py:199 | 
✅ Found: end_turn.PNG pos=(681, 945) time=0.68s confidence=0.8
2026-07-05 04:54:12 | INFO | my_functions.py:247 | [DEBUG] Buscando en paralelo: ['snap.PNG'] | timeout=0s | confidence=0.8
2026-07-05 04:54:13 | INFO | my_functions.py:281 | [DEBUG] Click skipped, ninguna de las imágenes se encontró en el intento.
2026-07-05 04:54:19 | INFO | my_functions.py:247 | [DEBUG] Buscando en paralelo: ['end_turn.PNG'] | timeout=0s | confidence=0.8
2026-07-05 04:54:21 | INFO | my_functions.py:134 | Haciendo click en la posición (682, 945)
2026-07-05 04:54:21 | INFO | my_functions.py:269 | 🖱️ Click OK (En paralelo): end_turn.PNG at (682, 945) delay=1s
2026-07-05 04:54:22 | INFO | each_eight_hours.py:165 | End turn executed
2026-07-05 04:54:32 | INFO | my_functions.py:199 | 
✅ Found: end_turn.PNG pos=(681, 945) time=0.7s confidence=0.8
2026-07-05 04:54:32 | INFO | my_functions.py:247 | [DEBUG] Buscando en paralelo: ['snap.PNG'] | timeout=0s | confidence=0.8
2026-07-05 04:54:33 | INFO | my_functions.py:281 | [DEBUG] Click skipped, ninguna de las imágenes se encontró en el intento.
2026-07-05 04:54:39 | INFO | my_functions.py:247 | [DEBUG] Buscando en paralelo: ['end_turn.PNG'] | timeout=0s | confidence=0.8
2026-07-05 04:54:41 | INFO | my_functions.py:134 | Haciendo click en la posición (682, 945)
2026-07-05 04:54:41 | INFO | my_functions.py:269 | 🖱️ Click OK (En paralelo): end_turn.PNG at (682, 945) delay=1s
2026-07-05 04:54:42 | INFO | each_eight_hours.py:165 | End turn executed
2026-07-05 04:55:06 | INFO | my_functions.py:199 | 
✅ Found: end_turn.PNG pos=(681, 945) time=0.67s confidence=0.8
2026-07-05 04:55:06 | INFO | my_functions.py:247 | [DEBUG] Buscando en paralelo: ['snap.PNG'] | timeout=0s | confidence=0.8
2026-07-05 04:55:07 | INFO | my_functions.py:281 | [DEBUG] Click skipped, ninguna de las imágenes se encontró en el intento.
2026-07-05 04:55:13 | INFO | my_functions.py:247 | [DEBUG] Buscando en paralelo: ['end_turn.PNG'] | timeout=0s | confidence=0.8
2026-07-05 04:55:15 | INFO | my_functions.py:134 | Haciendo click en la posición (682, 945)
2026-07-05 04:55:15 | INFO | my_functions.py:269 | 🖱️ Click OK (En paralelo): end_turn.PNG at (682, 945) delay=1s
2026-07-05 04:55:16 | INFO | each_eight_hours.py:165 | End turn executed
2026-07-05 04:55:43 | INFO | my_functions.py:199 | 
✅ Found: end_turn.PNG pos=(681, 945) time=0.69s confidence=0.8
2026-07-05 04:55:43 | INFO | my_functions.py:247 | [DEBUG] Buscando en paralelo: ['snap.PNG'] | timeout=0s | confidence=0.8
2026-07-05 04:55:44 | INFO | my_functions.py:281 | [DEBUG] Click skipped, ninguna de las imágenes se encontró en el intento.
2026-07-05 04:55:50 | INFO | my_functions.py:247 | [DEBUG] Buscando en paralelo: ['end_turn.PNG'] | timeout=0s | confidence=0.8
2026-07-05 04:55:52 | INFO | my_functions.py:134 | Haciendo click en la posición (681, 945)
2026-07-05 04:55:52 | INFO | my_functions.py:269 | 🖱️ Click OK (En paralelo): end_turn.PNG at (681, 945) delay=1s
2026-07-05 04:55:53 | INFO | each_eight_hours.py:165 | End turn executed
2026-07-05 04:56:25 | INFO | my_functions.py:199 | 
✅ Found: collect_rewards.PNG pos=(679, 960) time=0.86s confidence=0.8
2026-07-05 04:56:25 | INFO | each_eight_hours.py:204 | Rewards detected, exiting match
2026-07-05 04:56:25 | INFO | my_functions.py:247 | [DEBUG] Buscando en paralelo: ['collect_rewards.PNG'] | timeout=20s | confidence=0.8
2026-07-05 04:56:27 | INFO | my_functions.py:134 | Haciendo click en la posición (679, 957)
2026-07-05 04:56:27 | INFO | my_functions.py:269 | 🖱️ Click OK (En paralelo): collect_rewards.PNG at (679, 957) delay=1s
2026-07-05 04:56:28 | INFO | my_functions.py:247 | [DEBUG] Buscando en paralelo: ['next.PNG'] | timeout=20s | confidence=0.8
2026-07-05 04:56:35 | INFO | my_functions.py:134 | Haciendo click en la posición (677, 973)
2026-07-05 04:56:35 | INFO | my_functions.py:269 | 🖱️ Click OK (En paralelo): next.PNG at (677, 973) delay=1s
2026-07-05 04:56:38 | INFO | my_functions.py:533 | AVAILABLE: 6
2026-07-05 04:56:38 | INFO | each_eight_hours.py:271 | Submissions after match: 6
2026-07-05 04:56:38 | INFO | my_functions.py:555 | Misiones completadas: 4
2026-07-05 04:56:38 | INFO | each_eight_hours.py:275 | Submission condition met, breaking loop
2026-07-05 04:56:38 | INFO | my_functions.py:247 | [DEBUG] Buscando en paralelo: ['missionsNotify2.png'] | timeout=20s | confidence=0.8
2026-07-05 04:56:42 | INFO | my_functions.py:134 | Haciendo click en la posición (538, 124)
2026-07-05 04:56:42 | INFO | my_functions.py:269 | 🖱️ Click OK (En paralelo): missionsNotify2.png at (538, 124) delay=3s
2026-07-05 04:56:43 | INFO | my_functions.py:1470 | [INFO] Iniciando click_missions_blue2
2026-07-05 04:56:43 | INFO | my_functions.py:134 | Haciendo click en la posición (150, 132)
2026-07-05 04:56:44 | INFO | my_functions.py:1473 | [ACTION] Click hecho en icono de calendario que me dirige a las misiones ordinarias
2026-07-05 04:56:44 | INFO | my_functions.py:169 | Searching bonus_challenge.png (timeout=0s)
2026-07-05 04:56:45 | INFO | my_functions.py:213 | 
⛔ Not found: bonus_challenge.png after 0.0s region=(0, 0, 765, 1038) confidence=0.8
2026-07-05 04:56:47 | INFO | my_functions.py:134 | Haciendo click en la posición (362, 493)
2026-07-05 04:56:48 | INFO | my_functions.py:1486 | [ACTION] Click 1/4 en misión azul
2026-07-05 04:56:48 | INFO | my_functions.py:134 | Haciendo click en la posición (362, 493)
2026-07-05 04:56:50 | INFO | my_functions.py:1486 | [ACTION] Click 2/4 en misión azul
2026-07-05 04:56:50 | INFO | my_functions.py:134 | Haciendo click en la posición (362, 493)
2026-07-05 04:56:51 | INFO | my_functions.py:1486 | [ACTION] Click 3/4 en misión azul
2026-07-05 04:56:52 | INFO | my_functions.py:134 | Haciendo click en la posición (362, 493)
2026-07-05 04:56:53 | INFO | my_functions.py:1486 | [ACTION] Click 4/4 en misión azul
2026-07-05 04:56:54 | INFO | my_functions.py:169 | Searching flechita_mission.PNG (timeout=0s)
2026-07-05 04:56:54 | INFO | my_functions.py:213 | 
⛔ Not found: flechita_mission.PNG after 0.0s region=(0, 0, 765, 1038) confidence=0.8
2026-07-05 04:56:54 | INFO | my_functions.py:247 | [DEBUG] Buscando en paralelo: ['weekly3.PNG'] | timeout=0s | confidence=0.8
2026-07-05 04:56:55 | INFO | my_functions.py:134 | Haciendo click en la posición (485, 266)
2026-07-05 04:56:55 | INFO | my_functions.py:269 | 🖱️ Click OK (En paralelo): weekly3.PNG at (485, 266) delay=0.1s
2026-07-05 04:56:57 | INFO | my_functions.py:247 | [DEBUG] Buscando en paralelo: ['claim!.PNG'] | timeout=0s | confidence=0.8
2026-07-05 04:56:58 | INFO | my_functions.py:134 | Haciendo click en la posición (381, 924)
2026-07-05 04:56:58 | INFO | my_functions.py:269 | 🖱️ Click OK (En paralelo): claim!.PNG at (381, 924) delay=0.2s
2026-07-05 04:56:59 | INFO | my_functions.py:247 | [DEBUG] Buscando en paralelo: ['claim_hover.PNG'] | timeout=0s | confidence=0.8
2026-07-05 04:57:00 | INFO | my_functions.py:134 | Haciendo click en la posición (383, 921)
2026-07-05 04:57:00 | INFO | my_functions.py:269 | 🖱️ Click OK (En paralelo): claim_hover.PNG at (383, 921) delay=0.2s
2026-07-05 04:57:01 | INFO | my_functions.py:247 | [DEBUG] Buscando en paralelo: ['claim!.PNG'] | timeout=0s | confidence=0.8
2026-07-05 04:57:02 | INFO | my_functions.py:281 | [DEBUG] Click skipped, ninguna de las imágenes se encontró en el intento.
2026-07-05 04:57:03 | INFO | my_functions.py:247 | [DEBUG] Buscando en paralelo: ['claim_hover.PNG'] | timeout=0s | confidence=0.8
2026-07-05 04:57:04 | INFO | my_functions.py:134 | Haciendo click en la posición (383, 921)
2026-07-05 04:57:04 | INFO | my_functions.py:269 | 🖱️ Click OK (En paralelo): claim_hover.PNG at (383, 921) delay=0.2s
2026-07-05 04:57:05 | INFO | my_functions.py:247 | [DEBUG] Buscando en paralelo: ['weekly3.PNG'] | timeout=0s | confidence=0.8
2026-07-05 04:57:06 | INFO | my_functions.py:281 | [DEBUG] Click skipped, ninguna de las imágenes se encontró en el intento.
2026-07-05 04:57:07 | INFO | my_functions.py:247 | [DEBUG] Buscando en paralelo: ['weekly3.PNG'] | timeout=0s | confidence=0.8
2026-07-05 04:57:08 | INFO | my_functions.py:281 | [DEBUG] Click skipped, ninguna de las imágenes se encontró en el intento.
2026-07-05 04:57:09 | INFO | my_functions.py:134 | Haciendo click en la posición (557, 64)
2026-07-05 04:57:10 | INFO | my_functions.py:247 | [DEBUG] Buscando en paralelo: ['cards_shop.PNG'] | timeout=20s | confidence=0.8
2026-07-05 04:57:13 | INFO | my_functions.py:134 | Haciendo click en la posición (568, 121)
2026-07-05 04:57:13 | INFO | my_functions.py:269 | 🖱️ Click OK (En paralelo): cards_shop.PNG at (568, 121) delay=1s
2026-07-05 04:57:14 | INFO | my_functions.py:247 | [DEBUG] Buscando en paralelo: ['token_icon.PNG'] | timeout=20s | confidence=0.8
2026-07-05 04:57:17 | INFO | my_functions.py:134 | Haciendo click en la posición (680, 171)
2026-07-05 04:57:18 | INFO | my_functions.py:269 | 🖱️ Click OK (En paralelo): token_icon.PNG at (680, 171) delay=1s
2026-07-05 04:57:21 | INFO | my_functions.py:247 | [DEBUG] Buscando en paralelo: ['claim!_token_3.PNG'] | timeout=4s | confidence=0.8
2026-07-05 04:57:25 | INFO | my_functions.py:281 | [DEBUG] Click skipped, ninguna de las imágenes se encontró en el intento.
2026-07-05 04:57:26 | INFO | my_functions.py:247 | [DEBUG] Buscando en paralelo: ['cards_shop.PNG'] | timeout=20s | confidence=0.8
2026-07-05 04:57:28 | INFO | my_functions.py:134 | Haciendo click en la posición (568, 122)
2026-07-05 04:57:29 | INFO | my_functions.py:269 | 🖱️ Click OK (En paralelo): cards_shop.PNG at (568, 122) delay=1s
2026-07-05 04:57:30 | INFO | my_functions.py:247 | [DEBUG] Buscando en paralelo: ['offers.PNG'] | timeout=20s | confidence=0.8
2026-07-05 04:57:32 | INFO | my_functions.py:134 | Haciendo click en la posición (197, 121)
2026-07-05 04:57:32 | INFO | my_functions.py:269 | 🖱️ Click OK (En paralelo): offers.PNG at (197, 121) delay=1s
2026-07-05 04:57:33 | INFO | my_functions.py:1351 | [INFO] Iniciando mejora de cartas
2026-07-05 04:57:33 | INFO | my_functions.py:247 | [DEBUG] Buscando en paralelo: ['upgrade_cards_icon.PNG'] | timeout=3s | confidence=0.8
2026-07-05 04:57:35 | INFO | my_functions.py:134 | Haciendo click en la posición (322, 170)
2026-07-05 04:57:35 | INFO | my_functions.py:269 | 🖱️ Click OK (En paralelo): upgrade_cards_icon.PNG at (322, 170) delay=1s
2026-07-05 04:57:36 | INFO | my_functions.py:1358 | [INFO] Abriendo icono de upgrade_cards
2026-07-05 04:57:37 | INFO | my_functions.py:1365 | [STEP] Mejorando carta 1
2026-07-05 04:57:37 | INFO | my_functions.py:1369 | [ACTION] Click en carta 1
2026-07-05 04:57:38 | INFO | my_functions.py:1374 | [ACTION] Click en botón upgrade
2026-07-05 04:57:46 | INFO | my_functions.py:169 | Searching aw_snap.png (timeout=3s)
2026-07-05 04:57:49 | INFO | my_functions.py:213 | 
⛔ Not found: aw_snap.png after 3.16s region=(0, 0, 765, 1038) confidence=0.8
2026-07-05 04:57:49 | INFO | my_functions.py:247 | [DEBUG] Buscando en paralelo: ['you_need_more_credits!.png'] | timeout=3s | confidence=0.8
2026-07-05 04:57:53 | INFO | my_functions.py:281 | [DEBUG] Click skipped, ninguna de las imágenes se encontró en el intento.
2026-07-05 04:57:59 | INFO | my_functions.py:1407 | [ACTION] Click para continuar a stage de nivel de coleccion
2026-07-05 04:58:04 | INFO | my_functions.py:142 | Presionando ESC (1/1)
2026-07-05 04:58:05 | INFO | my_functions.py:1415 | [ACTION] Saliendo de stage nivel de coleccion con ESC
2026-07-05 04:58:06 | INFO | my_functions.py:247 | [DEBUG] Buscando en paralelo: ['upgrade_cards_icon_selected.PNG'] | timeout=0s | confidence=0.8
2026-07-05 04:58:07 | INFO | my_functions.py:134 | Haciendo click en la posición (320, 173)
2026-07-05 04:58:08 | INFO | my_functions.py:269 | 🖱️ Click OK (En paralelo): upgrade_cards_icon_selected.PNG at (320, 173) delay=1s
2026-07-05 04:58:09 | INFO | my_functions.py:1427 | [INFO] Reabriendo icono de upgrade_cards
2026-07-05 04:58:10 | INFO | my_functions.py:1365 | [STEP] Mejorando carta 2
2026-07-05 04:58:10 | INFO | my_functions.py:1369 | [ACTION] Click en carta 2
2026-07-05 04:58:11 | INFO | my_functions.py:1374 | [ACTION] Click en botón upgrade
2026-07-05 04:58:18 | INFO | my_functions.py:169 | Searching aw_snap.png (timeout=3s)
2026-07-05 04:58:22 | INFO | my_functions.py:213 | 
⛔ Not found: aw_snap.png after 3.12s region=(0, 0, 765, 1038) confidence=0.8
2026-07-05 04:58:22 | INFO | my_functions.py:247 | [DEBUG] Buscando en paralelo: ['you_need_more_credits!.png'] | timeout=3s | confidence=0.8
2026-07-05 04:58:25 | INFO | my_functions.py:281 | [DEBUG] Click skipped, ninguna de las imágenes se encontró en el intento.
2026-07-05 04:58:31 | INFO | my_functions.py:1407 | [ACTION] Click para continuar a stage de nivel de coleccion
2026-07-05 04:58:36 | INFO | my_functions.py:142 | Presionando ESC (1/1)
2026-07-05 04:58:37 | INFO | my_functions.py:1415 | [ACTION] Saliendo de stage nivel de coleccion con ESC
2026-07-05 04:58:38 | INFO | my_functions.py:247 | [DEBUG] Buscando en paralelo: ['upgrade_cards_icon_selected.PNG'] | timeout=0s | confidence=0.8
2026-07-05 04:58:40 | INFO | my_functions.py:134 | Haciendo click en la posición (320, 173)
2026-07-05 04:58:40 | INFO | my_functions.py:269 | 🖱️ Click OK (En paralelo): upgrade_cards_icon_selected.PNG at (320, 173) delay=1s
2026-07-05 04:58:41 | INFO | my_functions.py:1427 | [INFO] Reabriendo icono de upgrade_cards
2026-07-05 04:58:42 | INFO | my_functions.py:1365 | [STEP] Mejorando carta 3
2026-07-05 04:58:42 | INFO | my_functions.py:1369 | [ACTION] Click en carta 3
2026-07-05 04:58:43 | INFO | my_functions.py:1374 | [ACTION] Click en botón upgrade
2026-07-05 04:58:50 | INFO | my_functions.py:169 | Searching aw_snap.png (timeout=3s)
2026-07-05 04:58:54 | INFO | my_functions.py:213 | 
⛔ Not found: aw_snap.png after 3.26s region=(0, 0, 765, 1038) confidence=0.8
2026-07-05 04:58:54 | INFO | my_functions.py:247 | [DEBUG] Buscando en paralelo: ['you_need_more_credits!.png'] | timeout=3s | confidence=0.8
2026-07-05 04:58:58 | INFO | my_functions.py:281 | [DEBUG] Click skipped, ninguna de las imágenes se encontró en el intento.
2026-07-05 04:59:04 | INFO | my_functions.py:1407 | [ACTION] Click para continuar a stage de nivel de coleccion
2026-07-05 04:59:09 | INFO | my_functions.py:142 | Presionando ESC (1/1)
2026-07-05 04:59:10 | INFO | my_functions.py:1415 | [ACTION] Saliendo de stage nivel de coleccion con ESC
2026-07-05 04:59:11 | INFO | my_functions.py:1433 | [INFO] Mejora de cartas completada ✅
2026-07-05 04:59:11 | INFO | my_functions.py:142 | Presionando ESC (1/1)
2026-07-05 04:59:11 | INFO | my_functions.py:247 | [DEBUG] Buscando en paralelo: ['white_x.png'] | timeout=2s | confidence=0.8
2026-07-05 04:59:14 | INFO | my_functions.py:281 | [DEBUG] Click skipped, ninguna de las imágenes se encontró en el intento.
2026-07-05 04:59:15 | INFO | each_eight_hours.py:46 | [04:59:15.349] [DEBUG] === INICIANDO FUNCIÓN collect_cl_rewards ===
2026-07-05 04:59:15 | INFO | each_eight_hours.py:46 | [04:59:15.355] [DEBUG] Haciendo click inicial en (387, 166)...
2026-07-05 04:59:15 | INFO | my_functions.py:134 | Haciendo click en la posición (387, 166)
2026-07-05 04:59:21 | INFO | each_eight_hours.py:46 | [04:59:21.691] [DEBUG] Se omitió el cambio de tamaño de ventanas (resize=False)
2026-07-05 04:59:21 | INFO | each_eight_hours.py:46 | [04:59:21.732] [DEBUG] Recompensas iniciales detectadas por la API: 2
2026-07-05 04:59:21 | INFO | each_eight_hours.py:46 | [04:59:21.733] [DEBUG] --------------------------------------------------
2026-07-05 04:59:21 | INFO | each_eight_hours.py:46 | [04:59:21.737] [DEBUG] Inicio de iteración. Recompensas restantes: 2
2026-07-05 04:59:21 | INFO | each_eight_hours.py:46 | [04:59:21.745] [DEBUG] Intentando hacer click en: (260, 580)
2026-07-05 04:59:22 | INFO | my_functions.py:169 | Searching claim!.PNG (timeout=3s)
2026-07-05 04:59:27 | INFO | my_functions.py:213 | 
⛔ Not found: claim!.PNG after 3.54s region=(0, 0, 765, 1038) confidence=0.8
2026-07-05 04:59:27 | INFO | each_eight_hours.py:46 | [04:59:27.200] [DEBUG] No se detectó 'Claim'. Buscando 'check.png' en región (228, 547, 65, 55)...
2026-07-05 04:59:27 | INFO | my_functions.py:169 | Searching check.png (timeout=1s)
2026-07-05 04:59:28 | INFO | my_functions.py:213 | 
⛔ Not found: check.png after 1.01s region=(228, 547, 65, 55) confidence=0.8
2026-07-05 04:59:28 | INFO | each_eight_hours.py:46 | [04:59:28.317] [DEBUG] -> [CORRECCIÓN] Primer click fallido. Cambiando de lado a X = 470
2026-07-05 04:59:28 | INFO | each_eight_hours.py:46 | [04:59:28.320] [DEBUG] --------------------------------------------------
2026-07-05 04:59:28 | INFO | each_eight_hours.py:46 | [04:59:28.326] [DEBUG] Inicio de iteración. Recompensas restantes: 2
2026-07-05 04:59:28 | INFO | each_eight_hours.py:46 | [04:59:28.330] [DEBUG] Intentando hacer click en: (470, 580)
2026-07-05 04:59:29 | INFO | my_functions.py:169 | Searching claim!.PNG (timeout=3s)
2026-07-05 04:59:33 | INFO | my_functions.py:213 | 
⛔ Not found: claim!.PNG after 3.48s region=(0, 0, 765, 1038) confidence=0.8
2026-07-05 04:59:33 | INFO | each_eight_hours.py:46 | [04:59:33.722] [DEBUG] No se detectó 'Claim'. Buscando 'check.png' en región (449, 547, 65, 55)...
2026-07-05 04:59:33 | INFO | my_functions.py:169 | Searching check.png (timeout=1s)
2026-07-05 04:59:33 | INFO | my_functions.py:199 | 
✅ Found: check.png pos=(501, 576) time=0.12s confidence=0.8
2026-07-05 04:59:33 | INFO | each_eight_hours.py:46 | [04:59:33.851] [DEBUG] -> ¡ÉXITO! Crédito detectado por 'check.png'. Reclamado automáticamente por el click previo.
2026-07-05 04:59:33 | INFO | each_eight_hours.py:46 | [04:59:33.856] [DEBUG] Moviendo el mouse a la posición de scroll (350, 580)...
2026-07-05 04:59:35 | INFO | each_eight_hours.py:46 | [04:59:35.439] [DEBUG] Alternancia de coordenada X: Cambió de 470 a 260
2026-07-05 04:59:35 | INFO | each_eight_hours.py:46 | [04:59:35.442] [DEBUG] --------------------------------------------------
2026-07-05 04:59:35 | INFO | each_eight_hours.py:46 | [04:59:35.443] [DEBUG] Inicio de iteración. Recompensas restantes: 1
2026-07-05 04:59:35 | INFO | each_eight_hours.py:46 | [04:59:35.449] [DEBUG] Intentando hacer click en: (260, 580)
2026-07-05 04:59:36 | INFO | my_functions.py:169 | Searching claim!.PNG (timeout=3s)
2026-07-05 04:59:40 | INFO | my_functions.py:213 | 
⛔ Not found: claim!.PNG after 3.46s region=(0, 0, 765, 1038) confidence=0.8
2026-07-05 04:59:40 | INFO | each_eight_hours.py:46 | [04:59:40.805] [DEBUG] No se detectó 'Claim'. Buscando 'check.png' en región (228, 547, 65, 55)...
2026-07-05 04:59:40 | INFO | my_functions.py:169 | Searching check.png (timeout=1s)
2026-07-05 04:59:40 | INFO | my_functions.py:199 | 
✅ Found: check.png pos=(264, 578) time=0.12s confidence=0.8
2026-07-05 04:59:40 | INFO | each_eight_hours.py:46 | [04:59:40.929] [DEBUG] -> ¡ÉXITO! Crédito detectado por 'check.png'. Reclamado automáticamente por el click previo.
2026-07-05 04:59:40 | INFO | each_eight_hours.py:46 | [04:59:40.938] [DEBUG] Moviendo el mouse a la posición de scroll (350, 580)...
2026-07-05 04:59:42 | INFO | each_eight_hours.py:46 | [04:59:42.506] [DEBUG] Alternancia de coordenada X: Cambió de 260 a 470
2026-07-05 04:59:42 | INFO | each_eight_hours.py:46 | Finished collecting rewards
2026-07-05 04:59:43 | INFO | my_functions.py:142 | Presionando ESC (1/1)
2026-07-05 04:59:44 | INFO | my_functions.py:247 | [DEBUG] Buscando en paralelo: ['nut.png'] | timeout=20s | confidence=0.8
2026-07-05 04:59:45 | INFO | my_functions.py:134 | Haciendo click en la posición (184, 78)
2026-07-05 04:59:46 | INFO | my_functions.py:269 | 🖱️ Click OK (En paralelo): nut.png at (184, 78) delay=1s
2026-07-05 04:59:47 | INFO | my_functions.py:247 | [DEBUG] Buscando en paralelo: ['graphics_quality.png'] | timeout=3s | confidence=0.8
2026-07-05 04:59:48 | INFO | my_functions.py:134 | Haciendo click en la posición (304, 643)
2026-07-05 04:59:48 | INFO | my_functions.py:269 | 🖱️ Click OK (En paralelo): graphics_quality.png at (304, 643) delay=1s
2026-07-05 04:59:51 | INFO | my_functions.py:247 | [DEBUG] Buscando en paralelo: ['sign_out.png'] | timeout=20s | confidence=0.8
2026-07-05 04:59:52 | INFO | my_functions.py:134 | Haciendo click en la posición (380, 796)
2026-07-05 04:59:52 | INFO | my_functions.py:269 | 🖱️ Click OK (En paralelo): sign_out.png at (380, 796) delay=1s
2026-07-05 04:59:55 | INFO | my_functions.py:247 | [DEBUG] Buscando en paralelo: ['sign_out_grande.png'] | timeout=20s | confidence=0.8
2026-07-05 04:59:56 | INFO | my_functions.py:134 | Haciendo click en la posición (359, 437)
2026-07-05 04:59:56 | INFO | my_functions.py:269 | 🖱️ Click OK (En paralelo): sign_out_grande.png at (359, 437) delay=1s
2026-07-05 04:59:57 | INFO | my_functions.py:247 | [DEBUG] Buscando en paralelo: ['sign_out2.png'] | timeout=20s | confidence=0.8
2026-07-05 04:59:59 | INFO | my_functions.py:134 | Haciendo click en la posición (383, 634)
2026-07-05 04:59:59 | INFO | my_functions.py:269 | 🖱️ Click OK (En paralelo): sign_out2.png at (383, 634) delay=1s
2026-07-05 05:00:00 | INFO | my_functions.py:1545 | ⏱ Esperando 0.1 segundos antes de empezar...
2026-07-05 05:00:00 | INFO | my_functions.py:1552 | 🔍 Esperando ventana que contenga alguna de: SNAP (máx 20s)
2026-07-05 05:00:00 | INFO | my_functions.py:1564 | ✅ Ventana encontrada: 'SNAP'
2026-07-05 05:00:00 | INFO | my_functions.py:1579 | ✅ Ventana seleccionada: 'SNAP'
2026-07-05 05:00:02 | INFO | my_functions.py:1602 | 🔁 Reajuste #1...
2026-07-05 05:00:04 | INFO | my_functions.py:1609 | ✔ Verificación completa. Se hicieron 1 reajustes.
2026-07-05 05:00:09 | INFO | each_eight_hours.py:113 | Processing account: overture_vm
2026-07-05 05:00:09 | INFO | my_functions.py:1545 | ⏱ Esperando 0.1 segundos antes de empezar...
2026-07-05 05:00:09 | INFO | my_functions.py:1552 | 🔍 Esperando ventana que contenga alguna de: ['SNAP'] (máx 20s)
2026-07-05 05:00:11 | INFO | my_functions.py:1564 | ✅ Ventana encontrada: 'SNAP'
2026-07-05 05:00:11 | INFO | my_functions.py:1579 | ✅ Ventana seleccionada: 'SNAP'
2026-07-05 05:00:13 | INFO | my_functions.py:1611 | ✔ Verificación completa. No hubo cambios después del primer ajuste.
2026-07-05 05:00:13 | INFO | my_functions.py:1206 | [DEBUG] Resizing SNAP window...
2026-07-05 05:00:13 | INFO | my_functions.py:1545 | ⏱ Esperando 0.1 segundos antes de empezar...
2026-07-05 05:00:13 | INFO | my_functions.py:1552 | 🔍 Esperando ventana que contenga alguna de: ['SNAP'] (máx 20s)
2026-07-05 05:00:13 | INFO | my_functions.py:1564 | ✅ Ventana encontrada: 'SNAP'
2026-07-05 05:00:13 | INFO | my_functions.py:1579 | ✅ Ventana seleccionada: 'SNAP'
2026-07-05 05:00:20 | INFO | my_functions.py:1611 | ✔ Verificación completa. No hubo cambios después del primer ajuste.
2026-07-05 05:00:20 | INFO | my_functions.py:247 | [DEBUG] Buscando en paralelo: ['small_submit.PNG', 'small_submit_hover.png', 'submit_hover_2.png', 'small_submit_hover_2.png'] | timeout=90s | confidence=0.8
2026-07-05 05:00:22 | INFO | my_functions.py:134 | Haciendo click en la posición (380, 642)
2026-07-05 05:00:22 | INFO | my_functions.py:269 | 🖱️ Click OK (En paralelo): small_submit.PNG at (380, 642) delay=0.2s
2026-07-05 05:00:25 | INFO | my_functions.py:247 | [DEBUG] Buscando en paralelo: ['small_submit.PNG', 'small_submit_hover.png', 'submit_hover_2.png', 'small_submit_hover_2.png'] | timeout=20s | confidence=0.8
2026-07-05 05:00:27 | INFO | my_functions.py:134 | Haciendo click en la posición (380, 721)
2026-07-05 05:00:27 | INFO | my_functions.py:269 | 🖱️ Click OK (En paralelo): small_submit.PNG at (380, 721) delay=0.2s
2026-07-05 05:00:28 | INFO | my_functions.py:1545 | ⏱ Esperando 0.1 segundos antes de empezar...
2026-07-05 05:00:28 | INFO | my_functions.py:1552 | 🔍 Esperando ventana que contenga alguna de: ['SNAP'] (máx 20s)
2026-07-05 05:00:28 | INFO | my_functions.py:1564 | ✅ Ventana encontrada: 'SNAP'
2026-07-05 05:00:28 | INFO | my_functions.py:1579 | ✅ Ventana seleccionada: 'SNAP'
2026-07-05 05:00:30 | INFO | my_functions.py:1602 | 🔁 Reajuste #1...
2026-07-05 05:00:31 | INFO | my_functions.py:1609 | ✔ Verificación completa. Se hicieron 1 reajustes.
2026-07-05 05:00:31 | INFO | my_functions.py:169 | Searching please_sign.png (timeout=0s)
2026-07-05 05:00:32 | INFO | my_functions.py:199 | 
✅ Found: please_sign.png pos=(383, 438) time=0.45s confidence=0.8
2026-07-05 05:00:32 | INFO | my_functions.py:247 | [DEBUG] Buscando en paralelo: ['ok_btn.png'] | timeout=20s | confidence=0.8
2026-07-05 05:00:34 | INFO | my_functions.py:134 | Haciendo click en la posición (382, 634)
2026-07-05 05:00:34 | INFO | my_functions.py:269 | 🖱️ Click OK (En paralelo): ok_btn.png at (382, 634) delay=1s
2026-07-05 05:00:35 | INFO | my_functions.py:247 | [DEBUG] Buscando en paralelo: ['small_submit.PNG', 'small_submit_hover.png', 'submit_hover_2.png', 'small_submit_hover_2.png'] | timeout=30s | confidence=0.8
2026-07-05 05:00:38 | INFO | my_functions.py:134 | Haciendo click en la posición (383, 643)
2026-07-05 05:00:38 | INFO | my_functions.py:269 | 🖱️ Click OK (En paralelo): small_submit_hover_2.png at (383, 643) delay=0.2s
2026-07-05 05:00:39 | INFO | my_functions.py:247 | [DEBUG] Buscando en paralelo: ['small_submit.PNG', 'small_submit_hover.png', 'submit_hover_2.png', 'small_submit_hover_2.png'] | timeout=20s | confidence=0.8
2026-07-05 05:00:40 | INFO | my_functions.py:134 | Haciendo click en la posición (380, 721)
2026-07-05 05:00:41 | INFO | my_functions.py:269 | 🖱️ Click OK (En paralelo): small_submit.PNG at (380, 721) delay=0.2s
2026-07-05 05:00:42 | INFO | my_functions.py:247 | [DEBUG] Buscando en paralelo: ['sign_in_with_google2.PNG'] | timeout=20s | confidence=0.8
2026-07-05 05:00:43 | INFO | my_functions.py:134 | Haciendo click en la posición (406, 957)
2026-07-05 05:00:43 | INFO | my_functions.py:269 | 🖱️ Click OK (En paralelo): sign_in_with_google2.PNG at (406, 957) delay=1s
2026-07-05 05:00:45 | INFO | my_functions.py:169 | Searching pagina_cargada.png (timeout=60s)
2026-07-05 05:00:56 | INFO | my_functions.py:199 | 
✅ Found: pagina_cargada.png pos=(70, 24) time=11.78s confidence=0.8
2026-07-05 05:00:58 | INFO | my_functions.py:247 | [DEBUG] Buscando en paralelo: ['overture_vm.png'] | timeout=0s | confidence=0.8
2026-07-05 05:01:02 | INFO | my_functions.py:134 | Haciendo click en la posición (1126, 447)
2026-07-05 05:01:02 | INFO | my_functions.py:269 | 🖱️ Click OK (En paralelo): overture_vm.png at (1126, 447) delay=3s
2026-07-05 05:01:03 | INFO | my_functions.py:169 | Searching marvelsnap_web.png (timeout=30s)
2026-07-05 05:01:07 | INFO | my_functions.py:199 | 
✅ Found: marvelsnap_web.png pos=(258, 80) time=3.35s confidence=0.7
2026-07-05 05:01:07 | INFO | my_functions.py:169 | Searching shop_unselected.PNG (timeout=0s)
2026-07-05 05:01:08 | INFO | my_functions.py:213 | 
⛔ Not found: shop_unselected.PNG after 0.0s region=(0, 0, 765, 1038) confidence=0.8
2026-07-05 05:01:08 | INFO | my_functions.py:247 | [DEBUG] Buscando en paralelo: ['super_premium.PNG'] | timeout=0s | confidence=0.8
2026-07-05 05:01:08 | INFO | my_functions.py:281 | [DEBUG] Click skipped, ninguna de las imágenes se encontró en el intento.
2026-07-05 05:01:09 | INFO | my_functions.py:247 | [DEBUG] Buscando en paralelo: ['maybe_later.PNG'] | timeout=0s | confidence=0.8
2026-07-05 05:01:10 | INFO | my_functions.py:281 | [DEBUG] Click skipped, ninguna de las imágenes se encontró en el intento.
2026-07-05 05:01:11 | INFO | my_functions.py:247 | [DEBUG] Buscando en paralelo: ['maybe_later2.PNG'] | timeout=0s | confidence=0.8
2026-07-05 05:01:12 | INFO | my_functions.py:281 | [DEBUG] Click skipped, ninguna de las imágenes se encontró en el intento.
2026-07-05 05:01:13 | INFO | my_functions.py:169 | Searching go_to_shop.PNG (timeout=0s)
2026-07-05 05:01:13 | INFO | my_functions.py:213 | 
⛔ Not found: go_to_shop.PNG after 0.0s region=(0, 0, 765, 1038) confidence=0.8
2026-07-05 05:01:13 | INFO | my_functions.py:247 | [DEBUG] Buscando en paralelo: ['14_days_of_winterverse.PNG'] | timeout=0s | confidence=0.8
2026-07-05 05:01:14 | INFO | my_functions.py:281 | [DEBUG] Click skipped, ninguna de las imágenes se encontró en el intento.
2026-07-05 05:01:15 | INFO | my_functions.py:169 | Searching welcome_back_calendar.PNG (timeout=0s)
2026-07-05 05:01:15 | INFO | my_functions.py:213 | 
⛔ Not found: welcome_back_calendar.PNG after 0.0s region=(0, 0, 765, 1038) confidence=0.8
2026-07-05 05:01:15 | INFO | my_functions.py:247 | [DEBUG] Buscando en paralelo: ['start_the_countdown.PNG'] | timeout=0s | confidence=0.8
2026-07-05 05:01:16 | INFO | my_functions.py:281 | [DEBUG] Click skipped, ninguna de las imágenes se encontró en el intento.
2026-07-05 05:01:17 | INFO | my_functions.py:247 | [DEBUG] Buscando en paralelo: ['event_has_ended_sanctum.PNG'] | timeout=0s | confidence=0.8
2026-07-05 05:01:17 | INFO | my_functions.py:281 | [DEBUG] Click skipped, ninguna de las imágenes se encontró en el intento.
2026-07-05 05:01:19 | INFO | my_functions.py:247 | [DEBUG] Buscando en paralelo: ['event_has_ended_teamclash.PNG'] | timeout=0s | confidence=0.8
2026-07-05 05:01:19 | INFO | my_functions.py:281 | [DEBUG] Click skipped, ninguna de las imágenes se encontró en el intento.
2026-07-05 05:01:20 | INFO | my_functions.py:247 | [DEBUG] Buscando en paralelo: ['image_part_of_event_grand_arena_finished.PNG'] | timeout=0s | confidence=0.8
2026-07-05 05:01:21 | INFO | my_functions.py:281 | [DEBUG] Click skipped, ninguna de las imágenes se encontró en el intento.
2026-07-05 05:01:22 | INFO | my_functions.py:169 | Searching 28_day_event_login_rewards.PNG (timeout=0s)
2026-07-05 05:01:22 | INFO | my_functions.py:213 | 
⛔ Not found: 28_day_event_login_rewards.PNG after 0.0s region=(0, 0, 765, 1038) confidence=0.8
2026-07-05 05:01:22 | INFO | my_functions.py:169 | Searching 7_day_event_login.PNG (timeout=0s)
2026-07-05 05:01:23 | INFO | my_functions.py:213 | 
⛔ Not found: 7_day_event_login.PNG after 0.0s region=(0, 0, 765, 1038) confidence=0.8
2026-07-05 05:01:23 | INFO | my_functions.py:169 | Searching 14_days_event.PNG (timeout=0s)
2026-07-05 05:01:23 | INFO | my_functions.py:213 | 
⛔ Not found: 14_days_event.PNG after 0.0s region=(0, 0, 765, 1038) confidence=0.8
2026-07-05 05:01:23 | INFO | my_functions.py:247 | [DEBUG] Buscando en paralelo: ['lets_go.PNG'] | timeout=0s | confidence=0.8
2026-07-05 05:01:24 | INFO | my_functions.py:281 | [DEBUG] Click skipped, ninguna de las imágenes se encontró en el intento.
2026-07-05 05:01:26 | INFO | my_functions.py:169 | Searching shop_unselected.PNG (timeout=0s)
2026-07-05 05:01:27 | INFO | my_functions.py:199 | 
✅ Found: shop_unselected.PNG pos=(88, 961) time=0.71s confidence=0.8
2026-07-05 05:01:35 | INFO | my_functions.py:169 | Searching shop_unselected.PNG (timeout=0s)
2026-07-05 05:01:35 | INFO | my_functions.py:199 | 
✅ Found: shop_unselected.PNG pos=(88, 961) time=0.73s confidence=0.8
2026-07-05 05:01:35 | INFO | my_functions.py:714 | Ya esta listo
2026-07-05 05:01:40 | INFO | my_functions.py:533 | AVAILABLE: 6
2026-07-05 05:01:40 | INFO | my_functions.py:555 | Misiones completadas: 0
2026-07-05 05:01:40 | INFO | my_functions.py:169 | Searching play.PNG (timeout=0s)
2026-07-05 05:01:40 | INFO | my_functions.py:199 | 
✅ Found: play.PNG pos=(384, 824) time=0.61s confidence=0.8
2026-07-05 05:01:41 | INFO | my_functions.py:1440 | [INFO] Click realizado donde se equipa el deck a jugar
2026-07-05 05:01:45 | INFO | my_functions.py:247 | [DEBUG] Buscando en paralelo: ['deck_666666.png'] | timeout=3s | confidence=0.8
2026-07-05 05:01:46 | INFO | my_functions.py:134 | Haciendo click en la posición (533, 546)
2026-07-05 05:01:47 | INFO | my_functions.py:269 | 🖱️ Click OK (En paralelo): deck_666666.png at (533, 546) delay=1s
2026-07-05 05:01:48 | INFO | my_functions.py:247 | [DEBUG] Buscando en paralelo: ['equip.png'] | timeout=3s | confidence=0.95
2026-07-05 05:01:50 | INFO | my_functions.py:134 | Haciendo click en la posición (548, 983)
2026-07-05 05:01:50 | INFO | my_functions.py:269 | 🖱️ Click OK (En paralelo): equip.png at (548, 983) delay=1s
2026-07-05 05:01:51 | INFO | each_eight_hours.py:134 | Deck selected: 6turns
2026-07-05 05:01:51 | INFO | my_functions.py:247 | [DEBUG] Buscando en paralelo: ['maybe_later.PNG'] | timeout=2s | confidence=0.8
2026-07-05 05:01:53 | INFO | my_functions.py:281 | [DEBUG] Click skipped, ninguna de las imágenes se encontró en el intento.
2026-07-05 05:01:54 | INFO | my_functions.py:247 | [DEBUG] Buscando en paralelo: ['maybe_later2.PNG'] | timeout=0.01s | confidence=0.8
2026-07-05 05:01:55 | INFO | my_functions.py:281 | [DEBUG] Click skipped, ninguna de las imágenes se encontró en el intento.
2026-07-05 05:01:56 | INFO | each_eight_hours.py:148 | Starting game loop 1
2026-07-05 05:01:56 | INFO | my_functions.py:247 | [DEBUG] Buscando en paralelo: ['play.PNG'] | timeout=20s | confidence=0.8
2026-07-05 05:02:00 | INFO | my_functions.py:134 | Haciendo click en la posición (384, 824)
2026-07-05 05:02:00 | INFO | my_functions.py:269 | 🖱️ Click OK (En paralelo): play.PNG at (384, 824) delay=3s
2026-07-05 05:02:18 | INFO | my_functions.py:199 | 
✅ Found: end_turn.PNG pos=(681, 945) time=0.64s confidence=0.8
2026-07-05 05:02:18 | INFO | my_functions.py:247 | [DEBUG] Buscando en paralelo: ['snap.PNG'] | timeout=0s | confidence=0.8
2026-07-05 05:02:20 | INFO | my_functions.py:134 | Haciendo click en la posición (386, 123)
2026-07-05 05:02:20 | INFO | my_functions.py:269 | 🖱️ Click OK (En paralelo): snap.PNG at (386, 123) delay=1s
2026-07-05 05:02:27 | INFO | my_functions.py:247 | [DEBUG] Buscando en paralelo: ['end_turn.PNG'] | timeout=0s | confidence=0.8
2026-07-05 05:02:28 | INFO | my_functions.py:134 | Haciendo click en la posición (682, 946)
2026-07-05 05:02:28 | INFO | my_functions.py:269 | 🖱️ Click OK (En paralelo): end_turn.PNG at (682, 946) delay=1s
2026-07-05 05:02:30 | INFO | each_eight_hours.py:165 | End turn executed
2026-07-05 05:02:54 | INFO | my_functions.py:199 | 
✅ Found: end_turn.PNG pos=(681, 945) time=0.63s confidence=0.8
2026-07-05 05:02:54 | INFO | my_functions.py:247 | [DEBUG] Buscando en paralelo: ['snap.PNG'] | timeout=0s | confidence=0.8
2026-07-05 05:02:55 | INFO | my_functions.py:281 | [DEBUG] Click skipped, ninguna de las imágenes se encontró en el intento.
2026-07-05 05:03:01 | INFO | my_functions.py:247 | [DEBUG] Buscando en paralelo: ['end_turn.PNG'] | timeout=0s | confidence=0.8
2026-07-05 05:03:03 | INFO | my_functions.py:134 | Haciendo click en la posición (682, 946)
2026-07-05 05:03:03 | INFO | my_functions.py:269 | 🖱️ Click OK (En paralelo): end_turn.PNG at (682, 946) delay=1s
2026-07-05 05:03:04 | INFO | each_eight_hours.py:165 | End turn executed
2026-07-05 05:03:14 | INFO | my_functions.py:199 | 
✅ Found: end_turn.PNG pos=(681, 945) time=0.72s confidence=0.8
2026-07-05 05:03:14 | INFO | my_functions.py:247 | [DEBUG] Buscando en paralelo: ['snap.PNG'] | timeout=0s | confidence=0.8
2026-07-05 05:03:15 | INFO | my_functions.py:281 | [DEBUG] Click skipped, ninguna de las imágenes se encontró en el intento.
2026-07-05 05:03:21 | INFO | my_functions.py:247 | [DEBUG] Buscando en paralelo: ['end_turn.PNG'] | timeout=0s | confidence=0.8
2026-07-05 05:03:23 | INFO | my_functions.py:134 | Haciendo click en la posición (682, 945)
2026-07-05 05:03:23 | INFO | my_functions.py:269 | 🖱️ Click OK (En paralelo): end_turn.PNG at (682, 945) delay=1s
2026-07-05 05:03:24 | INFO | each_eight_hours.py:165 | End turn executed
2026-07-05 05:03:37 | INFO | my_functions.py:199 | 
✅ Found: end_turn.PNG pos=(681, 945) time=0.65s confidence=0.8
2026-07-05 05:03:37 | INFO | my_functions.py:247 | [DEBUG] Buscando en paralelo: ['snap.PNG'] | timeout=0s | confidence=0.8
2026-07-05 05:03:38 | INFO | my_functions.py:281 | [DEBUG] Click skipped, ninguna de las imágenes se encontró en el intento.
2026-07-05 05:03:44 | INFO | my_functions.py:247 | [DEBUG] Buscando en paralelo: ['end_turn.PNG'] | timeout=0s | confidence=0.8
2026-07-05 05:03:45 | INFO | my_functions.py:134 | Haciendo click en la posición (682, 945)
2026-07-05 05:03:46 | INFO | my_functions.py:269 | 🖱️ Click OK (En paralelo): end_turn.PNG at (682, 945) delay=1s
2026-07-05 05:03:47 | INFO | each_eight_hours.py:165 | End turn executed
2026-07-05 05:04:09 | INFO | my_functions.py:199 | 
✅ Found: end_turn.PNG pos=(681, 945) time=0.64s confidence=0.8
2026-07-05 05:04:09 | INFO | my_functions.py:247 | [DEBUG] Buscando en paralelo: ['snap.PNG'] | timeout=0s | confidence=0.8
2026-07-05 05:04:10 | INFO | my_functions.py:281 | [DEBUG] Click skipped, ninguna de las imágenes se encontró en el intento.
2026-07-05 05:04:16 | INFO | my_functions.py:247 | [DEBUG] Buscando en paralelo: ['end_turn.PNG'] | timeout=0s | confidence=0.8
2026-07-05 05:04:17 | INFO | my_functions.py:134 | Haciendo click en la posición (682, 945)
2026-07-05 05:04:18 | INFO | my_functions.py:269 | 🖱️ Click OK (En paralelo): end_turn.PNG at (682, 945) delay=1s
2026-07-05 05:04:19 | INFO | each_eight_hours.py:165 | End turn executed
2026-07-05 05:04:45 | INFO | my_functions.py:199 | 
✅ Found: end_turn.PNG pos=(681, 945) time=0.65s confidence=0.8
2026-07-05 05:04:45 | INFO | my_functions.py:247 | [DEBUG] Buscando en paralelo: ['snap.PNG'] | timeout=0s | confidence=0.8
2026-07-05 05:04:46 | INFO | my_functions.py:281 | [DEBUG] Click skipped, ninguna de las imágenes se encontró en el intento.
2026-07-05 05:04:52 | INFO | my_functions.py:247 | [DEBUG] Buscando en paralelo: ['end_turn.PNG'] | timeout=0s | confidence=0.8
2026-07-05 05:04:53 | INFO | my_functions.py:134 | Haciendo click en la posición (682, 945)
2026-07-05 05:04:54 | INFO | my_functions.py:269 | 🖱️ Click OK (En paralelo): end_turn.PNG at (682, 945) delay=1s
2026-07-05 05:04:55 | INFO | each_eight_hours.py:165 | End turn executed
2026-07-05 05:05:23 | INFO | my_functions.py:199 | 
✅ Found: collect_rewards.PNG pos=(679, 957) time=0.77s confidence=0.8
2026-07-05 05:05:23 | INFO | each_eight_hours.py:204 | Rewards detected, exiting match
2026-07-05 05:05:23 | INFO | my_functions.py:247 | [DEBUG] Buscando en paralelo: ['collect_rewards.PNG'] | timeout=20s | confidence=0.8
2026-07-05 05:05:24 | INFO | my_functions.py:134 | Haciendo click en la posición (679, 957)
2026-07-05 05:05:25 | INFO | my_functions.py:269 | 🖱️ Click OK (En paralelo): collect_rewards.PNG at (679, 957) delay=1s
2026-07-05 05:05:26 | INFO | my_functions.py:247 | [DEBUG] Buscando en paralelo: ['next.PNG'] | timeout=20s | confidence=0.8
2026-07-05 05:05:32 | INFO | my_functions.py:134 | Haciendo click en la posición (677, 973)
2026-07-05 05:05:32 | INFO | my_functions.py:269 | 🖱️ Click OK (En paralelo): next.PNG at (677, 973) delay=1s
2026-07-05 05:05:35 | INFO | my_functions.py:533 | AVAILABLE: 6
2026-07-05 05:05:35 | INFO | each_eight_hours.py:271 | Submissions after match: 6
2026-07-05 05:05:35 | INFO | my_functions.py:555 | Misiones completadas: 1
2026-07-05 05:05:35 | INFO | each_eight_hours.py:148 | Starting game loop 2
2026-07-05 05:05:35 | INFO | my_functions.py:247 | [DEBUG] Buscando en paralelo: ['play.PNG'] | timeout=20s | confidence=0.8
2026-07-05 05:05:39 | INFO | my_functions.py:134 | Haciendo click en la posición (384, 824)
2026-07-05 05:05:39 | INFO | my_functions.py:269 | 🖱️ Click OK (En paralelo): play.PNG at (384, 824) delay=3s
2026-07-05 05:06:07 | INFO | my_functions.py:199 | 
✅ Found: end_turn.PNG pos=(681, 945) time=0.68s confidence=0.8
2026-07-05 05:06:07 | INFO | my_functions.py:247 | [DEBUG] Buscando en paralelo: ['snap.PNG'] | timeout=0s | confidence=0.8
2026-07-05 05:06:09 | INFO | my_functions.py:134 | Haciendo click en la posición (386, 123)
2026-07-05 05:06:10 | INFO | my_functions.py:269 | 🖱️ Click OK (En paralelo): snap.PNG at (386, 123) delay=1s
2026-07-05 05:06:15 | INFO | my_functions.py:247 | [DEBUG] Buscando en paralelo: ['end_turn.PNG'] | timeout=0s | confidence=0.8
2026-07-05 05:06:17 | INFO | my_functions.py:134 | Haciendo click en la posición (682, 946)
2026-07-05 05:06:17 | INFO | my_functions.py:269 | 🖱️ Click OK (En paralelo): end_turn.PNG at (682, 946) delay=1s
2026-07-05 05:06:18 | INFO | each_eight_hours.py:165 | End turn executed
2026-07-05 05:06:37 | INFO | my_functions.py:199 | 
✅ Found: end_turn.PNG pos=(681, 945) time=0.63s confidence=0.8
2026-07-05 05:06:37 | INFO | my_functions.py:247 | [DEBUG] Buscando en paralelo: ['snap.PNG'] | timeout=0s | confidence=0.8
2026-07-05 05:06:38 | INFO | my_functions.py:281 | [DEBUG] Click skipped, ninguna de las imágenes se encontró en el intento.
2026-07-05 05:06:44 | INFO | my_functions.py:247 | [DEBUG] Buscando en paralelo: ['end_turn.PNG'] | timeout=0s | confidence=0.8
2026-07-05 05:06:46 | INFO | my_functions.py:134 | Haciendo click en la posición (682, 946)
2026-07-05 05:06:46 | INFO | my_functions.py:269 | 🖱️ Click OK (En paralelo): end_turn.PNG at (682, 946) delay=1s
2026-07-05 05:06:47 | INFO | each_eight_hours.py:165 | End turn executed
2026-07-05 05:06:56 | INFO | my_functions.py:199 | 
✅ Found: end_turn.PNG pos=(681, 945) time=0.62s confidence=0.8
2026-07-05 05:06:56 | INFO | my_functions.py:247 | [DEBUG] Buscando en paralelo: ['snap.PNG'] | timeout=0s | confidence=0.8
2026-07-05 05:06:57 | INFO | my_functions.py:281 | [DEBUG] Click skipped, ninguna de las imágenes se encontró en el intento.
2026-07-05 05:07:03 | INFO | my_functions.py:247 | [DEBUG] Buscando en paralelo: ['end_turn.PNG'] | timeout=0s | confidence=0.8
2026-07-05 05:07:05 | INFO | my_functions.py:134 | Haciendo click en la posición (682, 945)
2026-07-05 05:07:05 | INFO | my_functions.py:269 | 🖱️ Click OK (En paralelo): end_turn.PNG at (682, 945) delay=1s
2026-07-05 05:07:06 | INFO | each_eight_hours.py:165 | End turn executed
2026-07-05 05:07:23 | INFO | my_functions.py:199 | 
✅ Found: end_turn.PNG pos=(681, 945) time=0.68s confidence=0.8
2026-07-05 05:07:23 | INFO | my_functions.py:247 | [DEBUG] Buscando en paralelo: ['snap.PNG'] | timeout=0s | confidence=0.8
2026-07-05 05:07:24 | INFO | my_functions.py:281 | [DEBUG] Click skipped, ninguna de las imágenes se encontró en el intento.
2026-07-05 05:07:30 | INFO | my_functions.py:247 | [DEBUG] Buscando en paralelo: ['end_turn.PNG'] | timeout=0s | confidence=0.8
2026-07-05 05:07:31 | INFO | my_functions.py:134 | Haciendo click en la posición (682, 945)
2026-07-05 05:07:31 | INFO | my_functions.py:269 | 🖱️ Click OK (En paralelo): end_turn.PNG at (682, 945) delay=1s
2026-07-05 05:07:33 | INFO | each_eight_hours.py:165 | End turn executed
2026-07-05 05:07:55 | INFO | my_functions.py:199 | 
✅ Found: end_turn.PNG pos=(681, 945) time=0.64s confidence=0.8
2026-07-05 05:07:55 | INFO | my_functions.py:247 | [DEBUG] Buscando en paralelo: ['snap.PNG'] | timeout=0s | confidence=0.8
2026-07-05 05:07:56 | INFO | my_functions.py:281 | [DEBUG] Click skipped, ninguna de las imágenes se encontró en el intento.
2026-07-05 05:08:02 | INFO | my_functions.py:247 | [DEBUG] Buscando en paralelo: ['end_turn.PNG'] | timeout=0s | confidence=0.8
2026-07-05 05:08:03 | INFO | my_functions.py:134 | Haciendo click en la posición (682, 945)
2026-07-05 05:08:03 | INFO | my_functions.py:269 | 🖱️ Click OK (En paralelo): end_turn.PNG at (682, 945) delay=1s
2026-07-05 05:08:04 | INFO | each_eight_hours.py:165 | End turn executed
2026-07-05 05:08:17 | INFO | my_functions.py:199 | 
✅ Found: end_turn.PNG pos=(681, 945) time=0.65s confidence=0.8
2026-07-05 05:08:17 | INFO | my_functions.py:247 | [DEBUG] Buscando en paralelo: ['snap.PNG'] | timeout=0s | confidence=0.8
2026-07-05 05:08:18 | INFO | my_functions.py:281 | [DEBUG] Click skipped, ninguna de las imágenes se encontró en el intento.
2026-07-05 05:08:24 | INFO | my_functions.py:247 | [DEBUG] Buscando en paralelo: ['end_turn.PNG'] | timeout=0s | confidence=0.8
2026-07-05 05:08:26 | INFO | my_functions.py:134 | Haciendo click en la posición (681, 945)
2026-07-05 05:08:26 | INFO | my_functions.py:269 | 🖱️ Click OK (En paralelo): end_turn.PNG at (681, 945) delay=1s
2026-07-05 05:08:27 | INFO | each_eight_hours.py:165 | End turn executed
2026-07-05 05:08:49 | INFO | my_functions.py:199 | 
✅ Found: collect_rewards.PNG pos=(679, 957) time=0.77s confidence=0.8
2026-07-05 05:08:49 | INFO | each_eight_hours.py:204 | Rewards detected, exiting match
2026-07-05 05:08:49 | INFO | my_functions.py:247 | [DEBUG] Buscando en paralelo: ['collect_rewards.PNG'] | timeout=20s | confidence=0.8
2026-07-05 05:08:51 | INFO | my_functions.py:134 | Haciendo click en la posición (679, 957)
2026-07-05 05:08:51 | INFO | my_functions.py:269 | 🖱️ Click OK (En paralelo): collect_rewards.PNG at (679, 957) delay=1s
2026-07-05 05:08:52 | INFO | my_functions.py:247 | [DEBUG] Buscando en paralelo: ['next.PNG'] | timeout=20s | confidence=0.8
2026-07-05 05:08:58 | INFO | my_functions.py:134 | Haciendo click en la posición (677, 973)
2026-07-05 05:08:58 | INFO | my_functions.py:269 | 🖱️ Click OK (En paralelo): next.PNG at (677, 973) delay=1s
2026-07-05 05:09:01 | INFO | my_functions.py:533 | AVAILABLE: 6
2026-07-05 05:09:01 | INFO | each_eight_hours.py:271 | Submissions after match: 6
2026-07-05 05:09:01 | INFO | my_functions.py:555 | Misiones completadas: 1
2026-07-05 05:09:01 | INFO | each_eight_hours.py:148 | Starting game loop 3
2026-07-05 05:09:01 | INFO | my_functions.py:247 | [DEBUG] Buscando en paralelo: ['play.PNG'] | timeout=20s | confidence=0.8
2026-07-05 05:09:05 | INFO | my_functions.py:134 | Haciendo click en la posición (384, 824)
2026-07-05 05:09:05 | INFO | my_functions.py:269 | 🖱️ Click OK (En paralelo): play.PNG at (384, 824) delay=3s
2026-07-05 05:09:30 | INFO | my_functions.py:199 | 
✅ Found: end_turn.PNG pos=(682, 945) time=0.63s confidence=0.8
2026-07-05 05:09:30 | INFO | my_functions.py:247 | [DEBUG] Buscando en paralelo: ['snap.PNG'] | timeout=0s | confidence=0.8
2026-07-05 05:09:32 | INFO | my_functions.py:134 | Haciendo click en la posición (386, 123)
2026-07-05 05:09:32 | INFO | my_functions.py:269 | 🖱️ Click OK (En paralelo): snap.PNG at (386, 123) delay=1s
2026-07-05 05:09:38 | INFO | my_functions.py:247 | [DEBUG] Buscando en paralelo: ['end_turn.PNG'] | timeout=0s | confidence=0.8
2026-07-05 05:09:40 | INFO | my_functions.py:134 | Haciendo click en la posición (682, 946)
2026-07-05 05:09:40 | INFO | my_functions.py:269 | 🖱️ Click OK (En paralelo): end_turn.PNG at (682, 946) delay=1s
2026-07-05 05:09:41 | INFO | each_eight_hours.py:165 | End turn executed
2026-07-05 05:09:54 | INFO | my_functions.py:199 | 
✅ Found: end_turn.PNG pos=(681, 945) time=0.64s confidence=0.8
2026-07-05 05:09:54 | INFO | my_functions.py:247 | [DEBUG] Buscando en paralelo: ['snap.PNG'] | timeout=0s | confidence=0.8
2026-07-05 05:09:55 | INFO | my_functions.py:281 | [DEBUG] Click skipped, ninguna de las imágenes se encontró en el intento.
2026-07-05 05:10:01 | INFO | my_functions.py:247 | [DEBUG] Buscando en paralelo: ['end_turn.PNG'] | timeout=0s | confidence=0.8
2026-07-05 05:10:02 | INFO | my_functions.py:134 | Haciendo click en la posición (682, 945)
2026-07-05 05:10:03 | INFO | my_functions.py:269 | 🖱️ Click OK (En paralelo): end_turn.PNG at (682, 945) delay=1s
2026-07-05 05:10:04 | INFO | each_eight_hours.py:165 | End turn executed
2026-07-05 05:10:17 | INFO | my_functions.py:199 | 
✅ Found: end_turn.PNG pos=(681, 945) time=0.67s confidence=0.8
2026-07-05 05:10:17 | INFO | my_functions.py:247 | [DEBUG] Buscando en paralelo: ['snap.PNG'] | timeout=0s | confidence=0.8
2026-07-05 05:10:18 | INFO | my_functions.py:281 | [DEBUG] Click skipped, ninguna de las imágenes se encontró en el intento.
2026-07-05 05:10:24 | INFO | my_functions.py:247 | [DEBUG] Buscando en paralelo: ['end_turn.PNG'] | timeout=0s | confidence=0.8
2026-07-05 05:10:25 | INFO | my_functions.py:134 | Haciendo click en la posición (682, 945)
2026-07-05 05:10:26 | INFO | my_functions.py:269 | 🖱️ Click OK (En paralelo): end_turn.PNG at (682, 945) delay=1s
2026-07-05 05:10:27 | INFO | each_eight_hours.py:165 | End turn executed
2026-07-05 05:10:43 | INFO | my_functions.py:199 | 
✅ Found: end_turn.PNG pos=(681, 945) time=0.66s confidence=0.8
2026-07-05 05:10:43 | INFO | my_functions.py:247 | [DEBUG] Buscando en paralelo: ['snap.PNG'] | timeout=0s | confidence=0.8
2026-07-05 05:10:44 | INFO | my_functions.py:281 | [DEBUG] Click skipped, ninguna de las imágenes se encontró en el intento.
2026-07-05 05:10:50 | INFO | my_functions.py:247 | [DEBUG] Buscando en paralelo: ['end_turn.PNG'] | timeout=0s | confidence=0.8
2026-07-05 05:10:52 | INFO | my_functions.py:134 | Haciendo click en la posición (682, 945)
2026-07-05 05:10:52 | INFO | my_functions.py:269 | 🖱️ Click OK (En paralelo): end_turn.PNG at (682, 945) delay=1s
2026-07-05 05:10:53 | INFO | each_eight_hours.py:165 | End turn executed
2026-07-05 05:11:16 | INFO | my_functions.py:199 | 
✅ Found: end_turn.PNG pos=(681, 945) time=0.64s confidence=0.8
2026-07-05 05:11:16 | INFO | my_functions.py:247 | [DEBUG] Buscando en paralelo: ['snap.PNG'] | timeout=0s | confidence=0.8
2026-07-05 05:11:17 | INFO | my_functions.py:281 | [DEBUG] Click skipped, ninguna de las imágenes se encontró en el intento.
2026-07-05 05:11:23 | INFO | my_functions.py:247 | [DEBUG] Buscando en paralelo: ['end_turn.PNG'] | timeout=0s | confidence=0.8
2026-07-05 05:11:25 | INFO | my_functions.py:134 | Haciendo click en la posición (682, 945)
2026-07-05 05:11:25 | INFO | my_functions.py:269 | 🖱️ Click OK (En paralelo): end_turn.PNG at (682, 945) delay=1s
2026-07-05 05:11:26 | INFO | each_eight_hours.py:165 | End turn executed
2026-07-05 05:11:40 | INFO | my_functions.py:199 | 
✅ Found: end_turn.PNG pos=(681, 945) time=0.82s confidence=0.8
2026-07-05 05:11:40 | INFO | my_functions.py:247 | [DEBUG] Buscando en paralelo: ['snap.PNG'] | timeout=0s | confidence=0.8
2026-07-05 05:11:41 | INFO | my_functions.py:281 | [DEBUG] Click skipped, ninguna de las imágenes se encontró en el intento.
2026-07-05 05:11:48 | INFO | my_functions.py:247 | [DEBUG] Buscando en paralelo: ['end_turn.PNG'] | timeout=0s | confidence=0.8
2026-07-05 05:11:49 | INFO | my_functions.py:134 | Haciendo click en la posición (682, 945)
2026-07-05 05:11:50 | INFO | my_functions.py:269 | 🖱️ Click OK (En paralelo): end_turn.PNG at (682, 945) delay=1s
2026-07-05 05:11:51 | INFO | each_eight_hours.py:165 | End turn executed
2026-07-05 05:12:31 | INFO | my_functions.py:199 | 
✅ Found: collect_rewards.PNG pos=(679, 957) time=0.9s confidence=0.8
2026-07-05 05:12:31 | INFO | each_eight_hours.py:204 | Rewards detected, exiting match
2026-07-05 05:12:31 | INFO | my_functions.py:247 | [DEBUG] Buscando en paralelo: ['collect_rewards.PNG'] | timeout=20s | confidence=0.8
2026-07-05 05:12:33 | INFO | my_functions.py:134 | Haciendo click en la posición (679, 957)
2026-07-05 05:12:33 | INFO | my_functions.py:269 | 🖱️ Click OK (En paralelo): collect_rewards.PNG at (679, 957) delay=1s
2026-07-05 05:12:34 | INFO | my_functions.py:247 | [DEBUG] Buscando en paralelo: ['next.PNG'] | timeout=20s | confidence=0.8
2026-07-05 05:12:39 | INFO | my_functions.py:134 | Haciendo click en la posición (678, 972)
2026-07-05 05:12:39 | INFO | my_functions.py:269 | 🖱️ Click OK (En paralelo): next.PNG at (678, 972) delay=1s
2026-07-05 05:12:42 | INFO | my_functions.py:533 | AVAILABLE: 6
2026-07-05 05:12:42 | INFO | each_eight_hours.py:271 | Submissions after match: 6
2026-07-05 05:12:42 | INFO | my_functions.py:555 | Misiones completadas: 2
2026-07-05 05:12:42 | INFO | each_eight_hours.py:275 | Submission condition met, breaking loop
2026-07-05 05:12:42 | INFO | my_functions.py:247 | [DEBUG] Buscando en paralelo: ['missionsNotify2.png'] | timeout=20s | confidence=0.8
2026-07-05 05:12:46 | INFO | my_functions.py:134 | Haciendo click en la posición (538, 124)
2026-07-05 05:12:46 | INFO | my_functions.py:269 | 🖱️ Click OK (En paralelo): missionsNotify2.png at (538, 124) delay=3s
2026-07-05 05:12:47 | INFO | my_functions.py:1470 | [INFO] Iniciando click_missions_blue2
2026-07-05 05:12:47 | INFO | my_functions.py:134 | Haciendo click en la posición (150, 132)
2026-07-05 05:12:49 | INFO | my_functions.py:1473 | [ACTION] Click hecho en icono de calendario que me dirige a las misiones ordinarias
2026-07-05 05:12:49 | INFO | my_functions.py:169 | Searching bonus_challenge.png (timeout=0s)
2026-07-05 05:12:49 | INFO | my_functions.py:213 | 
⛔ Not found: bonus_challenge.png after 0.0s region=(0, 0, 765, 1038) confidence=0.8
2026-07-05 05:12:51 | INFO | my_functions.py:134 | Haciendo click en la posición (362, 493)
2026-07-05 05:12:52 | INFO | my_functions.py:1486 | [ACTION] Click 1/2 en misión azul
2026-07-05 05:12:53 | INFO | my_functions.py:134 | Haciendo click en la posición (362, 493)
2026-07-05 05:12:54 | INFO | my_functions.py:1486 | [ACTION] Click 2/2 en misión azul
2026-07-05 05:12:54 | INFO | my_functions.py:169 | Searching flechita_mission.PNG (timeout=0s)
2026-07-05 05:12:55 | INFO | my_functions.py:213 | 
⛔ Not found: flechita_mission.PNG after 0.0s region=(0, 0, 765, 1038) confidence=0.8
2026-07-05 05:12:55 | INFO | my_functions.py:247 | [DEBUG] Buscando en paralelo: ['weekly3.PNG'] | timeout=0s | confidence=0.8
2026-07-05 05:12:56 | INFO | my_functions.py:134 | Haciendo click en la posición (485, 266)
2026-07-05 05:12:57 | INFO | my_functions.py:269 | 🖱️ Click OK (En paralelo): weekly3.PNG at (485, 266) delay=0.1s
2026-07-05 05:12:58 | INFO | my_functions.py:247 | [DEBUG] Buscando en paralelo: ['claim!.PNG'] | timeout=0s | confidence=0.8
2026-07-05 05:12:59 | INFO | my_functions.py:134 | Haciendo click en la posición (381, 924)
2026-07-05 05:12:59 | INFO | my_functions.py:269 | 🖱️ Click OK (En paralelo): claim!.PNG at (381, 924) delay=0.2s
2026-07-05 05:13:00 | INFO | my_functions.py:247 | [DEBUG] Buscando en paralelo: ['claim_hover.PNG'] | timeout=0s | confidence=0.8
2026-07-05 05:13:01 | INFO | my_functions.py:134 | Haciendo click en la posición (383, 921)
2026-07-05 05:13:01 | INFO | my_functions.py:269 | 🖱️ Click OK (En paralelo): claim_hover.PNG at (383, 921) delay=0.2s
2026-07-05 05:13:02 | INFO | my_functions.py:247 | [DEBUG] Buscando en paralelo: ['claim!.PNG'] | timeout=0s | confidence=0.8
2026-07-05 05:13:03 | INFO | my_functions.py:281 | [DEBUG] Click skipped, ninguna de las imágenes se encontró en el intento.
2026-07-05 05:13:04 | INFO | my_functions.py:247 | [DEBUG] Buscando en paralelo: ['claim_hover.PNG'] | timeout=0s | confidence=0.8
2026-07-05 05:13:05 | INFO | my_functions.py:134 | Haciendo click en la posición (383, 921)
2026-07-05 05:13:05 | INFO | my_functions.py:269 | 🖱️ Click OK (En paralelo): claim_hover.PNG at (383, 921) delay=0.2s
2026-07-05 05:13:06 | INFO | my_functions.py:247 | [DEBUG] Buscando en paralelo: ['weekly3.PNG'] | timeout=0s | confidence=0.8
2026-07-05 05:13:07 | INFO | my_functions.py:281 | [DEBUG] Click skipped, ninguna de las imágenes se encontró en el intento.
2026-07-05 05:13:08 | INFO | my_functions.py:247 | [DEBUG] Buscando en paralelo: ['weekly3.PNG'] | timeout=0s | confidence=0.8
2026-07-05 05:13:09 | INFO | my_functions.py:281 | [DEBUG] Click skipped, ninguna de las imágenes se encontró en el intento.
2026-07-05 05:13:10 | INFO | my_functions.py:134 | Haciendo click en la posición (557, 64)
2026-07-05 05:13:11 | INFO | my_functions.py:247 | [DEBUG] Buscando en paralelo: ['cards_shop.PNG'] | timeout=20s | confidence=0.8
2026-07-05 05:13:14 | INFO | my_functions.py:134 | Haciendo click en la posición (568, 121)
2026-07-05 05:13:14 | INFO | my_functions.py:269 | 🖱️ Click OK (En paralelo): cards_shop.PNG at (568, 121) delay=1s
2026-07-05 05:13:15 | INFO | my_functions.py:247 | [DEBUG] Buscando en paralelo: ['token_icon.PNG'] | timeout=20s | confidence=0.8
2026-07-05 05:13:17 | INFO | my_functions.py:134 | Haciendo click en la posición (680, 171)
2026-07-05 05:13:17 | INFO | my_functions.py:269 | 🖱️ Click OK (En paralelo): token_icon.PNG at (680, 171) delay=1s
2026-07-05 05:13:20 | INFO | my_functions.py:247 | [DEBUG] Buscando en paralelo: ['claim!_token_3.PNG'] | timeout=4s | confidence=0.8
2026-07-05 05:13:25 | INFO | my_functions.py:281 | [DEBUG] Click skipped, ninguna de las imágenes se encontró en el intento.
2026-07-05 05:13:26 | INFO | my_functions.py:247 | [DEBUG] Buscando en paralelo: ['cards_shop.PNG'] | timeout=20s | confidence=0.8
2026-07-05 05:13:28 | INFO | my_functions.py:134 | Haciendo click en la posición (568, 122)
2026-07-05 05:13:28 | INFO | my_functions.py:269 | 🖱️ Click OK (En paralelo): cards_shop.PNG at (568, 122) delay=1s
2026-07-05 05:13:29 | INFO | my_functions.py:247 | [DEBUG] Buscando en paralelo: ['offers.PNG'] | timeout=20s | confidence=0.8
2026-07-05 05:13:31 | INFO | my_functions.py:134 | Haciendo click en la posición (197, 121)
2026-07-05 05:13:31 | INFO | my_functions.py:269 | 🖱️ Click OK (En paralelo): offers.PNG at (197, 121) delay=1s
2026-07-05 05:13:32 | INFO | my_functions.py:1351 | [INFO] Iniciando mejora de cartas
2026-07-05 05:13:32 | INFO | my_functions.py:247 | [DEBUG] Buscando en paralelo: ['upgrade_cards_icon.PNG'] | timeout=3s | confidence=0.8
2026-07-05 05:13:36 | INFO | my_functions.py:281 | [DEBUG] Click skipped, ninguna de las imágenes se encontró en el intento.
2026-07-05 05:13:37 | WARNING | my_functions.py:1355 | [ALERT] No se encontró el ícono de upgrade_cards. Saltando función.
2026-07-05 05:13:37 | INFO | my_functions.py:142 | Presionando ESC (1/1)
2026-07-05 05:13:37 | INFO | my_functions.py:247 | [DEBUG] Buscando en paralelo: ['white_x.png'] | timeout=2s | confidence=0.8
2026-07-05 05:13:40 | INFO | my_functions.py:281 | [DEBUG] Click skipped, ninguna de las imágenes se encontró en el intento.
2026-07-05 05:13:41 | INFO | each_eight_hours.py:46 | [05:13:41.685] [DEBUG] === INICIANDO FUNCIÓN collect_cl_rewards ===
2026-07-05 05:13:41 | INFO | each_eight_hours.py:46 | [05:13:41.691] [DEBUG] Haciendo click inicial en (387, 166)...
2026-07-05 05:13:41 | INFO | my_functions.py:134 | Haciendo click en la posición (387, 166)
2026-07-05 05:13:48 | INFO | each_eight_hours.py:46 | [05:13:48.048] [DEBUG] Se omitió el cambio de tamaño de ventanas (resize=False)
2026-07-05 05:13:48 | INFO | each_eight_hours.py:46 | [05:13:48.093] [DEBUG] Recompensas iniciales detectadas por la API: 0
2026-07-05 05:13:48 | INFO | each_eight_hours.py:46 | Finished collecting rewards
2026-07-05 05:13:49 | INFO | my_functions.py:142 | Presionando ESC (1/1)
2026-07-05 05:13:49 | INFO | my_functions.py:247 | [DEBUG] Buscando en paralelo: ['nut.png'] | timeout=20s | confidence=0.8
2026-07-05 05:13:51 | INFO | my_functions.py:134 | Haciendo click en la posición (184, 78)
2026-07-05 05:13:51 | INFO | my_functions.py:269 | 🖱️ Click OK (En paralelo): nut.png at (184, 78) delay=1s
2026-07-05 05:13:52 | INFO | my_functions.py:247 | [DEBUG] Buscando en paralelo: ['graphics_quality.png'] | timeout=3s | confidence=0.8
2026-07-05 05:13:54 | INFO | my_functions.py:134 | Haciendo click en la posición (304, 644)
2026-07-05 05:13:54 | INFO | my_functions.py:269 | 🖱️ Click OK (En paralelo): graphics_quality.png at (304, 644) delay=1s
2026-07-05 05:13:56 | INFO | my_functions.py:247 | [DEBUG] Buscando en paralelo: ['sign_out.png'] | timeout=20s | confidence=0.8
2026-07-05 05:13:58 | INFO | my_functions.py:134 | Haciendo click en la posición (380, 796)
2026-07-05 05:13:58 | INFO | my_functions.py:269 | 🖱️ Click OK (En paralelo): sign_out.png at (380, 796) delay=1s
2026-07-05 05:14:00 | INFO | my_functions.py:247 | [DEBUG] Buscando en paralelo: ['sign_out_grande.png'] | timeout=20s | confidence=0.8
2026-07-05 05:14:02 | INFO | my_functions.py:134 | Haciendo click en la posición (359, 437)
2026-07-05 05:14:02 | INFO | my_functions.py:269 | 🖱️ Click OK (En paralelo): sign_out_grande.png at (359, 437) delay=1s
2026-07-05 05:14:03 | INFO | my_functions.py:247 | [DEBUG] Buscando en paralelo: ['sign_out2.png'] | timeout=20s | confidence=0.8
2026-07-05 05:14:05 | INFO | my_functions.py:134 | Haciendo click en la posición (383, 634)
2026-07-05 05:14:05 | INFO | my_functions.py:269 | 🖱️ Click OK (En paralelo): sign_out2.png at (383, 634) delay=1s
2026-07-05 05:14:06 | INFO | my_functions.py:1545 | ⏱ Esperando 0.1 segundos antes de empezar...
2026-07-05 05:14:06 | INFO | my_functions.py:1552 | 🔍 Esperando ventana que contenga alguna de: SNAP (máx 20s)
2026-07-05 05:14:06 | INFO | my_functions.py:1564 | ✅ Ventana encontrada: 'SNAP'
2026-07-05 05:14:06 | INFO | my_functions.py:1579 | ✅ Ventana seleccionada: 'SNAP'
2026-07-05 05:14:08 | INFO | my_functions.py:1602 | 🔁 Reajuste #1...
2026-07-05 05:14:10 | INFO | my_functions.py:1609 | ✔ Verificación completa. Se hicieron 1 reajustes.
2026-07-05 05:14:14 | INFO | each_eight_hours.py:113 | Processing account: bender_vm
2026-07-05 05:14:14 | INFO | my_functions.py:1545 | ⏱ Esperando 0.1 segundos antes de empezar...
2026-07-05 05:14:14 | INFO | my_functions.py:1552 | 🔍 Esperando ventana que contenga alguna de: ['SNAP'] (máx 20s)
2026-07-05 05:14:17 | INFO | my_functions.py:1564 | ✅ Ventana encontrada: 'SNAP'
2026-07-05 05:14:17 | INFO | my_functions.py:1579 | ✅ Ventana seleccionada: 'SNAP'
2026-07-05 05:14:19 | INFO | my_functions.py:1611 | ✔ Verificación completa. No hubo cambios después del primer ajuste.
2026-07-05 05:14:19 | INFO | my_functions.py:1206 | [DEBUG] Resizing SNAP window...
2026-07-05 05:14:19 | INFO | my_functions.py:1545 | ⏱ Esperando 0.1 segundos antes de empezar...
2026-07-05 05:14:19 | INFO | my_functions.py:1552 | 🔍 Esperando ventana que contenga alguna de: ['SNAP'] (máx 20s)
2026-07-05 05:14:19 | INFO | my_functions.py:1564 | ✅ Ventana encontrada: 'SNAP'
2026-07-05 05:14:19 | INFO | my_functions.py:1579 | ✅ Ventana seleccionada: 'SNAP'
2026-07-05 05:14:26 | INFO | my_functions.py:1611 | ✔ Verificación completa. No hubo cambios después del primer ajuste.
2026-07-05 05:14:26 | INFO | my_functions.py:247 | [DEBUG] Buscando en paralelo: ['small_submit.PNG', 'small_submit_hover.png', 'submit_hover_2.png', 'small_submit_hover_2.png'] | timeout=90s | confidence=0.8
2026-07-05 05:14:28 | INFO | my_functions.py:134 | Haciendo click en la posición (380, 642)
2026-07-05 05:14:28 | INFO | my_functions.py:269 | 🖱️ Click OK (En paralelo): small_submit.PNG at (380, 642) delay=0.2s
2026-07-05 05:14:31 | INFO | my_functions.py:247 | [DEBUG] Buscando en paralelo: ['small_submit.PNG', 'small_submit_hover.png', 'submit_hover_2.png', 'small_submit_hover_2.png'] | timeout=20s | confidence=0.8
2026-07-05 05:14:33 | INFO | my_functions.py:134 | Haciendo click en la posición (380, 721)
2026-07-05 05:14:33 | INFO | my_functions.py:269 | 🖱️ Click OK (En paralelo): small_submit.PNG at (380, 721) delay=0.2s
2026-07-05 05:14:34 | INFO | my_functions.py:1545 | ⏱ Esperando 0.1 segundos antes de empezar...
2026-07-05 05:14:34 | INFO | my_functions.py:1552 | 🔍 Esperando ventana que contenga alguna de: ['SNAP'] (máx 20s)
2026-07-05 05:14:34 | INFO | my_functions.py:1564 | ✅ Ventana encontrada: 'SNAP'
2026-07-05 05:14:34 | INFO | my_functions.py:1579 | ✅ Ventana seleccionada: 'SNAP'
2026-07-05 05:14:36 | INFO | my_functions.py:1602 | 🔁 Reajuste #1...
2026-07-05 05:14:37 | INFO | my_functions.py:1609 | ✔ Verificación completa. Se hicieron 1 reajustes.
2026-07-05 05:14:37 | INFO | my_functions.py:169 | Searching please_sign.png (timeout=0s)
2026-07-05 05:14:38 | INFO | my_functions.py:199 | 
✅ Found: please_sign.png pos=(383, 438) time=0.46s confidence=0.8
2026-07-05 05:14:38 | INFO | my_functions.py:247 | [DEBUG] Buscando en paralelo: ['ok_btn.png'] | timeout=20s | confidence=0.8
2026-07-05 05:14:39 | INFO | my_functions.py:134 | Haciendo click en la posición (382, 634)
2026-07-05 05:14:40 | INFO | my_functions.py:269 | 🖱️ Click OK (En paralelo): ok_btn.png at (382, 634) delay=1s
2026-07-05 05:14:41 | INFO | my_functions.py:247 | [DEBUG] Buscando en paralelo: ['small_submit.PNG', 'small_submit_hover.png', 'submit_hover_2.png', 'small_submit_hover_2.png'] | timeout=30s | confidence=0.8
2026-07-05 05:14:44 | INFO | my_functions.py:134 | Haciendo click en la posición (383, 643)
2026-07-05 05:14:44 | INFO | my_functions.py:269 | 🖱️ Click OK (En paralelo): small_submit_hover_2.png at (383, 643) delay=0.2s
2026-07-05 05:14:45 | INFO | my_functions.py:247 | [DEBUG] Buscando en paralelo: ['small_submit.PNG', 'small_submit_hover.png', 'submit_hover_2.png', 'small_submit_hover_2.png'] | timeout=20s | confidence=0.8
2026-07-05 05:14:46 | INFO | my_functions.py:134 | Haciendo click en la posición (380, 721)
2026-07-05 05:14:47 | INFO | my_functions.py:269 | 🖱️ Click OK (En paralelo): small_submit.PNG at (380, 721) delay=0.2s
2026-07-05 05:14:48 | INFO | my_functions.py:247 | [DEBUG] Buscando en paralelo: ['sign_in_with_google2.PNG'] | timeout=20s | confidence=0.8
2026-07-05 05:14:49 | INFO | my_functions.py:134 | Haciendo click en la posición (406, 957)
2026-07-05 05:14:49 | INFO | my_functions.py:269 | 🖱️ Click OK (En paralelo): sign_in_with_google2.PNG at (406, 957) delay=1s
2026-07-05 05:14:51 | INFO | my_functions.py:169 | Searching pagina_cargada.png (timeout=60s)
2026-07-05 05:14:57 | INFO | my_functions.py:199 | 
✅ Found: pagina_cargada.png pos=(70, 24) time=5.93s confidence=0.8
2026-07-05 05:14:59 | INFO | my_functions.py:247 | [DEBUG] Buscando en paralelo: ['bender_vm.png'] | timeout=0s | confidence=0.8
2026-07-05 05:15:03 | INFO | my_functions.py:134 | Haciendo click en la posición (1125, 358)
2026-07-05 05:15:03 | INFO | my_functions.py:269 | 🖱️ Click OK (En paralelo): bender_vm.png at (1125, 358) delay=3s
2026-07-05 05:15:04 | INFO | my_functions.py:169 | Searching marvelsnap_web.png (timeout=30s)
2026-07-05 05:15:07 | INFO | my_functions.py:199 | 
✅ Found: marvelsnap_web.png pos=(258, 80) time=3.48s confidence=0.7
2026-07-05 05:15:08 | INFO | my_functions.py:169 | Searching shop_unselected.PNG (timeout=0s)
2026-07-05 05:15:08 | INFO | my_functions.py:213 | 
⛔ Not found: shop_unselected.PNG after 0.0s region=(0, 0, 765, 1038) confidence=0.8
2026-07-05 05:15:08 | INFO | my_functions.py:247 | [DEBUG] Buscando en paralelo: ['super_premium.PNG'] | timeout=0s | confidence=0.8
2026-07-05 05:15:09 | INFO | my_functions.py:281 | [DEBUG] Click skipped, ninguna de las imágenes se encontró en el intento.
2026-07-05 05:15:10 | INFO | my_functions.py:247 | [DEBUG] Buscando en paralelo: ['maybe_later.PNG'] | timeout=0s | confidence=0.8
2026-07-05 05:15:11 | INFO | my_functions.py:281 | [DEBUG] Click skipped, ninguna de las imágenes se encontró en el intento.
2026-07-05 05:15:12 | INFO | my_functions.py:247 | [DEBUG] Buscando en paralelo: ['maybe_later2.PNG'] | timeout=0s | confidence=0.8
2026-07-05 05:15:12 | INFO | my_functions.py:281 | [DEBUG] Click skipped, ninguna de las imágenes se encontró en el intento.
2026-07-05 05:15:13 | INFO | my_functions.py:169 | Searching go_to_shop.PNG (timeout=0s)
2026-07-05 05:15:14 | INFO | my_functions.py:213 | 
⛔ Not found: go_to_shop.PNG after 0.0s region=(0, 0, 765, 1038) confidence=0.8
2026-07-05 05:15:14 | INFO | my_functions.py:247 | [DEBUG] Buscando en paralelo: ['14_days_of_winterverse.PNG'] | timeout=0s | confidence=0.8
2026-07-05 05:15:14 | INFO | my_functions.py:281 | [DEBUG] Click skipped, ninguna de las imágenes se encontró en el intento.
2026-07-05 05:15:16 | INFO | my_functions.py:169 | Searching welcome_back_calendar.PNG (timeout=0s)
2026-07-05 05:15:16 | INFO | my_functions.py:213 | 
⛔ Not found: welcome_back_calendar.PNG after 0.0s region=(0, 0, 765, 1038) confidence=0.8
2026-07-05 05:15:16 | INFO | my_functions.py:247 | [DEBUG] Buscando en paralelo: ['start_the_countdown.PNG'] | timeout=0s | confidence=0.8
2026-07-05 05:15:17 | INFO | my_functions.py:281 | [DEBUG] Click skipped, ninguna de las imágenes se encontró en el intento.
2026-07-05 05:15:18 | INFO | my_functions.py:247 | [DEBUG] Buscando en paralelo: ['event_has_ended_sanctum.PNG'] | timeout=0s | confidence=0.8
2026-07-05 05:15:18 | INFO | my_functions.py:281 | [DEBUG] Click skipped, ninguna de las imágenes se encontró en el intento.
2026-07-05 05:15:19 | INFO | my_functions.py:247 | [DEBUG] Buscando en paralelo: ['event_has_ended_teamclash.PNG'] | timeout=0s | confidence=0.8
2026-07-05 05:15:20 | INFO | my_functions.py:281 | [DEBUG] Click skipped, ninguna de las imágenes se encontró en el intento.
2026-07-05 05:15:21 | INFO | my_functions.py:247 | [DEBUG] Buscando en paralelo: ['image_part_of_event_grand_arena_finished.PNG'] | timeout=0s | confidence=0.8
2026-07-05 05:15:22 | INFO | my_functions.py:281 | [DEBUG] Click skipped, ninguna de las imágenes se encontró en el intento.
2026-07-05 05:15:23 | INFO | my_functions.py:169 | Searching 28_day_event_login_rewards.PNG (timeout=0s)
2026-07-05 05:15:23 | INFO | my_functions.py:213 | 
⛔ Not found: 28_day_event_login_rewards.PNG after 0.0s region=(0, 0, 765, 1038) confidence=0.8
2026-07-05 05:15:23 | INFO | my_functions.py:169 | Searching 7_day_event_login.PNG (timeout=0s)
2026-07-05 05:15:24 | INFO | my_functions.py:213 | 
⛔ Not found: 7_day_event_login.PNG after 0.0s region=(0, 0, 765, 1038) confidence=0.8
2026-07-05 05:15:24 | INFO | my_functions.py:169 | Searching 14_days_event.PNG (timeout=0s)
2026-07-05 05:15:24 | INFO | my_functions.py:213 | 
⛔ Not found: 14_days_event.PNG after 0.0s region=(0, 0, 765, 1038) confidence=0.8
2026-07-05 05:15:24 | INFO | my_functions.py:247 | [DEBUG] Buscando en paralelo: ['lets_go.PNG'] | timeout=0s | confidence=0.8
2026-07-05 05:15:25 | INFO | my_functions.py:281 | [DEBUG] Click skipped, ninguna de las imágenes se encontró en el intento.
2026-07-05 05:15:27 | INFO | my_functions.py:169 | Searching shop_unselected.PNG (timeout=0s)
2026-07-05 05:15:28 | INFO | my_functions.py:213 | 
⛔ Not found: shop_unselected.PNG after 0.0s region=(0, 0, 765, 1038) confidence=0.8
2026-07-05 05:15:28 | INFO | my_functions.py:247 | [DEBUG] Buscando en paralelo: ['super_premium.PNG'] | timeout=0s | confidence=0.8
2026-07-05 05:15:28 | INFO | my_functions.py:281 | [DEBUG] Click skipped, ninguna de las imágenes se encontró en el intento.
2026-07-05 05:15:29 | INFO | my_functions.py:247 | [DEBUG] Buscando en paralelo: ['maybe_later.PNG'] | timeout=0s | confidence=0.8
2026-07-05 05:15:30 | INFO | my_functions.py:281 | [DEBUG] Click skipped, ninguna de las imágenes se encontró en el intento.
2026-07-05 05:15:31 | INFO | my_functions.py:247 | [DEBUG] Buscando en paralelo: ['maybe_later2.PNG'] | timeout=0s | confidence=0.8
2026-07-05 05:15:32 | INFO | my_functions.py:281 | [DEBUG] Click skipped, ninguna de las imágenes se encontró en el intento.
2026-07-05 05:15:33 | INFO | my_functions.py:169 | Searching go_to_shop.PNG (timeout=0s)
2026-07-05 05:15:33 | INFO | my_functions.py:199 | 
✅ Found: go_to_shop.PNG pos=(275, 827) time=0.53s confidence=0.8
2026-07-05 05:15:35 | INFO | my_functions.py:247 | [DEBUG] Buscando en paralelo: ['white_x.png'] | timeout=20s | confidence=0.8
2026-07-05 05:15:37 | INFO | my_functions.py:134 | Haciendo click en la posición (597, 113)
2026-07-05 05:15:37 | INFO | my_functions.py:269 | 🖱️ Click OK (En paralelo): white_x.png at (597, 113) delay=1s
2026-07-05 05:15:47 | INFO | my_functions.py:169 | Searching shop_unselected.PNG (timeout=0s)
2026-07-05 05:15:47 | INFO | my_functions.py:213 | 
⛔ Not found: shop_unselected.PNG after 0.0s region=(0, 0, 765, 1038) confidence=0.8
2026-07-05 05:15:48 | INFO | my_functions.py:169 | Searching shop_unselected.PNG (timeout=0s)
2026-07-05 05:15:49 | INFO | my_functions.py:213 | 
⛔ Not found: shop_unselected.PNG after 0.0s region=(0, 0, 765, 1038) confidence=0.8
2026-07-05 05:15:49 | INFO | my_functions.py:247 | [DEBUG] Buscando en paralelo: ['super_premium.PNG'] | timeout=0s | confidence=0.8
2026-07-05 05:15:51 | INFO | my_functions.py:134 | Haciendo click en la posición (480, 777)
2026-07-05 05:15:51 | INFO | my_functions.py:269 | 🖱️ Click OK (En paralelo): super_premium.PNG at (480, 777) delay=1s
2026-07-05 05:15:52 | INFO | my_functions.py:142 | Presionando ESC (1/1)
2026-07-05 05:16:00 | INFO | my_functions.py:169 | Searching shop_unselected.PNG (timeout=0s)
2026-07-05 05:16:01 | INFO | my_functions.py:199 | 
✅ Found: shop_unselected.PNG pos=(88, 961) time=0.73s confidence=0.8
2026-07-05 05:16:01 | INFO | my_functions.py:714 | Ya esta listo
2026-07-05 05:16:05 | INFO | my_functions.py:533 | AVAILABLE: 6
2026-07-05 05:16:05 | INFO | my_functions.py:555 | Misiones completadas: 0
2026-07-05 05:16:05 | INFO | my_functions.py:169 | Searching play.PNG (timeout=0s)
2026-07-05 05:16:06 | INFO | my_functions.py:199 | 
✅ Found: play.PNG pos=(384, 826) time=0.62s confidence=0.8
2026-07-05 05:16:06 | INFO | my_functions.py:1440 | [INFO] Click realizado donde se equipa el deck a jugar
2026-07-05 05:16:10 | INFO | my_functions.py:247 | [DEBUG] Buscando en paralelo: ['deck_666666.png'] | timeout=3s | confidence=0.8
2026-07-05 05:16:12 | INFO | my_functions.py:134 | Haciendo click en la posición (235, 546)
2026-07-05 05:16:12 | INFO | my_functions.py:269 | 🖱️ Click OK (En paralelo): deck_666666.png at (235, 546) delay=1s
2026-07-05 05:16:13 | INFO | my_functions.py:247 | [DEBUG] Buscando en paralelo: ['equip.png'] | timeout=3s | confidence=0.95
2026-07-05 05:16:15 | INFO | my_functions.py:134 | Haciendo click en la posición (548, 983)
2026-07-05 05:16:15 | INFO | my_functions.py:269 | 🖱️ Click OK (En paralelo): equip.png at (548, 983) delay=1s
2026-07-05 05:16:17 | INFO | each_eight_hours.py:134 | Deck selected: 6turns
2026-07-05 05:16:17 | INFO | my_functions.py:247 | [DEBUG] Buscando en paralelo: ['maybe_later.PNG'] | timeout=2s | confidence=0.8
2026-07-05 05:16:19 | INFO | my_functions.py:281 | [DEBUG] Click skipped, ninguna de las imágenes se encontró en el intento.
2026-07-05 05:16:20 | INFO | my_functions.py:247 | [DEBUG] Buscando en paralelo: ['maybe_later2.PNG'] | timeout=0.01s | confidence=0.8
2026-07-05 05:16:21 | INFO | my_functions.py:281 | [DEBUG] Click skipped, ninguna de las imágenes se encontró en el intento.
2026-07-05 05:16:22 | INFO | each_eight_hours.py:148 | Starting game loop 1
2026-07-05 05:16:22 | INFO | my_functions.py:247 | [DEBUG] Buscando en paralelo: ['play.PNG'] | timeout=20s | confidence=0.8
2026-07-05 05:16:25 | INFO | my_functions.py:134 | Haciendo click en la posición (384, 824)
2026-07-05 05:16:25 | INFO | my_functions.py:269 | 🖱️ Click OK (En paralelo): play.PNG at (384, 824) delay=3s
2026-07-05 05:16:45 | INFO | my_functions.py:199 | 
✅ Found: end_turn.PNG pos=(681, 945) time=0.63s confidence=0.8
2026-07-05 05:16:45 | INFO | my_functions.py:247 | [DEBUG] Buscando en paralelo: ['snap.PNG'] | timeout=0s | confidence=0.8
2026-07-05 05:16:47 | INFO | my_functions.py:134 | Haciendo click en la posición (386, 122)
2026-07-05 05:16:47 | INFO | my_functions.py:269 | 🖱️ Click OK (En paralelo): snap.PNG at (386, 122) delay=1s
2026-07-05 05:16:53 | INFO | my_functions.py:247 | [DEBUG] Buscando en paralelo: ['end_turn.PNG'] | timeout=0s | confidence=0.8
2026-07-05 05:16:55 | INFO | my_functions.py:134 | Haciendo click en la posición (682, 946)
2026-07-05 05:16:55 | INFO | my_functions.py:269 | 🖱️ Click OK (En paralelo): end_turn.PNG at (682, 946) delay=1s
2026-07-05 05:16:56 | INFO | each_eight_hours.py:165 | End turn executed
2026-07-05 05:17:18 | INFO | my_functions.py:199 | 
✅ Found: end_turn.PNG pos=(681, 945) time=0.64s confidence=0.8
2026-07-05 05:17:18 | INFO | my_functions.py:247 | [DEBUG] Buscando en paralelo: ['snap.PNG'] | timeout=0s | confidence=0.8
2026-07-05 05:17:19 | INFO | my_functions.py:281 | [DEBUG] Click skipped, ninguna de las imágenes se encontró en el intento.
2026-07-05 05:17:25 | INFO | my_functions.py:247 | [DEBUG] Buscando en paralelo: ['end_turn.PNG'] | timeout=0s | confidence=0.8
2026-07-05 05:17:27 | INFO | my_functions.py:134 | Haciendo click en la posición (682, 945)
2026-07-05 05:17:27 | INFO | my_functions.py:269 | 🖱️ Click OK (En paralelo): end_turn.PNG at (682, 945) delay=1s
2026-07-05 05:17:28 | INFO | each_eight_hours.py:165 | End turn executed
2026-07-05 05:17:44 | INFO | my_functions.py:199 | 
✅ Found: end_turn.PNG pos=(681, 945) time=0.65s confidence=0.8
2026-07-05 05:17:44 | INFO | my_functions.py:247 | [DEBUG] Buscando en paralelo: ['snap.PNG'] | timeout=0s | confidence=0.8
2026-07-05 05:17:45 | INFO | my_functions.py:281 | [DEBUG] Click skipped, ninguna de las imágenes se encontró en el intento.
2026-07-05 05:17:51 | INFO | my_functions.py:247 | [DEBUG] Buscando en paralelo: ['end_turn.PNG'] | timeout=0s | confidence=0.8
2026-07-05 05:17:53 | INFO | my_functions.py:134 | Haciendo click en la posición (682, 945)
2026-07-05 05:17:53 | INFO | my_functions.py:269 | 🖱️ Click OK (En paralelo): end_turn.PNG at (682, 945) delay=1s
2026-07-05 05:17:54 | INFO | each_eight_hours.py:165 | End turn executed
2026-07-05 05:18:07 | INFO | my_functions.py:199 | 
✅ Found: end_turn.PNG pos=(681, 945) time=0.65s confidence=0.8
2026-07-05 05:18:07 | INFO | my_functions.py:247 | [DEBUG] Buscando en paralelo: ['snap.PNG'] | timeout=0s | confidence=0.8
2026-07-05 05:18:08 | INFO | my_functions.py:281 | [DEBUG] Click skipped, ninguna de las imágenes se encontró en el intento.
2026-07-05 05:18:14 | INFO | my_functions.py:247 | [DEBUG] Buscando en paralelo: ['end_turn.PNG'] | timeout=0s | confidence=0.8
2026-07-05 05:18:16 | INFO | my_functions.py:134 | Haciendo click en la posición (682, 945)
2026-07-05 05:18:16 | INFO | my_functions.py:269 | 🖱️ Click OK (En paralelo): end_turn.PNG at (682, 945) delay=1s
2026-07-05 05:18:17 | INFO | each_eight_hours.py:165 | End turn executed
2026-07-05 05:18:30 | INFO | my_functions.py:199 | 
✅ Found: end_turn.PNG pos=(681, 945) time=0.66s confidence=0.8
2026-07-05 05:18:30 | INFO | my_functions.py:247 | [DEBUG] Buscando en paralelo: ['snap.PNG'] | timeout=0s | confidence=0.8
2026-07-05 05:18:31 | INFO | my_functions.py:281 | [DEBUG] Click skipped, ninguna de las imágenes se encontró en el intento.
2026-07-05 05:18:37 | INFO | my_functions.py:247 | [DEBUG] Buscando en paralelo: ['end_turn.PNG'] | timeout=0s | confidence=0.8
2026-07-05 05:18:39 | INFO | my_functions.py:134 | Haciendo click en la posición (682, 945)
2026-07-05 05:18:39 | INFO | my_functions.py:269 | 🖱️ Click OK (En paralelo): end_turn.PNG at (682, 945) delay=1s
2026-07-05 05:18:40 | INFO | each_eight_hours.py:165 | End turn executed
2026-07-05 05:18:53 | INFO | my_functions.py:199 | 
✅ Found: end_turn.PNG pos=(681, 945) time=0.67s confidence=0.8
2026-07-05 05:18:53 | INFO | my_functions.py:247 | [DEBUG] Buscando en paralelo: ['snap.PNG'] | timeout=0s | confidence=0.8
2026-07-05 05:18:54 | INFO | my_functions.py:281 | [DEBUG] Click skipped, ninguna de las imágenes se encontró en el intento.
2026-07-05 05:19:00 | INFO | my_functions.py:247 | [DEBUG] Buscando en paralelo: ['end_turn.PNG'] | timeout=0s | confidence=0.8
2026-07-05 05:19:02 | INFO | my_functions.py:134 | Haciendo click en la posición (682, 945)
2026-07-05 05:19:02 | INFO | my_functions.py:269 | 🖱️ Click OK (En paralelo): end_turn.PNG at (682, 945) delay=1s
2026-07-05 05:19:03 | INFO | each_eight_hours.py:165 | End turn executed
2026-07-05 05:19:07 | INFO | my_functions.py:199 | 
✅ Found: never_seen_before.png pos=(395, 141) time=0.51s confidence=0.8
2026-07-05 05:19:08 | WARNING | each_eight_hours.py:178 | Unknown popup handled
2026-07-05 05:19:24 | INFO | my_functions.py:199 | 
✅ Found: end_turn.PNG pos=(681, 945) time=0.66s confidence=0.8
2026-07-05 05:19:24 | INFO | my_functions.py:247 | [DEBUG] Buscando en paralelo: ['snap.PNG'] | timeout=0s | confidence=0.8
2026-07-05 05:19:25 | INFO | my_functions.py:281 | [DEBUG] Click skipped, ninguna de las imágenes se encontró en el intento.
2026-07-05 05:19:31 | INFO | my_functions.py:247 | [DEBUG] Buscando en paralelo: ['end_turn.PNG'] | timeout=0s | confidence=0.8
2026-07-05 05:19:32 | INFO | my_functions.py:134 | Haciendo click en la posición (682, 945)
2026-07-05 05:19:33 | INFO | my_functions.py:269 | 🖱️ Click OK (En paralelo): end_turn.PNG at (682, 945) delay=1s
2026-07-05 05:19:34 | INFO | each_eight_hours.py:165 | End turn executed
2026-07-05 05:20:00 | INFO | my_functions.py:199 | 
✅ Found: collect_rewards.PNG pos=(679, 957) time=0.76s confidence=0.8
2026-07-05 05:20:00 | INFO | each_eight_hours.py:204 | Rewards detected, exiting match
2026-07-05 05:20:00 | INFO | my_functions.py:247 | [DEBUG] Buscando en paralelo: ['collect_rewards.PNG'] | timeout=20s | confidence=0.8
2026-07-05 05:20:01 | INFO | my_functions.py:134 | Haciendo click en la posición (679, 957)
2026-07-05 05:20:02 | INFO | my_functions.py:269 | 🖱️ Click OK (En paralelo): collect_rewards.PNG at (679, 957) delay=1s
2026-07-05 05:20:03 | INFO | my_functions.py:247 | [DEBUG] Buscando en paralelo: ['next.PNG'] | timeout=20s | confidence=0.8
2026-07-05 05:20:08 | INFO | my_functions.py:134 | Haciendo click en la posición (677, 973)
2026-07-05 05:20:08 | INFO | my_functions.py:269 | 🖱️ Click OK (En paralelo): next.PNG at (677, 973) delay=1s
2026-07-05 05:20:11 | INFO | my_functions.py:533 | AVAILABLE: 6
2026-07-05 05:20:11 | INFO | each_eight_hours.py:271 | Submissions after match: 6
2026-07-05 05:20:11 | INFO | my_functions.py:555 | Misiones completadas: 0
2026-07-05 05:20:11 | INFO | each_eight_hours.py:148 | Starting game loop 2
2026-07-05 05:20:11 | INFO | my_functions.py:247 | [DEBUG] Buscando en paralelo: ['play.PNG'] | timeout=20s | confidence=0.8
2026-07-05 05:20:15 | INFO | my_functions.py:134 | Haciendo click en la posición (384, 824)
2026-07-05 05:20:15 | INFO | my_functions.py:269 | 🖱️ Click OK (En paralelo): play.PNG at (384, 824) delay=3s
2026-07-05 05:20:31 | INFO | my_functions.py:199 | 
✅ Found: end_turn.PNG pos=(681, 945) time=0.66s confidence=0.8
2026-07-05 05:20:31 | INFO | my_functions.py:247 | [DEBUG] Buscando en paralelo: ['snap.PNG'] | timeout=0s | confidence=0.8
2026-07-05 05:20:33 | INFO | my_functions.py:134 | Haciendo click en la posición (386, 123)
2026-07-05 05:20:33 | INFO | my_functions.py:269 | 🖱️ Click OK (En paralelo): snap.PNG at (386, 123) delay=1s
2026-07-05 05:20:39 | INFO | my_functions.py:247 | [DEBUG] Buscando en paralelo: ['end_turn.PNG'] | timeout=0s | confidence=0.8
2026-07-05 05:20:41 | INFO | my_functions.py:134 | Haciendo click en la posición (682, 946)
2026-07-05 05:20:41 | INFO | my_functions.py:269 | 🖱️ Click OK (En paralelo): end_turn.PNG at (682, 946) delay=1s
2026-07-05 05:20:42 | INFO | each_eight_hours.py:165 | End turn executed
2026-07-05 05:20:59 | INFO | my_functions.py:199 | 
✅ Found: end_turn.PNG pos=(681, 945) time=0.7s confidence=0.8
2026-07-05 05:20:59 | INFO | my_functions.py:247 | [DEBUG] Buscando en paralelo: ['snap.PNG'] | timeout=0s | confidence=0.8
2026-07-05 05:21:00 | INFO | my_functions.py:281 | [DEBUG] Click skipped, ninguna de las imágenes se encontró en el intento.
2026-07-05 05:21:07 | INFO | my_functions.py:247 | [DEBUG] Buscando en paralelo: ['end_turn.PNG'] | timeout=0s | confidence=0.8
2026-07-05 05:21:08 | INFO | my_functions.py:134 | Haciendo click en la posición (682, 945)
2026-07-05 05:21:08 | INFO | my_functions.py:269 | 🖱️ Click OK (En paralelo): end_turn.PNG at (682, 945) delay=1s
2026-07-05 05:21:10 | INFO | each_eight_hours.py:165 | End turn executed
2026-07-05 05:21:26 | INFO | my_functions.py:199 | 
✅ Found: end_turn.PNG pos=(681, 945) time=0.69s confidence=0.8
2026-07-05 05:21:26 | INFO | my_functions.py:247 | [DEBUG] Buscando en paralelo: ['snap.PNG'] | timeout=0s | confidence=0.8
2026-07-05 05:21:27 | INFO | my_functions.py:281 | [DEBUG] Click skipped, ninguna de las imágenes se encontró en el intento.
2026-07-05 05:21:33 | INFO | my_functions.py:247 | [DEBUG] Buscando en paralelo: ['end_turn.PNG'] | timeout=0s | confidence=0.8
2026-07-05 05:21:35 | INFO | my_functions.py:134 | Haciendo click en la posición (682, 945)
2026-07-05 05:21:35 | INFO | my_functions.py:269 | 🖱️ Click OK (En paralelo): end_turn.PNG at (682, 945) delay=1s
2026-07-05 05:21:36 | INFO | each_eight_hours.py:165 | End turn executed
2026-07-05 05:22:06 | INFO | my_functions.py:199 | 
✅ Found: end_turn.PNG pos=(681, 945) time=0.69s confidence=0.8
2026-07-05 05:22:06 | INFO | my_functions.py:247 | [DEBUG] Buscando en paralelo: ['snap.PNG'] | timeout=0s | confidence=0.8
2026-07-05 05:22:07 | INFO | my_functions.py:281 | [DEBUG] Click skipped, ninguna de las imágenes se encontró en el intento.
2026-07-05 05:22:14 | INFO | my_functions.py:247 | [DEBUG] Buscando en paralelo: ['end_turn.PNG'] | timeout=0s | confidence=0.8
2026-07-05 05:22:15 | INFO | my_functions.py:134 | Haciendo click en la posición (682, 945)
2026-07-05 05:22:15 | INFO | my_functions.py:269 | 🖱️ Click OK (En paralelo): end_turn.PNG at (682, 945) delay=1s
2026-07-05 05:22:17 | INFO | each_eight_hours.py:165 | End turn executed
2026-07-05 05:22:30 | INFO | my_functions.py:199 | 
✅ Found: end_turn.PNG pos=(681, 945) time=0.65s confidence=0.8
2026-07-05 05:22:30 | INFO | my_functions.py:247 | [DEBUG] Buscando en paralelo: ['snap.PNG'] | timeout=0s | confidence=0.8
2026-07-05 05:22:31 | INFO | my_functions.py:281 | [DEBUG] Click skipped, ninguna de las imágenes se encontró en el intento.
2026-07-05 05:22:37 | INFO | my_functions.py:247 | [DEBUG] Buscando en paralelo: ['end_turn.PNG'] | timeout=0s | confidence=0.8
2026-07-05 05:22:39 | INFO | my_functions.py:134 | Haciendo click en la posición (682, 945)
2026-07-05 05:22:39 | INFO | my_functions.py:269 | 🖱️ Click OK (En paralelo): end_turn.PNG at (682, 945) delay=1s
2026-07-05 05:22:40 | INFO | each_eight_hours.py:165 | End turn executed
2026-07-05 05:22:57 | INFO | my_functions.py:199 | 
✅ Found: end_turn.PNG pos=(681, 945) time=0.68s confidence=0.8
2026-07-05 05:22:57 | INFO | my_functions.py:247 | [DEBUG] Buscando en paralelo: ['snap.PNG'] | timeout=0s | confidence=0.8
2026-07-05 05:22:57 | INFO | my_functions.py:281 | [DEBUG] Click skipped, ninguna de las imágenes se encontró en el intento.
2026-07-05 05:23:04 | INFO | my_functions.py:247 | [DEBUG] Buscando en paralelo: ['end_turn.PNG'] | timeout=0s | confidence=0.8
2026-07-05 05:23:05 | INFO | my_functions.py:134 | Haciendo click en la posición (682, 945)
2026-07-05 05:23:06 | INFO | my_functions.py:269 | 🖱️ Click OK (En paralelo): end_turn.PNG at (682, 945) delay=1s
2026-07-05 05:23:07 | INFO | each_eight_hours.py:165 | End turn executed
2026-07-05 05:23:40 | INFO | my_functions.py:199 | 
✅ Found: collect_rewards.PNG pos=(679, 957) time=0.81s confidence=0.8
2026-07-05 05:23:40 | INFO | each_eight_hours.py:204 | Rewards detected, exiting match
2026-07-05 05:23:40 | INFO | my_functions.py:247 | [DEBUG] Buscando en paralelo: ['collect_rewards.PNG'] | timeout=20s | confidence=0.8
2026-07-05 05:23:42 | INFO | my_functions.py:134 | Haciendo click en la posición (679, 957)
2026-07-05 05:23:42 | INFO | my_functions.py:269 | 🖱️ Click OK (En paralelo): collect_rewards.PNG at (679, 957) delay=1s
2026-07-05 05:23:43 | INFO | my_functions.py:247 | [DEBUG] Buscando en paralelo: ['next.PNG'] | timeout=20s | confidence=0.8
2026-07-05 05:23:51 | INFO | my_functions.py:134 | Haciendo click en la posición (677, 973)
2026-07-05 05:23:51 | INFO | my_functions.py:269 | 🖱️ Click OK (En paralelo): next.PNG at (677, 973) delay=1s
2026-07-05 05:23:55 | INFO | my_functions.py:533 | AVAILABLE: 6
2026-07-05 05:23:55 | INFO | each_eight_hours.py:271 | Submissions after match: 6
2026-07-05 05:23:55 | INFO | my_functions.py:555 | Misiones completadas: 0
2026-07-05 05:23:55 | INFO | each_eight_hours.py:148 | Starting game loop 3
2026-07-05 05:23:55 | INFO | my_functions.py:247 | [DEBUG] Buscando en paralelo: ['play.PNG'] | timeout=20s | confidence=0.8
2026-07-05 05:23:58 | INFO | my_functions.py:134 | Haciendo click en la posición (384, 824)
2026-07-05 05:23:58 | INFO | my_functions.py:269 | 🖱️ Click OK (En paralelo): play.PNG at (384, 824) delay=3s
2026-07-05 05:24:22 | INFO | my_functions.py:199 | 
✅ Found: end_turn.PNG pos=(681, 945) time=0.7s confidence=0.8
2026-07-05 05:24:22 | INFO | my_functions.py:247 | [DEBUG] Buscando en paralelo: ['snap.PNG'] | timeout=0s | confidence=0.8
2026-07-05 05:24:24 | INFO | my_functions.py:134 | Haciendo click en la posición (386, 123)
2026-07-05 05:24:24 | INFO | my_functions.py:269 | 🖱️ Click OK (En paralelo): snap.PNG at (386, 123) delay=1s
2026-07-05 05:24:31 | INFO | my_functions.py:247 | [DEBUG] Buscando en paralelo: ['end_turn.PNG'] | timeout=0s | confidence=0.8
2026-07-05 05:24:32 | INFO | my_functions.py:134 | Haciendo click en la posición (682, 946)
2026-07-05 05:24:33 | INFO | my_functions.py:269 | 🖱️ Click OK (En paralelo): end_turn.PNG at (682, 946) delay=1s
2026-07-05 05:24:34 | INFO | each_eight_hours.py:165 | End turn executed
2026-07-05 05:24:48 | INFO | my_functions.py:199 | 
✅ Found: end_turn.PNG pos=(681, 945) time=0.73s confidence=0.8
2026-07-05 05:24:48 | INFO | my_functions.py:247 | [DEBUG] Buscando en paralelo: ['snap.PNG'] | timeout=0s | confidence=0.8
2026-07-05 05:24:49 | INFO | my_functions.py:281 | [DEBUG] Click skipped, ninguna de las imágenes se encontró en el intento.
2026-07-05 05:24:55 | INFO | my_functions.py:247 | [DEBUG] Buscando en paralelo: ['end_turn.PNG'] | timeout=0s | confidence=0.8
2026-07-05 05:24:57 | INFO | my_functions.py:134 | Haciendo click en la posición (682, 946)
2026-07-05 05:24:57 | INFO | my_functions.py:269 | 🖱️ Click OK (En paralelo): end_turn.PNG at (682, 946) delay=1s
2026-07-05 05:24:58 | INFO | each_eight_hours.py:165 | End turn executed
2026-07-05 05:25:14 | INFO | my_functions.py:199 | 
✅ Found: end_turn.PNG pos=(681, 945) time=0.67s confidence=0.8
2026-07-05 05:25:14 | INFO | my_functions.py:247 | [DEBUG] Buscando en paralelo: ['snap.PNG'] | timeout=0s | confidence=0.8
2026-07-05 05:25:15 | INFO | my_functions.py:281 | [DEBUG] Click skipped, ninguna de las imágenes se encontró en el intento.
2026-07-05 05:25:22 | INFO | my_functions.py:247 | [DEBUG] Buscando en paralelo: ['end_turn.PNG'] | timeout=0s | confidence=0.8
2026-07-05 05:25:23 | INFO | my_functions.py:134 | Haciendo click en la posición (682, 945)
2026-07-05 05:25:23 | INFO | my_functions.py:269 | 🖱️ Click OK (En paralelo): end_turn.PNG at (682, 945) delay=1s
2026-07-05 05:25:25 | INFO | each_eight_hours.py:165 | End turn executed
2026-07-05 05:25:38 | INFO | my_functions.py:199 | 
✅ Found: end_turn.PNG pos=(681, 945) time=0.66s confidence=0.8
2026-07-05 05:25:38 | INFO | my_functions.py:247 | [DEBUG] Buscando en paralelo: ['snap.PNG'] | timeout=0s | confidence=0.8
2026-07-05 05:25:39 | INFO | my_functions.py:281 | [DEBUG] Click skipped, ninguna de las imágenes se encontró en el intento.
2026-07-05 05:25:45 | INFO | my_functions.py:247 | [DEBUG] Buscando en paralelo: ['end_turn.PNG'] | timeout=0s | confidence=0.8
2026-07-05 05:25:47 | INFO | my_functions.py:134 | Haciendo click en la posición (682, 945)
2026-07-05 05:25:47 | INFO | my_functions.py:269 | 🖱️ Click OK (En paralelo): end_turn.PNG at (682, 945) delay=1s
2026-07-05 05:25:48 | INFO | each_eight_hours.py:165 | End turn executed
2026-07-05 05:26:05 | INFO | my_functions.py:199 | 
✅ Found: end_turn.PNG pos=(681, 945) time=0.68s confidence=0.8
2026-07-05 05:26:05 | INFO | my_functions.py:247 | [DEBUG] Buscando en paralelo: ['snap.PNG'] | timeout=0s | confidence=0.8
2026-07-05 05:26:06 | INFO | my_functions.py:281 | [DEBUG] Click skipped, ninguna de las imágenes se encontró en el intento.
2026-07-05 05:26:12 | INFO | my_functions.py:247 | [DEBUG] Buscando en paralelo: ['end_turn.PNG'] | timeout=0s | confidence=0.8
2026-07-05 05:26:14 | INFO | my_functions.py:134 | Haciendo click en la posición (682, 945)
2026-07-05 05:26:14 | INFO | my_functions.py:269 | 🖱️ Click OK (En paralelo): end_turn.PNG at (682, 945) delay=1s
2026-07-05 05:26:15 | INFO | each_eight_hours.py:165 | End turn executed
2026-07-05 05:26:36 | INFO | my_functions.py:199 | 
✅ Found: end_turn.PNG pos=(681, 945) time=0.73s confidence=0.8
2026-07-05 05:26:36 | INFO | my_functions.py:247 | [DEBUG] Buscando en paralelo: ['snap.PNG'] | timeout=0s | confidence=0.8
2026-07-05 05:26:37 | INFO | my_functions.py:281 | [DEBUG] Click skipped, ninguna de las imágenes se encontró en el intento.
2026-07-05 05:26:43 | INFO | my_functions.py:247 | [DEBUG] Buscando en paralelo: ['end_turn.PNG'] | timeout=0s | confidence=0.8
2026-07-05 05:26:45 | INFO | my_functions.py:134 | Haciendo click en la posición (681, 945)
2026-07-05 05:26:45 | INFO | my_functions.py:269 | 🖱️ Click OK (En paralelo): end_turn.PNG at (681, 945) delay=1s
2026-07-05 05:26:46 | INFO | each_eight_hours.py:165 | End turn executed
2026-07-05 05:27:22 | INFO | my_functions.py:199 | 
✅ Found: collect_rewards.PNG pos=(679, 957) time=0.81s confidence=0.8
2026-07-05 05:27:22 | INFO | each_eight_hours.py:204 | Rewards detected, exiting match
2026-07-05 05:27:22 | INFO | my_functions.py:247 | [DEBUG] Buscando en paralelo: ['collect_rewards.PNG'] | timeout=20s | confidence=0.8
2026-07-05 05:27:24 | INFO | my_functions.py:134 | Haciendo click en la posición (679, 957)
2026-07-05 05:27:24 | INFO | my_functions.py:269 | 🖱️ Click OK (En paralelo): collect_rewards.PNG at (679, 957) delay=1s
2026-07-05 05:27:25 | INFO | my_functions.py:247 | [DEBUG] Buscando en paralelo: ['next.PNG'] | timeout=20s | confidence=0.8
2026-07-05 05:27:31 | INFO | my_functions.py:134 | Haciendo click en la posición (677, 973)
2026-07-05 05:27:31 | INFO | my_functions.py:269 | 🖱️ Click OK (En paralelo): next.PNG at (677, 973) delay=1s
2026-07-05 05:27:34 | INFO | my_functions.py:533 | AVAILABLE: 6
2026-07-05 05:27:34 | INFO | each_eight_hours.py:271 | Submissions after match: 6
2026-07-05 05:27:34 | INFO | my_functions.py:555 | Misiones completadas: 1
2026-07-05 05:27:34 | INFO | each_eight_hours.py:148 | Starting game loop 4
2026-07-05 05:27:34 | INFO | my_functions.py:247 | [DEBUG] Buscando en paralelo: ['play.PNG'] | timeout=20s | confidence=0.8
2026-07-05 05:27:38 | INFO | my_functions.py:134 | Haciendo click en la posición (384, 824)
2026-07-05 05:27:38 | INFO | my_functions.py:269 | 🖱️ Click OK (En paralelo): play.PNG at (384, 824) delay=3s
2026-07-05 05:27:53 | INFO | my_functions.py:199 | 
✅ Found: end_turn.PNG pos=(681, 945) time=0.65s confidence=0.8
2026-07-05 05:27:53 | INFO | my_functions.py:247 | [DEBUG] Buscando en paralelo: ['snap.PNG'] | timeout=0s | confidence=0.8
2026-07-05 05:27:55 | INFO | my_functions.py:134 | Haciendo click en la posición (386, 123)
2026-07-05 05:27:56 | INFO | my_functions.py:269 | 🖱️ Click OK (En paralelo): snap.PNG at (386, 123) delay=1s
2026-07-05 05:28:02 | INFO | my_functions.py:247 | [DEBUG] Buscando en paralelo: ['end_turn.PNG'] | timeout=0s | confidence=0.8
2026-07-05 05:28:03 | INFO | my_functions.py:134 | Haciendo click en la posición (682, 946)
2026-07-05 05:28:04 | INFO | my_functions.py:269 | 🖱️ Click OK (En paralelo): end_turn.PNG at (682, 946) delay=1s
2026-07-05 05:28:05 | INFO | each_eight_hours.py:165 | End turn executed
2026-07-05 05:28:18 | INFO | my_functions.py:199 | 
✅ Found: end_turn.PNG pos=(681, 945) time=0.65s confidence=0.8
2026-07-05 05:28:18 | INFO | my_functions.py:247 | [DEBUG] Buscando en paralelo: ['snap.PNG'] | timeout=0s | confidence=0.8
2026-07-05 05:28:19 | INFO | my_functions.py:281 | [DEBUG] Click skipped, ninguna de las imágenes se encontró en el intento.
2026-07-05 05:28:25 | INFO | my_functions.py:247 | [DEBUG] Buscando en paralelo: ['end_turn.PNG'] | timeout=0s | confidence=0.8
2026-07-05 05:28:27 | INFO | my_functions.py:134 | Haciendo click en la posición (682, 945)
2026-07-05 05:28:27 | INFO | my_functions.py:269 | 🖱️ Click OK (En paralelo): end_turn.PNG at (682, 945) delay=1s
2026-07-05 05:28:28 | INFO | each_eight_hours.py:165 | End turn executed
2026-07-05 05:28:41 | INFO | my_functions.py:199 | 
✅ Found: end_turn.PNG pos=(681, 945) time=0.66s confidence=0.8
2026-07-05 05:28:41 | INFO | my_functions.py:247 | [DEBUG] Buscando en paralelo: ['snap.PNG'] | timeout=0s | confidence=0.8
2026-07-05 05:28:42 | INFO | my_functions.py:281 | [DEBUG] Click skipped, ninguna de las imágenes se encontró en el intento.
2026-07-05 05:28:48 | INFO | my_functions.py:247 | [DEBUG] Buscando en paralelo: ['end_turn.PNG'] | timeout=0s | confidence=0.8
2026-07-05 05:28:49 | INFO | my_functions.py:134 | Haciendo click en la posición (682, 945)
2026-07-05 05:28:50 | INFO | my_functions.py:269 | 🖱️ Click OK (En paralelo): end_turn.PNG at (682, 945) delay=1s
2026-07-05 05:28:51 | INFO | each_eight_hours.py:165 | End turn executed
2026-07-05 05:29:13 | INFO | my_functions.py:199 | 
✅ Found: end_turn.PNG pos=(681, 945) time=0.66s confidence=0.8
2026-07-05 05:29:13 | INFO | my_functions.py:247 | [DEBUG] Buscando en paralelo: ['snap.PNG'] | timeout=0s | confidence=0.8
2026-07-05 05:29:14 | INFO | my_functions.py:281 | [DEBUG] Click skipped, ninguna de las imágenes se encontró en el intento.
2026-07-05 05:29:20 | INFO | my_functions.py:247 | [DEBUG] Buscando en paralelo: ['end_turn.PNG'] | timeout=0s | confidence=0.8
2026-07-05 05:29:22 | INFO | my_functions.py:134 | Haciendo click en la posición (682, 945)
2026-07-05 05:29:22 | INFO | my_functions.py:269 | 🖱️ Click OK (En paralelo): end_turn.PNG at (682, 945) delay=1s
2026-07-05 05:29:23 | INFO | each_eight_hours.py:165 | End turn executed
2026-07-05 05:29:50 | INFO | my_functions.py:199 | 
✅ Found: end_turn.PNG pos=(681, 945) time=0.66s confidence=0.8
2026-07-05 05:29:50 | INFO | my_functions.py:247 | [DEBUG] Buscando en paralelo: ['snap.PNG'] | timeout=0s | confidence=0.8
2026-07-05 05:29:50 | INFO | my_functions.py:281 | [DEBUG] Click skipped, ninguna de las imágenes se encontró en el intento.
2026-07-05 05:29:57 | INFO | my_functions.py:247 | [DEBUG] Buscando en paralelo: ['end_turn.PNG'] | timeout=0s | confidence=0.8
2026-07-05 05:29:58 | INFO | my_functions.py:134 | Haciendo click en la posición (682, 945)
2026-07-05 05:29:59 | INFO | my_functions.py:269 | 🖱️ Click OK (En paralelo): end_turn.PNG at (682, 945) delay=1s
2026-07-05 05:30:00 | INFO | each_eight_hours.py:165 | End turn executed
2026-07-05 05:30:25 | INFO | my_functions.py:199 | 
✅ Found: end_turn.PNG pos=(681, 945) time=0.65s confidence=0.8
2026-07-05 05:30:25 | INFO | my_functions.py:247 | [DEBUG] Buscando en paralelo: ['snap.PNG'] | timeout=0s | confidence=0.8
2026-07-05 05:30:26 | INFO | my_functions.py:281 | [DEBUG] Click skipped, ninguna de las imágenes se encontró en el intento.
2026-07-05 05:30:32 | INFO | my_functions.py:247 | [DEBUG] Buscando en paralelo: ['end_turn.PNG'] | timeout=0s | confidence=0.8
2026-07-05 05:30:34 | INFO | my_functions.py:134 | Haciendo click en la posición (682, 945)
2026-07-05 05:30:34 | INFO | my_functions.py:269 | 🖱️ Click OK (En paralelo): end_turn.PNG at (682, 945) delay=1s
2026-07-05 05:30:35 | INFO | each_eight_hours.py:165 | End turn executed
2026-07-05 05:30:58 | INFO | my_functions.py:199 | 
✅ Found: end_turn.PNG pos=(681, 945) time=0.66s confidence=0.8
2026-07-05 05:30:58 | INFO | my_functions.py:247 | [DEBUG] Buscando en paralelo: ['snap.PNG'] | timeout=0s | confidence=0.8
2026-07-05 05:30:59 | INFO | my_functions.py:281 | [DEBUG] Click skipped, ninguna de las imágenes se encontró en el intento.
2026-07-05 05:31:05 | INFO | my_functions.py:247 | [DEBUG] Buscando en paralelo: ['end_turn.PNG'] | timeout=0s | confidence=0.8
2026-07-05 05:31:07 | INFO | my_functions.py:134 | Haciendo click en la posición (681, 945)
2026-07-05 05:31:07 | INFO | my_functions.py:269 | 🖱️ Click OK (En paralelo): end_turn.PNG at (681, 945) delay=1s
2026-07-05 05:31:08 | INFO | each_eight_hours.py:165 | End turn executed
2026-07-05 05:31:43 | INFO | my_functions.py:199 | 
✅ Found: collect_rewards.PNG pos=(679, 957) time=0.77s confidence=0.8
2026-07-05 05:31:43 | INFO | each_eight_hours.py:204 | Rewards detected, exiting match
2026-07-05 05:31:43 | INFO | my_functions.py:247 | [DEBUG] Buscando en paralelo: ['collect_rewards.PNG'] | timeout=20s | confidence=0.8
2026-07-05 05:31:45 | INFO | my_functions.py:134 | Haciendo click en la posición (679, 957)
2026-07-05 05:31:45 | INFO | my_functions.py:269 | 🖱️ Click OK (En paralelo): collect_rewards.PNG at (679, 957) delay=1s
2026-07-05 05:31:46 | INFO | my_functions.py:247 | [DEBUG] Buscando en paralelo: ['next.PNG'] | timeout=20s | confidence=0.8
2026-07-05 05:31:51 | INFO | my_functions.py:134 | Haciendo click en la posición (677, 973)
2026-07-05 05:31:52 | INFO | my_functions.py:269 | 🖱️ Click OK (En paralelo): next.PNG at (677, 973) delay=1s
2026-07-05 05:31:55 | INFO | my_functions.py:533 | AVAILABLE: 6
2026-07-05 05:31:55 | INFO | each_eight_hours.py:271 | Submissions after match: 6
2026-07-05 05:31:55 | INFO | my_functions.py:555 | Misiones completadas: 1
2026-07-05 05:31:55 | INFO | each_eight_hours.py:148 | Starting game loop 5
2026-07-05 05:31:55 | INFO | my_functions.py:247 | [DEBUG] Buscando en paralelo: ['play.PNG'] | timeout=20s | confidence=0.8
2026-07-05 05:31:58 | INFO | my_functions.py:134 | Haciendo click en la posición (384, 824)
2026-07-05 05:31:58 | INFO | my_functions.py:269 | 🖱️ Click OK (En paralelo): play.PNG at (384, 824) delay=3s
2026-07-05 05:32:21 | INFO | my_functions.py:199 | 
✅ Found: end_turn.PNG pos=(681, 945) time=0.63s confidence=0.8
2026-07-05 05:32:21 | INFO | my_functions.py:247 | [DEBUG] Buscando en paralelo: ['snap.PNG'] | timeout=0s | confidence=0.8
2026-07-05 05:32:22 | INFO | my_functions.py:134 | Haciendo click en la posición (386, 122)
2026-07-05 05:32:23 | INFO | my_functions.py:269 | 🖱️ Click OK (En paralelo): snap.PNG at (386, 122) delay=1s
2026-07-05 05:32:29 | INFO | my_functions.py:247 | [DEBUG] Buscando en paralelo: ['end_turn.PNG'] | timeout=0s | confidence=0.8
2026-07-05 05:32:30 | INFO | my_functions.py:134 | Haciendo click en la posición (682, 946)
2026-07-05 05:32:31 | INFO | my_functions.py:269 | 🖱️ Click OK (En paralelo): end_turn.PNG at (682, 946) delay=1s
2026-07-05 05:32:32 | INFO | each_eight_hours.py:165 | End turn executed
2026-07-05 05:32:45 | INFO | my_functions.py:199 | 
✅ Found: end_turn.PNG pos=(681, 945) time=0.67s confidence=0.8
2026-07-05 05:32:45 | INFO | my_functions.py:247 | [DEBUG] Buscando en paralelo: ['snap.PNG'] | timeout=0s | confidence=0.8
2026-07-05 05:32:45 | INFO | my_functions.py:281 | [DEBUG] Click skipped, ninguna de las imágenes se encontró en el intento.
2026-07-05 05:32:52 | INFO | my_functions.py:247 | [DEBUG] Buscando en paralelo: ['end_turn.PNG'] | timeout=0s | confidence=0.8
2026-07-05 05:32:53 | INFO | my_functions.py:134 | Haciendo click en la posición (682, 945)
2026-07-05 05:32:54 | INFO | my_functions.py:269 | 🖱️ Click OK (En paralelo): end_turn.PNG at (682, 945) delay=1s
2026-07-05 05:32:55 | INFO | each_eight_hours.py:165 | End turn executed
2026-07-05 05:33:08 | INFO | my_functions.py:199 | 
✅ Found: end_turn.PNG pos=(681, 945) time=0.64s confidence=0.8
2026-07-05 05:33:08 | INFO | my_functions.py:247 | [DEBUG] Buscando en paralelo: ['snap.PNG'] | timeout=0s | confidence=0.8
2026-07-05 05:33:09 | INFO | my_functions.py:281 | [DEBUG] Click skipped, ninguna de las imágenes se encontró en el intento.
2026-07-05 05:33:15 | INFO | my_functions.py:247 | [DEBUG] Buscando en paralelo: ['end_turn.PNG'] | timeout=0s | confidence=0.8
2026-07-05 05:33:16 | INFO | my_functions.py:134 | Haciendo click en la posición (682, 945)
2026-07-05 05:33:17 | INFO | my_functions.py:269 | 🖱️ Click OK (En paralelo): end_turn.PNG at (682, 945) delay=1s
2026-07-05 05:33:18 | INFO | each_eight_hours.py:165 | End turn executed
2026-07-05 05:33:34 | INFO | my_functions.py:199 | 
✅ Found: end_turn.PNG pos=(681, 945) time=0.68s confidence=0.8
2026-07-05 05:33:34 | INFO | my_functions.py:247 | [DEBUG] Buscando en paralelo: ['snap.PNG'] | timeout=0s | confidence=0.8
2026-07-05 05:33:35 | INFO | my_functions.py:281 | [DEBUG] Click skipped, ninguna de las imágenes se encontró en el intento.
2026-07-05 05:33:41 | INFO | my_functions.py:247 | [DEBUG] Buscando en paralelo: ['end_turn.PNG'] | timeout=0s | confidence=0.8
2026-07-05 05:33:43 | INFO | my_functions.py:134 | Haciendo click en la posición (682, 945)
2026-07-05 05:33:43 | INFO | my_functions.py:269 | 🖱️ Click OK (En paralelo): end_turn.PNG at (682, 945) delay=1s
2026-07-05 05:33:44 | INFO | each_eight_hours.py:165 | End turn executed
2026-07-05 05:34:07 | INFO | my_functions.py:199 | 
✅ Found: end_turn.PNG pos=(681, 945) time=0.66s confidence=0.8
2026-07-05 05:34:07 | INFO | my_functions.py:247 | [DEBUG] Buscando en paralelo: ['snap.PNG'] | timeout=0s | confidence=0.8
2026-07-05 05:34:08 | INFO | my_functions.py:281 | [DEBUG] Click skipped, ninguna de las imágenes se encontró en el intento.
2026-07-05 05:34:14 | INFO | my_functions.py:247 | [DEBUG] Buscando en paralelo: ['end_turn.PNG'] | timeout=0s | confidence=0.8
2026-07-05 05:34:16 | INFO | my_functions.py:134 | Haciendo click en la posición (682, 945)
2026-07-05 05:34:16 | INFO | my_functions.py:269 | 🖱️ Click OK (En paralelo): end_turn.PNG at (682, 945) delay=1s
2026-07-05 05:34:17 | INFO | each_eight_hours.py:165 | End turn executed
2026-07-05 05:34:30 | INFO | my_functions.py:199 | 
✅ Found: end_turn.PNG pos=(681, 945) time=0.65s confidence=0.8
2026-07-05 05:34:30 | INFO | my_functions.py:247 | [DEBUG] Buscando en paralelo: ['snap.PNG'] | timeout=0s | confidence=0.8
2026-07-05 05:34:31 | INFO | my_functions.py:281 | [DEBUG] Click skipped, ninguna de las imágenes se encontró en el intento.
2026-07-05 05:34:37 | INFO | my_functions.py:247 | [DEBUG] Buscando en paralelo: ['end_turn.PNG'] | timeout=0s | confidence=0.8
2026-07-05 05:34:39 | INFO | my_functions.py:134 | Haciendo click en la posición (682, 945)
2026-07-05 05:34:39 | INFO | my_functions.py:269 | 🖱️ Click OK (En paralelo): end_turn.PNG at (682, 945) delay=1s
2026-07-05 05:34:40 | INFO | each_eight_hours.py:165 | End turn executed
2026-07-05 05:35:02 | INFO | my_functions.py:199 | 
✅ Found: collect_rewards.PNG pos=(680, 995) time=0.8s confidence=0.8
2026-07-05 05:35:02 | INFO | each_eight_hours.py:204 | Rewards detected, exiting match
2026-07-05 05:35:02 | INFO | my_functions.py:247 | [DEBUG] Buscando en paralelo: ['collect_rewards.PNG'] | timeout=20s | confidence=0.8
2026-07-05 05:35:04 | INFO | my_functions.py:134 | Haciendo click en la posición (679, 957)
2026-07-05 05:35:04 | INFO | my_functions.py:269 | 🖱️ Click OK (En paralelo): collect_rewards.PNG at (679, 957) delay=1s
2026-07-05 05:35:05 | INFO | my_functions.py:247 | [DEBUG] Buscando en paralelo: ['next.PNG'] | timeout=20s | confidence=0.8
2026-07-05 05:35:11 | INFO | my_functions.py:134 | Haciendo click en la posición (677, 973)
2026-07-05 05:35:11 | INFO | my_functions.py:269 | 🖱️ Click OK (En paralelo): next.PNG at (677, 973) delay=1s
2026-07-05 05:35:14 | INFO | my_functions.py:533 | AVAILABLE: 6
2026-07-05 05:35:14 | INFO | each_eight_hours.py:271 | Submissions after match: 6
2026-07-05 05:35:14 | INFO | my_functions.py:555 | Misiones completadas: 2
2026-07-05 05:35:14 | INFO | each_eight_hours.py:275 | Submission condition met, breaking loop
2026-07-05 05:35:14 | INFO | my_functions.py:247 | [DEBUG] Buscando en paralelo: ['missionsNotify2.png'] | timeout=20s | confidence=0.8
2026-07-05 05:35:18 | INFO | my_functions.py:134 | Haciendo click en la posición (538, 124)
2026-07-05 05:35:18 | INFO | my_functions.py:269 | 🖱️ Click OK (En paralelo): missionsNotify2.png at (538, 124) delay=3s
2026-07-05 05:35:19 | INFO | my_functions.py:1470 | [INFO] Iniciando click_missions_blue2
2026-07-05 05:35:19 | INFO | my_functions.py:134 | Haciendo click en la posición (150, 132)
2026-07-05 05:35:20 | INFO | my_functions.py:1473 | [ACTION] Click hecho en icono de calendario que me dirige a las misiones ordinarias
2026-07-05 05:35:20 | INFO | my_functions.py:169 | Searching bonus_challenge.png (timeout=0s)
2026-07-05 05:35:21 | INFO | my_functions.py:213 | 
⛔ Not found: bonus_challenge.png after 0.0s region=(0, 0, 765, 1038) confidence=0.8
2026-07-05 05:35:23 | INFO | my_functions.py:134 | Haciendo click en la posición (362, 493)
2026-07-05 05:35:24 | INFO | my_functions.py:1486 | [ACTION] Click 1/2 en misión azul
2026-07-05 05:35:24 | INFO | my_functions.py:134 | Haciendo click en la posición (362, 493)
2026-07-05 05:35:26 | INFO | my_functions.py:1486 | [ACTION] Click 2/2 en misión azul
2026-07-05 05:35:26 | INFO | my_functions.py:169 | Searching flechita_mission.PNG (timeout=0s)
2026-07-05 05:35:27 | INFO | my_functions.py:213 | 
⛔ Not found: flechita_mission.PNG after 0.0s region=(0, 0, 765, 1038) confidence=0.8
2026-07-05 05:35:27 | INFO | my_functions.py:247 | [DEBUG] Buscando en paralelo: ['weekly3.PNG'] | timeout=0s | confidence=0.8
2026-07-05 05:35:28 | INFO | my_functions.py:134 | Haciendo click en la posición (485, 266)
2026-07-05 05:35:28 | INFO | my_functions.py:269 | 🖱️ Click OK (En paralelo): weekly3.PNG at (485, 266) delay=0.1s
2026-07-05 05:35:29 | INFO | my_functions.py:247 | [DEBUG] Buscando en paralelo: ['claim!.PNG'] | timeout=0s | confidence=0.8
2026-07-05 05:35:30 | INFO | my_functions.py:134 | Haciendo click en la posición (381, 924)
2026-07-05 05:35:30 | INFO | my_functions.py:269 | 🖱️ Click OK (En paralelo): claim!.PNG at (381, 924) delay=0.2s
2026-07-05 05:35:31 | INFO | my_functions.py:247 | [DEBUG] Buscando en paralelo: ['claim_hover.PNG'] | timeout=0s | confidence=0.8
2026-07-05 05:35:32 | INFO | my_functions.py:134 | Haciendo click en la posición (383, 921)
2026-07-05 05:35:33 | INFO | my_functions.py:269 | 🖱️ Click OK (En paralelo): claim_hover.PNG at (383, 921) delay=0.2s
2026-07-05 05:35:34 | INFO | my_functions.py:247 | [DEBUG] Buscando en paralelo: ['claim!.PNG'] | timeout=0s | confidence=0.8
2026-07-05 05:35:34 | INFO | my_functions.py:281 | [DEBUG] Click skipped, ninguna de las imágenes se encontró en el intento.
2026-07-05 05:35:36 | INFO | my_functions.py:247 | [DEBUG] Buscando en paralelo: ['claim_hover.PNG'] | timeout=0s | confidence=0.8
2026-07-05 05:35:36 | INFO | my_functions.py:134 | Haciendo click en la posición (383, 921)
2026-07-05 05:35:37 | INFO | my_functions.py:269 | 🖱️ Click OK (En paralelo): claim_hover.PNG at (383, 921) delay=0.2s
2026-07-05 05:35:38 | INFO | my_functions.py:247 | [DEBUG] Buscando en paralelo: ['weekly3.PNG'] | timeout=0s | confidence=0.8
2026-07-05 05:35:39 | INFO | my_functions.py:281 | [DEBUG] Click skipped, ninguna de las imágenes se encontró en el intento.
2026-07-05 05:35:40 | INFO | my_functions.py:247 | [DEBUG] Buscando en paralelo: ['weekly3.PNG'] | timeout=0s | confidence=0.8
2026-07-05 05:35:40 | INFO | my_functions.py:281 | [DEBUG] Click skipped, ninguna de las imágenes se encontró en el intento.
2026-07-05 05:35:41 | INFO | my_functions.py:134 | Haciendo click en la posición (557, 64)
2026-07-05 05:35:43 | INFO | my_functions.py:247 | [DEBUG] Buscando en paralelo: ['cards_shop.PNG'] | timeout=20s | confidence=0.8
2026-07-05 05:35:45 | INFO | my_functions.py:134 | Haciendo click en la posición (568, 121)
2026-07-05 05:35:46 | INFO | my_functions.py:269 | 🖱️ Click OK (En paralelo): cards_shop.PNG at (568, 121) delay=1s
2026-07-05 05:35:47 | INFO | my_functions.py:247 | [DEBUG] Buscando en paralelo: ['token_icon.PNG'] | timeout=20s | confidence=0.8
2026-07-05 05:35:50 | INFO | my_functions.py:134 | Haciendo click en la posición (680, 171)
2026-07-05 05:35:50 | INFO | my_functions.py:269 | 🖱️ Click OK (En paralelo): token_icon.PNG at (680, 171) delay=1s
2026-07-05 05:35:53 | INFO | my_functions.py:247 | [DEBUG] Buscando en paralelo: ['claim!_token_3.PNG'] | timeout=4s | confidence=0.8
2026-07-05 05:35:57 | INFO | my_functions.py:281 | [DEBUG] Click skipped, ninguna de las imágenes se encontró en el intento.
2026-07-05 05:35:58 | INFO | my_functions.py:247 | [DEBUG] Buscando en paralelo: ['cards_shop.PNG'] | timeout=20s | confidence=0.8
2026-07-05 05:36:00 | INFO | my_functions.py:134 | Haciendo click en la posición (568, 122)
2026-07-05 05:36:00 | INFO | my_functions.py:269 | 🖱️ Click OK (En paralelo): cards_shop.PNG at (568, 122) delay=1s
2026-07-05 05:36:02 | INFO | my_functions.py:247 | [DEBUG] Buscando en paralelo: ['offers.PNG'] | timeout=20s | confidence=0.8
2026-07-05 05:36:03 | INFO | my_functions.py:134 | Haciendo click en la posición (197, 121)
2026-07-05 05:36:04 | INFO | my_functions.py:269 | 🖱️ Click OK (En paralelo): offers.PNG at (197, 121) delay=1s
2026-07-05 05:36:05 | INFO | my_functions.py:1351 | [INFO] Iniciando mejora de cartas
2026-07-05 05:36:05 | INFO | my_functions.py:247 | [DEBUG] Buscando en paralelo: ['upgrade_cards_icon.PNG'] | timeout=3s | confidence=0.8
2026-07-05 05:36:07 | INFO | my_functions.py:134 | Haciendo click en la posición (322, 170)
2026-07-05 05:36:07 | INFO | my_functions.py:269 | 🖱️ Click OK (En paralelo): upgrade_cards_icon.PNG at (322, 170) delay=1s
2026-07-05 05:36:08 | INFO | my_functions.py:1358 | [INFO] Abriendo icono de upgrade_cards
2026-07-05 05:36:09 | INFO | my_functions.py:1365 | [STEP] Mejorando carta 1
2026-07-05 05:36:09 | INFO | my_functions.py:1369 | [ACTION] Click en carta 1
2026-07-05 05:36:10 | INFO | my_functions.py:1374 | [ACTION] Click en botón upgrade
2026-07-05 05:36:17 | INFO | my_functions.py:169 | Searching aw_snap.png (timeout=3s)
2026-07-05 05:36:21 | INFO | my_functions.py:213 | 
⛔ Not found: aw_snap.png after 3.02s region=(0, 0, 765, 1038) confidence=0.8
2026-07-05 05:36:21 | INFO | my_functions.py:247 | [DEBUG] Buscando en paralelo: ['you_need_more_credits!.png'] | timeout=3s | confidence=0.8
2026-07-05 05:36:24 | INFO | my_functions.py:281 | [DEBUG] Click skipped, ninguna de las imágenes se encontró en el intento.
2026-07-05 05:36:30 | INFO | my_functions.py:1407 | [ACTION] Click para continuar a stage de nivel de coleccion
2026-07-05 05:36:35 | INFO | my_functions.py:142 | Presionando ESC (1/1)
2026-07-05 05:36:36 | INFO | my_functions.py:1415 | [ACTION] Saliendo de stage nivel de coleccion con ESC
2026-07-05 05:36:37 | INFO | my_functions.py:247 | [DEBUG] Buscando en paralelo: ['upgrade_cards_icon_selected.PNG'] | timeout=0s | confidence=0.8
2026-07-05 05:36:39 | INFO | my_functions.py:134 | Haciendo click en la posición (320, 173)
2026-07-05 05:36:39 | INFO | my_functions.py:269 | 🖱️ Click OK (En paralelo): upgrade_cards_icon_selected.PNG at (320, 173) delay=1s
2026-07-05 05:36:40 | INFO | my_functions.py:1427 | [INFO] Reabriendo icono de upgrade_cards
2026-07-05 05:36:41 | INFO | my_functions.py:1365 | [STEP] Mejorando carta 2
2026-07-05 05:36:41 | INFO | my_functions.py:1369 | [ACTION] Click en carta 2
2026-07-05 05:36:42 | INFO | my_functions.py:1374 | [ACTION] Click en botón upgrade
2026-07-05 05:36:49 | INFO | my_functions.py:169 | Searching aw_snap.png (timeout=3s)
2026-07-05 05:36:53 | INFO | my_functions.py:213 | 
⛔ Not found: aw_snap.png after 3.43s region=(0, 0, 765, 1038) confidence=0.8
2026-07-05 05:36:53 | INFO | my_functions.py:247 | [DEBUG] Buscando en paralelo: ['you_need_more_credits!.png'] | timeout=3s | confidence=0.8
2026-07-05 05:36:55 | INFO | my_functions.py:134 | Haciendo click en la posición (381, 345)
2026-07-05 05:36:55 | INFO | my_functions.py:269 | 🖱️ Click OK (En paralelo): you_need_more_credits!.png at (381, 345) delay=1s
2026-07-05 05:36:56 | INFO | my_functions.py:142 | Presionando ESC (1/2)
2026-07-05 05:36:57 | INFO | my_functions.py:142 | Presionando ESC (2/2)
2026-07-05 05:36:59 | INFO | my_functions.py:1433 | [INFO] Mejora de cartas completada ✅
2026-07-05 05:36:59 | INFO | my_functions.py:142 | Presionando ESC (1/1)
2026-07-05 05:37:00 | INFO | my_functions.py:247 | [DEBUG] Buscando en paralelo: ['white_x.png'] | timeout=2s | confidence=0.8
2026-07-05 05:37:03 | INFO | my_functions.py:281 | [DEBUG] Click skipped, ninguna de las imágenes se encontró en el intento.
2026-07-05 05:37:04 | INFO | each_eight_hours.py:46 | [05:37:04.265] [DEBUG] === INICIANDO FUNCIÓN collect_cl_rewards ===
2026-07-05 05:37:04 | INFO | each_eight_hours.py:46 | [05:37:04.269] [DEBUG] Haciendo click inicial en (387, 166)...
2026-07-05 05:37:04 | INFO | my_functions.py:134 | Haciendo click en la posición (387, 166)
2026-07-05 05:37:10 | INFO | each_eight_hours.py:46 | [05:37:10.614] [DEBUG] Se omitió el cambio de tamaño de ventanas (resize=False)
2026-07-05 05:37:10 | INFO | each_eight_hours.py:46 | [05:37:10.641] [DEBUG] Recompensas iniciales detectadas por la API: 3
2026-07-05 05:37:10 | INFO | each_eight_hours.py:46 | [05:37:10.643] [DEBUG] --------------------------------------------------
2026-07-05 05:37:10 | INFO | each_eight_hours.py:46 | [05:37:10.648] [DEBUG] Inicio de iteración. Recompensas restantes: 3
2026-07-05 05:37:10 | INFO | each_eight_hours.py:46 | [05:37:10.649] [DEBUG] Intentando hacer click en: (260, 580)
2026-07-05 05:37:11 | INFO | my_functions.py:169 | Searching claim!.PNG (timeout=3s)
2026-07-05 05:37:16 | INFO | my_functions.py:213 | 
⛔ Not found: claim!.PNG after 3.55s region=(0, 0, 765, 1038) confidence=0.8
2026-07-05 05:37:16 | INFO | each_eight_hours.py:46 | [05:37:16.153] [DEBUG] No se detectó 'Claim'. Buscando 'check.png' en región (228, 547, 65, 55)...
2026-07-05 05:37:16 | INFO | my_functions.py:169 | Searching check.png (timeout=1s)
2026-07-05 05:37:16 | INFO | my_functions.py:199 | 
✅ Found: check.png pos=(264, 578) time=0.12s confidence=0.8
2026-07-05 05:37:16 | INFO | each_eight_hours.py:46 | [05:37:16.274] [DEBUG] -> ¡ÉXITO! Crédito detectado por 'check.png'. Reclamado automáticamente por el click previo.
2026-07-05 05:37:16 | INFO | each_eight_hours.py:46 | [05:37:16.278] [DEBUG] Moviendo el mouse a la posición de scroll (350, 580)...
2026-07-05 05:37:17 | INFO | each_eight_hours.py:46 | [05:37:17.860] [DEBUG] Alternancia de coordenada X: Cambió de 260 a 470
2026-07-05 05:37:17 | INFO | each_eight_hours.py:46 | [05:37:17.864] [DEBUG] --------------------------------------------------
2026-07-05 05:37:17 | INFO | each_eight_hours.py:46 | [05:37:17.869] [DEBUG] Inicio de iteración. Recompensas restantes: 2
2026-07-05 05:37:17 | INFO | each_eight_hours.py:46 | [05:37:17.870] [DEBUG] Intentando hacer click en: (470, 580)
2026-07-05 05:37:19 | INFO | my_functions.py:169 | Searching claim!.PNG (timeout=3s)
2026-07-05 05:37:19 | INFO | my_functions.py:199 | 
✅ Found: claim!.PNG pos=(381, 924) time=0.78s confidence=0.8
2026-07-05 05:37:19 | INFO | each_eight_hours.py:46 | [05:37:19.869] [DEBUG] -> ¡ÉXITO! Botón 'Claim' detectado.
2026-07-05 05:37:19 | INFO | my_functions.py:169 | Searching set.png (timeout=0s)
2026-07-05 05:37:20 | INFO | my_functions.py:213 | 
⛔ Not found: set.png after 0.0s region=(0, 0, 765, 1038) confidence=0.8
2026-07-05 05:37:20 | INFO | my_functions.py:247 | [DEBUG] Buscando en paralelo: ['claim!.PNG'] | timeout=0s | confidence=0.8
2026-07-05 05:37:22 | INFO | my_functions.py:134 | Haciendo click en la posición (381, 924)
2026-07-05 05:37:22 | INFO | my_functions.py:269 | 🖱️ Click OK (En paralelo): claim!.PNG at (381, 924) delay=1s
2026-07-05 05:37:23 | INFO | each_eight_hours.py:46 | [05:37:23.772] [DEBUG] Moviendo el mouse a la posición de scroll (350, 580)...
2026-07-05 05:37:25 | INFO | each_eight_hours.py:46 | [05:37:25.345] [DEBUG] Alternancia de coordenada X: Cambió de 470 a 260
2026-07-05 05:37:25 | INFO | each_eight_hours.py:46 | [05:37:25.347] [DEBUG] --------------------------------------------------
2026-07-05 05:37:25 | INFO | each_eight_hours.py:46 | [05:37:25.349] [DEBUG] Inicio de iteración. Recompensas restantes: 1
2026-07-05 05:37:25 | INFO | each_eight_hours.py:46 | [05:37:25.356] [DEBUG] Intentando hacer click en: (260, 580)
2026-07-05 05:37:26 | INFO | my_functions.py:169 | Searching claim!.PNG (timeout=3s)
2026-07-05 05:37:31 | INFO | my_functions.py:213 | 
⛔ Not found: claim!.PNG after 3.68s region=(0, 0, 765, 1038) confidence=0.8
2026-07-05 05:37:31 | INFO | each_eight_hours.py:46 | [05:37:31.009] [DEBUG] No se detectó 'Claim'. Buscando 'check.png' en región (228, 547, 65, 55)...
2026-07-05 05:37:31 | INFO | my_functions.py:169 | Searching check.png (timeout=1s)
2026-07-05 05:37:31 | INFO | my_functions.py:199 | 
✅ Found: check.png pos=(264, 579) time=0.15s confidence=0.8
2026-07-05 05:37:31 | INFO | each_eight_hours.py:46 | [05:37:31.165] [DEBUG] -> ¡ÉXITO! Crédito detectado por 'check.png'. Reclamado automáticamente por el click previo.
2026-07-05 05:37:31 | INFO | each_eight_hours.py:46 | [05:37:31.169] [DEBUG] Moviendo el mouse a la posición de scroll (350, 580)...
2026-07-05 05:37:32 | INFO | each_eight_hours.py:46 | [05:37:32.744] [DEBUG] Alternancia de coordenada X: Cambió de 260 a 470
2026-07-05 05:37:32 | INFO | each_eight_hours.py:46 | Finished collecting rewards
2026-07-05 05:37:33 | INFO | my_functions.py:142 | Presionando ESC (1/1)
2026-07-05 05:37:34 | INFO | my_functions.py:247 | [DEBUG] Buscando en paralelo: ['nut.png'] | timeout=20s | confidence=0.8
2026-07-05 05:37:36 | INFO | my_functions.py:134 | Haciendo click en la posición (184, 78)
2026-07-05 05:37:36 | INFO | my_functions.py:269 | 🖱️ Click OK (En paralelo): nut.png at (184, 78) delay=1s
2026-07-05 05:37:37 | INFO | my_functions.py:247 | [DEBUG] Buscando en paralelo: ['graphics_quality.png'] | timeout=3s | confidence=0.8
2026-07-05 05:37:38 | INFO | my_functions.py:134 | Haciendo click en la posición (304, 644)
2026-07-05 05:37:39 | INFO | my_functions.py:269 | 🖱️ Click OK (En paralelo): graphics_quality.png at (304, 644) delay=1s
2026-07-05 05:37:41 | INFO | my_functions.py:247 | [DEBUG] Buscando en paralelo: ['sign_out.png'] | timeout=20s | confidence=0.8
2026-07-05 05:37:42 | INFO | my_functions.py:134 | Haciendo click en la posición (380, 796)
2026-07-05 05:37:43 | INFO | my_functions.py:269 | 🖱️ Click OK (En paralelo): sign_out.png at (380, 796) delay=1s
2026-07-05 05:37:45 | INFO | my_functions.py:247 | [DEBUG] Buscando en paralelo: ['sign_out_grande.png'] | timeout=20s | confidence=0.8
2026-07-05 05:37:46 | INFO | my_functions.py:134 | Haciendo click en la posición (359, 437)
2026-07-05 05:37:46 | INFO | my_functions.py:269 | 🖱️ Click OK (En paralelo): sign_out_grande.png at (359, 437) delay=1s
2026-07-05 05:37:48 | INFO | my_functions.py:247 | [DEBUG] Buscando en paralelo: ['sign_out2.png'] | timeout=20s | confidence=0.8
2026-07-05 05:37:49 | INFO | my_functions.py:134 | Haciendo click en la posición (383, 634)
2026-07-05 05:37:49 | INFO | my_functions.py:269 | 🖱️ Click OK (En paralelo): sign_out2.png at (383, 634) delay=1s
2026-07-05 05:37:51 | INFO | my_functions.py:1545 | ⏱ Esperando 0.1 segundos antes de empezar...
2026-07-05 05:37:51 | INFO | my_functions.py:1552 | 🔍 Esperando ventana que contenga alguna de: SNAP (máx 20s)
2026-07-05 05:37:51 | INFO | my_functions.py:1564 | ✅ Ventana encontrada: 'SNAP'
2026-07-05 05:37:51 | INFO | my_functions.py:1579 | ✅ Ventana seleccionada: 'SNAP'
2026-07-05 05:37:53 | INFO | my_functions.py:1602 | 🔁 Reajuste #1...
2026-07-05 05:37:55 | INFO | my_functions.py:1609 | ✔ Verificación completa. Se hicieron 1 reajustes.
2026-07-05 05:37:59 | INFO | each_eight_hours.py:113 | Processing account: percy
2026-07-05 05:37:59 | INFO | my_functions.py:1545 | ⏱ Esperando 0.1 segundos antes de empezar...
2026-07-05 05:37:59 | INFO | my_functions.py:1552 | 🔍 Esperando ventana que contenga alguna de: ['SNAP'] (máx 20s)
2026-07-05 05:38:01 | INFO | my_functions.py:1564 | ✅ Ventana encontrada: 'SNAP'
2026-07-05 05:38:01 | INFO | my_functions.py:1579 | ✅ Ventana seleccionada: 'SNAP'
2026-07-05 05:38:04 | INFO | my_functions.py:1611 | ✔ Verificación completa. No hubo cambios después del primer ajuste.
2026-07-05 05:38:04 | INFO | my_functions.py:1206 | [DEBUG] Resizing SNAP window...
2026-07-05 05:38:04 | INFO | my_functions.py:1545 | ⏱ Esperando 0.1 segundos antes de empezar...
2026-07-05 05:38:04 | INFO | my_functions.py:1552 | 🔍 Esperando ventana que contenga alguna de: ['SNAP'] (máx 20s)
2026-07-05 05:38:04 | INFO | my_functions.py:1564 | ✅ Ventana encontrada: 'SNAP'
2026-07-05 05:38:04 | INFO | my_functions.py:1579 | ✅ Ventana seleccionada: 'SNAP'
2026-07-05 05:38:11 | INFO | my_functions.py:1611 | ✔ Verificación completa. No hubo cambios después del primer ajuste.
2026-07-05 05:38:11 | INFO | my_functions.py:247 | [DEBUG] Buscando en paralelo: ['small_submit.PNG', 'small_submit_hover.png', 'submit_hover_2.png', 'small_submit_hover_2.png'] | timeout=90s | confidence=0.8
2026-07-05 05:38:12 | INFO | my_functions.py:134 | Haciendo click en la posición (380, 642)
2026-07-05 05:38:13 | INFO | my_functions.py:269 | 🖱️ Click OK (En paralelo): small_submit.PNG at (380, 642) delay=0.2s
2026-07-05 05:38:16 | INFO | my_functions.py:247 | [DEBUG] Buscando en paralelo: ['small_submit.PNG', 'small_submit_hover.png', 'submit_hover_2.png', 'small_submit_hover_2.png'] | timeout=20s | confidence=0.8
2026-07-05 05:38:17 | INFO | my_functions.py:134 | Haciendo click en la posición (380, 721)
2026-07-05 05:38:17 | INFO | my_functions.py:269 | 🖱️ Click OK (En paralelo): small_submit.PNG at (380, 721) delay=0.2s
2026-07-05 05:38:18 | INFO | my_functions.py:1545 | ⏱ Esperando 0.1 segundos antes de empezar...
2026-07-05 05:38:19 | INFO | my_functions.py:1552 | 🔍 Esperando ventana que contenga alguna de: ['SNAP'] (máx 20s)
2026-07-05 05:38:19 | INFO | my_functions.py:1564 | ✅ Ventana encontrada: 'SNAP'
2026-07-05 05:38:19 | INFO | my_functions.py:1579 | ✅ Ventana seleccionada: 'SNAP'
2026-07-05 05:38:21 | INFO | my_functions.py:1602 | 🔁 Reajuste #1...
2026-07-05 05:38:22 | INFO | my_functions.py:1609 | ✔ Verificación completa. Se hicieron 1 reajustes.
2026-07-05 05:38:22 | INFO | my_functions.py:169 | Searching please_sign.png (timeout=0s)
2026-07-05 05:38:22 | INFO | my_functions.py:199 | 
✅ Found: please_sign.png pos=(383, 438) time=0.54s confidence=0.8
2026-07-05 05:38:22 | INFO | my_functions.py:247 | [DEBUG] Buscando en paralelo: ['ok_btn.png'] | timeout=20s | confidence=0.8
2026-07-05 05:38:24 | INFO | my_functions.py:134 | Haciendo click en la posición (382, 634)
2026-07-05 05:38:24 | INFO | my_functions.py:269 | 🖱️ Click OK (En paralelo): ok_btn.png at (382, 634) delay=1s
2026-07-05 05:38:25 | INFO | my_functions.py:247 | [DEBUG] Buscando en paralelo: ['small_submit.PNG', 'small_submit_hover.png', 'submit_hover_2.png', 'small_submit_hover_2.png'] | timeout=30s | confidence=0.8
2026-07-05 05:38:28 | INFO | my_functions.py:134 | Haciendo click en la posición (383, 643)
2026-07-05 05:38:28 | INFO | my_functions.py:269 | 🖱️ Click OK (En paralelo): small_submit_hover_2.png at (383, 643) delay=0.2s
2026-07-05 05:38:30 | INFO | my_functions.py:247 | [DEBUG] Buscando en paralelo: ['small_submit.PNG', 'small_submit_hover.png', 'submit_hover_2.png', 'small_submit_hover_2.png'] | timeout=20s | confidence=0.8
2026-07-05 05:38:31 | INFO | my_functions.py:134 | Haciendo click en la posición (380, 721)
2026-07-05 05:38:31 | INFO | my_functions.py:269 | 🖱️ Click OK (En paralelo): small_submit.PNG at (380, 721) delay=0.2s
2026-07-05 05:38:32 | INFO | my_functions.py:247 | [DEBUG] Buscando en paralelo: ['sign_in_with_google2.PNG'] | timeout=20s | confidence=0.8
2026-07-05 05:38:34 | INFO | my_functions.py:134 | Haciendo click en la posición (406, 957)
2026-07-05 05:38:34 | INFO | my_functions.py:269 | 🖱️ Click OK (En paralelo): sign_in_with_google2.PNG at (406, 957) delay=1s
2026-07-05 05:38:35 | INFO | my_functions.py:169 | Searching pagina_cargada.png (timeout=60s)
2026-07-05 05:38:40 | INFO | my_functions.py:199 | 
✅ Found: pagina_cargada.png pos=(70, 24) time=5.15s confidence=0.8
2026-07-05 05:38:42 | INFO | my_functions.py:247 | [DEBUG] Buscando en paralelo: ['percy.png'] | timeout=0s | confidence=0.8
2026-07-05 05:38:43 | INFO | my_functions.py:281 | [DEBUG] Click skipped, ninguna de las imágenes se encontró en el intento.
2026-07-05 05:38:45 | INFO | my_functions.py:247 | [DEBUG] Buscando en paralelo: ['percy.png'] | timeout=0s | confidence=0.8
2026-07-05 05:38:49 | INFO | my_functions.py:134 | Haciendo click en la posición (1132, 561)
2026-07-05 05:38:49 | INFO | my_functions.py:269 | 🖱️ Click OK (En paralelo): percy.png at (1132, 561) delay=3s
2026-07-05 05:38:52 | INFO | my_functions.py:169 | Searching marvelsnap_web.png (timeout=30s)
2026-07-05 05:38:56 | INFO | my_functions.py:199 | 
✅ Found: marvelsnap_web.png pos=(258, 80) time=4.05s confidence=0.7
2026-07-05 05:38:56 | INFO | my_functions.py:169 | Searching shop_unselected.PNG (timeout=0s)
2026-07-05 05:38:57 | INFO | my_functions.py:213 | 
⛔ Not found: shop_unselected.PNG after 0.01s region=(0, 0, 765, 1038) confidence=0.8
2026-07-05 05:38:57 | INFO | my_functions.py:247 | [DEBUG] Buscando en paralelo: ['super_premium.PNG'] | timeout=0s | confidence=0.8
2026-07-05 05:38:57 | INFO | my_functions.py:281 | [DEBUG] Click skipped, ninguna de las imágenes se encontró en el intento.
2026-07-05 05:38:58 | INFO | my_functions.py:247 | [DEBUG] Buscando en paralelo: ['maybe_later.PNG'] | timeout=0s | confidence=0.8
2026-07-05 05:38:59 | INFO | my_functions.py:281 | [DEBUG] Click skipped, ninguna de las imágenes se encontró en el intento.
2026-07-05 05:39:00 | INFO | my_functions.py:247 | [DEBUG] Buscando en paralelo: ['maybe_later2.PNG'] | timeout=0s | confidence=0.8
2026-07-05 05:39:01 | INFO | my_functions.py:281 | [DEBUG] Click skipped, ninguna de las imágenes se encontró en el intento.
2026-07-05 05:39:02 | INFO | my_functions.py:169 | Searching go_to_shop.PNG (timeout=0s)
2026-07-05 05:39:02 | INFO | my_functions.py:213 | 
⛔ Not found: go_to_shop.PNG after 0.0s region=(0, 0, 765, 1038) confidence=0.8
2026-07-05 05:39:02 | INFO | my_functions.py:247 | [DEBUG] Buscando en paralelo: ['14_days_of_winterverse.PNG'] | timeout=0s | confidence=0.8
2026-07-05 05:39:03 | INFO | my_functions.py:281 | [DEBUG] Click skipped, ninguna de las imágenes se encontró en el intento.
2026-07-05 05:39:04 | INFO | my_functions.py:169 | Searching welcome_back_calendar.PNG (timeout=0s)
2026-07-05 05:39:05 | INFO | my_functions.py:213 | 
⛔ Not found: welcome_back_calendar.PNG after 0.49s region=(0, 0, 765, 1038) confidence=0.8
2026-07-05 05:39:05 | INFO | my_functions.py:247 | [DEBUG] Buscando en paralelo: ['start_the_countdown.PNG'] | timeout=0s | confidence=0.8
2026-07-05 05:39:05 | INFO | my_functions.py:281 | [DEBUG] Click skipped, ninguna de las imágenes se encontró en el intento.
2026-07-05 05:39:06 | INFO | my_functions.py:247 | [DEBUG] Buscando en paralelo: ['event_has_ended_sanctum.PNG'] | timeout=0s | confidence=0.8
2026-07-05 05:39:07 | INFO | my_functions.py:281 | [DEBUG] Click skipped, ninguna de las imágenes se encontró en el intento.
2026-07-05 05:39:08 | INFO | my_functions.py:247 | [DEBUG] Buscando en paralelo: ['event_has_ended_teamclash.PNG'] | timeout=0s | confidence=0.8
2026-07-05 05:39:09 | INFO | my_functions.py:281 | [DEBUG] Click skipped, ninguna de las imágenes se encontró en el intento.
2026-07-05 05:39:10 | INFO | my_functions.py:247 | [DEBUG] Buscando en paralelo: ['image_part_of_event_grand_arena_finished.PNG'] | timeout=0s | confidence=0.8
2026-07-05 05:39:10 | INFO | my_functions.py:281 | [DEBUG] Click skipped, ninguna de las imágenes se encontró en el intento.
2026-07-05 05:39:11 | INFO | my_functions.py:169 | Searching 28_day_event_login_rewards.PNG (timeout=0s)
2026-07-05 05:39:12 | INFO | my_functions.py:213 | 
⛔ Not found: 28_day_event_login_rewards.PNG after 0.0s region=(0, 0, 765, 1038) confidence=0.8
2026-07-05 05:39:12 | INFO | my_functions.py:169 | Searching 7_day_event_login.PNG (timeout=0s)
2026-07-05 05:39:12 | INFO | my_functions.py:213 | 
⛔ Not found: 7_day_event_login.PNG after 0.0s region=(0, 0, 765, 1038) confidence=0.8
2026-07-05 05:39:12 | INFO | my_functions.py:169 | Searching 14_days_event.PNG (timeout=0s)
2026-07-05 05:39:13 | INFO | my_functions.py:213 | 
⛔ Not found: 14_days_event.PNG after 0.0s region=(0, 0, 765, 1038) confidence=0.8
2026-07-05 05:39:13 | INFO | my_functions.py:247 | [DEBUG] Buscando en paralelo: ['lets_go.PNG'] | timeout=0s | confidence=0.8
2026-07-05 05:39:13 | INFO | my_functions.py:281 | [DEBUG] Click skipped, ninguna de las imágenes se encontró en el intento.
2026-07-05 05:39:15 | INFO | my_functions.py:169 | Searching shop_unselected.PNG (timeout=0s)
2026-07-05 05:39:16 | INFO | my_functions.py:213 | 
⛔ Not found: shop_unselected.PNG after 0.0s region=(0, 0, 765, 1038) confidence=0.8
2026-07-05 05:39:16 | INFO | my_functions.py:247 | [DEBUG] Buscando en paralelo: ['super_premium.PNG'] | timeout=0s | confidence=0.8
2026-07-05 05:39:18 | INFO | my_functions.py:134 | Haciendo click en la posición (480, 777)
2026-07-05 05:39:18 | INFO | my_functions.py:269 | 🖱️ Click OK (En paralelo): super_premium.PNG at (480, 777) delay=1s
2026-07-05 05:39:19 | INFO | my_functions.py:142 | Presionando ESC (1/1)
2026-07-05 05:39:28 | INFO | my_functions.py:169 | Searching shop_unselected.PNG (timeout=0s)
2026-07-05 05:39:28 | INFO | my_functions.py:199 | 
✅ Found: shop_unselected.PNG pos=(88, 961) time=0.71s confidence=0.8
2026-07-05 05:39:28 | INFO | my_functions.py:714 | Ya esta listo
2026-07-05 05:39:33 | INFO | my_functions.py:533 | AVAILABLE: 6
2026-07-05 05:39:33 | INFO | my_functions.py:555 | Misiones completadas: 0
2026-07-05 05:39:33 | INFO | my_functions.py:169 | Searching play.PNG (timeout=0s)
2026-07-05 05:39:33 | INFO | my_functions.py:199 | 
✅ Found: play.PNG pos=(384, 825) time=0.64s confidence=0.8
2026-07-05 05:39:33 | INFO | my_functions.py:1440 | [INFO] Click realizado donde se equipa el deck a jugar
2026-07-05 05:39:37 | INFO | my_functions.py:247 | [DEBUG] Buscando en paralelo: ['deck_666666.png'] | timeout=3s | confidence=0.8
2026-07-05 05:39:39 | INFO | my_functions.py:134 | Haciendo click en la posición (384, 547)
2026-07-05 05:39:39 | INFO | my_functions.py:269 | 🖱️ Click OK (En paralelo): deck_666666.png at (384, 547) delay=1s
2026-07-05 05:39:41 | INFO | my_functions.py:247 | [DEBUG] Buscando en paralelo: ['equip.png'] | timeout=3s | confidence=0.95
2026-07-05 05:39:44 | INFO | my_functions.py:281 | [DEBUG] Click skipped, ninguna de las imágenes se encontró en el intento.
2026-07-05 05:39:46 | INFO | my_functions.py:142 | Presionando ESC (1/1)
2026-07-05 05:39:46 | INFO | each_eight_hours.py:134 | Deck selected: 6turns
2026-07-05 05:39:46 | INFO | my_functions.py:247 | [DEBUG] Buscando en paralelo: ['maybe_later.PNG'] | timeout=2s | confidence=0.8
2026-07-05 05:39:48 | INFO | my_functions.py:281 | [DEBUG] Click skipped, ninguna de las imágenes se encontró en el intento.
2026-07-05 05:39:49 | INFO | my_functions.py:247 | [DEBUG] Buscando en paralelo: ['maybe_later2.PNG'] | timeout=0.01s | confidence=0.8
2026-07-05 05:39:50 | INFO | my_functions.py:281 | [DEBUG] Click skipped, ninguna de las imágenes se encontró en el intento.
2026-07-05 05:39:51 | INFO | each_eight_hours.py:148 | Starting game loop 1
2026-07-05 05:39:51 | INFO | my_functions.py:247 | [DEBUG] Buscando en paralelo: ['play.PNG'] | timeout=20s | confidence=0.8
2026-07-05 05:39:55 | INFO | my_functions.py:134 | Haciendo click en la posición (384, 824)
2026-07-05 05:39:55 | INFO | my_functions.py:269 | 🖱️ Click OK (En paralelo): play.PNG at (384, 824) delay=3s
2026-07-05 05:40:10 | INFO | my_functions.py:199 | 
✅ Found: end_turn.PNG pos=(681, 945) time=0.61s confidence=0.8
2026-07-05 05:40:10 | INFO | my_functions.py:247 | [DEBUG] Buscando en paralelo: ['snap.PNG'] | timeout=0s | confidence=0.8
2026-07-05 05:40:12 | INFO | my_functions.py:134 | Haciendo click en la posición (386, 123)
2026-07-05 05:40:13 | INFO | my_functions.py:269 | 🖱️ Click OK (En paralelo): snap.PNG at (386, 123) delay=1s
2026-07-05 05:40:19 | INFO | my_functions.py:247 | [DEBUG] Buscando en paralelo: ['end_turn.PNG'] | timeout=0s | confidence=0.8
2026-07-05 05:40:20 | INFO | my_functions.py:134 | Haciendo click en la posición (682, 946)
2026-07-05 05:40:20 | INFO | my_functions.py:269 | 🖱️ Click OK (En paralelo): end_turn.PNG at (682, 946) delay=1s
2026-07-05 05:40:22 | INFO | each_eight_hours.py:165 | End turn executed
2026-07-05 05:40:34 | INFO | my_functions.py:199 | 
✅ Found: end_turn.PNG pos=(681, 945) time=0.67s confidence=0.8
2026-07-05 05:40:34 | INFO | my_functions.py:247 | [DEBUG] Buscando en paralelo: ['snap.PNG'] | timeout=0s | confidence=0.8
2026-07-05 05:40:35 | INFO | my_functions.py:281 | [DEBUG] Click skipped, ninguna de las imágenes se encontró en el intento.
2026-07-05 05:40:41 | INFO | my_functions.py:247 | [DEBUG] Buscando en paralelo: ['end_turn.PNG'] | timeout=0s | confidence=0.8
2026-07-05 05:40:43 | INFO | my_functions.py:134 | Haciendo click en la posición (682, 946)
2026-07-05 05:40:43 | INFO | my_functions.py:269 | 🖱️ Click OK (En paralelo): end_turn.PNG at (682, 946) delay=1s
2026-07-05 05:40:44 | INFO | each_eight_hours.py:165 | End turn executed
2026-07-05 05:41:09 | INFO | my_functions.py:199 | 
✅ Found: end_turn.PNG pos=(681, 945) time=0.64s confidence=0.8
2026-07-05 05:41:09 | INFO | my_functions.py:247 | [DEBUG] Buscando en paralelo: ['snap.PNG'] | timeout=0s | confidence=0.8
2026-07-05 05:41:10 | INFO | my_functions.py:281 | [DEBUG] Click skipped, ninguna de las imágenes se encontró en el intento.
2026-07-05 05:41:16 | INFO | my_functions.py:247 | [DEBUG] Buscando en paralelo: ['end_turn.PNG'] | timeout=0s | confidence=0.8
2026-07-05 05:41:18 | INFO | my_functions.py:134 | Haciendo click en la posición (682, 945)
2026-07-05 05:41:18 | INFO | my_functions.py:269 | 🖱️ Click OK (En paralelo): end_turn.PNG at (682, 945) delay=1s
2026-07-05 05:41:19 | INFO | each_eight_hours.py:165 | End turn executed
2026-07-05 05:41:32 | INFO | my_functions.py:199 | 
✅ Found: end_turn.PNG pos=(681, 945) time=0.76s confidence=0.8
2026-07-05 05:41:32 | INFO | my_functions.py:247 | [DEBUG] Buscando en paralelo: ['snap.PNG'] | timeout=0s | confidence=0.8
2026-07-05 05:41:33 | INFO | my_functions.py:281 | [DEBUG] Click skipped, ninguna de las imágenes se encontró en el intento.
2026-07-05 05:41:39 | INFO | my_functions.py:247 | [DEBUG] Buscando en paralelo: ['end_turn.PNG'] | timeout=0s | confidence=0.8
2026-07-05 05:41:41 | INFO | my_functions.py:134 | Haciendo click en la posición (682, 945)
2026-07-05 05:41:41 | INFO | my_functions.py:269 | 🖱️ Click OK (En paralelo): end_turn.PNG at (682, 945) delay=1s
2026-07-05 05:41:42 | INFO | each_eight_hours.py:165 | End turn executed
2026-07-05 05:42:04 | INFO | my_functions.py:199 | 
✅ Found: end_turn.PNG pos=(681, 945) time=0.66s confidence=0.8
2026-07-05 05:42:04 | INFO | my_functions.py:247 | [DEBUG] Buscando en paralelo: ['snap.PNG'] | timeout=0s | confidence=0.8
2026-07-05 05:42:05 | INFO | my_functions.py:281 | [DEBUG] Click skipped, ninguna de las imágenes se encontró en el intento.
2026-07-05 05:42:11 | INFO | my_functions.py:247 | [DEBUG] Buscando en paralelo: ['end_turn.PNG'] | timeout=0s | confidence=0.8
2026-07-05 05:42:13 | INFO | my_functions.py:134 | Haciendo click en la posición (682, 945)
2026-07-05 05:42:13 | INFO | my_functions.py:269 | 🖱️ Click OK (En paralelo): end_turn.PNG at (682, 945) delay=1s
2026-07-05 05:42:14 | INFO | each_eight_hours.py:165 | End turn executed
2026-07-05 05:42:44 | INFO | my_functions.py:199 | 
✅ Found: end_turn.PNG pos=(681, 945) time=0.64s confidence=0.8
2026-07-05 05:42:44 | INFO | my_functions.py:247 | [DEBUG] Buscando en paralelo: ['snap.PNG'] | timeout=0s | confidence=0.8
2026-07-05 05:42:45 | INFO | my_functions.py:281 | [DEBUG] Click skipped, ninguna de las imágenes se encontró en el intento.
2026-07-05 05:42:51 | INFO | my_functions.py:247 | [DEBUG] Buscando en paralelo: ['end_turn.PNG'] | timeout=0s | confidence=0.8
2026-07-05 05:42:52 | INFO | my_functions.py:134 | Haciendo click en la posición (681, 945)
2026-07-05 05:42:53 | INFO | my_functions.py:269 | 🖱️ Click OK (En paralelo): end_turn.PNG at (681, 945) delay=1s
2026-07-05 05:42:54 | INFO | each_eight_hours.py:165 | End turn executed
2026-07-05 05:43:22 | INFO | my_functions.py:199 | 
✅ Found: collect_rewards.PNG pos=(679, 957) time=0.76s confidence=0.8
2026-07-05 05:43:22 | INFO | each_eight_hours.py:204 | Rewards detected, exiting match
2026-07-05 05:43:22 | INFO | my_functions.py:247 | [DEBUG] Buscando en paralelo: ['collect_rewards.PNG'] | timeout=20s | confidence=0.8
2026-07-05 05:43:24 | INFO | my_functions.py:134 | Haciendo click en la posición (679, 957)
2026-07-05 05:43:24 | INFO | my_functions.py:269 | 🖱️ Click OK (En paralelo): collect_rewards.PNG at (679, 957) delay=1s
2026-07-05 05:43:25 | INFO | my_functions.py:247 | [DEBUG] Buscando en paralelo: ['next.PNG'] | timeout=20s | confidence=0.8
2026-07-05 05:43:31 | INFO | my_functions.py:134 | Haciendo click en la posición (678, 972)
2026-07-05 05:43:31 | INFO | my_functions.py:269 | 🖱️ Click OK (En paralelo): next.PNG at (678, 972) delay=1s
2026-07-05 05:43:34 | INFO | my_functions.py:533 | AVAILABLE: 6
2026-07-05 05:43:34 | INFO | each_eight_hours.py:271 | Submissions after match: 6
2026-07-05 05:43:34 | INFO | my_functions.py:555 | Misiones completadas: 1
2026-07-05 05:43:34 | INFO | each_eight_hours.py:148 | Starting game loop 2
2026-07-05 05:43:34 | INFO | my_functions.py:247 | [DEBUG] Buscando en paralelo: ['play.PNG'] | timeout=20s | confidence=0.8
2026-07-05 05:43:38 | INFO | my_functions.py:134 | Haciendo click en la posición (384, 824)
2026-07-05 05:43:38 | INFO | my_functions.py:269 | 🖱️ Click OK (En paralelo): play.PNG at (384, 824) delay=3s
2026-07-05 05:43:53 | INFO | my_functions.py:199 | 
✅ Found: end_turn.PNG pos=(681, 945) time=0.66s confidence=0.8
2026-07-05 05:43:53 | INFO | my_functions.py:247 | [DEBUG] Buscando en paralelo: ['snap.PNG'] | timeout=0s | confidence=0.8
2026-07-05 05:43:55 | INFO | my_functions.py:134 | Haciendo click en la posición (386, 123)
2026-07-05 05:43:55 | INFO | my_functions.py:269 | 🖱️ Click OK (En paralelo): snap.PNG at (386, 123) delay=1s
2026-07-05 05:44:01 | INFO | my_functions.py:247 | [DEBUG] Buscando en paralelo: ['end_turn.PNG'] | timeout=0s | confidence=0.8
2026-07-05 05:44:03 | INFO | my_functions.py:134 | Haciendo click en la posición (682, 946)
2026-07-05 05:44:03 | INFO | my_functions.py:269 | 🖱️ Click OK (En paralelo): end_turn.PNG at (682, 946) delay=1s
2026-07-05 05:44:04 | INFO | each_eight_hours.py:165 | End turn executed
2026-07-05 05:44:20 | INFO | my_functions.py:199 | 
✅ Found: end_turn.PNG pos=(681, 945) time=0.66s confidence=0.8
2026-07-05 05:44:20 | INFO | my_functions.py:247 | [DEBUG] Buscando en paralelo: ['snap.PNG'] | timeout=0s | confidence=0.8
2026-07-05 05:44:21 | INFO | my_functions.py:281 | [DEBUG] Click skipped, ninguna de las imágenes se encontró en el intento.
2026-07-05 05:44:27 | INFO | my_functions.py:247 | [DEBUG] Buscando en paralelo: ['end_turn.PNG'] | timeout=0s | confidence=0.8
2026-07-05 05:44:29 | INFO | my_functions.py:134 | Haciendo click en la posición (682, 945)
2026-07-05 05:44:29 | INFO | my_functions.py:269 | 🖱️ Click OK (En paralelo): end_turn.PNG at (682, 945) delay=1s
2026-07-05 05:44:30 | INFO | each_eight_hours.py:165 | End turn executed
2026-07-05 05:44:52 | INFO | my_functions.py:199 | 
✅ Found: end_turn.PNG pos=(681, 945) time=0.64s confidence=0.8
2026-07-05 05:44:52 | INFO | my_functions.py:247 | [DEBUG] Buscando en paralelo: ['snap.PNG'] | timeout=0s | confidence=0.8
2026-07-05 05:44:53 | INFO | my_functions.py:281 | [DEBUG] Click skipped, ninguna de las imágenes se encontró en el intento.
2026-07-05 05:44:59 | INFO | my_functions.py:247 | [DEBUG] Buscando en paralelo: ['end_turn.PNG'] | timeout=0s | confidence=0.8
2026-07-05 05:45:01 | INFO | my_functions.py:134 | Haciendo click en la posición (682, 945)
2026-07-05 05:45:01 | INFO | my_functions.py:269 | 🖱️ Click OK (En paralelo): end_turn.PNG at (682, 945) delay=1s
2026-07-05 05:45:02 | INFO | each_eight_hours.py:165 | End turn executed
2026-07-05 05:45:21 | INFO | my_functions.py:199 | 
✅ Found: end_turn.PNG pos=(681, 945) time=0.64s confidence=0.8
2026-07-05 05:45:21 | INFO | my_functions.py:247 | [DEBUG] Buscando en paralelo: ['snap.PNG'] | timeout=0s | confidence=0.8
2026-07-05 05:45:22 | INFO | my_functions.py:281 | [DEBUG] Click skipped, ninguna de las imágenes se encontró en el intento.
2026-07-05 05:45:28 | INFO | my_functions.py:247 | [DEBUG] Buscando en paralelo: ['end_turn.PNG'] | timeout=0s | confidence=0.8
2026-07-05 05:45:30 | INFO | my_functions.py:134 | Haciendo click en la posición (682, 945)
2026-07-05 05:45:30 | INFO | my_functions.py:269 | 🖱️ Click OK (En paralelo): end_turn.PNG at (682, 945) delay=1s
2026-07-05 05:45:31 | INFO | each_eight_hours.py:165 | End turn executed
2026-07-05 05:45:43 | INFO | my_functions.py:199 | 
✅ Found: end_turn.PNG pos=(681, 945) time=0.64s confidence=0.8
2026-07-05 05:45:43 | INFO | my_functions.py:247 | [DEBUG] Buscando en paralelo: ['snap.PNG'] | timeout=0s | confidence=0.8
2026-07-05 05:45:44 | INFO | my_functions.py:281 | [DEBUG] Click skipped, ninguna de las imágenes se encontró en el intento.
2026-07-05 05:45:50 | INFO | my_functions.py:247 | [DEBUG] Buscando en paralelo: ['end_turn.PNG'] | timeout=0s | confidence=0.8
2026-07-05 05:45:52 | INFO | my_functions.py:134 | Haciendo click en la posición (682, 945)
2026-07-05 05:45:52 | INFO | my_functions.py:269 | 🖱️ Click OK (En paralelo): end_turn.PNG at (682, 945) delay=1s
2026-07-05 05:45:53 | INFO | each_eight_hours.py:165 | End turn executed
2026-07-05 05:46:09 | INFO | my_functions.py:199 | 
✅ Found: end_turn.PNG pos=(681, 945) time=0.66s confidence=0.8
2026-07-05 05:46:09 | INFO | my_functions.py:247 | [DEBUG] Buscando en paralelo: ['snap.PNG'] | timeout=0s | confidence=0.8
2026-07-05 05:46:10 | INFO | my_functions.py:281 | [DEBUG] Click skipped, ninguna de las imágenes se encontró en el intento.
2026-07-05 05:46:16 | INFO | my_functions.py:247 | [DEBUG] Buscando en paralelo: ['end_turn.PNG'] | timeout=0s | confidence=0.8
2026-07-05 05:46:17 | INFO | my_functions.py:281 | [DEBUG] Click skipped, ninguna de las imágenes se encontró en el intento.
2026-07-05 05:46:19 | INFO | my_functions.py:199 | 
✅ Found: flechas.png pos=(42, 912) time=0.8s confidence=0.8
2026-07-05 05:46:21 | INFO | my_functions.py:142 | Presionando ESC (1/1)
2026-07-05 05:46:22 | INFO | my_functions.py:247 | [DEBUG] Buscando en paralelo: ['end_turn.PNG'] | timeout=0s | confidence=0.8
2026-07-05 05:46:24 | INFO | my_functions.py:134 | Haciendo click en la posición (682, 945)
2026-07-05 05:46:24 | INFO | my_functions.py:269 | 🖱️ Click OK (En paralelo): end_turn.PNG at (682, 945) delay=1s
2026-07-05 05:46:25 | WARNING | each_eight_hours.py:202 | Arrow overlay handled
2026-07-05 05:46:48 | INFO | my_functions.py:199 | 
✅ Found: end_turn.PNG pos=(681, 945) time=0.63s confidence=0.8
2026-07-05 05:46:48 | INFO | my_functions.py:247 | [DEBUG] Buscando en paralelo: ['snap.PNG'] | timeout=0s | confidence=0.8
2026-07-05 05:46:49 | INFO | my_functions.py:281 | [DEBUG] Click skipped, ninguna de las imágenes se encontró en el intento.
2026-07-05 05:46:55 | INFO | my_functions.py:247 | [DEBUG] Buscando en paralelo: ['end_turn.PNG'] | timeout=0s | confidence=0.8
2026-07-05 05:46:57 | INFO | my_functions.py:134 | Haciendo click en la posición (682, 945)
2026-07-05 05:46:57 | INFO | my_functions.py:269 | 🖱️ Click OK (En paralelo): end_turn.PNG at (682, 945) delay=1s
2026-07-05 05:46:58 | INFO | each_eight_hours.py:165 | End turn executed
2026-07-05 05:47:30 | INFO | my_functions.py:199 | 
✅ Found: collect_rewards.PNG pos=(680, 961) time=0.8s confidence=0.8
2026-07-05 05:47:30 | INFO | each_eight_hours.py:204 | Rewards detected, exiting match
2026-07-05 05:47:30 | INFO | my_functions.py:247 | [DEBUG] Buscando en paralelo: ['collect_rewards.PNG'] | timeout=20s | confidence=0.8
2026-07-05 05:47:32 | INFO | my_functions.py:134 | Haciendo click en la posición (679, 957)
2026-07-05 05:47:32 | INFO | my_functions.py:269 | 🖱️ Click OK (En paralelo): collect_rewards.PNG at (679, 957) delay=1s
2026-07-05 05:47:33 | INFO | my_functions.py:247 | [DEBUG] Buscando en paralelo: ['next.PNG'] | timeout=20s | confidence=0.8
2026-07-05 05:47:39 | INFO | my_functions.py:134 | Haciendo click en la posición (677, 973)
2026-07-05 05:47:39 | INFO | my_functions.py:269 | 🖱️ Click OK (En paralelo): next.PNG at (677, 973) delay=1s
2026-07-05 05:47:42 | INFO | my_functions.py:533 | AVAILABLE: 6
2026-07-05 05:47:42 | INFO | each_eight_hours.py:271 | Submissions after match: 6
2026-07-05 05:47:42 | INFO | my_functions.py:555 | Misiones completadas: 1
2026-07-05 05:47:42 | INFO | each_eight_hours.py:148 | Starting game loop 3
2026-07-05 05:47:42 | INFO | my_functions.py:247 | [DEBUG] Buscando en paralelo: ['play.PNG'] | timeout=20s | confidence=0.8
2026-07-05 05:47:46 | INFO | my_functions.py:134 | Haciendo click en la posición (384, 824)
2026-07-05 05:47:46 | INFO | my_functions.py:269 | 🖱️ Click OK (En paralelo): play.PNG at (384, 824) delay=3s
2026-07-05 05:48:08 | INFO | my_functions.py:199 | 
✅ Found: end_turn.PNG pos=(681, 945) time=0.62s confidence=0.8
2026-07-05 05:48:08 | INFO | my_functions.py:247 | [DEBUG] Buscando en paralelo: ['snap.PNG'] | timeout=0s | confidence=0.8
2026-07-05 05:48:10 | INFO | my_functions.py:134 | Haciendo click en la posición (386, 123)
2026-07-05 05:48:10 | INFO | my_functions.py:269 | 🖱️ Click OK (En paralelo): snap.PNG at (386, 123) delay=1s
2026-07-05 05:48:16 | INFO | my_functions.py:247 | [DEBUG] Buscando en paralelo: ['end_turn.PNG'] | timeout=0s | confidence=0.8
2026-07-05 05:48:18 | INFO | my_functions.py:134 | Haciendo click en la posición (682, 946)
2026-07-05 05:48:18 | INFO | my_functions.py:269 | 🖱️ Click OK (En paralelo): end_turn.PNG at (682, 946) delay=1s
2026-07-05 05:48:19 | INFO | each_eight_hours.py:165 | End turn executed
2026-07-05 05:48:41 | INFO | my_functions.py:199 | 
✅ Found: end_turn.PNG pos=(681, 945) time=0.65s confidence=0.8
2026-07-05 05:48:41 | INFO | my_functions.py:247 | [DEBUG] Buscando en paralelo: ['snap.PNG'] | timeout=0s | confidence=0.8
2026-07-05 05:48:42 | INFO | my_functions.py:281 | [DEBUG] Click skipped, ninguna de las imágenes se encontró en el intento.
2026-07-05 05:48:48 | INFO | my_functions.py:247 | [DEBUG] Buscando en paralelo: ['end_turn.PNG'] | timeout=0s | confidence=0.8
2026-07-05 05:48:49 | INFO | my_functions.py:134 | Haciendo click en la posición (682, 945)
2026-07-05 05:48:50 | INFO | my_functions.py:269 | 🖱️ Click OK (En paralelo): end_turn.PNG at (682, 945) delay=1s
2026-07-05 05:48:51 | INFO | each_eight_hours.py:165 | End turn executed
2026-07-05 05:49:03 | INFO | my_functions.py:199 | 
✅ Found: end_turn.PNG pos=(681, 945) time=0.67s confidence=0.8
2026-07-05 05:49:03 | INFO | my_functions.py:247 | [DEBUG] Buscando en paralelo: ['snap.PNG'] | timeout=0s | confidence=0.8
2026-07-05 05:49:04 | INFO | my_functions.py:281 | [DEBUG] Click skipped, ninguna de las imágenes se encontró en el intento.
2026-07-05 05:49:10 | INFO | my_functions.py:247 | [DEBUG] Buscando en paralelo: ['end_turn.PNG'] | timeout=0s | confidence=0.8
2026-07-05 05:49:12 | INFO | my_functions.py:134 | Haciendo click en la posición (682, 945)
2026-07-05 05:49:12 | INFO | my_functions.py:269 | 🖱️ Click OK (En paralelo): end_turn.PNG at (682, 945) delay=1s
2026-07-05 05:49:13 | INFO | each_eight_hours.py:165 | End turn executed
2026-07-05 05:49:26 | INFO | my_functions.py:199 | 
✅ Found: end_turn.PNG pos=(681, 945) time=0.66s confidence=0.8
2026-07-05 05:49:26 | INFO | my_functions.py:247 | [DEBUG] Buscando en paralelo: ['snap.PNG'] | timeout=0s | confidence=0.8
2026-07-05 05:49:27 | INFO | my_functions.py:281 | [DEBUG] Click skipped, ninguna de las imágenes se encontró en el intento.
2026-07-05 05:49:33 | INFO | my_functions.py:247 | [DEBUG] Buscando en paralelo: ['end_turn.PNG'] | timeout=0s | confidence=0.8
2026-07-05 05:49:35 | INFO | my_functions.py:134 | Haciendo click en la posición (682, 945)
2026-07-05 05:49:35 | INFO | my_functions.py:269 | 🖱️ Click OK (En paralelo): end_turn.PNG at (682, 945) delay=1s
2026-07-05 05:49:36 | INFO | each_eight_hours.py:165 | End turn executed
2026-07-05 05:49:46 | INFO | my_functions.py:199 | 
✅ Found: end_turn.PNG pos=(681, 945) time=0.67s confidence=0.8
2026-07-05 05:49:46 | INFO | my_functions.py:247 | [DEBUG] Buscando en paralelo: ['snap.PNG'] | timeout=0s | confidence=0.8
2026-07-05 05:49:47 | INFO | my_functions.py:281 | [DEBUG] Click skipped, ninguna de las imágenes se encontró en el intento.
2026-07-05 05:49:53 | INFO | my_functions.py:247 | [DEBUG] Buscando en paralelo: ['end_turn.PNG'] | timeout=0s | confidence=0.8
2026-07-05 05:49:55 | INFO | my_functions.py:134 | Haciendo click en la posición (682, 945)
2026-07-05 05:49:55 | INFO | my_functions.py:269 | 🖱️ Click OK (En paralelo): end_turn.PNG at (682, 945) delay=1s
2026-07-05 05:49:56 | INFO | each_eight_hours.py:165 | End turn executed
2026-07-05 05:50:16 | INFO | my_functions.py:199 | 
✅ Found: end_turn.PNG pos=(681, 945) time=0.66s confidence=0.8
2026-07-05 05:50:16 | INFO | my_functions.py:247 | [DEBUG] Buscando en paralelo: ['snap.PNG'] | timeout=0s | confidence=0.8
2026-07-05 05:50:17 | INFO | my_functions.py:281 | [DEBUG] Click skipped, ninguna de las imágenes se encontró en el intento.
2026-07-05 05:50:23 | INFO | my_functions.py:247 | [DEBUG] Buscando en paralelo: ['end_turn.PNG'] | timeout=0s | confidence=0.8
2026-07-05 05:50:24 | INFO | my_functions.py:134 | Haciendo click en la posición (681, 945)
2026-07-05 05:50:25 | INFO | my_functions.py:269 | 🖱️ Click OK (En paralelo): end_turn.PNG at (681, 945) delay=1s
2026-07-05 05:50:26 | INFO | each_eight_hours.py:165 | End turn executed
2026-07-05 05:50:36 | INFO | my_functions.py:199 | 
✅ Found: end_turn.PNG pos=(681, 945) time=0.68s confidence=0.8
2026-07-05 05:50:36 | INFO | my_functions.py:247 | [DEBUG] Buscando en paralelo: ['snap.PNG'] | timeout=0s | confidence=0.8
2026-07-05 05:50:36 | INFO | my_functions.py:281 | [DEBUG] Click skipped, ninguna de las imágenes se encontró en el intento.
2026-07-05 05:50:43 | INFO | my_functions.py:247 | [DEBUG] Buscando en paralelo: ['end_turn.PNG'] | timeout=0s | confidence=0.8
2026-07-05 05:50:44 | INFO | my_functions.py:134 | Haciendo click en la posición (682, 945)
2026-07-05 05:50:44 | INFO | my_functions.py:269 | 🖱️ Click OK (En paralelo): end_turn.PNG at (682, 945) delay=1s
2026-07-05 05:50:45 | INFO | each_eight_hours.py:165 | End turn executed
2026-07-05 05:51:07 | INFO | my_functions.py:199 | 
✅ Found: collect_rewards.PNG pos=(679, 957) time=0.76s confidence=0.8
2026-07-05 05:51:07 | INFO | each_eight_hours.py:204 | Rewards detected, exiting match
2026-07-05 05:51:07 | INFO | my_functions.py:247 | [DEBUG] Buscando en paralelo: ['collect_rewards.PNG'] | timeout=20s | confidence=0.8
2026-07-05 05:51:09 | INFO | my_functions.py:134 | Haciendo click en la posición (679, 957)
2026-07-05 05:51:09 | INFO | my_functions.py:269 | 🖱️ Click OK (En paralelo): collect_rewards.PNG at (679, 957) delay=1s
2026-07-05 05:51:10 | INFO | my_functions.py:247 | [DEBUG] Buscando en paralelo: ['next.PNG'] | timeout=20s | confidence=0.8
2026-07-05 05:51:15 | INFO | my_functions.py:134 | Haciendo click en la posición (677, 973)
2026-07-05 05:51:16 | INFO | my_functions.py:269 | 🖱️ Click OK (En paralelo): next.PNG at (677, 973) delay=1s
2026-07-05 05:51:19 | INFO | my_functions.py:533 | AVAILABLE: 6
2026-07-05 05:51:19 | INFO | each_eight_hours.py:271 | Submissions after match: 6
2026-07-05 05:51:19 | INFO | my_functions.py:555 | Misiones completadas: 4
2026-07-05 05:51:19 | INFO | each_eight_hours.py:275 | Submission condition met, breaking loop
2026-07-05 05:51:19 | INFO | my_functions.py:247 | [DEBUG] Buscando en paralelo: ['missionsNotify2.png'] | timeout=20s | confidence=0.8
2026-07-05 05:51:22 | INFO | my_functions.py:134 | Haciendo click en la posición (538, 124)
2026-07-05 05:51:22 | INFO | my_functions.py:269 | 🖱️ Click OK (En paralelo): missionsNotify2.png at (538, 124) delay=3s
2026-07-05 05:51:24 | INFO | my_functions.py:1470 | [INFO] Iniciando click_missions_blue2
2026-07-05 05:51:24 | INFO | my_functions.py:134 | Haciendo click en la posición (150, 132)
2026-07-05 05:51:25 | INFO | my_functions.py:1473 | [ACTION] Click hecho en icono de calendario que me dirige a las misiones ordinarias
2026-07-05 05:51:25 | INFO | my_functions.py:169 | Searching bonus_challenge.png (timeout=0s)
2026-07-05 05:51:25 | INFO | my_functions.py:213 | 
⛔ Not found: bonus_challenge.png after 0.0s region=(0, 0, 765, 1038) confidence=0.8
2026-07-05 05:51:27 | INFO | my_functions.py:134 | Haciendo click en la posición (362, 493)
2026-07-05 05:51:28 | INFO | my_functions.py:1486 | [ACTION] Click 1/4 en misión azul
2026-07-05 05:51:29 | INFO | my_functions.py:134 | Haciendo click en la posición (362, 493)
2026-07-05 05:51:30 | INFO | my_functions.py:1486 | [ACTION] Click 2/4 en misión azul
2026-07-05 05:51:31 | INFO | my_functions.py:134 | Haciendo click en la posición (362, 493)
2026-07-05 05:51:32 | INFO | my_functions.py:1486 | [ACTION] Click 3/4 en misión azul
2026-07-05 05:51:32 | INFO | my_functions.py:134 | Haciendo click en la posición (362, 493)
2026-07-05 05:51:34 | INFO | my_functions.py:1486 | [ACTION] Click 4/4 en misión azul
2026-07-05 05:51:34 | INFO | my_functions.py:169 | Searching flechita_mission.PNG (timeout=0s)
2026-07-05 05:51:35 | INFO | my_functions.py:213 | 
⛔ Not found: flechita_mission.PNG after 0.0s region=(0, 0, 765, 1038) confidence=0.8
2026-07-05 05:51:35 | INFO | my_functions.py:247 | [DEBUG] Buscando en paralelo: ['weekly3.PNG'] | timeout=0s | confidence=0.8
2026-07-05 05:51:36 | INFO | my_functions.py:134 | Haciendo click en la posición (485, 266)
2026-07-05 05:51:36 | INFO | my_functions.py:269 | 🖱️ Click OK (En paralelo): weekly3.PNG at (485, 266) delay=0.1s
2026-07-05 05:51:37 | INFO | my_functions.py:247 | [DEBUG] Buscando en paralelo: ['claim!.PNG'] | timeout=0s | confidence=0.8
2026-07-05 05:51:38 | INFO | my_functions.py:134 | Haciendo click en la posición (381, 924)
2026-07-05 05:51:38 | INFO | my_functions.py:269 | 🖱️ Click OK (En paralelo): claim!.PNG at (381, 924) delay=0.2s
2026-07-05 05:51:39 | INFO | my_functions.py:247 | [DEBUG] Buscando en paralelo: ['claim_hover.PNG'] | timeout=0s | confidence=0.8
2026-07-05 05:51:40 | INFO | my_functions.py:134 | Haciendo click en la posición (383, 921)
2026-07-05 05:51:40 | INFO | my_functions.py:269 | 🖱️ Click OK (En paralelo): claim_hover.PNG at (383, 921) delay=0.2s
2026-07-05 05:51:41 | INFO | my_functions.py:247 | [DEBUG] Buscando en paralelo: ['claim!.PNG'] | timeout=0s | confidence=0.8
2026-07-05 05:51:42 | INFO | my_functions.py:281 | [DEBUG] Click skipped, ninguna de las imágenes se encontró en el intento.
2026-07-05 05:51:43 | INFO | my_functions.py:247 | [DEBUG] Buscando en paralelo: ['claim_hover.PNG'] | timeout=0s | confidence=0.8
2026-07-05 05:51:44 | INFO | my_functions.py:134 | Haciendo click en la posición (383, 921)
2026-07-05 05:51:44 | INFO | my_functions.py:269 | 🖱️ Click OK (En paralelo): claim_hover.PNG at (383, 921) delay=0.2s
2026-07-05 05:51:45 | INFO | my_functions.py:247 | [DEBUG] Buscando en paralelo: ['weekly3.PNG'] | timeout=0s | confidence=0.8
2026-07-05 05:51:46 | INFO | my_functions.py:281 | [DEBUG] Click skipped, ninguna de las imágenes se encontró en el intento.
2026-07-05 05:51:47 | INFO | my_functions.py:247 | [DEBUG] Buscando en paralelo: ['weekly3.PNG'] | timeout=0s | confidence=0.8
2026-07-05 05:51:48 | INFO | my_functions.py:281 | [DEBUG] Click skipped, ninguna de las imágenes se encontró en el intento.
2026-07-05 05:51:49 | INFO | my_functions.py:134 | Haciendo click en la posición (557, 64)
2026-07-05 05:51:50 | INFO | my_functions.py:247 | [DEBUG] Buscando en paralelo: ['cards_shop.PNG'] | timeout=20s | confidence=0.8
2026-07-05 05:51:53 | INFO | my_functions.py:134 | Haciendo click en la posición (568, 121)
2026-07-05 05:51:53 | INFO | my_functions.py:269 | 🖱️ Click OK (En paralelo): cards_shop.PNG at (568, 121) delay=1s
2026-07-05 05:51:54 | INFO | my_functions.py:247 | [DEBUG] Buscando en paralelo: ['token_icon.PNG'] | timeout=20s | confidence=0.8
2026-07-05 05:51:56 | INFO | my_functions.py:134 | Haciendo click en la posición (571, 171)
2026-07-05 05:51:56 | INFO | my_functions.py:269 | 🖱️ Click OK (En paralelo): token_icon.PNG at (571, 171) delay=1s
2026-07-05 05:51:59 | INFO | my_functions.py:247 | [DEBUG] Buscando en paralelo: ['claim!_token_3.PNG'] | timeout=4s | confidence=0.8
2026-07-05 05:52:04 | INFO | my_functions.py:281 | [DEBUG] Click skipped, ninguna de las imágenes se encontró en el intento.
2026-07-05 05:52:05 | INFO | my_functions.py:247 | [DEBUG] Buscando en paralelo: ['cards_shop.PNG'] | timeout=20s | confidence=0.8
2026-07-05 05:52:07 | INFO | my_functions.py:134 | Haciendo click en la posición (568, 122)
2026-07-05 05:52:07 | INFO | my_functions.py:269 | 🖱️ Click OK (En paralelo): cards_shop.PNG at (568, 122) delay=1s
2026-07-05 05:52:08 | INFO | my_functions.py:247 | [DEBUG] Buscando en paralelo: ['offers.PNG'] | timeout=20s | confidence=0.8
2026-07-05 05:52:10 | INFO | my_functions.py:134 | Haciendo click en la posición (197, 121)
2026-07-05 05:52:10 | INFO | my_functions.py:269 | 🖱️ Click OK (En paralelo): offers.PNG at (197, 121) delay=1s
2026-07-05 05:52:11 | INFO | my_functions.py:1351 | [INFO] Iniciando mejora de cartas
2026-07-05 05:52:11 | INFO | my_functions.py:247 | [DEBUG] Buscando en paralelo: ['upgrade_cards_icon.PNG'] | timeout=3s | confidence=0.8
2026-07-05 05:52:13 | INFO | my_functions.py:134 | Haciendo click en la posición (322, 170)
2026-07-05 05:52:13 | INFO | my_functions.py:269 | 🖱️ Click OK (En paralelo): upgrade_cards_icon.PNG at (322, 170) delay=1s
2026-07-05 05:52:14 | INFO | my_functions.py:1358 | [INFO] Abriendo icono de upgrade_cards
2026-07-05 05:52:15 | INFO | my_functions.py:1365 | [STEP] Mejorando carta 1
2026-07-05 05:52:15 | INFO | my_functions.py:1369 | [ACTION] Click en carta 1
2026-07-05 05:52:16 | INFO | my_functions.py:1374 | [ACTION] Click en botón upgrade
2026-07-05 05:52:23 | INFO | my_functions.py:169 | Searching aw_snap.png (timeout=3s)
2026-07-05 05:52:27 | INFO | my_functions.py:213 | 
⛔ Not found: aw_snap.png after 3.45s region=(0, 0, 765, 1038) confidence=0.8
2026-07-05 05:52:27 | INFO | my_functions.py:247 | [DEBUG] Buscando en paralelo: ['you_need_more_credits!.png'] | timeout=3s | confidence=0.8
2026-07-05 05:52:31 | INFO | my_functions.py:281 | [DEBUG] Click skipped, ninguna de las imágenes se encontró en el intento.
2026-07-05 05:52:37 | INFO | my_functions.py:1407 | [ACTION] Click para continuar a stage de nivel de coleccion
2026-07-05 05:52:42 | INFO | my_functions.py:142 | Presionando ESC (1/1)
2026-07-05 05:52:43 | INFO | my_functions.py:1415 | [ACTION] Saliendo de stage nivel de coleccion con ESC
2026-07-05 05:52:44 | INFO | my_functions.py:247 | [DEBUG] Buscando en paralelo: ['upgrade_cards_icon_selected.PNG'] | timeout=0s | confidence=0.8
2026-07-05 05:52:45 | INFO | my_functions.py:134 | Haciendo click en la posición (320, 173)
2026-07-05 05:52:46 | INFO | my_functions.py:269 | 🖱️ Click OK (En paralelo): upgrade_cards_icon_selected.PNG at (320, 173) delay=1s
2026-07-05 05:52:47 | INFO | my_functions.py:1427 | [INFO] Reabriendo icono de upgrade_cards
2026-07-05 05:52:48 | INFO | my_functions.py:1365 | [STEP] Mejorando carta 2
2026-07-05 05:52:48 | INFO | my_functions.py:1369 | [ACTION] Click en carta 2
2026-07-05 05:52:49 | INFO | my_functions.py:1374 | [ACTION] Click en botón upgrade
2026-07-05 05:52:56 | INFO | my_functions.py:169 | Searching aw_snap.png (timeout=3s)
2026-07-05 05:53:00 | INFO | my_functions.py:213 | 
⛔ Not found: aw_snap.png after 3.27s region=(0, 0, 765, 1038) confidence=0.8
2026-07-05 05:53:00 | INFO | my_functions.py:247 | [DEBUG] Buscando en paralelo: ['you_need_more_credits!.png'] | timeout=3s | confidence=0.8
2026-07-05 05:53:01 | INFO | my_functions.py:134 | Haciendo click en la posición (381, 345)
2026-07-05 05:53:01 | INFO | my_functions.py:269 | 🖱️ Click OK (En paralelo): you_need_more_credits!.png at (381, 345) delay=1s
2026-07-05 05:53:03 | INFO | my_functions.py:142 | Presionando ESC (1/2)
2026-07-05 05:53:03 | INFO | my_functions.py:142 | Presionando ESC (2/2)
2026-07-05 05:53:06 | INFO | my_functions.py:1433 | [INFO] Mejora de cartas completada ✅
2026-07-05 05:53:06 | INFO | my_functions.py:142 | Presionando ESC (1/1)
2026-07-05 05:53:06 | INFO | my_functions.py:247 | [DEBUG] Buscando en paralelo: ['white_x.png'] | timeout=2s | confidence=0.8
2026-07-05 05:53:09 | INFO | my_functions.py:281 | [DEBUG] Click skipped, ninguna de las imágenes se encontró en el intento.
2026-07-05 05:53:10 | INFO | each_eight_hours.py:46 | [05:53:10.561] [DEBUG] === INICIANDO FUNCIÓN collect_cl_rewards ===
2026-07-05 05:53:10 | INFO | each_eight_hours.py:46 | [05:53:10.568] [DEBUG] Haciendo click inicial en (387, 166)...
2026-07-05 05:53:10 | INFO | my_functions.py:134 | Haciendo click en la posición (387, 166)
2026-07-05 05:53:16 | INFO | each_eight_hours.py:46 | [05:53:16.901] [DEBUG] Se omitió el cambio de tamaño de ventanas (resize=False)
2026-07-05 05:53:16 | INFO | each_eight_hours.py:46 | [05:53:16.948] [DEBUG] Recompensas iniciales detectadas por la API: 2
2026-07-05 05:53:16 | INFO | each_eight_hours.py:46 | [05:53:16.950] [DEBUG] --------------------------------------------------
2026-07-05 05:53:16 | INFO | each_eight_hours.py:46 | [05:53:16.951] [DEBUG] Inicio de iteración. Recompensas restantes: 2
2026-07-05 05:53:16 | INFO | each_eight_hours.py:46 | [05:53:16.958] [DEBUG] Intentando hacer click en: (260, 580)
2026-07-05 05:53:18 | INFO | my_functions.py:169 | Searching claim!.PNG (timeout=3s)
2026-07-05 05:53:22 | INFO | my_functions.py:213 | 
⛔ Not found: claim!.PNG after 3.41s region=(0, 0, 765, 1038) confidence=0.8
2026-07-05 05:53:22 | INFO | each_eight_hours.py:46 | [05:53:22.247] [DEBUG] No se detectó 'Claim'. Buscando 'check.png' en región (228, 547, 65, 55)...
2026-07-05 05:53:22 | INFO | my_functions.py:169 | Searching check.png (timeout=1s)
2026-07-05 05:53:22 | INFO | my_functions.py:199 | 
✅ Found: check.png pos=(265, 576) time=0.11s confidence=0.8
2026-07-05 05:53:22 | INFO | each_eight_hours.py:46 | [05:53:22.365] [DEBUG] -> ¡ÉXITO! Crédito detectado por 'check.png'. Reclamado automáticamente por el click previo.
2026-07-05 05:53:22 | INFO | each_eight_hours.py:46 | [05:53:22.366] [DEBUG] Moviendo el mouse a la posición de scroll (350, 580)...
2026-07-05 05:53:23 | INFO | each_eight_hours.py:46 | [05:53:23.941] [DEBUG] Alternancia de coordenada X: Cambió de 260 a 470
2026-07-05 05:53:23 | INFO | each_eight_hours.py:46 | [05:53:23.944] [DEBUG] --------------------------------------------------
2026-07-05 05:53:23 | INFO | each_eight_hours.py:46 | [05:53:23.950] [DEBUG] Inicio de iteración. Recompensas restantes: 1
2026-07-05 05:53:23 | INFO | each_eight_hours.py:46 | [05:53:23.951] [DEBUG] Intentando hacer click en: (470, 580)
2026-07-05 05:53:25 | INFO | my_functions.py:169 | Searching claim!.PNG (timeout=3s)
2026-07-05 05:53:29 | INFO | my_functions.py:213 | 
⛔ Not found: claim!.PNG after 3.48s region=(0, 0, 765, 1038) confidence=0.8
2026-07-05 05:53:29 | INFO | each_eight_hours.py:46 | [05:53:29.335] [DEBUG] No se detectó 'Claim'. Buscando 'check.png' en región (449, 547, 65, 55)...
2026-07-05 05:53:29 | INFO | my_functions.py:169 | Searching check.png (timeout=1s)
2026-07-05 05:53:29 | INFO | my_functions.py:199 | 
✅ Found: check.png pos=(500, 578) time=0.12s confidence=0.8
2026-07-05 05:53:29 | INFO | each_eight_hours.py:46 | [05:53:29.463] [DEBUG] -> ¡ÉXITO! Crédito detectado por 'check.png'. Reclamado automáticamente por el click previo.
2026-07-05 05:53:29 | INFO | each_eight_hours.py:46 | [05:53:29.466] [DEBUG] Moviendo el mouse a la posición de scroll (350, 580)...
2026-07-05 05:53:31 | INFO | each_eight_hours.py:46 | [05:53:31.039] [DEBUG] Alternancia de coordenada X: Cambió de 470 a 260
2026-07-05 05:53:31 | INFO | each_eight_hours.py:46 | Finished collecting rewards
2026-07-05 05:53:32 | INFO | my_functions.py:142 | Presionando ESC (1/1)
2026-07-05 05:53:32 | INFO | my_functions.py:247 | [DEBUG] Buscando en paralelo: ['nut.png'] | timeout=20s | confidence=0.8
2026-07-05 05:53:34 | INFO | my_functions.py:134 | Haciendo click en la posición (184, 78)
2026-07-05 05:53:34 | INFO | my_functions.py:269 | 🖱️ Click OK (En paralelo): nut.png at (184, 78) delay=1s
2026-07-05 05:53:35 | INFO | my_functions.py:247 | [DEBUG] Buscando en paralelo: ['graphics_quality.png'] | timeout=3s | confidence=0.8
2026-07-05 05:53:37 | INFO | my_functions.py:134 | Haciendo click en la posición (304, 644)
2026-07-05 05:53:37 | INFO | my_functions.py:269 | 🖱️ Click OK (En paralelo): graphics_quality.png at (304, 644) delay=1s
2026-07-05 05:53:39 | INFO | my_functions.py:247 | [DEBUG] Buscando en paralelo: ['sign_out.png'] | timeout=20s | confidence=0.8
2026-07-05 05:53:41 | INFO | my_functions.py:134 | Haciendo click en la posición (380, 796)
2026-07-05 05:53:41 | INFO | my_functions.py:269 | 🖱️ Click OK (En paralelo): sign_out.png at (380, 796) delay=1s
2026-07-05 05:53:43 | INFO | my_functions.py:247 | [DEBUG] Buscando en paralelo: ['sign_out_grande.png'] | timeout=20s | confidence=0.8
2026-07-05 05:53:45 | INFO | my_functions.py:134 | Haciendo click en la posición (359, 437)
2026-07-05 05:53:45 | INFO | my_functions.py:269 | 🖱️ Click OK (En paralelo): sign_out_grande.png at (359, 437) delay=1s
2026-07-05 05:53:46 | INFO | my_functions.py:247 | [DEBUG] Buscando en paralelo: ['sign_out2.png'] | timeout=20s | confidence=0.8
2026-07-05 05:53:47 | INFO | my_functions.py:134 | Haciendo click en la posición (383, 634)
2026-07-05 05:53:48 | INFO | my_functions.py:269 | 🖱️ Click OK (En paralelo): sign_out2.png at (383, 634) delay=1s
2026-07-05 05:53:49 | INFO | my_functions.py:1545 | ⏱ Esperando 0.1 segundos antes de empezar...
2026-07-05 05:53:49 | INFO | my_functions.py:1552 | 🔍 Esperando ventana que contenga alguna de: SNAP (máx 20s)
2026-07-05 05:53:49 | INFO | my_functions.py:1564 | ✅ Ventana encontrada: 'SNAP'
2026-07-05 05:53:49 | INFO | my_functions.py:1579 | ✅ Ventana seleccionada: 'SNAP'
2026-07-05 05:53:51 | INFO | my_functions.py:1602 | 🔁 Reajuste #1...
2026-07-05 05:53:53 | INFO | my_functions.py:1609 | ✔ Verificación completa. Se hicieron 1 reajustes.
2026-07-05 05:53:57 | INFO | baseclient.py:33 | Connecting with parameters: host='localhost' port=4455 password='' subs=0 timeout=None
2026-07-05 05:53:57 | INFO | reqs.py:23 | Successfully identified ReqClient with the server using RPC version:1
2026-07-05 05:53:57 | INFO | my_functions.py:93 | Record stopped.
2026-07-05 05:54:10 | INFO | my_functions.py:123 | Archivo renombrado a: C:\Users\Farm\Videos\my_functions_2026-07-05_04-11-53.mkv
2026-07-05 05:54:10 | INFO | each_eight_hours.py:288 | OBS recording stopped
