2026-08-10 18:25:01 | INFO | my_functions.py:55 | ⏳ Esperando WebSocket de OBS...
2026-08-10 18:25:08 | INFO | baseclient.py:33 | Connecting with parameters: host='localhost' port=4455 password='' subs=0 timeout=None
2026-08-10 18:25:08 | INFO | reqs.py:23 | Successfully identified ReqClient with the server using RPC version:1
2026-08-10 18:25:08 | INFO | my_functions.py:61 | ✅ Conectado al OBS WebSocket
2026-08-10 18:25:08 | ERROR | reqs.py:59 | OBSSDKRequestError: Request GetRecordStatus returned code 207. With message: OBS is not ready to perform the request.
Traceback (most recent call last):
  File "C:\Users\Farm\AppData\Local\Programs\Python\Python311\Lib\site-packages\obsws_python\reqs.py", line 53, in send
    raise OBSSDKRequestError(
obsws_python.error.OBSSDKRequestError: Request GetRecordStatus returned code 207. With message: OBS is not ready to perform the request.
2026-08-10 18:25:09 | INFO | my_functions.py:86 | 🎬 Grabación iniciada
2026-08-10 18:25:09 | INFO | each_eight_hours copy 2.py:68 | snap.exe terminated if it was running
2026-08-10 18:25:09 | INFO | my_functions.py:1577 | ⏱ Esperando 0.1 segundos antes de empezar...
2026-08-10 18:25:09 | INFO | my_functions.py:1584 | 🔍 Esperando ventana que contenga alguna de: ['py', 'eight_hours'] (máx 20s)
2026-08-10 18:25:09 | INFO | my_functions.py:1596 | ✅ Ventana encontrada: 'each_eight_hours copy 2 - Acceso directo'
2026-08-10 18:25:09 | INFO | my_functions.py:1611 | ✅ Ventana seleccionada: 'each_eight_hours copy 2 - Acceso directo'
2026-08-10 18:25:11 | INFO | my_functions.py:1634 | 🔁 Reajuste #1...
2026-08-10 18:25:11 | INFO | my_functions.py:1641 | ✔ Verificación completa. Se hicieron 1 reajustes.
2026-08-10 18:25:11 | INFO | each_eight_hours copy 2.py:73 | Processing account: robert
2026-08-10 18:25:12 | INFO | my_functions.py:1577 | ⏱ Esperando 0.1 segundos antes de empezar...
2026-08-10 18:25:12 | INFO | my_functions.py:1584 | 🔍 Esperando ventana que contenga alguna de: ['SNAP'] (máx 20s)
2026-08-10 18:25:16 | INFO | my_functions.py:1596 | ✅ Ventana encontrada: 'SNAP'
2026-08-10 18:25:16 | INFO | my_functions.py:1611 | ✅ Ventana seleccionada: 'SNAP'
2026-08-10 18:25:18 | INFO | my_functions.py:1643 | ✔ Verificación completa. No hubo cambios después del primer ajuste.
2026-08-10 18:25:18 | INFO | my_functions.py:1206 | [DEBUG] Resizing SNAP window...
2026-08-10 18:25:18 | INFO | my_functions.py:1577 | ⏱ Esperando 0.1 segundos antes de empezar...
2026-08-10 18:25:19 | INFO | my_functions.py:1584 | 🔍 Esperando ventana que contenga alguna de: ['SNAP'] (máx 20s)
2026-08-10 18:25:19 | INFO | my_functions.py:1596 | ✅ Ventana encontrada: 'SNAP'
2026-08-10 18:25:19 | INFO | my_functions.py:1611 | ✅ Ventana seleccionada: 'SNAP'
2026-08-10 18:25:26 | INFO | my_functions.py:1643 | ✔ Verificación completa. No hubo cambios después del primer ajuste.
2026-08-10 18:25:26 | INFO | my_functions.py:248 | [DEBUG] Buscando en paralelo: ['small_submit.PNG', 'small_submit_hover.png', 'submit_hover_2.png', 'small_submit_hover_2.png'] | timeout=90s | confidence=0.8
2026-08-10 18:25:34 | INFO | my_functions.py:133 | Haciendo click en la posición (380, 642)
2026-08-10 18:25:34 | INFO | my_functions.py:270 | 🖱️ Click OK (En paralelo): small_submit.PNG at (380, 642) delay=0.2s
2026-08-10 18:25:37 | INFO | my_functions.py:248 | [DEBUG] Buscando en paralelo: ['small_submit.PNG', 'small_submit_hover.png', 'submit_hover_2.png', 'small_submit_hover_2.png'] | timeout=20s | confidence=0.8
2026-08-10 18:25:39 | INFO | my_functions.py:133 | Haciendo click en la posición (380, 721)
2026-08-10 18:25:39 | INFO | my_functions.py:270 | 🖱️ Click OK (En paralelo): small_submit.PNG at (380, 721) delay=0.2s
2026-08-10 18:25:40 | INFO | my_functions.py:1577 | ⏱ Esperando 0.1 segundos antes de empezar...
2026-08-10 18:25:40 | INFO | my_functions.py:1584 | 🔍 Esperando ventana que contenga alguna de: ['SNAP'] (máx 20s)
2026-08-10 18:25:40 | INFO | my_functions.py:1596 | ✅ Ventana encontrada: 'SNAP'
2026-08-10 18:25:40 | INFO | my_functions.py:1611 | ✅ Ventana seleccionada: 'SNAP'
2026-08-10 18:25:42 | INFO | my_functions.py:1634 | 🔁 Reajuste #1...
2026-08-10 18:25:43 | INFO | my_functions.py:1641 | ✔ Verificación completa. Se hicieron 1 reajustes.
2026-08-10 18:25:43 | INFO | my_functions.py:169 | Searching please_sign.png (timeout=0s)
2026-08-10 18:25:44 | INFO | my_functions.py:199 | 
✅ Found: please_sign.png pos=(383, 438) time=0.47s confidence=0.8
2026-08-10 18:25:44 | INFO | my_functions.py:248 | [DEBUG] Buscando en paralelo: ['ok_btn.png'] | timeout=20s | confidence=0.8
2026-08-10 18:25:46 | INFO | my_functions.py:133 | Haciendo click en la posición (382, 634)
2026-08-10 18:25:46 | INFO | my_functions.py:270 | 🖱️ Click OK (En paralelo): ok_btn.png at (382, 634) delay=1s
2026-08-10 18:25:47 | INFO | my_functions.py:248 | [DEBUG] Buscando en paralelo: ['small_submit.PNG', 'small_submit_hover.png', 'submit_hover_2.png', 'small_submit_hover_2.png'] | timeout=30s | confidence=0.8
2026-08-10 18:25:50 | INFO | my_functions.py:133 | Haciendo click en la posición (383, 643)
2026-08-10 18:25:50 | INFO | my_functions.py:270 | 🖱️ Click OK (En paralelo): small_submit_hover_2.png at (383, 643) delay=0.2s
2026-08-10 18:25:51 | INFO | my_functions.py:248 | [DEBUG] Buscando en paralelo: ['small_submit.PNG', 'small_submit_hover.png', 'submit_hover_2.png', 'small_submit_hover_2.png'] | timeout=20s | confidence=0.8
2026-08-10 18:25:52 | INFO | my_functions.py:133 | Haciendo click en la posición (380, 721)
2026-08-10 18:25:53 | INFO | my_functions.py:270 | 🖱️ Click OK (En paralelo): small_submit.PNG at (380, 721) delay=0.2s
2026-08-10 18:25:54 | INFO | my_functions.py:248 | [DEBUG] Buscando en paralelo: ['sign_in_with_google2.PNG'] | timeout=20s | confidence=0.8
2026-08-10 18:25:55 | INFO | my_functions.py:133 | Haciendo click en la posición (406, 957)
2026-08-10 18:25:55 | INFO | my_functions.py:270 | 🖱️ Click OK (En paralelo): sign_in_with_google2.PNG at (406, 957) delay=1s
2026-08-10 18:25:57 | INFO | my_functions.py:169 | Searching pagina_cargada.png (timeout=60s)
2026-08-10 18:26:05 | INFO | my_functions.py:199 | 
✅ Found: pagina_cargada.png pos=(70, 24) time=8.27s confidence=0.8
2026-08-10 18:26:07 | INFO | my_functions.py:248 | [DEBUG] Buscando en paralelo: ['robert.png'] | timeout=0s | confidence=0.8
2026-08-10 18:26:11 | INFO | my_functions.py:133 | Haciendo click en la posición (1152, 794)
2026-08-10 18:26:11 | INFO | my_functions.py:270 | 🖱️ Click OK (En paralelo): robert.png at (1152, 794) delay=3s
2026-08-10 18:26:12 | INFO | my_functions.py:169 | Searching marvelsnap_web.png (timeout=30s)
2026-08-10 18:26:17 | INFO | my_functions.py:199 | 
✅ Found: marvelsnap_web.png pos=(258, 80) time=4.85s confidence=0.7
2026-08-10 18:26:17 | INFO | my_functions.py:169 | Searching shop_unselected.PNG (timeout=0s)
2026-08-10 18:26:18 | INFO | my_functions.py:213 | 
⛔ Not found: shop_unselected.PNG after 0.0s region=(0, 0, 765, 1038) confidence=0.8
2026-08-10 18:26:18 | INFO | my_functions.py:248 | [DEBUG] Buscando en paralelo: ['super_premium.PNG'] | timeout=0s | confidence=0.8
2026-08-10 18:26:19 | INFO | my_functions.py:282 | [DEBUG] Click skipped, ninguna de las imágenes se encontró en el intento.
2026-08-10 18:26:20 | INFO | my_functions.py:248 | [DEBUG] Buscando en paralelo: ['maybe_later.PNG'] | timeout=0s | confidence=0.8
2026-08-10 18:26:20 | INFO | my_functions.py:282 | [DEBUG] Click skipped, ninguna de las imágenes se encontró en el intento.
2026-08-10 18:26:21 | INFO | my_functions.py:248 | [DEBUG] Buscando en paralelo: ['maybe_later2.PNG'] | timeout=0s | confidence=0.8
2026-08-10 18:26:22 | INFO | my_functions.py:282 | [DEBUG] Click skipped, ninguna de las imágenes se encontró en el intento.
2026-08-10 18:26:23 | INFO | my_functions.py:169 | Searching go_to_shop.PNG (timeout=0s)
2026-08-10 18:26:23 | INFO | my_functions.py:213 | 
⛔ Not found: go_to_shop.PNG after 0.0s region=(0, 0, 765, 1038) confidence=0.8
2026-08-10 18:26:23 | INFO | my_functions.py:248 | [DEBUG] Buscando en paralelo: ['14_days_of_winterverse.PNG'] | timeout=0s | confidence=0.8
2026-08-10 18:26:24 | INFO | my_functions.py:282 | [DEBUG] Click skipped, ninguna de las imágenes se encontró en el intento.
2026-08-10 18:26:25 | INFO | my_functions.py:169 | Searching welcome_back_calendar.PNG (timeout=0s)
2026-08-10 18:26:25 | INFO | my_functions.py:213 | 
⛔ Not found: welcome_back_calendar.PNG after 0.0s region=(0, 0, 765, 1038) confidence=0.8
2026-08-10 18:26:25 | INFO | my_functions.py:248 | [DEBUG] Buscando en paralelo: ['start_the_countdown.PNG'] | timeout=0s | confidence=0.8
2026-08-10 18:26:26 | INFO | my_functions.py:282 | [DEBUG] Click skipped, ninguna de las imágenes se encontró en el intento.
2026-08-10 18:26:27 | INFO | my_functions.py:248 | [DEBUG] Buscando en paralelo: ['event_has_ended_sanctum.PNG'] | timeout=0s | confidence=0.8
2026-08-10 18:26:28 | INFO | my_functions.py:282 | [DEBUG] Click skipped, ninguna de las imágenes se encontró en el intento.
2026-08-10 18:26:29 | INFO | my_functions.py:248 | [DEBUG] Buscando en paralelo: ['event_has_ended_teamclash.PNG'] | timeout=0s | confidence=0.8
2026-08-10 18:26:30 | INFO | my_functions.py:282 | [DEBUG] Click skipped, ninguna de las imágenes se encontró en el intento.
2026-08-10 18:26:31 | INFO | my_functions.py:248 | [DEBUG] Buscando en paralelo: ['image_part_of_event_grand_arena_finished.PNG'] | timeout=0s | confidence=0.8
2026-08-10 18:26:31 | INFO | my_functions.py:282 | [DEBUG] Click skipped, ninguna de las imágenes se encontró en el intento.
2026-08-10 18:26:32 | INFO | my_functions.py:169 | Searching 28_day_event_login_rewards.PNG (timeout=0s)
2026-08-10 18:26:33 | INFO | my_functions.py:213 | 
⛔ Not found: 28_day_event_login_rewards.PNG after 0.0s region=(0, 0, 765, 1038) confidence=0.8
2026-08-10 18:26:33 | INFO | my_functions.py:169 | Searching 7_day_event_login.PNG (timeout=0s)
2026-08-10 18:26:33 | INFO | my_functions.py:213 | 
⛔ Not found: 7_day_event_login.PNG after 0.0s region=(0, 0, 765, 1038) confidence=0.8
2026-08-10 18:26:33 | INFO | my_functions.py:169 | Searching 14_days_event.PNG (timeout=0s)
2026-08-10 18:26:34 | INFO | my_functions.py:213 | 
⛔ Not found: 14_days_event.PNG after 0.0s region=(0, 0, 765, 1038) confidence=0.8
2026-08-10 18:26:34 | INFO | my_functions.py:248 | [DEBUG] Buscando en paralelo: ['lets_go.PNG'] | timeout=0s | confidence=0.8
2026-08-10 18:26:34 | INFO | my_functions.py:282 | [DEBUG] Click skipped, ninguna de las imágenes se encontró en el intento.
2026-08-10 18:26:36 | INFO | my_functions.py:169 | Searching shop_unselected.PNG (timeout=0s)
2026-08-10 18:26:37 | INFO | my_functions.py:213 | 
⛔ Not found: shop_unselected.PNG after 0.0s region=(0, 0, 765, 1038) confidence=0.8
2026-08-10 18:26:37 | INFO | my_functions.py:248 | [DEBUG] Buscando en paralelo: ['super_premium.PNG'] | timeout=0s | confidence=0.8
2026-08-10 18:26:38 | INFO | my_functions.py:133 | Haciendo click en la posición (480, 777)
2026-08-10 18:26:39 | INFO | my_functions.py:270 | 🖱️ Click OK (En paralelo): super_premium.PNG at (480, 777) delay=1s
2026-08-10 18:26:40 | INFO | my_functions.py:141 | Presionando ESC (1/1)
2026-08-10 18:26:48 | INFO | my_functions.py:169 | Searching shop_unselected.PNG (timeout=0s)
2026-08-10 18:26:49 | INFO | my_functions.py:199 | 
✅ Found: shop_unselected.PNG pos=(88, 961) time=0.73s confidence=0.8
2026-08-10 18:26:49 | INFO | my_functions.py:714 | Ya esta listo
2026-08-10 18:26:54 | INFO | my_functions.py:169 | Searching play.PNG (timeout=0s)
2026-08-10 18:26:54 | INFO | my_functions.py:199 | 
✅ Found: play.PNG pos=(384, 825) time=0.81s confidence=0.8
2026-08-10 18:26:55 | INFO | my_functions.py:1439 | [INFO] Click realizado donde se equipa el deck a jugar
2026-08-10 18:26:59 | INFO | my_functions.py:248 | [DEBUG] Buscando en paralelo: ['deck_666666.png'] | timeout=3s | confidence=0.8
2026-08-10 18:27:00 | INFO | my_functions.py:133 | Haciendo click en la posición (234, 702)
2026-08-10 18:27:01 | INFO | my_functions.py:270 | 🖱️ Click OK (En paralelo): deck_666666.png at (234, 702) delay=1s
2026-08-10 18:27:02 | INFO | my_functions.py:248 | [DEBUG] Buscando en paralelo: ['equip.png'] | timeout=3s | confidence=0.95
2026-08-10 18:27:04 | INFO | my_functions.py:133 | Haciendo click en la posición (548, 983)
2026-08-10 18:27:04 | INFO | my_functions.py:270 | 🖱️ Click OK (En paralelo): equip.png at (548, 983) delay=1s
2026-08-10 18:27:05 | INFO | each_eight_hours copy 2.py:89 | Deck selected: 6turns
2026-08-10 18:27:05 | INFO | my_functions.py:248 | [DEBUG] Buscando en paralelo: ['maybe_later.PNG'] | timeout=2s | confidence=0.8
2026-08-10 18:27:07 | INFO | my_functions.py:282 | [DEBUG] Click skipped, ninguna de las imágenes se encontró en el intento.
2026-08-10 18:27:08 | INFO | my_functions.py:248 | [DEBUG] Buscando en paralelo: ['maybe_later2.PNG'] | timeout=0.01s | confidence=0.8
2026-08-10 18:27:09 | INFO | my_functions.py:282 | [DEBUG] Click skipped, ninguna de las imágenes se encontró en el intento.
2026-08-10 18:27:10 | INFO | each_eight_hours copy 2.py:95 | Starting game loop 1
2026-08-10 18:27:10 | INFO | my_functions.py:248 | [DEBUG] Buscando en paralelo: ['play.PNG'] | timeout=20s | confidence=0.8
2026-08-10 18:27:14 | INFO | my_functions.py:133 | Haciendo click en la posición (384, 824)
2026-08-10 18:27:14 | INFO | my_functions.py:270 | 🖱️ Click OK (En paralelo): play.PNG at (384, 824) delay=3s
2026-08-10 18:27:19 | INFO | my_functions.py:169 | Searching failed_to_join_game_error.png (timeout=0s)
2026-08-10 18:27:19 | INFO | my_functions.py:213 | 
⛔ Not found: failed_to_join_game_error.png after 0.0s region=(0, 0, 765, 1038) confidence=0.8
2026-08-10 18:27:23 | INFO | my_functions.py:169 | Searching failed_to_join_game_error.png (timeout=0s)
2026-08-10 18:27:24 | INFO | my_functions.py:213 | 
⛔ Not found: failed_to_join_game_error.png after 0.0s region=(0, 0, 765, 1038) confidence=0.8
2026-08-10 18:27:27 | INFO | my_functions.py:169 | Searching failed_to_join_game_error.png (timeout=0s)
2026-08-10 18:27:28 | INFO | my_functions.py:213 | 
⛔ Not found: failed_to_join_game_error.png after 0.0s region=(0, 0, 765, 1038) confidence=0.8
2026-08-10 18:27:31 | INFO | my_functions.py:169 | Searching failed_to_join_game_error.png (timeout=0s)
2026-08-10 18:27:32 | INFO | my_functions.py:213 | 
⛔ Not found: failed_to_join_game_error.png after 0.0s region=(0, 0, 765, 1038) confidence=0.8
2026-08-10 18:27:33 | INFO | my_functions.py:199 | 
✅ Found: end_turn.PNG pos=(681, 945) time=0.67s confidence=0.8
2026-08-10 18:27:33 | INFO | my_functions.py:248 | [DEBUG] Buscando en paralelo: ['snap.PNG'] | timeout=0s | confidence=0.8
2026-08-10 18:27:35 | INFO | my_functions.py:133 | Haciendo click en la posición (386, 124)
2026-08-10 18:27:35 | INFO | my_functions.py:270 | 🖱️ Click OK (En paralelo): snap.PNG at (386, 124) delay=1s
2026-08-10 18:27:41 | INFO | my_functions.py:248 | [DEBUG] Buscando en paralelo: ['end_turn.PNG'] | timeout=0s | confidence=0.8
2026-08-10 18:27:43 | INFO | my_functions.py:133 | Haciendo click en la posición (682, 946)
2026-08-10 18:27:43 | INFO | my_functions.py:270 | 🖱️ Click OK (En paralelo): end_turn.PNG at (682, 946) delay=1s
2026-08-10 18:27:44 | INFO | each_eight_hours copy 2.py:108 | End turn executed
2026-08-10 18:27:46 | INFO | my_functions.py:169 | Searching failed_to_join_game_error.png (timeout=0s)
2026-08-10 18:27:47 | INFO | my_functions.py:213 | 
⛔ Not found: failed_to_join_game_error.png after 0.0s region=(0, 0, 765, 1038) confidence=0.8
2026-08-10 18:27:52 | INFO | my_functions.py:169 | Searching failed_to_join_game_error.png (timeout=0s)
2026-08-10 18:27:52 | INFO | my_functions.py:213 | 
⛔ Not found: failed_to_join_game_error.png after 0.0s region=(0, 0, 765, 1038) confidence=0.8
2026-08-10 18:27:55 | INFO | my_functions.py:169 | Searching failed_to_join_game_error.png (timeout=0s)
2026-08-10 18:27:56 | INFO | my_functions.py:213 | 
⛔ Not found: failed_to_join_game_error.png after 0.0s region=(0, 0, 765, 1038) confidence=0.8
2026-08-10 18:27:57 | INFO | my_functions.py:199 | 
✅ Found: end_turn.PNG pos=(681, 945) time=0.71s confidence=0.8
2026-08-10 18:27:57 | INFO | my_functions.py:248 | [DEBUG] Buscando en paralelo: ['snap.PNG'] | timeout=0s | confidence=0.8
2026-08-10 18:27:58 | INFO | my_functions.py:282 | [DEBUG] Click skipped, ninguna de las imágenes se encontró en el intento.
2026-08-10 18:28:05 | INFO | my_functions.py:248 | [DEBUG] Buscando en paralelo: ['end_turn.PNG'] | timeout=0s | confidence=0.8
2026-08-10 18:28:07 | INFO | my_functions.py:133 | Haciendo click en la posición (682, 946)
2026-08-10 18:28:07 | INFO | my_functions.py:270 | 🖱️ Click OK (En paralelo): end_turn.PNG at (682, 946) delay=1s
2026-08-10 18:28:08 | INFO | each_eight_hours copy 2.py:108 | End turn executed
2026-08-10 18:28:10 | INFO | my_functions.py:169 | Searching failed_to_join_game_error.png (timeout=0s)
2026-08-10 18:28:10 | INFO | my_functions.py:213 | 
⛔ Not found: failed_to_join_game_error.png after 0.0s region=(0, 0, 765, 1038) confidence=0.8
2026-08-10 18:28:13 | INFO | my_functions.py:169 | Searching failed_to_join_game_error.png (timeout=0s)
2026-08-10 18:28:14 | INFO | my_functions.py:213 | 
⛔ Not found: failed_to_join_game_error.png after 0.0s region=(0, 0, 765, 1038) confidence=0.8
2026-08-10 18:28:17 | INFO | my_functions.py:169 | Searching failed_to_join_game_error.png (timeout=0s)
2026-08-10 18:28:18 | INFO | my_functions.py:213 | 
⛔ Not found: failed_to_join_game_error.png after 0.0s region=(0, 0, 765, 1038) confidence=0.8
2026-08-10 18:28:19 | INFO | my_functions.py:199 | 
✅ Found: end_turn.PNG pos=(681, 945) time=0.67s confidence=0.8
2026-08-10 18:28:19 | INFO | my_functions.py:248 | [DEBUG] Buscando en paralelo: ['snap.PNG'] | timeout=0s | confidence=0.8
2026-08-10 18:28:20 | INFO | my_functions.py:282 | [DEBUG] Click skipped, ninguna de las imágenes se encontró en el intento.
2026-08-10 18:28:26 | INFO | my_functions.py:248 | [DEBUG] Buscando en paralelo: ['end_turn.PNG'] | timeout=0s | confidence=0.8
2026-08-10 18:28:28 | INFO | my_functions.py:133 | Haciendo click en la posición (682, 945)
2026-08-10 18:28:28 | INFO | my_functions.py:270 | 🖱️ Click OK (En paralelo): end_turn.PNG at (682, 945) delay=1s
2026-08-10 18:28:29 | INFO | each_eight_hours copy 2.py:108 | End turn executed
2026-08-10 18:28:31 | INFO | my_functions.py:169 | Searching failed_to_join_game_error.png (timeout=0s)
2026-08-10 18:28:32 | INFO | my_functions.py:213 | 
⛔ Not found: failed_to_join_game_error.png after 0.0s region=(0, 0, 765, 1038) confidence=0.8
2026-08-10 18:28:35 | INFO | my_functions.py:169 | Searching failed_to_join_game_error.png (timeout=0s)
2026-08-10 18:28:36 | INFO | my_functions.py:213 | 
⛔ Not found: failed_to_join_game_error.png after 0.0s region=(0, 0, 765, 1038) confidence=0.8
2026-08-10 18:28:39 | INFO | my_functions.py:169 | Searching failed_to_join_game_error.png (timeout=0s)
2026-08-10 18:28:39 | INFO | my_functions.py:213 | 
⛔ Not found: failed_to_join_game_error.png after 0.0s region=(0, 0, 765, 1038) confidence=0.8
2026-08-10 18:28:43 | INFO | my_functions.py:169 | Searching failed_to_join_game_error.png (timeout=0s)
2026-08-10 18:28:43 | INFO | my_functions.py:213 | 
⛔ Not found: failed_to_join_game_error.png after 0.0s region=(0, 0, 765, 1038) confidence=0.8
2026-08-10 18:28:47 | INFO | my_functions.py:169 | Searching failed_to_join_game_error.png (timeout=0s)
2026-08-10 18:28:47 | INFO | my_functions.py:213 | 
⛔ Not found: failed_to_join_game_error.png after 0.0s region=(0, 0, 765, 1038) confidence=0.8
2026-08-10 18:28:49 | INFO | my_functions.py:199 | 
✅ Found: end_turn.PNG pos=(681, 945) time=0.68s confidence=0.8
2026-08-10 18:28:49 | INFO | my_functions.py:248 | [DEBUG] Buscando en paralelo: ['snap.PNG'] | timeout=0s | confidence=0.8
2026-08-10 18:28:49 | INFO | my_functions.py:282 | [DEBUG] Click skipped, ninguna de las imágenes se encontró en el intento.
2026-08-10 18:28:56 | INFO | my_functions.py:248 | [DEBUG] Buscando en paralelo: ['end_turn.PNG'] | timeout=0s | confidence=0.8
2026-08-10 18:28:57 | INFO | my_functions.py:133 | Haciendo click en la posición (682, 945)
2026-08-10 18:28:58 | INFO | my_functions.py:270 | 🖱️ Click OK (En paralelo): end_turn.PNG at (682, 945) delay=1s
2026-08-10 18:28:59 | INFO | each_eight_hours copy 2.py:108 | End turn executed
2026-08-10 18:29:01 | INFO | my_functions.py:169 | Searching failed_to_join_game_error.png (timeout=0s)
2026-08-10 18:29:01 | INFO | my_functions.py:213 | 
⛔ Not found: failed_to_join_game_error.png after 0.0s region=(0, 0, 765, 1038) confidence=0.8
2026-08-10 18:29:04 | INFO | my_functions.py:169 | Searching failed_to_join_game_error.png (timeout=0s)
2026-08-10 18:29:05 | INFO | my_functions.py:213 | 
⛔ Not found: failed_to_join_game_error.png after 0.0s region=(0, 0, 765, 1038) confidence=0.8
2026-08-10 18:29:08 | INFO | my_functions.py:169 | Searching failed_to_join_game_error.png (timeout=0s)
2026-08-10 18:29:09 | INFO | my_functions.py:213 | 
⛔ Not found: failed_to_join_game_error.png after 0.0s region=(0, 0, 765, 1038) confidence=0.8
2026-08-10 18:29:12 | INFO | my_functions.py:169 | Searching failed_to_join_game_error.png (timeout=0s)
2026-08-10 18:29:13 | INFO | my_functions.py:213 | 
⛔ Not found: failed_to_join_game_error.png after 0.0s region=(0, 0, 765, 1038) confidence=0.8
2026-08-10 18:29:16 | INFO | my_functions.py:169 | Searching failed_to_join_game_error.png (timeout=0s)
2026-08-10 18:29:17 | INFO | my_functions.py:213 | 
⛔ Not found: failed_to_join_game_error.png after 0.0s region=(0, 0, 765, 1038) confidence=0.8
2026-08-10 18:29:20 | INFO | my_functions.py:169 | Searching failed_to_join_game_error.png (timeout=0s)
2026-08-10 18:29:20 | INFO | my_functions.py:213 | 
⛔ Not found: failed_to_join_game_error.png after 0.0s region=(0, 0, 765, 1038) confidence=0.8
2026-08-10 18:29:22 | INFO | my_functions.py:199 | 
✅ Found: end_turn.PNG pos=(681, 945) time=0.67s confidence=0.8
2026-08-10 18:29:22 | INFO | my_functions.py:248 | [DEBUG] Buscando en paralelo: ['snap.PNG'] | timeout=0s | confidence=0.8
2026-08-10 18:29:23 | INFO | my_functions.py:282 | [DEBUG] Click skipped, ninguna de las imágenes se encontró en el intento.
2026-08-10 18:29:29 | INFO | my_functions.py:248 | [DEBUG] Buscando en paralelo: ['end_turn.PNG'] | timeout=0s | confidence=0.8
2026-08-10 18:29:31 | INFO | my_functions.py:133 | Haciendo click en la posición (682, 945)
2026-08-10 18:29:31 | INFO | my_functions.py:270 | 🖱️ Click OK (En paralelo): end_turn.PNG at (682, 945) delay=1s
2026-08-10 18:29:32 | INFO | each_eight_hours copy 2.py:108 | End turn executed
2026-08-10 18:29:34 | INFO | my_functions.py:169 | Searching failed_to_join_game_error.png (timeout=0s)
2026-08-10 18:29:34 | INFO | my_functions.py:213 | 
⛔ Not found: failed_to_join_game_error.png after 0.0s region=(0, 0, 765, 1038) confidence=0.8
2026-08-10 18:29:38 | INFO | my_functions.py:169 | Searching failed_to_join_game_error.png (timeout=0s)
2026-08-10 18:29:38 | INFO | my_functions.py:213 | 
⛔ Not found: failed_to_join_game_error.png after 0.0s region=(0, 0, 765, 1038) confidence=0.8
2026-08-10 18:29:42 | INFO | my_functions.py:169 | Searching failed_to_join_game_error.png (timeout=0s)
2026-08-10 18:29:42 | INFO | my_functions.py:213 | 
⛔ Not found: failed_to_join_game_error.png after 0.0s region=(0, 0, 765, 1038) confidence=0.8
2026-08-10 18:29:46 | INFO | my_functions.py:169 | Searching failed_to_join_game_error.png (timeout=0s)
2026-08-10 18:29:47 | INFO | my_functions.py:213 | 
⛔ Not found: failed_to_join_game_error.png after 0.5s region=(0, 0, 765, 1038) confidence=0.8
2026-08-10 18:29:50 | INFO | my_functions.py:169 | Searching failed_to_join_game_error.png (timeout=0s)
2026-08-10 18:29:51 | INFO | my_functions.py:213 | 
⛔ Not found: failed_to_join_game_error.png after 0.0s region=(0, 0, 765, 1038) confidence=0.8
2026-08-10 18:29:54 | INFO | my_functions.py:169 | Searching failed_to_join_game_error.png (timeout=0s)
2026-08-10 18:29:54 | INFO | my_functions.py:213 | 
⛔ Not found: failed_to_join_game_error.png after 0.0s region=(0, 0, 765, 1038) confidence=0.8
2026-08-10 18:29:59 | INFO | my_functions.py:169 | Searching failed_to_join_game_error.png (timeout=0s)
2026-08-10 18:30:00 | INFO | my_functions.py:213 | 
⛔ Not found: failed_to_join_game_error.png after 0.0s region=(0, 0, 765, 1038) confidence=0.8
2026-08-10 18:30:03 | INFO | my_functions.py:169 | Searching failed_to_join_game_error.png (timeout=0s)
2026-08-10 18:30:04 | INFO | my_functions.py:213 | 
⛔ Not found: failed_to_join_game_error.png after 0.0s region=(0, 0, 765, 1038) confidence=0.8
2026-08-10 18:30:07 | INFO | my_functions.py:169 | Searching failed_to_join_game_error.png (timeout=0s)
2026-08-10 18:30:08 | INFO | my_functions.py:213 | 
⛔ Not found: failed_to_join_game_error.png after 0.0s region=(0, 0, 765, 1038) confidence=0.8
2026-08-10 18:30:09 | INFO | my_functions.py:199 | 
✅ Found: end_turn.PNG pos=(681, 945) time=0.65s confidence=0.8
2026-08-10 18:30:09 | INFO | my_functions.py:248 | [DEBUG] Buscando en paralelo: ['snap.PNG'] | timeout=0s | confidence=0.8
2026-08-10 18:30:10 | INFO | my_functions.py:282 | [DEBUG] Click skipped, ninguna de las imágenes se encontró en el intento.
2026-08-10 18:30:16 | INFO | my_functions.py:248 | [DEBUG] Buscando en paralelo: ['end_turn.PNG'] | timeout=0s | confidence=0.8
2026-08-10 18:30:18 | INFO | my_functions.py:133 | Haciendo click en la posición (682, 945)
2026-08-10 18:30:18 | INFO | my_functions.py:270 | 🖱️ Click OK (En paralelo): end_turn.PNG at (682, 945) delay=1s
2026-08-10 18:30:19 | INFO | each_eight_hours copy 2.py:108 | End turn executed
2026-08-10 18:30:21 | INFO | my_functions.py:169 | Searching failed_to_join_game_error.png (timeout=0s)
2026-08-10 18:30:22 | INFO | my_functions.py:213 | 
⛔ Not found: failed_to_join_game_error.png after 0.0s region=(0, 0, 765, 1038) confidence=0.8
2026-08-10 18:30:25 | INFO | my_functions.py:169 | Searching failed_to_join_game_error.png (timeout=0s)
2026-08-10 18:30:26 | INFO | my_functions.py:213 | 
⛔ Not found: failed_to_join_game_error.png after 0.0s region=(0, 0, 765, 1038) confidence=0.8
2026-08-10 18:30:29 | INFO | my_functions.py:169 | Searching failed_to_join_game_error.png (timeout=0s)
2026-08-10 18:30:30 | INFO | my_functions.py:213 | 
⛔ Not found: failed_to_join_game_error.png after 0.0s region=(0, 0, 765, 1038) confidence=0.8
2026-08-10 18:30:33 | INFO | my_functions.py:169 | Searching failed_to_join_game_error.png (timeout=0s)
2026-08-10 18:30:33 | INFO | my_functions.py:213 | 
⛔ Not found: failed_to_join_game_error.png after 0.0s region=(0, 0, 765, 1038) confidence=0.8
2026-08-10 18:30:36 | INFO | my_functions.py:169 | Searching failed_to_join_game_error.png (timeout=0s)
2026-08-10 18:30:37 | INFO | my_functions.py:213 | 
⛔ Not found: failed_to_join_game_error.png after 0.0s region=(0, 0, 765, 1038) confidence=0.8
2026-08-10 18:30:40 | INFO | my_functions.py:169 | Searching failed_to_join_game_error.png (timeout=0s)
2026-08-10 18:30:41 | INFO | my_functions.py:213 | 
⛔ Not found: failed_to_join_game_error.png after 0.0s region=(0, 0, 765, 1038) confidence=0.8
2026-08-10 18:30:44 | INFO | my_functions.py:169 | Searching failed_to_join_game_error.png (timeout=0s)
2026-08-10 18:30:44 | INFO | my_functions.py:213 | 
⛔ Not found: failed_to_join_game_error.png after 0.0s region=(0, 0, 765, 1038) confidence=0.8
2026-08-10 18:30:45 | INFO | my_functions.py:199 | 
✅ Found: collect_rewards.PNG pos=(679, 957) time=0.81s confidence=0.8
2026-08-10 18:30:45 | INFO | each_eight_hours copy 2.py:138 | Rewards detected, exiting match. Game duration: 215.08 s
2026-08-10 18:30:45 | INFO | my_functions.py:248 | [DEBUG] Buscando en paralelo: ['collect_rewards.PNG'] | timeout=20s | confidence=0.8
2026-08-10 18:30:47 | INFO | my_functions.py:133 | Haciendo click en la posición (679, 957)
2026-08-10 18:30:47 | INFO | my_functions.py:270 | 🖱️ Click OK (En paralelo): collect_rewards.PNG at (679, 957) delay=1s
2026-08-10 18:30:48 | INFO | my_functions.py:248 | [DEBUG] Buscando en paralelo: ['next.PNG'] | timeout=20s | confidence=0.8
2026-08-10 18:30:54 | INFO | my_functions.py:133 | Haciendo click en la posición (677, 973)
2026-08-10 18:30:55 | INFO | my_functions.py:270 | 🖱️ Click OK (En paralelo): next.PNG at (677, 973) delay=1s
2026-08-10 18:30:58 | INFO | my_functions.py:169 | Searching hyper_cube.png (timeout=5s)
2026-08-10 18:31:03 | INFO | my_functions.py:213 | 
⛔ Not found: hyper_cube.png after 5.21s region=(0, 0, 765, 1038) confidence=0.8
2026-08-10 18:31:03 | INFO | each_eight_hours copy 2.py:95 | Starting game loop 2
2026-08-10 18:31:03 | INFO | my_functions.py:248 | [DEBUG] Buscando en paralelo: ['play.PNG'] | timeout=20s | confidence=0.8
2026-08-10 18:31:07 | INFO | my_functions.py:133 | Haciendo click en la posición (384, 824)
2026-08-10 18:31:07 | INFO | my_functions.py:270 | 🖱️ Click OK (En paralelo): play.PNG at (384, 824) delay=3s
2026-08-10 18:31:12 | INFO | my_functions.py:169 | Searching failed_to_join_game_error.png (timeout=0s)
2026-08-10 18:31:12 | INFO | my_functions.py:213 | 
⛔ Not found: failed_to_join_game_error.png after 0.0s region=(0, 0, 765, 1038) confidence=0.8
2026-08-10 18:31:16 | INFO | my_functions.py:169 | Searching failed_to_join_game_error.png (timeout=0s)
2026-08-10 18:31:16 | INFO | my_functions.py:213 | 
⛔ Not found: failed_to_join_game_error.png after 0.0s region=(0, 0, 765, 1038) confidence=0.8
2026-08-10 18:31:19 | INFO | my_functions.py:169 | Searching failed_to_join_game_error.png (timeout=0s)
2026-08-10 18:31:20 | INFO | my_functions.py:213 | 
⛔ Not found: failed_to_join_game_error.png after 0.0s region=(0, 0, 765, 1038) confidence=0.8
2026-08-10 18:31:21 | INFO | my_functions.py:199 | 
✅ Found: end_turn.PNG pos=(681, 945) time=0.66s confidence=0.8
2026-08-10 18:31:21 | INFO | my_functions.py:248 | [DEBUG] Buscando en paralelo: ['snap.PNG'] | timeout=0s | confidence=0.8
2026-08-10 18:31:23 | INFO | my_functions.py:133 | Haciendo click en la posición (386, 122)
2026-08-10 18:31:23 | INFO | my_functions.py:270 | 🖱️ Click OK (En paralelo): snap.PNG at (386, 122) delay=1s
2026-08-10 18:31:29 | INFO | my_functions.py:248 | [DEBUG] Buscando en paralelo: ['end_turn.PNG'] | timeout=0s | confidence=0.8
2026-08-10 18:31:31 | INFO | my_functions.py:133 | Haciendo click en la posición (682, 946)
2026-08-10 18:31:31 | INFO | my_functions.py:270 | 🖱️ Click OK (En paralelo): end_turn.PNG at (682, 946) delay=1s
2026-08-10 18:31:32 | INFO | each_eight_hours copy 2.py:108 | End turn executed
2026-08-10 18:31:34 | INFO | my_functions.py:169 | Searching failed_to_join_game_error.png (timeout=0s)
2026-08-10 18:31:34 | INFO | my_functions.py:213 | 
⛔ Not found: failed_to_join_game_error.png after 0.01s region=(0, 0, 765, 1038) confidence=0.8
2026-08-10 18:31:38 | INFO | my_functions.py:169 | Searching failed_to_join_game_error.png (timeout=0s)
2026-08-10 18:31:38 | INFO | my_functions.py:213 | 
⛔ Not found: failed_to_join_game_error.png after 0.0s region=(0, 0, 765, 1038) confidence=0.8
2026-08-10 18:31:41 | INFO | my_functions.py:169 | Searching failed_to_join_game_error.png (timeout=0s)
2026-08-10 18:31:42 | INFO | my_functions.py:213 | 
⛔ Not found: failed_to_join_game_error.png after 0.0s region=(0, 0, 765, 1038) confidence=0.8
2026-08-10 18:31:43 | INFO | my_functions.py:199 | 
✅ Found: end_turn.PNG pos=(681, 945) time=0.64s confidence=0.8
2026-08-10 18:31:43 | INFO | my_functions.py:248 | [DEBUG] Buscando en paralelo: ['snap.PNG'] | timeout=0s | confidence=0.8
2026-08-10 18:31:44 | INFO | my_functions.py:282 | [DEBUG] Click skipped, ninguna de las imágenes se encontró en el intento.
2026-08-10 18:31:50 | INFO | my_functions.py:248 | [DEBUG] Buscando en paralelo: ['end_turn.PNG'] | timeout=0s | confidence=0.8
2026-08-10 18:31:52 | INFO | my_functions.py:133 | Haciendo click en la posición (682, 946)
2026-08-10 18:31:52 | INFO | my_functions.py:270 | 🖱️ Click OK (En paralelo): end_turn.PNG at (682, 946) delay=1s
2026-08-10 18:31:53 | INFO | each_eight_hours copy 2.py:108 | End turn executed
2026-08-10 18:31:55 | INFO | my_functions.py:169 | Searching failed_to_join_game_error.png (timeout=0s)
2026-08-10 18:31:55 | INFO | my_functions.py:213 | 
⛔ Not found: failed_to_join_game_error.png after 0.0s region=(0, 0, 765, 1038) confidence=0.8
2026-08-10 18:31:58 | INFO | my_functions.py:169 | Searching failed_to_join_game_error.png (timeout=0s)
2026-08-10 18:31:59 | INFO | my_functions.py:213 | 
⛔ Not found: failed_to_join_game_error.png after 0.0s region=(0, 0, 765, 1038) confidence=0.8
2026-08-10 18:32:02 | INFO | my_functions.py:169 | Searching failed_to_join_game_error.png (timeout=0s)
2026-08-10 18:32:02 | INFO | my_functions.py:213 | 
⛔ Not found: failed_to_join_game_error.png after 0.0s region=(0, 0, 765, 1038) confidence=0.8
2026-08-10 18:32:06 | INFO | my_functions.py:169 | Searching failed_to_join_game_error.png (timeout=0s)
2026-08-10 18:32:06 | INFO | my_functions.py:213 | 
⛔ Not found: failed_to_join_game_error.png after 0.0s region=(0, 0, 765, 1038) confidence=0.8
2026-08-10 18:32:07 | INFO | my_functions.py:199 | 
✅ Found: end_turn.PNG pos=(681, 945) time=0.66s confidence=0.8
2026-08-10 18:32:07 | INFO | my_functions.py:248 | [DEBUG] Buscando en paralelo: ['snap.PNG'] | timeout=0s | confidence=0.8
2026-08-10 18:32:08 | INFO | my_functions.py:282 | [DEBUG] Click skipped, ninguna de las imágenes se encontró en el intento.
2026-08-10 18:32:14 | INFO | my_functions.py:248 | [DEBUG] Buscando en paralelo: ['end_turn.PNG'] | timeout=0s | confidence=0.8
2026-08-10 18:32:16 | INFO | my_functions.py:133 | Haciendo click en la posición (682, 945)
2026-08-10 18:32:16 | INFO | my_functions.py:270 | 🖱️ Click OK (En paralelo): end_turn.PNG at (682, 945) delay=1s
2026-08-10 18:32:17 | INFO | each_eight_hours copy 2.py:108 | End turn executed
2026-08-10 18:32:19 | INFO | my_functions.py:169 | Searching failed_to_join_game_error.png (timeout=0s)
2026-08-10 18:32:20 | INFO | my_functions.py:213 | 
⛔ Not found: failed_to_join_game_error.png after 0.0s region=(0, 0, 765, 1038) confidence=0.8
2026-08-10 18:32:23 | INFO | my_functions.py:169 | Searching failed_to_join_game_error.png (timeout=0s)
2026-08-10 18:32:23 | INFO | my_functions.py:213 | 
⛔ Not found: failed_to_join_game_error.png after 0.0s region=(0, 0, 765, 1038) confidence=0.8
2026-08-10 18:32:25 | INFO | my_functions.py:199 | 
✅ Found: end_turn.PNG pos=(681, 945) time=0.65s confidence=0.8
2026-08-10 18:32:25 | INFO | my_functions.py:248 | [DEBUG] Buscando en paralelo: ['snap.PNG'] | timeout=0s | confidence=0.8
2026-08-10 18:32:26 | INFO | my_functions.py:282 | [DEBUG] Click skipped, ninguna de las imágenes se encontró en el intento.
2026-08-10 18:32:32 | INFO | my_functions.py:248 | [DEBUG] Buscando en paralelo: ['end_turn.PNG'] | timeout=0s | confidence=0.8
2026-08-10 18:32:33 | INFO | my_functions.py:133 | Haciendo click en la posición (682, 945)
2026-08-10 18:32:34 | INFO | my_functions.py:270 | 🖱️ Click OK (En paralelo): end_turn.PNG at (682, 945) delay=1s
2026-08-10 18:32:35 | INFO | each_eight_hours copy 2.py:108 | End turn executed
2026-08-10 18:32:36 | INFO | my_functions.py:169 | Searching failed_to_join_game_error.png (timeout=0s)
2026-08-10 18:32:37 | INFO | my_functions.py:213 | 
⛔ Not found: failed_to_join_game_error.png after 0.0s region=(0, 0, 765, 1038) confidence=0.8
2026-08-10 18:32:40 | INFO | my_functions.py:169 | Searching failed_to_join_game_error.png (timeout=0s)
2026-08-10 18:32:40 | INFO | my_functions.py:213 | 
⛔ Not found: failed_to_join_game_error.png after 0.0s region=(0, 0, 765, 1038) confidence=0.8
2026-08-10 18:32:44 | INFO | my_functions.py:169 | Searching failed_to_join_game_error.png (timeout=0s)
2026-08-10 18:32:45 | INFO | my_functions.py:213 | 
⛔ Not found: failed_to_join_game_error.png after 0.51s region=(0, 0, 765, 1038) confidence=0.8
2026-08-10 18:32:48 | INFO | my_functions.py:169 | Searching failed_to_join_game_error.png (timeout=0s)
2026-08-10 18:32:48 | INFO | my_functions.py:213 | 
⛔ Not found: failed_to_join_game_error.png after 0.0s region=(0, 0, 765, 1038) confidence=0.8
2026-08-10 18:32:51 | INFO | my_functions.py:169 | Searching failed_to_join_game_error.png (timeout=0s)
2026-08-10 18:32:52 | INFO | my_functions.py:213 | 
⛔ Not found: failed_to_join_game_error.png after 0.0s region=(0, 0, 765, 1038) confidence=0.8
2026-08-10 18:32:55 | INFO | my_functions.py:169 | Searching failed_to_join_game_error.png (timeout=0s)
2026-08-10 18:32:55 | INFO | my_functions.py:213 | 
⛔ Not found: failed_to_join_game_error.png after 0.0s region=(0, 0, 765, 1038) confidence=0.8
2026-08-10 18:32:57 | INFO | my_functions.py:199 | 
✅ Found: end_turn.PNG pos=(681, 945) time=0.67s confidence=0.8
2026-08-10 18:32:57 | INFO | my_functions.py:248 | [DEBUG] Buscando en paralelo: ['snap.PNG'] | timeout=0s | confidence=0.8
2026-08-10 18:32:58 | INFO | my_functions.py:282 | [DEBUG] Click skipped, ninguna de las imágenes se encontró en el intento.
2026-08-10 18:33:04 | INFO | my_functions.py:248 | [DEBUG] Buscando en paralelo: ['end_turn.PNG'] | timeout=0s | confidence=0.8
2026-08-10 18:33:05 | INFO | my_functions.py:133 | Haciendo click en la posición (682, 945)
2026-08-10 18:33:06 | INFO | my_functions.py:270 | 🖱️ Click OK (En paralelo): end_turn.PNG at (682, 945) delay=1s
2026-08-10 18:33:07 | INFO | each_eight_hours copy 2.py:108 | End turn executed
2026-08-10 18:33:08 | INFO | my_functions.py:169 | Searching failed_to_join_game_error.png (timeout=0s)
2026-08-10 18:33:09 | INFO | my_functions.py:213 | 
⛔ Not found: failed_to_join_game_error.png after 0.0s region=(0, 0, 765, 1038) confidence=0.8
2026-08-10 18:33:12 | INFO | my_functions.py:169 | Searching failed_to_join_game_error.png (timeout=0s)
2026-08-10 18:33:13 | INFO | my_functions.py:213 | 
⛔ Not found: failed_to_join_game_error.png after 0.0s region=(0, 0, 765, 1038) confidence=0.8
2026-08-10 18:33:16 | INFO | my_functions.py:169 | Searching failed_to_join_game_error.png (timeout=0s)
2026-08-10 18:33:16 | INFO | my_functions.py:213 | 
⛔ Not found: failed_to_join_game_error.png after 0.0s region=(0, 0, 765, 1038) confidence=0.8
2026-08-10 18:33:19 | INFO | my_functions.py:169 | Searching failed_to_join_game_error.png (timeout=0s)
2026-08-10 18:33:20 | INFO | my_functions.py:213 | 
⛔ Not found: failed_to_join_game_error.png after 0.0s region=(0, 0, 765, 1038) confidence=0.8
2026-08-10 18:33:23 | INFO | my_functions.py:169 | Searching failed_to_join_game_error.png (timeout=0s)
2026-08-10 18:33:24 | INFO | my_functions.py:213 | 
⛔ Not found: failed_to_join_game_error.png after 0.0s region=(0, 0, 765, 1038) confidence=0.8
2026-08-10 18:33:25 | INFO | my_functions.py:199 | 
✅ Found: end_turn.PNG pos=(681, 945) time=0.67s confidence=0.8
2026-08-10 18:33:25 | INFO | my_functions.py:248 | [DEBUG] Buscando en paralelo: ['snap.PNG'] | timeout=0s | confidence=0.8
2026-08-10 18:33:26 | INFO | my_functions.py:282 | [DEBUG] Click skipped, ninguna de las imágenes se encontró en el intento.
2026-08-10 18:33:32 | INFO | my_functions.py:248 | [DEBUG] Buscando en paralelo: ['end_turn.PNG'] | timeout=0s | confidence=0.8
2026-08-10 18:33:34 | INFO | my_functions.py:133 | Haciendo click en la posición (681, 945)
2026-08-10 18:33:34 | INFO | my_functions.py:270 | 🖱️ Click OK (En paralelo): end_turn.PNG at (681, 945) delay=1s
2026-08-10 18:33:35 | INFO | each_eight_hours copy 2.py:108 | End turn executed
2026-08-10 18:33:37 | INFO | my_functions.py:169 | Searching failed_to_join_game_error.png (timeout=0s)
2026-08-10 18:33:37 | INFO | my_functions.py:213 | 
⛔ Not found: failed_to_join_game_error.png after 0.0s region=(0, 0, 765, 1038) confidence=0.8
2026-08-10 18:33:40 | INFO | my_functions.py:169 | Searching failed_to_join_game_error.png (timeout=0s)
2026-08-10 18:33:41 | INFO | my_functions.py:213 | 
⛔ Not found: failed_to_join_game_error.png after 0.0s region=(0, 0, 765, 1038) confidence=0.8
2026-08-10 18:33:44 | INFO | my_functions.py:169 | Searching failed_to_join_game_error.png (timeout=0s)
2026-08-10 18:33:45 | INFO | my_functions.py:213 | 
⛔ Not found: failed_to_join_game_error.png after 0.0s region=(0, 0, 765, 1038) confidence=0.8
2026-08-10 18:33:48 | INFO | my_functions.py:169 | Searching failed_to_join_game_error.png (timeout=0s)
2026-08-10 18:33:48 | INFO | my_functions.py:213 | 
⛔ Not found: failed_to_join_game_error.png after 0.0s region=(0, 0, 765, 1038) confidence=0.8
2026-08-10 18:33:51 | INFO | my_functions.py:169 | Searching failed_to_join_game_error.png (timeout=0s)
2026-08-10 18:33:52 | INFO | my_functions.py:213 | 
⛔ Not found: failed_to_join_game_error.png after 0.0s region=(0, 0, 765, 1038) confidence=0.8
2026-08-10 18:33:55 | INFO | my_functions.py:169 | Searching failed_to_join_game_error.png (timeout=0s)
2026-08-10 18:33:56 | INFO | my_functions.py:213 | 
⛔ Not found: failed_to_join_game_error.png after 0.0s region=(0, 0, 765, 1038) confidence=0.8
2026-08-10 18:33:59 | INFO | my_functions.py:169 | Searching failed_to_join_game_error.png (timeout=0s)
2026-08-10 18:33:59 | INFO | my_functions.py:213 | 
⛔ Not found: failed_to_join_game_error.png after 0.0s region=(0, 0, 765, 1038) confidence=0.8
2026-08-10 18:34:03 | INFO | my_functions.py:169 | Searching failed_to_join_game_error.png (timeout=0s)
2026-08-10 18:34:03 | INFO | my_functions.py:213 | 
⛔ Not found: failed_to_join_game_error.png after 0.0s region=(0, 0, 765, 1038) confidence=0.8
2026-08-10 18:34:04 | INFO | my_functions.py:199 | 
✅ Found: collect_rewards.PNG pos=(679, 957) time=0.82s confidence=0.8
2026-08-10 18:34:04 | INFO | each_eight_hours copy 2.py:138 | Rewards detected, exiting match. Game duration: 180.42 s
2026-08-10 18:34:04 | INFO | my_functions.py:248 | [DEBUG] Buscando en paralelo: ['collect_rewards.PNG'] | timeout=20s | confidence=0.8
2026-08-10 18:34:06 | INFO | my_functions.py:133 | Haciendo click en la posición (679, 957)
2026-08-10 18:34:06 | INFO | my_functions.py:270 | 🖱️ Click OK (En paralelo): collect_rewards.PNG at (679, 957) delay=1s
2026-08-10 18:34:07 | INFO | my_functions.py:248 | [DEBUG] Buscando en paralelo: ['next.PNG'] | timeout=20s | confidence=0.8
2026-08-10 18:34:13 | INFO | my_functions.py:133 | Haciendo click en la posición (677, 973)
2026-08-10 18:34:13 | INFO | my_functions.py:270 | 🖱️ Click OK (En paralelo): next.PNG at (677, 973) delay=1s
2026-08-10 18:34:17 | INFO | my_functions.py:169 | Searching hyper_cube.png (timeout=5s)
2026-08-10 18:34:22 | INFO | my_functions.py:213 | 
⛔ Not found: hyper_cube.png after 5.3s region=(0, 0, 765, 1038) confidence=0.8
2026-08-10 18:34:22 | INFO | each_eight_hours copy 2.py:95 | Starting game loop 3
2026-08-10 18:34:22 | INFO | my_functions.py:248 | [DEBUG] Buscando en paralelo: ['play.PNG'] | timeout=20s | confidence=0.8
2026-08-10 18:34:26 | INFO | my_functions.py:133 | Haciendo click en la posición (384, 824)
2026-08-10 18:34:26 | INFO | my_functions.py:270 | 🖱️ Click OK (En paralelo): play.PNG at (384, 824) delay=3s
2026-08-10 18:34:31 | INFO | my_functions.py:169 | Searching failed_to_join_game_error.png (timeout=0s)
2026-08-10 18:34:31 | INFO | my_functions.py:213 | 
⛔ Not found: failed_to_join_game_error.png after 0.01s region=(0, 0, 765, 1038) confidence=0.8
2026-08-10 18:34:35 | INFO | my_functions.py:169 | Searching failed_to_join_game_error.png (timeout=0s)
2026-08-10 18:34:35 | INFO | my_functions.py:213 | 
⛔ Not found: failed_to_join_game_error.png after 0.0s region=(0, 0, 765, 1038) confidence=0.8
2026-08-10 18:34:39 | INFO | my_functions.py:169 | Searching failed_to_join_game_error.png (timeout=0s)
2026-08-10 18:34:40 | INFO | my_functions.py:213 | 
⛔ Not found: failed_to_join_game_error.png after 0.0s region=(0, 0, 765, 1038) confidence=0.8
2026-08-10 18:34:43 | INFO | my_functions.py:169 | Searching failed_to_join_game_error.png (timeout=0s)
2026-08-10 18:34:44 | INFO | my_functions.py:213 | 
⛔ Not found: failed_to_join_game_error.png after 0.0s region=(0, 0, 765, 1038) confidence=0.8
2026-08-10 18:34:47 | INFO | my_functions.py:169 | Searching failed_to_join_game_error.png (timeout=0s)
2026-08-10 18:34:48 | INFO | my_functions.py:213 | 
⛔ Not found: failed_to_join_game_error.png after 0.0s region=(0, 0, 765, 1038) confidence=0.8
2026-08-10 18:34:51 | INFO | my_functions.py:169 | Searching failed_to_join_game_error.png (timeout=0s)
2026-08-10 18:34:51 | INFO | my_functions.py:213 | 
⛔ Not found: failed_to_join_game_error.png after 0.0s region=(0, 0, 765, 1038) confidence=0.8
2026-08-10 18:34:53 | INFO | my_functions.py:199 | 
✅ Found: end_turn.PNG pos=(681, 945) time=0.7s confidence=0.8
2026-08-10 18:34:53 | INFO | my_functions.py:248 | [DEBUG] Buscando en paralelo: ['snap.PNG'] | timeout=0s | confidence=0.8
2026-08-10 18:34:55 | INFO | my_functions.py:133 | Haciendo click en la posición (386, 122)
2026-08-10 18:34:55 | INFO | my_functions.py:270 | 🖱️ Click OK (En paralelo): snap.PNG at (386, 122) delay=1s
2026-08-10 18:35:02 | INFO | my_functions.py:248 | [DEBUG] Buscando en paralelo: ['end_turn.PNG'] | timeout=0s | confidence=0.8
2026-08-10 18:35:04 | INFO | my_functions.py:133 | Haciendo click en la posición (682, 946)
2026-08-10 18:35:04 | INFO | my_functions.py:270 | 🖱️ Click OK (En paralelo): end_turn.PNG at (682, 946) delay=1s
2026-08-10 18:35:05 | INFO | each_eight_hours copy 2.py:108 | End turn executed
2026-08-10 18:35:07 | INFO | my_functions.py:169 | Searching failed_to_join_game_error.png (timeout=0s)
2026-08-10 18:35:08 | INFO | my_functions.py:213 | 
⛔ Not found: failed_to_join_game_error.png after 0.0s region=(0, 0, 765, 1038) confidence=0.8
2026-08-10 18:35:11 | INFO | my_functions.py:169 | Searching failed_to_join_game_error.png (timeout=0s)
2026-08-10 18:35:12 | INFO | my_functions.py:213 | 
⛔ Not found: failed_to_join_game_error.png after 0.0s region=(0, 0, 765, 1038) confidence=0.8
2026-08-10 18:35:15 | INFO | my_functions.py:169 | Searching failed_to_join_game_error.png (timeout=0s)
2026-08-10 18:35:15 | INFO | my_functions.py:213 | 
⛔ Not found: failed_to_join_game_error.png after 0.0s region=(0, 0, 765, 1038) confidence=0.8
2026-08-10 18:35:17 | INFO | my_functions.py:199 | 
✅ Found: end_turn.PNG pos=(681, 945) time=0.7s confidence=0.8
2026-08-10 18:35:17 | INFO | my_functions.py:248 | [DEBUG] Buscando en paralelo: ['snap.PNG'] | timeout=0s | confidence=0.8
2026-08-10 18:35:18 | INFO | my_functions.py:282 | [DEBUG] Click skipped, ninguna de las imágenes se encontró en el intento.
2026-08-10 18:35:24 | INFO | my_functions.py:248 | [DEBUG] Buscando en paralelo: ['end_turn.PNG'] | timeout=0s | confidence=0.8
2026-08-10 18:35:26 | INFO | my_functions.py:133 | Haciendo click en la posición (682, 945)
2026-08-10 18:35:26 | INFO | my_functions.py:270 | 🖱️ Click OK (En paralelo): end_turn.PNG at (682, 945) delay=1s
2026-08-10 18:35:27 | INFO | each_eight_hours copy 2.py:108 | End turn executed
2026-08-10 18:35:29 | INFO | my_functions.py:169 | Searching failed_to_join_game_error.png (timeout=0s)
2026-08-10 18:35:29 | INFO | my_functions.py:213 | 
⛔ Not found: failed_to_join_game_error.png after 0.0s region=(0, 0, 765, 1038) confidence=0.8
2026-08-10 18:35:32 | INFO | my_functions.py:169 | Searching failed_to_join_game_error.png (timeout=0s)
2026-08-10 18:35:33 | INFO | my_functions.py:213 | 
⛔ Not found: failed_to_join_game_error.png after 0.0s region=(0, 0, 765, 1038) confidence=0.8
2026-08-10 18:35:36 | INFO | my_functions.py:169 | Searching failed_to_join_game_error.png (timeout=0s)
2026-08-10 18:35:36 | INFO | my_functions.py:213 | 
⛔ Not found: failed_to_join_game_error.png after 0.0s region=(0, 0, 765, 1038) confidence=0.8
2026-08-10 18:35:40 | INFO | my_functions.py:169 | Searching failed_to_join_game_error.png (timeout=0s)
2026-08-10 18:35:40 | INFO | my_functions.py:213 | 
⛔ Not found: failed_to_join_game_error.png after 0.0s region=(0, 0, 765, 1038) confidence=0.8
2026-08-10 18:35:43 | INFO | my_functions.py:169 | Searching failed_to_join_game_error.png (timeout=0s)
2026-08-10 18:35:44 | INFO | my_functions.py:213 | 
⛔ Not found: failed_to_join_game_error.png after 0.0s region=(0, 0, 765, 1038) confidence=0.8
2026-08-10 18:35:47 | INFO | my_functions.py:169 | Searching failed_to_join_game_error.png (timeout=0s)
2026-08-10 18:35:47 | INFO | my_functions.py:213 | 
⛔ Not found: failed_to_join_game_error.png after 0.0s region=(0, 0, 765, 1038) confidence=0.8
2026-08-10 18:35:49 | INFO | my_functions.py:199 | 
✅ Found: end_turn.PNG pos=(681, 945) time=0.63s confidence=0.8
2026-08-10 18:35:49 | INFO | my_functions.py:248 | [DEBUG] Buscando en paralelo: ['snap.PNG'] | timeout=0s | confidence=0.8
2026-08-10 18:35:50 | INFO | my_functions.py:282 | [DEBUG] Click skipped, ninguna de las imágenes se encontró en el intento.
2026-08-10 18:35:56 | INFO | my_functions.py:248 | [DEBUG] Buscando en paralelo: ['end_turn.PNG'] | timeout=0s | confidence=0.8
2026-08-10 18:35:58 | INFO | my_functions.py:133 | Haciendo click en la posición (682, 945)
2026-08-10 18:35:58 | INFO | my_functions.py:270 | 🖱️ Click OK (En paralelo): end_turn.PNG at (682, 945) delay=1s
2026-08-10 18:35:59 | INFO | each_eight_hours copy 2.py:108 | End turn executed
2026-08-10 18:36:01 | INFO | my_functions.py:169 | Searching failed_to_join_game_error.png (timeout=0s)
2026-08-10 18:36:01 | INFO | my_functions.py:213 | 
⛔ Not found: failed_to_join_game_error.png after 0.0s region=(0, 0, 765, 1038) confidence=0.8
2026-08-10 18:36:04 | INFO | my_functions.py:169 | Searching failed_to_join_game_error.png (timeout=0s)
2026-08-10 18:36:05 | INFO | my_functions.py:213 | 
⛔ Not found: failed_to_join_game_error.png after 0.0s region=(0, 0, 765, 1038) confidence=0.8
2026-08-10 18:36:06 | INFO | my_functions.py:199 | 
✅ Found: end_turn.PNG pos=(681, 945) time=0.65s confidence=0.8
2026-08-10 18:36:06 | INFO | my_functions.py:248 | [DEBUG] Buscando en paralelo: ['snap.PNG'] | timeout=0s | confidence=0.8
2026-08-10 18:36:07 | INFO | my_functions.py:282 | [DEBUG] Click skipped, ninguna de las imágenes se encontró en el intento.
2026-08-10 18:36:13 | INFO | my_functions.py:248 | [DEBUG] Buscando en paralelo: ['end_turn.PNG'] | timeout=0s | confidence=0.8
2026-08-10 18:36:15 | INFO | my_functions.py:133 | Haciendo click en la posición (682, 945)
2026-08-10 18:36:15 | INFO | my_functions.py:270 | 🖱️ Click OK (En paralelo): end_turn.PNG at (682, 945) delay=1s
2026-08-10 18:36:16 | INFO | each_eight_hours copy 2.py:108 | End turn executed
2026-08-10 18:36:18 | INFO | my_functions.py:169 | Searching failed_to_join_game_error.png (timeout=0s)
2026-08-10 18:36:18 | INFO | my_functions.py:213 | 
⛔ Not found: failed_to_join_game_error.png after 0.0s region=(0, 0, 765, 1038) confidence=0.8
2026-08-10 18:36:21 | INFO | my_functions.py:169 | Searching failed_to_join_game_error.png (timeout=0s)
2026-08-10 18:36:22 | INFO | my_functions.py:213 | 
⛔ Not found: failed_to_join_game_error.png after 0.0s region=(0, 0, 765, 1038) confidence=0.8
2026-08-10 18:36:25 | INFO | my_functions.py:169 | Searching failed_to_join_game_error.png (timeout=0s)
2026-08-10 18:36:25 | INFO | my_functions.py:213 | 
⛔ Not found: failed_to_join_game_error.png after 0.0s region=(0, 0, 765, 1038) confidence=0.8
2026-08-10 18:36:29 | INFO | my_functions.py:169 | Searching failed_to_join_game_error.png (timeout=0s)
2026-08-10 18:36:29 | INFO | my_functions.py:213 | 
⛔ Not found: failed_to_join_game_error.png after 0.0s region=(0, 0, 765, 1038) confidence=0.8
2026-08-10 18:36:31 | INFO | my_functions.py:199 | 
✅ Found: end_turn.PNG pos=(681, 945) time=0.72s confidence=0.8
2026-08-10 18:36:31 | INFO | my_functions.py:248 | [DEBUG] Buscando en paralelo: ['snap.PNG'] | timeout=0s | confidence=0.8
2026-08-10 18:36:31 | INFO | my_functions.py:282 | [DEBUG] Click skipped, ninguna de las imágenes se encontró en el intento.
2026-08-10 18:36:37 | INFO | my_functions.py:248 | [DEBUG] Buscando en paralelo: ['end_turn.PNG'] | timeout=0s | confidence=0.8
2026-08-10 18:36:39 | INFO | my_functions.py:133 | Haciendo click en la posición (682, 945)
2026-08-10 18:36:39 | INFO | my_functions.py:270 | 🖱️ Click OK (En paralelo): end_turn.PNG at (682, 945) delay=1s
2026-08-10 18:36:40 | INFO | each_eight_hours copy 2.py:108 | End turn executed
2026-08-10 18:36:42 | INFO | my_functions.py:169 | Searching failed_to_join_game_error.png (timeout=0s)
2026-08-10 18:36:43 | INFO | my_functions.py:213 | 
⛔ Not found: failed_to_join_game_error.png after 0.0s region=(0, 0, 765, 1038) confidence=0.8
2026-08-10 18:36:46 | INFO | my_functions.py:169 | Searching failed_to_join_game_error.png (timeout=0s)
2026-08-10 18:36:47 | INFO | my_functions.py:213 | 
⛔ Not found: failed_to_join_game_error.png after 0.0s region=(0, 0, 765, 1038) confidence=0.8
2026-08-10 18:36:50 | INFO | my_functions.py:169 | Searching failed_to_join_game_error.png (timeout=0s)
2026-08-10 18:36:50 | INFO | my_functions.py:213 | 
⛔ Not found: failed_to_join_game_error.png after 0.0s region=(0, 0, 765, 1038) confidence=0.8
2026-08-10 18:36:54 | INFO | my_functions.py:169 | Searching failed_to_join_game_error.png (timeout=0s)
2026-08-10 18:36:54 | INFO | my_functions.py:213 | 
⛔ Not found: failed_to_join_game_error.png after 0.0s region=(0, 0, 765, 1038) confidence=0.8
2026-08-10 18:36:58 | INFO | my_functions.py:169 | Searching failed_to_join_game_error.png (timeout=0s)
2026-08-10 18:36:58 | INFO | my_functions.py:213 | 
⛔ Not found: failed_to_join_game_error.png after 0.0s region=(0, 0, 765, 1038) confidence=0.8
2026-08-10 18:37:00 | INFO | my_functions.py:199 | 
✅ Found: end_turn.PNG pos=(681, 945) time=0.67s confidence=0.8
2026-08-10 18:37:00 | INFO | my_functions.py:248 | [DEBUG] Buscando en paralelo: ['snap.PNG'] | timeout=0s | confidence=0.8
2026-08-10 18:37:01 | INFO | my_functions.py:282 | [DEBUG] Click skipped, ninguna de las imágenes se encontró en el intento.
2026-08-10 18:37:07 | INFO | my_functions.py:248 | [DEBUG] Buscando en paralelo: ['end_turn.PNG'] | timeout=0s | confidence=0.8
2026-08-10 18:37:08 | INFO | my_functions.py:133 | Haciendo click en la posición (681, 945)
2026-08-10 18:37:09 | INFO | my_functions.py:270 | 🖱️ Click OK (En paralelo): end_turn.PNG at (681, 945) delay=1s
2026-08-10 18:37:10 | INFO | each_eight_hours copy 2.py:108 | End turn executed
2026-08-10 18:37:12 | INFO | my_functions.py:169 | Searching failed_to_join_game_error.png (timeout=0s)
2026-08-10 18:37:12 | INFO | my_functions.py:213 | 
⛔ Not found: failed_to_join_game_error.png after 0.0s region=(0, 0, 765, 1038) confidence=0.8
2026-08-10 18:37:15 | INFO | my_functions.py:169 | Searching failed_to_join_game_error.png (timeout=0s)
2026-08-10 18:37:16 | INFO | my_functions.py:213 | 
⛔ Not found: failed_to_join_game_error.png after 0.0s region=(0, 0, 765, 1038) confidence=0.8
2026-08-10 18:37:19 | INFO | my_functions.py:169 | Searching failed_to_join_game_error.png (timeout=0s)
2026-08-10 18:37:19 | INFO | my_functions.py:213 | 
⛔ Not found: failed_to_join_game_error.png after 0.0s region=(0, 0, 765, 1038) confidence=0.8
2026-08-10 18:37:23 | INFO | my_functions.py:169 | Searching failed_to_join_game_error.png (timeout=0s)
2026-08-10 18:37:23 | INFO | my_functions.py:213 | 
⛔ Not found: failed_to_join_game_error.png after 0.0s region=(0, 0, 765, 1038) confidence=0.8
2026-08-10 18:37:26 | INFO | my_functions.py:169 | Searching failed_to_join_game_error.png (timeout=0s)
2026-08-10 18:37:27 | INFO | my_functions.py:213 | 
⛔ Not found: failed_to_join_game_error.png after 0.0s region=(0, 0, 765, 1038) confidence=0.8
2026-08-10 18:37:30 | INFO | my_functions.py:169 | Searching failed_to_join_game_error.png (timeout=0s)
2026-08-10 18:37:30 | INFO | my_functions.py:213 | 
⛔ Not found: failed_to_join_game_error.png after 0.0s region=(0, 0, 765, 1038) confidence=0.8
2026-08-10 18:37:33 | INFO | my_functions.py:169 | Searching failed_to_join_game_error.png (timeout=0s)
2026-08-10 18:37:34 | INFO | my_functions.py:213 | 
⛔ Not found: failed_to_join_game_error.png after 0.0s region=(0, 0, 765, 1038) confidence=0.8
2026-08-10 18:37:37 | INFO | my_functions.py:169 | Searching failed_to_join_game_error.png (timeout=0s)
2026-08-10 18:37:37 | INFO | my_functions.py:213 | 
⛔ Not found: failed_to_join_game_error.png after 0.0s region=(0, 0, 765, 1038) confidence=0.8
2026-08-10 18:37:38 | INFO | my_functions.py:199 | 
✅ Found: collect_rewards.PNG pos=(679, 957) time=0.76s confidence=0.8
2026-08-10 18:37:38 | INFO | each_eight_hours copy 2.py:138 | Rewards detected, exiting match. Game duration: 195.87 s
2026-08-10 18:37:38 | INFO | my_functions.py:248 | [DEBUG] Buscando en paralelo: ['collect_rewards.PNG'] | timeout=20s | confidence=0.8
2026-08-10 18:37:40 | INFO | my_functions.py:133 | Haciendo click en la posición (679, 957)
2026-08-10 18:37:40 | INFO | my_functions.py:270 | 🖱️ Click OK (En paralelo): collect_rewards.PNG at (679, 957) delay=1s
2026-08-10 18:37:41 | INFO | my_functions.py:248 | [DEBUG] Buscando en paralelo: ['next.PNG'] | timeout=20s | confidence=0.8
2026-08-10 18:37:47 | INFO | my_functions.py:133 | Haciendo click en la posición (678, 972)
2026-08-10 18:37:48 | INFO | my_functions.py:270 | 🖱️ Click OK (En paralelo): next.PNG at (678, 972) delay=1s
2026-08-10 18:37:51 | INFO | my_functions.py:169 | Searching hyper_cube.png (timeout=5s)
2026-08-10 18:37:56 | INFO | my_functions.py:213 | 
⛔ Not found: hyper_cube.png after 5.2s region=(0, 0, 765, 1038) confidence=0.8
2026-08-10 18:37:56 | INFO | my_functions.py:248 | [DEBUG] Buscando en paralelo: ['missionsNotify2.png'] | timeout=20s | confidence=0.8
2026-08-10 18:38:00 | INFO | my_functions.py:133 | Haciendo click en la posición (538, 124)
2026-08-10 18:38:00 | INFO | my_functions.py:270 | 🖱️ Click OK (En paralelo): missionsNotify2.png at (538, 124) delay=3s
2026-08-10 18:38:01 | INFO | my_functions.py:1494 | [INFO] Iniciando click_missions_blue_2
2026-08-10 18:38:01 | INFO | my_functions.py:133 | Haciendo click en la posición (150, 132)
2026-08-10 18:38:02 | INFO | my_functions.py:1497 | [ACTION] Click hecho en icono de calendario que me dirige a las misiones ordinarias
2026-08-10 18:38:02 | INFO | my_functions.py:169 | Searching bonus_challenge.png (timeout=0s)
2026-08-10 18:38:03 | INFO | my_functions.py:213 | 
⛔ Not found: bonus_challenge.png after 0.0s region=(0, 0, 765, 1038) confidence=0.8
2026-08-10 18:38:03 | INFO | my_functions.py:1504 | [INFO] No se detectó bonus_challenge. Usando coordenada Y por defecto: 493
2026-08-10 18:38:03 | INFO | my_functions.py:1506 | [INFO] Esperando 2 segundos antes de iniciar clics...
2026-08-10 18:38:05 | INFO | my_functions.py:133 | Haciendo click en la posición (362, 493)
2026-08-10 18:38:06 | INFO | my_functions.py:1512 | [ACTION] Click 1/6 realizado en misión azul
2026-08-10 18:38:07 | INFO | my_functions.py:133 | Haciendo click en la posición (362, 493)
2026-08-10 18:38:08 | INFO | my_functions.py:1512 | [ACTION] Click 2/6 realizado en misión azul
2026-08-10 18:38:08 | INFO | my_functions.py:133 | Haciendo click en la posición (362, 493)
2026-08-10 18:38:10 | INFO | my_functions.py:1512 | [ACTION] Click 3/6 realizado en misión azul
2026-08-10 18:38:10 | INFO | my_functions.py:133 | Haciendo click en la posición (362, 493)
2026-08-10 18:38:11 | INFO | my_functions.py:1512 | [ACTION] Click 4/6 realizado en misión azul
2026-08-10 18:38:12 | INFO | my_functions.py:133 | Haciendo click en la posición (362, 493)
2026-08-10 18:38:13 | INFO | my_functions.py:1512 | [ACTION] Click 5/6 realizado en misión azul
2026-08-10 18:38:14 | INFO | my_functions.py:133 | Haciendo click en la posición (362, 493)
2026-08-10 18:38:15 | INFO | my_functions.py:1512 | [ACTION] Click 6/6 realizado en misión azul
2026-08-10 18:38:15 | INFO | my_functions.py:1516 | [CHECK] Verificando si apareció flechita_mission tras los 6 clicks
2026-08-10 18:38:15 | INFO | my_functions.py:169 | Searching flechita_mission.PNG (timeout=0s)
2026-08-10 18:38:16 | INFO | my_functions.py:213 | 
⛔ Not found: flechita_mission.PNG after 0.0s region=(0, 0, 765, 1038) confidence=0.8
2026-08-10 18:38:16 | INFO | my_functions.py:1521 | [INFO] No se detectó flechita_mission
2026-08-10 18:38:16 | INFO | my_functions.py:1523 | [INFO] Función click_blue_missions_2 terminada
2026-08-10 18:38:16 | INFO | my_functions.py:248 | [DEBUG] Buscando en paralelo: ['weekly3.PNG'] | timeout=0s | confidence=0.8
2026-08-10 18:38:17 | INFO | my_functions.py:282 | [DEBUG] Click skipped, ninguna de las imágenes se encontró en el intento.
2026-08-10 18:38:18 | INFO | my_functions.py:248 | [DEBUG] Buscando en paralelo: ['weekly3.PNG'] | timeout=0s | confidence=0.8
2026-08-10 18:38:19 | INFO | my_functions.py:282 | [DEBUG] Click skipped, ninguna de las imágenes se encontró en el intento.
2026-08-10 18:38:20 | INFO | my_functions.py:133 | Haciendo click en la posición (557, 64)
2026-08-10 18:38:21 | INFO | my_functions.py:248 | [DEBUG] Buscando en paralelo: ['cards_shop.PNG'] | timeout=20s | confidence=0.8
2026-08-10 18:38:24 | INFO | my_functions.py:133 | Haciendo click en la posición (568, 121)
2026-08-10 18:38:24 | INFO | my_functions.py:270 | 🖱️ Click OK (En paralelo): cards_shop.PNG at (568, 121) delay=1s
2026-08-10 18:38:25 | INFO | my_functions.py:248 | [DEBUG] Buscando en paralelo: ['token_icon.PNG'] | timeout=20s | confidence=0.8
2026-08-10 18:38:27 | INFO | my_functions.py:133 | Haciendo click en la posición (531, 171)
2026-08-10 18:38:27 | INFO | my_functions.py:270 | 🖱️ Click OK (En paralelo): token_icon.PNG at (531, 171) delay=1s
2026-08-10 18:38:30 | INFO | my_functions.py:248 | [DEBUG] Buscando en paralelo: ['claim!_token_3.PNG'] | timeout=4s | confidence=0.8
2026-08-10 18:38:32 | INFO | my_functions.py:133 | Haciendo click en la posición (231, 573)
2026-08-10 18:38:32 | INFO | my_functions.py:270 | 🖱️ Click OK (En paralelo): claim!_token_3.PNG at (231, 573) delay=1s
2026-08-10 18:38:33 | INFO | my_functions.py:248 | [DEBUG] Buscando en paralelo: ['cards_shop.PNG'] | timeout=20s | confidence=0.8
2026-08-10 18:38:35 | INFO | my_functions.py:133 | Haciendo click en la posición (568, 122)
2026-08-10 18:38:36 | INFO | my_functions.py:270 | 🖱️ Click OK (En paralelo): cards_shop.PNG at (568, 122) delay=1s
2026-08-10 18:38:37 | INFO | my_functions.py:248 | [DEBUG] Buscando en paralelo: ['offers.PNG'] | timeout=20s | confidence=0.8
2026-08-10 18:38:38 | INFO | my_functions.py:133 | Haciendo click en la posición (197, 121)
2026-08-10 18:38:39 | INFO | my_functions.py:270 | 🖱️ Click OK (En paralelo): offers.PNG at (197, 121) delay=1s
2026-08-10 18:38:40 | INFO | my_functions.py:1350 | [INFO] Iniciando mejora de cartas
2026-08-10 18:38:40 | INFO | my_functions.py:248 | [DEBUG] Buscando en paralelo: ['upgrade_cards_icon.PNG'] | timeout=3s | confidence=0.8
2026-08-10 18:38:42 | INFO | my_functions.py:133 | Haciendo click en la posición (322, 170)
2026-08-10 18:38:42 | INFO | my_functions.py:270 | 🖱️ Click OK (En paralelo): upgrade_cards_icon.PNG at (322, 170) delay=1s
2026-08-10 18:38:43 | INFO | my_functions.py:1357 | [INFO] Abriendo icono de upgrade_cards
2026-08-10 18:38:44 | INFO | my_functions.py:1364 | [STEP] Mejorando carta 1
2026-08-10 18:38:44 | INFO | my_functions.py:1368 | [ACTION] Click en carta 1
2026-08-10 18:38:45 | INFO | my_functions.py:1373 | [ACTION] Click en botón upgrade
2026-08-10 18:38:52 | INFO | my_functions.py:169 | Searching aw_snap.png (timeout=3s)
2026-08-10 18:38:56 | INFO | my_functions.py:213 | 
⛔ Not found: aw_snap.png after 3.4s region=(0, 0, 765, 1038) confidence=0.8
2026-08-10 18:38:56 | INFO | my_functions.py:248 | [DEBUG] Buscando en paralelo: ['you_need_more_credits!.png'] | timeout=3s | confidence=0.8
2026-08-10 18:39:00 | INFO | my_functions.py:282 | [DEBUG] Click skipped, ninguna de las imágenes se encontró en el intento.
2026-08-10 18:39:06 | INFO | my_functions.py:1406 | [ACTION] Click para continuar a stage de nivel de coleccion
2026-08-10 18:39:11 | INFO | my_functions.py:141 | Presionando ESC (1/1)
2026-08-10 18:39:12 | INFO | my_functions.py:1414 | [ACTION] Saliendo de stage nivel de coleccion con ESC
2026-08-10 18:39:13 | INFO | my_functions.py:248 | [DEBUG] Buscando en paralelo: ['upgrade_cards_icon_selected.PNG'] | timeout=0s | confidence=0.8
2026-08-10 18:39:15 | INFO | my_functions.py:133 | Haciendo click en la posición (320, 173)
2026-08-10 18:39:15 | INFO | my_functions.py:270 | 🖱️ Click OK (En paralelo): upgrade_cards_icon_selected.PNG at (320, 173) delay=1s
2026-08-10 18:39:16 | INFO | my_functions.py:1426 | [INFO] Reabriendo icono de upgrade_cards
2026-08-10 18:39:17 | INFO | my_functions.py:1364 | [STEP] Mejorando carta 2
2026-08-10 18:39:17 | INFO | my_functions.py:1368 | [ACTION] Click en carta 2
2026-08-10 18:39:18 | INFO | my_functions.py:1373 | [ACTION] Click en botón upgrade
2026-08-10 18:39:25 | INFO | my_functions.py:169 | Searching aw_snap.png (timeout=3s)
2026-08-10 18:39:29 | INFO | my_functions.py:213 | 
⛔ Not found: aw_snap.png after 3.55s region=(0, 0, 765, 1038) confidence=0.8
2026-08-10 18:39:29 | INFO | my_functions.py:248 | [DEBUG] Buscando en paralelo: ['you_need_more_credits!.png'] | timeout=3s | confidence=0.8
2026-08-10 18:39:31 | INFO | my_functions.py:133 | Haciendo click en la posición (381, 345)
2026-08-10 18:39:31 | INFO | my_functions.py:270 | 🖱️ Click OK (En paralelo): you_need_more_credits!.png at (381, 345) delay=1s
2026-08-10 18:39:32 | INFO | my_functions.py:141 | Presionando ESC (1/2)
2026-08-10 18:39:33 | INFO | my_functions.py:141 | Presionando ESC (2/2)
2026-08-10 18:39:36 | INFO | my_functions.py:1432 | [INFO] Mejora de cartas completada ✅
2026-08-10 18:39:36 | INFO | my_functions.py:141 | Presionando ESC (1/1)
2026-08-10 18:39:36 | INFO | my_functions.py:248 | [DEBUG] Buscando en paralelo: ['white_x.png'] | timeout=2s | confidence=0.8
2026-08-10 18:39:39 | INFO | my_functions.py:282 | [DEBUG] Click skipped, ninguna de las imágenes se encontró en el intento.
2026-08-10 18:39:40 | INFO | each_eight_hours copy 2.py:37 | [18:39:40.660] [DEBUG] === INICIANDO FUNCIÓN collect_cl_rewards ===
2026-08-10 18:39:40 | INFO | each_eight_hours copy 2.py:37 | [18:39:40.693] [DEBUG] Haciendo click inicial en (387, 166)...
2026-08-10 18:39:40 | INFO | my_functions.py:133 | Haciendo click en la posición (387, 166)
2026-08-10 18:39:47 | INFO | each_eight_hours copy 2.py:37 | [18:39:47.118] [DEBUG] Se omitió el cambio de tamaño de ventanas (resize=False)
2026-08-10 18:39:47 | INFO | each_eight_hours copy 2.py:37 | [18:39:47.269] [DEBUG] Recompensas iniciales detectadas por la API: 2
2026-08-10 18:39:47 | INFO | each_eight_hours copy 2.py:37 | [18:39:47.273] [DEBUG] --------------------------------------------------
2026-08-10 18:39:47 | INFO | each_eight_hours copy 2.py:37 | [18:39:47.280] [DEBUG] Inicio de iteración. Recompensas restantes: 2
2026-08-10 18:39:47 | INFO | each_eight_hours copy 2.py:37 | [18:39:47.282] [DEBUG] Intentando hacer click en: (260, 580)
2026-08-10 18:39:48 | INFO | my_functions.py:169 | Searching claim!.PNG (timeout=3s)
2026-08-10 18:39:52 | INFO | my_functions.py:213 | 
⛔ Not found: claim!.PNG after 3.12s region=(0, 0, 765, 1038) confidence=0.8
2026-08-10 18:39:52 | INFO | each_eight_hours copy 2.py:37 | [18:39:52.357] [DEBUG] No se detectó 'Claim'. Buscando 'check.png' en región (228, 547, 65, 55)...
2026-08-10 18:39:52 | INFO | my_functions.py:169 | Searching check.png (timeout=1s)
2026-08-10 18:39:53 | INFO | my_functions.py:213 | 
⛔ Not found: check.png after 1.07s region=(228, 547, 65, 55) confidence=0.8
2026-08-10 18:39:53 | INFO | each_eight_hours copy 2.py:37 | [18:39:53.549] [DEBUG] -> [CORRECCIÓN] Primer click fallido. Cambiando de lado a X = 470
2026-08-10 18:39:53 | INFO | each_eight_hours copy 2.py:37 | [18:39:53.560] [DEBUG] --------------------------------------------------
2026-08-10 18:39:53 | INFO | each_eight_hours copy 2.py:37 | [18:39:53.561] [DEBUG] Inicio de iteración. Recompensas restantes: 2
2026-08-10 18:39:53 | INFO | each_eight_hours copy 2.py:37 | [18:39:53.562] [DEBUG] Intentando hacer click en: (470, 580)
2026-08-10 18:39:54 | INFO | my_functions.py:169 | Searching claim!.PNG (timeout=3s)
2026-08-10 18:39:58 | INFO | my_functions.py:213 | 
⛔ Not found: claim!.PNG after 3.28s region=(0, 0, 765, 1038) confidence=0.8
2026-08-10 18:39:58 | INFO | each_eight_hours copy 2.py:37 | [18:39:58.854] [DEBUG] No se detectó 'Claim'. Buscando 'check.png' en región (449, 547, 65, 55)...
2026-08-10 18:39:58 | INFO | my_functions.py:169 | Searching check.png (timeout=1s)
2026-08-10 18:39:59 | INFO | my_functions.py:199 | 
✅ Found: check.png pos=(500, 578) time=0.15s confidence=0.8
2026-08-10 18:39:59 | INFO | each_eight_hours copy 2.py:37 | [18:39:59.004] [DEBUG] -> ¡ÉXITO! Crédito detectado por 'check.png'. Reclamado automáticamente por el click previo.
2026-08-10 18:39:59 | INFO | each_eight_hours copy 2.py:37 | [18:39:59.007] [DEBUG] Moviendo el mouse a la posición de scroll (350, 580)...
2026-08-10 18:40:00 | INFO | each_eight_hours copy 2.py:37 | [18:40:00.610] [DEBUG] Alternancia de coordenada X: Cambió de 470 a 260
2026-08-10 18:40:00 | INFO | each_eight_hours copy 2.py:37 | [18:40:00.613] [DEBUG] --------------------------------------------------
2026-08-10 18:40:00 | INFO | each_eight_hours copy 2.py:37 | [18:40:00.616] [DEBUG] Inicio de iteración. Recompensas restantes: 1
2026-08-10 18:40:00 | INFO | each_eight_hours copy 2.py:37 | [18:40:00.622] [DEBUG] Intentando hacer click en: (260, 580)
2026-08-10 18:40:01 | INFO | my_functions.py:169 | Searching claim!.PNG (timeout=3s)
2026-08-10 18:40:02 | INFO | my_functions.py:199 | 
✅ Found: claim!.PNG pos=(381, 924) time=0.76s confidence=0.8
2026-08-10 18:40:02 | INFO | each_eight_hours copy 2.py:37 | [18:40:02.597] [DEBUG] -> ¡ÉXITO! Botón 'Claim' detectado.
2026-08-10 18:40:02 | INFO | my_functions.py:169 | Searching set.png (timeout=2s)
2026-08-10 18:40:05 | INFO | my_functions.py:213 | 
⛔ Not found: set.png after 2.49s region=(0, 0, 765, 1038) confidence=0.8
2026-08-10 18:40:05 | INFO | my_functions.py:248 | [DEBUG] Buscando en paralelo: ['claim!.PNG'] | timeout=0s | confidence=0.8
2026-08-10 18:40:07 | INFO | my_functions.py:133 | Haciendo click en la posición (381, 924)
2026-08-10 18:40:07 | INFO | my_functions.py:270 | 🖱️ Click OK (En paralelo): claim!.PNG at (381, 924) delay=1s
2026-08-10 18:40:08 | INFO | each_eight_hours copy 2.py:37 | [18:40:08.977] [DEBUG] Moviendo el mouse a la posición de scroll (350, 580)...
2026-08-10 18:40:10 | INFO | each_eight_hours copy 2.py:37 | [18:40:10.547] [DEBUG] Alternancia de coordenada X: Cambió de 260 a 470
2026-08-10 18:40:10 | INFO | each_eight_hours copy 2.py:37 | Finished collecting rewards
2026-08-10 18:40:11 | INFO | my_functions.py:141 | Presionando ESC (1/1)
2026-08-10 18:40:12 | INFO | my_functions.py:248 | [DEBUG] Buscando en paralelo: ['nut.png'] | timeout=20s | confidence=0.8
2026-08-10 18:40:14 | INFO | my_functions.py:133 | Haciendo click en la posición (184, 78)
2026-08-10 18:40:14 | INFO | my_functions.py:270 | 🖱️ Click OK (En paralelo): nut.png at (184, 78) delay=1s
2026-08-10 18:40:15 | INFO | my_functions.py:248 | [DEBUG] Buscando en paralelo: ['graphics_quality.png'] | timeout=3s | confidence=0.8
2026-08-10 18:40:16 | INFO | my_functions.py:133 | Haciendo click en la posición (304, 644)
2026-08-10 18:40:17 | INFO | my_functions.py:270 | 🖱️ Click OK (En paralelo): graphics_quality.png at (304, 644) delay=1s
2026-08-10 18:40:19 | INFO | my_functions.py:248 | [DEBUG] Buscando en paralelo: ['sign_out.png'] | timeout=20s | confidence=0.8
2026-08-10 18:40:20 | INFO | my_functions.py:133 | Haciendo click en la posición (380, 796)
2026-08-10 18:40:21 | INFO | my_functions.py:270 | 🖱️ Click OK (En paralelo): sign_out.png at (380, 796) delay=1s
2026-08-10 18:40:23 | INFO | my_functions.py:248 | [DEBUG] Buscando en paralelo: ['sign_out_grande.png'] | timeout=20s | confidence=0.8
2026-08-10 18:40:24 | INFO | my_functions.py:133 | Haciendo click en la posición (359, 437)
2026-08-10 18:40:24 | INFO | my_functions.py:270 | 🖱️ Click OK (En paralelo): sign_out_grande.png at (359, 437) delay=1s
2026-08-10 18:40:26 | INFO | my_functions.py:248 | [DEBUG] Buscando en paralelo: ['sign_out2.png'] | timeout=20s | confidence=0.8
2026-08-10 18:40:27 | INFO | my_functions.py:133 | Haciendo click en la posición (383, 634)
2026-08-10 18:40:27 | INFO | my_functions.py:270 | 🖱️ Click OK (En paralelo): sign_out2.png at (383, 634) delay=1s
2026-08-10 18:40:29 | INFO | my_functions.py:1577 | ⏱ Esperando 0.1 segundos antes de empezar...
2026-08-10 18:40:29 | INFO | my_functions.py:1584 | 🔍 Esperando ventana que contenga alguna de: SNAP (máx 20s)
2026-08-10 18:40:29 | INFO | my_functions.py:1596 | ✅ Ventana encontrada: 'SNAP'
2026-08-10 18:40:29 | INFO | my_functions.py:1611 | ✅ Ventana seleccionada: 'SNAP'
2026-08-10 18:40:31 | INFO | my_functions.py:1634 | 🔁 Reajuste #1...
2026-08-10 18:40:33 | INFO | my_functions.py:1641 | ✔ Verificación completa. Se hicieron 1 reajustes.
2026-08-10 18:40:37 | INFO | each_eight_hours copy 2.py:73 | Processing account: michael
2026-08-10 18:40:37 | INFO | my_functions.py:1577 | ⏱ Esperando 0.1 segundos antes de empezar...
2026-08-10 18:40:37 | INFO | my_functions.py:1584 | 🔍 Esperando ventana que contenga alguna de: ['SNAP'] (máx 20s)
2026-08-10 18:40:42 | INFO | my_functions.py:1596 | ✅ Ventana encontrada: 'SNAP'
2026-08-10 18:40:42 | INFO | my_functions.py:1611 | ✅ Ventana seleccionada: 'SNAP'
2026-08-10 18:40:44 | INFO | my_functions.py:1643 | ✔ Verificación completa. No hubo cambios después del primer ajuste.
2026-08-10 18:40:44 | INFO | my_functions.py:1206 | [DEBUG] Resizing SNAP window...
2026-08-10 18:40:44 | INFO | my_functions.py:1577 | ⏱ Esperando 0.1 segundos antes de empezar...
2026-08-10 18:40:44 | INFO | my_functions.py:1584 | 🔍 Esperando ventana que contenga alguna de: ['SNAP'] (máx 20s)
2026-08-10 18:40:44 | INFO | my_functions.py:1596 | ✅ Ventana encontrada: 'SNAP'
2026-08-10 18:40:44 | INFO | my_functions.py:1611 | ✅ Ventana seleccionada: 'SNAP'
2026-08-10 18:40:51 | INFO | my_functions.py:1643 | ✔ Verificación completa. No hubo cambios después del primer ajuste.
2026-08-10 18:40:51 | INFO | my_functions.py:248 | [DEBUG] Buscando en paralelo: ['small_submit.PNG', 'small_submit_hover.png', 'submit_hover_2.png', 'small_submit_hover_2.png'] | timeout=90s | confidence=0.8
2026-08-10 18:40:59 | INFO | my_functions.py:133 | Haciendo click en la posición (380, 642)
2026-08-10 18:40:59 | INFO | my_functions.py:270 | 🖱️ Click OK (En paralelo): small_submit.PNG at (380, 642) delay=0.2s
2026-08-10 18:41:02 | INFO | my_functions.py:248 | [DEBUG] Buscando en paralelo: ['small_submit.PNG', 'small_submit_hover.png', 'submit_hover_2.png', 'small_submit_hover_2.png'] | timeout=20s | confidence=0.8
2026-08-10 18:41:03 | INFO | my_functions.py:133 | Haciendo click en la posición (380, 721)
2026-08-10 18:41:04 | INFO | my_functions.py:270 | 🖱️ Click OK (En paralelo): small_submit.PNG at (380, 721) delay=0.2s
2026-08-10 18:41:05 | INFO | my_functions.py:1577 | ⏱ Esperando 0.1 segundos antes de empezar...
2026-08-10 18:41:05 | INFO | my_functions.py:1584 | 🔍 Esperando ventana que contenga alguna de: ['SNAP'] (máx 20s)
2026-08-10 18:41:05 | INFO | my_functions.py:1596 | ✅ Ventana encontrada: 'SNAP'
2026-08-10 18:41:05 | INFO | my_functions.py:1611 | ✅ Ventana seleccionada: 'SNAP'
2026-08-10 18:41:07 | INFO | my_functions.py:1634 | 🔁 Reajuste #1...
2026-08-10 18:41:08 | INFO | my_functions.py:1641 | ✔ Verificación completa. Se hicieron 1 reajustes.
2026-08-10 18:41:08 | INFO | my_functions.py:169 | Searching please_sign.png (timeout=0s)
2026-08-10 18:41:08 | INFO | my_functions.py:199 | 
✅ Found: please_sign.png pos=(383, 438) time=0.57s confidence=0.8
2026-08-10 18:41:08 | INFO | my_functions.py:248 | [DEBUG] Buscando en paralelo: ['ok_btn.png'] | timeout=20s | confidence=0.8
2026-08-10 18:41:10 | INFO | my_functions.py:133 | Haciendo click en la posición (382, 634)
2026-08-10 18:41:10 | INFO | my_functions.py:270 | 🖱️ Click OK (En paralelo): ok_btn.png at (382, 634) delay=1s
2026-08-10 18:41:12 | INFO | my_functions.py:248 | [DEBUG] Buscando en paralelo: ['small_submit.PNG', 'small_submit_hover.png', 'submit_hover_2.png', 'small_submit_hover_2.png'] | timeout=30s | confidence=0.8
2026-08-10 18:41:15 | INFO | my_functions.py:133 | Haciendo click en la posición (383, 643)
2026-08-10 18:41:15 | INFO | my_functions.py:270 | 🖱️ Click OK (En paralelo): small_submit_hover_2.png at (383, 643) delay=0.2s
2026-08-10 18:41:16 | INFO | my_functions.py:248 | [DEBUG] Buscando en paralelo: ['small_submit.PNG', 'small_submit_hover.png', 'submit_hover_2.png', 'small_submit_hover_2.png'] | timeout=20s | confidence=0.8
2026-08-10 18:41:17 | INFO | my_functions.py:133 | Haciendo click en la posición (380, 721)
2026-08-10 18:41:18 | INFO | my_functions.py:270 | 🖱️ Click OK (En paralelo): small_submit.PNG at (380, 721) delay=0.2s
2026-08-10 18:41:19 | INFO | my_functions.py:248 | [DEBUG] Buscando en paralelo: ['sign_in_with_google2.PNG'] | timeout=20s | confidence=0.8
2026-08-10 18:41:20 | INFO | my_functions.py:133 | Haciendo click en la posición (406, 957)
2026-08-10 18:41:20 | INFO | my_functions.py:270 | 🖱️ Click OK (En paralelo): sign_in_with_google2.PNG at (406, 957) delay=1s
2026-08-10 18:41:22 | INFO | my_functions.py:169 | Searching pagina_cargada.png (timeout=60s)
2026-08-10 18:41:30 | INFO | my_functions.py:199 | 
✅ Found: pagina_cargada.png pos=(70, 24) time=8.32s confidence=0.8
2026-08-10 18:41:32 | INFO | my_functions.py:248 | [DEBUG] Buscando en paralelo: ['michael.png'] | timeout=0s | confidence=0.8
2026-08-10 18:41:36 | INFO | my_functions.py:133 | Haciendo click en la posición (1156, 878)
2026-08-10 18:41:36 | INFO | my_functions.py:270 | 🖱️ Click OK (En paralelo): michael.png at (1156, 878) delay=3s
2026-08-10 18:41:37 | INFO | my_functions.py:169 | Searching marvelsnap_web.png (timeout=30s)
2026-08-10 18:41:42 | INFO | my_functions.py:199 | 
✅ Found: marvelsnap_web.png pos=(258, 80) time=4.98s confidence=0.7
2026-08-10 18:41:43 | INFO | my_functions.py:169 | Searching shop_unselected.PNG (timeout=0s)
2026-08-10 18:41:44 | INFO | my_functions.py:213 | 
⛔ Not found: shop_unselected.PNG after 0.0s region=(0, 0, 765, 1038) confidence=0.8
2026-08-10 18:41:44 | INFO | my_functions.py:248 | [DEBUG] Buscando en paralelo: ['super_premium.PNG'] | timeout=0s | confidence=0.8
2026-08-10 18:41:44 | INFO | my_functions.py:282 | [DEBUG] Click skipped, ninguna de las imágenes se encontró en el intento.
2026-08-10 18:41:45 | INFO | my_functions.py:248 | [DEBUG] Buscando en paralelo: ['maybe_later.PNG'] | timeout=0s | confidence=0.8
2026-08-10 18:41:46 | INFO | my_functions.py:282 | [DEBUG] Click skipped, ninguna de las imágenes se encontró en el intento.
2026-08-10 18:41:47 | INFO | my_functions.py:248 | [DEBUG] Buscando en paralelo: ['maybe_later2.PNG'] | timeout=0s | confidence=0.8
2026-08-10 18:41:48 | INFO | my_functions.py:282 | [DEBUG] Click skipped, ninguna de las imágenes se encontró en el intento.
2026-08-10 18:41:49 | INFO | my_functions.py:169 | Searching go_to_shop.PNG (timeout=0s)
2026-08-10 18:41:49 | INFO | my_functions.py:213 | 
⛔ Not found: go_to_shop.PNG after 0.0s region=(0, 0, 765, 1038) confidence=0.8
2026-08-10 18:41:49 | INFO | my_functions.py:248 | [DEBUG] Buscando en paralelo: ['14_days_of_winterverse.PNG'] | timeout=0s | confidence=0.8
2026-08-10 18:41:50 | INFO | my_functions.py:282 | [DEBUG] Click skipped, ninguna de las imágenes se encontró en el intento.
2026-08-10 18:41:51 | INFO | my_functions.py:169 | Searching welcome_back_calendar.PNG (timeout=0s)
2026-08-10 18:41:52 | INFO | my_functions.py:213 | 
⛔ Not found: welcome_back_calendar.PNG after 0.0s region=(0, 0, 765, 1038) confidence=0.8
2026-08-10 18:41:52 | INFO | my_functions.py:248 | [DEBUG] Buscando en paralelo: ['start_the_countdown.PNG'] | timeout=0s | confidence=0.8
2026-08-10 18:41:52 | INFO | my_functions.py:282 | [DEBUG] Click skipped, ninguna de las imágenes se encontró en el intento.
2026-08-10 18:41:53 | INFO | my_functions.py:248 | [DEBUG] Buscando en paralelo: ['event_has_ended_sanctum.PNG'] | timeout=0s | confidence=0.8
2026-08-10 18:41:54 | INFO | my_functions.py:282 | [DEBUG] Click skipped, ninguna de las imágenes se encontró en el intento.
2026-08-10 18:41:55 | INFO | my_functions.py:248 | [DEBUG] Buscando en paralelo: ['event_has_ended_teamclash.PNG'] | timeout=0s | confidence=0.8
2026-08-10 18:41:56 | INFO | my_functions.py:282 | [DEBUG] Click skipped, ninguna de las imágenes se encontró en el intento.
2026-08-10 18:41:57 | INFO | my_functions.py:248 | [DEBUG] Buscando en paralelo: ['image_part_of_event_grand_arena_finished.PNG'] | timeout=0s | confidence=0.8
2026-08-10 18:41:57 | INFO | my_functions.py:282 | [DEBUG] Click skipped, ninguna de las imágenes se encontró en el intento.
2026-08-10 18:41:59 | INFO | my_functions.py:169 | Searching 28_day_event_login_rewards.PNG (timeout=0s)
2026-08-10 18:41:59 | INFO | my_functions.py:213 | 
⛔ Not found: 28_day_event_login_rewards.PNG after 0.0s region=(0, 0, 765, 1038) confidence=0.8
2026-08-10 18:41:59 | INFO | my_functions.py:169 | Searching 7_day_event_login.PNG (timeout=0s)
2026-08-10 18:42:00 | INFO | my_functions.py:213 | 
⛔ Not found: 7_day_event_login.PNG after 0.0s region=(0, 0, 765, 1038) confidence=0.8
2026-08-10 18:42:00 | INFO | my_functions.py:169 | Searching 14_days_event.PNG (timeout=0s)
2026-08-10 18:42:00 | INFO | my_functions.py:213 | 
⛔ Not found: 14_days_event.PNG after 0.0s region=(0, 0, 765, 1038) confidence=0.8
2026-08-10 18:42:00 | INFO | my_functions.py:248 | [DEBUG] Buscando en paralelo: ['lets_go.PNG'] | timeout=0s | confidence=0.8
2026-08-10 18:42:01 | INFO | my_functions.py:282 | [DEBUG] Click skipped, ninguna de las imágenes se encontró en el intento.
2026-08-10 18:42:03 | INFO | my_functions.py:169 | Searching shop_unselected.PNG (timeout=0s)
2026-08-10 18:42:03 | INFO | my_functions.py:213 | 
⛔ Not found: shop_unselected.PNG after 0.0s region=(0, 0, 765, 1038) confidence=0.8
2026-08-10 18:42:03 | INFO | my_functions.py:248 | [DEBUG] Buscando en paralelo: ['super_premium.PNG'] | timeout=0s | confidence=0.8
2026-08-10 18:42:05 | INFO | my_functions.py:133 | Haciendo click en la posición (480, 777)
2026-08-10 18:42:05 | INFO | my_functions.py:270 | 🖱️ Click OK (En paralelo): super_premium.PNG at (480, 777) delay=1s
2026-08-10 18:42:06 | INFO | my_functions.py:141 | Presionando ESC (1/1)
2026-08-10 18:42:15 | INFO | my_functions.py:169 | Searching shop_unselected.PNG (timeout=0s)
2026-08-10 18:42:16 | INFO | my_functions.py:199 | 
✅ Found: shop_unselected.PNG pos=(88, 961) time=0.81s confidence=0.8
2026-08-10 18:42:16 | INFO | my_functions.py:714 | Ya esta listo
2026-08-10 18:42:20 | INFO | my_functions.py:169 | Searching play.PNG (timeout=0s)
2026-08-10 18:42:20 | INFO | my_functions.py:199 | 
✅ Found: play.PNG pos=(384, 825) time=0.59s confidence=0.8
2026-08-10 18:42:21 | INFO | my_functions.py:1439 | [INFO] Click realizado donde se equipa el deck a jugar
2026-08-10 18:42:25 | INFO | my_functions.py:248 | [DEBUG] Buscando en paralelo: ['deck_666666.png'] | timeout=3s | confidence=0.8
2026-08-10 18:42:26 | INFO | my_functions.py:133 | Haciendo click en la posición (235, 547)
2026-08-10 18:42:27 | INFO | my_functions.py:270 | 🖱️ Click OK (En paralelo): deck_666666.png at (235, 547) delay=1s
2026-08-10 18:42:28 | INFO | my_functions.py:248 | [DEBUG] Buscando en paralelo: ['equip.png'] | timeout=3s | confidence=0.95
2026-08-10 18:42:32 | INFO | my_functions.py:282 | [DEBUG] Click skipped, ninguna de las imágenes se encontró en el intento.
2026-08-10 18:42:33 | INFO | my_functions.py:141 | Presionando ESC (1/1)
2026-08-10 18:42:33 | INFO | each_eight_hours copy 2.py:89 | Deck selected: 6turns
2026-08-10 18:42:33 | INFO | my_functions.py:248 | [DEBUG] Buscando en paralelo: ['maybe_later.PNG'] | timeout=2s | confidence=0.8
2026-08-10 18:42:35 | INFO | my_functions.py:282 | [DEBUG] Click skipped, ninguna de las imágenes se encontró en el intento.
2026-08-10 18:42:36 | INFO | my_functions.py:248 | [DEBUG] Buscando en paralelo: ['maybe_later2.PNG'] | timeout=0.01s | confidence=0.8
2026-08-10 18:42:37 | INFO | my_functions.py:282 | [DEBUG] Click skipped, ninguna de las imágenes se encontró en el intento.
2026-08-10 18:42:38 | INFO | each_eight_hours copy 2.py:95 | Starting game loop 1
2026-08-10 18:42:38 | INFO | my_functions.py:248 | [DEBUG] Buscando en paralelo: ['play.PNG'] | timeout=20s | confidence=0.8
2026-08-10 18:42:42 | INFO | my_functions.py:133 | Haciendo click en la posición (384, 824)
2026-08-10 18:42:42 | INFO | my_functions.py:270 | 🖱️ Click OK (En paralelo): play.PNG at (384, 824) delay=3s
2026-08-10 18:42:46 | INFO | my_functions.py:169 | Searching failed_to_join_game_error.png (timeout=0s)
2026-08-10 18:42:47 | INFO | my_functions.py:213 | 
⛔ Not found: failed_to_join_game_error.png after 0.0s region=(0, 0, 765, 1038) confidence=0.8
2026-08-10 18:42:50 | INFO | my_functions.py:169 | Searching failed_to_join_game_error.png (timeout=0s)
2026-08-10 18:42:51 | INFO | my_functions.py:213 | 
⛔ Not found: failed_to_join_game_error.png after 0.0s region=(0, 0, 765, 1038) confidence=0.8
2026-08-10 18:42:54 | INFO | my_functions.py:169 | Searching failed_to_join_game_error.png (timeout=0s)
2026-08-10 18:42:55 | INFO | my_functions.py:213 | 
⛔ Not found: failed_to_join_game_error.png after 0.0s region=(0, 0, 765, 1038) confidence=0.8
2026-08-10 18:42:58 | INFO | my_functions.py:169 | Searching failed_to_join_game_error.png (timeout=0s)
2026-08-10 18:42:59 | INFO | my_functions.py:213 | 
⛔ Not found: failed_to_join_game_error.png after 0.0s region=(0, 0, 765, 1038) confidence=0.8
2026-08-10 18:43:02 | INFO | my_functions.py:169 | Searching failed_to_join_game_error.png (timeout=0s)
2026-08-10 18:43:02 | INFO | my_functions.py:213 | 
⛔ Not found: failed_to_join_game_error.png after 0.0s region=(0, 0, 765, 1038) confidence=0.8
2026-08-10 18:43:06 | INFO | my_functions.py:169 | Searching failed_to_join_game_error.png (timeout=0s)
2026-08-10 18:43:06 | INFO | my_functions.py:213 | 
⛔ Not found: failed_to_join_game_error.png after 0.0s region=(0, 0, 765, 1038) confidence=0.8
2026-08-10 18:43:08 | INFO | my_functions.py:199 | 
✅ Found: end_turn.PNG pos=(681, 945) time=0.67s confidence=0.8
2026-08-10 18:43:08 | INFO | my_functions.py:248 | [DEBUG] Buscando en paralelo: ['snap.PNG'] | timeout=0s | confidence=0.8
2026-08-10 18:43:10 | INFO | my_functions.py:133 | Haciendo click en la posición (386, 123)
2026-08-10 18:43:10 | INFO | my_functions.py:270 | 🖱️ Click OK (En paralelo): snap.PNG at (386, 123) delay=1s
2026-08-10 18:43:16 | INFO | my_functions.py:248 | [DEBUG] Buscando en paralelo: ['end_turn.PNG'] | timeout=0s | confidence=0.8
2026-08-10 18:43:18 | INFO | my_functions.py:133 | Haciendo click en la posición (682, 946)
2026-08-10 18:43:18 | INFO | my_functions.py:270 | 🖱️ Click OK (En paralelo): end_turn.PNG at (682, 946) delay=1s
2026-08-10 18:43:19 | INFO | each_eight_hours copy 2.py:108 | End turn executed
2026-08-10 18:43:21 | INFO | my_functions.py:169 | Searching failed_to_join_game_error.png (timeout=0s)
2026-08-10 18:43:21 | INFO | my_functions.py:213 | 
⛔ Not found: failed_to_join_game_error.png after 0.0s region=(0, 0, 765, 1038) confidence=0.8
2026-08-10 18:43:25 | INFO | my_functions.py:169 | Searching failed_to_join_game_error.png (timeout=0s)
2026-08-10 18:43:25 | INFO | my_functions.py:213 | 
⛔ Not found: failed_to_join_game_error.png after 0.0s region=(0, 0, 765, 1038) confidence=0.8
2026-08-10 18:43:30 | INFO | my_functions.py:169 | Searching failed_to_join_game_error.png (timeout=0s)
2026-08-10 18:43:31 | INFO | my_functions.py:213 | 
⛔ Not found: failed_to_join_game_error.png after 0.0s region=(0, 0, 765, 1038) confidence=0.8
2026-08-10 18:43:33 | INFO | my_functions.py:199 | 
✅ Found: end_turn.PNG pos=(681, 945) time=0.74s confidence=0.8
2026-08-10 18:43:33 | INFO | my_functions.py:248 | [DEBUG] Buscando en paralelo: ['snap.PNG'] | timeout=0s | confidence=0.8
2026-08-10 18:43:34 | INFO | my_functions.py:282 | [DEBUG] Click skipped, ninguna de las imágenes se encontró en el intento.
2026-08-10 18:43:40 | INFO | my_functions.py:248 | [DEBUG] Buscando en paralelo: ['end_turn.PNG'] | timeout=0s | confidence=0.8
2026-08-10 18:43:42 | INFO | my_functions.py:133 | Haciendo click en la posición (682, 945)
2026-08-10 18:43:42 | INFO | my_functions.py:270 | 🖱️ Click OK (En paralelo): end_turn.PNG at (682, 945) delay=1s
2026-08-10 18:43:43 | INFO | each_eight_hours copy 2.py:108 | End turn executed
2026-08-10 18:43:45 | INFO | my_functions.py:169 | Searching failed_to_join_game_error.png (timeout=0s)
2026-08-10 18:43:45 | INFO | my_functions.py:213 | 
⛔ Not found: failed_to_join_game_error.png after 0.0s region=(0, 0, 765, 1038) confidence=0.8
2026-08-10 18:43:49 | INFO | my_functions.py:169 | Searching failed_to_join_game_error.png (timeout=0s)
2026-08-10 18:43:49 | INFO | my_functions.py:213 | 
⛔ Not found: failed_to_join_game_error.png after 0.0s region=(0, 0, 765, 1038) confidence=0.8
2026-08-10 18:43:53 | INFO | my_functions.py:169 | Searching failed_to_join_game_error.png (timeout=0s)
2026-08-10 18:43:53 | INFO | my_functions.py:213 | 
⛔ Not found: failed_to_join_game_error.png after 0.0s region=(0, 0, 765, 1038) confidence=0.8
2026-08-10 18:43:55 | INFO | my_functions.py:199 | 
✅ Found: end_turn.PNG pos=(681, 945) time=0.67s confidence=0.8
2026-08-10 18:43:55 | INFO | my_functions.py:248 | [DEBUG] Buscando en paralelo: ['snap.PNG'] | timeout=0s | confidence=0.8
2026-08-10 18:43:56 | INFO | my_functions.py:282 | [DEBUG] Click skipped, ninguna de las imágenes se encontró en el intento.
2026-08-10 18:44:02 | INFO | my_functions.py:248 | [DEBUG] Buscando en paralelo: ['end_turn.PNG'] | timeout=0s | confidence=0.8
2026-08-10 18:44:04 | INFO | my_functions.py:133 | Haciendo click en la posición (682, 945)
2026-08-10 18:44:04 | INFO | my_functions.py:270 | 🖱️ Click OK (En paralelo): end_turn.PNG at (682, 945) delay=1s
2026-08-10 18:44:05 | INFO | each_eight_hours copy 2.py:108 | End turn executed
2026-08-10 18:44:07 | INFO | my_functions.py:169 | Searching failed_to_join_game_error.png (timeout=0s)
2026-08-10 18:44:07 | INFO | my_functions.py:213 | 
⛔ Not found: failed_to_join_game_error.png after 0.0s region=(0, 0, 765, 1038) confidence=0.8
2026-08-10 18:44:11 | INFO | my_functions.py:169 | Searching failed_to_join_game_error.png (timeout=0s)
2026-08-10 18:44:11 | INFO | my_functions.py:213 | 
⛔ Not found: failed_to_join_game_error.png after 0.0s region=(0, 0, 765, 1038) confidence=0.8
2026-08-10 18:44:15 | INFO | my_functions.py:169 | Searching failed_to_join_game_error.png (timeout=0s)
2026-08-10 18:44:15 | INFO | my_functions.py:213 | 
⛔ Not found: failed_to_join_game_error.png after 0.0s region=(0, 0, 765, 1038) confidence=0.8
2026-08-10 18:44:17 | INFO | my_functions.py:199 | 
✅ Found: end_turn.PNG pos=(681, 945) time=0.66s confidence=0.8
2026-08-10 18:44:17 | INFO | my_functions.py:248 | [DEBUG] Buscando en paralelo: ['snap.PNG'] | timeout=0s | confidence=0.8
2026-08-10 18:44:17 | INFO | my_functions.py:282 | [DEBUG] Click skipped, ninguna de las imágenes se encontró en el intento.
2026-08-10 18:44:24 | INFO | my_functions.py:248 | [DEBUG] Buscando en paralelo: ['end_turn.PNG'] | timeout=0s | confidence=0.8
2026-08-10 18:44:25 | INFO | my_functions.py:133 | Haciendo click en la posición (682, 945)
2026-08-10 18:44:26 | INFO | my_functions.py:270 | 🖱️ Click OK (En paralelo): end_turn.PNG at (682, 945) delay=1s
2026-08-10 18:44:27 | INFO | each_eight_hours copy 2.py:108 | End turn executed
2026-08-10 18:44:29 | INFO | my_functions.py:169 | Searching failed_to_join_game_error.png (timeout=0s)
2026-08-10 18:44:29 | INFO | my_functions.py:213 | 
⛔ Not found: failed_to_join_game_error.png after 0.0s region=(0, 0, 765, 1038) confidence=0.8
2026-08-10 18:44:32 | INFO | my_functions.py:169 | Searching failed_to_join_game_error.png (timeout=0s)
2026-08-10 18:44:33 | INFO | my_functions.py:213 | 
⛔ Not found: failed_to_join_game_error.png after 0.0s region=(0, 0, 765, 1038) confidence=0.8
2026-08-10 18:44:36 | INFO | my_functions.py:169 | Searching failed_to_join_game_error.png (timeout=0s)
2026-08-10 18:44:37 | INFO | my_functions.py:213 | 
⛔ Not found: failed_to_join_game_error.png after 0.0s region=(0, 0, 765, 1038) confidence=0.8
2026-08-10 18:44:40 | INFO | my_functions.py:169 | Searching failed_to_join_game_error.png (timeout=0s)
2026-08-10 18:44:40 | INFO | my_functions.py:213 | 
⛔ Not found: failed_to_join_game_error.png after 0.0s region=(0, 0, 765, 1038) confidence=0.8
2026-08-10 18:44:44 | INFO | my_functions.py:169 | Searching failed_to_join_game_error.png (timeout=0s)
2026-08-10 18:44:44 | INFO | my_functions.py:213 | 
⛔ Not found: failed_to_join_game_error.png after 0.0s region=(0, 0, 765, 1038) confidence=0.8
2026-08-10 18:44:46 | INFO | my_functions.py:199 | 
✅ Found: end_turn.PNG pos=(681, 945) time=0.67s confidence=0.8
2026-08-10 18:44:46 | INFO | my_functions.py:248 | [DEBUG] Buscando en paralelo: ['snap.PNG'] | timeout=0s | confidence=0.8
2026-08-10 18:44:46 | INFO | my_functions.py:282 | [DEBUG] Click skipped, ninguna de las imágenes se encontró en el intento.
2026-08-10 18:44:53 | INFO | my_functions.py:248 | [DEBUG] Buscando en paralelo: ['end_turn.PNG'] | timeout=0s | confidence=0.8
2026-08-10 18:44:54 | INFO | my_functions.py:133 | Haciendo click en la posición (682, 945)
2026-08-10 18:44:55 | INFO | my_functions.py:270 | 🖱️ Click OK (En paralelo): end_turn.PNG at (682, 945) delay=1s
2026-08-10 18:44:56 | INFO | each_eight_hours copy 2.py:108 | End turn executed
2026-08-10 18:44:58 | INFO | my_functions.py:169 | Searching failed_to_join_game_error.png (timeout=0s)
2026-08-10 18:44:58 | INFO | my_functions.py:213 | 
⛔ Not found: failed_to_join_game_error.png after 0.0s region=(0, 0, 765, 1038) confidence=0.8
2026-08-10 18:45:01 | INFO | my_functions.py:169 | Searching failed_to_join_game_error.png (timeout=0s)
2026-08-10 18:45:02 | INFO | my_functions.py:213 | 
⛔ Not found: failed_to_join_game_error.png after 0.0s region=(0, 0, 765, 1038) confidence=0.8
2026-08-10 18:45:05 | INFO | my_functions.py:169 | Searching failed_to_join_game_error.png (timeout=0s)
2026-08-10 18:45:06 | INFO | my_functions.py:213 | 
⛔ Not found: failed_to_join_game_error.png after 0.0s region=(0, 0, 765, 1038) confidence=0.8
2026-08-10 18:45:07 | INFO | my_functions.py:199 | 
✅ Found: end_turn.PNG pos=(681, 945) time=0.65s confidence=0.8
2026-08-10 18:45:07 | INFO | my_functions.py:248 | [DEBUG] Buscando en paralelo: ['snap.PNG'] | timeout=0s | confidence=0.8
2026-08-10 18:45:08 | INFO | my_functions.py:282 | [DEBUG] Click skipped, ninguna de las imágenes se encontró en el intento.
2026-08-10 18:45:14 | INFO | my_functions.py:248 | [DEBUG] Buscando en paralelo: ['end_turn.PNG'] | timeout=0s | confidence=0.8
2026-08-10 18:45:16 | INFO | my_functions.py:133 | Haciendo click en la posición (681, 945)
2026-08-10 18:45:16 | INFO | my_functions.py:270 | 🖱️ Click OK (En paralelo): end_turn.PNG at (681, 945) delay=1s
2026-08-10 18:45:17 | INFO | each_eight_hours copy 2.py:108 | End turn executed
2026-08-10 18:45:19 | INFO | my_functions.py:169 | Searching failed_to_join_game_error.png (timeout=0s)
2026-08-10 18:45:19 | INFO | my_functions.py:213 | 
⛔ Not found: failed_to_join_game_error.png after 0.0s region=(0, 0, 765, 1038) confidence=0.8
2026-08-10 18:45:23 | INFO | my_functions.py:169 | Searching failed_to_join_game_error.png (timeout=0s)
2026-08-10 18:45:23 | INFO | my_functions.py:213 | 
⛔ Not found: failed_to_join_game_error.png after 0.0s region=(0, 0, 765, 1038) confidence=0.8
2026-08-10 18:45:27 | INFO | my_functions.py:169 | Searching failed_to_join_game_error.png (timeout=0s)
2026-08-10 18:45:27 | INFO | my_functions.py:213 | 
⛔ Not found: failed_to_join_game_error.png after 0.0s region=(0, 0, 765, 1038) confidence=0.8
2026-08-10 18:45:31 | INFO | my_functions.py:169 | Searching failed_to_join_game_error.png (timeout=0s)
2026-08-10 18:45:31 | INFO | my_functions.py:213 | 
⛔ Not found: failed_to_join_game_error.png after 0.0s region=(0, 0, 765, 1038) confidence=0.8
2026-08-10 18:45:35 | INFO | my_functions.py:169 | Searching failed_to_join_game_error.png (timeout=0s)
2026-08-10 18:45:35 | INFO | my_functions.py:213 | 
⛔ Not found: failed_to_join_game_error.png after 0.0s region=(0, 0, 765, 1038) confidence=0.8
2026-08-10 18:45:39 | INFO | my_functions.py:169 | Searching failed_to_join_game_error.png (timeout=0s)
2026-08-10 18:45:40 | INFO | my_functions.py:213 | 
⛔ Not found: failed_to_join_game_error.png after 0.0s region=(0, 0, 765, 1038) confidence=0.8
2026-08-10 18:45:43 | INFO | my_functions.py:169 | Searching failed_to_join_game_error.png (timeout=0s)
2026-08-10 18:45:44 | INFO | my_functions.py:213 | 
⛔ Not found: failed_to_join_game_error.png after 0.0s region=(0, 0, 765, 1038) confidence=0.8
2026-08-10 18:45:48 | INFO | my_functions.py:169 | Searching failed_to_join_game_error.png (timeout=0s)
2026-08-10 18:45:48 | INFO | my_functions.py:213 | 
⛔ Not found: failed_to_join_game_error.png after 0.0s region=(0, 0, 765, 1038) confidence=0.8
2026-08-10 18:45:53 | INFO | my_functions.py:169 | Searching failed_to_join_game_error.png (timeout=0s)
2026-08-10 18:45:53 | INFO | my_functions.py:213 | 
⛔ Not found: failed_to_join_game_error.png after 0.0s region=(0, 0, 765, 1038) confidence=0.8
2026-08-10 18:45:54 | INFO | my_functions.py:199 | 
✅ Found: collect_rewards.PNG pos=(679, 957) time=0.97s confidence=0.8
2026-08-10 18:45:54 | INFO | each_eight_hours copy 2.py:138 | Rewards detected, exiting match. Game duration: 196.12 s
2026-08-10 18:45:54 | INFO | my_functions.py:248 | [DEBUG] Buscando en paralelo: ['collect_rewards.PNG'] | timeout=20s | confidence=0.8
2026-08-10 18:45:56 | INFO | my_functions.py:133 | Haciendo click en la posición (679, 957)
2026-08-10 18:45:57 | INFO | my_functions.py:270 | 🖱️ Click OK (En paralelo): collect_rewards.PNG at (679, 957) delay=1s
2026-08-10 18:45:58 | INFO | my_functions.py:248 | [DEBUG] Buscando en paralelo: ['next.PNG'] | timeout=20s | confidence=0.8
2026-08-10 18:46:05 | INFO | my_functions.py:133 | Haciendo click en la posición (678, 972)
2026-08-10 18:46:05 | INFO | my_functions.py:270 | 🖱️ Click OK (En paralelo): next.PNG at (678, 972) delay=1s
2026-08-10 18:46:08 | INFO | my_functions.py:169 | Searching hyper_cube.png (timeout=5s)
2026-08-10 18:46:13 | INFO | my_functions.py:213 | 
⛔ Not found: hyper_cube.png after 5.03s region=(0, 0, 765, 1038) confidence=0.8
2026-08-10 18:46:13 | INFO | each_eight_hours copy 2.py:95 | Starting game loop 2
2026-08-10 18:46:13 | INFO | my_functions.py:248 | [DEBUG] Buscando en paralelo: ['play.PNG'] | timeout=20s | confidence=0.8
2026-08-10 18:46:17 | INFO | my_functions.py:133 | Haciendo click en la posición (384, 824)
2026-08-10 18:46:17 | INFO | my_functions.py:270 | 🖱️ Click OK (En paralelo): play.PNG at (384, 824) delay=3s
2026-08-10 18:46:22 | INFO | my_functions.py:169 | Searching failed_to_join_game_error.png (timeout=0s)
2026-08-10 18:46:22 | INFO | my_functions.py:213 | 
⛔ Not found: failed_to_join_game_error.png after 0.0s region=(0, 0, 765, 1038) confidence=0.8
2026-08-10 18:46:26 | INFO | my_functions.py:169 | Searching failed_to_join_game_error.png (timeout=0s)
2026-08-10 18:46:26 | INFO | my_functions.py:213 | 
⛔ Not found: failed_to_join_game_error.png after 0.0s region=(0, 0, 765, 1038) confidence=0.8
2026-08-10 18:46:29 | INFO | my_functions.py:169 | Searching failed_to_join_game_error.png (timeout=0s)
2026-08-10 18:46:30 | INFO | my_functions.py:213 | 
⛔ Not found: failed_to_join_game_error.png after 0.0s region=(0, 0, 765, 1038) confidence=0.8
2026-08-10 18:46:31 | INFO | my_functions.py:199 | 
✅ Found: end_turn.PNG pos=(681, 945) time=0.64s confidence=0.8
2026-08-10 18:46:31 | INFO | my_functions.py:248 | [DEBUG] Buscando en paralelo: ['snap.PNG'] | timeout=0s | confidence=0.8
2026-08-10 18:46:33 | INFO | my_functions.py:133 | Haciendo click en la posición (386, 123)
2026-08-10 18:46:33 | INFO | my_functions.py:270 | 🖱️ Click OK (En paralelo): snap.PNG at (386, 123) delay=1s
2026-08-10 18:46:39 | INFO | my_functions.py:248 | [DEBUG] Buscando en paralelo: ['end_turn.PNG'] | timeout=0s | confidence=0.8
2026-08-10 18:46:41 | INFO | my_functions.py:133 | Haciendo click en la posición (682, 946)
2026-08-10 18:46:41 | INFO | my_functions.py:270 | 🖱️ Click OK (En paralelo): end_turn.PNG at (682, 946) delay=1s
2026-08-10 18:46:42 | INFO | each_eight_hours copy 2.py:108 | End turn executed
2026-08-10 18:46:44 | INFO | my_functions.py:169 | Searching failed_to_join_game_error.png (timeout=0s)
2026-08-10 18:46:44 | INFO | my_functions.py:213 | 
⛔ Not found: failed_to_join_game_error.png after 0.0s region=(0, 0, 765, 1038) confidence=0.8
2026-08-10 18:46:47 | INFO | my_functions.py:169 | Searching failed_to_join_game_error.png (timeout=0s)
2026-08-10 18:46:48 | INFO | my_functions.py:213 | 
⛔ Not found: failed_to_join_game_error.png after 0.0s region=(0, 0, 765, 1038) confidence=0.8
2026-08-10 18:46:51 | INFO | my_functions.py:169 | Searching failed_to_join_game_error.png (timeout=0s)
2026-08-10 18:46:52 | INFO | my_functions.py:213 | 
⛔ Not found: failed_to_join_game_error.png after 0.0s region=(0, 0, 765, 1038) confidence=0.8
2026-08-10 18:46:55 | INFO | my_functions.py:169 | Searching failed_to_join_game_error.png (timeout=0s)
2026-08-10 18:46:55 | INFO | my_functions.py:213 | 
⛔ Not found: failed_to_join_game_error.png after 0.0s region=(0, 0, 765, 1038) confidence=0.8
2026-08-10 18:46:58 | INFO | my_functions.py:169 | Searching failed_to_join_game_error.png (timeout=0s)
2026-08-10 18:46:59 | INFO | my_functions.py:213 | 
⛔ Not found: failed_to_join_game_error.png after 0.0s region=(0, 0, 765, 1038) confidence=0.8
2026-08-10 18:47:02 | INFO | my_functions.py:169 | Searching failed_to_join_game_error.png (timeout=0s)
2026-08-10 18:47:02 | INFO | my_functions.py:213 | 
⛔ Not found: failed_to_join_game_error.png after 0.0s region=(0, 0, 765, 1038) confidence=0.8
2026-08-10 18:47:05 | INFO | my_functions.py:169 | Searching failed_to_join_game_error.png (timeout=0s)
2026-08-10 18:47:06 | INFO | my_functions.py:213 | 
⛔ Not found: failed_to_join_game_error.png after 0.0s region=(0, 0, 765, 1038) confidence=0.8
2026-08-10 18:47:07 | INFO | my_functions.py:199 | 
✅ Found: end_turn.PNG pos=(681, 945) time=0.63s confidence=0.8
2026-08-10 18:47:07 | INFO | my_functions.py:248 | [DEBUG] Buscando en paralelo: ['snap.PNG'] | timeout=0s | confidence=0.8
2026-08-10 18:47:08 | INFO | my_functions.py:282 | [DEBUG] Click skipped, ninguna de las imágenes se encontró en el intento.
2026-08-10 18:47:14 | INFO | my_functions.py:248 | [DEBUG] Buscando en paralelo: ['end_turn.PNG'] | timeout=0s | confidence=0.8
2026-08-10 18:47:16 | INFO | my_functions.py:133 | Haciendo click en la posición (682, 945)
2026-08-10 18:47:16 | INFO | my_functions.py:270 | 🖱️ Click OK (En paralelo): end_turn.PNG at (682, 945) delay=1s
2026-08-10 18:47:17 | INFO | each_eight_hours copy 2.py:108 | End turn executed
2026-08-10 18:47:19 | INFO | my_functions.py:169 | Searching failed_to_join_game_error.png (timeout=0s)
2026-08-10 18:47:20 | INFO | my_functions.py:213 | 
⛔ Not found: failed_to_join_game_error.png after 0.45s region=(0, 0, 765, 1038) confidence=0.8
2026-08-10 18:47:23 | INFO | my_functions.py:169 | Searching failed_to_join_game_error.png (timeout=0s)
2026-08-10 18:47:23 | INFO | my_functions.py:213 | 
⛔ Not found: failed_to_join_game_error.png after 0.0s region=(0, 0, 765, 1038) confidence=0.8
2026-08-10 18:47:27 | INFO | my_functions.py:169 | Searching failed_to_join_game_error.png (timeout=0s)
2026-08-10 18:47:27 | INFO | my_functions.py:213 | 
⛔ Not found: failed_to_join_game_error.png after 0.0s region=(0, 0, 765, 1038) confidence=0.8
2026-08-10 18:47:30 | INFO | my_functions.py:169 | Searching failed_to_join_game_error.png (timeout=0s)
2026-08-10 18:47:31 | INFO | my_functions.py:213 | 
⛔ Not found: failed_to_join_game_error.png after 0.0s region=(0, 0, 765, 1038) confidence=0.8
2026-08-10 18:47:34 | INFO | my_functions.py:169 | Searching failed_to_join_game_error.png (timeout=0s)
2026-08-10 18:47:34 | INFO | my_functions.py:213 | 
⛔ Not found: failed_to_join_game_error.png after 0.0s region=(0, 0, 765, 1038) confidence=0.8
2026-08-10 18:47:36 | INFO | my_functions.py:199 | 
✅ Found: end_turn.PNG pos=(681, 945) time=0.67s confidence=0.8
2026-08-10 18:47:36 | INFO | my_functions.py:248 | [DEBUG] Buscando en paralelo: ['snap.PNG'] | timeout=0s | confidence=0.8
2026-08-10 18:47:37 | INFO | my_functions.py:282 | [DEBUG] Click skipped, ninguna de las imágenes se encontró en el intento.
2026-08-10 18:47:42 | INFO | my_functions.py:248 | [DEBUG] Buscando en paralelo: ['end_turn.PNG'] | timeout=0s | confidence=0.8
2026-08-10 18:47:44 | INFO | my_functions.py:133 | Haciendo click en la posición (682, 945)
2026-08-10 18:47:44 | INFO | my_functions.py:270 | 🖱️ Click OK (En paralelo): end_turn.PNG at (682, 945) delay=1s
2026-08-10 18:47:45 | INFO | each_eight_hours copy 2.py:108 | End turn executed
2026-08-10 18:47:47 | INFO | my_functions.py:169 | Searching failed_to_join_game_error.png (timeout=0s)
2026-08-10 18:47:48 | INFO | my_functions.py:213 | 
⛔ Not found: failed_to_join_game_error.png after 0.0s region=(0, 0, 765, 1038) confidence=0.8
2026-08-10 18:47:51 | INFO | my_functions.py:169 | Searching failed_to_join_game_error.png (timeout=0s)
2026-08-10 18:47:51 | INFO | my_functions.py:213 | 
⛔ Not found: failed_to_join_game_error.png after 0.0s region=(0, 0, 765, 1038) confidence=0.8
2026-08-10 18:47:54 | INFO | my_functions.py:169 | Searching failed_to_join_game_error.png (timeout=0s)
2026-08-10 18:47:55 | INFO | my_functions.py:213 | 
⛔ Not found: failed_to_join_game_error.png after 0.0s region=(0, 0, 765, 1038) confidence=0.8
2026-08-10 18:47:58 | INFO | my_functions.py:169 | Searching failed_to_join_game_error.png (timeout=0s)
2026-08-10 18:47:59 | INFO | my_functions.py:213 | 
⛔ Not found: failed_to_join_game_error.png after 0.0s region=(0, 0, 765, 1038) confidence=0.8
2026-08-10 18:48:02 | INFO | my_functions.py:169 | Searching failed_to_join_game_error.png (timeout=0s)
2026-08-10 18:48:02 | INFO | my_functions.py:213 | 
⛔ Not found: failed_to_join_game_error.png after 0.0s region=(0, 0, 765, 1038) confidence=0.8
2026-08-10 18:48:04 | INFO | my_functions.py:199 | 
✅ Found: end_turn.PNG pos=(681, 945) time=0.65s confidence=0.8
2026-08-10 18:48:04 | INFO | my_functions.py:248 | [DEBUG] Buscando en paralelo: ['snap.PNG'] | timeout=0s | confidence=0.8
2026-08-10 18:48:04 | INFO | my_functions.py:282 | [DEBUG] Click skipped, ninguna de las imágenes se encontró en el intento.
2026-08-10 18:48:10 | INFO | my_functions.py:248 | [DEBUG] Buscando en paralelo: ['end_turn.PNG'] | timeout=0s | confidence=0.8
2026-08-10 18:48:12 | INFO | my_functions.py:133 | Haciendo click en la posición (682, 945)
2026-08-10 18:48:12 | INFO | my_functions.py:270 | 🖱️ Click OK (En paralelo): end_turn.PNG at (682, 945) delay=1s
2026-08-10 18:48:13 | INFO | each_eight_hours copy 2.py:108 | End turn executed
2026-08-10 18:48:15 | INFO | my_functions.py:169 | Searching failed_to_join_game_error.png (timeout=0s)
2026-08-10 18:48:16 | INFO | my_functions.py:213 | 
⛔ Not found: failed_to_join_game_error.png after 0.0s region=(0, 0, 765, 1038) confidence=0.8
2026-08-10 18:48:19 | INFO | my_functions.py:169 | Searching failed_to_join_game_error.png (timeout=0s)
2026-08-10 18:48:19 | INFO | my_functions.py:213 | 
⛔ Not found: failed_to_join_game_error.png after 0.0s region=(0, 0, 765, 1038) confidence=0.8
2026-08-10 18:48:22 | INFO | my_functions.py:169 | Searching failed_to_join_game_error.png (timeout=0s)
2026-08-10 18:48:23 | INFO | my_functions.py:213 | 
⛔ Not found: failed_to_join_game_error.png after 0.0s region=(0, 0, 765, 1038) confidence=0.8
2026-08-10 18:48:26 | INFO | my_functions.py:169 | Searching failed_to_join_game_error.png (timeout=0s)
2026-08-10 18:48:26 | INFO | my_functions.py:213 | 
⛔ Not found: failed_to_join_game_error.png after 0.0s region=(0, 0, 765, 1038) confidence=0.8
2026-08-10 18:48:30 | INFO | my_functions.py:169 | Searching failed_to_join_game_error.png (timeout=0s)
2026-08-10 18:48:30 | INFO | my_functions.py:213 | 
⛔ Not found: failed_to_join_game_error.png after 0.0s region=(0, 0, 765, 1038) confidence=0.8
2026-08-10 18:48:33 | INFO | my_functions.py:169 | Searching failed_to_join_game_error.png (timeout=0s)
2026-08-10 18:48:34 | INFO | my_functions.py:213 | 
⛔ Not found: failed_to_join_game_error.png after 0.0s region=(0, 0, 765, 1038) confidence=0.8
2026-08-10 18:48:37 | INFO | my_functions.py:169 | Searching failed_to_join_game_error.png (timeout=0s)
2026-08-10 18:48:37 | INFO | my_functions.py:213 | 
⛔ Not found: failed_to_join_game_error.png after 0.0s region=(0, 0, 765, 1038) confidence=0.8
2026-08-10 18:48:41 | INFO | my_functions.py:169 | Searching failed_to_join_game_error.png (timeout=0s)
2026-08-10 18:48:41 | INFO | my_functions.py:213 | 
⛔ Not found: failed_to_join_game_error.png after 0.0s region=(0, 0, 765, 1038) confidence=0.8
2026-08-10 18:48:43 | INFO | my_functions.py:199 | 
✅ Found: end_turn.PNG pos=(681, 945) time=0.68s confidence=0.8
2026-08-10 18:48:43 | INFO | my_functions.py:248 | [DEBUG] Buscando en paralelo: ['snap.PNG'] | timeout=0s | confidence=0.8
2026-08-10 18:48:43 | INFO | my_functions.py:282 | [DEBUG] Click skipped, ninguna de las imágenes se encontró en el intento.
2026-08-10 18:48:49 | INFO | my_functions.py:248 | [DEBUG] Buscando en paralelo: ['end_turn.PNG'] | timeout=0s | confidence=0.8
2026-08-10 18:48:51 | INFO | my_functions.py:133 | Haciendo click en la posición (682, 945)
2026-08-10 18:48:51 | INFO | my_functions.py:270 | 🖱️ Click OK (En paralelo): end_turn.PNG at (682, 945) delay=1s
2026-08-10 18:48:52 | INFO | each_eight_hours copy 2.py:108 | End turn executed
2026-08-10 18:48:54 | INFO | my_functions.py:169 | Searching failed_to_join_game_error.png (timeout=0s)
2026-08-10 18:48:55 | INFO | my_functions.py:213 | 
⛔ Not found: failed_to_join_game_error.png after 0.0s region=(0, 0, 765, 1038) confidence=0.8
2026-08-10 18:48:58 | INFO | my_functions.py:169 | Searching failed_to_join_game_error.png (timeout=0s)
2026-08-10 18:48:58 | INFO | my_functions.py:213 | 
⛔ Not found: failed_to_join_game_error.png after 0.0s region=(0, 0, 765, 1038) confidence=0.8
2026-08-10 18:49:02 | INFO | my_functions.py:169 | Searching failed_to_join_game_error.png (timeout=0s)
2026-08-10 18:49:02 | INFO | my_functions.py:213 | 
⛔ Not found: failed_to_join_game_error.png after 0.0s region=(0, 0, 765, 1038) confidence=0.8
2026-08-10 18:49:05 | INFO | my_functions.py:169 | Searching failed_to_join_game_error.png (timeout=0s)
2026-08-10 18:49:06 | INFO | my_functions.py:213 | 
⛔ Not found: failed_to_join_game_error.png after 0.0s region=(0, 0, 765, 1038) confidence=0.8
2026-08-10 18:49:09 | INFO | my_functions.py:169 | Searching failed_to_join_game_error.png (timeout=0s)
2026-08-10 18:49:10 | INFO | my_functions.py:213 | 
⛔ Not found: failed_to_join_game_error.png after 0.0s region=(0, 0, 765, 1038) confidence=0.8
2026-08-10 18:49:13 | INFO | my_functions.py:169 | Searching failed_to_join_game_error.png (timeout=0s)
2026-08-10 18:49:13 | INFO | my_functions.py:213 | 
⛔ Not found: failed_to_join_game_error.png after 0.0s region=(0, 0, 765, 1038) confidence=0.8
2026-08-10 18:49:16 | INFO | my_functions.py:169 | Searching failed_to_join_game_error.png (timeout=0s)
2026-08-10 18:49:17 | INFO | my_functions.py:213 | 
⛔ Not found: failed_to_join_game_error.png after 0.0s region=(0, 0, 765, 1038) confidence=0.8
2026-08-10 18:49:20 | INFO | my_functions.py:169 | Searching failed_to_join_game_error.png (timeout=0s)
2026-08-10 18:49:21 | INFO | my_functions.py:213 | 
⛔ Not found: failed_to_join_game_error.png after 0.0s region=(0, 0, 765, 1038) confidence=0.8
2026-08-10 18:49:22 | INFO | my_functions.py:199 | 
✅ Found: end_turn.PNG pos=(681, 945) time=0.67s confidence=0.8
2026-08-10 18:49:22 | INFO | my_functions.py:248 | [DEBUG] Buscando en paralelo: ['snap.PNG'] | timeout=0s | confidence=0.8
2026-08-10 18:49:23 | INFO | my_functions.py:282 | [DEBUG] Click skipped, ninguna de las imágenes se encontró en el intento.
2026-08-10 18:49:29 | INFO | my_functions.py:248 | [DEBUG] Buscando en paralelo: ['end_turn.PNG'] | timeout=0s | confidence=0.8
2026-08-10 18:49:31 | INFO | my_functions.py:133 | Haciendo click en la posición (681, 945)
2026-08-10 18:49:31 | INFO | my_functions.py:270 | 🖱️ Click OK (En paralelo): end_turn.PNG at (681, 945) delay=1s
2026-08-10 18:49:32 | INFO | each_eight_hours copy 2.py:108 | End turn executed
2026-08-10 18:49:34 | INFO | my_functions.py:169 | Searching failed_to_join_game_error.png (timeout=0s)
2026-08-10 18:49:34 | INFO | my_functions.py:213 | 
⛔ Not found: failed_to_join_game_error.png after 0.0s region=(0, 0, 765, 1038) confidence=0.8
2026-08-10 18:49:37 | INFO | my_functions.py:169 | Searching failed_to_join_game_error.png (timeout=0s)
2026-08-10 18:49:38 | INFO | my_functions.py:213 | 
⛔ Not found: failed_to_join_game_error.png after 0.0s region=(0, 0, 765, 1038) confidence=0.8
2026-08-10 18:49:41 | INFO | my_functions.py:169 | Searching failed_to_join_game_error.png (timeout=0s)
2026-08-10 18:49:42 | INFO | my_functions.py:213 | 
⛔ Not found: failed_to_join_game_error.png after 0.0s region=(0, 0, 765, 1038) confidence=0.8
2026-08-10 18:49:45 | INFO | my_functions.py:169 | Searching failed_to_join_game_error.png (timeout=0s)
2026-08-10 18:49:45 | INFO | my_functions.py:213 | 
⛔ Not found: failed_to_join_game_error.png after 0.0s region=(0, 0, 765, 1038) confidence=0.8
2026-08-10 18:49:49 | INFO | my_functions.py:169 | Searching failed_to_join_game_error.png (timeout=0s)
2026-08-10 18:49:49 | INFO | my_functions.py:213 | 
⛔ Not found: failed_to_join_game_error.png after 0.0s region=(0, 0, 765, 1038) confidence=0.8
2026-08-10 18:49:52 | INFO | my_functions.py:169 | Searching failed_to_join_game_error.png (timeout=0s)
2026-08-10 18:49:53 | INFO | my_functions.py:213 | 
⛔ Not found: failed_to_join_game_error.png after 0.0s region=(0, 0, 765, 1038) confidence=0.8
2026-08-10 18:49:56 | INFO | my_functions.py:169 | Searching failed_to_join_game_error.png (timeout=0s)
2026-08-10 18:49:57 | INFO | my_functions.py:213 | 
⛔ Not found: failed_to_join_game_error.png after 0.0s region=(0, 0, 765, 1038) confidence=0.8
2026-08-10 18:50:01 | INFO | my_functions.py:169 | Searching failed_to_join_game_error.png (timeout=0s)
2026-08-10 18:50:01 | INFO | my_functions.py:213 | 
⛔ Not found: failed_to_join_game_error.png after 0.0s region=(0, 0, 765, 1038) confidence=0.8
2026-08-10 18:50:05 | INFO | my_functions.py:169 | Searching failed_to_join_game_error.png (timeout=0s)
2026-08-10 18:50:06 | INFO | my_functions.py:213 | 
⛔ Not found: failed_to_join_game_error.png after 0.0s region=(0, 0, 765, 1038) confidence=0.8
2026-08-10 18:50:09 | INFO | my_functions.py:169 | Searching failed_to_join_game_error.png (timeout=0s)
2026-08-10 18:50:09 | INFO | my_functions.py:213 | 
⛔ Not found: failed_to_join_game_error.png after 0.0s region=(0, 0, 765, 1038) confidence=0.8
2026-08-10 18:50:13 | INFO | my_functions.py:169 | Searching failed_to_join_game_error.png (timeout=0s)
2026-08-10 18:50:13 | INFO | my_functions.py:213 | 
⛔ Not found: failed_to_join_game_error.png after 0.0s region=(0, 0, 765, 1038) confidence=0.8
2026-08-10 18:50:14 | INFO | my_functions.py:199 | 
✅ Found: collect_rewards.PNG pos=(680, 995) time=0.78s confidence=0.8
2026-08-10 18:50:14 | INFO | each_eight_hours copy 2.py:138 | Rewards detected, exiting match. Game duration: 240.44 s
2026-08-10 18:50:14 | INFO | my_functions.py:248 | [DEBUG] Buscando en paralelo: ['collect_rewards.PNG'] | timeout=20s | confidence=0.8
2026-08-10 18:50:16 | INFO | my_functions.py:133 | Haciendo click en la posición (679, 957)
2026-08-10 18:50:16 | INFO | my_functions.py:270 | 🖱️ Click OK (En paralelo): collect_rewards.PNG at (679, 957) delay=1s
2026-08-10 18:50:17 | INFO | my_functions.py:248 | [DEBUG] Buscando en paralelo: ['next.PNG'] | timeout=20s | confidence=0.8
2026-08-10 18:50:24 | INFO | my_functions.py:133 | Haciendo click en la posición (677, 973)
2026-08-10 18:50:24 | INFO | my_functions.py:270 | 🖱️ Click OK (En paralelo): next.PNG at (677, 973) delay=1s
2026-08-10 18:50:27 | INFO | my_functions.py:169 | Searching hyper_cube.png (timeout=5s)
2026-08-10 18:50:33 | INFO | my_functions.py:213 | 
⛔ Not found: hyper_cube.png after 5.09s region=(0, 0, 765, 1038) confidence=0.8
2026-08-10 18:50:33 | INFO | each_eight_hours copy 2.py:95 | Starting game loop 3
2026-08-10 18:50:33 | INFO | my_functions.py:248 | [DEBUG] Buscando en paralelo: ['play.PNG'] | timeout=20s | confidence=0.8
2026-08-10 18:50:36 | INFO | my_functions.py:133 | Haciendo click en la posición (384, 824)
2026-08-10 18:50:37 | INFO | my_functions.py:270 | 🖱️ Click OK (En paralelo): play.PNG at (384, 824) delay=3s
2026-08-10 18:50:41 | INFO | my_functions.py:169 | Searching failed_to_join_game_error.png (timeout=0s)
2026-08-10 18:50:41 | INFO | my_functions.py:213 | 
⛔ Not found: failed_to_join_game_error.png after 0.0s region=(0, 0, 765, 1038) confidence=0.8
2026-08-10 18:50:45 | INFO | my_functions.py:169 | Searching failed_to_join_game_error.png (timeout=0s)
2026-08-10 18:50:46 | INFO | my_functions.py:213 | 
⛔ Not found: failed_to_join_game_error.png after 0.46s region=(0, 0, 765, 1038) confidence=0.8
2026-08-10 18:50:49 | INFO | my_functions.py:169 | Searching failed_to_join_game_error.png (timeout=0s)
2026-08-10 18:50:50 | INFO | my_functions.py:213 | 
⛔ Not found: failed_to_join_game_error.png after 0.0s region=(0, 0, 765, 1038) confidence=0.8
2026-08-10 18:50:53 | INFO | my_functions.py:169 | Searching failed_to_join_game_error.png (timeout=0s)
2026-08-10 18:50:53 | INFO | my_functions.py:213 | 
⛔ Not found: failed_to_join_game_error.png after 0.0s region=(0, 0, 765, 1038) confidence=0.8
2026-08-10 18:50:56 | INFO | my_functions.py:169 | Searching failed_to_join_game_error.png (timeout=0s)
2026-08-10 18:50:57 | INFO | my_functions.py:213 | 
⛔ Not found: failed_to_join_game_error.png after 0.0s region=(0, 0, 765, 1038) confidence=0.8
2026-08-10 18:50:58 | INFO | my_functions.py:199 | 
✅ Found: end_turn.PNG pos=(681, 945) time=0.66s confidence=0.8
2026-08-10 18:50:58 | INFO | my_functions.py:248 | [DEBUG] Buscando en paralelo: ['snap.PNG'] | timeout=0s | confidence=0.8
2026-08-10 18:51:00 | INFO | my_functions.py:133 | Haciendo click en la posición (386, 122)
2026-08-10 18:51:00 | INFO | my_functions.py:270 | 🖱️ Click OK (En paralelo): snap.PNG at (386, 122) delay=1s
2026-08-10 18:51:06 | INFO | my_functions.py:248 | [DEBUG] Buscando en paralelo: ['end_turn.PNG'] | timeout=0s | confidence=0.8
2026-08-10 18:51:08 | INFO | my_functions.py:133 | Haciendo click en la posición (682, 946)
2026-08-10 18:51:08 | INFO | my_functions.py:270 | 🖱️ Click OK (En paralelo): end_turn.PNG at (682, 946) delay=1s
2026-08-10 18:51:09 | INFO | each_eight_hours copy 2.py:108 | End turn executed
2026-08-10 18:51:11 | INFO | my_functions.py:169 | Searching failed_to_join_game_error.png (timeout=0s)
2026-08-10 18:51:12 | INFO | my_functions.py:213 | 
⛔ Not found: failed_to_join_game_error.png after 0.0s region=(0, 0, 765, 1038) confidence=0.8
2026-08-10 18:51:15 | INFO | my_functions.py:169 | Searching failed_to_join_game_error.png (timeout=0s)
2026-08-10 18:51:15 | INFO | my_functions.py:213 | 
⛔ Not found: failed_to_join_game_error.png after 0.0s region=(0, 0, 765, 1038) confidence=0.8
2026-08-10 18:51:18 | INFO | my_functions.py:169 | Searching failed_to_join_game_error.png (timeout=0s)
2026-08-10 18:51:19 | INFO | my_functions.py:213 | 
⛔ Not found: failed_to_join_game_error.png after 0.0s region=(0, 0, 765, 1038) confidence=0.8
2026-08-10 18:51:22 | INFO | my_functions.py:169 | Searching failed_to_join_game_error.png (timeout=0s)
2026-08-10 18:51:22 | INFO | my_functions.py:213 | 
⛔ Not found: failed_to_join_game_error.png after 0.0s region=(0, 0, 765, 1038) confidence=0.8
2026-08-10 18:51:25 | INFO | my_functions.py:169 | Searching failed_to_join_game_error.png (timeout=0s)
2026-08-10 18:51:26 | INFO | my_functions.py:213 | 
⛔ Not found: failed_to_join_game_error.png after 0.0s region=(0, 0, 765, 1038) confidence=0.8
2026-08-10 18:51:28 | INFO | my_functions.py:199 | 
✅ Found: end_turn.PNG pos=(681, 945) time=0.67s confidence=0.8
2026-08-10 18:51:28 | INFO | my_functions.py:248 | [DEBUG] Buscando en paralelo: ['snap.PNG'] | timeout=0s | confidence=0.8
2026-08-10 18:51:28 | INFO | my_functions.py:282 | [DEBUG] Click skipped, ninguna de las imágenes se encontró en el intento.
2026-08-10 18:51:35 | INFO | my_functions.py:248 | [DEBUG] Buscando en paralelo: ['end_turn.PNG'] | timeout=0s | confidence=0.8
2026-08-10 18:51:36 | INFO | my_functions.py:133 | Haciendo click en la posición (682, 945)
2026-08-10 18:51:36 | INFO | my_functions.py:270 | 🖱️ Click OK (En paralelo): end_turn.PNG at (682, 945) delay=1s
2026-08-10 18:51:38 | INFO | each_eight_hours copy 2.py:108 | End turn executed
2026-08-10 18:51:39 | INFO | my_functions.py:169 | Searching failed_to_join_game_error.png (timeout=0s)
2026-08-10 18:51:40 | INFO | my_functions.py:213 | 
⛔ Not found: failed_to_join_game_error.png after 0.0s region=(0, 0, 765, 1038) confidence=0.8
2026-08-10 18:51:43 | INFO | my_functions.py:169 | Searching failed_to_join_game_error.png (timeout=0s)
2026-08-10 18:51:44 | INFO | my_functions.py:213 | 
⛔ Not found: failed_to_join_game_error.png after 0.0s region=(0, 0, 765, 1038) confidence=0.8
2026-08-10 18:51:47 | INFO | my_functions.py:169 | Searching failed_to_join_game_error.png (timeout=0s)
2026-08-10 18:51:47 | INFO | my_functions.py:213 | 
⛔ Not found: failed_to_join_game_error.png after 0.0s region=(0, 0, 765, 1038) confidence=0.8
2026-08-10 18:51:50 | INFO | my_functions.py:169 | Searching failed_to_join_game_error.png (timeout=0s)
2026-08-10 18:51:51 | INFO | my_functions.py:213 | 
⛔ Not found: failed_to_join_game_error.png after 0.0s region=(0, 0, 765, 1038) confidence=0.8
2026-08-10 18:51:54 | INFO | my_functions.py:169 | Searching failed_to_join_game_error.png (timeout=0s)
2026-08-10 18:51:54 | INFO | my_functions.py:213 | 
⛔ Not found: failed_to_join_game_error.png after 0.0s region=(0, 0, 765, 1038) confidence=0.8
2026-08-10 18:51:56 | INFO | my_functions.py:199 | 
✅ Found: end_turn.PNG pos=(681, 945) time=0.66s confidence=0.8
2026-08-10 18:51:56 | INFO | my_functions.py:248 | [DEBUG] Buscando en paralelo: ['snap.PNG'] | timeout=0s | confidence=0.8
2026-08-10 18:51:57 | INFO | my_functions.py:282 | [DEBUG] Click skipped, ninguna de las imágenes se encontró en el intento.
2026-08-10 18:52:03 | INFO | my_functions.py:248 | [DEBUG] Buscando en paralelo: ['end_turn.PNG'] | timeout=0s | confidence=0.8
2026-08-10 18:52:04 | INFO | my_functions.py:133 | Haciendo click en la posición (682, 945)
2026-08-10 18:52:05 | INFO | my_functions.py:270 | 🖱️ Click OK (En paralelo): end_turn.PNG at (682, 945) delay=1s
2026-08-10 18:52:06 | INFO | each_eight_hours copy 2.py:108 | End turn executed
2026-08-10 18:52:08 | INFO | my_functions.py:169 | Searching failed_to_join_game_error.png (timeout=0s)
2026-08-10 18:52:08 | INFO | my_functions.py:213 | 
⛔ Not found: failed_to_join_game_error.png after 0.0s region=(0, 0, 765, 1038) confidence=0.8
2026-08-10 18:52:11 | INFO | my_functions.py:169 | Searching failed_to_join_game_error.png (timeout=0s)
2026-08-10 18:52:12 | INFO | my_functions.py:213 | 
⛔ Not found: failed_to_join_game_error.png after 0.0s region=(0, 0, 765, 1038) confidence=0.8
2026-08-10 18:52:15 | INFO | my_functions.py:169 | Searching failed_to_join_game_error.png (timeout=0s)
2026-08-10 18:52:15 | INFO | my_functions.py:213 | 
⛔ Not found: failed_to_join_game_error.png after 0.0s region=(0, 0, 765, 1038) confidence=0.8
2026-08-10 18:52:18 | INFO | my_functions.py:169 | Searching failed_to_join_game_error.png (timeout=0s)
2026-08-10 18:52:19 | INFO | my_functions.py:213 | 
⛔ Not found: failed_to_join_game_error.png after 0.0s region=(0, 0, 765, 1038) confidence=0.8
2026-08-10 18:52:20 | INFO | my_functions.py:199 | 
✅ Found: end_turn.PNG pos=(681, 945) time=0.65s confidence=0.8
2026-08-10 18:52:20 | INFO | my_functions.py:248 | [DEBUG] Buscando en paralelo: ['snap.PNG'] | timeout=0s | confidence=0.8
2026-08-10 18:52:21 | INFO | my_functions.py:282 | [DEBUG] Click skipped, ninguna de las imágenes se encontró en el intento.
2026-08-10 18:52:27 | INFO | my_functions.py:248 | [DEBUG] Buscando en paralelo: ['end_turn.PNG'] | timeout=0s | confidence=0.8
2026-08-10 18:52:29 | INFO | my_functions.py:133 | Haciendo click en la posición (682, 945)
2026-08-10 18:52:29 | INFO | my_functions.py:270 | 🖱️ Click OK (En paralelo): end_turn.PNG at (682, 945) delay=1s
2026-08-10 18:52:30 | INFO | each_eight_hours copy 2.py:108 | End turn executed
2026-08-10 18:52:32 | INFO | my_functions.py:169 | Searching failed_to_join_game_error.png (timeout=0s)
2026-08-10 18:52:33 | INFO | my_functions.py:213 | 
⛔ Not found: failed_to_join_game_error.png after 0.0s region=(0, 0, 765, 1038) confidence=0.8
2026-08-10 18:52:36 | INFO | my_functions.py:169 | Searching failed_to_join_game_error.png (timeout=0s)
2026-08-10 18:52:36 | INFO | my_functions.py:213 | 
⛔ Not found: failed_to_join_game_error.png after 0.0s region=(0, 0, 765, 1038) confidence=0.8
2026-08-10 18:52:39 | INFO | my_functions.py:169 | Searching failed_to_join_game_error.png (timeout=0s)
2026-08-10 18:52:40 | INFO | my_functions.py:213 | 
⛔ Not found: failed_to_join_game_error.png after 0.0s region=(0, 0, 765, 1038) confidence=0.8
2026-08-10 18:52:43 | INFO | my_functions.py:169 | Searching failed_to_join_game_error.png (timeout=0s)
2026-08-10 18:52:44 | INFO | my_functions.py:213 | 
⛔ Not found: failed_to_join_game_error.png after 0.0s region=(0, 0, 765, 1038) confidence=0.8
2026-08-10 18:52:47 | INFO | my_functions.py:169 | Searching failed_to_join_game_error.png (timeout=0s)
2026-08-10 18:52:47 | INFO | my_functions.py:213 | 
⛔ Not found: failed_to_join_game_error.png after 0.0s region=(0, 0, 765, 1038) confidence=0.8
2026-08-10 18:52:51 | INFO | my_functions.py:169 | Searching failed_to_join_game_error.png (timeout=0s)
2026-08-10 18:52:51 | INFO | my_functions.py:213 | 
⛔ Not found: failed_to_join_game_error.png after 0.0s region=(0, 0, 765, 1038) confidence=0.8
2026-08-10 18:52:53 | INFO | my_functions.py:199 | 
✅ Found: end_turn.PNG pos=(681, 945) time=0.75s confidence=0.8
2026-08-10 18:52:53 | INFO | my_functions.py:248 | [DEBUG] Buscando en paralelo: ['snap.PNG'] | timeout=0s | confidence=0.8
2026-08-10 18:52:54 | INFO | my_functions.py:282 | [DEBUG] Click skipped, ninguna de las imágenes se encontró en el intento.
2026-08-10 18:53:00 | INFO | my_functions.py:248 | [DEBUG] Buscando en paralelo: ['end_turn.PNG'] | timeout=0s | confidence=0.8
2026-08-10 18:53:01 | INFO | my_functions.py:133 | Haciendo click en la posición (682, 945)
2026-08-10 18:53:02 | INFO | my_functions.py:270 | 🖱️ Click OK (En paralelo): end_turn.PNG at (682, 945) delay=1s
2026-08-10 18:53:03 | INFO | each_eight_hours copy 2.py:108 | End turn executed
2026-08-10 18:53:05 | INFO | my_functions.py:169 | Searching failed_to_join_game_error.png (timeout=0s)
2026-08-10 18:53:05 | INFO | my_functions.py:213 | 
⛔ Not found: failed_to_join_game_error.png after 0.0s region=(0, 0, 765, 1038) confidence=0.8
2026-08-10 18:53:08 | INFO | my_functions.py:169 | Searching failed_to_join_game_error.png (timeout=0s)
2026-08-10 18:53:09 | INFO | my_functions.py:213 | 
⛔ Not found: failed_to_join_game_error.png after 0.0s region=(0, 0, 765, 1038) confidence=0.8
2026-08-10 18:53:12 | INFO | my_functions.py:169 | Searching failed_to_join_game_error.png (timeout=0s)
2026-08-10 18:53:12 | INFO | my_functions.py:213 | 
⛔ Not found: failed_to_join_game_error.png after 0.0s region=(0, 0, 765, 1038) confidence=0.8
2026-08-10 18:53:15 | INFO | my_functions.py:169 | Searching failed_to_join_game_error.png (timeout=0s)
2026-08-10 18:53:16 | INFO | my_functions.py:213 | 
⛔ Not found: failed_to_join_game_error.png after 0.0s region=(0, 0, 765, 1038) confidence=0.8
2026-08-10 18:53:19 | INFO | my_functions.py:169 | Searching failed_to_join_game_error.png (timeout=0s)
2026-08-10 18:53:20 | INFO | my_functions.py:213 | 
⛔ Not found: failed_to_join_game_error.png after 0.0s region=(0, 0, 765, 1038) confidence=0.8
2026-08-10 18:53:23 | INFO | my_functions.py:169 | Searching failed_to_join_game_error.png (timeout=0s)
2026-08-10 18:53:23 | INFO | my_functions.py:213 | 
⛔ Not found: failed_to_join_game_error.png after 0.0s region=(0, 0, 765, 1038) confidence=0.8
2026-08-10 18:53:27 | INFO | my_functions.py:169 | Searching failed_to_join_game_error.png (timeout=0s)
2026-08-10 18:53:27 | INFO | my_functions.py:213 | 
⛔ Not found: failed_to_join_game_error.png after 0.0s region=(0, 0, 765, 1038) confidence=0.8
2026-08-10 18:53:30 | INFO | my_functions.py:169 | Searching failed_to_join_game_error.png (timeout=0s)
2026-08-10 18:53:31 | INFO | my_functions.py:213 | 
⛔ Not found: failed_to_join_game_error.png after 0.0s region=(0, 0, 765, 1038) confidence=0.8
2026-08-10 18:53:34 | INFO | my_functions.py:169 | Searching failed_to_join_game_error.png (timeout=0s)
2026-08-10 18:53:35 | INFO | my_functions.py:213 | 
⛔ Not found: failed_to_join_game_error.png after 0.0s region=(0, 0, 765, 1038) confidence=0.8
2026-08-10 18:53:38 | INFO | my_functions.py:169 | Searching failed_to_join_game_error.png (timeout=0s)
2026-08-10 18:53:38 | INFO | my_functions.py:213 | 
⛔ Not found: failed_to_join_game_error.png after 0.0s region=(0, 0, 765, 1038) confidence=0.8
2026-08-10 18:53:42 | INFO | my_functions.py:169 | Searching failed_to_join_game_error.png (timeout=0s)
2026-08-10 18:53:42 | INFO | my_functions.py:213 | 
⛔ Not found: failed_to_join_game_error.png after 0.0s region=(0, 0, 765, 1038) confidence=0.8
2026-08-10 18:53:46 | INFO | my_functions.py:169 | Searching failed_to_join_game_error.png (timeout=0s)
2026-08-10 18:53:46 | INFO | my_functions.py:213 | 
⛔ Not found: failed_to_join_game_error.png after 0.0s region=(0, 0, 765, 1038) confidence=0.8
2026-08-10 18:53:47 | INFO | my_functions.py:199 | 
✅ Found: end_turn.PNG pos=(681, 945) time=0.68s confidence=0.8
2026-08-10 18:53:47 | INFO | my_functions.py:248 | [DEBUG] Buscando en paralelo: ['snap.PNG'] | timeout=0s | confidence=0.8
2026-08-10 18:53:48 | INFO | my_functions.py:282 | [DEBUG] Click skipped, ninguna de las imágenes se encontró en el intento.
2026-08-10 18:53:54 | INFO | my_functions.py:248 | [DEBUG] Buscando en paralelo: ['end_turn.PNG'] | timeout=0s | confidence=0.8
2026-08-10 18:53:55 | INFO | my_functions.py:282 | [DEBUG] Click skipped, ninguna de las imágenes se encontró en el intento.
2026-08-10 18:53:58 | INFO | my_functions.py:199 | 
✅ Found: flechas.png pos=(42, 912) time=0.82s confidence=0.8
2026-08-10 18:54:00 | INFO | my_functions.py:141 | Presionando ESC (1/1)
2026-08-10 18:54:01 | INFO | my_functions.py:248 | [DEBUG] Buscando en paralelo: ['end_turn.PNG'] | timeout=0s | confidence=0.8
2026-08-10 18:54:02 | INFO | my_functions.py:133 | Haciendo click en la posición (682, 945)
2026-08-10 18:54:02 | INFO | my_functions.py:270 | 🖱️ Click OK (En paralelo): end_turn.PNG at (682, 945) delay=1s
2026-08-10 18:54:04 | WARNING | each_eight_hours copy 2.py:128 | Arrow overlay handled
2026-08-10 18:54:04 | INFO | my_functions.py:169 | Searching failed_to_join_game_error.png (timeout=0s)
2026-08-10 18:54:04 | INFO | my_functions.py:213 | 
⛔ Not found: failed_to_join_game_error.png after 0.0s region=(0, 0, 765, 1038) confidence=0.8
2026-08-10 18:54:07 | INFO | my_functions.py:169 | Searching failed_to_join_game_error.png (timeout=0s)
2026-08-10 18:54:08 | INFO | my_functions.py:213 | 
⛔ Not found: failed_to_join_game_error.png after 0.0s region=(0, 0, 765, 1038) confidence=0.8
2026-08-10 18:54:11 | INFO | my_functions.py:169 | Searching failed_to_join_game_error.png (timeout=0s)
2026-08-10 18:54:12 | INFO | my_functions.py:213 | 
⛔ Not found: failed_to_join_game_error.png after 0.0s region=(0, 0, 765, 1038) confidence=0.8
2026-08-10 18:54:15 | INFO | my_functions.py:169 | Searching failed_to_join_game_error.png (timeout=0s)
2026-08-10 18:54:15 | INFO | my_functions.py:213 | 
⛔ Not found: failed_to_join_game_error.png after 0.0s region=(0, 0, 765, 1038) confidence=0.8
2026-08-10 18:54:19 | INFO | my_functions.py:169 | Searching failed_to_join_game_error.png (timeout=0s)
2026-08-10 18:54:19 | INFO | my_functions.py:213 | 
⛔ Not found: failed_to_join_game_error.png after 0.0s region=(0, 0, 765, 1038) confidence=0.8
2026-08-10 18:54:23 | INFO | my_functions.py:169 | Searching failed_to_join_game_error.png (timeout=0s)
2026-08-10 18:54:24 | INFO | my_functions.py:213 | 
⛔ Not found: failed_to_join_game_error.png after 0.49s region=(0, 0, 765, 1038) confidence=0.8
2026-08-10 18:54:25 | INFO | my_functions.py:199 | 
✅ Found: collect_rewards.PNG pos=(679, 959) time=0.78s confidence=0.8
2026-08-10 18:54:25 | INFO | each_eight_hours copy 2.py:138 | Rewards detected, exiting match. Game duration: 231.69 s
2026-08-10 18:54:25 | INFO | my_functions.py:248 | [DEBUG] Buscando en paralelo: ['collect_rewards.PNG'] | timeout=20s | confidence=0.8
2026-08-10 18:54:26 | INFO | my_functions.py:133 | Haciendo click en la posición (679, 957)
2026-08-10 18:54:27 | INFO | my_functions.py:270 | 🖱️ Click OK (En paralelo): collect_rewards.PNG at (679, 957) delay=1s
2026-08-10 18:54:28 | INFO | my_functions.py:248 | [DEBUG] Buscando en paralelo: ['next.PNG'] | timeout=20s | confidence=0.8
2026-08-10 18:54:33 | INFO | my_functions.py:133 | Haciendo click en la posición (677, 973)
2026-08-10 18:54:33 | INFO | my_functions.py:270 | 🖱️ Click OK (En paralelo): next.PNG at (677, 973) delay=1s
2026-08-10 18:54:36 | INFO | my_functions.py:169 | Searching hyper_cube.png (timeout=5s)
2026-08-10 18:54:42 | INFO | my_functions.py:213 | 
⛔ Not found: hyper_cube.png after 5.09s region=(0, 0, 765, 1038) confidence=0.8
2026-08-10 18:54:42 | INFO | my_functions.py:248 | [DEBUG] Buscando en paralelo: ['missionsNotify2.png'] | timeout=20s | confidence=0.8
2026-08-10 18:54:45 | INFO | my_functions.py:133 | Haciendo click en la posición (538, 124)
2026-08-10 18:54:46 | INFO | my_functions.py:270 | 🖱️ Click OK (En paralelo): missionsNotify2.png at (538, 124) delay=3s
2026-08-10 18:54:47 | INFO | my_functions.py:1494 | [INFO] Iniciando click_missions_blue_2
2026-08-10 18:54:47 | INFO | my_functions.py:133 | Haciendo click en la posición (150, 132)
2026-08-10 18:54:48 | INFO | my_functions.py:1497 | [ACTION] Click hecho en icono de calendario que me dirige a las misiones ordinarias
2026-08-10 18:54:48 | INFO | my_functions.py:169 | Searching bonus_challenge.png (timeout=0s)
2026-08-10 18:54:48 | INFO | my_functions.py:213 | 
⛔ Not found: bonus_challenge.png after 0.01s region=(0, 0, 765, 1038) confidence=0.8
2026-08-10 18:54:48 | INFO | my_functions.py:1504 | [INFO] No se detectó bonus_challenge. Usando coordenada Y por defecto: 493
2026-08-10 18:54:48 | INFO | my_functions.py:1506 | [INFO] Esperando 2 segundos antes de iniciar clics...
2026-08-10 18:54:50 | INFO | my_functions.py:133 | Haciendo click en la posición (362, 493)
2026-08-10 18:54:52 | INFO | my_functions.py:1512 | [ACTION] Click 1/6 realizado en misión azul
2026-08-10 18:54:52 | INFO | my_functions.py:133 | Haciendo click en la posición (362, 493)
2026-08-10 18:54:53 | INFO | my_functions.py:1512 | [ACTION] Click 2/6 realizado en misión azul
2026-08-10 18:54:54 | INFO | my_functions.py:133 | Haciendo click en la posición (362, 493)
2026-08-10 18:54:55 | INFO | my_functions.py:1512 | [ACTION] Click 3/6 realizado en misión azul
2026-08-10 18:54:56 | INFO | my_functions.py:133 | Haciendo click en la posición (362, 493)
2026-08-10 18:54:57 | INFO | my_functions.py:1512 | [ACTION] Click 4/6 realizado en misión azul
2026-08-10 18:54:57 | INFO | my_functions.py:133 | Haciendo click en la posición (362, 493)
2026-08-10 18:54:59 | INFO | my_functions.py:1512 | [ACTION] Click 5/6 realizado en misión azul
2026-08-10 18:54:59 | INFO | my_functions.py:133 | Haciendo click en la posición (362, 493)
2026-08-10 18:55:00 | INFO | my_functions.py:1512 | [ACTION] Click 6/6 realizado en misión azul
2026-08-10 18:55:01 | INFO | my_functions.py:1516 | [CHECK] Verificando si apareció flechita_mission tras los 6 clicks
2026-08-10 18:55:01 | INFO | my_functions.py:169 | Searching flechita_mission.PNG (timeout=0s)
2026-08-10 18:55:02 | INFO | my_functions.py:199 | 
✅ Found: flechita_mission.PNG pos=(704, 530) time=0.82s confidence=0.8
2026-08-10 18:55:02 | INFO | my_functions.py:1518 | [INFO] Detectada flechita_mission -> presionando ESC 1 vez
2026-08-10 18:55:02 | INFO | my_functions.py:141 | Presionando ESC (1/1)
2026-08-10 18:55:02 | INFO | my_functions.py:1523 | [INFO] Función click_blue_missions_2 terminada
2026-08-10 18:55:02 | INFO | my_functions.py:248 | [DEBUG] Buscando en paralelo: ['weekly3.PNG'] | timeout=0s | confidence=0.8
2026-08-10 18:55:03 | INFO | my_functions.py:282 | [DEBUG] Click skipped, ninguna de las imágenes se encontró en el intento.
2026-08-10 18:55:04 | INFO | my_functions.py:248 | [DEBUG] Buscando en paralelo: ['weekly3.PNG'] | timeout=0s | confidence=0.8
2026-08-10 18:55:05 | INFO | my_functions.py:282 | [DEBUG] Click skipped, ninguna de las imágenes se encontró en el intento.
2026-08-10 18:55:06 | INFO | my_functions.py:133 | Haciendo click en la posición (557, 64)
2026-08-10 18:55:07 | INFO | my_functions.py:248 | [DEBUG] Buscando en paralelo: ['cards_shop.PNG'] | timeout=20s | confidence=0.8
2026-08-10 18:55:10 | INFO | my_functions.py:133 | Haciendo click en la posición (568, 121)
2026-08-10 18:55:10 | INFO | my_functions.py:270 | 🖱️ Click OK (En paralelo): cards_shop.PNG at (568, 121) delay=1s
2026-08-10 18:55:11 | INFO | my_functions.py:248 | [DEBUG] Buscando en paralelo: ['token_icon.PNG'] | timeout=20s | confidence=0.8
2026-08-10 18:55:13 | INFO | my_functions.py:133 | Haciendo click en la posición (531, 171)
2026-08-10 18:55:13 | INFO | my_functions.py:270 | 🖱️ Click OK (En paralelo): token_icon.PNG at (531, 171) delay=1s
2026-08-10 18:55:16 | INFO | my_functions.py:248 | [DEBUG] Buscando en paralelo: ['claim!_token_3.PNG'] | timeout=4s | confidence=0.8
2026-08-10 18:55:18 | INFO | my_functions.py:133 | Haciendo click en la posición (231, 573)
2026-08-10 18:55:18 | INFO | my_functions.py:270 | 🖱️ Click OK (En paralelo): claim!_token_3.PNG at (231, 573) delay=1s
2026-08-10 18:55:20 | INFO | my_functions.py:248 | [DEBUG] Buscando en paralelo: ['cards_shop.PNG'] | timeout=20s | confidence=0.8
2026-08-10 18:55:21 | INFO | my_functions.py:133 | Haciendo click en la posición (568, 122)
2026-08-10 18:55:22 | INFO | my_functions.py:270 | 🖱️ Click OK (En paralelo): cards_shop.PNG at (568, 122) delay=1s
2026-08-10 18:55:23 | INFO | my_functions.py:248 | [DEBUG] Buscando en paralelo: ['offers.PNG'] | timeout=20s | confidence=0.8
2026-08-10 18:55:24 | INFO | my_functions.py:133 | Haciendo click en la posición (197, 121)
2026-08-10 18:55:25 | INFO | my_functions.py:270 | 🖱️ Click OK (En paralelo): offers.PNG at (197, 121) delay=1s
2026-08-10 18:55:26 | INFO | my_functions.py:1350 | [INFO] Iniciando mejora de cartas
2026-08-10 18:55:26 | INFO | my_functions.py:248 | [DEBUG] Buscando en paralelo: ['upgrade_cards_icon.PNG'] | timeout=3s | confidence=0.8
2026-08-10 18:55:28 | INFO | my_functions.py:133 | Haciendo click en la posición (322, 170)
2026-08-10 18:55:28 | INFO | my_functions.py:270 | 🖱️ Click OK (En paralelo): upgrade_cards_icon.PNG at (322, 170) delay=1s
2026-08-10 18:55:29 | INFO | my_functions.py:1357 | [INFO] Abriendo icono de upgrade_cards
2026-08-10 18:55:30 | INFO | my_functions.py:1364 | [STEP] Mejorando carta 1
2026-08-10 18:55:30 | INFO | my_functions.py:1368 | [ACTION] Click en carta 1
2026-08-10 18:55:31 | INFO | my_functions.py:1373 | [ACTION] Click en botón upgrade
2026-08-10 18:55:38 | INFO | my_functions.py:169 | Searching aw_snap.png (timeout=3s)
2026-08-10 18:55:42 | INFO | my_functions.py:213 | 
⛔ Not found: aw_snap.png after 3.53s region=(0, 0, 765, 1038) confidence=0.8
2026-08-10 18:55:42 | INFO | my_functions.py:248 | [DEBUG] Buscando en paralelo: ['you_need_more_credits!.png'] | timeout=3s | confidence=0.8
2026-08-10 18:55:46 | INFO | my_functions.py:282 | [DEBUG] Click skipped, ninguna de las imágenes se encontró en el intento.
2026-08-10 18:55:52 | INFO | my_functions.py:1406 | [ACTION] Click para continuar a stage de nivel de coleccion
2026-08-10 18:55:57 | INFO | my_functions.py:141 | Presionando ESC (1/1)
2026-08-10 18:55:58 | INFO | my_functions.py:1414 | [ACTION] Saliendo de stage nivel de coleccion con ESC
2026-08-10 18:55:59 | INFO | my_functions.py:248 | [DEBUG] Buscando en paralelo: ['upgrade_cards_icon_selected.PNG'] | timeout=0s | confidence=0.8
2026-08-10 18:56:01 | INFO | my_functions.py:133 | Haciendo click en la posición (320, 173)
2026-08-10 18:56:01 | INFO | my_functions.py:270 | 🖱️ Click OK (En paralelo): upgrade_cards_icon_selected.PNG at (320, 173) delay=1s
2026-08-10 18:56:02 | INFO | my_functions.py:1426 | [INFO] Reabriendo icono de upgrade_cards
2026-08-10 18:56:03 | INFO | my_functions.py:1364 | [STEP] Mejorando carta 2
2026-08-10 18:56:03 | INFO | my_functions.py:1368 | [ACTION] Click en carta 2
2026-08-10 18:56:04 | INFO | my_functions.py:1373 | [ACTION] Click en botón upgrade
2026-08-10 18:56:11 | INFO | my_functions.py:169 | Searching aw_snap.png (timeout=3s)
2026-08-10 18:56:15 | INFO | my_functions.py:213 | 
⛔ Not found: aw_snap.png after 3.44s region=(0, 0, 765, 1038) confidence=0.8
2026-08-10 18:56:15 | INFO | my_functions.py:248 | [DEBUG] Buscando en paralelo: ['you_need_more_credits!.png'] | timeout=3s | confidence=0.8
2026-08-10 18:56:17 | INFO | my_functions.py:133 | Haciendo click en la posición (381, 345)
2026-08-10 18:56:17 | INFO | my_functions.py:270 | 🖱️ Click OK (En paralelo): you_need_more_credits!.png at (381, 345) delay=1s
2026-08-10 18:56:18 | INFO | my_functions.py:141 | Presionando ESC (1/2)
2026-08-10 18:56:19 | INFO | my_functions.py:141 | Presionando ESC (2/2)
2026-08-10 18:56:21 | INFO | my_functions.py:1432 | [INFO] Mejora de cartas completada ✅
2026-08-10 18:56:21 | INFO | my_functions.py:141 | Presionando ESC (1/1)
2026-08-10 18:56:22 | INFO | my_functions.py:248 | [DEBUG] Buscando en paralelo: ['white_x.png'] | timeout=2s | confidence=0.8
2026-08-10 18:56:24 | INFO | my_functions.py:282 | [DEBUG] Click skipped, ninguna de las imágenes se encontró en el intento.
2026-08-10 18:56:26 | INFO | each_eight_hours copy 2.py:37 | [18:56:26.066] [DEBUG] === INICIANDO FUNCIÓN collect_cl_rewards ===
2026-08-10 18:56:26 | INFO | each_eight_hours copy 2.py:37 | [18:56:26.075] [DEBUG] Haciendo click inicial en (387, 166)...
2026-08-10 18:56:26 | INFO | my_functions.py:133 | Haciendo click en la posición (387, 166)
2026-08-10 18:56:32 | INFO | each_eight_hours copy 2.py:37 | [18:56:32.437] [DEBUG] Se omitió el cambio de tamaño de ventanas (resize=False)
2026-08-10 18:56:32 | INFO | each_eight_hours copy 2.py:37 | [18:56:32.486] [DEBUG] Recompensas iniciales detectadas por la API: 1
2026-08-10 18:56:32 | INFO | each_eight_hours copy 2.py:37 | [18:56:32.491] [DEBUG] --------------------------------------------------
2026-08-10 18:56:32 | INFO | each_eight_hours copy 2.py:37 | [18:56:32.497] [DEBUG] Inicio de iteración. Recompensas restantes: 1
2026-08-10 18:56:32 | INFO | each_eight_hours copy 2.py:37 | [18:56:32.499] [DEBUG] Intentando hacer click en: (260, 580)
2026-08-10 18:56:33 | INFO | my_functions.py:169 | Searching claim!.PNG (timeout=3s)
2026-08-10 18:56:37 | INFO | my_functions.py:213 | 
⛔ Not found: claim!.PNG after 3.17s region=(0, 0, 765, 1038) confidence=0.8
2026-08-10 18:56:37 | INFO | each_eight_hours copy 2.py:37 | [18:56:37.688] [DEBUG] No se detectó 'Claim'. Buscando 'check.png' en región (228, 547, 65, 55)...
2026-08-10 18:56:37 | INFO | my_functions.py:169 | Searching check.png (timeout=1s)
2026-08-10 18:56:37 | INFO | my_functions.py:199 | 
✅ Found: check.png pos=(265, 576) time=0.13s confidence=0.8
2026-08-10 18:56:37 | INFO | each_eight_hours copy 2.py:37 | [18:56:37.832] [DEBUG] -> ¡ÉXITO! Crédito detectado por 'check.png'. Reclamado automáticamente por el click previo.
2026-08-10 18:56:37 | INFO | each_eight_hours copy 2.py:37 | [18:56:37.835] [DEBUG] Moviendo el mouse a la posición de scroll (350, 580)...
2026-08-10 18:56:39 | INFO | each_eight_hours copy 2.py:37 | [18:56:39.412] [DEBUG] Alternancia de coordenada X: Cambió de 260 a 470
2026-08-10 18:56:39 | INFO | each_eight_hours copy 2.py:37 | Finished collecting rewards
2026-08-10 18:56:40 | INFO | my_functions.py:141 | Presionando ESC (1/1)
2026-08-10 18:56:41 | INFO | my_functions.py:248 | [DEBUG] Buscando en paralelo: ['nut.png'] | timeout=20s | confidence=0.8
2026-08-10 18:56:42 | INFO | my_functions.py:133 | Haciendo click en la posición (184, 78)
2026-08-10 18:56:43 | INFO | my_functions.py:270 | 🖱️ Click OK (En paralelo): nut.png at (184, 78) delay=1s
2026-08-10 18:56:44 | INFO | my_functions.py:248 | [DEBUG] Buscando en paralelo: ['graphics_quality.png'] | timeout=3s | confidence=0.8
2026-08-10 18:56:45 | INFO | my_functions.py:133 | Haciendo click en la posición (304, 644)
2026-08-10 18:56:45 | INFO | my_functions.py:270 | 🖱️ Click OK (En paralelo): graphics_quality.png at (304, 644) delay=1s
2026-08-10 18:56:48 | INFO | my_functions.py:248 | [DEBUG] Buscando en paralelo: ['sign_out.png'] | timeout=20s | confidence=0.8
2026-08-10 18:56:49 | INFO | my_functions.py:133 | Haciendo click en la posición (380, 796)
2026-08-10 18:56:49 | INFO | my_functions.py:270 | 🖱️ Click OK (En paralelo): sign_out.png at (380, 796) delay=1s
2026-08-10 18:56:51 | INFO | my_functions.py:248 | [DEBUG] Buscando en paralelo: ['sign_out_grande.png'] | timeout=20s | confidence=0.8
2026-08-10 18:56:53 | INFO | my_functions.py:133 | Haciendo click en la posición (359, 437)
2026-08-10 18:56:53 | INFO | my_functions.py:270 | 🖱️ Click OK (En paralelo): sign_out_grande.png at (359, 437) delay=1s
2026-08-10 18:56:55 | INFO | my_functions.py:248 | [DEBUG] Buscando en paralelo: ['sign_out2.png'] | timeout=20s | confidence=0.8
2026-08-10 18:56:56 | INFO | my_functions.py:133 | Haciendo click en la posición (383, 634)
2026-08-10 18:56:56 | INFO | my_functions.py:270 | 🖱️ Click OK (En paralelo): sign_out2.png at (383, 634) delay=1s
2026-08-10 18:56:58 | INFO | my_functions.py:1577 | ⏱ Esperando 0.1 segundos antes de empezar...
2026-08-10 18:56:58 | INFO | my_functions.py:1584 | 🔍 Esperando ventana que contenga alguna de: SNAP (máx 20s)
2026-08-10 18:56:58 | INFO | my_functions.py:1596 | ✅ Ventana encontrada: 'SNAP'
2026-08-10 18:56:58 | INFO | my_functions.py:1611 | ✅ Ventana seleccionada: 'SNAP'
2026-08-10 18:57:00 | INFO | my_functions.py:1634 | 🔁 Reajuste #1...
2026-08-10 18:57:02 | INFO | my_functions.py:1641 | ✔ Verificación completa. Se hicieron 1 reajustes.
2026-08-10 18:57:06 | INFO | each_eight_hours copy 2.py:73 | Processing account: william
2026-08-10 18:57:06 | INFO | my_functions.py:1577 | ⏱ Esperando 0.1 segundos antes de empezar...
2026-08-10 18:57:06 | INFO | my_functions.py:1584 | 🔍 Esperando ventana que contenga alguna de: ['SNAP'] (máx 20s)
2026-08-10 18:57:09 | INFO | my_functions.py:1596 | ✅ Ventana encontrada: 'SNAP'
2026-08-10 18:57:09 | INFO | my_functions.py:1611 | ✅ Ventana seleccionada: 'SNAP'
2026-08-10 18:57:11 | INFO | my_functions.py:1643 | ✔ Verificación completa. No hubo cambios después del primer ajuste.
2026-08-10 18:57:11 | INFO | my_functions.py:1206 | [DEBUG] Resizing SNAP window...
2026-08-10 18:57:11 | INFO | my_functions.py:1577 | ⏱ Esperando 0.1 segundos antes de empezar...
2026-08-10 18:57:11 | INFO | my_functions.py:1584 | 🔍 Esperando ventana que contenga alguna de: ['SNAP'] (máx 20s)
2026-08-10 18:57:11 | INFO | my_functions.py:1596 | ✅ Ventana encontrada: 'SNAP'
2026-08-10 18:57:11 | INFO | my_functions.py:1611 | ✅ Ventana seleccionada: 'SNAP'
2026-08-10 18:57:18 | INFO | my_functions.py:1643 | ✔ Verificación completa. No hubo cambios después del primer ajuste.
2026-08-10 18:57:18 | INFO | my_functions.py:248 | [DEBUG] Buscando en paralelo: ['small_submit.PNG', 'small_submit_hover.png', 'submit_hover_2.png', 'small_submit_hover_2.png'] | timeout=90s | confidence=0.8
2026-08-10 18:57:20 | INFO | my_functions.py:133 | Haciendo click en la posición (380, 642)
2026-08-10 18:57:20 | INFO | my_functions.py:270 | 🖱️ Click OK (En paralelo): small_submit.PNG at (380, 642) delay=0.2s
2026-08-10 18:57:23 | INFO | my_functions.py:248 | [DEBUG] Buscando en paralelo: ['small_submit.PNG', 'small_submit_hover.png', 'submit_hover_2.png', 'small_submit_hover_2.png'] | timeout=20s | confidence=0.8
2026-08-10 18:57:24 | INFO | my_functions.py:133 | Haciendo click en la posición (380, 721)
2026-08-10 18:57:25 | INFO | my_functions.py:270 | 🖱️ Click OK (En paralelo): small_submit.PNG at (380, 721) delay=0.2s
2026-08-10 18:57:26 | INFO | my_functions.py:1577 | ⏱ Esperando 0.1 segundos antes de empezar...
2026-08-10 18:57:26 | INFO | my_functions.py:1584 | 🔍 Esperando ventana que contenga alguna de: ['SNAP'] (máx 20s)
2026-08-10 18:57:26 | INFO | my_functions.py:1596 | ✅ Ventana encontrada: 'SNAP'
2026-08-10 18:57:26 | INFO | my_functions.py:1611 | ✅ Ventana seleccionada: 'SNAP'
2026-08-10 18:57:28 | INFO | my_functions.py:1634 | 🔁 Reajuste #1...
2026-08-10 18:57:29 | INFO | my_functions.py:1641 | ✔ Verificación completa. Se hicieron 1 reajustes.
2026-08-10 18:57:29 | INFO | my_functions.py:169 | Searching please_sign.png (timeout=0s)
2026-08-10 18:57:29 | INFO | my_functions.py:199 | 
✅ Found: please_sign.png pos=(383, 438) time=0.45s confidence=0.8
2026-08-10 18:57:29 | INFO | my_functions.py:248 | [DEBUG] Buscando en paralelo: ['ok_btn.png'] | timeout=20s | confidence=0.8
2026-08-10 18:57:31 | INFO | my_functions.py:133 | Haciendo click en la posición (382, 634)
2026-08-10 18:57:31 | INFO | my_functions.py:270 | 🖱️ Click OK (En paralelo): ok_btn.png at (382, 634) delay=1s
2026-08-10 18:57:32 | INFO | my_functions.py:248 | [DEBUG] Buscando en paralelo: ['small_submit.PNG', 'small_submit_hover.png', 'submit_hover_2.png', 'small_submit_hover_2.png'] | timeout=30s | confidence=0.8
2026-08-10 18:57:35 | INFO | my_functions.py:133 | Haciendo click en la posición (383, 643)
2026-08-10 18:57:35 | INFO | my_functions.py:270 | 🖱️ Click OK (En paralelo): small_submit_hover_2.png at (383, 643) delay=0.2s
2026-08-10 18:57:36 | INFO | my_functions.py:248 | [DEBUG] Buscando en paralelo: ['small_submit.PNG', 'small_submit_hover.png', 'submit_hover_2.png', 'small_submit_hover_2.png'] | timeout=20s | confidence=0.8
2026-08-10 18:57:38 | INFO | my_functions.py:133 | Haciendo click en la posición (380, 721)
2026-08-10 18:57:38 | INFO | my_functions.py:270 | 🖱️ Click OK (En paralelo): small_submit.PNG at (380, 721) delay=0.2s
2026-08-10 18:57:39 | INFO | my_functions.py:248 | [DEBUG] Buscando en paralelo: ['sign_in_with_google2.PNG'] | timeout=20s | confidence=0.8
2026-08-10 18:57:41 | INFO | my_functions.py:133 | Haciendo click en la posición (406, 957)
2026-08-10 18:57:41 | INFO | my_functions.py:270 | 🖱️ Click OK (En paralelo): sign_in_with_google2.PNG at (406, 957) delay=1s
2026-08-10 18:57:42 | INFO | my_functions.py:169 | Searching pagina_cargada.png (timeout=60s)
2026-08-10 18:57:49 | INFO | my_functions.py:199 | 
✅ Found: pagina_cargada.png pos=(70, 24) time=6.59s confidence=0.8
2026-08-10 18:57:51 | INFO | my_functions.py:248 | [DEBUG] Buscando en paralelo: ['william.png'] | timeout=0s | confidence=0.8
2026-08-10 18:57:52 | INFO | my_functions.py:282 | [DEBUG] Click skipped, ninguna de las imágenes se encontró en el intento.
2026-08-10 18:57:53 | INFO | my_functions.py:248 | [DEBUG] Buscando en paralelo: ['william.png'] | timeout=0s | confidence=0.8
2026-08-10 18:57:57 | INFO | my_functions.py:133 | Haciendo click en la posición (1150, 469)
2026-08-10 18:57:58 | INFO | my_functions.py:270 | 🖱️ Click OK (En paralelo): william.png at (1150, 469) delay=3s
2026-08-10 18:58:00 | INFO | my_functions.py:169 | Searching marvelsnap_web.png (timeout=30s)
2026-08-10 18:58:02 | INFO | my_functions.py:199 | 
✅ Found: marvelsnap_web.png pos=(258, 80) time=2.55s confidence=0.7
2026-08-10 18:58:03 | INFO | my_functions.py:169 | Searching shop_unselected.PNG (timeout=0s)
2026-08-10 18:58:03 | INFO | my_functions.py:213 | 
⛔ Not found: shop_unselected.PNG after 0.0s region=(0, 0, 765, 1038) confidence=0.8
2026-08-10 18:58:03 | INFO | my_functions.py:248 | [DEBUG] Buscando en paralelo: ['super_premium.PNG'] | timeout=0s | confidence=0.8
2026-08-10 18:58:04 | INFO | my_functions.py:282 | [DEBUG] Click skipped, ninguna de las imágenes se encontró en el intento.
2026-08-10 18:58:05 | INFO | my_functions.py:248 | [DEBUG] Buscando en paralelo: ['maybe_later.PNG'] | timeout=0s | confidence=0.8
2026-08-10 18:58:06 | INFO | my_functions.py:282 | [DEBUG] Click skipped, ninguna de las imágenes se encontró en el intento.
2026-08-10 18:58:07 | INFO | my_functions.py:248 | [DEBUG] Buscando en paralelo: ['maybe_later2.PNG'] | timeout=0s | confidence=0.8
2026-08-10 18:58:07 | INFO | my_functions.py:282 | [DEBUG] Click skipped, ninguna de las imágenes se encontró en el intento.
2026-08-10 18:58:08 | INFO | my_functions.py:169 | Searching go_to_shop.PNG (timeout=0s)
2026-08-10 18:58:09 | INFO | my_functions.py:213 | 
⛔ Not found: go_to_shop.PNG after 0.0s region=(0, 0, 765, 1038) confidence=0.8
2026-08-10 18:58:09 | INFO | my_functions.py:248 | [DEBUG] Buscando en paralelo: ['14_days_of_winterverse.PNG'] | timeout=0s | confidence=0.8
2026-08-10 18:58:09 | INFO | my_functions.py:282 | [DEBUG] Click skipped, ninguna de las imágenes se encontró en el intento.
2026-08-10 18:58:11 | INFO | my_functions.py:169 | Searching welcome_back_calendar.PNG (timeout=0s)
2026-08-10 18:58:11 | INFO | my_functions.py:213 | 
⛔ Not found: welcome_back_calendar.PNG after 0.0s region=(0, 0, 765, 1038) confidence=0.8
2026-08-10 18:58:11 | INFO | my_functions.py:248 | [DEBUG] Buscando en paralelo: ['start_the_countdown.PNG'] | timeout=0s | confidence=0.8
2026-08-10 18:58:12 | INFO | my_functions.py:282 | [DEBUG] Click skipped, ninguna de las imágenes se encontró en el intento.
2026-08-10 18:58:13 | INFO | my_functions.py:248 | [DEBUG] Buscando en paralelo: ['event_has_ended_sanctum.PNG'] | timeout=0s | confidence=0.8
2026-08-10 18:58:13 | INFO | my_functions.py:282 | [DEBUG] Click skipped, ninguna de las imágenes se encontró en el intento.
2026-08-10 18:58:14 | INFO | my_functions.py:248 | [DEBUG] Buscando en paralelo: ['event_has_ended_teamclash.PNG'] | timeout=0s | confidence=0.8
2026-08-10 18:58:15 | INFO | my_functions.py:282 | [DEBUG] Click skipped, ninguna de las imágenes se encontró en el intento.
2026-08-10 18:58:16 | INFO | my_functions.py:248 | [DEBUG] Buscando en paralelo: ['image_part_of_event_grand_arena_finished.PNG'] | timeout=0s | confidence=0.8
2026-08-10 18:58:17 | INFO | my_functions.py:282 | [DEBUG] Click skipped, ninguna de las imágenes se encontró en el intento.
2026-08-10 18:58:18 | INFO | my_functions.py:169 | Searching 28_day_event_login_rewards.PNG (timeout=0s)
2026-08-10 18:58:18 | INFO | my_functions.py:213 | 
⛔ Not found: 28_day_event_login_rewards.PNG after 0.0s region=(0, 0, 765, 1038) confidence=0.8
2026-08-10 18:58:18 | INFO | my_functions.py:169 | Searching 7_day_event_login.PNG (timeout=0s)
2026-08-10 18:58:19 | INFO | my_functions.py:213 | 
⛔ Not found: 7_day_event_login.PNG after 0.0s region=(0, 0, 765, 1038) confidence=0.8
2026-08-10 18:58:19 | INFO | my_functions.py:169 | Searching 14_days_event.PNG (timeout=0s)
2026-08-10 18:58:19 | INFO | my_functions.py:213 | 
⛔ Not found: 14_days_event.PNG after 0.0s region=(0, 0, 765, 1038) confidence=0.8
2026-08-10 18:58:19 | INFO | my_functions.py:248 | [DEBUG] Buscando en paralelo: ['lets_go.PNG'] | timeout=0s | confidence=0.8
2026-08-10 18:58:20 | INFO | my_functions.py:282 | [DEBUG] Click skipped, ninguna de las imágenes se encontró en el intento.
2026-08-10 18:58:22 | INFO | my_functions.py:169 | Searching shop_unselected.PNG (timeout=0s)
2026-08-10 18:58:23 | INFO | my_functions.py:213 | 
⛔ Not found: shop_unselected.PNG after 0.0s region=(0, 0, 765, 1038) confidence=0.8
2026-08-10 18:58:23 | INFO | my_functions.py:248 | [DEBUG] Buscando en paralelo: ['super_premium.PNG'] | timeout=0s | confidence=0.8
2026-08-10 18:58:24 | INFO | my_functions.py:133 | Haciendo click en la posición (480, 777)
2026-08-10 18:58:24 | INFO | my_functions.py:270 | 🖱️ Click OK (En paralelo): super_premium.PNG at (480, 777) delay=1s
2026-08-10 18:58:25 | INFO | my_functions.py:141 | Presionando ESC (1/1)
2026-08-10 18:58:34 | INFO | my_functions.py:169 | Searching shop_unselected.PNG (timeout=0s)
2026-08-10 18:58:35 | INFO | my_functions.py:199 | 
✅ Found: shop_unselected.PNG pos=(88, 961) time=0.71s confidence=0.8
2026-08-10 18:58:35 | INFO | my_functions.py:714 | Ya esta listo
2026-08-10 18:58:39 | INFO | my_functions.py:169 | Searching play.PNG (timeout=0s)
2026-08-10 18:58:40 | INFO | my_functions.py:199 | 
✅ Found: play.PNG pos=(384, 825) time=0.61s confidence=0.8
2026-08-10 18:58:40 | INFO | my_functions.py:1439 | [INFO] Click realizado donde se equipa el deck a jugar
2026-08-10 18:58:44 | INFO | my_functions.py:248 | [DEBUG] Buscando en paralelo: ['deck_666666.png'] | timeout=3s | confidence=0.8
2026-08-10 18:58:46 | INFO | my_functions.py:133 | Haciendo click en la posición (235, 546)
2026-08-10 18:58:46 | INFO | my_functions.py:270 | 🖱️ Click OK (En paralelo): deck_666666.png at (235, 546) delay=1s
2026-08-10 18:58:47 | INFO | my_functions.py:248 | [DEBUG] Buscando en paralelo: ['equip.png'] | timeout=3s | confidence=0.95
2026-08-10 18:58:49 | INFO | my_functions.py:133 | Haciendo click en la posición (548, 983)
2026-08-10 18:58:49 | INFO | my_functions.py:270 | 🖱️ Click OK (En paralelo): equip.png at (548, 983) delay=1s
2026-08-10 18:58:50 | INFO | each_eight_hours copy 2.py:89 | Deck selected: 6turns
2026-08-10 18:58:50 | INFO | my_functions.py:248 | [DEBUG] Buscando en paralelo: ['maybe_later.PNG'] | timeout=2s | confidence=0.8
2026-08-10 18:58:53 | INFO | my_functions.py:282 | [DEBUG] Click skipped, ninguna de las imágenes se encontró en el intento.
2026-08-10 18:58:54 | INFO | my_functions.py:248 | [DEBUG] Buscando en paralelo: ['maybe_later2.PNG'] | timeout=0.01s | confidence=0.8
2026-08-10 18:58:54 | INFO | my_functions.py:282 | [DEBUG] Click skipped, ninguna de las imágenes se encontró en el intento.
2026-08-10 18:58:55 | INFO | each_eight_hours copy 2.py:95 | Starting game loop 1
2026-08-10 18:58:55 | INFO | my_functions.py:248 | [DEBUG] Buscando en paralelo: ['play.PNG'] | timeout=20s | confidence=0.8
2026-08-10 18:58:59 | INFO | my_functions.py:133 | Haciendo click en la posición (384, 824)
2026-08-10 18:58:59 | INFO | my_functions.py:270 | 🖱️ Click OK (En paralelo): play.PNG at (384, 824) delay=3s
2026-08-10 18:59:04 | INFO | my_functions.py:169 | Searching failed_to_join_game_error.png (timeout=0s)
2026-08-10 18:59:05 | INFO | my_functions.py:213 | 
⛔ Not found: failed_to_join_game_error.png after 0.0s region=(0, 0, 765, 1038) confidence=0.8
2026-08-10 18:59:08 | INFO | my_functions.py:169 | Searching failed_to_join_game_error.png (timeout=0s)
2026-08-10 18:59:09 | INFO | my_functions.py:213 | 
⛔ Not found: failed_to_join_game_error.png after 0.0s region=(0, 0, 765, 1038) confidence=0.8
2026-08-10 18:59:12 | INFO | my_functions.py:169 | Searching failed_to_join_game_error.png (timeout=0s)
2026-08-10 18:59:13 | INFO | my_functions.py:213 | 
⛔ Not found: failed_to_join_game_error.png after 0.0s region=(0, 0, 765, 1038) confidence=0.8
2026-08-10 18:59:14 | INFO | my_functions.py:199 | 
✅ Found: end_turn.PNG pos=(681, 945) time=0.66s confidence=0.8
2026-08-10 18:59:14 | INFO | my_functions.py:248 | [DEBUG] Buscando en paralelo: ['snap.PNG'] | timeout=0s | confidence=0.8
2026-08-10 18:59:16 | INFO | my_functions.py:133 | Haciendo click en la posición (386, 122)
2026-08-10 18:59:16 | INFO | my_functions.py:270 | 🖱️ Click OK (En paralelo): snap.PNG at (386, 122) delay=1s
2026-08-10 18:59:22 | INFO | my_functions.py:248 | [DEBUG] Buscando en paralelo: ['end_turn.PNG'] | timeout=0s | confidence=0.8
2026-08-10 18:59:24 | INFO | my_functions.py:133 | Haciendo click en la posición (682, 946)
2026-08-10 18:59:24 | INFO | my_functions.py:270 | 🖱️ Click OK (En paralelo): end_turn.PNG at (682, 946) delay=1s
2026-08-10 18:59:25 | INFO | each_eight_hours copy 2.py:108 | End turn executed
2026-08-10 18:59:27 | INFO | my_functions.py:169 | Searching failed_to_join_game_error.png (timeout=0s)
2026-08-10 18:59:28 | INFO | my_functions.py:213 | 
⛔ Not found: failed_to_join_game_error.png after 0.0s region=(0, 0, 765, 1038) confidence=0.8
2026-08-10 18:59:31 | INFO | my_functions.py:169 | Searching failed_to_join_game_error.png (timeout=0s)
2026-08-10 18:59:32 | INFO | my_functions.py:213 | 
⛔ Not found: failed_to_join_game_error.png after 0.0s region=(0, 0, 765, 1038) confidence=0.8
2026-08-10 18:59:33 | INFO | my_functions.py:199 | 
✅ Found: end_turn.PNG pos=(681, 945) time=0.68s confidence=0.8
2026-08-10 18:59:33 | INFO | my_functions.py:248 | [DEBUG] Buscando en paralelo: ['snap.PNG'] | timeout=0s | confidence=0.8
2026-08-10 18:59:34 | INFO | my_functions.py:282 | [DEBUG] Click skipped, ninguna de las imágenes se encontró en el intento.
2026-08-10 18:59:40 | INFO | my_functions.py:248 | [DEBUG] Buscando en paralelo: ['end_turn.PNG'] | timeout=0s | confidence=0.8
2026-08-10 18:59:42 | INFO | my_functions.py:133 | Haciendo click en la posición (682, 945)
2026-08-10 18:59:42 | INFO | my_functions.py:270 | 🖱️ Click OK (En paralelo): end_turn.PNG at (682, 945) delay=1s
2026-08-10 18:59:43 | INFO | each_eight_hours copy 2.py:108 | End turn executed
2026-08-10 18:59:45 | INFO | my_functions.py:169 | Searching failed_to_join_game_error.png (timeout=0s)
2026-08-10 18:59:45 | INFO | my_functions.py:213 | 
⛔ Not found: failed_to_join_game_error.png after 0.0s region=(0, 0, 765, 1038) confidence=0.8
2026-08-10 18:59:49 | INFO | my_functions.py:169 | Searching failed_to_join_game_error.png (timeout=0s)
2026-08-10 18:59:49 | INFO | my_functions.py:213 | 
⛔ Not found: failed_to_join_game_error.png after 0.0s region=(0, 0, 765, 1038) confidence=0.8
2026-08-10 18:59:53 | INFO | my_functions.py:169 | Searching failed_to_join_game_error.png (timeout=0s)
2026-08-10 18:59:53 | INFO | my_functions.py:213 | 
⛔ Not found: failed_to_join_game_error.png after 0.0s region=(0, 0, 765, 1038) confidence=0.8
2026-08-10 18:59:56 | INFO | my_functions.py:169 | Searching failed_to_join_game_error.png (timeout=0s)
2026-08-10 18:59:57 | INFO | my_functions.py:213 | 
⛔ Not found: failed_to_join_game_error.png after 0.0s region=(0, 0, 765, 1038) confidence=0.8
2026-08-10 19:00:00 | INFO | my_functions.py:169 | Searching failed_to_join_game_error.png (timeout=0s)
2026-08-10 19:00:01 | INFO | my_functions.py:213 | 
⛔ Not found: failed_to_join_game_error.png after 0.0s region=(0, 0, 765, 1038) confidence=0.8
2026-08-10 19:00:04 | INFO | my_functions.py:169 | Searching failed_to_join_game_error.png (timeout=0s)
2026-08-10 19:00:04 | INFO | my_functions.py:213 | 
⛔ Not found: failed_to_join_game_error.png after 0.0s region=(0, 0, 765, 1038) confidence=0.8
2026-08-10 19:00:06 | INFO | my_functions.py:199 | 
✅ Found: end_turn.PNG pos=(681, 945) time=0.66s confidence=0.8
2026-08-10 19:00:06 | INFO | my_functions.py:248 | [DEBUG] Buscando en paralelo: ['snap.PNG'] | timeout=0s | confidence=0.8
2026-08-10 19:00:07 | INFO | my_functions.py:282 | [DEBUG] Click skipped, ninguna de las imágenes se encontró en el intento.
2026-08-10 19:00:13 | INFO | my_functions.py:248 | [DEBUG] Buscando en paralelo: ['end_turn.PNG'] | timeout=0s | confidence=0.8
2026-08-10 19:00:15 | INFO | my_functions.py:133 | Haciendo click en la posición (682, 945)
2026-08-10 19:00:15 | INFO | my_functions.py:270 | 🖱️ Click OK (En paralelo): end_turn.PNG at (682, 945) delay=1s
2026-08-10 19:00:16 | INFO | each_eight_hours copy 2.py:108 | End turn executed
2026-08-10 19:00:18 | INFO | my_functions.py:169 | Searching failed_to_join_game_error.png (timeout=0s)
2026-08-10 19:00:18 | INFO | my_functions.py:213 | 
⛔ Not found: failed_to_join_game_error.png after 0.0s region=(0, 0, 765, 1038) confidence=0.8
2026-08-10 19:00:22 | INFO | my_functions.py:169 | Searching failed_to_join_game_error.png (timeout=0s)
2026-08-10 19:00:22 | INFO | my_functions.py:213 | 
⛔ Not found: failed_to_join_game_error.png after 0.0s region=(0, 0, 765, 1038) confidence=0.8
2026-08-10 19:00:25 | INFO | my_functions.py:169 | Searching failed_to_join_game_error.png (timeout=0s)
2026-08-10 19:00:26 | INFO | my_functions.py:213 | 
⛔ Not found: failed_to_join_game_error.png after 0.0s region=(0, 0, 765, 1038) confidence=0.8
2026-08-10 19:00:27 | INFO | my_functions.py:199 | 
✅ Found: end_turn.PNG pos=(681, 945) time=0.68s confidence=0.8
2026-08-10 19:00:27 | INFO | my_functions.py:248 | [DEBUG] Buscando en paralelo: ['snap.PNG'] | timeout=0s | confidence=0.8
2026-08-10 19:00:28 | INFO | my_functions.py:282 | [DEBUG] Click skipped, ninguna de las imágenes se encontró en el intento.
2026-08-10 19:00:34 | INFO | my_functions.py:248 | [DEBUG] Buscando en paralelo: ['end_turn.PNG'] | timeout=0s | confidence=0.8
2026-08-10 19:00:36 | INFO | my_functions.py:133 | Haciendo click en la posición (682, 945)
2026-08-10 19:00:36 | INFO | my_functions.py:270 | 🖱️ Click OK (En paralelo): end_turn.PNG at (682, 945) delay=1s
2026-08-10 19:00:37 | INFO | each_eight_hours copy 2.py:108 | End turn executed
2026-08-10 19:00:39 | INFO | my_functions.py:169 | Searching failed_to_join_game_error.png (timeout=0s)
2026-08-10 19:00:40 | INFO | my_functions.py:213 | 
⛔ Not found: failed_to_join_game_error.png after 0.0s region=(0, 0, 765, 1038) confidence=0.8
2026-08-10 19:00:43 | INFO | my_functions.py:169 | Searching failed_to_join_game_error.png (timeout=0s)
2026-08-10 19:00:44 | INFO | my_functions.py:213 | 
⛔ Not found: failed_to_join_game_error.png after 0.0s region=(0, 0, 765, 1038) confidence=0.8
2026-08-10 19:00:47 | INFO | my_functions.py:169 | Searching failed_to_join_game_error.png (timeout=0s)
2026-08-10 19:00:48 | INFO | my_functions.py:213 | 
⛔ Not found: failed_to_join_game_error.png after 0.0s region=(0, 0, 765, 1038) confidence=0.8
2026-08-10 19:00:49 | INFO | my_functions.py:199 | 
✅ Found: end_turn.PNG pos=(681, 945) time=0.7s confidence=0.8
2026-08-10 19:00:49 | INFO | my_functions.py:248 | [DEBUG] Buscando en paralelo: ['snap.PNG'] | timeout=0s | confidence=0.8
2026-08-10 19:00:50 | INFO | my_functions.py:282 | [DEBUG] Click skipped, ninguna de las imágenes se encontró en el intento.
2026-08-10 19:00:57 | INFO | my_functions.py:248 | [DEBUG] Buscando en paralelo: ['end_turn.PNG'] | timeout=0s | confidence=0.8
2026-08-10 19:00:58 | INFO | my_functions.py:133 | Haciendo click en la posición (682, 945)
2026-08-10 19:00:59 | INFO | my_functions.py:270 | 🖱️ Click OK (En paralelo): end_turn.PNG at (682, 945) delay=1s
2026-08-10 19:01:00 | INFO | each_eight_hours copy 2.py:108 | End turn executed
2026-08-10 19:01:02 | INFO | my_functions.py:169 | Searching failed_to_join_game_error.png (timeout=0s)
2026-08-10 19:01:02 | INFO | my_functions.py:213 | 
⛔ Not found: failed_to_join_game_error.png after 0.0s region=(0, 0, 765, 1038) confidence=0.8
2026-08-10 19:01:06 | INFO | my_functions.py:169 | Searching failed_to_join_game_error.png (timeout=0s)
2026-08-10 19:01:06 | INFO | my_functions.py:213 | 
⛔ Not found: failed_to_join_game_error.png after 0.0s region=(0, 0, 765, 1038) confidence=0.8
2026-08-10 19:01:09 | INFO | my_functions.py:169 | Searching failed_to_join_game_error.png (timeout=0s)
2026-08-10 19:01:10 | INFO | my_functions.py:213 | 
⛔ Not found: failed_to_join_game_error.png after 0.0s region=(0, 0, 765, 1038) confidence=0.8
2026-08-10 19:01:11 | INFO | my_functions.py:199 | 
✅ Found: end_turn.PNG pos=(681, 945) time=0.65s confidence=0.8
2026-08-10 19:01:11 | INFO | my_functions.py:248 | [DEBUG] Buscando en paralelo: ['snap.PNG'] | timeout=0s | confidence=0.8
2026-08-10 19:01:12 | INFO | my_functions.py:282 | [DEBUG] Click skipped, ninguna de las imágenes se encontró en el intento.
2026-08-10 19:01:18 | INFO | my_functions.py:248 | [DEBUG] Buscando en paralelo: ['end_turn.PNG'] | timeout=0s | confidence=0.8
2026-08-10 19:01:20 | INFO | my_functions.py:133 | Haciendo click en la posición (682, 945)
2026-08-10 19:01:20 | INFO | my_functions.py:270 | 🖱️ Click OK (En paralelo): end_turn.PNG at (682, 945) delay=1s
2026-08-10 19:01:21 | INFO | each_eight_hours copy 2.py:108 | End turn executed
2026-08-10 19:01:23 | INFO | my_functions.py:169 | Searching failed_to_join_game_error.png (timeout=0s)
2026-08-10 19:01:24 | INFO | my_functions.py:213 | 
⛔ Not found: failed_to_join_game_error.png after 0.0s region=(0, 0, 765, 1038) confidence=0.8
2026-08-10 19:01:27 | INFO | my_functions.py:169 | Searching failed_to_join_game_error.png (timeout=0s)
2026-08-10 19:01:27 | INFO | my_functions.py:213 | 
⛔ Not found: failed_to_join_game_error.png after 0.0s region=(0, 0, 765, 1038) confidence=0.8
2026-08-10 19:01:31 | INFO | my_functions.py:169 | Searching failed_to_join_game_error.png (timeout=0s)
2026-08-10 19:01:31 | INFO | my_functions.py:213 | 
⛔ Not found: failed_to_join_game_error.png after 0.48s region=(0, 0, 765, 1038) confidence=0.8
2026-08-10 19:01:35 | INFO | my_functions.py:169 | Searching failed_to_join_game_error.png (timeout=0s)
2026-08-10 19:01:36 | INFO | my_functions.py:213 | 
⛔ Not found: failed_to_join_game_error.png after 0.46s region=(0, 0, 765, 1038) confidence=0.8
2026-08-10 19:01:39 | INFO | my_functions.py:169 | Searching failed_to_join_game_error.png (timeout=0s)
2026-08-10 19:01:40 | INFO | my_functions.py:213 | 
⛔ Not found: failed_to_join_game_error.png after 0.0s region=(0, 0, 765, 1038) confidence=0.8
2026-08-10 19:01:43 | INFO | my_functions.py:169 | Searching failed_to_join_game_error.png (timeout=0s)
2026-08-10 19:01:44 | INFO | my_functions.py:213 | 
⛔ Not found: failed_to_join_game_error.png after 0.0s region=(0, 0, 765, 1038) confidence=0.8
2026-08-10 19:01:47 | INFO | my_functions.py:169 | Searching failed_to_join_game_error.png (timeout=0s)
2026-08-10 19:01:48 | INFO | my_functions.py:213 | 
⛔ Not found: failed_to_join_game_error.png after 0.53s region=(0, 0, 765, 1038) confidence=0.8
2026-08-10 19:01:52 | INFO | my_functions.py:169 | Searching failed_to_join_game_error.png (timeout=0s)
2026-08-10 19:01:52 | INFO | my_functions.py:213 | 
⛔ Not found: failed_to_join_game_error.png after 0.0s region=(0, 0, 765, 1038) confidence=0.8
2026-08-10 19:01:53 | INFO | my_functions.py:199 | 
✅ Found: collect_rewards.PNG pos=(679, 957) time=0.89s confidence=0.8
2026-08-10 19:01:53 | INFO | each_eight_hours copy 2.py:138 | Rewards detected, exiting match. Game duration: 177.91 s
2026-08-10 19:01:53 | INFO | my_functions.py:248 | [DEBUG] Buscando en paralelo: ['collect_rewards.PNG'] | timeout=20s | confidence=0.8
2026-08-10 19:01:55 | INFO | my_functions.py:133 | Haciendo click en la posición (679, 957)
2026-08-10 19:01:56 | INFO | my_functions.py:270 | 🖱️ Click OK (En paralelo): collect_rewards.PNG at (679, 957) delay=1s
2026-08-10 19:01:57 | INFO | my_functions.py:248 | [DEBUG] Buscando en paralelo: ['next.PNG'] | timeout=20s | confidence=0.8
2026-08-10 19:02:04 | INFO | my_functions.py:133 | Haciendo click en la posición (677, 973)
2026-08-10 19:02:04 | INFO | my_functions.py:270 | 🖱️ Click OK (En paralelo): next.PNG at (677, 973) delay=1s
2026-08-10 19:02:07 | INFO | my_functions.py:169 | Searching hyper_cube.png (timeout=5s)
2026-08-10 19:02:13 | INFO | my_functions.py:213 | 
⛔ Not found: hyper_cube.png after 5.4s region=(0, 0, 765, 1038) confidence=0.8
2026-08-10 19:02:13 | INFO | each_eight_hours copy 2.py:95 | Starting game loop 2
2026-08-10 19:02:13 | INFO | my_functions.py:248 | [DEBUG] Buscando en paralelo: ['play.PNG'] | timeout=20s | confidence=0.8
2026-08-10 19:02:17 | INFO | my_functions.py:133 | Haciendo click en la posición (384, 824)
2026-08-10 19:02:17 | INFO | my_functions.py:270 | 🖱️ Click OK (En paralelo): play.PNG at (384, 824) delay=3s
2026-08-10 19:02:21 | INFO | my_functions.py:169 | Searching failed_to_join_game_error.png (timeout=0s)
2026-08-10 19:02:22 | INFO | my_functions.py:213 | 
⛔ Not found: failed_to_join_game_error.png after 0.0s region=(0, 0, 765, 1038) confidence=0.8
2026-08-10 19:02:25 | INFO | my_functions.py:169 | Searching failed_to_join_game_error.png (timeout=0s)
2026-08-10 19:02:26 | INFO | my_functions.py:213 | 
⛔ Not found: failed_to_join_game_error.png after 0.0s region=(0, 0, 765, 1038) confidence=0.8
2026-08-10 19:02:29 | INFO | my_functions.py:169 | Searching failed_to_join_game_error.png (timeout=0s)
2026-08-10 19:02:30 | INFO | my_functions.py:213 | 
⛔ Not found: failed_to_join_game_error.png after 0.0s region=(0, 0, 765, 1038) confidence=0.8
2026-08-10 19:02:33 | INFO | my_functions.py:169 | Searching failed_to_join_game_error.png (timeout=0s)
2026-08-10 19:02:33 | INFO | my_functions.py:213 | 
⛔ Not found: failed_to_join_game_error.png after 0.0s region=(0, 0, 765, 1038) confidence=0.8
2026-08-10 19:02:35 | INFO | my_functions.py:199 | 
✅ Found: end_turn.PNG pos=(681, 945) time=0.67s confidence=0.8
2026-08-10 19:02:35 | INFO | my_functions.py:248 | [DEBUG] Buscando en paralelo: ['snap.PNG'] | timeout=0s | confidence=0.8
2026-08-10 19:02:37 | INFO | my_functions.py:133 | Haciendo click en la posición (386, 123)
2026-08-10 19:02:37 | INFO | my_functions.py:270 | 🖱️ Click OK (En paralelo): snap.PNG at (386, 123) delay=1s
2026-08-10 19:02:43 | INFO | my_functions.py:248 | [DEBUG] Buscando en paralelo: ['end_turn.PNG'] | timeout=0s | confidence=0.8
2026-08-10 19:02:45 | INFO | my_functions.py:133 | Haciendo click en la posición (682, 946)
2026-08-10 19:02:45 | INFO | my_functions.py:270 | 🖱️ Click OK (En paralelo): end_turn.PNG at (682, 946) delay=1s
2026-08-10 19:02:46 | INFO | each_eight_hours copy 2.py:108 | End turn executed
2026-08-10 19:02:48 | INFO | my_functions.py:169 | Searching failed_to_join_game_error.png (timeout=0s)
2026-08-10 19:02:48 | INFO | my_functions.py:213 | 
⛔ Not found: failed_to_join_game_error.png after 0.0s region=(0, 0, 765, 1038) confidence=0.8
2026-08-10 19:02:52 | INFO | my_functions.py:169 | Searching failed_to_join_game_error.png (timeout=0s)
2026-08-10 19:02:52 | INFO | my_functions.py:213 | 
⛔ Not found: failed_to_join_game_error.png after 0.0s region=(0, 0, 765, 1038) confidence=0.8
2026-08-10 19:02:55 | INFO | my_functions.py:169 | Searching failed_to_join_game_error.png (timeout=0s)
2026-08-10 19:02:56 | INFO | my_functions.py:213 | 
⛔ Not found: failed_to_join_game_error.png after 0.0s region=(0, 0, 765, 1038) confidence=0.8
2026-08-10 19:02:59 | INFO | my_functions.py:169 | Searching failed_to_join_game_error.png (timeout=0s)
2026-08-10 19:03:00 | INFO | my_functions.py:213 | 
⛔ Not found: failed_to_join_game_error.png after 0.0s region=(0, 0, 765, 1038) confidence=0.8
2026-08-10 19:03:01 | INFO | my_functions.py:199 | 
✅ Found: end_turn.PNG pos=(681, 945) time=0.64s confidence=0.8
2026-08-10 19:03:01 | INFO | my_functions.py:248 | [DEBUG] Buscando en paralelo: ['snap.PNG'] | timeout=0s | confidence=0.8
2026-08-10 19:03:02 | INFO | my_functions.py:282 | [DEBUG] Click skipped, ninguna de las imágenes se encontró en el intento.
2026-08-10 19:03:08 | INFO | my_functions.py:248 | [DEBUG] Buscando en paralelo: ['end_turn.PNG'] | timeout=0s | confidence=0.8
2026-08-10 19:03:10 | INFO | my_functions.py:133 | Haciendo click en la posición (682, 946)
2026-08-10 19:03:10 | INFO | my_functions.py:270 | 🖱️ Click OK (En paralelo): end_turn.PNG at (682, 946) delay=1s
2026-08-10 19:03:11 | INFO | each_eight_hours copy 2.py:108 | End turn executed
2026-08-10 19:03:13 | INFO | my_functions.py:169 | Searching failed_to_join_game_error.png (timeout=0s)
2026-08-10 19:03:13 | INFO | my_functions.py:213 | 
⛔ Not found: failed_to_join_game_error.png after 0.0s region=(0, 0, 765, 1038) confidence=0.8
2026-08-10 19:03:16 | INFO | my_functions.py:169 | Searching failed_to_join_game_error.png (timeout=0s)
2026-08-10 19:03:17 | INFO | my_functions.py:213 | 
⛔ Not found: failed_to_join_game_error.png after 0.0s region=(0, 0, 765, 1038) confidence=0.8
2026-08-10 19:03:20 | INFO | my_functions.py:169 | Searching failed_to_join_game_error.png (timeout=0s)
2026-08-10 19:03:21 | INFO | my_functions.py:213 | 
⛔ Not found: failed_to_join_game_error.png after 0.0s region=(0, 0, 765, 1038) confidence=0.8
2026-08-10 19:03:24 | INFO | my_functions.py:169 | Searching failed_to_join_game_error.png (timeout=0s)
2026-08-10 19:03:24 | INFO | my_functions.py:213 | 
⛔ Not found: failed_to_join_game_error.png after 0.0s region=(0, 0, 765, 1038) confidence=0.8
2026-08-10 19:03:28 | INFO | my_functions.py:169 | Searching failed_to_join_game_error.png (timeout=0s)
2026-08-10 19:03:28 | INFO | my_functions.py:213 | 
⛔ Not found: failed_to_join_game_error.png after 0.0s region=(0, 0, 765, 1038) confidence=0.8
2026-08-10 19:03:31 | INFO | my_functions.py:169 | Searching failed_to_join_game_error.png (timeout=0s)
2026-08-10 19:03:32 | INFO | my_functions.py:213 | 
⛔ Not found: failed_to_join_game_error.png after 0.0s region=(0, 0, 765, 1038) confidence=0.8
2026-08-10 19:03:33 | INFO | my_functions.py:199 | 
✅ Found: end_turn.PNG pos=(681, 945) time=0.67s confidence=0.8
2026-08-10 19:03:33 | INFO | my_functions.py:248 | [DEBUG] Buscando en paralelo: ['snap.PNG'] | timeout=0s | confidence=0.8
2026-08-10 19:03:34 | INFO | my_functions.py:282 | [DEBUG] Click skipped, ninguna de las imágenes se encontró en el intento.
2026-08-10 19:03:40 | INFO | my_functions.py:248 | [DEBUG] Buscando en paralelo: ['end_turn.PNG'] | timeout=0s | confidence=0.8
2026-08-10 19:03:42 | INFO | my_functions.py:133 | Haciendo click en la posición (682, 945)
2026-08-10 19:03:42 | INFO | my_functions.py:270 | 🖱️ Click OK (En paralelo): end_turn.PNG at (682, 945) delay=1s
2026-08-10 19:03:43 | INFO | each_eight_hours copy 2.py:108 | End turn executed
2026-08-10 19:03:45 | INFO | my_functions.py:169 | Searching failed_to_join_game_error.png (timeout=0s)
2026-08-10 19:03:45 | INFO | my_functions.py:213 | 
⛔ Not found: failed_to_join_game_error.png after 0.0s region=(0, 0, 765, 1038) confidence=0.8
2026-08-10 19:03:49 | INFO | my_functions.py:169 | Searching failed_to_join_game_error.png (timeout=0s)
2026-08-10 19:03:49 | INFO | my_functions.py:213 | 
⛔ Not found: failed_to_join_game_error.png after 0.0s region=(0, 0, 765, 1038) confidence=0.8
2026-08-10 19:03:52 | INFO | my_functions.py:169 | Searching failed_to_join_game_error.png (timeout=0s)
2026-08-10 19:03:53 | INFO | my_functions.py:213 | 
⛔ Not found: failed_to_join_game_error.png after 0.0s region=(0, 0, 765, 1038) confidence=0.8
2026-08-10 19:03:56 | INFO | my_functions.py:169 | Searching failed_to_join_game_error.png (timeout=0s)
2026-08-10 19:03:57 | INFO | my_functions.py:213 | 
⛔ Not found: failed_to_join_game_error.png after 0.0s region=(0, 0, 765, 1038) confidence=0.8
2026-08-10 19:03:58 | INFO | my_functions.py:199 | 
✅ Found: end_turn.PNG pos=(681, 945) time=0.66s confidence=0.8
2026-08-10 19:03:58 | INFO | my_functions.py:248 | [DEBUG] Buscando en paralelo: ['snap.PNG'] | timeout=0s | confidence=0.8
2026-08-10 19:03:59 | INFO | my_functions.py:282 | [DEBUG] Click skipped, ninguna de las imágenes se encontró en el intento.
2026-08-10 19:04:05 | INFO | my_functions.py:248 | [DEBUG] Buscando en paralelo: ['end_turn.PNG'] | timeout=0s | confidence=0.8
2026-08-10 19:04:07 | INFO | my_functions.py:133 | Haciendo click en la posición (682, 945)
2026-08-10 19:04:07 | INFO | my_functions.py:270 | 🖱️ Click OK (En paralelo): end_turn.PNG at (682, 945) delay=1s
2026-08-10 19:04:08 | INFO | each_eight_hours copy 2.py:108 | End turn executed
2026-08-10 19:04:10 | INFO | my_functions.py:169 | Searching failed_to_join_game_error.png (timeout=0s)
2026-08-10 19:04:10 | INFO | my_functions.py:213 | 
⛔ Not found: failed_to_join_game_error.png after 0.0s region=(0, 0, 765, 1038) confidence=0.8
2026-08-10 19:04:14 | INFO | my_functions.py:169 | Searching failed_to_join_game_error.png (timeout=0s)
2026-08-10 19:04:14 | INFO | my_functions.py:213 | 
⛔ Not found: failed_to_join_game_error.png after 0.0s region=(0, 0, 765, 1038) confidence=0.8
2026-08-10 19:04:18 | INFO | my_functions.py:169 | Searching failed_to_join_game_error.png (timeout=0s)
2026-08-10 19:04:18 | INFO | my_functions.py:213 | 
⛔ Not found: failed_to_join_game_error.png after 0.0s region=(0, 0, 765, 1038) confidence=0.8
2026-08-10 19:04:22 | INFO | my_functions.py:169 | Searching failed_to_join_game_error.png (timeout=0s)
2026-08-10 19:04:22 | INFO | my_functions.py:213 | 
⛔ Not found: failed_to_join_game_error.png after 0.0s region=(0, 0, 765, 1038) confidence=0.8
2026-08-10 19:04:25 | INFO | my_functions.py:169 | Searching failed_to_join_game_error.png (timeout=0s)
2026-08-10 19:04:26 | INFO | my_functions.py:213 | 
⛔ Not found: failed_to_join_game_error.png after 0.0s region=(0, 0, 765, 1038) confidence=0.8
2026-08-10 19:04:27 | INFO | my_functions.py:199 | 
✅ Found: end_turn.PNG pos=(681, 945) time=0.68s confidence=0.8
2026-08-10 19:04:27 | INFO | my_functions.py:248 | [DEBUG] Buscando en paralelo: ['snap.PNG'] | timeout=0s | confidence=0.8
2026-08-10 19:04:28 | INFO | my_functions.py:282 | [DEBUG] Click skipped, ninguna de las imágenes se encontró en el intento.
2026-08-10 19:04:34 | INFO | my_functions.py:248 | [DEBUG] Buscando en paralelo: ['end_turn.PNG'] | timeout=0s | confidence=0.8
2026-08-10 19:04:36 | INFO | my_functions.py:133 | Haciendo click en la posición (682, 945)
2026-08-10 19:04:36 | INFO | my_functions.py:270 | 🖱️ Click OK (En paralelo): end_turn.PNG at (682, 945) delay=1s
2026-08-10 19:04:37 | INFO | each_eight_hours copy 2.py:108 | End turn executed
2026-08-10 19:04:39 | INFO | my_functions.py:169 | Searching failed_to_join_game_error.png (timeout=0s)
2026-08-10 19:04:39 | INFO | my_functions.py:213 | 
⛔ Not found: failed_to_join_game_error.png after 0.0s region=(0, 0, 765, 1038) confidence=0.8
2026-08-10 19:04:43 | INFO | my_functions.py:169 | Searching failed_to_join_game_error.png (timeout=0s)
2026-08-10 19:04:43 | INFO | my_functions.py:213 | 
⛔ Not found: failed_to_join_game_error.png after 0.0s region=(0, 0, 765, 1038) confidence=0.8
2026-08-10 19:04:46 | INFO | my_functions.py:169 | Searching failed_to_join_game_error.png (timeout=0s)
2026-08-10 19:04:47 | INFO | my_functions.py:213 | 
⛔ Not found: failed_to_join_game_error.png after 0.0s region=(0, 0, 765, 1038) confidence=0.8
2026-08-10 19:04:50 | INFO | my_functions.py:169 | Searching failed_to_join_game_error.png (timeout=0s)
2026-08-10 19:04:51 | INFO | my_functions.py:213 | 
⛔ Not found: failed_to_join_game_error.png after 0.0s region=(0, 0, 765, 1038) confidence=0.8
2026-08-10 19:04:54 | INFO | my_functions.py:169 | Searching failed_to_join_game_error.png (timeout=0s)
2026-08-10 19:04:54 | INFO | my_functions.py:213 | 
⛔ Not found: failed_to_join_game_error.png after 0.0s region=(0, 0, 765, 1038) confidence=0.8
2026-08-10 19:04:58 | INFO | my_functions.py:169 | Searching failed_to_join_game_error.png (timeout=0s)
2026-08-10 19:04:58 | INFO | my_functions.py:213 | 
⛔ Not found: failed_to_join_game_error.png after 0.0s region=(0, 0, 765, 1038) confidence=0.8
2026-08-10 19:05:00 | INFO | my_functions.py:199 | 
✅ Found: end_turn.PNG pos=(681, 945) time=0.68s confidence=0.8
2026-08-10 19:05:00 | INFO | my_functions.py:248 | [DEBUG] Buscando en paralelo: ['snap.PNG'] | timeout=0s | confidence=0.8
2026-08-10 19:05:00 | INFO | my_functions.py:282 | [DEBUG] Click skipped, ninguna de las imágenes se encontró en el intento.
2026-08-10 19:05:07 | INFO | my_functions.py:248 | [DEBUG] Buscando en paralelo: ['end_turn.PNG'] | timeout=0s | confidence=0.8
2026-08-10 19:05:08 | INFO | my_functions.py:133 | Haciendo click en la posición (682, 945)
2026-08-10 19:05:08 | INFO | my_functions.py:270 | 🖱️ Click OK (En paralelo): end_turn.PNG at (682, 945) delay=1s
2026-08-10 19:05:10 | INFO | each_eight_hours copy 2.py:108 | End turn executed
2026-08-10 19:05:11 | INFO | my_functions.py:169 | Searching failed_to_join_game_error.png (timeout=0s)
2026-08-10 19:05:12 | INFO | my_functions.py:213 | 
⛔ Not found: failed_to_join_game_error.png after 0.0s region=(0, 0, 765, 1038) confidence=0.8
2026-08-10 19:05:15 | INFO | my_functions.py:169 | Searching failed_to_join_game_error.png (timeout=0s)
2026-08-10 19:05:16 | INFO | my_functions.py:213 | 
⛔ Not found: failed_to_join_game_error.png after 0.0s region=(0, 0, 765, 1038) confidence=0.8
2026-08-10 19:05:16 | INFO | my_functions.py:199 | 
✅ Found: collect_rewards.PNG pos=(679, 957) time=0.78s confidence=0.8
2026-08-10 19:05:16 | INFO | each_eight_hours copy 2.py:138 | Rewards detected, exiting match. Game duration: 183.49 s
2026-08-10 19:05:16 | INFO | my_functions.py:248 | [DEBUG] Buscando en paralelo: ['collect_rewards.PNG'] | timeout=20s | confidence=0.8
2026-08-10 19:05:18 | INFO | my_functions.py:133 | Haciendo click en la posición (679, 957)
2026-08-10 19:05:18 | INFO | my_functions.py:270 | 🖱️ Click OK (En paralelo): collect_rewards.PNG at (679, 957) delay=1s
2026-08-10 19:05:20 | INFO | my_functions.py:248 | [DEBUG] Buscando en paralelo: ['next.PNG'] | timeout=20s | confidence=0.8
2026-08-10 19:05:26 | INFO | my_functions.py:133 | Haciendo click en la posición (677, 973)
2026-08-10 19:05:26 | INFO | my_functions.py:270 | 🖱️ Click OK (En paralelo): next.PNG at (677, 973) delay=1s
2026-08-10 19:05:29 | INFO | my_functions.py:169 | Searching hyper_cube.png (timeout=5s)
2026-08-10 19:05:35 | INFO | my_functions.py:213 | 
⛔ Not found: hyper_cube.png after 5.4s region=(0, 0, 765, 1038) confidence=0.8
2026-08-10 19:05:35 | INFO | each_eight_hours copy 2.py:95 | Starting game loop 3
2026-08-10 19:05:35 | INFO | my_functions.py:248 | [DEBUG] Buscando en paralelo: ['play.PNG'] | timeout=20s | confidence=0.8
2026-08-10 19:05:38 | INFO | my_functions.py:133 | Haciendo click en la posición (384, 824)
2026-08-10 19:05:39 | INFO | my_functions.py:270 | 🖱️ Click OK (En paralelo): play.PNG at (384, 824) delay=3s
2026-08-10 19:05:43 | INFO | my_functions.py:169 | Searching failed_to_join_game_error.png (timeout=0s)
2026-08-10 19:05:44 | INFO | my_functions.py:213 | 
⛔ Not found: failed_to_join_game_error.png after 0.0s region=(0, 0, 765, 1038) confidence=0.8
2026-08-10 19:05:47 | INFO | my_functions.py:169 | Searching failed_to_join_game_error.png (timeout=0s)
2026-08-10 19:05:47 | INFO | my_functions.py:213 | 
⛔ Not found: failed_to_join_game_error.png after 0.0s region=(0, 0, 765, 1038) confidence=0.8
2026-08-10 19:05:51 | INFO | my_functions.py:169 | Searching failed_to_join_game_error.png (timeout=0s)
2026-08-10 19:05:51 | INFO | my_functions.py:213 | 
⛔ Not found: failed_to_join_game_error.png after 0.0s region=(0, 0, 765, 1038) confidence=0.8
2026-08-10 19:05:55 | INFO | my_functions.py:169 | Searching failed_to_join_game_error.png (timeout=0s)
2026-08-10 19:05:55 | INFO | my_functions.py:213 | 
⛔ Not found: failed_to_join_game_error.png after 0.0s region=(0, 0, 765, 1038) confidence=0.8
2026-08-10 19:05:58 | INFO | my_functions.py:169 | Searching failed_to_join_game_error.png (timeout=0s)
2026-08-10 19:05:59 | INFO | my_functions.py:213 | 
⛔ Not found: failed_to_join_game_error.png after 0.0s region=(0, 0, 765, 1038) confidence=0.8
2026-08-10 19:06:02 | INFO | my_functions.py:169 | Searching failed_to_join_game_error.png (timeout=0s)
2026-08-10 19:06:03 | INFO | my_functions.py:213 | 
⛔ Not found: failed_to_join_game_error.png after 0.0s region=(0, 0, 765, 1038) confidence=0.8
2026-08-10 19:06:04 | INFO | my_functions.py:199 | 
✅ Found: end_turn.PNG pos=(681, 945) time=0.65s confidence=0.8
2026-08-10 19:06:04 | INFO | my_functions.py:248 | [DEBUG] Buscando en paralelo: ['snap.PNG'] | timeout=0s | confidence=0.8
2026-08-10 19:06:06 | INFO | my_functions.py:133 | Haciendo click en la posición (386, 123)
2026-08-10 19:06:06 | INFO | my_functions.py:270 | 🖱️ Click OK (En paralelo): snap.PNG at (386, 123) delay=1s
2026-08-10 19:06:12 | INFO | my_functions.py:248 | [DEBUG] Buscando en paralelo: ['end_turn.PNG'] | timeout=0s | confidence=0.8
2026-08-10 19:06:14 | INFO | my_functions.py:133 | Haciendo click en la posición (682, 946)
2026-08-10 19:06:14 | INFO | my_functions.py:270 | 🖱️ Click OK (En paralelo): end_turn.PNG at (682, 946) delay=1s
2026-08-10 19:06:15 | INFO | each_eight_hours copy 2.py:108 | End turn executed
2026-08-10 19:06:17 | INFO | my_functions.py:169 | Searching failed_to_join_game_error.png (timeout=0s)
2026-08-10 19:06:18 | INFO | my_functions.py:213 | 
⛔ Not found: failed_to_join_game_error.png after 0.0s region=(0, 0, 765, 1038) confidence=0.8
2026-08-10 19:06:21 | INFO | my_functions.py:169 | Searching failed_to_join_game_error.png (timeout=0s)
2026-08-10 19:06:21 | INFO | my_functions.py:213 | 
⛔ Not found: failed_to_join_game_error.png after 0.0s region=(0, 0, 765, 1038) confidence=0.8
2026-08-10 19:06:25 | INFO | my_functions.py:169 | Searching failed_to_join_game_error.png (timeout=0s)
2026-08-10 19:06:25 | INFO | my_functions.py:213 | 
⛔ Not found: failed_to_join_game_error.png after 0.0s region=(0, 0, 765, 1038) confidence=0.8
2026-08-10 19:06:29 | INFO | my_functions.py:169 | Searching failed_to_join_game_error.png (timeout=0s)
2026-08-10 19:06:29 | INFO | my_functions.py:213 | 
⛔ Not found: failed_to_join_game_error.png after 0.0s region=(0, 0, 765, 1038) confidence=0.8
2026-08-10 19:06:32 | INFO | my_functions.py:169 | Searching failed_to_join_game_error.png (timeout=0s)
2026-08-10 19:06:33 | INFO | my_functions.py:213 | 
⛔ Not found: failed_to_join_game_error.png after 0.0s region=(0, 0, 765, 1038) confidence=0.8
2026-08-10 19:06:36 | INFO | my_functions.py:169 | Searching failed_to_join_game_error.png (timeout=0s)
2026-08-10 19:06:36 | INFO | my_functions.py:213 | 
⛔ Not found: failed_to_join_game_error.png after 0.0s region=(0, 0, 765, 1038) confidence=0.8
2026-08-10 19:06:38 | INFO | my_functions.py:199 | 
✅ Found: end_turn.PNG pos=(681, 945) time=0.67s confidence=0.8
2026-08-10 19:06:38 | INFO | my_functions.py:248 | [DEBUG] Buscando en paralelo: ['snap.PNG'] | timeout=0s | confidence=0.8
2026-08-10 19:06:39 | INFO | my_functions.py:282 | [DEBUG] Click skipped, ninguna de las imágenes se encontró en el intento.
2026-08-10 19:06:45 | INFO | my_functions.py:248 | [DEBUG] Buscando en paralelo: ['end_turn.PNG'] | timeout=0s | confidence=0.8
2026-08-10 19:06:47 | INFO | my_functions.py:133 | Haciendo click en la posición (682, 946)
2026-08-10 19:06:47 | INFO | my_functions.py:270 | 🖱️ Click OK (En paralelo): end_turn.PNG at (682, 946) delay=1s
2026-08-10 19:06:48 | INFO | each_eight_hours copy 2.py:108 | End turn executed
2026-08-10 19:06:50 | INFO | my_functions.py:169 | Searching failed_to_join_game_error.png (timeout=0s)
2026-08-10 19:06:50 | INFO | my_functions.py:213 | 
⛔ Not found: failed_to_join_game_error.png after 0.0s region=(0, 0, 765, 1038) confidence=0.8
2026-08-10 19:06:54 | INFO | my_functions.py:169 | Searching failed_to_join_game_error.png (timeout=0s)
2026-08-10 19:06:54 | INFO | my_functions.py:213 | 
⛔ Not found: failed_to_join_game_error.png after 0.0s region=(0, 0, 765, 1038) confidence=0.8
2026-08-10 19:06:57 | INFO | my_functions.py:169 | Searching failed_to_join_game_error.png (timeout=0s)
2026-08-10 19:06:58 | INFO | my_functions.py:213 | 
⛔ Not found: failed_to_join_game_error.png after 0.0s region=(0, 0, 765, 1038) confidence=0.8
2026-08-10 19:06:59 | INFO | my_functions.py:199 | 
✅ Found: end_turn.PNG pos=(681, 945) time=0.66s confidence=0.8
2026-08-10 19:06:59 | INFO | my_functions.py:248 | [DEBUG] Buscando en paralelo: ['snap.PNG'] | timeout=0s | confidence=0.8
2026-08-10 19:07:00 | INFO | my_functions.py:282 | [DEBUG] Click skipped, ninguna de las imágenes se encontró en el intento.
2026-08-10 19:07:06 | INFO | my_functions.py:248 | [DEBUG] Buscando en paralelo: ['end_turn.PNG'] | timeout=0s | confidence=0.8
2026-08-10 19:07:08 | INFO | my_functions.py:133 | Haciendo click en la posición (682, 945)
2026-08-10 19:07:08 | INFO | my_functions.py:270 | 🖱️ Click OK (En paralelo): end_turn.PNG at (682, 945) delay=1s
2026-08-10 19:07:09 | INFO | each_eight_hours copy 2.py:108 | End turn executed
2026-08-10 19:07:11 | INFO | my_functions.py:169 | Searching failed_to_join_game_error.png (timeout=0s)
2026-08-10 19:07:11 | INFO | my_functions.py:213 | 
⛔ Not found: failed_to_join_game_error.png after 0.0s region=(0, 0, 765, 1038) confidence=0.8
2026-08-10 19:07:15 | INFO | my_functions.py:169 | Searching failed_to_join_game_error.png (timeout=0s)
2026-08-10 19:07:15 | INFO | my_functions.py:213 | 
⛔ Not found: failed_to_join_game_error.png after 0.0s region=(0, 0, 765, 1038) confidence=0.8
2026-08-10 19:07:18 | INFO | my_functions.py:169 | Searching failed_to_join_game_error.png (timeout=0s)
2026-08-10 19:07:19 | INFO | my_functions.py:213 | 
⛔ Not found: failed_to_join_game_error.png after 0.0s region=(0, 0, 765, 1038) confidence=0.8
2026-08-10 19:07:22 | INFO | my_functions.py:169 | Searching failed_to_join_game_error.png (timeout=0s)
2026-08-10 19:07:23 | INFO | my_functions.py:213 | 
⛔ Not found: failed_to_join_game_error.png after 0.0s region=(0, 0, 765, 1038) confidence=0.8
2026-08-10 19:07:26 | INFO | my_functions.py:169 | Searching failed_to_join_game_error.png (timeout=0s)
2026-08-10 19:07:26 | INFO | my_functions.py:213 | 
⛔ Not found: failed_to_join_game_error.png after 0.0s region=(0, 0, 765, 1038) confidence=0.8
2026-08-10 19:07:28 | INFO | my_functions.py:199 | 
✅ Found: end_turn.PNG pos=(681, 945) time=0.67s confidence=0.8
2026-08-10 19:07:28 | INFO | my_functions.py:248 | [DEBUG] Buscando en paralelo: ['snap.PNG'] | timeout=0s | confidence=0.8
2026-08-10 19:07:29 | INFO | my_functions.py:282 | [DEBUG] Click skipped, ninguna de las imágenes se encontró en el intento.
2026-08-10 19:07:35 | INFO | my_functions.py:248 | [DEBUG] Buscando en paralelo: ['end_turn.PNG'] | timeout=0s | confidence=0.8
2026-08-10 19:07:37 | INFO | my_functions.py:133 | Haciendo click en la posición (682, 945)
2026-08-10 19:07:37 | INFO | my_functions.py:270 | 🖱️ Click OK (En paralelo): end_turn.PNG at (682, 945) delay=1s
2026-08-10 19:07:38 | INFO | each_eight_hours copy 2.py:108 | End turn executed
2026-08-10 19:07:40 | INFO | my_functions.py:169 | Searching failed_to_join_game_error.png (timeout=0s)
2026-08-10 19:07:40 | INFO | my_functions.py:213 | 
⛔ Not found: failed_to_join_game_error.png after 0.0s region=(0, 0, 765, 1038) confidence=0.8
2026-08-10 19:07:44 | INFO | my_functions.py:169 | Searching failed_to_join_game_error.png (timeout=0s)
2026-08-10 19:07:44 | INFO | my_functions.py:213 | 
⛔ Not found: failed_to_join_game_error.png after 0.0s region=(0, 0, 765, 1038) confidence=0.8
2026-08-10 19:07:47 | INFO | my_functions.py:169 | Searching failed_to_join_game_error.png (timeout=0s)
2026-08-10 19:07:48 | INFO | my_functions.py:213 | 
⛔ Not found: failed_to_join_game_error.png after 0.0s region=(0, 0, 765, 1038) confidence=0.8
2026-08-10 19:07:51 | INFO | my_functions.py:169 | Searching failed_to_join_game_error.png (timeout=0s)
2026-08-10 19:07:51 | INFO | my_functions.py:213 | 
⛔ Not found: failed_to_join_game_error.png after 0.0s region=(0, 0, 765, 1038) confidence=0.8
2026-08-10 19:07:53 | INFO | my_functions.py:199 | 
✅ Found: end_turn.PNG pos=(681, 945) time=0.68s confidence=0.8
2026-08-10 19:07:53 | INFO | my_functions.py:248 | [DEBUG] Buscando en paralelo: ['snap.PNG'] | timeout=0s | confidence=0.8
2026-08-10 19:07:54 | INFO | my_functions.py:282 | [DEBUG] Click skipped, ninguna de las imágenes se encontró en el intento.
2026-08-10 19:08:00 | INFO | my_functions.py:248 | [DEBUG] Buscando en paralelo: ['end_turn.PNG'] | timeout=0s | confidence=0.8
2026-08-10 19:08:02 | INFO | my_functions.py:133 | Haciendo click en la posición (682, 945)
2026-08-10 19:08:02 | INFO | my_functions.py:270 | 🖱️ Click OK (En paralelo): end_turn.PNG at (682, 945) delay=1s
2026-08-10 19:08:03 | INFO | each_eight_hours copy 2.py:108 | End turn executed
2026-08-10 19:08:05 | INFO | my_functions.py:169 | Searching failed_to_join_game_error.png (timeout=0s)
2026-08-10 19:08:05 | INFO | my_functions.py:213 | 
⛔ Not found: failed_to_join_game_error.png after 0.0s region=(0, 0, 765, 1038) confidence=0.8
2026-08-10 19:08:09 | INFO | my_functions.py:169 | Searching failed_to_join_game_error.png (timeout=0s)
2026-08-10 19:08:09 | INFO | my_functions.py:213 | 
⛔ Not found: failed_to_join_game_error.png after 0.0s region=(0, 0, 765, 1038) confidence=0.8
2026-08-10 19:08:13 | INFO | my_functions.py:169 | Searching failed_to_join_game_error.png (timeout=0s)
2026-08-10 19:08:13 | INFO | my_functions.py:213 | 
⛔ Not found: failed_to_join_game_error.png after 0.0s region=(0, 0, 765, 1038) confidence=0.8
2026-08-10 19:08:15 | INFO | my_functions.py:199 | 
✅ Found: end_turn.PNG pos=(681, 945) time=0.7s confidence=0.8
2026-08-10 19:08:15 | INFO | my_functions.py:248 | [DEBUG] Buscando en paralelo: ['snap.PNG'] | timeout=0s | confidence=0.8
2026-08-10 19:08:16 | INFO | my_functions.py:282 | [DEBUG] Click skipped, ninguna de las imágenes se encontró en el intento.
2026-08-10 19:08:22 | INFO | my_functions.py:248 | [DEBUG] Buscando en paralelo: ['end_turn.PNG'] | timeout=0s | confidence=0.8
2026-08-10 19:08:22 | INFO | my_functions.py:282 | [DEBUG] Click skipped, ninguna de las imágenes se encontró en el intento.
2026-08-10 19:08:25 | INFO | my_functions.py:199 | 
✅ Found: flechas.png pos=(42, 912) time=0.83s confidence=0.8
2026-08-10 19:08:27 | INFO | my_functions.py:141 | Presionando ESC (1/1)
2026-08-10 19:08:28 | INFO | my_functions.py:248 | [DEBUG] Buscando en paralelo: ['end_turn.PNG'] | timeout=0s | confidence=0.8
2026-08-10 19:08:30 | INFO | my_functions.py:133 | Haciendo click en la posición (682, 945)
2026-08-10 19:08:30 | INFO | my_functions.py:270 | 🖱️ Click OK (En paralelo): end_turn.PNG at (682, 945) delay=1s
2026-08-10 19:08:31 | WARNING | each_eight_hours copy 2.py:128 | Arrow overlay handled
2026-08-10 19:08:31 | INFO | my_functions.py:169 | Searching failed_to_join_game_error.png (timeout=0s)
2026-08-10 19:08:31 | INFO | my_functions.py:213 | 
⛔ Not found: failed_to_join_game_error.png after 0.0s region=(0, 0, 765, 1038) confidence=0.8
2026-08-10 19:08:35 | INFO | my_functions.py:169 | Searching failed_to_join_game_error.png (timeout=0s)
2026-08-10 19:08:35 | INFO | my_functions.py:213 | 
⛔ Not found: failed_to_join_game_error.png after 0.0s region=(0, 0, 765, 1038) confidence=0.8
2026-08-10 19:08:38 | INFO | my_functions.py:169 | Searching failed_to_join_game_error.png (timeout=0s)
2026-08-10 19:08:39 | INFO | my_functions.py:213 | 
⛔ Not found: failed_to_join_game_error.png after 0.0s region=(0, 0, 765, 1038) confidence=0.8
2026-08-10 19:08:42 | INFO | my_functions.py:169 | Searching failed_to_join_game_error.png (timeout=0s)
2026-08-10 19:08:43 | INFO | my_functions.py:213 | 
⛔ Not found: failed_to_join_game_error.png after 0.0s region=(0, 0, 765, 1038) confidence=0.8
2026-08-10 19:08:44 | INFO | my_functions.py:199 | 
✅ Found: end_turn.PNG pos=(681, 945) time=0.68s confidence=0.8
2026-08-10 19:08:44 | INFO | my_functions.py:248 | [DEBUG] Buscando en paralelo: ['snap.PNG'] | timeout=0s | confidence=0.8
2026-08-10 19:08:45 | INFO | my_functions.py:282 | [DEBUG] Click skipped, ninguna de las imágenes se encontró en el intento.
2026-08-10 19:08:51 | INFO | my_functions.py:248 | [DEBUG] Buscando en paralelo: ['end_turn.PNG'] | timeout=0s | confidence=0.8
2026-08-10 19:08:53 | INFO | my_functions.py:133 | Haciendo click en la posición (682, 945)
2026-08-10 19:08:53 | INFO | my_functions.py:270 | 🖱️ Click OK (En paralelo): end_turn.PNG at (682, 945) delay=1s
2026-08-10 19:08:54 | INFO | each_eight_hours copy 2.py:108 | End turn executed
2026-08-10 19:08:56 | INFO | my_functions.py:169 | Searching failed_to_join_game_error.png (timeout=0s)
2026-08-10 19:08:57 | INFO | my_functions.py:213 | 
⛔ Not found: failed_to_join_game_error.png after 0.0s region=(0, 0, 765, 1038) confidence=0.8
2026-08-10 19:09:00 | INFO | my_functions.py:169 | Searching failed_to_join_game_error.png (timeout=0s)
2026-08-10 19:09:01 | INFO | my_functions.py:213 | 
⛔ Not found: failed_to_join_game_error.png after 0.0s region=(0, 0, 765, 1038) confidence=0.8
2026-08-10 19:09:04 | INFO | my_functions.py:169 | Searching failed_to_join_game_error.png (timeout=0s)
2026-08-10 19:09:04 | INFO | my_functions.py:213 | 
⛔ Not found: failed_to_join_game_error.png after 0.0s region=(0, 0, 765, 1038) confidence=0.8
2026-08-10 19:09:08 | INFO | my_functions.py:169 | Searching failed_to_join_game_error.png (timeout=0s)
2026-08-10 19:09:08 | INFO | my_functions.py:213 | 
⛔ Not found: failed_to_join_game_error.png after 0.0s region=(0, 0, 765, 1038) confidence=0.8
2026-08-10 19:09:10 | INFO | my_functions.py:199 | 
✅ Found: never_seen_before.png pos=(395, 141) time=0.48s confidence=0.8
2026-08-10 19:09:11 | WARNING | each_eight_hours copy 2.py:116 | Unknown popup handled
2026-08-10 19:09:12 | INFO | my_functions.py:169 | Searching failed_to_join_game_error.png (timeout=0s)
2026-08-10 19:09:13 | INFO | my_functions.py:213 | 
⛔ Not found: failed_to_join_game_error.png after 0.0s region=(0, 0, 765, 1038) confidence=0.8
2026-08-10 19:09:16 | INFO | my_functions.py:169 | Searching failed_to_join_game_error.png (timeout=0s)
2026-08-10 19:09:16 | INFO | my_functions.py:213 | 
⛔ Not found: failed_to_join_game_error.png after 0.0s region=(0, 0, 765, 1038) confidence=0.8
2026-08-10 19:09:20 | INFO | my_functions.py:169 | Searching failed_to_join_game_error.png (timeout=0s)
2026-08-10 19:09:20 | INFO | my_functions.py:213 | 
⛔ Not found: failed_to_join_game_error.png after 0.0s region=(0, 0, 765, 1038) confidence=0.8
2026-08-10 19:09:21 | INFO | my_functions.py:199 | 
✅ Found: collect_rewards.PNG pos=(680, 977) time=0.8s confidence=0.8
2026-08-10 19:09:21 | INFO | each_eight_hours copy 2.py:138 | Rewards detected, exiting match. Game duration: 226.31 s
2026-08-10 19:09:21 | INFO | my_functions.py:248 | [DEBUG] Buscando en paralelo: ['collect_rewards.PNG'] | timeout=20s | confidence=0.8
2026-08-10 19:09:23 | INFO | my_functions.py:133 | Haciendo click en la posición (679, 957)
2026-08-10 19:09:23 | INFO | my_functions.py:270 | 🖱️ Click OK (En paralelo): collect_rewards.PNG at (679, 957) delay=1s
2026-08-10 19:09:24 | INFO | my_functions.py:248 | [DEBUG] Buscando en paralelo: ['next.PNG'] | timeout=20s | confidence=0.8
2026-08-10 19:09:30 | INFO | my_functions.py:133 | Haciendo click en la posición (677, 973)
2026-08-10 19:09:31 | INFO | my_functions.py:270 | 🖱️ Click OK (En paralelo): next.PNG at (677, 973) delay=1s
2026-08-10 19:09:34 | INFO | my_functions.py:169 | Searching hyper_cube.png (timeout=5s)
2026-08-10 19:09:39 | INFO | my_functions.py:213 | 
⛔ Not found: hyper_cube.png after 5.26s region=(0, 0, 765, 1038) confidence=0.8
2026-08-10 19:09:39 | INFO | my_functions.py:248 | [DEBUG] Buscando en paralelo: ['missionsNotify2.png'] | timeout=20s | confidence=0.8
2026-08-10 19:09:43 | INFO | my_functions.py:133 | Haciendo click en la posición (538, 124)
2026-08-10 19:09:43 | INFO | my_functions.py:270 | 🖱️ Click OK (En paralelo): missionsNotify2.png at (538, 124) delay=3s
2026-08-10 19:09:44 | INFO | my_functions.py:1494 | [INFO] Iniciando click_missions_blue_2
2026-08-10 19:09:44 | INFO | my_functions.py:133 | Haciendo click en la posición (150, 132)
2026-08-10 19:09:46 | INFO | my_functions.py:1497 | [ACTION] Click hecho en icono de calendario que me dirige a las misiones ordinarias
2026-08-10 19:09:46 | INFO | my_functions.py:169 | Searching bonus_challenge.png (timeout=0s)
2026-08-10 19:09:46 | INFO | my_functions.py:213 | 
⛔ Not found: bonus_challenge.png after 0.0s region=(0, 0, 765, 1038) confidence=0.8
2026-08-10 19:09:46 | INFO | my_functions.py:1504 | [INFO] No se detectó bonus_challenge. Usando coordenada Y por defecto: 493
2026-08-10 19:09:46 | INFO | my_functions.py:1506 | [INFO] Esperando 2 segundos antes de iniciar clics...
2026-08-10 19:09:48 | INFO | my_functions.py:133 | Haciendo click en la posición (362, 493)
2026-08-10 19:09:49 | INFO | my_functions.py:1512 | [ACTION] Click 1/6 realizado en misión azul
2026-08-10 19:09:50 | INFO | my_functions.py:133 | Haciendo click en la posición (362, 493)
2026-08-10 19:09:51 | INFO | my_functions.py:1512 | [ACTION] Click 2/6 realizado en misión azul
2026-08-10 19:09:51 | INFO | my_functions.py:133 | Haciendo click en la posición (362, 493)
2026-08-10 19:09:53 | INFO | my_functions.py:1512 | [ACTION] Click 3/6 realizado en misión azul
2026-08-10 19:09:53 | INFO | my_functions.py:133 | Haciendo click en la posición (362, 493)
2026-08-10 19:09:54 | INFO | my_functions.py:1512 | [ACTION] Click 4/6 realizado en misión azul
2026-08-10 19:09:55 | INFO | my_functions.py:133 | Haciendo click en la posición (362, 493)
2026-08-10 19:09:56 | INFO | my_functions.py:1512 | [ACTION] Click 5/6 realizado en misión azul
2026-08-10 19:09:57 | INFO | my_functions.py:133 | Haciendo click en la posición (362, 493)
2026-08-10 19:09:58 | INFO | my_functions.py:1512 | [ACTION] Click 6/6 realizado en misión azul
2026-08-10 19:09:58 | INFO | my_functions.py:1516 | [CHECK] Verificando si apareció flechita_mission tras los 6 clicks
2026-08-10 19:09:58 | INFO | my_functions.py:169 | Searching flechita_mission.PNG (timeout=0s)
2026-08-10 19:09:59 | INFO | my_functions.py:199 | 
✅ Found: flechita_mission.PNG pos=(704, 530) time=0.81s confidence=0.8
2026-08-10 19:09:59 | INFO | my_functions.py:1518 | [INFO] Detectada flechita_mission -> presionando ESC 1 vez
2026-08-10 19:09:59 | INFO | my_functions.py:141 | Presionando ESC (1/1)
2026-08-10 19:10:00 | INFO | my_functions.py:1523 | [INFO] Función click_blue_missions_2 terminada
2026-08-10 19:10:00 | INFO | my_functions.py:248 | [DEBUG] Buscando en paralelo: ['weekly3.PNG'] | timeout=0s | confidence=0.8
2026-08-10 19:10:01 | INFO | my_functions.py:282 | [DEBUG] Click skipped, ninguna de las imágenes se encontró en el intento.
2026-08-10 19:10:02 | INFO | my_functions.py:248 | [DEBUG] Buscando en paralelo: ['weekly3.PNG'] | timeout=0s | confidence=0.8
2026-08-10 19:10:02 | INFO | my_functions.py:282 | [DEBUG] Click skipped, ninguna de las imágenes se encontró en el intento.
2026-08-10 19:10:04 | INFO | my_functions.py:133 | Haciendo click en la posición (557, 64)
2026-08-10 19:10:05 | INFO | my_functions.py:248 | [DEBUG] Buscando en paralelo: ['cards_shop.PNG'] | timeout=20s | confidence=0.8
2026-08-10 19:10:07 | INFO | my_functions.py:133 | Haciendo click en la posición (568, 121)
2026-08-10 19:10:08 | INFO | my_functions.py:270 | 🖱️ Click OK (En paralelo): cards_shop.PNG at (568, 121) delay=1s
2026-08-10 19:10:09 | INFO | my_functions.py:248 | [DEBUG] Buscando en paralelo: ['token_icon.PNG'] | timeout=20s | confidence=0.8
2026-08-10 19:10:12 | INFO | my_functions.py:133 | Haciendo click en la posición (531, 171)
2026-08-10 19:10:12 | INFO | my_functions.py:270 | 🖱️ Click OK (En paralelo): token_icon.PNG at (531, 171) delay=1s
2026-08-10 19:10:15 | INFO | my_functions.py:248 | [DEBUG] Buscando en paralelo: ['claim!_token_3.PNG'] | timeout=4s | confidence=0.8
2026-08-10 19:10:17 | INFO | my_functions.py:133 | Haciendo click en la posición (231, 573)
2026-08-10 19:10:17 | INFO | my_functions.py:270 | 🖱️ Click OK (En paralelo): claim!_token_3.PNG at (231, 573) delay=1s
2026-08-10 19:10:18 | INFO | my_functions.py:248 | [DEBUG] Buscando en paralelo: ['cards_shop.PNG'] | timeout=20s | confidence=0.8
2026-08-10 19:10:20 | INFO | my_functions.py:133 | Haciendo click en la posición (568, 122)
2026-08-10 19:10:20 | INFO | my_functions.py:270 | 🖱️ Click OK (En paralelo): cards_shop.PNG at (568, 122) delay=1s
2026-08-10 19:10:21 | INFO | my_functions.py:248 | [DEBUG] Buscando en paralelo: ['offers.PNG'] | timeout=20s | confidence=0.8
2026-08-10 19:10:23 | INFO | my_functions.py:133 | Haciendo click en la posición (197, 121)
2026-08-10 19:10:23 | INFO | my_functions.py:270 | 🖱️ Click OK (En paralelo): offers.PNG at (197, 121) delay=1s
2026-08-10 19:10:24 | INFO | my_functions.py:1350 | [INFO] Iniciando mejora de cartas
2026-08-10 19:10:24 | INFO | my_functions.py:248 | [DEBUG] Buscando en paralelo: ['upgrade_cards_icon.PNG'] | timeout=3s | confidence=0.8
2026-08-10 19:10:26 | INFO | my_functions.py:133 | Haciendo click en la posición (322, 170)
2026-08-10 19:10:27 | INFO | my_functions.py:270 | 🖱️ Click OK (En paralelo): upgrade_cards_icon.PNG at (322, 170) delay=1s
2026-08-10 19:10:28 | INFO | my_functions.py:1357 | [INFO] Abriendo icono de upgrade_cards
2026-08-10 19:10:29 | INFO | my_functions.py:1364 | [STEP] Mejorando carta 1
2026-08-10 19:10:29 | INFO | my_functions.py:1368 | [ACTION] Click en carta 1
2026-08-10 19:10:30 | INFO | my_functions.py:1373 | [ACTION] Click en botón upgrade
2026-08-10 19:10:37 | INFO | my_functions.py:169 | Searching aw_snap.png (timeout=3s)
2026-08-10 19:10:41 | INFO | my_functions.py:213 | 
⛔ Not found: aw_snap.png after 3.18s region=(0, 0, 765, 1038) confidence=0.8
2026-08-10 19:10:41 | INFO | my_functions.py:248 | [DEBUG] Buscando en paralelo: ['you_need_more_credits!.png'] | timeout=3s | confidence=0.8
2026-08-10 19:10:44 | INFO | my_functions.py:282 | [DEBUG] Click skipped, ninguna de las imágenes se encontró en el intento.
2026-08-10 19:10:50 | INFO | my_functions.py:1406 | [ACTION] Click para continuar a stage de nivel de coleccion
2026-08-10 19:10:55 | INFO | my_functions.py:141 | Presionando ESC (1/1)
2026-08-10 19:10:56 | INFO | my_functions.py:1414 | [ACTION] Saliendo de stage nivel de coleccion con ESC
2026-08-10 19:10:57 | INFO | my_functions.py:248 | [DEBUG] Buscando en paralelo: ['upgrade_cards_icon_selected.PNG'] | timeout=0s | confidence=0.8
2026-08-10 19:10:59 | INFO | my_functions.py:133 | Haciendo click en la posición (320, 173)
2026-08-10 19:10:59 | INFO | my_functions.py:270 | 🖱️ Click OK (En paralelo): upgrade_cards_icon_selected.PNG at (320, 173) delay=1s
2026-08-10 19:11:00 | INFO | my_functions.py:1426 | [INFO] Reabriendo icono de upgrade_cards
2026-08-10 19:11:01 | INFO | my_functions.py:1364 | [STEP] Mejorando carta 2
2026-08-10 19:11:01 | INFO | my_functions.py:1368 | [ACTION] Click en carta 2
2026-08-10 19:11:02 | INFO | my_functions.py:1373 | [ACTION] Click en botón upgrade
2026-08-10 19:11:10 | INFO | my_functions.py:169 | Searching aw_snap.png (timeout=3s)
2026-08-10 19:11:13 | INFO | my_functions.py:213 | 
⛔ Not found: aw_snap.png after 3.0s region=(0, 0, 765, 1038) confidence=0.8
2026-08-10 19:11:13 | INFO | my_functions.py:248 | [DEBUG] Buscando en paralelo: ['you_need_more_credits!.png'] | timeout=3s | confidence=0.8
2026-08-10 19:11:17 | INFO | my_functions.py:282 | [DEBUG] Click skipped, ninguna de las imágenes se encontró en el intento.
2026-08-10 19:11:23 | INFO | my_functions.py:1406 | [ACTION] Click para continuar a stage de nivel de coleccion
2026-08-10 19:11:28 | INFO | my_functions.py:141 | Presionando ESC (1/1)
2026-08-10 19:11:28 | INFO | my_functions.py:1414 | [ACTION] Saliendo de stage nivel de coleccion con ESC
2026-08-10 19:11:29 | INFO | my_functions.py:248 | [DEBUG] Buscando en paralelo: ['upgrade_cards_icon_selected.PNG'] | timeout=0s | confidence=0.8
2026-08-10 19:11:31 | INFO | my_functions.py:133 | Haciendo click en la posición (320, 173)
2026-08-10 19:11:32 | INFO | my_functions.py:270 | 🖱️ Click OK (En paralelo): upgrade_cards_icon_selected.PNG at (320, 173) delay=1s
2026-08-10 19:11:33 | INFO | my_functions.py:1426 | [INFO] Reabriendo icono de upgrade_cards
2026-08-10 19:11:34 | INFO | my_functions.py:1364 | [STEP] Mejorando carta 3
2026-08-10 19:11:34 | INFO | my_functions.py:1368 | [ACTION] Click en carta 3
2026-08-10 19:11:35 | INFO | my_functions.py:1373 | [ACTION] Click en botón upgrade
2026-08-10 19:11:42 | INFO | my_functions.py:169 | Searching aw_snap.png (timeout=3s)
2026-08-10 19:11:46 | INFO | my_functions.py:213 | 
⛔ Not found: aw_snap.png after 3.05s region=(0, 0, 765, 1038) confidence=0.8
2026-08-10 19:11:46 | INFO | my_functions.py:248 | [DEBUG] Buscando en paralelo: ['you_need_more_credits!.png'] | timeout=3s | confidence=0.8
2026-08-10 19:11:49 | INFO | my_functions.py:282 | [DEBUG] Click skipped, ninguna de las imágenes se encontró en el intento.
2026-08-10 19:11:55 | INFO | my_functions.py:1406 | [ACTION] Click para continuar a stage de nivel de coleccion
2026-08-10 19:12:00 | INFO | my_functions.py:141 | Presionando ESC (1/1)
2026-08-10 19:12:01 | INFO | my_functions.py:1414 | [ACTION] Saliendo de stage nivel de coleccion con ESC
2026-08-10 19:12:02 | INFO | my_functions.py:1432 | [INFO] Mejora de cartas completada ✅
2026-08-10 19:12:02 | INFO | my_functions.py:141 | Presionando ESC (1/1)
2026-08-10 19:12:03 | INFO | my_functions.py:248 | [DEBUG] Buscando en paralelo: ['white_x.png'] | timeout=2s | confidence=0.8
2026-08-10 19:12:05 | INFO | my_functions.py:282 | [DEBUG] Click skipped, ninguna de las imágenes se encontró en el intento.
2026-08-10 19:12:06 | INFO | each_eight_hours copy 2.py:37 | [19:12:06.740] [DEBUG] === INICIANDO FUNCIÓN collect_cl_rewards ===
2026-08-10 19:12:06 | INFO | each_eight_hours copy 2.py:37 | [19:12:06.748] [DEBUG] Haciendo click inicial en (387, 166)...
2026-08-10 19:12:06 | INFO | my_functions.py:133 | Haciendo click en la posición (387, 166)
2026-08-10 19:12:13 | INFO | each_eight_hours copy 2.py:37 | [19:12:13.084] [DEBUG] Se omitió el cambio de tamaño de ventanas (resize=False)
2026-08-10 19:12:13 | INFO | each_eight_hours copy 2.py:37 | [19:12:13.148] [DEBUG] Recompensas iniciales detectadas por la API: 6
2026-08-10 19:12:13 | INFO | each_eight_hours copy 2.py:37 | [19:12:13.151] [DEBUG] --------------------------------------------------
2026-08-10 19:12:13 | INFO | each_eight_hours copy 2.py:37 | [19:12:13.153] [DEBUG] Inicio de iteración. Recompensas restantes: 6
2026-08-10 19:12:13 | INFO | each_eight_hours copy 2.py:37 | [19:12:13.160] [DEBUG] Intentando hacer click en: (260, 580)
2026-08-10 19:12:14 | INFO | my_functions.py:169 | Searching claim!.PNG (timeout=3s)
2026-08-10 19:12:18 | INFO | my_functions.py:213 | 
⛔ Not found: claim!.PNG after 3.58s region=(0, 0, 765, 1038) confidence=0.8
2026-08-10 19:12:18 | INFO | each_eight_hours copy 2.py:37 | [19:12:18.659] [DEBUG] No se detectó 'Claim'. Buscando 'check.png' en región (228, 547, 65, 55)...
2026-08-10 19:12:18 | INFO | my_functions.py:169 | Searching check.png (timeout=1s)
2026-08-10 19:12:18 | INFO | my_functions.py:199 | 
✅ Found: check.png pos=(265, 576) time=0.13s confidence=0.8
2026-08-10 19:12:18 | INFO | each_eight_hours copy 2.py:37 | [19:12:18.799] [DEBUG] -> ¡ÉXITO! Crédito detectado por 'check.png'. Reclamado automáticamente por el click previo.
2026-08-10 19:12:18 | INFO | each_eight_hours copy 2.py:37 | [19:12:18.808] [DEBUG] Moviendo el mouse a la posición de scroll (350, 580)...
2026-08-10 19:12:20 | INFO | each_eight_hours copy 2.py:37 | [19:12:20.379] [DEBUG] Alternancia de coordenada X: Cambió de 260 a 470
2026-08-10 19:12:20 | INFO | each_eight_hours copy 2.py:37 | [19:12:20.383] [DEBUG] --------------------------------------------------
2026-08-10 19:12:20 | INFO | each_eight_hours copy 2.py:37 | [19:12:20.384] [DEBUG] Inicio de iteración. Recompensas restantes: 5
2026-08-10 19:12:20 | INFO | each_eight_hours copy 2.py:37 | [19:12:20.389] [DEBUG] Intentando hacer click en: (470, 580)
2026-08-10 19:12:21 | INFO | my_functions.py:169 | Searching claim!.PNG (timeout=3s)
2026-08-10 19:12:22 | INFO | my_functions.py:199 | 
✅ Found: claim!.PNG pos=(381, 924) time=0.74s confidence=0.8
2026-08-10 19:12:22 | INFO | each_eight_hours copy 2.py:37 | [19:12:22.338] [DEBUG] -> ¡ÉXITO! Botón 'Claim' detectado.
2026-08-10 19:12:22 | INFO | my_functions.py:169 | Searching set.png (timeout=2s)
2026-08-10 19:12:25 | INFO | my_functions.py:213 | 
⛔ Not found: set.png after 2.52s region=(0, 0, 765, 1038) confidence=0.8
2026-08-10 19:12:25 | INFO | my_functions.py:248 | [DEBUG] Buscando en paralelo: ['claim!.PNG'] | timeout=0s | confidence=0.8
2026-08-10 19:12:27 | INFO | my_functions.py:133 | Haciendo click en la posición (381, 924)
2026-08-10 19:12:27 | INFO | my_functions.py:270 | 🖱️ Click OK (En paralelo): claim!.PNG at (381, 924) delay=1s
2026-08-10 19:12:28 | INFO | each_eight_hours copy 2.py:37 | [19:12:28.733] [DEBUG] Moviendo el mouse a la posición de scroll (350, 580)...
2026-08-10 19:12:30 | INFO | each_eight_hours copy 2.py:37 | [19:12:30.305] [DEBUG] Alternancia de coordenada X: Cambió de 470 a 260
2026-08-10 19:12:30 | INFO | each_eight_hours copy 2.py:37 | [19:12:30.307] [DEBUG] --------------------------------------------------
2026-08-10 19:12:30 | INFO | each_eight_hours copy 2.py:37 | [19:12:30.309] [DEBUG] Inicio de iteración. Recompensas restantes: 4
2026-08-10 19:12:30 | INFO | each_eight_hours copy 2.py:37 | [19:12:30.314] [DEBUG] Intentando hacer click en: (260, 580)
2026-08-10 19:12:31 | INFO | my_functions.py:169 | Searching claim!.PNG (timeout=3s)
2026-08-10 19:12:35 | INFO | my_functions.py:213 | 
⛔ Not found: claim!.PNG after 3.58s region=(0, 0, 765, 1038) confidence=0.8
2026-08-10 19:12:35 | INFO | each_eight_hours copy 2.py:37 | [19:12:35.801] [DEBUG] No se detectó 'Claim'. Buscando 'check.png' en región (228, 547, 65, 55)...
2026-08-10 19:12:35 | INFO | my_functions.py:169 | Searching check.png (timeout=1s)
2026-08-10 19:12:35 | INFO | my_functions.py:199 | 
✅ Found: check.png pos=(265, 575) time=0.11s confidence=0.8
2026-08-10 19:12:35 | INFO | each_eight_hours copy 2.py:37 | [19:12:35.916] [DEBUG] -> ¡ÉXITO! Crédito detectado por 'check.png'. Reclamado automáticamente por el click previo.
2026-08-10 19:12:35 | INFO | each_eight_hours copy 2.py:37 | [19:12:35.919] [DEBUG] Moviendo el mouse a la posición de scroll (350, 580)...
2026-08-10 19:12:37 | INFO | each_eight_hours copy 2.py:37 | [19:12:37.492] [DEBUG] Alternancia de coordenada X: Cambió de 260 a 470
2026-08-10 19:12:37 | INFO | each_eight_hours copy 2.py:37 | [19:12:37.495] [DEBUG] --------------------------------------------------
2026-08-10 19:12:37 | INFO | each_eight_hours copy 2.py:37 | [19:12:37.497] [DEBUG] Inicio de iteración. Recompensas restantes: 3
2026-08-10 19:12:37 | INFO | each_eight_hours copy 2.py:37 | [19:12:37.505] [DEBUG] Intentando hacer click en: (470, 580)
2026-08-10 19:12:38 | INFO | my_functions.py:169 | Searching claim!.PNG (timeout=3s)
2026-08-10 19:12:43 | INFO | my_functions.py:213 | 
⛔ Not found: claim!.PNG after 3.69s region=(0, 0, 765, 1038) confidence=0.8
2026-08-10 19:12:43 | INFO | each_eight_hours copy 2.py:37 | [19:12:43.164] [DEBUG] No se detectó 'Claim'. Buscando 'check.png' en región (449, 547, 65, 55)...
2026-08-10 19:12:43 | INFO | my_functions.py:169 | Searching check.png (timeout=1s)
2026-08-10 19:12:43 | INFO | my_functions.py:199 | 
✅ Found: check.png pos=(501, 576) time=0.13s confidence=0.8
2026-08-10 19:12:43 | INFO | each_eight_hours copy 2.py:37 | [19:12:43.295] [DEBUG] -> ¡ÉXITO! Crédito detectado por 'check.png'. Reclamado automáticamente por el click previo.
2026-08-10 19:12:43 | INFO | each_eight_hours copy 2.py:37 | [19:12:43.305] [DEBUG] Moviendo el mouse a la posición de scroll (350, 580)...
2026-08-10 19:12:44 | INFO | each_eight_hours copy 2.py:37 | [19:12:44.874] [DEBUG] Alternancia de coordenada X: Cambió de 470 a 260
2026-08-10 19:12:44 | INFO | each_eight_hours copy 2.py:37 | [19:12:44.878] [DEBUG] --------------------------------------------------
2026-08-10 19:12:44 | INFO | each_eight_hours copy 2.py:37 | [19:12:44.878] [DEBUG] Inicio de iteración. Recompensas restantes: 2
2026-08-10 19:12:44 | INFO | each_eight_hours copy 2.py:37 | [19:12:44.887] [DEBUG] Intentando hacer click en: (260, 580)
2026-08-10 19:12:46 | INFO | my_functions.py:169 | Searching claim!.PNG (timeout=3s)
2026-08-10 19:12:46 | INFO | my_functions.py:199 | 
✅ Found: claim!.PNG pos=(381, 924) time=0.71s confidence=0.8
2026-08-10 19:12:46 | INFO | each_eight_hours copy 2.py:37 | [19:12:46.805] [DEBUG] -> ¡ÉXITO! Botón 'Claim' detectado.
2026-08-10 19:12:46 | INFO | my_functions.py:169 | Searching set.png (timeout=2s)
2026-08-10 19:12:50 | INFO | my_functions.py:213 | 
⛔ Not found: set.png after 2.52s region=(0, 0, 765, 1038) confidence=0.8
2026-08-10 19:12:50 | INFO | my_functions.py:248 | [DEBUG] Buscando en paralelo: ['claim!.PNG'] | timeout=0s | confidence=0.8
2026-08-10 19:12:51 | INFO | my_functions.py:133 | Haciendo click en la posición (381, 924)
2026-08-10 19:12:52 | INFO | my_functions.py:270 | 🖱️ Click OK (En paralelo): claim!.PNG at (381, 924) delay=1s
2026-08-10 19:12:53 | INFO | each_eight_hours copy 2.py:37 | [19:12:53.160] [DEBUG] Moviendo el mouse a la posición de scroll (350, 580)...
2026-08-10 19:12:54 | INFO | each_eight_hours copy 2.py:37 | [19:12:54.731] [DEBUG] Alternancia de coordenada X: Cambió de 260 a 470
2026-08-10 19:12:54 | INFO | each_eight_hours copy 2.py:37 | [19:12:54.735] [DEBUG] --------------------------------------------------
2026-08-10 19:12:54 | INFO | each_eight_hours copy 2.py:37 | [19:12:54.744] [DEBUG] Inicio de iteración. Recompensas restantes: 1
2026-08-10 19:12:54 | INFO | each_eight_hours copy 2.py:37 | [19:12:54.746] [DEBUG] Intentando hacer click en: (470, 580)
2026-08-10 19:12:55 | INFO | my_functions.py:169 | Searching claim!.PNG (timeout=3s)
2026-08-10 19:13:00 | INFO | my_functions.py:213 | 
⛔ Not found: claim!.PNG after 3.53s region=(0, 0, 765, 1038) confidence=0.8
2026-08-10 19:13:00 | INFO | each_eight_hours copy 2.py:37 | [19:13:00.206] [DEBUG] No se detectó 'Claim'. Buscando 'check.png' en región (449, 547, 65, 55)...
2026-08-10 19:13:00 | INFO | my_functions.py:169 | Searching check.png (timeout=1s)
2026-08-10 19:13:01 | INFO | my_functions.py:213 | 
⛔ Not found: check.png after 1.06s region=(449, 547, 65, 55) confidence=0.8
2026-08-10 19:13:01 | INFO | each_eight_hours copy 2.py:37 | [19:13:01.397] [DEBUG] -> [ALERTA] No se detectó ninguna recompensa válida tras el click.
2026-08-10 19:13:01 | INFO | each_eight_hours copy 2.py:37 | [19:13:01.402] [DEBUG] Moviendo el mouse a la posición de scroll (350, 580)...
2026-08-10 19:13:02 | INFO | each_eight_hours copy 2.py:37 | [19:13:02.976] [DEBUG] Alternancia de coordenada X: Cambió de 470 a 260
2026-08-10 19:13:02 | INFO | each_eight_hours copy 2.py:37 | Finished collecting rewards
2026-08-10 19:13:03 | INFO | my_functions.py:141 | Presionando ESC (1/1)
2026-08-10 19:13:04 | INFO | my_functions.py:248 | [DEBUG] Buscando en paralelo: ['nut.png'] | timeout=20s | confidence=0.8
2026-08-10 19:13:06 | INFO | my_functions.py:133 | Haciendo click en la posición (184, 78)
2026-08-10 19:13:06 | INFO | my_functions.py:270 | 🖱️ Click OK (En paralelo): nut.png at (184, 78) delay=1s
2026-08-10 19:13:07 | INFO | my_functions.py:248 | [DEBUG] Buscando en paralelo: ['graphics_quality.png'] | timeout=3s | confidence=0.8
2026-08-10 19:13:09 | INFO | my_functions.py:133 | Haciendo click en la posición (304, 644)
2026-08-10 19:13:09 | INFO | my_functions.py:270 | 🖱️ Click OK (En paralelo): graphics_quality.png at (304, 644) delay=1s
2026-08-10 19:13:11 | INFO | my_functions.py:248 | [DEBUG] Buscando en paralelo: ['sign_out.png'] | timeout=20s | confidence=0.8
2026-08-10 19:13:13 | INFO | my_functions.py:133 | Haciendo click en la posición (380, 796)
2026-08-10 19:13:13 | INFO | my_functions.py:270 | 🖱️ Click OK (En paralelo): sign_out.png at (380, 796) delay=1s
2026-08-10 19:13:15 | INFO | my_functions.py:248 | [DEBUG] Buscando en paralelo: ['sign_out_grande.png'] | timeout=20s | confidence=0.8
2026-08-10 19:13:17 | INFO | my_functions.py:133 | Haciendo click en la posición (359, 437)
2026-08-10 19:13:17 | INFO | my_functions.py:270 | 🖱️ Click OK (En paralelo): sign_out_grande.png at (359, 437) delay=1s
2026-08-10 19:13:18 | INFO | my_functions.py:248 | [DEBUG] Buscando en paralelo: ['sign_out2.png'] | timeout=20s | confidence=0.8
2026-08-10 19:13:20 | INFO | my_functions.py:133 | Haciendo click en la posición (383, 634)
2026-08-10 19:13:20 | INFO | my_functions.py:270 | 🖱️ Click OK (En paralelo): sign_out2.png at (383, 634) delay=1s
2026-08-10 19:13:21 | INFO | my_functions.py:1577 | ⏱ Esperando 0.1 segundos antes de empezar...
2026-08-10 19:13:21 | INFO | my_functions.py:1584 | 🔍 Esperando ventana que contenga alguna de: SNAP (máx 20s)
2026-08-10 19:13:21 | INFO | my_functions.py:1596 | ✅ Ventana encontrada: 'SNAP'
2026-08-10 19:13:21 | INFO | my_functions.py:1611 | ✅ Ventana seleccionada: 'SNAP'
2026-08-10 19:13:23 | INFO | my_functions.py:1634 | 🔁 Reajuste #1...
2026-08-10 19:13:25 | INFO | my_functions.py:1641 | ✔ Verificación completa. Se hicieron 1 reajustes.
2026-08-10 19:13:29 | INFO | each_eight_hours copy 2.py:73 | Processing account: reeps_vm
2026-08-10 19:13:29 | INFO | my_functions.py:1577 | ⏱ Esperando 0.1 segundos antes de empezar...
2026-08-10 19:13:29 | INFO | my_functions.py:1584 | 🔍 Esperando ventana que contenga alguna de: ['SNAP'] (máx 20s)
2026-08-10 19:13:32 | INFO | my_functions.py:1596 | ✅ Ventana encontrada: 'SNAP'
2026-08-10 19:13:32 | INFO | my_functions.py:1611 | ✅ Ventana seleccionada: 'SNAP'
2026-08-10 19:13:34 | INFO | my_functions.py:1643 | ✔ Verificación completa. No hubo cambios después del primer ajuste.
2026-08-10 19:13:34 | INFO | my_functions.py:1206 | [DEBUG] Resizing SNAP window...
2026-08-10 19:13:34 | INFO | my_functions.py:1577 | ⏱ Esperando 0.1 segundos antes de empezar...
2026-08-10 19:13:34 | INFO | my_functions.py:1584 | 🔍 Esperando ventana que contenga alguna de: ['SNAP'] (máx 20s)
2026-08-10 19:13:34 | INFO | my_functions.py:1596 | ✅ Ventana encontrada: 'SNAP'
2026-08-10 19:13:34 | INFO | my_functions.py:1611 | ✅ Ventana seleccionada: 'SNAP'
2026-08-10 19:13:41 | INFO | my_functions.py:1643 | ✔ Verificación completa. No hubo cambios después del primer ajuste.
2026-08-10 19:13:41 | INFO | my_functions.py:248 | [DEBUG] Buscando en paralelo: ['small_submit.PNG', 'small_submit_hover.png', 'submit_hover_2.png', 'small_submit_hover_2.png'] | timeout=90s | confidence=0.8
2026-08-10 19:13:43 | INFO | my_functions.py:133 | Haciendo click en la posición (380, 642)
2026-08-10 19:13:43 | INFO | my_functions.py:270 | 🖱️ Click OK (En paralelo): small_submit.PNG at (380, 642) delay=0.2s
2026-08-10 19:13:46 | INFO | my_functions.py:248 | [DEBUG] Buscando en paralelo: ['small_submit.PNG', 'small_submit_hover.png', 'submit_hover_2.png', 'small_submit_hover_2.png'] | timeout=20s | confidence=0.8
2026-08-10 19:13:48 | INFO | my_functions.py:133 | Haciendo click en la posición (380, 721)
2026-08-10 19:13:48 | INFO | my_functions.py:270 | 🖱️ Click OK (En paralelo): small_submit.PNG at (380, 721) delay=0.2s
2026-08-10 19:13:49 | INFO | my_functions.py:1577 | ⏱ Esperando 0.1 segundos antes de empezar...
2026-08-10 19:13:49 | INFO | my_functions.py:1584 | 🔍 Esperando ventana que contenga alguna de: ['SNAP'] (máx 20s)
2026-08-10 19:13:49 | INFO | my_functions.py:1596 | ✅ Ventana encontrada: 'SNAP'
2026-08-10 19:13:49 | INFO | my_functions.py:1611 | ✅ Ventana seleccionada: 'SNAP'
2026-08-10 19:13:51 | INFO | my_functions.py:1634 | 🔁 Reajuste #1...
2026-08-10 19:13:52 | INFO | my_functions.py:1641 | ✔ Verificación completa. Se hicieron 1 reajustes.
2026-08-10 19:13:52 | INFO | my_functions.py:169 | Searching please_sign.png (timeout=0s)
2026-08-10 19:13:53 | INFO | my_functions.py:199 | 
✅ Found: please_sign.png pos=(383, 438) time=0.47s confidence=0.8
2026-08-10 19:13:53 | INFO | my_functions.py:248 | [DEBUG] Buscando en paralelo: ['ok_btn.png'] | timeout=20s | confidence=0.8
2026-08-10 19:13:54 | INFO | my_functions.py:133 | Haciendo click en la posición (382, 634)
2026-08-10 19:13:55 | INFO | my_functions.py:270 | 🖱️ Click OK (En paralelo): ok_btn.png at (382, 634) delay=1s
2026-08-10 19:13:56 | INFO | my_functions.py:248 | [DEBUG] Buscando en paralelo: ['small_submit.PNG', 'small_submit_hover.png', 'submit_hover_2.png', 'small_submit_hover_2.png'] | timeout=30s | confidence=0.8
2026-08-10 19:13:58 | INFO | my_functions.py:133 | Haciendo click en la posición (383, 643)
2026-08-10 19:13:59 | INFO | my_functions.py:270 | 🖱️ Click OK (En paralelo): small_submit_hover_2.png at (383, 643) delay=0.2s
2026-08-10 19:14:00 | INFO | my_functions.py:248 | [DEBUG] Buscando en paralelo: ['small_submit.PNG', 'small_submit_hover.png', 'submit_hover_2.png', 'small_submit_hover_2.png'] | timeout=20s | confidence=0.8
2026-08-10 19:14:01 | INFO | my_functions.py:133 | Haciendo click en la posición (380, 721)
2026-08-10 19:14:02 | INFO | my_functions.py:270 | 🖱️ Click OK (En paralelo): small_submit.PNG at (380, 721) delay=0.2s
2026-08-10 19:14:03 | INFO | my_functions.py:248 | [DEBUG] Buscando en paralelo: ['sign_in_with_google2.PNG'] | timeout=20s | confidence=0.8
2026-08-10 19:14:04 | INFO | my_functions.py:133 | Haciendo click en la posición (406, 957)
2026-08-10 19:14:04 | INFO | my_functions.py:270 | 🖱️ Click OK (En paralelo): sign_in_with_google2.PNG at (406, 957) delay=1s
2026-08-10 19:14:05 | INFO | my_functions.py:169 | Searching pagina_cargada.png (timeout=60s)
2026-08-10 19:14:11 | INFO | my_functions.py:199 | 
✅ Found: pagina_cargada.png pos=(70, 24) time=5.5s confidence=0.8
2026-08-10 19:14:13 | INFO | my_functions.py:248 | [DEBUG] Buscando en paralelo: ['reeps_vm.png'] | timeout=0s | confidence=0.8
2026-08-10 19:14:17 | INFO | my_functions.py:133 | Haciendo click en la posición (1126, 534)
2026-08-10 19:14:17 | INFO | my_functions.py:270 | 🖱️ Click OK (En paralelo): reeps_vm.png at (1126, 534) delay=3s
2026-08-10 19:14:18 | INFO | my_functions.py:169 | Searching marvelsnap_web.png (timeout=30s)
2026-08-10 19:14:22 | INFO | my_functions.py:199 | 
✅ Found: marvelsnap_web.png pos=(258, 80) time=4.27s confidence=0.7
2026-08-10 19:14:23 | INFO | my_functions.py:169 | Searching shop_unselected.PNG (timeout=0s)
2026-08-10 19:14:23 | INFO | my_functions.py:213 | 
⛔ Not found: shop_unselected.PNG after 0.0s region=(0, 0, 765, 1038) confidence=0.8
2026-08-10 19:14:23 | INFO | my_functions.py:248 | [DEBUG] Buscando en paralelo: ['super_premium.PNG'] | timeout=0s | confidence=0.8
2026-08-10 19:14:24 | INFO | my_functions.py:282 | [DEBUG] Click skipped, ninguna de las imágenes se encontró en el intento.
2026-08-10 19:14:25 | INFO | my_functions.py:248 | [DEBUG] Buscando en paralelo: ['maybe_later.PNG'] | timeout=0s | confidence=0.8
2026-08-10 19:14:26 | INFO | my_functions.py:282 | [DEBUG] Click skipped, ninguna de las imágenes se encontró en el intento.
2026-08-10 19:14:27 | INFO | my_functions.py:248 | [DEBUG] Buscando en paralelo: ['maybe_later2.PNG'] | timeout=0s | confidence=0.8
2026-08-10 19:14:27 | INFO | my_functions.py:282 | [DEBUG] Click skipped, ninguna de las imágenes se encontró en el intento.
2026-08-10 19:14:28 | INFO | my_functions.py:169 | Searching go_to_shop.PNG (timeout=0s)
2026-08-10 19:14:29 | INFO | my_functions.py:213 | 
⛔ Not found: go_to_shop.PNG after 0.47s region=(0, 0, 765, 1038) confidence=0.8
2026-08-10 19:14:29 | INFO | my_functions.py:248 | [DEBUG] Buscando en paralelo: ['14_days_of_winterverse.PNG'] | timeout=0s | confidence=0.8
2026-08-10 19:14:30 | INFO | my_functions.py:282 | [DEBUG] Click skipped, ninguna de las imágenes se encontró en el intento.
2026-08-10 19:14:31 | INFO | my_functions.py:169 | Searching welcome_back_calendar.PNG (timeout=0s)
2026-08-10 19:14:32 | INFO | my_functions.py:213 | 
⛔ Not found: welcome_back_calendar.PNG after 0.0s region=(0, 0, 765, 1038) confidence=0.8
2026-08-10 19:14:32 | INFO | my_functions.py:248 | [DEBUG] Buscando en paralelo: ['start_the_countdown.PNG'] | timeout=0s | confidence=0.8
2026-08-10 19:14:32 | INFO | my_functions.py:282 | [DEBUG] Click skipped, ninguna de las imágenes se encontró en el intento.
2026-08-10 19:14:33 | INFO | my_functions.py:248 | [DEBUG] Buscando en paralelo: ['event_has_ended_sanctum.PNG'] | timeout=0s | confidence=0.8
2026-08-10 19:14:34 | INFO | my_functions.py:282 | [DEBUG] Click skipped, ninguna de las imágenes se encontró en el intento.
2026-08-10 19:14:35 | INFO | my_functions.py:248 | [DEBUG] Buscando en paralelo: ['event_has_ended_teamclash.PNG'] | timeout=0s | confidence=0.8
2026-08-10 19:14:35 | INFO | my_functions.py:282 | [DEBUG] Click skipped, ninguna de las imágenes se encontró en el intento.
2026-08-10 19:14:37 | INFO | my_functions.py:248 | [DEBUG] Buscando en paralelo: ['image_part_of_event_grand_arena_finished.PNG'] | timeout=0s | confidence=0.8
2026-08-10 19:14:37 | INFO | my_functions.py:282 | [DEBUG] Click skipped, ninguna de las imágenes se encontró en el intento.
2026-08-10 19:14:38 | INFO | my_functions.py:169 | Searching 28_day_event_login_rewards.PNG (timeout=0s)
2026-08-10 19:14:39 | INFO | my_functions.py:213 | 
⛔ Not found: 28_day_event_login_rewards.PNG after 0.0s region=(0, 0, 765, 1038) confidence=0.8
2026-08-10 19:14:39 | INFO | my_functions.py:169 | Searching 7_day_event_login.PNG (timeout=0s)
2026-08-10 19:14:39 | INFO | my_functions.py:213 | 
⛔ Not found: 7_day_event_login.PNG after 0.0s region=(0, 0, 765, 1038) confidence=0.8
2026-08-10 19:14:39 | INFO | my_functions.py:169 | Searching 14_days_event.PNG (timeout=0s)
2026-08-10 19:14:40 | INFO | my_functions.py:213 | 
⛔ Not found: 14_days_event.PNG after 0.0s region=(0, 0, 765, 1038) confidence=0.8
2026-08-10 19:14:40 | INFO | my_functions.py:248 | [DEBUG] Buscando en paralelo: ['lets_go.PNG'] | timeout=0s | confidence=0.8
2026-08-10 19:14:40 | INFO | my_functions.py:282 | [DEBUG] Click skipped, ninguna de las imágenes se encontró en el intento.
2026-08-10 19:14:42 | INFO | my_functions.py:169 | Searching shop_unselected.PNG (timeout=0s)
2026-08-10 19:14:43 | INFO | my_functions.py:213 | 
⛔ Not found: shop_unselected.PNG after 0.0s region=(0, 0, 765, 1038) confidence=0.8
2026-08-10 19:14:43 | INFO | my_functions.py:248 | [DEBUG] Buscando en paralelo: ['super_premium.PNG'] | timeout=0s | confidence=0.8
2026-08-10 19:14:44 | INFO | my_functions.py:133 | Haciendo click en la posición (480, 777)
2026-08-10 19:14:45 | INFO | my_functions.py:270 | 🖱️ Click OK (En paralelo): super_premium.PNG at (480, 777) delay=1s
2026-08-10 19:14:46 | INFO | my_functions.py:141 | Presionando ESC (1/1)
2026-08-10 19:14:54 | INFO | my_functions.py:169 | Searching shop_unselected.PNG (timeout=0s)
2026-08-10 19:14:55 | INFO | my_functions.py:199 | 
✅ Found: shop_unselected.PNG pos=(88, 961) time=0.74s confidence=0.8
2026-08-10 19:14:55 | INFO | my_functions.py:714 | Ya esta listo
2026-08-10 19:14:59 | INFO | my_functions.py:169 | Searching play.PNG (timeout=0s)
2026-08-10 19:15:00 | INFO | my_functions.py:199 | 
✅ Found: play.PNG pos=(384, 825) time=0.59s confidence=0.8
2026-08-10 19:15:00 | INFO | my_functions.py:1439 | [INFO] Click realizado donde se equipa el deck a jugar
2026-08-10 19:15:04 | INFO | my_functions.py:248 | [DEBUG] Buscando en paralelo: ['deck_666666.png'] | timeout=3s | confidence=0.8
2026-08-10 19:15:06 | INFO | my_functions.py:133 | Haciendo click en la posición (235, 547)
2026-08-10 19:15:06 | INFO | my_functions.py:270 | 🖱️ Click OK (En paralelo): deck_666666.png at (235, 547) delay=1s
2026-08-10 19:15:07 | INFO | my_functions.py:248 | [DEBUG] Buscando en paralelo: ['equip.png'] | timeout=3s | confidence=0.95
2026-08-10 19:15:11 | INFO | my_functions.py:282 | [DEBUG] Click skipped, ninguna de las imágenes se encontró en el intento.
2026-08-10 19:15:12 | INFO | my_functions.py:141 | Presionando ESC (1/1)
2026-08-10 19:15:12 | INFO | each_eight_hours copy 2.py:89 | Deck selected: 6turns
2026-08-10 19:15:12 | INFO | my_functions.py:248 | [DEBUG] Buscando en paralelo: ['maybe_later.PNG'] | timeout=2s | confidence=0.8
2026-08-10 19:15:15 | INFO | my_functions.py:282 | [DEBUG] Click skipped, ninguna de las imágenes se encontró en el intento.
2026-08-10 19:15:16 | INFO | my_functions.py:248 | [DEBUG] Buscando en paralelo: ['maybe_later2.PNG'] | timeout=0.01s | confidence=0.8
2026-08-10 19:15:16 | INFO | my_functions.py:282 | [DEBUG] Click skipped, ninguna de las imágenes se encontró en el intento.
2026-08-10 19:15:17 | INFO | each_eight_hours copy 2.py:95 | Starting game loop 1
2026-08-10 19:15:17 | INFO | my_functions.py:248 | [DEBUG] Buscando en paralelo: ['play.PNG'] | timeout=20s | confidence=0.8
2026-08-10 19:15:21 | INFO | my_functions.py:133 | Haciendo click en la posición (384, 824)
2026-08-10 19:15:21 | INFO | my_functions.py:270 | 🖱️ Click OK (En paralelo): play.PNG at (384, 824) delay=3s
2026-08-10 19:15:26 | INFO | my_functions.py:169 | Searching failed_to_join_game_error.png (timeout=0s)
2026-08-10 19:15:26 | INFO | my_functions.py:213 | 
⛔ Not found: failed_to_join_game_error.png after 0.0s region=(0, 0, 765, 1038) confidence=0.8
2026-08-10 19:15:29 | INFO | my_functions.py:169 | Searching failed_to_join_game_error.png (timeout=0s)
2026-08-10 19:15:30 | INFO | my_functions.py:213 | 
⛔ Not found: failed_to_join_game_error.png after 0.0s region=(0, 0, 765, 1038) confidence=0.8
2026-08-10 19:15:33 | INFO | my_functions.py:169 | Searching failed_to_join_game_error.png (timeout=0s)
2026-08-10 19:15:34 | INFO | my_functions.py:213 | 
⛔ Not found: failed_to_join_game_error.png after 0.0s region=(0, 0, 765, 1038) confidence=0.8
2026-08-10 19:15:37 | INFO | my_functions.py:169 | Searching failed_to_join_game_error.png (timeout=0s)
2026-08-10 19:15:37 | INFO | my_functions.py:213 | 
⛔ Not found: failed_to_join_game_error.png after 0.0s region=(0, 0, 765, 1038) confidence=0.8
2026-08-10 19:15:41 | INFO | my_functions.py:169 | Searching failed_to_join_game_error.png (timeout=0s)
2026-08-10 19:15:41 | INFO | my_functions.py:213 | 
⛔ Not found: failed_to_join_game_error.png after 0.0s region=(0, 0, 765, 1038) confidence=0.8
2026-08-10 19:15:43 | INFO | my_functions.py:199 | 
✅ Found: end_turn.PNG pos=(681, 945) time=0.64s confidence=0.8
2026-08-10 19:15:43 | INFO | my_functions.py:248 | [DEBUG] Buscando en paralelo: ['snap.PNG'] | timeout=0s | confidence=0.8
2026-08-10 19:15:44 | INFO | my_functions.py:133 | Haciendo click en la posición (386, 123)
2026-08-10 19:15:45 | INFO | my_functions.py:270 | 🖱️ Click OK (En paralelo): snap.PNG at (386, 123) delay=1s
2026-08-10 19:15:51 | INFO | my_functions.py:248 | [DEBUG] Buscando en paralelo: ['end_turn.PNG'] | timeout=0s | confidence=0.8
2026-08-10 19:15:53 | INFO | my_functions.py:133 | Haciendo click en la posición (682, 946)
2026-08-10 19:15:53 | INFO | my_functions.py:270 | 🖱️ Click OK (En paralelo): end_turn.PNG at (682, 946) delay=1s
2026-08-10 19:15:54 | INFO | each_eight_hours copy 2.py:108 | End turn executed
2026-08-10 19:15:56 | INFO | my_functions.py:169 | Searching failed_to_join_game_error.png (timeout=0s)
2026-08-10 19:15:56 | INFO | my_functions.py:213 | 
⛔ Not found: failed_to_join_game_error.png after 0.0s region=(0, 0, 765, 1038) confidence=0.8
2026-08-10 19:15:59 | INFO | my_functions.py:169 | Searching failed_to_join_game_error.png (timeout=0s)
2026-08-10 19:16:00 | INFO | my_functions.py:213 | 
⛔ Not found: failed_to_join_game_error.png after 0.0s region=(0, 0, 765, 1038) confidence=0.8
2026-08-10 19:16:03 | INFO | my_functions.py:169 | Searching failed_to_join_game_error.png (timeout=0s)
2026-08-10 19:16:04 | INFO | my_functions.py:213 | 
⛔ Not found: failed_to_join_game_error.png after 0.0s region=(0, 0, 765, 1038) confidence=0.8
2026-08-10 19:16:07 | INFO | my_functions.py:169 | Searching failed_to_join_game_error.png (timeout=0s)
2026-08-10 19:16:07 | INFO | my_functions.py:213 | 
⛔ Not found: failed_to_join_game_error.png after 0.0s region=(0, 0, 765, 1038) confidence=0.8
2026-08-10 19:16:10 | INFO | my_functions.py:169 | Searching failed_to_join_game_error.png (timeout=0s)
2026-08-10 19:16:11 | INFO | my_functions.py:213 | 
⛔ Not found: failed_to_join_game_error.png after 0.0s region=(0, 0, 765, 1038) confidence=0.8
2026-08-10 19:16:14 | INFO | my_functions.py:169 | Searching failed_to_join_game_error.png (timeout=0s)
2026-08-10 19:16:15 | INFO | my_functions.py:213 | 
⛔ Not found: failed_to_join_game_error.png after 0.0s region=(0, 0, 765, 1038) confidence=0.8
2026-08-10 19:16:16 | INFO | my_functions.py:199 | 
✅ Found: end_turn.PNG pos=(681, 945) time=0.66s confidence=0.8
2026-08-10 19:16:16 | INFO | my_functions.py:248 | [DEBUG] Buscando en paralelo: ['snap.PNG'] | timeout=0s | confidence=0.8
2026-08-10 19:16:17 | INFO | my_functions.py:282 | [DEBUG] Click skipped, ninguna de las imágenes se encontró en el intento.
2026-08-10 19:16:23 | INFO | my_functions.py:248 | [DEBUG] Buscando en paralelo: ['end_turn.PNG'] | timeout=0s | confidence=0.8
2026-08-10 19:16:25 | INFO | my_functions.py:133 | Haciendo click en la posición (682, 945)
2026-08-10 19:16:25 | INFO | my_functions.py:270 | 🖱️ Click OK (En paralelo): end_turn.PNG at (682, 945) delay=1s
2026-08-10 19:16:26 | INFO | each_eight_hours copy 2.py:108 | End turn executed
2026-08-10 19:16:28 | INFO | my_functions.py:169 | Searching failed_to_join_game_error.png (timeout=0s)
2026-08-10 19:16:28 | INFO | my_functions.py:213 | 
⛔ Not found: failed_to_join_game_error.png after 0.0s region=(0, 0, 765, 1038) confidence=0.8
2026-08-10 19:16:31 | INFO | my_functions.py:169 | Searching failed_to_join_game_error.png (timeout=0s)
2026-08-10 19:16:32 | INFO | my_functions.py:213 | 
⛔ Not found: failed_to_join_game_error.png after 0.0s region=(0, 0, 765, 1038) confidence=0.8
2026-08-10 19:16:35 | INFO | my_functions.py:169 | Searching failed_to_join_game_error.png (timeout=0s)
2026-08-10 19:16:36 | INFO | my_functions.py:213 | 
⛔ Not found: failed_to_join_game_error.png after 0.0s region=(0, 0, 765, 1038) confidence=0.8
2026-08-10 19:16:39 | INFO | my_functions.py:169 | Searching failed_to_join_game_error.png (timeout=0s)
2026-08-10 19:16:39 | INFO | my_functions.py:213 | 
⛔ Not found: failed_to_join_game_error.png after 0.0s region=(0, 0, 765, 1038) confidence=0.8
2026-08-10 19:16:42 | INFO | my_functions.py:169 | Searching failed_to_join_game_error.png (timeout=0s)
2026-08-10 19:16:43 | INFO | my_functions.py:213 | 
⛔ Not found: failed_to_join_game_error.png after 0.0s region=(0, 0, 765, 1038) confidence=0.8
2026-08-10 19:16:46 | INFO | my_functions.py:169 | Searching failed_to_join_game_error.png (timeout=0s)
2026-08-10 19:16:47 | INFO | my_functions.py:213 | 
⛔ Not found: failed_to_join_game_error.png after 0.0s region=(0, 0, 765, 1038) confidence=0.8
2026-08-10 19:16:48 | INFO | my_functions.py:199 | 
✅ Found: end_turn.PNG pos=(681, 945) time=0.68s confidence=0.8
2026-08-10 19:16:48 | INFO | my_functions.py:248 | [DEBUG] Buscando en paralelo: ['snap.PNG'] | timeout=0s | confidence=0.8
2026-08-10 19:16:49 | INFO | my_functions.py:282 | [DEBUG] Click skipped, ninguna de las imágenes se encontró en el intento.
2026-08-10 19:16:55 | INFO | my_functions.py:248 | [DEBUG] Buscando en paralelo: ['end_turn.PNG'] | timeout=0s | confidence=0.8
2026-08-10 19:16:57 | INFO | my_functions.py:133 | Haciendo click en la posición (682, 945)
2026-08-10 19:16:57 | INFO | my_functions.py:270 | 🖱️ Click OK (En paralelo): end_turn.PNG at (682, 945) delay=1s
2026-08-10 19:16:58 | INFO | each_eight_hours copy 2.py:108 | End turn executed
2026-08-10 19:17:00 | INFO | my_functions.py:169 | Searching failed_to_join_game_error.png (timeout=0s)
2026-08-10 19:17:00 | INFO | my_functions.py:213 | 
⛔ Not found: failed_to_join_game_error.png after 0.0s region=(0, 0, 765, 1038) confidence=0.8
2026-08-10 19:17:04 | INFO | my_functions.py:169 | Searching failed_to_join_game_error.png (timeout=0s)
2026-08-10 19:17:04 | INFO | my_functions.py:213 | 
⛔ Not found: failed_to_join_game_error.png after 0.0s region=(0, 0, 765, 1038) confidence=0.8
2026-08-10 19:17:07 | INFO | my_functions.py:169 | Searching failed_to_join_game_error.png (timeout=0s)
2026-08-10 19:17:08 | INFO | my_functions.py:213 | 
⛔ Not found: failed_to_join_game_error.png after 0.0s region=(0, 0, 765, 1038) confidence=0.8
2026-08-10 19:17:11 | INFO | my_functions.py:169 | Searching failed_to_join_game_error.png (timeout=0s)
2026-08-10 19:17:12 | INFO | my_functions.py:213 | 
⛔ Not found: failed_to_join_game_error.png after 0.0s region=(0, 0, 765, 1038) confidence=0.8
2026-08-10 19:17:15 | INFO | my_functions.py:169 | Searching failed_to_join_game_error.png (timeout=0s)
2026-08-10 19:17:15 | INFO | my_functions.py:213 | 
⛔ Not found: failed_to_join_game_error.png after 0.0s region=(0, 0, 765, 1038) confidence=0.8
2026-08-10 19:17:19 | INFO | my_functions.py:169 | Searching failed_to_join_game_error.png (timeout=0s)
2026-08-10 19:17:19 | INFO | my_functions.py:213 | 
⛔ Not found: failed_to_join_game_error.png after 0.0s region=(0, 0, 765, 1038) confidence=0.8
2026-08-10 19:17:22 | INFO | my_functions.py:169 | Searching failed_to_join_game_error.png (timeout=0s)
2026-08-10 19:17:23 | INFO | my_functions.py:213 | 
⛔ Not found: failed_to_join_game_error.png after 0.0s region=(0, 0, 765, 1038) confidence=0.8
2026-08-10 19:17:24 | INFO | my_functions.py:199 | 
✅ Found: end_turn.PNG pos=(681, 945) time=0.66s confidence=0.8
2026-08-10 19:17:24 | INFO | my_functions.py:248 | [DEBUG] Buscando en paralelo: ['snap.PNG'] | timeout=0s | confidence=0.8
2026-08-10 19:17:25 | INFO | my_functions.py:282 | [DEBUG] Click skipped, ninguna de las imágenes se encontró en el intento.
2026-08-10 19:17:31 | INFO | my_functions.py:248 | [DEBUG] Buscando en paralelo: ['end_turn.PNG'] | timeout=0s | confidence=0.8
2026-08-10 19:17:33 | INFO | my_functions.py:133 | Haciendo click en la posición (682, 945)
2026-08-10 19:17:33 | INFO | my_functions.py:270 | 🖱️ Click OK (En paralelo): end_turn.PNG at (682, 945) delay=1s
2026-08-10 19:17:34 | INFO | each_eight_hours copy 2.py:108 | End turn executed
2026-08-10 19:17:36 | INFO | my_functions.py:169 | Searching failed_to_join_game_error.png (timeout=0s)
2026-08-10 19:17:36 | INFO | my_functions.py:213 | 
⛔ Not found: failed_to_join_game_error.png after 0.0s region=(0, 0, 765, 1038) confidence=0.8
2026-08-10 19:17:39 | INFO | my_functions.py:169 | Searching failed_to_join_game_error.png (timeout=0s)
2026-08-10 19:17:40 | INFO | my_functions.py:213 | 
⛔ Not found: failed_to_join_game_error.png after 0.0s region=(0, 0, 765, 1038) confidence=0.8
2026-08-10 19:17:43 | INFO | my_functions.py:169 | Searching failed_to_join_game_error.png (timeout=0s)
2026-08-10 19:17:44 | INFO | my_functions.py:213 | 
⛔ Not found: failed_to_join_game_error.png after 0.0s region=(0, 0, 765, 1038) confidence=0.8
2026-08-10 19:17:47 | INFO | my_functions.py:169 | Searching failed_to_join_game_error.png (timeout=0s)
2026-08-10 19:17:47 | INFO | my_functions.py:213 | 
⛔ Not found: failed_to_join_game_error.png after 0.0s region=(0, 0, 765, 1038) confidence=0.8
2026-08-10 19:17:51 | INFO | my_functions.py:169 | Searching failed_to_join_game_error.png (timeout=0s)
2026-08-10 19:17:51 | INFO | my_functions.py:213 | 
⛔ Not found: failed_to_join_game_error.png after 0.0s region=(0, 0, 765, 1038) confidence=0.8
2026-08-10 19:17:54 | INFO | my_functions.py:169 | Searching failed_to_join_game_error.png (timeout=0s)
2026-08-10 19:17:55 | INFO | my_functions.py:213 | 
⛔ Not found: failed_to_join_game_error.png after 0.0s region=(0, 0, 765, 1038) confidence=0.8
2026-08-10 19:17:58 | INFO | my_functions.py:169 | Searching failed_to_join_game_error.png (timeout=0s)
2026-08-10 19:17:59 | INFO | my_functions.py:213 | 
⛔ Not found: failed_to_join_game_error.png after 0.0s region=(0, 0, 765, 1038) confidence=0.8
2026-08-10 19:18:02 | INFO | my_functions.py:169 | Searching failed_to_join_game_error.png (timeout=0s)
2026-08-10 19:18:02 | INFO | my_functions.py:213 | 
⛔ Not found: failed_to_join_game_error.png after 0.0s region=(0, 0, 765, 1038) confidence=0.8
2026-08-10 19:18:06 | INFO | my_functions.py:169 | Searching failed_to_join_game_error.png (timeout=0s)
2026-08-10 19:18:06 | INFO | my_functions.py:213 | 
⛔ Not found: failed_to_join_game_error.png after 0.0s region=(0, 0, 765, 1038) confidence=0.8
2026-08-10 19:18:08 | INFO | my_functions.py:199 | 
✅ Found: end_turn.PNG pos=(681, 945) time=0.67s confidence=0.8
2026-08-10 19:18:08 | INFO | my_functions.py:248 | [DEBUG] Buscando en paralelo: ['snap.PNG'] | timeout=0s | confidence=0.8
2026-08-10 19:18:08 | INFO | my_functions.py:282 | [DEBUG] Click skipped, ninguna de las imágenes se encontró en el intento.
2026-08-10 19:18:15 | INFO | my_functions.py:248 | [DEBUG] Buscando en paralelo: ['end_turn.PNG'] | timeout=0s | confidence=0.8
2026-08-10 19:18:16 | INFO | my_functions.py:133 | Haciendo click en la posición (682, 945)
2026-08-10 19:18:17 | INFO | my_functions.py:270 | 🖱️ Click OK (En paralelo): end_turn.PNG at (682, 945) delay=1s
2026-08-10 19:18:18 | INFO | each_eight_hours copy 2.py:108 | End turn executed
2026-08-10 19:18:19 | INFO | my_functions.py:169 | Searching failed_to_join_game_error.png (timeout=0s)
2026-08-10 19:18:20 | INFO | my_functions.py:213 | 
⛔ Not found: failed_to_join_game_error.png after 0.0s region=(0, 0, 765, 1038) confidence=0.8
2026-08-10 19:18:23 | INFO | my_functions.py:169 | Searching failed_to_join_game_error.png (timeout=0s)
2026-08-10 19:18:24 | INFO | my_functions.py:213 | 
⛔ Not found: failed_to_join_game_error.png after 0.0s region=(0, 0, 765, 1038) confidence=0.8
2026-08-10 19:18:27 | INFO | my_functions.py:169 | Searching failed_to_join_game_error.png (timeout=0s)
2026-08-10 19:18:27 | INFO | my_functions.py:213 | 
⛔ Not found: failed_to_join_game_error.png after 0.0s region=(0, 0, 765, 1038) confidence=0.8
2026-08-10 19:18:31 | INFO | my_functions.py:169 | Searching failed_to_join_game_error.png (timeout=0s)
2026-08-10 19:18:31 | INFO | my_functions.py:213 | 
⛔ Not found: failed_to_join_game_error.png after 0.0s region=(0, 0, 765, 1038) confidence=0.8
2026-08-10 19:18:34 | INFO | my_functions.py:169 | Searching failed_to_join_game_error.png (timeout=0s)
2026-08-10 19:18:35 | INFO | my_functions.py:213 | 
⛔ Not found: failed_to_join_game_error.png after 0.0s region=(0, 0, 765, 1038) confidence=0.8
2026-08-10 19:18:38 | INFO | my_functions.py:169 | Searching failed_to_join_game_error.png (timeout=0s)
2026-08-10 19:18:39 | INFO | my_functions.py:213 | 
⛔ Not found: failed_to_join_game_error.png after 0.0s region=(0, 0, 765, 1038) confidence=0.8
2026-08-10 19:18:42 | INFO | my_functions.py:169 | Searching failed_to_join_game_error.png (timeout=0s)
2026-08-10 19:18:42 | INFO | my_functions.py:213 | 
⛔ Not found: failed_to_join_game_error.png after 0.0s region=(0, 0, 765, 1038) confidence=0.8
2026-08-10 19:18:46 | INFO | my_functions.py:169 | Searching failed_to_join_game_error.png (timeout=0s)
2026-08-10 19:18:46 | INFO | my_functions.py:213 | 
⛔ Not found: failed_to_join_game_error.png after 0.0s region=(0, 0, 765, 1038) confidence=0.8
2026-08-10 19:18:49 | INFO | my_functions.py:169 | Searching failed_to_join_game_error.png (timeout=0s)
2026-08-10 19:18:50 | INFO | my_functions.py:213 | 
⛔ Not found: failed_to_join_game_error.png after 0.0s region=(0, 0, 765, 1038) confidence=0.8
2026-08-10 19:18:53 | INFO | my_functions.py:169 | Searching failed_to_join_game_error.png (timeout=0s)
2026-08-10 19:18:54 | INFO | my_functions.py:213 | 
⛔ Not found: failed_to_join_game_error.png after 0.0s region=(0, 0, 765, 1038) confidence=0.8
2026-08-10 19:18:57 | INFO | my_functions.py:169 | Searching failed_to_join_game_error.png (timeout=0s)
2026-08-10 19:18:58 | INFO | my_functions.py:213 | 
⛔ Not found: failed_to_join_game_error.png after 0.48s region=(0, 0, 765, 1038) confidence=0.8
2026-08-10 19:19:01 | INFO | my_functions.py:169 | Searching failed_to_join_game_error.png (timeout=0s)
2026-08-10 19:19:02 | INFO | my_functions.py:213 | 
⛔ Not found: failed_to_join_game_error.png after 0.0s region=(0, 0, 765, 1038) confidence=0.8
2026-08-10 19:19:05 | INFO | my_functions.py:169 | Searching failed_to_join_game_error.png (timeout=0s)
2026-08-10 19:19:06 | INFO | my_functions.py:213 | 
⛔ Not found: failed_to_join_game_error.png after 0.0s region=(0, 0, 765, 1038) confidence=0.8
2026-08-10 19:19:09 | INFO | my_functions.py:169 | Searching failed_to_join_game_error.png (timeout=0s)
2026-08-10 19:19:09 | INFO | my_functions.py:213 | 
⛔ Not found: failed_to_join_game_error.png after 0.0s region=(0, 0, 765, 1038) confidence=0.8
2026-08-10 19:19:11 | INFO | my_functions.py:199 | 
✅ Found: end_turn.PNG pos=(681, 945) time=0.63s confidence=0.8
2026-08-10 19:19:11 | INFO | my_functions.py:248 | [DEBUG] Buscando en paralelo: ['snap.PNG'] | timeout=0s | confidence=0.8
2026-08-10 19:19:12 | INFO | my_functions.py:282 | [DEBUG] Click skipped, ninguna de las imágenes se encontró en el intento.
2026-08-10 19:19:18 | INFO | my_functions.py:248 | [DEBUG] Buscando en paralelo: ['end_turn.PNG'] | timeout=0s | confidence=0.8
2026-08-10 19:19:19 | INFO | my_functions.py:133 | Haciendo click en la posición (682, 945)
2026-08-10 19:19:20 | INFO | my_functions.py:270 | 🖱️ Click OK (En paralelo): end_turn.PNG at (682, 945) delay=1s
2026-08-10 19:19:21 | INFO | each_eight_hours copy 2.py:108 | End turn executed
2026-08-10 19:19:23 | INFO | my_functions.py:169 | Searching failed_to_join_game_error.png (timeout=0s)
2026-08-10 19:19:23 | INFO | my_functions.py:213 | 
⛔ Not found: failed_to_join_game_error.png after 0.0s region=(0, 0, 765, 1038) confidence=0.8
2026-08-10 19:19:26 | INFO | my_functions.py:169 | Searching failed_to_join_game_error.png (timeout=0s)
2026-08-10 19:19:27 | INFO | my_functions.py:213 | 
⛔ Not found: failed_to_join_game_error.png after 0.0s region=(0, 0, 765, 1038) confidence=0.8
2026-08-10 19:19:30 | INFO | my_functions.py:169 | Searching failed_to_join_game_error.png (timeout=0s)
2026-08-10 19:19:30 | INFO | my_functions.py:213 | 
⛔ Not found: failed_to_join_game_error.png after 0.0s region=(0, 0, 765, 1038) confidence=0.8
2026-08-10 19:19:34 | INFO | my_functions.py:169 | Searching failed_to_join_game_error.png (timeout=0s)
2026-08-10 19:19:34 | INFO | my_functions.py:213 | 
⛔ Not found: failed_to_join_game_error.png after 0.0s region=(0, 0, 765, 1038) confidence=0.8
2026-08-10 19:19:37 | INFO | my_functions.py:169 | Searching failed_to_join_game_error.png (timeout=0s)
2026-08-10 19:19:38 | INFO | my_functions.py:213 | 
⛔ Not found: failed_to_join_game_error.png after 0.0s region=(0, 0, 765, 1038) confidence=0.8
2026-08-10 19:19:41 | INFO | my_functions.py:169 | Searching failed_to_join_game_error.png (timeout=0s)
2026-08-10 19:19:42 | INFO | my_functions.py:213 | 
⛔ Not found: failed_to_join_game_error.png after 0.0s region=(0, 0, 765, 1038) confidence=0.8
2026-08-10 19:19:45 | INFO | my_functions.py:169 | Searching failed_to_join_game_error.png (timeout=0s)
2026-08-10 19:19:45 | INFO | my_functions.py:213 | 
⛔ Not found: failed_to_join_game_error.png after 0.0s region=(0, 0, 765, 1038) confidence=0.8
2026-08-10 19:19:46 | INFO | my_functions.py:199 | 
✅ Found: collect_rewards.PNG pos=(679, 957) time=0.76s confidence=0.8
2026-08-10 19:19:46 | INFO | each_eight_hours copy 2.py:138 | Rewards detected, exiting match. Game duration: 268.8 s
2026-08-10 19:19:46 | INFO | my_functions.py:248 | [DEBUG] Buscando en paralelo: ['collect_rewards.PNG'] | timeout=20s | confidence=0.8
2026-08-10 19:19:48 | INFO | my_functions.py:133 | Haciendo click en la posición (679, 957)
2026-08-10 19:19:48 | INFO | my_functions.py:270 | 🖱️ Click OK (En paralelo): collect_rewards.PNG at (679, 957) delay=1s
2026-08-10 19:19:49 | INFO | my_functions.py:248 | [DEBUG] Buscando en paralelo: ['next.PNG'] | timeout=20s | confidence=0.8
2026-08-10 19:19:55 | INFO | my_functions.py:133 | Haciendo click en la posición (677, 973)
2026-08-10 19:19:55 | INFO | my_functions.py:270 | 🖱️ Click OK (En paralelo): next.PNG at (677, 973) delay=1s
2026-08-10 19:19:58 | INFO | my_functions.py:169 | Searching hyper_cube.png (timeout=5s)
2026-08-10 19:20:04 | INFO | my_functions.py:213 | 
⛔ Not found: hyper_cube.png after 5.05s region=(0, 0, 765, 1038) confidence=0.8
2026-08-10 19:20:04 | INFO | each_eight_hours copy 2.py:95 | Starting game loop 2
2026-08-10 19:20:04 | INFO | my_functions.py:248 | [DEBUG] Buscando en paralelo: ['play.PNG'] | timeout=20s | confidence=0.8
2026-08-10 19:20:07 | INFO | my_functions.py:133 | Haciendo click en la posición (384, 824)
2026-08-10 19:20:07 | INFO | my_functions.py:270 | 🖱️ Click OK (En paralelo): play.PNG at (384, 824) delay=3s
2026-08-10 19:20:12 | INFO | my_functions.py:169 | Searching failed_to_join_game_error.png (timeout=0s)
2026-08-10 19:20:12 | INFO | my_functions.py:213 | 
⛔ Not found: failed_to_join_game_error.png after 0.0s region=(0, 0, 765, 1038) confidence=0.8
2026-08-10 19:20:15 | INFO | my_functions.py:169 | Searching failed_to_join_game_error.png (timeout=0s)
2026-08-10 19:20:16 | INFO | my_functions.py:213 | 
⛔ Not found: failed_to_join_game_error.png after 0.0s region=(0, 0, 765, 1038) confidence=0.8
2026-08-10 19:20:19 | INFO | my_functions.py:169 | Searching failed_to_join_game_error.png (timeout=0s)
2026-08-10 19:20:20 | INFO | my_functions.py:213 | 
⛔ Not found: failed_to_join_game_error.png after 0.0s region=(0, 0, 765, 1038) confidence=0.8
2026-08-10 19:20:23 | INFO | my_functions.py:169 | Searching failed_to_join_game_error.png (timeout=0s)
2026-08-10 19:20:23 | INFO | my_functions.py:213 | 
⛔ Not found: failed_to_join_game_error.png after 0.0s region=(0, 0, 765, 1038) confidence=0.8
2026-08-10 19:20:27 | INFO | my_functions.py:169 | Searching failed_to_join_game_error.png (timeout=0s)
2026-08-10 19:20:27 | INFO | my_functions.py:213 | 
⛔ Not found: failed_to_join_game_error.png after 0.0s region=(0, 0, 765, 1038) confidence=0.8
2026-08-10 19:20:30 | INFO | my_functions.py:169 | Searching failed_to_join_game_error.png (timeout=0s)
2026-08-10 19:20:31 | INFO | my_functions.py:213 | 
⛔ Not found: failed_to_join_game_error.png after 0.0s region=(0, 0, 765, 1038) confidence=0.8
2026-08-10 19:20:34 | INFO | my_functions.py:169 | Searching failed_to_join_game_error.png (timeout=0s)
2026-08-10 19:20:34 | INFO | my_functions.py:213 | 
⛔ Not found: failed_to_join_game_error.png after 0.0s region=(0, 0, 765, 1038) confidence=0.8
2026-08-10 19:20:36 | INFO | my_functions.py:199 | 
✅ Found: end_turn.PNG pos=(681, 945) time=0.66s confidence=0.8
2026-08-10 19:20:36 | INFO | my_functions.py:248 | [DEBUG] Buscando en paralelo: ['snap.PNG'] | timeout=0s | confidence=0.8
2026-08-10 19:20:38 | INFO | my_functions.py:133 | Haciendo click en la posición (386, 123)
2026-08-10 19:20:38 | INFO | my_functions.py:270 | 🖱️ Click OK (En paralelo): snap.PNG at (386, 123) delay=1s
2026-08-10 19:20:44 | INFO | my_functions.py:248 | [DEBUG] Buscando en paralelo: ['end_turn.PNG'] | timeout=0s | confidence=0.8
2026-08-10 19:20:46 | INFO | my_functions.py:133 | Haciendo click en la posición (682, 946)
2026-08-10 19:20:46 | INFO | my_functions.py:270 | 🖱️ Click OK (En paralelo): end_turn.PNG at (682, 946) delay=1s
2026-08-10 19:20:47 | INFO | each_eight_hours copy 2.py:108 | End turn executed
2026-08-10 19:20:49 | INFO | my_functions.py:169 | Searching failed_to_join_game_error.png (timeout=0s)
2026-08-10 19:20:49 | INFO | my_functions.py:213 | 
⛔ Not found: failed_to_join_game_error.png after 0.0s region=(0, 0, 765, 1038) confidence=0.8
2026-08-10 19:20:52 | INFO | my_functions.py:169 | Searching failed_to_join_game_error.png (timeout=0s)
2026-08-10 19:20:53 | INFO | my_functions.py:213 | 
⛔ Not found: failed_to_join_game_error.png after 0.0s region=(0, 0, 765, 1038) confidence=0.8
2026-08-10 19:20:56 | INFO | my_functions.py:169 | Searching failed_to_join_game_error.png (timeout=0s)
2026-08-10 19:20:56 | INFO | my_functions.py:213 | 
⛔ Not found: failed_to_join_game_error.png after 0.0s region=(0, 0, 765, 1038) confidence=0.8
2026-08-10 19:21:00 | INFO | my_functions.py:169 | Searching failed_to_join_game_error.png (timeout=0s)
2026-08-10 19:21:00 | INFO | my_functions.py:213 | 
⛔ Not found: failed_to_join_game_error.png after 0.0s region=(0, 0, 765, 1038) confidence=0.8
2026-08-10 19:21:04 | INFO | my_functions.py:169 | Searching failed_to_join_game_error.png (timeout=0s)
2026-08-10 19:21:04 | INFO | my_functions.py:213 | 
⛔ Not found: failed_to_join_game_error.png after 0.0s region=(0, 0, 765, 1038) confidence=0.8
2026-08-10 19:21:06 | INFO | my_functions.py:199 | 
✅ Found: end_turn.PNG pos=(681, 945) time=0.65s confidence=0.8
2026-08-10 19:21:06 | INFO | my_functions.py:248 | [DEBUG] Buscando en paralelo: ['snap.PNG'] | timeout=0s | confidence=0.8
2026-08-10 19:21:06 | INFO | my_functions.py:282 | [DEBUG] Click skipped, ninguna de las imágenes se encontró en el intento.
2026-08-10 19:21:12 | INFO | my_functions.py:248 | [DEBUG] Buscando en paralelo: ['end_turn.PNG'] | timeout=0s | confidence=0.8
2026-08-10 19:21:14 | INFO | my_functions.py:133 | Haciendo click en la posición (682, 946)
2026-08-10 19:21:14 | INFO | my_functions.py:270 | 🖱️ Click OK (En paralelo): end_turn.PNG at (682, 946) delay=1s
2026-08-10 19:21:15 | INFO | each_eight_hours copy 2.py:108 | End turn executed
2026-08-10 19:21:17 | INFO | my_functions.py:169 | Searching failed_to_join_game_error.png (timeout=0s)
2026-08-10 19:21:18 | INFO | my_functions.py:213 | 
⛔ Not found: failed_to_join_game_error.png after 0.0s region=(0, 0, 765, 1038) confidence=0.8
2026-08-10 19:21:21 | INFO | my_functions.py:169 | Searching failed_to_join_game_error.png (timeout=0s)
2026-08-10 19:21:22 | INFO | my_functions.py:213 | 
⛔ Not found: failed_to_join_game_error.png after 0.0s region=(0, 0, 765, 1038) confidence=0.8
2026-08-10 19:21:25 | INFO | my_functions.py:169 | Searching failed_to_join_game_error.png (timeout=0s)
2026-08-10 19:21:25 | INFO | my_functions.py:213 | 
⛔ Not found: failed_to_join_game_error.png after 0.0s region=(0, 0, 765, 1038) confidence=0.8
2026-08-10 19:21:27 | INFO | my_functions.py:199 | 
✅ Found: end_turn.PNG pos=(681, 945) time=0.66s confidence=0.8
2026-08-10 19:21:27 | INFO | my_functions.py:248 | [DEBUG] Buscando en paralelo: ['snap.PNG'] | timeout=0s | confidence=0.8
2026-08-10 19:21:27 | INFO | my_functions.py:282 | [DEBUG] Click skipped, ninguna de las imágenes se encontró en el intento.
2026-08-10 19:21:34 | INFO | my_functions.py:248 | [DEBUG] Buscando en paralelo: ['end_turn.PNG'] | timeout=0s | confidence=0.8
2026-08-10 19:21:35 | INFO | my_functions.py:133 | Haciendo click en la posición (682, 945)
2026-08-10 19:21:35 | INFO | my_functions.py:270 | 🖱️ Click OK (En paralelo): end_turn.PNG at (682, 945) delay=1s
2026-08-10 19:21:37 | INFO | each_eight_hours copy 2.py:108 | End turn executed
2026-08-10 19:21:38 | INFO | my_functions.py:169 | Searching failed_to_join_game_error.png (timeout=0s)
2026-08-10 19:21:39 | INFO | my_functions.py:213 | 
⛔ Not found: failed_to_join_game_error.png after 0.0s region=(0, 0, 765, 1038) confidence=0.8
2026-08-10 19:21:42 | INFO | my_functions.py:169 | Searching failed_to_join_game_error.png (timeout=0s)
2026-08-10 19:21:43 | INFO | my_functions.py:213 | 
⛔ Not found: failed_to_join_game_error.png after 0.0s region=(0, 0, 765, 1038) confidence=0.8
2026-08-10 19:21:46 | INFO | my_functions.py:169 | Searching failed_to_join_game_error.png (timeout=0s)
2026-08-10 19:21:46 | INFO | my_functions.py:213 | 
⛔ Not found: failed_to_join_game_error.png after 0.0s region=(0, 0, 765, 1038) confidence=0.8
2026-08-10 19:21:50 | INFO | my_functions.py:169 | Searching failed_to_join_game_error.png (timeout=0s)
2026-08-10 19:21:50 | INFO | my_functions.py:213 | 
⛔ Not found: failed_to_join_game_error.png after 0.0s region=(0, 0, 765, 1038) confidence=0.8
2026-08-10 19:21:52 | INFO | my_functions.py:199 | 
✅ Found: never_seen_before.png pos=(395, 141) time=0.48s confidence=0.8
2026-08-10 19:21:53 | WARNING | each_eight_hours copy 2.py:116 | Unknown popup handled
2026-08-10 19:21:54 | INFO | my_functions.py:169 | Searching failed_to_join_game_error.png (timeout=0s)
2026-08-10 19:21:55 | INFO | my_functions.py:213 | 
⛔ Not found: failed_to_join_game_error.png after 0.0s region=(0, 0, 765, 1038) confidence=0.8
2026-08-10 19:21:58 | INFO | my_functions.py:169 | Searching failed_to_join_game_error.png (timeout=0s)
2026-08-10 19:21:58 | INFO | my_functions.py:213 | 
⛔ Not found: failed_to_join_game_error.png after 0.0s region=(0, 0, 765, 1038) confidence=0.8
2026-08-10 19:22:00 | INFO | my_functions.py:199 | 
✅ Found: end_turn.PNG pos=(681, 945) time=0.66s confidence=0.8
2026-08-10 19:22:00 | INFO | my_functions.py:248 | [DEBUG] Buscando en paralelo: ['snap.PNG'] | timeout=0s | confidence=0.8
2026-08-10 19:22:01 | INFO | my_functions.py:282 | [DEBUG] Click skipped, ninguna de las imágenes se encontró en el intento.
2026-08-10 19:22:07 | INFO | my_functions.py:248 | [DEBUG] Buscando en paralelo: ['end_turn.PNG'] | timeout=0s | confidence=0.8
2026-08-10 19:22:08 | INFO | my_functions.py:133 | Haciendo click en la posición (682, 945)
2026-08-10 19:22:09 | INFO | my_functions.py:270 | 🖱️ Click OK (En paralelo): end_turn.PNG at (682, 945) delay=1s
2026-08-10 19:22:10 | INFO | each_eight_hours copy 2.py:108 | End turn executed
2026-08-10 19:22:12 | INFO | my_functions.py:169 | Searching failed_to_join_game_error.png (timeout=0s)
2026-08-10 19:22:12 | INFO | my_functions.py:213 | 
⛔ Not found: failed_to_join_game_error.png after 0.0s region=(0, 0, 765, 1038) confidence=0.8
2026-08-10 19:22:15 | INFO | my_functions.py:169 | Searching failed_to_join_game_error.png (timeout=0s)
2026-08-10 19:22:16 | INFO | my_functions.py:213 | 
⛔ Not found: failed_to_join_game_error.png after 0.0s region=(0, 0, 765, 1038) confidence=0.8
2026-08-10 19:22:19 | INFO | my_functions.py:169 | Searching failed_to_join_game_error.png (timeout=0s)
2026-08-10 19:22:19 | INFO | my_functions.py:213 | 
⛔ Not found: failed_to_join_game_error.png after 0.0s region=(0, 0, 765, 1038) confidence=0.8
2026-08-10 19:22:23 | INFO | my_functions.py:169 | Searching failed_to_join_game_error.png (timeout=0s)
2026-08-10 19:22:23 | INFO | my_functions.py:213 | 
⛔ Not found: failed_to_join_game_error.png after 0.0s region=(0, 0, 765, 1038) confidence=0.8
2026-08-10 19:22:24 | INFO | my_functions.py:199 | 
✅ Found: end_turn.PNG pos=(681, 945) time=0.64s confidence=0.8
2026-08-10 19:22:24 | INFO | my_functions.py:248 | [DEBUG] Buscando en paralelo: ['snap.PNG'] | timeout=0s | confidence=0.8
2026-08-10 19:22:25 | INFO | my_functions.py:282 | [DEBUG] Click skipped, ninguna de las imágenes se encontró en el intento.
2026-08-10 19:22:32 | INFO | my_functions.py:248 | [DEBUG] Buscando en paralelo: ['end_turn.PNG'] | timeout=0s | confidence=0.8
2026-08-10 19:22:33 | INFO | my_functions.py:133 | Haciendo click en la posición (682, 945)
2026-08-10 19:22:33 | INFO | my_functions.py:270 | 🖱️ Click OK (En paralelo): end_turn.PNG at (682, 945) delay=1s
2026-08-10 19:22:35 | INFO | each_eight_hours copy 2.py:108 | End turn executed
2026-08-10 19:22:36 | INFO | my_functions.py:169 | Searching failed_to_join_game_error.png (timeout=0s)
2026-08-10 19:22:37 | INFO | my_functions.py:213 | 
⛔ Not found: failed_to_join_game_error.png after 0.0s region=(0, 0, 765, 1038) confidence=0.8
2026-08-10 19:22:40 | INFO | my_functions.py:169 | Searching failed_to_join_game_error.png (timeout=0s)
2026-08-10 19:22:41 | INFO | my_functions.py:213 | 
⛔ Not found: failed_to_join_game_error.png after 0.0s region=(0, 0, 765, 1038) confidence=0.8
2026-08-10 19:22:44 | INFO | my_functions.py:169 | Searching failed_to_join_game_error.png (timeout=0s)
2026-08-10 19:22:44 | INFO | my_functions.py:213 | 
⛔ Not found: failed_to_join_game_error.png after 0.0s region=(0, 0, 765, 1038) confidence=0.8
2026-08-10 19:22:48 | INFO | my_functions.py:169 | Searching failed_to_join_game_error.png (timeout=0s)
2026-08-10 19:22:48 | INFO | my_functions.py:213 | 
⛔ Not found: failed_to_join_game_error.png after 0.0s region=(0, 0, 765, 1038) confidence=0.8
2026-08-10 19:22:49 | INFO | my_functions.py:199 | 
✅ Found: end_turn.PNG pos=(681, 945) time=0.68s confidence=0.8
2026-08-10 19:22:49 | INFO | my_functions.py:248 | [DEBUG] Buscando en paralelo: ['snap.PNG'] | timeout=0s | confidence=0.8
2026-08-10 19:22:50 | INFO | my_functions.py:282 | [DEBUG] Click skipped, ninguna de las imágenes se encontró en el intento.
2026-08-10 19:22:57 | INFO | my_functions.py:248 | [DEBUG] Buscando en paralelo: ['end_turn.PNG'] | timeout=0s | confidence=0.8
2026-08-10 19:22:58 | INFO | my_functions.py:133 | Haciendo click en la posición (681, 945)
2026-08-10 19:22:58 | INFO | my_functions.py:270 | 🖱️ Click OK (En paralelo): end_turn.PNG at (681, 945) delay=1s
2026-08-10 19:22:59 | INFO | each_eight_hours copy 2.py:108 | End turn executed
2026-08-10 19:23:01 | INFO | my_functions.py:169 | Searching failed_to_join_game_error.png (timeout=0s)
2026-08-10 19:23:02 | INFO | my_functions.py:213 | 
⛔ Not found: failed_to_join_game_error.png after 0.0s region=(0, 0, 765, 1038) confidence=0.8
2026-08-10 19:23:05 | INFO | my_functions.py:169 | Searching failed_to_join_game_error.png (timeout=0s)
2026-08-10 19:23:06 | INFO | my_functions.py:213 | 
⛔ Not found: failed_to_join_game_error.png after 0.0s region=(0, 0, 765, 1038) confidence=0.8
2026-08-10 19:23:09 | INFO | my_functions.py:169 | Searching failed_to_join_game_error.png (timeout=0s)
2026-08-10 19:23:09 | INFO | my_functions.py:213 | 
⛔ Not found: failed_to_join_game_error.png after 0.0s region=(0, 0, 765, 1038) confidence=0.8
2026-08-10 19:23:13 | INFO | my_functions.py:169 | Searching failed_to_join_game_error.png (timeout=0s)
2026-08-10 19:23:13 | INFO | my_functions.py:213 | 
⛔ Not found: failed_to_join_game_error.png after 0.0s region=(0, 0, 765, 1038) confidence=0.8
2026-08-10 19:23:16 | INFO | my_functions.py:169 | Searching failed_to_join_game_error.png (timeout=0s)
2026-08-10 19:23:17 | INFO | my_functions.py:213 | 
⛔ Not found: failed_to_join_game_error.png after 0.0s region=(0, 0, 765, 1038) confidence=0.8
2026-08-10 19:23:20 | INFO | my_functions.py:169 | Searching failed_to_join_game_error.png (timeout=0s)
2026-08-10 19:23:21 | INFO | my_functions.py:213 | 
⛔ Not found: failed_to_join_game_error.png after 0.0s region=(0, 0, 765, 1038) confidence=0.8
2026-08-10 19:23:22 | INFO | my_functions.py:199 | 
✅ Found: collect_rewards.PNG pos=(679, 957) time=0.77s confidence=0.8
2026-08-10 19:23:22 | INFO | each_eight_hours copy 2.py:138 | Rewards detected, exiting match. Game duration: 197.96 s
2026-08-10 19:23:22 | INFO | my_functions.py:248 | [DEBUG] Buscando en paralelo: ['collect_rewards.PNG'] | timeout=20s | confidence=0.8
2026-08-10 19:23:23 | INFO | my_functions.py:133 | Haciendo click en la posición (679, 957)
2026-08-10 19:23:24 | INFO | my_functions.py:270 | 🖱️ Click OK (En paralelo): collect_rewards.PNG at (679, 957) delay=1s
2026-08-10 19:23:25 | INFO | my_functions.py:248 | [DEBUG] Buscando en paralelo: ['next.PNG'] | timeout=20s | confidence=0.8
2026-08-10 19:23:30 | INFO | my_functions.py:133 | Haciendo click en la posición (677, 973)
2026-08-10 19:23:30 | INFO | my_functions.py:270 | 🖱️ Click OK (En paralelo): next.PNG at (677, 973) delay=1s
2026-08-10 19:23:33 | INFO | my_functions.py:169 | Searching hyper_cube.png (timeout=5s)
2026-08-10 19:23:39 | INFO | my_functions.py:213 | 
⛔ Not found: hyper_cube.png after 5.16s region=(0, 0, 765, 1038) confidence=0.8
2026-08-10 19:23:39 | INFO | each_eight_hours copy 2.py:95 | Starting game loop 3
2026-08-10 19:23:39 | INFO | my_functions.py:248 | [DEBUG] Buscando en paralelo: ['play.PNG'] | timeout=20s | confidence=0.8
2026-08-10 19:23:42 | INFO | my_functions.py:133 | Haciendo click en la posición (384, 824)
2026-08-10 19:23:43 | INFO | my_functions.py:270 | 🖱️ Click OK (En paralelo): play.PNG at (384, 824) delay=3s
2026-08-10 19:23:47 | INFO | my_functions.py:169 | Searching failed_to_join_game_error.png (timeout=0s)
2026-08-10 19:23:48 | INFO | my_functions.py:213 | 
⛔ Not found: failed_to_join_game_error.png after 0.0s region=(0, 0, 765, 1038) confidence=0.8
2026-08-10 19:23:51 | INFO | my_functions.py:169 | Searching failed_to_join_game_error.png (timeout=0s)
2026-08-10 19:23:52 | INFO | my_functions.py:213 | 
⛔ Not found: failed_to_join_game_error.png after 0.0s region=(0, 0, 765, 1038) confidence=0.8
2026-08-10 19:23:55 | INFO | my_functions.py:169 | Searching failed_to_join_game_error.png (timeout=0s)
2026-08-10 19:23:55 | INFO | my_functions.py:213 | 
⛔ Not found: failed_to_join_game_error.png after 0.0s region=(0, 0, 765, 1038) confidence=0.8
2026-08-10 19:23:57 | INFO | my_functions.py:199 | 
✅ Found: end_turn.PNG pos=(681, 945) time=0.68s confidence=0.8
2026-08-10 19:23:57 | INFO | my_functions.py:248 | [DEBUG] Buscando en paralelo: ['snap.PNG'] | timeout=0s | confidence=0.8
2026-08-10 19:23:59 | INFO | my_functions.py:133 | Haciendo click en la posición (386, 123)
2026-08-10 19:23:59 | INFO | my_functions.py:270 | 🖱️ Click OK (En paralelo): snap.PNG at (386, 123) delay=1s
2026-08-10 19:24:05 | INFO | my_functions.py:248 | [DEBUG] Buscando en paralelo: ['end_turn.PNG'] | timeout=0s | confidence=0.8
2026-08-10 19:24:06 | INFO | my_functions.py:282 | [DEBUG] Click skipped, ninguna de las imágenes se encontró en el intento.
2026-08-10 19:24:09 | INFO | my_functions.py:199 | 
✅ Found: flechas.png pos=(42, 912) time=0.82s confidence=0.8
2026-08-10 19:24:11 | INFO | my_functions.py:141 | Presionando ESC (1/1)
2026-08-10 19:24:11 | INFO | my_functions.py:248 | [DEBUG] Buscando en paralelo: ['end_turn.PNG'] | timeout=0s | confidence=0.8
2026-08-10 19:24:12 | INFO | my_functions.py:282 | [DEBUG] Click skipped, ninguna de las imágenes se encontró en el intento.
2026-08-10 19:24:13 | WARNING | each_eight_hours copy 2.py:128 | Arrow overlay handled
2026-08-10 19:24:13 | INFO | my_functions.py:169 | Searching failed_to_join_game_error.png (timeout=0s)
2026-08-10 19:24:14 | INFO | my_functions.py:213 | 
⛔ Not found: failed_to_join_game_error.png after 0.01s region=(0, 0, 765, 1038) confidence=0.8
2026-08-10 19:24:15 | INFO | my_functions.py:199 | 
✅ Found: end_turn.PNG pos=(682, 946) time=0.68s confidence=0.8
2026-08-10 19:24:15 | INFO | my_functions.py:248 | [DEBUG] Buscando en paralelo: ['snap.PNG'] | timeout=0s | confidence=0.8
2026-08-10 19:24:17 | INFO | my_functions.py:133 | Haciendo click en la posición (386, 124)
2026-08-10 19:24:17 | INFO | my_functions.py:270 | 🖱️ Click OK (En paralelo): snap.PNG at (386, 124) delay=1s
2026-08-10 19:24:23 | INFO | my_functions.py:248 | [DEBUG] Buscando en paralelo: ['end_turn.PNG'] | timeout=0s | confidence=0.8
2026-08-10 19:24:25 | INFO | my_functions.py:133 | Haciendo click en la posición (682, 945)
2026-08-10 19:24:25 | INFO | my_functions.py:270 | 🖱️ Click OK (En paralelo): end_turn.PNG at (682, 945) delay=1s
2026-08-10 19:24:26 | INFO | each_eight_hours copy 2.py:108 | End turn executed
2026-08-10 19:24:28 | INFO | my_functions.py:169 | Searching failed_to_join_game_error.png (timeout=0s)
2026-08-10 19:24:29 | INFO | my_functions.py:213 | 
⛔ Not found: failed_to_join_game_error.png after 0.0s region=(0, 0, 765, 1038) confidence=0.8
2026-08-10 19:24:32 | INFO | my_functions.py:169 | Searching failed_to_join_game_error.png (timeout=0s)
2026-08-10 19:24:33 | INFO | my_functions.py:213 | 
⛔ Not found: failed_to_join_game_error.png after 0.0s region=(0, 0, 765, 1038) confidence=0.8
2026-08-10 19:24:36 | INFO | my_functions.py:169 | Searching failed_to_join_game_error.png (timeout=0s)
2026-08-10 19:24:36 | INFO | my_functions.py:213 | 
⛔ Not found: failed_to_join_game_error.png after 0.0s region=(0, 0, 765, 1038) confidence=0.8
2026-08-10 19:24:40 | INFO | my_functions.py:169 | Searching failed_to_join_game_error.png (timeout=0s)
2026-08-10 19:24:40 | INFO | my_functions.py:213 | 
⛔ Not found: failed_to_join_game_error.png after 0.0s region=(0, 0, 765, 1038) confidence=0.8
2026-08-10 19:24:42 | INFO | my_functions.py:199 | 
✅ Found: end_turn.PNG pos=(681, 945) time=0.66s confidence=0.8
2026-08-10 19:24:42 | INFO | my_functions.py:248 | [DEBUG] Buscando en paralelo: ['snap.PNG'] | timeout=0s | confidence=0.8
2026-08-10 19:24:43 | INFO | my_functions.py:282 | [DEBUG] Click skipped, ninguna de las imágenes se encontró en el intento.
2026-08-10 19:24:49 | INFO | my_functions.py:248 | [DEBUG] Buscando en paralelo: ['end_turn.PNG'] | timeout=0s | confidence=0.8
2026-08-10 19:24:50 | INFO | my_functions.py:133 | Haciendo click en la posición (682, 946)
2026-08-10 19:24:51 | INFO | my_functions.py:270 | 🖱️ Click OK (En paralelo): end_turn.PNG at (682, 946) delay=1s
2026-08-10 19:24:52 | INFO | each_eight_hours copy 2.py:108 | End turn executed
2026-08-10 19:24:54 | INFO | my_functions.py:169 | Searching failed_to_join_game_error.png (timeout=0s)
2026-08-10 19:24:54 | INFO | my_functions.py:213 | 
⛔ Not found: failed_to_join_game_error.png after 0.0s region=(0, 0, 765, 1038) confidence=0.8
2026-08-10 19:24:57 | INFO | my_functions.py:169 | Searching failed_to_join_game_error.png (timeout=0s)
2026-08-10 19:24:58 | INFO | my_functions.py:213 | 
⛔ Not found: failed_to_join_game_error.png after 0.0s region=(0, 0, 765, 1038) confidence=0.8
2026-08-10 19:25:01 | INFO | my_functions.py:169 | Searching failed_to_join_game_error.png (timeout=0s)
2026-08-10 19:25:02 | INFO | my_functions.py:213 | 
⛔ Not found: failed_to_join_game_error.png after 0.0s region=(0, 0, 765, 1038) confidence=0.8
2026-08-10 19:25:05 | INFO | my_functions.py:169 | Searching failed_to_join_game_error.png (timeout=0s)
2026-08-10 19:25:05 | INFO | my_functions.py:213 | 
⛔ Not found: failed_to_join_game_error.png after 0.0s region=(0, 0, 765, 1038) confidence=0.8
2026-08-10 19:25:08 | INFO | my_functions.py:169 | Searching failed_to_join_game_error.png (timeout=0s)
2026-08-10 19:25:09 | INFO | my_functions.py:213 | 
⛔ Not found: failed_to_join_game_error.png after 0.0s region=(0, 0, 765, 1038) confidence=0.8
2026-08-10 19:25:10 | INFO | my_functions.py:199 | 
✅ Found: end_turn.PNG pos=(681, 945) time=0.66s confidence=0.8
2026-08-10 19:25:10 | INFO | my_functions.py:248 | [DEBUG] Buscando en paralelo: ['snap.PNG'] | timeout=0s | confidence=0.8
2026-08-10 19:25:11 | INFO | my_functions.py:282 | [DEBUG] Click skipped, ninguna de las imágenes se encontró en el intento.
2026-08-10 19:25:17 | INFO | my_functions.py:248 | [DEBUG] Buscando en paralelo: ['end_turn.PNG'] | timeout=0s | confidence=0.8
2026-08-10 19:25:18 | INFO | my_functions.py:282 | [DEBUG] Click skipped, ninguna de las imágenes se encontró en el intento.
2026-08-10 19:25:21 | INFO | my_functions.py:199 | 
✅ Found: flechas.png pos=(42, 912) time=0.81s confidence=0.8
2026-08-10 19:25:23 | INFO | my_functions.py:141 | Presionando ESC (1/1)
2026-08-10 19:25:24 | INFO | my_functions.py:248 | [DEBUG] Buscando en paralelo: ['end_turn.PNG'] | timeout=0s | confidence=0.8
2026-08-10 19:25:25 | INFO | my_functions.py:133 | Haciendo click en la posición (682, 946)
2026-08-10 19:25:25 | INFO | my_functions.py:270 | 🖱️ Click OK (En paralelo): end_turn.PNG at (682, 946) delay=1s
2026-08-10 19:25:27 | WARNING | each_eight_hours copy 2.py:128 | Arrow overlay handled
2026-08-10 19:25:27 | INFO | my_functions.py:169 | Searching failed_to_join_game_error.png (timeout=0s)
2026-08-10 19:25:27 | INFO | my_functions.py:213 | 
⛔ Not found: failed_to_join_game_error.png after 0.0s region=(0, 0, 765, 1038) confidence=0.8
2026-08-10 19:25:30 | INFO | my_functions.py:169 | Searching failed_to_join_game_error.png (timeout=0s)
2026-08-10 19:25:31 | INFO | my_functions.py:213 | 
⛔ Not found: failed_to_join_game_error.png after 0.0s region=(0, 0, 765, 1038) confidence=0.8
2026-08-10 19:25:34 | INFO | my_functions.py:169 | Searching failed_to_join_game_error.png (timeout=0s)
2026-08-10 19:25:34 | INFO | my_functions.py:213 | 
⛔ Not found: failed_to_join_game_error.png after 0.0s region=(0, 0, 765, 1038) confidence=0.8
2026-08-10 19:25:37 | INFO | my_functions.py:169 | Searching failed_to_join_game_error.png (timeout=0s)
2026-08-10 19:25:38 | INFO | my_functions.py:213 | 
⛔ Not found: failed_to_join_game_error.png after 0.0s region=(0, 0, 765, 1038) confidence=0.8
2026-08-10 19:25:41 | INFO | my_functions.py:169 | Searching failed_to_join_game_error.png (timeout=0s)
2026-08-10 19:25:42 | INFO | my_functions.py:213 | 
⛔ Not found: failed_to_join_game_error.png after 0.0s region=(0, 0, 765, 1038) confidence=0.8
2026-08-10 19:25:45 | INFO | my_functions.py:169 | Searching failed_to_join_game_error.png (timeout=0s)
2026-08-10 19:25:45 | INFO | my_functions.py:213 | 
⛔ Not found: failed_to_join_game_error.png after 0.0s region=(0, 0, 765, 1038) confidence=0.8
2026-08-10 19:25:49 | INFO | my_functions.py:169 | Searching failed_to_join_game_error.png (timeout=0s)
2026-08-10 19:25:49 | INFO | my_functions.py:213 | 
⛔ Not found: failed_to_join_game_error.png after 0.0s region=(0, 0, 765, 1038) confidence=0.8
2026-08-10 19:25:52 | INFO | my_functions.py:169 | Searching failed_to_join_game_error.png (timeout=0s)
2026-08-10 19:25:53 | INFO | my_functions.py:213 | 
⛔ Not found: failed_to_join_game_error.png after 0.0s region=(0, 0, 765, 1038) confidence=0.8
2026-08-10 19:25:54 | INFO | my_functions.py:199 | 
✅ Found: end_turn.PNG pos=(681, 945) time=0.67s confidence=0.8
2026-08-10 19:25:54 | INFO | my_functions.py:248 | [DEBUG] Buscando en paralelo: ['snap.PNG'] | timeout=0s | confidence=0.8
2026-08-10 19:25:55 | INFO | my_functions.py:282 | [DEBUG] Click skipped, ninguna de las imágenes se encontró en el intento.
2026-08-10 19:26:01 | INFO | my_functions.py:248 | [DEBUG] Buscando en paralelo: ['end_turn.PNG'] | timeout=0s | confidence=0.8
2026-08-10 19:26:03 | INFO | my_functions.py:133 | Haciendo click en la posición (682, 945)
2026-08-10 19:26:03 | INFO | my_functions.py:270 | 🖱️ Click OK (En paralelo): end_turn.PNG at (682, 945) delay=1s
2026-08-10 19:26:04 | INFO | each_eight_hours copy 2.py:108 | End turn executed
2026-08-10 19:26:06 | INFO | my_functions.py:169 | Searching failed_to_join_game_error.png (timeout=0s)
2026-08-10 19:26:06 | INFO | my_functions.py:213 | 
⛔ Not found: failed_to_join_game_error.png after 0.0s region=(0, 0, 765, 1038) confidence=0.8
2026-08-10 19:26:10 | INFO | my_functions.py:169 | Searching failed_to_join_game_error.png (timeout=0s)
2026-08-10 19:26:10 | INFO | my_functions.py:213 | 
⛔ Not found: failed_to_join_game_error.png after 0.0s region=(0, 0, 765, 1038) confidence=0.8
2026-08-10 19:26:13 | INFO | my_functions.py:169 | Searching failed_to_join_game_error.png (timeout=0s)
2026-08-10 19:26:14 | INFO | my_functions.py:213 | 
⛔ Not found: failed_to_join_game_error.png after 0.0s region=(0, 0, 765, 1038) confidence=0.8
2026-08-10 19:26:17 | INFO | my_functions.py:169 | Searching failed_to_join_game_error.png (timeout=0s)
2026-08-10 19:26:17 | INFO | my_functions.py:213 | 
⛔ Not found: failed_to_join_game_error.png after 0.0s region=(0, 0, 765, 1038) confidence=0.8
2026-08-10 19:26:21 | INFO | my_functions.py:169 | Searching failed_to_join_game_error.png (timeout=0s)
2026-08-10 19:26:21 | INFO | my_functions.py:213 | 
⛔ Not found: failed_to_join_game_error.png after 0.0s region=(0, 0, 765, 1038) confidence=0.8
2026-08-10 19:26:23 | INFO | my_functions.py:199 | 
✅ Found: end_turn.PNG pos=(681, 945) time=0.66s confidence=0.8
2026-08-10 19:26:23 | INFO | my_functions.py:248 | [DEBUG] Buscando en paralelo: ['snap.PNG'] | timeout=0s | confidence=0.8
2026-08-10 19:26:23 | INFO | my_functions.py:282 | [DEBUG] Click skipped, ninguna de las imágenes se encontró en el intento.
2026-08-10 19:26:30 | INFO | my_functions.py:248 | [DEBUG] Buscando en paralelo: ['end_turn.PNG'] | timeout=0s | confidence=0.8
2026-08-10 19:26:31 | INFO | my_functions.py:133 | Haciendo click en la posición (682, 945)
2026-08-10 19:26:31 | INFO | my_functions.py:270 | 🖱️ Click OK (En paralelo): end_turn.PNG at (682, 945) delay=1s
2026-08-10 19:26:33 | INFO | each_eight_hours copy 2.py:108 | End turn executed
2026-08-10 19:26:34 | INFO | my_functions.py:169 | Searching failed_to_join_game_error.png (timeout=0s)
2026-08-10 19:26:35 | INFO | my_functions.py:213 | 
⛔ Not found: failed_to_join_game_error.png after 0.0s region=(0, 0, 765, 1038) confidence=0.8
2026-08-10 19:26:38 | INFO | my_functions.py:169 | Searching failed_to_join_game_error.png (timeout=0s)
2026-08-10 19:26:38 | INFO | my_functions.py:213 | 
⛔ Not found: failed_to_join_game_error.png after 0.0s region=(0, 0, 765, 1038) confidence=0.8
2026-08-10 19:26:42 | INFO | my_functions.py:169 | Searching failed_to_join_game_error.png (timeout=0s)
2026-08-10 19:26:42 | INFO | my_functions.py:213 | 
⛔ Not found: failed_to_join_game_error.png after 0.0s region=(0, 0, 765, 1038) confidence=0.8
2026-08-10 19:26:46 | INFO | my_functions.py:169 | Searching failed_to_join_game_error.png (timeout=0s)
2026-08-10 19:26:46 | INFO | my_functions.py:213 | 
⛔ Not found: failed_to_join_game_error.png after 0.0s region=(0, 0, 765, 1038) confidence=0.8
2026-08-10 19:26:49 | INFO | my_functions.py:169 | Searching failed_to_join_game_error.png (timeout=0s)
2026-08-10 19:26:50 | INFO | my_functions.py:213 | 
⛔ Not found: failed_to_join_game_error.png after 0.0s region=(0, 0, 765, 1038) confidence=0.8
2026-08-10 19:26:52 | INFO | my_functions.py:199 | 
✅ Found: end_turn.PNG pos=(681, 945) time=0.73s confidence=0.8
2026-08-10 19:26:52 | INFO | my_functions.py:248 | [DEBUG] Buscando en paralelo: ['snap.PNG'] | timeout=0s | confidence=0.8
2026-08-10 19:26:52 | INFO | my_functions.py:282 | [DEBUG] Click skipped, ninguna de las imágenes se encontró en el intento.
2026-08-10 19:26:59 | INFO | my_functions.py:248 | [DEBUG] Buscando en paralelo: ['end_turn.PNG'] | timeout=0s | confidence=0.8
2026-08-10 19:27:00 | INFO | my_functions.py:133 | Haciendo click en la posición (681, 945)
2026-08-10 19:27:01 | INFO | my_functions.py:270 | 🖱️ Click OK (En paralelo): end_turn.PNG at (681, 945) delay=1s
2026-08-10 19:27:02 | INFO | each_eight_hours copy 2.py:108 | End turn executed
2026-08-10 19:27:03 | INFO | my_functions.py:169 | Searching failed_to_join_game_error.png (timeout=0s)
2026-08-10 19:27:04 | INFO | my_functions.py:213 | 
⛔ Not found: failed_to_join_game_error.png after 0.0s region=(0, 0, 765, 1038) confidence=0.8
2026-08-10 19:27:07 | INFO | my_functions.py:169 | Searching failed_to_join_game_error.png (timeout=0s)
2026-08-10 19:27:08 | INFO | my_functions.py:213 | 
⛔ Not found: failed_to_join_game_error.png after 0.0s region=(0, 0, 765, 1038) confidence=0.8
2026-08-10 19:27:11 | INFO | my_functions.py:169 | Searching failed_to_join_game_error.png (timeout=0s)
2026-08-10 19:27:12 | INFO | my_functions.py:213 | 
⛔ Not found: failed_to_join_game_error.png after 0.0s region=(0, 0, 765, 1038) confidence=0.8
2026-08-10 19:27:15 | INFO | my_functions.py:169 | Searching failed_to_join_game_error.png (timeout=0s)
2026-08-10 19:27:15 | INFO | my_functions.py:213 | 
⛔ Not found: failed_to_join_game_error.png after 0.0s region=(0, 0, 765, 1038) confidence=0.8
2026-08-10 19:27:18 | INFO | my_functions.py:169 | Searching failed_to_join_game_error.png (timeout=0s)
2026-08-10 19:27:19 | INFO | my_functions.py:213 | 
⛔ Not found: failed_to_join_game_error.png after 0.0s region=(0, 0, 765, 1038) confidence=0.8
2026-08-10 19:27:22 | INFO | my_functions.py:169 | Searching failed_to_join_game_error.png (timeout=0s)
2026-08-10 19:27:23 | INFO | my_functions.py:213 | 
⛔ Not found: failed_to_join_game_error.png after 0.0s region=(0, 0, 765, 1038) confidence=0.8
2026-08-10 19:27:26 | INFO | my_functions.py:169 | Searching failed_to_join_game_error.png (timeout=0s)
2026-08-10 19:27:27 | INFO | my_functions.py:213 | 
⛔ Not found: failed_to_join_game_error.png after 0.0s region=(0, 0, 765, 1038) confidence=0.8
2026-08-10 19:27:27 | INFO | my_functions.py:199 | 
✅ Found: collect_rewards.PNG pos=(679, 957) time=0.83s confidence=0.8
2026-08-10 19:27:27 | INFO | each_eight_hours copy 2.py:138 | Rewards detected, exiting match. Game duration: 228.51 s
2026-08-10 19:27:27 | INFO | my_functions.py:248 | [DEBUG] Buscando en paralelo: ['collect_rewards.PNG'] | timeout=20s | confidence=0.8
2026-08-10 19:27:29 | INFO | my_functions.py:133 | Haciendo click en la posición (679, 957)
2026-08-10 19:27:29 | INFO | my_functions.py:270 | 🖱️ Click OK (En paralelo): collect_rewards.PNG at (679, 957) delay=1s
2026-08-10 19:27:31 | INFO | my_functions.py:248 | [DEBUG] Buscando en paralelo: ['next.PNG'] | timeout=20s | confidence=0.8
2026-08-10 19:27:37 | INFO | my_functions.py:133 | Haciendo click en la posición (677, 973)
2026-08-10 19:27:37 | INFO | my_functions.py:270 | 🖱️ Click OK (En paralelo): next.PNG at (677, 973) delay=1s
2026-08-10 19:27:40 | INFO | my_functions.py:169 | Searching hyper_cube.png (timeout=5s)
2026-08-10 19:27:46 | INFO | my_functions.py:213 | 
⛔ Not found: hyper_cube.png after 5.18s region=(0, 0, 765, 1038) confidence=0.8
2026-08-10 19:27:46 | INFO | my_functions.py:248 | [DEBUG] Buscando en paralelo: ['missionsNotify2.png'] | timeout=20s | confidence=0.8
2026-08-10 19:27:49 | INFO | my_functions.py:133 | Haciendo click en la posición (538, 124)
2026-08-10 19:27:49 | INFO | my_functions.py:270 | 🖱️ Click OK (En paralelo): missionsNotify2.png at (538, 124) delay=3s
2026-08-10 19:27:51 | INFO | my_functions.py:1494 | [INFO] Iniciando click_missions_blue_2
2026-08-10 19:27:51 | INFO | my_functions.py:133 | Haciendo click en la posición (150, 132)
2026-08-10 19:27:52 | INFO | my_functions.py:1497 | [ACTION] Click hecho en icono de calendario que me dirige a las misiones ordinarias
2026-08-10 19:27:52 | INFO | my_functions.py:169 | Searching bonus_challenge.png (timeout=0s)
2026-08-10 19:27:52 | INFO | my_functions.py:213 | 
⛔ Not found: bonus_challenge.png after 0.0s region=(0, 0, 765, 1038) confidence=0.8
2026-08-10 19:27:52 | INFO | my_functions.py:1504 | [INFO] No se detectó bonus_challenge. Usando coordenada Y por defecto: 493
2026-08-10 19:27:52 | INFO | my_functions.py:1506 | [INFO] Esperando 2 segundos antes de iniciar clics...
2026-08-10 19:27:54 | INFO | my_functions.py:133 | Haciendo click en la posición (362, 493)
2026-08-10 19:27:55 | INFO | my_functions.py:1512 | [ACTION] Click 1/6 realizado en misión azul
2026-08-10 19:27:56 | INFO | my_functions.py:133 | Haciendo click en la posición (362, 493)
2026-08-10 19:27:57 | INFO | my_functions.py:1512 | [ACTION] Click 2/6 realizado en misión azul
2026-08-10 19:27:58 | INFO | my_functions.py:133 | Haciendo click en la posición (362, 493)
2026-08-10 19:27:59 | INFO | my_functions.py:1512 | [ACTION] Click 3/6 realizado en misión azul
2026-08-10 19:27:59 | INFO | my_functions.py:133 | Haciendo click en la posición (362, 493)
2026-08-10 19:28:01 | INFO | my_functions.py:1512 | [ACTION] Click 4/6 realizado en misión azul
2026-08-10 19:28:01 | INFO | my_functions.py:133 | Haciendo click en la posición (362, 493)
2026-08-10 19:28:02 | INFO | my_functions.py:1512 | [ACTION] Click 5/6 realizado en misión azul
2026-08-10 19:28:03 | INFO | my_functions.py:133 | Haciendo click en la posición (362, 493)
2026-08-10 19:28:04 | INFO | my_functions.py:1512 | [ACTION] Click 6/6 realizado en misión azul
2026-08-10 19:28:04 | INFO | my_functions.py:1516 | [CHECK] Verificando si apareció flechita_mission tras los 6 clicks
2026-08-10 19:28:04 | INFO | my_functions.py:169 | Searching flechita_mission.PNG (timeout=0s)
2026-08-10 19:28:05 | INFO | my_functions.py:199 | 
✅ Found: flechita_mission.PNG pos=(704, 530) time=0.8s confidence=0.8
2026-08-10 19:28:05 | INFO | my_functions.py:1518 | [INFO] Detectada flechita_mission -> presionando ESC 1 vez
2026-08-10 19:28:05 | INFO | my_functions.py:141 | Presionando ESC (1/1)
2026-08-10 19:28:06 | INFO | my_functions.py:1523 | [INFO] Función click_blue_missions_2 terminada
2026-08-10 19:28:06 | INFO | my_functions.py:248 | [DEBUG] Buscando en paralelo: ['weekly3.PNG'] | timeout=0s | confidence=0.8
2026-08-10 19:28:07 | INFO | my_functions.py:133 | Haciendo click en la posición (485, 266)
2026-08-10 19:28:07 | INFO | my_functions.py:270 | 🖱️ Click OK (En paralelo): weekly3.PNG at (485, 266) delay=0.1s
2026-08-10 19:28:08 | INFO | my_functions.py:248 | [DEBUG] Buscando en paralelo: ['claim!.PNG'] | timeout=0s | confidence=0.8
2026-08-10 19:28:09 | INFO | my_functions.py:133 | Haciendo click en la posición (381, 924)
2026-08-10 19:28:09 | INFO | my_functions.py:270 | 🖱️ Click OK (En paralelo): claim!.PNG at (381, 924) delay=0.2s
2026-08-10 19:28:10 | INFO | my_functions.py:248 | [DEBUG] Buscando en paralelo: ['claim_hover.PNG'] | timeout=0s | confidence=0.8
2026-08-10 19:28:11 | INFO | my_functions.py:133 | Haciendo click en la posición (383, 921)
2026-08-10 19:28:12 | INFO | my_functions.py:270 | 🖱️ Click OK (En paralelo): claim_hover.PNG at (383, 921) delay=0.2s
2026-08-10 19:28:13 | INFO | my_functions.py:248 | [DEBUG] Buscando en paralelo: ['claim!.PNG'] | timeout=0s | confidence=0.8
2026-08-10 19:28:13 | INFO | my_functions.py:282 | [DEBUG] Click skipped, ninguna de las imágenes se encontró en el intento.
2026-08-10 19:28:14 | INFO | my_functions.py:248 | [DEBUG] Buscando en paralelo: ['claim_hover.PNG'] | timeout=0s | confidence=0.8
2026-08-10 19:28:15 | INFO | my_functions.py:133 | Haciendo click en la posición (383, 921)
2026-08-10 19:28:16 | INFO | my_functions.py:270 | 🖱️ Click OK (En paralelo): claim_hover.PNG at (383, 921) delay=0.2s
2026-08-10 19:28:17 | INFO | my_functions.py:248 | [DEBUG] Buscando en paralelo: ['weekly3.PNG'] | timeout=0s | confidence=0.8
2026-08-10 19:28:17 | INFO | my_functions.py:282 | [DEBUG] Click skipped, ninguna de las imágenes se encontró en el intento.
2026-08-10 19:28:19 | INFO | my_functions.py:248 | [DEBUG] Buscando en paralelo: ['weekly3.PNG'] | timeout=0s | confidence=0.8
2026-08-10 19:28:19 | INFO | my_functions.py:282 | [DEBUG] Click skipped, ninguna de las imágenes se encontró en el intento.
2026-08-10 19:28:20 | INFO | my_functions.py:133 | Haciendo click en la posición (557, 64)
2026-08-10 19:28:22 | INFO | my_functions.py:248 | [DEBUG] Buscando en paralelo: ['cards_shop.PNG'] | timeout=20s | confidence=0.8
2026-08-10 19:28:24 | INFO | my_functions.py:133 | Haciendo click en la posición (568, 121)
2026-08-10 19:28:25 | INFO | my_functions.py:270 | 🖱️ Click OK (En paralelo): cards_shop.PNG at (568, 121) delay=1s
2026-08-10 19:28:26 | INFO | my_functions.py:248 | [DEBUG] Buscando en paralelo: ['token_icon.PNG'] | timeout=20s | confidence=0.8
2026-08-10 19:28:28 | INFO | my_functions.py:133 | Haciendo click en la posición (661, 171)
2026-08-10 19:28:28 | INFO | my_functions.py:270 | 🖱️ Click OK (En paralelo): token_icon.PNG at (661, 171) delay=1s
2026-08-10 19:28:31 | INFO | my_functions.py:248 | [DEBUG] Buscando en paralelo: ['claim!_token_3.PNG'] | timeout=4s | confidence=0.8
2026-08-10 19:28:33 | INFO | my_functions.py:133 | Haciendo click en la posición (231, 573)
2026-08-10 19:28:33 | INFO | my_functions.py:270 | 🖱️ Click OK (En paralelo): claim!_token_3.PNG at (231, 573) delay=1s
2026-08-10 19:28:34 | INFO | my_functions.py:248 | [DEBUG] Buscando en paralelo: ['cards_shop.PNG'] | timeout=20s | confidence=0.8
2026-08-10 19:28:36 | INFO | my_functions.py:133 | Haciendo click en la posición (568, 122)
2026-08-10 19:28:36 | INFO | my_functions.py:270 | 🖱️ Click OK (En paralelo): cards_shop.PNG at (568, 122) delay=1s
2026-08-10 19:28:37 | INFO | my_functions.py:248 | [DEBUG] Buscando en paralelo: ['offers.PNG'] | timeout=20s | confidence=0.8
2026-08-10 19:28:39 | INFO | my_functions.py:133 | Haciendo click en la posición (197, 121)
2026-08-10 19:28:39 | INFO | my_functions.py:270 | 🖱️ Click OK (En paralelo): offers.PNG at (197, 121) delay=1s
2026-08-10 19:28:40 | INFO | my_functions.py:1350 | [INFO] Iniciando mejora de cartas
2026-08-10 19:28:40 | INFO | my_functions.py:248 | [DEBUG] Buscando en paralelo: ['upgrade_cards_icon.PNG'] | timeout=3s | confidence=0.8
2026-08-10 19:28:42 | INFO | my_functions.py:133 | Haciendo click en la posición (322, 170)
2026-08-10 19:28:42 | INFO | my_functions.py:270 | 🖱️ Click OK (En paralelo): upgrade_cards_icon.PNG at (322, 170) delay=1s
2026-08-10 19:28:43 | INFO | my_functions.py:1357 | [INFO] Abriendo icono de upgrade_cards
2026-08-10 19:28:44 | INFO | my_functions.py:1364 | [STEP] Mejorando carta 1
2026-08-10 19:28:45 | INFO | my_functions.py:1368 | [ACTION] Click en carta 1
2026-08-10 19:28:46 | INFO | my_functions.py:1373 | [ACTION] Click en botón upgrade
2026-08-10 19:28:53 | INFO | my_functions.py:169 | Searching aw_snap.png (timeout=3s)
2026-08-10 19:28:56 | INFO | my_functions.py:213 | 
⛔ Not found: aw_snap.png after 3.01s region=(0, 0, 765, 1038) confidence=0.8
2026-08-10 19:28:56 | INFO | my_functions.py:248 | [DEBUG] Buscando en paralelo: ['you_need_more_credits!.png'] | timeout=3s | confidence=0.8
2026-08-10 19:29:00 | INFO | my_functions.py:282 | [DEBUG] Click skipped, ninguna de las imágenes se encontró en el intento.
2026-08-10 19:29:06 | INFO | my_functions.py:1406 | [ACTION] Click para continuar a stage de nivel de coleccion
2026-08-10 19:29:11 | INFO | my_functions.py:141 | Presionando ESC (1/1)
2026-08-10 19:29:12 | INFO | my_functions.py:1414 | [ACTION] Saliendo de stage nivel de coleccion con ESC
2026-08-10 19:29:13 | INFO | my_functions.py:248 | [DEBUG] Buscando en paralelo: ['upgrade_cards_icon_selected.PNG'] | timeout=0s | confidence=0.8
2026-08-10 19:29:15 | INFO | my_functions.py:133 | Haciendo click en la posición (320, 173)
2026-08-10 19:29:15 | INFO | my_functions.py:270 | 🖱️ Click OK (En paralelo): upgrade_cards_icon_selected.PNG at (320, 173) delay=1s
2026-08-10 19:29:16 | INFO | my_functions.py:1426 | [INFO] Reabriendo icono de upgrade_cards
2026-08-10 19:29:17 | INFO | my_functions.py:1364 | [STEP] Mejorando carta 2
2026-08-10 19:29:17 | INFO | my_functions.py:1368 | [ACTION] Click en carta 2
2026-08-10 19:29:18 | INFO | my_functions.py:1373 | [ACTION] Click en botón upgrade
2026-08-10 19:29:25 | INFO | my_functions.py:169 | Searching aw_snap.png (timeout=3s)
2026-08-10 19:29:29 | INFO | my_functions.py:213 | 
⛔ Not found: aw_snap.png after 3.04s region=(0, 0, 765, 1038) confidence=0.8
2026-08-10 19:29:29 | INFO | my_functions.py:248 | [DEBUG] Buscando en paralelo: ['you_need_more_credits!.png'] | timeout=3s | confidence=0.8
2026-08-10 19:29:32 | INFO | my_functions.py:282 | [DEBUG] Click skipped, ninguna de las imágenes se encontró en el intento.
2026-08-10 19:29:38 | INFO | my_functions.py:1406 | [ACTION] Click para continuar a stage de nivel de coleccion
2026-08-10 19:29:43 | INFO | my_functions.py:141 | Presionando ESC (1/1)
2026-08-10 19:29:44 | INFO | my_functions.py:1414 | [ACTION] Saliendo de stage nivel de coleccion con ESC
2026-08-10 19:29:45 | INFO | my_functions.py:248 | [DEBUG] Buscando en paralelo: ['upgrade_cards_icon_selected.PNG'] | timeout=0s | confidence=0.8
2026-08-10 19:29:47 | INFO | my_functions.py:133 | Haciendo click en la posición (320, 173)
2026-08-10 19:29:47 | INFO | my_functions.py:270 | 🖱️ Click OK (En paralelo): upgrade_cards_icon_selected.PNG at (320, 173) delay=1s
2026-08-10 19:29:48 | INFO | my_functions.py:1426 | [INFO] Reabriendo icono de upgrade_cards
2026-08-10 19:29:49 | INFO | my_functions.py:1364 | [STEP] Mejorando carta 3
2026-08-10 19:29:49 | INFO | my_functions.py:1368 | [ACTION] Click en carta 3
2026-08-10 19:29:50 | INFO | my_functions.py:1373 | [ACTION] Click en botón upgrade
2026-08-10 19:29:58 | INFO | my_functions.py:169 | Searching aw_snap.png (timeout=3s)
2026-08-10 19:30:01 | INFO | my_functions.py:213 | 
⛔ Not found: aw_snap.png after 3.39s region=(0, 0, 765, 1038) confidence=0.8
2026-08-10 19:30:01 | INFO | my_functions.py:248 | [DEBUG] Buscando en paralelo: ['you_need_more_credits!.png'] | timeout=3s | confidence=0.8
2026-08-10 19:30:03 | INFO | my_functions.py:133 | Haciendo click en la posición (381, 345)
2026-08-10 19:30:03 | INFO | my_functions.py:270 | 🖱️ Click OK (En paralelo): you_need_more_credits!.png at (381, 345) delay=1s
2026-08-10 19:30:04 | INFO | my_functions.py:141 | Presionando ESC (1/2)
2026-08-10 19:30:05 | INFO | my_functions.py:141 | Presionando ESC (2/2)
2026-08-10 19:30:07 | INFO | my_functions.py:1432 | [INFO] Mejora de cartas completada ✅
2026-08-10 19:30:07 | INFO | my_functions.py:141 | Presionando ESC (1/1)
2026-08-10 19:30:08 | INFO | my_functions.py:248 | [DEBUG] Buscando en paralelo: ['white_x.png'] | timeout=2s | confidence=0.8
2026-08-10 19:30:11 | INFO | my_functions.py:282 | [DEBUG] Click skipped, ninguna de las imágenes se encontró en el intento.
2026-08-10 19:30:12 | INFO | each_eight_hours copy 2.py:37 | [19:30:12.216] [DEBUG] === INICIANDO FUNCIÓN collect_cl_rewards ===
2026-08-10 19:30:12 | INFO | each_eight_hours copy 2.py:37 | [19:30:12.225] [DEBUG] Haciendo click inicial en (387, 166)...
2026-08-10 19:30:12 | INFO | my_functions.py:133 | Haciendo click en la posición (387, 166)
2026-08-10 19:30:18 | INFO | each_eight_hours copy 2.py:37 | [19:30:18.577] [DEBUG] Se omitió el cambio de tamaño de ventanas (resize=False)
2026-08-10 19:30:18 | INFO | each_eight_hours copy 2.py:37 | [19:30:18.656] [DEBUG] Recompensas iniciales detectadas por la API: 5
2026-08-10 19:30:18 | INFO | each_eight_hours copy 2.py:37 | [19:30:18.660] [DEBUG] --------------------------------------------------
2026-08-10 19:30:18 | INFO | each_eight_hours copy 2.py:37 | [19:30:18.663] [DEBUG] Inicio de iteración. Recompensas restantes: 5
2026-08-10 19:30:18 | INFO | each_eight_hours copy 2.py:37 | [19:30:18.668] [DEBUG] Intentando hacer click en: (260, 580)
2026-08-10 19:30:19 | INFO | my_functions.py:169 | Searching claim!.PNG (timeout=3s)
2026-08-10 19:30:20 | INFO | my_functions.py:199 | 
✅ Found: claim!.PNG pos=(381, 924) time=0.74s confidence=0.8
2026-08-10 19:30:20 | INFO | each_eight_hours copy 2.py:37 | [19:30:20.610] [DEBUG] -> ¡ÉXITO! Botón 'Claim' detectado.
2026-08-10 19:30:20 | INFO | my_functions.py:169 | Searching set.png (timeout=2s)
2026-08-10 19:30:24 | INFO | my_functions.py:213 | 
⛔ Not found: set.png after 2.81s region=(0, 0, 765, 1038) confidence=0.8
2026-08-10 19:30:24 | INFO | my_functions.py:248 | [DEBUG] Buscando en paralelo: ['claim!.PNG'] | timeout=0s | confidence=0.8
2026-08-10 19:30:26 | INFO | my_functions.py:133 | Haciendo click en la posición (381, 924)
2026-08-10 19:30:26 | INFO | my_functions.py:270 | 🖱️ Click OK (En paralelo): claim!.PNG at (381, 924) delay=1s
2026-08-10 19:30:27 | INFO | each_eight_hours copy 2.py:37 | [19:30:27.582] [DEBUG] Moviendo el mouse a la posición de scroll (350, 580)...
2026-08-10 19:30:29 | INFO | each_eight_hours copy 2.py:37 | [19:30:29.159] [DEBUG] Alternancia de coordenada X: Cambió de 260 a 470
2026-08-10 19:30:29 | INFO | each_eight_hours copy 2.py:37 | [19:30:29.164] [DEBUG] --------------------------------------------------
2026-08-10 19:30:29 | INFO | each_eight_hours copy 2.py:37 | [19:30:29.170] [DEBUG] Inicio de iteración. Recompensas restantes: 4
2026-08-10 19:30:29 | INFO | each_eight_hours copy 2.py:37 | [19:30:29.173] [DEBUG] Intentando hacer click en: (470, 580)
2026-08-10 19:30:30 | INFO | my_functions.py:169 | Searching claim!.PNG (timeout=3s)
2026-08-10 19:30:34 | INFO | my_functions.py:213 | 
⛔ Not found: claim!.PNG after 3.02s region=(0, 0, 765, 1038) confidence=0.8
2026-08-10 19:30:34 | INFO | each_eight_hours copy 2.py:37 | [19:30:34.184] [DEBUG] No se detectó 'Claim'. Buscando 'check.png' en región (449, 547, 65, 55)...
2026-08-10 19:30:34 | INFO | my_functions.py:169 | Searching check.png (timeout=1s)
2026-08-10 19:30:35 | INFO | my_functions.py:213 | 
⛔ Not found: check.png after 1.04s region=(449, 547, 65, 55) confidence=0.8
2026-08-10 19:30:35 | INFO | each_eight_hours copy 2.py:37 | [19:30:35.362] [DEBUG] -> [ALERTA] No se detectó ninguna recompensa válida tras el click.
2026-08-10 19:30:35 | INFO | each_eight_hours copy 2.py:37 | [19:30:35.366] [DEBUG] Moviendo el mouse a la posición de scroll (350, 580)...
2026-08-10 19:30:36 | INFO | each_eight_hours copy 2.py:37 | [19:30:36.947] [DEBUG] Alternancia de coordenada X: Cambió de 470 a 260
2026-08-10 19:30:36 | INFO | each_eight_hours copy 2.py:37 | [19:30:36.951] [DEBUG] --------------------------------------------------
2026-08-10 19:30:36 | INFO | each_eight_hours copy 2.py:37 | [19:30:36.954] [DEBUG] Inicio de iteración. Recompensas restantes: 3
2026-08-10 19:30:36 | INFO | each_eight_hours copy 2.py:37 | [19:30:36.957] [DEBUG] Intentando hacer click en: (260, 580)
2026-08-10 19:30:38 | INFO | my_functions.py:169 | Searching claim!.PNG (timeout=3s)
2026-08-10 19:30:42 | INFO | my_functions.py:213 | 
⛔ Not found: claim!.PNG after 3.65s region=(0, 0, 765, 1038) confidence=0.8
2026-08-10 19:30:42 | INFO | each_eight_hours copy 2.py:37 | [19:30:42.599] [DEBUG] No se detectó 'Claim'. Buscando 'check.png' en región (228, 547, 65, 55)...
2026-08-10 19:30:42 | INFO | my_functions.py:169 | Searching check.png (timeout=1s)
2026-08-10 19:30:42 | INFO | my_functions.py:199 | 
✅ Found: check.png pos=(264, 579) time=0.13s confidence=0.8
2026-08-10 19:30:42 | INFO | each_eight_hours copy 2.py:37 | [19:30:42.739] [DEBUG] -> ¡ÉXITO! Crédito detectado por 'check.png'. Reclamado automáticamente por el click previo.
2026-08-10 19:30:42 | INFO | each_eight_hours copy 2.py:37 | [19:30:42.748] [DEBUG] Moviendo el mouse a la posición de scroll (350, 580)...
2026-08-10 19:30:44 | INFO | each_eight_hours copy 2.py:37 | [19:30:44.323] [DEBUG] Alternancia de coordenada X: Cambió de 260 a 470
2026-08-10 19:30:44 | INFO | each_eight_hours copy 2.py:37 | [19:30:44.326] [DEBUG] --------------------------------------------------
2026-08-10 19:30:44 | INFO | each_eight_hours copy 2.py:37 | [19:30:44.331] [DEBUG] Inicio de iteración. Recompensas restantes: 2
2026-08-10 19:30:44 | INFO | each_eight_hours copy 2.py:37 | [19:30:44.339] [DEBUG] Intentando hacer click en: (470, 580)
2026-08-10 19:30:45 | INFO | my_functions.py:169 | Searching claim!.PNG (timeout=3s)
2026-08-10 19:30:46 | INFO | my_functions.py:199 | 
✅ Found: claim!.PNG pos=(381, 924) time=0.77s confidence=0.8
2026-08-10 19:30:46 | INFO | each_eight_hours copy 2.py:37 | [19:30:46.323] [DEBUG] -> ¡ÉXITO! Botón 'Claim' detectado.
2026-08-10 19:30:46 | INFO | my_functions.py:169 | Searching set.png (timeout=2s)
2026-08-10 19:30:49 | INFO | my_functions.py:213 | 
⛔ Not found: set.png after 2.57s region=(0, 0, 765, 1038) confidence=0.8
2026-08-10 19:30:49 | INFO | my_functions.py:248 | [DEBUG] Buscando en paralelo: ['claim!.PNG'] | timeout=0s | confidence=0.8
2026-08-10 19:30:51 | INFO | my_functions.py:133 | Haciendo click en la posición (381, 924)
2026-08-10 19:30:51 | INFO | my_functions.py:270 | 🖱️ Click OK (En paralelo): claim!.PNG at (381, 924) delay=1s
2026-08-10 19:30:52 | INFO | each_eight_hours copy 2.py:37 | [19:30:52.954] [DEBUG] Moviendo el mouse a la posición de scroll (350, 580)...
2026-08-10 19:30:54 | INFO | each_eight_hours copy 2.py:37 | [19:30:54.527] [DEBUG] Alternancia de coordenada X: Cambió de 470 a 260
2026-08-10 19:30:54 | INFO | each_eight_hours copy 2.py:37 | [19:30:54.530] [DEBUG] --------------------------------------------------
2026-08-10 19:30:54 | INFO | each_eight_hours copy 2.py:37 | [19:30:54.531] [DEBUG] Inicio de iteración. Recompensas restantes: 1
2026-08-10 19:30:54 | INFO | each_eight_hours copy 2.py:37 | [19:30:54.542] [DEBUG] Intentando hacer click en: (260, 580)
2026-08-10 19:30:55 | INFO | my_functions.py:169 | Searching claim!.PNG (timeout=3s)
2026-08-10 19:31:00 | INFO | my_functions.py:213 | 
⛔ Not found: claim!.PNG after 3.38s region=(0, 0, 765, 1038) confidence=0.8
2026-08-10 19:31:00 | INFO | each_eight_hours copy 2.py:37 | [19:31:00.073] [DEBUG] No se detectó 'Claim'. Buscando 'check.png' en región (228, 547, 65, 55)...
2026-08-10 19:31:00 | INFO | my_functions.py:169 | Searching check.png (timeout=1s)
2026-08-10 19:31:01 | INFO | my_functions.py:213 | 
⛔ Not found: check.png after 1.03s region=(228, 547, 65, 55) confidence=0.8
2026-08-10 19:31:01 | INFO | each_eight_hours copy 2.py:37 | [19:31:01.213] [DEBUG] -> [ALERTA] No se detectó ninguna recompensa válida tras el click.
2026-08-10 19:31:01 | INFO | each_eight_hours copy 2.py:37 | [19:31:01.215] [DEBUG] Moviendo el mouse a la posición de scroll (350, 580)...
2026-08-10 19:31:02 | INFO | each_eight_hours copy 2.py:37 | [19:31:02.790] [DEBUG] Alternancia de coordenada X: Cambió de 260 a 470
2026-08-10 19:31:02 | INFO | each_eight_hours copy 2.py:37 | Finished collecting rewards
2026-08-10 19:31:03 | INFO | my_functions.py:141 | Presionando ESC (1/1)
2026-08-10 19:31:04 | INFO | my_functions.py:248 | [DEBUG] Buscando en paralelo: ['nut.png'] | timeout=20s | confidence=0.8
2026-08-10 19:31:06 | INFO | my_functions.py:133 | Haciendo click en la posición (184, 78)
2026-08-10 19:31:06 | INFO | my_functions.py:270 | 🖱️ Click OK (En paralelo): nut.png at (184, 78) delay=1s
2026-08-10 19:31:07 | INFO | my_functions.py:248 | [DEBUG] Buscando en paralelo: ['graphics_quality.png'] | timeout=3s | confidence=0.8
2026-08-10 19:31:09 | INFO | my_functions.py:133 | Haciendo click en la posición (304, 644)
2026-08-10 19:31:09 | INFO | my_functions.py:270 | 🖱️ Click OK (En paralelo): graphics_quality.png at (304, 644) delay=1s
2026-08-10 19:31:11 | INFO | my_functions.py:248 | [DEBUG] Buscando en paralelo: ['sign_out.png'] | timeout=20s | confidence=0.8
2026-08-10 19:31:13 | INFO | my_functions.py:133 | Haciendo click en la posición (380, 796)
2026-08-10 19:31:13 | INFO | my_functions.py:270 | 🖱️ Click OK (En paralelo): sign_out.png at (380, 796) delay=1s
2026-08-10 19:31:15 | INFO | my_functions.py:248 | [DEBUG] Buscando en paralelo: ['sign_out_grande.png'] | timeout=20s | confidence=0.8
2026-08-10 19:31:16 | INFO | my_functions.py:133 | Haciendo click en la posición (359, 437)
2026-08-10 19:31:17 | INFO | my_functions.py:270 | 🖱️ Click OK (En paralelo): sign_out_grande.png at (359, 437) delay=1s
2026-08-10 19:31:18 | INFO | my_functions.py:248 | [DEBUG] Buscando en paralelo: ['sign_out2.png'] | timeout=20s | confidence=0.8
2026-08-10 19:31:19 | INFO | my_functions.py:133 | Haciendo click en la posición (383, 634)
2026-08-10 19:31:20 | INFO | my_functions.py:270 | 🖱️ Click OK (En paralelo): sign_out2.png at (383, 634) delay=1s
2026-08-10 19:31:21 | INFO | my_functions.py:1577 | ⏱ Esperando 0.1 segundos antes de empezar...
2026-08-10 19:31:21 | INFO | my_functions.py:1584 | 🔍 Esperando ventana que contenga alguna de: SNAP (máx 20s)
2026-08-10 19:31:21 | INFO | my_functions.py:1596 | ✅ Ventana encontrada: 'SNAP'
2026-08-10 19:31:21 | INFO | my_functions.py:1611 | ✅ Ventana seleccionada: 'SNAP'
2026-08-10 19:31:23 | INFO | my_functions.py:1634 | 🔁 Reajuste #1...
2026-08-10 19:31:25 | INFO | my_functions.py:1641 | ✔ Verificación completa. Se hicieron 1 reajustes.
2026-08-10 19:31:29 | INFO | each_eight_hours copy 2.py:73 | Processing account: overture_vm
2026-08-10 19:31:29 | INFO | my_functions.py:1577 | ⏱ Esperando 0.1 segundos antes de empezar...
2026-08-10 19:31:29 | INFO | my_functions.py:1584 | 🔍 Esperando ventana que contenga alguna de: ['SNAP'] (máx 20s)
2026-08-10 19:31:32 | INFO | my_functions.py:1596 | ✅ Ventana encontrada: 'SNAP'
2026-08-10 19:31:32 | INFO | my_functions.py:1611 | ✅ Ventana seleccionada: 'SNAP'
2026-08-10 19:31:34 | INFO | my_functions.py:1643 | ✔ Verificación completa. No hubo cambios después del primer ajuste.
2026-08-10 19:31:34 | INFO | my_functions.py:1206 | [DEBUG] Resizing SNAP window...
2026-08-10 19:31:34 | INFO | my_functions.py:1577 | ⏱ Esperando 0.1 segundos antes de empezar...
2026-08-10 19:31:34 | INFO | my_functions.py:1584 | 🔍 Esperando ventana que contenga alguna de: ['SNAP'] (máx 20s)
2026-08-10 19:31:34 | INFO | my_functions.py:1596 | ✅ Ventana encontrada: 'SNAP'
2026-08-10 19:31:34 | INFO | my_functions.py:1611 | ✅ Ventana seleccionada: 'SNAP'
2026-08-10 19:31:41 | INFO | my_functions.py:1643 | ✔ Verificación completa. No hubo cambios después del primer ajuste.
2026-08-10 19:31:41 | INFO | my_functions.py:248 | [DEBUG] Buscando en paralelo: ['small_submit.PNG', 'small_submit_hover.png', 'submit_hover_2.png', 'small_submit_hover_2.png'] | timeout=90s | confidence=0.8
2026-08-10 19:31:43 | INFO | my_functions.py:133 | Haciendo click en la posición (380, 642)
2026-08-10 19:31:43 | INFO | my_functions.py:270 | 🖱️ Click OK (En paralelo): small_submit.PNG at (380, 642) delay=0.2s
2026-08-10 19:31:46 | INFO | my_functions.py:248 | [DEBUG] Buscando en paralelo: ['small_submit.PNG', 'small_submit_hover.png', 'submit_hover_2.png', 'small_submit_hover_2.png'] | timeout=20s | confidence=0.8
2026-08-10 19:31:48 | INFO | my_functions.py:133 | Haciendo click en la posición (380, 721)
2026-08-10 19:31:48 | INFO | my_functions.py:270 | 🖱️ Click OK (En paralelo): small_submit.PNG at (380, 721) delay=0.2s
2026-08-10 19:31:49 | INFO | my_functions.py:1577 | ⏱ Esperando 0.1 segundos antes de empezar...
2026-08-10 19:31:49 | INFO | my_functions.py:1584 | 🔍 Esperando ventana que contenga alguna de: ['SNAP'] (máx 20s)
2026-08-10 19:31:49 | INFO | my_functions.py:1596 | ✅ Ventana encontrada: 'SNAP'
2026-08-10 19:31:49 | INFO | my_functions.py:1611 | ✅ Ventana seleccionada: 'SNAP'
2026-08-10 19:31:51 | INFO | my_functions.py:1634 | 🔁 Reajuste #1...
2026-08-10 19:31:52 | INFO | my_functions.py:1641 | ✔ Verificación completa. Se hicieron 1 reajustes.
2026-08-10 19:31:52 | INFO | my_functions.py:169 | Searching please_sign.png (timeout=0s)
2026-08-10 19:31:53 | INFO | my_functions.py:199 | 
✅ Found: please_sign.png pos=(383, 438) time=0.48s confidence=0.8
2026-08-10 19:31:53 | INFO | my_functions.py:248 | [DEBUG] Buscando en paralelo: ['ok_btn.png'] | timeout=20s | confidence=0.8
2026-08-10 19:31:54 | INFO | my_functions.py:133 | Haciendo click en la posición (382, 634)
2026-08-10 19:31:55 | INFO | my_functions.py:270 | 🖱️ Click OK (En paralelo): ok_btn.png at (382, 634) delay=1s
2026-08-10 19:31:56 | INFO | my_functions.py:248 | [DEBUG] Buscando en paralelo: ['small_submit.PNG', 'small_submit_hover.png', 'submit_hover_2.png', 'small_submit_hover_2.png'] | timeout=30s | confidence=0.8
2026-08-10 19:31:58 | INFO | my_functions.py:133 | Haciendo click en la posición (383, 643)
2026-08-10 19:31:59 | INFO | my_functions.py:270 | 🖱️ Click OK (En paralelo): small_submit_hover_2.png at (383, 643) delay=0.2s
2026-08-10 19:32:00 | INFO | my_functions.py:248 | [DEBUG] Buscando en paralelo: ['small_submit.PNG', 'small_submit_hover.png', 'submit_hover_2.png', 'small_submit_hover_2.png'] | timeout=20s | confidence=0.8
2026-08-10 19:32:01 | INFO | my_functions.py:133 | Haciendo click en la posición (380, 721)
2026-08-10 19:32:01 | INFO | my_functions.py:270 | 🖱️ Click OK (En paralelo): small_submit.PNG at (380, 721) delay=0.2s
2026-08-10 19:32:03 | INFO | my_functions.py:248 | [DEBUG] Buscando en paralelo: ['sign_in_with_google2.PNG'] | timeout=20s | confidence=0.8
2026-08-10 19:32:04 | INFO | my_functions.py:133 | Haciendo click en la posición (406, 957)
2026-08-10 19:32:04 | INFO | my_functions.py:270 | 🖱️ Click OK (En paralelo): sign_in_with_google2.PNG at (406, 957) delay=1s
2026-08-10 19:32:05 | INFO | my_functions.py:169 | Searching pagina_cargada.png (timeout=60s)
2026-08-10 19:32:11 | INFO | my_functions.py:199 | 
✅ Found: pagina_cargada.png pos=(70, 24) time=5.67s confidence=0.8
2026-08-10 19:32:13 | INFO | my_functions.py:248 | [DEBUG] Buscando en paralelo: ['overture_vm.png'] | timeout=0s | confidence=0.8
2026-08-10 19:32:17 | INFO | my_functions.py:133 | Haciendo click en la posición (1126, 447)
2026-08-10 19:32:17 | INFO | my_functions.py:270 | 🖱️ Click OK (En paralelo): overture_vm.png at (1126, 447) delay=3s
2026-08-10 19:32:18 | INFO | my_functions.py:169 | Searching marvelsnap_web.png (timeout=30s)
2026-08-10 19:32:22 | INFO | my_functions.py:199 | 
✅ Found: marvelsnap_web.png pos=(258, 80) time=4.11s confidence=0.7
2026-08-10 19:32:23 | INFO | my_functions.py:169 | Searching shop_unselected.PNG (timeout=0s)
2026-08-10 19:32:23 | INFO | my_functions.py:213 | 
⛔ Not found: shop_unselected.PNG after 0.0s region=(0, 0, 765, 1038) confidence=0.8
2026-08-10 19:32:23 | INFO | my_functions.py:248 | [DEBUG] Buscando en paralelo: ['super_premium.PNG'] | timeout=0s | confidence=0.8
2026-08-10 19:32:24 | INFO | my_functions.py:282 | [DEBUG] Click skipped, ninguna de las imágenes se encontró en el intento.
2026-08-10 19:32:25 | INFO | my_functions.py:248 | [DEBUG] Buscando en paralelo: ['maybe_later.PNG'] | timeout=0s | confidence=0.8
2026-08-10 19:32:25 | INFO | my_functions.py:282 | [DEBUG] Click skipped, ninguna de las imágenes se encontró en el intento.
2026-08-10 19:32:27 | INFO | my_functions.py:248 | [DEBUG] Buscando en paralelo: ['maybe_later2.PNG'] | timeout=0s | confidence=0.8
2026-08-10 19:32:27 | INFO | my_functions.py:282 | [DEBUG] Click skipped, ninguna de las imágenes se encontró en el intento.
2026-08-10 19:32:28 | INFO | my_functions.py:169 | Searching go_to_shop.PNG (timeout=0s)
2026-08-10 19:32:29 | INFO | my_functions.py:213 | 
⛔ Not found: go_to_shop.PNG after 0.0s region=(0, 0, 765, 1038) confidence=0.8
2026-08-10 19:32:29 | INFO | my_functions.py:248 | [DEBUG] Buscando en paralelo: ['14_days_of_winterverse.PNG'] | timeout=0s | confidence=0.8
2026-08-10 19:32:29 | INFO | my_functions.py:282 | [DEBUG] Click skipped, ninguna de las imágenes se encontró en el intento.
2026-08-10 19:32:30 | INFO | my_functions.py:169 | Searching welcome_back_calendar.PNG (timeout=0s)
2026-08-10 19:32:31 | INFO | my_functions.py:213 | 
⛔ Not found: welcome_back_calendar.PNG after 0.01s region=(0, 0, 765, 1038) confidence=0.8
2026-08-10 19:32:31 | INFO | my_functions.py:248 | [DEBUG] Buscando en paralelo: ['start_the_countdown.PNG'] | timeout=0s | confidence=0.8
2026-08-10 19:32:32 | INFO | my_functions.py:282 | [DEBUG] Click skipped, ninguna de las imágenes se encontró en el intento.
2026-08-10 19:32:33 | INFO | my_functions.py:248 | [DEBUG] Buscando en paralelo: ['event_has_ended_sanctum.PNG'] | timeout=0s | confidence=0.8
2026-08-10 19:32:33 | INFO | my_functions.py:282 | [DEBUG] Click skipped, ninguna de las imágenes se encontró en el intento.
2026-08-10 19:32:34 | INFO | my_functions.py:248 | [DEBUG] Buscando en paralelo: ['event_has_ended_teamclash.PNG'] | timeout=0s | confidence=0.8
2026-08-10 19:32:35 | INFO | my_functions.py:282 | [DEBUG] Click skipped, ninguna de las imágenes se encontró en el intento.
2026-08-10 19:32:36 | INFO | my_functions.py:248 | [DEBUG] Buscando en paralelo: ['image_part_of_event_grand_arena_finished.PNG'] | timeout=0s | confidence=0.8
2026-08-10 19:32:37 | INFO | my_functions.py:282 | [DEBUG] Click skipped, ninguna de las imágenes se encontró en el intento.
2026-08-10 19:32:38 | INFO | my_functions.py:169 | Searching 28_day_event_login_rewards.PNG (timeout=0s)
2026-08-10 19:32:38 | INFO | my_functions.py:213 | 
⛔ Not found: 28_day_event_login_rewards.PNG after 0.0s region=(0, 0, 765, 1038) confidence=0.8
2026-08-10 19:32:38 | INFO | my_functions.py:169 | Searching 7_day_event_login.PNG (timeout=0s)
2026-08-10 19:32:39 | INFO | my_functions.py:213 | 
⛔ Not found: 7_day_event_login.PNG after 0.0s region=(0, 0, 765, 1038) confidence=0.8
2026-08-10 19:32:39 | INFO | my_functions.py:169 | Searching 14_days_event.PNG (timeout=0s)
2026-08-10 19:32:39 | INFO | my_functions.py:213 | 
⛔ Not found: 14_days_event.PNG after 0.0s region=(0, 0, 765, 1038) confidence=0.8
2026-08-10 19:32:39 | INFO | my_functions.py:248 | [DEBUG] Buscando en paralelo: ['lets_go.PNG'] | timeout=0s | confidence=0.8
2026-08-10 19:32:40 | INFO | my_functions.py:282 | [DEBUG] Click skipped, ninguna de las imágenes se encontró en el intento.
2026-08-10 19:32:42 | INFO | my_functions.py:169 | Searching shop_unselected.PNG (timeout=0s)
2026-08-10 19:32:43 | INFO | my_functions.py:213 | 
⛔ Not found: shop_unselected.PNG after 0.0s region=(0, 0, 765, 1038) confidence=0.8
2026-08-10 19:32:43 | INFO | my_functions.py:248 | [DEBUG] Buscando en paralelo: ['super_premium.PNG'] | timeout=0s | confidence=0.8
2026-08-10 19:32:44 | INFO | my_functions.py:133 | Haciendo click en la posición (480, 777)
2026-08-10 19:32:44 | INFO | my_functions.py:270 | 🖱️ Click OK (En paralelo): super_premium.PNG at (480, 777) delay=1s
2026-08-10 19:32:45 | INFO | my_functions.py:141 | Presionando ESC (1/1)
2026-08-10 19:32:54 | INFO | my_functions.py:169 | Searching shop_unselected.PNG (timeout=0s)
2026-08-10 19:32:55 | INFO | my_functions.py:199 | 
✅ Found: shop_unselected.PNG pos=(88, 961) time=0.73s confidence=0.8
2026-08-10 19:32:55 | INFO | my_functions.py:714 | Ya esta listo
2026-08-10 19:32:59 | INFO | my_functions.py:169 | Searching play.PNG (timeout=0s)
2026-08-10 19:32:59 | INFO | my_functions.py:199 | 
✅ Found: play.PNG pos=(384, 825) time=0.61s confidence=0.8
2026-08-10 19:33:00 | INFO | my_functions.py:1439 | [INFO] Click realizado donde se equipa el deck a jugar
2026-08-10 19:33:04 | INFO | my_functions.py:248 | [DEBUG] Buscando en paralelo: ['deck_666666.png'] | timeout=3s | confidence=0.8
2026-08-10 19:33:05 | INFO | my_functions.py:133 | Haciendo click en la posición (533, 546)
2026-08-10 19:33:06 | INFO | my_functions.py:270 | 🖱️ Click OK (En paralelo): deck_666666.png at (533, 546) delay=1s
2026-08-10 19:33:07 | INFO | my_functions.py:248 | [DEBUG] Buscando en paralelo: ['equip.png'] | timeout=3s | confidence=0.95
2026-08-10 19:33:09 | INFO | my_functions.py:133 | Haciendo click en la posición (548, 983)
2026-08-10 19:33:09 | INFO | my_functions.py:270 | 🖱️ Click OK (En paralelo): equip.png at (548, 983) delay=1s
2026-08-10 19:33:10 | INFO | each_eight_hours copy 2.py:89 | Deck selected: 6turns
2026-08-10 19:33:10 | INFO | my_functions.py:248 | [DEBUG] Buscando en paralelo: ['maybe_later.PNG'] | timeout=2s | confidence=0.8
2026-08-10 19:33:12 | INFO | my_functions.py:282 | [DEBUG] Click skipped, ninguna de las imágenes se encontró en el intento.
2026-08-10 19:33:13 | INFO | my_functions.py:248 | [DEBUG] Buscando en paralelo: ['maybe_later2.PNG'] | timeout=0.01s | confidence=0.8
2026-08-10 19:33:14 | INFO | my_functions.py:282 | [DEBUG] Click skipped, ninguna de las imágenes se encontró en el intento.
2026-08-10 19:33:15 | INFO | each_eight_hours copy 2.py:95 | Starting game loop 1
2026-08-10 19:33:15 | INFO | my_functions.py:248 | [DEBUG] Buscando en paralelo: ['play.PNG'] | timeout=20s | confidence=0.8
2026-08-10 19:33:19 | INFO | my_functions.py:133 | Haciendo click en la posición (384, 824)
2026-08-10 19:33:19 | INFO | my_functions.py:270 | 🖱️ Click OK (En paralelo): play.PNG at (384, 824) delay=3s
2026-08-10 19:33:23 | INFO | my_functions.py:169 | Searching failed_to_join_game_error.png (timeout=0s)
2026-08-10 19:33:24 | INFO | my_functions.py:213 | 
⛔ Not found: failed_to_join_game_error.png after 0.0s region=(0, 0, 765, 1038) confidence=0.8
2026-08-10 19:33:27 | INFO | my_functions.py:169 | Searching failed_to_join_game_error.png (timeout=0s)
2026-08-10 19:33:27 | INFO | my_functions.py:213 | 
⛔ Not found: failed_to_join_game_error.png after 0.0s region=(0, 0, 765, 1038) confidence=0.8
2026-08-10 19:33:31 | INFO | my_functions.py:169 | Searching failed_to_join_game_error.png (timeout=0s)
2026-08-10 19:33:31 | INFO | my_functions.py:213 | 
⛔ Not found: failed_to_join_game_error.png after 0.0s region=(0, 0, 765, 1038) confidence=0.8
2026-08-10 19:33:35 | INFO | my_functions.py:169 | Searching failed_to_join_game_error.png (timeout=0s)
2026-08-10 19:33:36 | INFO | my_functions.py:213 | 
⛔ Not found: failed_to_join_game_error.png after 0.59s region=(0, 0, 765, 1038) confidence=0.8
2026-08-10 19:33:39 | INFO | my_functions.py:169 | Searching failed_to_join_game_error.png (timeout=0s)
2026-08-10 19:33:39 | INFO | my_functions.py:213 | 
⛔ Not found: failed_to_join_game_error.png after 0.0s region=(0, 0, 765, 1038) confidence=0.8
2026-08-10 19:33:42 | INFO | my_functions.py:169 | Searching failed_to_join_game_error.png (timeout=0s)
2026-08-10 19:33:43 | INFO | my_functions.py:213 | 
⛔ Not found: failed_to_join_game_error.png after 0.0s region=(0, 0, 765, 1038) confidence=0.8
2026-08-10 19:33:44 | INFO | my_functions.py:199 | 
✅ Found: end_turn.PNG pos=(681, 945) time=0.64s confidence=0.8
2026-08-10 19:33:44 | INFO | my_functions.py:248 | [DEBUG] Buscando en paralelo: ['snap.PNG'] | timeout=0s | confidence=0.8
2026-08-10 19:33:46 | INFO | my_functions.py:133 | Haciendo click en la posición (386, 123)
2026-08-10 19:33:46 | INFO | my_functions.py:270 | 🖱️ Click OK (En paralelo): snap.PNG at (386, 123) delay=1s
2026-08-10 19:33:53 | INFO | my_functions.py:248 | [DEBUG] Buscando en paralelo: ['end_turn.PNG'] | timeout=0s | confidence=0.8
2026-08-10 19:33:54 | INFO | my_functions.py:133 | Haciendo click en la posición (682, 946)
2026-08-10 19:33:54 | INFO | my_functions.py:270 | 🖱️ Click OK (En paralelo): end_turn.PNG at (682, 946) delay=1s
2026-08-10 19:33:56 | INFO | each_eight_hours copy 2.py:108 | End turn executed
2026-08-10 19:33:57 | INFO | my_functions.py:169 | Searching failed_to_join_game_error.png (timeout=0s)
2026-08-10 19:33:58 | INFO | my_functions.py:213 | 
⛔ Not found: failed_to_join_game_error.png after 0.0s region=(0, 0, 765, 1038) confidence=0.8
2026-08-10 19:34:01 | INFO | my_functions.py:169 | Searching failed_to_join_game_error.png (timeout=0s)
2026-08-10 19:34:01 | INFO | my_functions.py:213 | 
⛔ Not found: failed_to_join_game_error.png after 0.0s region=(0, 0, 765, 1038) confidence=0.8
2026-08-10 19:34:05 | INFO | my_functions.py:169 | Searching failed_to_join_game_error.png (timeout=0s)
2026-08-10 19:34:05 | INFO | my_functions.py:213 | 
⛔ Not found: failed_to_join_game_error.png after 0.0s region=(0, 0, 765, 1038) confidence=0.8
2026-08-10 19:34:08 | INFO | my_functions.py:169 | Searching failed_to_join_game_error.png (timeout=0s)
2026-08-10 19:34:09 | INFO | my_functions.py:213 | 
⛔ Not found: failed_to_join_game_error.png after 0.0s region=(0, 0, 765, 1038) confidence=0.8
2026-08-10 19:34:12 | INFO | my_functions.py:169 | Searching failed_to_join_game_error.png (timeout=0s)
2026-08-10 19:34:12 | INFO | my_functions.py:213 | 
⛔ Not found: failed_to_join_game_error.png after 0.0s region=(0, 0, 765, 1038) confidence=0.8
2026-08-10 19:34:14 | INFO | my_functions.py:199 | 
✅ Found: end_turn.PNG pos=(681, 945) time=0.67s confidence=0.8
2026-08-10 19:34:14 | INFO | my_functions.py:248 | [DEBUG] Buscando en paralelo: ['snap.PNG'] | timeout=0s | confidence=0.8
2026-08-10 19:34:15 | INFO | my_functions.py:282 | [DEBUG] Click skipped, ninguna de las imágenes se encontró en el intento.
2026-08-10 19:34:21 | INFO | my_functions.py:248 | [DEBUG] Buscando en paralelo: ['end_turn.PNG'] | timeout=0s | confidence=0.8
2026-08-10 19:34:23 | INFO | my_functions.py:133 | Haciendo click en la posición (682, 946)
2026-08-10 19:34:23 | INFO | my_functions.py:270 | 🖱️ Click OK (En paralelo): end_turn.PNG at (682, 946) delay=1s
2026-08-10 19:34:24 | INFO | each_eight_hours copy 2.py:108 | End turn executed
2026-08-10 19:34:26 | INFO | my_functions.py:169 | Searching failed_to_join_game_error.png (timeout=0s)
2026-08-10 19:34:26 | INFO | my_functions.py:213 | 
⛔ Not found: failed_to_join_game_error.png after 0.0s region=(0, 0, 765, 1038) confidence=0.8
2026-08-10 19:34:29 | INFO | my_functions.py:169 | Searching failed_to_join_game_error.png (timeout=0s)
2026-08-10 19:34:30 | INFO | my_functions.py:213 | 
⛔ Not found: failed_to_join_game_error.png after 0.0s region=(0, 0, 765, 1038) confidence=0.8
2026-08-10 19:34:33 | INFO | my_functions.py:169 | Searching failed_to_join_game_error.png (timeout=0s)
2026-08-10 19:34:33 | INFO | my_functions.py:213 | 
⛔ Not found: failed_to_join_game_error.png after 0.0s region=(0, 0, 765, 1038) confidence=0.8
2026-08-10 19:34:35 | INFO | my_functions.py:199 | 
✅ Found: end_turn.PNG pos=(681, 945) time=0.67s confidence=0.8
2026-08-10 19:34:35 | INFO | my_functions.py:248 | [DEBUG] Buscando en paralelo: ['snap.PNG'] | timeout=0s | confidence=0.8
2026-08-10 19:34:36 | INFO | my_functions.py:282 | [DEBUG] Click skipped, ninguna de las imágenes se encontró en el intento.
2026-08-10 19:34:42 | INFO | my_functions.py:248 | [DEBUG] Buscando en paralelo: ['end_turn.PNG'] | timeout=0s | confidence=0.8
2026-08-10 19:34:43 | INFO | my_functions.py:133 | Haciendo click en la posición (682, 945)
2026-08-10 19:34:44 | INFO | my_functions.py:270 | 🖱️ Click OK (En paralelo): end_turn.PNG at (682, 945) delay=1s
2026-08-10 19:34:45 | INFO | each_eight_hours copy 2.py:108 | End turn executed
2026-08-10 19:34:46 | INFO | my_functions.py:169 | Searching failed_to_join_game_error.png (timeout=0s)
2026-08-10 19:34:47 | INFO | my_functions.py:213 | 
⛔ Not found: failed_to_join_game_error.png after 0.0s region=(0, 0, 765, 1038) confidence=0.8
2026-08-10 19:34:50 | INFO | my_functions.py:169 | Searching failed_to_join_game_error.png (timeout=0s)
2026-08-10 19:34:51 | INFO | my_functions.py:213 | 
⛔ Not found: failed_to_join_game_error.png after 0.0s region=(0, 0, 765, 1038) confidence=0.8
2026-08-10 19:34:54 | INFO | my_functions.py:169 | Searching failed_to_join_game_error.png (timeout=0s)
2026-08-10 19:34:54 | INFO | my_functions.py:213 | 
⛔ Not found: failed_to_join_game_error.png after 0.0s region=(0, 0, 765, 1038) confidence=0.8
2026-08-10 19:34:58 | INFO | my_functions.py:169 | Searching failed_to_join_game_error.png (timeout=0s)
2026-08-10 19:34:58 | INFO | my_functions.py:213 | 
⛔ Not found: failed_to_join_game_error.png after 0.0s region=(0, 0, 765, 1038) confidence=0.8
2026-08-10 19:34:59 | INFO | my_functions.py:199 | 
✅ Found: end_turn.PNG pos=(681, 945) time=0.65s confidence=0.8
2026-08-10 19:34:59 | INFO | my_functions.py:248 | [DEBUG] Buscando en paralelo: ['snap.PNG'] | timeout=0s | confidence=0.8
2026-08-10 19:35:00 | INFO | my_functions.py:282 | [DEBUG] Click skipped, ninguna de las imágenes se encontró en el intento.
2026-08-10 19:35:06 | INFO | my_functions.py:248 | [DEBUG] Buscando en paralelo: ['end_turn.PNG'] | timeout=0s | confidence=0.8
2026-08-10 19:35:08 | INFO | my_functions.py:133 | Haciendo click en la posición (682, 945)
2026-08-10 19:35:08 | INFO | my_functions.py:270 | 🖱️ Click OK (En paralelo): end_turn.PNG at (682, 945) delay=1s
2026-08-10 19:35:09 | INFO | each_eight_hours copy 2.py:108 | End turn executed
2026-08-10 19:35:11 | INFO | my_functions.py:169 | Searching failed_to_join_game_error.png (timeout=0s)
2026-08-10 19:35:12 | INFO | my_functions.py:213 | 
⛔ Not found: failed_to_join_game_error.png after 0.0s region=(0, 0, 765, 1038) confidence=0.8
2026-08-10 19:35:15 | INFO | my_functions.py:169 | Searching failed_to_join_game_error.png (timeout=0s)
2026-08-10 19:35:16 | INFO | my_functions.py:213 | 
⛔ Not found: failed_to_join_game_error.png after 0.0s region=(0, 0, 765, 1038) confidence=0.8
2026-08-10 19:35:19 | INFO | my_functions.py:169 | Searching failed_to_join_game_error.png (timeout=0s)
2026-08-10 19:35:19 | INFO | my_functions.py:213 | 
⛔ Not found: failed_to_join_game_error.png after 0.0s region=(0, 0, 765, 1038) confidence=0.8
2026-08-10 19:35:23 | INFO | my_functions.py:169 | Searching failed_to_join_game_error.png (timeout=0s)
2026-08-10 19:35:23 | INFO | my_functions.py:213 | 
⛔ Not found: failed_to_join_game_error.png after 0.0s region=(0, 0, 765, 1038) confidence=0.8
2026-08-10 19:35:26 | INFO | my_functions.py:169 | Searching failed_to_join_game_error.png (timeout=0s)
2026-08-10 19:35:27 | INFO | my_functions.py:213 | 
⛔ Not found: failed_to_join_game_error.png after 0.0s region=(0, 0, 765, 1038) confidence=0.8
2026-08-10 19:35:28 | INFO | my_functions.py:199 | 
✅ Found: end_turn.PNG pos=(681, 945) time=0.66s confidence=0.8
2026-08-10 19:35:28 | INFO | my_functions.py:248 | [DEBUG] Buscando en paralelo: ['snap.PNG'] | timeout=0s | confidence=0.8
2026-08-10 19:35:29 | INFO | my_functions.py:282 | [DEBUG] Click skipped, ninguna de las imágenes se encontró en el intento.
2026-08-10 19:35:35 | INFO | my_functions.py:248 | [DEBUG] Buscando en paralelo: ['end_turn.PNG'] | timeout=0s | confidence=0.8
2026-08-10 19:35:37 | INFO | my_functions.py:133 | Haciendo click en la posición (682, 945)
2026-08-10 19:35:37 | INFO | my_functions.py:270 | 🖱️ Click OK (En paralelo): end_turn.PNG at (682, 945) delay=1s
2026-08-10 19:35:38 | INFO | each_eight_hours copy 2.py:108 | End turn executed
2026-08-10 19:35:40 | INFO | my_functions.py:169 | Searching failed_to_join_game_error.png (timeout=0s)
2026-08-10 19:35:40 | INFO | my_functions.py:213 | 
⛔ Not found: failed_to_join_game_error.png after 0.0s region=(0, 0, 765, 1038) confidence=0.8
2026-08-10 19:35:44 | INFO | my_functions.py:169 | Searching failed_to_join_game_error.png (timeout=0s)
2026-08-10 19:35:45 | INFO | my_functions.py:213 | 
⛔ Not found: failed_to_join_game_error.png after 0.0s region=(0, 0, 765, 1038) confidence=0.8
2026-08-10 19:35:48 | INFO | my_functions.py:169 | Searching failed_to_join_game_error.png (timeout=0s)
2026-08-10 19:35:49 | INFO | my_functions.py:213 | 
⛔ Not found: failed_to_join_game_error.png after 0.0s region=(0, 0, 765, 1038) confidence=0.8
2026-08-10 19:35:52 | INFO | my_functions.py:169 | Searching failed_to_join_game_error.png (timeout=0s)
2026-08-10 19:35:53 | INFO | my_functions.py:213 | 
⛔ Not found: failed_to_join_game_error.png after 0.0s region=(0, 0, 765, 1038) confidence=0.8
2026-08-10 19:35:56 | INFO | my_functions.py:169 | Searching failed_to_join_game_error.png (timeout=0s)
2026-08-10 19:35:57 | INFO | my_functions.py:213 | 
⛔ Not found: failed_to_join_game_error.png after 0.0s region=(0, 0, 765, 1038) confidence=0.8
2026-08-10 19:36:00 | INFO | my_functions.py:169 | Searching failed_to_join_game_error.png (timeout=0s)
2026-08-10 19:36:01 | INFO | my_functions.py:213 | 
⛔ Not found: failed_to_join_game_error.png after 0.0s region=(0, 0, 765, 1038) confidence=0.8
2026-08-10 19:36:02 | INFO | my_functions.py:199 | 
✅ Found: end_turn.PNG pos=(681, 945) time=0.65s confidence=0.8
2026-08-10 19:36:02 | INFO | my_functions.py:248 | [DEBUG] Buscando en paralelo: ['snap.PNG'] | timeout=0s | confidence=0.8
2026-08-10 19:36:03 | INFO | my_functions.py:282 | [DEBUG] Click skipped, ninguna de las imágenes se encontró en el intento.
2026-08-10 19:36:09 | INFO | my_functions.py:248 | [DEBUG] Buscando en paralelo: ['end_turn.PNG'] | timeout=0s | confidence=0.8
2026-08-10 19:36:11 | INFO | my_functions.py:133 | Haciendo click en la posición (682, 945)
2026-08-10 19:36:11 | INFO | my_functions.py:270 | 🖱️ Click OK (En paralelo): end_turn.PNG at (682, 945) delay=1s
2026-08-10 19:36:12 | INFO | each_eight_hours copy 2.py:108 | End turn executed
2026-08-10 19:36:14 | INFO | my_functions.py:169 | Searching failed_to_join_game_error.png (timeout=0s)
2026-08-10 19:36:15 | INFO | my_functions.py:213 | 
⛔ Not found: failed_to_join_game_error.png after 0.47s region=(0, 0, 765, 1038) confidence=0.8
2026-08-10 19:36:18 | INFO | my_functions.py:169 | Searching failed_to_join_game_error.png (timeout=0s)
2026-08-10 19:36:19 | INFO | my_functions.py:213 | 
⛔ Not found: failed_to_join_game_error.png after 0.0s region=(0, 0, 765, 1038) confidence=0.8
2026-08-10 19:36:22 | INFO | my_functions.py:169 | Searching failed_to_join_game_error.png (timeout=0s)
2026-08-10 19:36:23 | INFO | my_functions.py:213 | 
⛔ Not found: failed_to_join_game_error.png after 0.0s region=(0, 0, 765, 1038) confidence=0.8
2026-08-10 19:36:26 | INFO | my_functions.py:169 | Searching failed_to_join_game_error.png (timeout=0s)
2026-08-10 19:36:27 | INFO | my_functions.py:213 | 
⛔ Not found: failed_to_join_game_error.png after 0.49s region=(0, 0, 765, 1038) confidence=0.8
2026-08-10 19:36:30 | INFO | my_functions.py:169 | Searching failed_to_join_game_error.png (timeout=0s)
2026-08-10 19:36:31 | INFO | my_functions.py:213 | 
⛔ Not found: failed_to_join_game_error.png after 0.0s region=(0, 0, 765, 1038) confidence=0.8
2026-08-10 19:36:34 | INFO | my_functions.py:169 | Searching failed_to_join_game_error.png (timeout=0s)
2026-08-10 19:36:34 | INFO | my_functions.py:213 | 
⛔ Not found: failed_to_join_game_error.png after 0.0s region=(0, 0, 765, 1038) confidence=0.8
2026-08-10 19:36:38 | INFO | my_functions.py:169 | Searching failed_to_join_game_error.png (timeout=0s)
2026-08-10 19:36:38 | INFO | my_functions.py:213 | 
⛔ Not found: failed_to_join_game_error.png after 0.0s region=(0, 0, 765, 1038) confidence=0.8
2026-08-10 19:36:41 | INFO | my_functions.py:169 | Searching failed_to_join_game_error.png (timeout=0s)
2026-08-10 19:36:42 | INFO | my_functions.py:213 | 
⛔ Not found: failed_to_join_game_error.png after 0.0s region=(0, 0, 765, 1038) confidence=0.8
2026-08-10 19:36:45 | INFO | my_functions.py:169 | Searching failed_to_join_game_error.png (timeout=0s)
2026-08-10 19:36:46 | INFO | my_functions.py:213 | 
⛔ Not found: failed_to_join_game_error.png after 0.0s region=(0, 0, 765, 1038) confidence=0.8
2026-08-10 19:36:47 | INFO | my_functions.py:199 | 
✅ Found: collect_rewards.PNG pos=(679, 957) time=0.84s confidence=0.8
2026-08-10 19:36:47 | INFO | each_eight_hours copy 2.py:138 | Rewards detected, exiting match. Game duration: 211.54 s
2026-08-10 19:36:47 | INFO | my_functions.py:248 | [DEBUG] Buscando en paralelo: ['collect_rewards.PNG'] | timeout=20s | confidence=0.8
2026-08-10 19:36:48 | INFO | my_functions.py:133 | Haciendo click en la posición (679, 957)
2026-08-10 19:36:49 | INFO | my_functions.py:270 | 🖱️ Click OK (En paralelo): collect_rewards.PNG at (679, 957) delay=1s
2026-08-10 19:36:50 | INFO | my_functions.py:248 | [DEBUG] Buscando en paralelo: ['next.PNG'] | timeout=20s | confidence=0.8
2026-08-10 19:36:55 | INFO | my_functions.py:133 | Haciendo click en la posición (677, 973)
2026-08-10 19:36:55 | INFO | my_functions.py:270 | 🖱️ Click OK (En paralelo): next.PNG at (677, 973) delay=1s
2026-08-10 19:36:58 | INFO | my_functions.py:169 | Searching hyper_cube.png (timeout=5s)
2026-08-10 19:37:04 | INFO | my_functions.py:213 | 
⛔ Not found: hyper_cube.png after 5.11s region=(0, 0, 765, 1038) confidence=0.8
2026-08-10 19:37:04 | INFO | each_eight_hours copy 2.py:95 | Starting game loop 2
2026-08-10 19:37:04 | INFO | my_functions.py:248 | [DEBUG] Buscando en paralelo: ['play.PNG'] | timeout=20s | confidence=0.8
2026-08-10 19:37:08 | INFO | my_functions.py:133 | Haciendo click en la posición (384, 824)
2026-08-10 19:37:08 | INFO | my_functions.py:270 | 🖱️ Click OK (En paralelo): play.PNG at (384, 824) delay=3s
2026-08-10 19:37:12 | INFO | my_functions.py:169 | Searching failed_to_join_game_error.png (timeout=0s)
2026-08-10 19:37:13 | INFO | my_functions.py:213 | 
⛔ Not found: failed_to_join_game_error.png after 0.0s region=(0, 0, 765, 1038) confidence=0.8
2026-08-10 19:37:16 | INFO | my_functions.py:169 | Searching failed_to_join_game_error.png (timeout=0s)
2026-08-10 19:37:16 | INFO | my_functions.py:213 | 
⛔ Not found: failed_to_join_game_error.png after 0.0s region=(0, 0, 765, 1038) confidence=0.8
2026-08-10 19:37:19 | INFO | my_functions.py:169 | Searching failed_to_join_game_error.png (timeout=0s)
2026-08-10 19:37:20 | INFO | my_functions.py:213 | 
⛔ Not found: failed_to_join_game_error.png after 0.0s region=(0, 0, 765, 1038) confidence=0.8
2026-08-10 19:37:23 | INFO | my_functions.py:169 | Searching failed_to_join_game_error.png (timeout=0s)
2026-08-10 19:37:24 | INFO | my_functions.py:213 | 
⛔ Not found: failed_to_join_game_error.png after 0.0s region=(0, 0, 765, 1038) confidence=0.8
2026-08-10 19:37:27 | INFO | my_functions.py:169 | Searching failed_to_join_game_error.png (timeout=0s)
2026-08-10 19:37:28 | INFO | my_functions.py:213 | 
⛔ Not found: failed_to_join_game_error.png after 0.0s region=(0, 0, 765, 1038) confidence=0.8
2026-08-10 19:37:31 | INFO | my_functions.py:169 | Searching failed_to_join_game_error.png (timeout=0s)
2026-08-10 19:37:31 | INFO | my_functions.py:213 | 
⛔ Not found: failed_to_join_game_error.png after 0.0s region=(0, 0, 765, 1038) confidence=0.8
2026-08-10 19:37:34 | INFO | my_functions.py:169 | Searching failed_to_join_game_error.png (timeout=0s)
2026-08-10 19:37:35 | INFO | my_functions.py:213 | 
⛔ Not found: failed_to_join_game_error.png after 0.0s region=(0, 0, 765, 1038) confidence=0.8
2026-08-10 19:37:36 | INFO | my_functions.py:199 | 
✅ Found: end_turn.PNG pos=(681, 945) time=0.65s confidence=0.8
2026-08-10 19:37:36 | INFO | my_functions.py:248 | [DEBUG] Buscando en paralelo: ['snap.PNG'] | timeout=0s | confidence=0.8
2026-08-10 19:37:38 | INFO | my_functions.py:133 | Haciendo click en la posición (386, 123)
2026-08-10 19:37:38 | INFO | my_functions.py:270 | 🖱️ Click OK (En paralelo): snap.PNG at (386, 123) delay=1s
2026-08-10 19:37:44 | INFO | my_functions.py:248 | [DEBUG] Buscando en paralelo: ['end_turn.PNG'] | timeout=0s | confidence=0.8
2026-08-10 19:37:46 | INFO | my_functions.py:133 | Haciendo click en la posición (682, 946)
2026-08-10 19:37:46 | INFO | my_functions.py:270 | 🖱️ Click OK (En paralelo): end_turn.PNG at (682, 946) delay=1s
2026-08-10 19:37:47 | INFO | each_eight_hours copy 2.py:108 | End turn executed
2026-08-10 19:37:49 | INFO | my_functions.py:169 | Searching failed_to_join_game_error.png (timeout=0s)
2026-08-10 19:37:49 | INFO | my_functions.py:213 | 
⛔ Not found: failed_to_join_game_error.png after 0.0s region=(0, 0, 765, 1038) confidence=0.8
2026-08-10 19:37:53 | INFO | my_functions.py:169 | Searching failed_to_join_game_error.png (timeout=0s)
2026-08-10 19:37:53 | INFO | my_functions.py:213 | 
⛔ Not found: failed_to_join_game_error.png after 0.0s region=(0, 0, 765, 1038) confidence=0.8
2026-08-10 19:37:56 | INFO | my_functions.py:169 | Searching failed_to_join_game_error.png (timeout=0s)
2026-08-10 19:37:57 | INFO | my_functions.py:213 | 
⛔ Not found: failed_to_join_game_error.png after 0.0s region=(0, 0, 765, 1038) confidence=0.8
2026-08-10 19:38:00 | INFO | my_functions.py:169 | Searching failed_to_join_game_error.png (timeout=0s)
2026-08-10 19:38:00 | INFO | my_functions.py:213 | 
⛔ Not found: failed_to_join_game_error.png after 0.0s region=(0, 0, 765, 1038) confidence=0.8
2026-08-10 19:38:02 | INFO | my_functions.py:199 | 
✅ Found: end_turn.PNG pos=(681, 945) time=0.65s confidence=0.8
2026-08-10 19:38:02 | INFO | my_functions.py:248 | [DEBUG] Buscando en paralelo: ['snap.PNG'] | timeout=0s | confidence=0.8
2026-08-10 19:38:02 | INFO | my_functions.py:282 | [DEBUG] Click skipped, ninguna de las imágenes se encontró en el intento.
2026-08-10 19:38:09 | INFO | my_functions.py:248 | [DEBUG] Buscando en paralelo: ['end_turn.PNG'] | timeout=0s | confidence=0.8
2026-08-10 19:38:10 | INFO | my_functions.py:133 | Haciendo click en la posición (682, 946)
2026-08-10 19:38:11 | INFO | my_functions.py:270 | 🖱️ Click OK (En paralelo): end_turn.PNG at (682, 946) delay=1s
2026-08-10 19:38:12 | INFO | each_eight_hours copy 2.py:108 | End turn executed
2026-08-10 19:38:13 | INFO | my_functions.py:169 | Searching failed_to_join_game_error.png (timeout=0s)
2026-08-10 19:38:14 | INFO | my_functions.py:213 | 
⛔ Not found: failed_to_join_game_error.png after 0.0s region=(0, 0, 765, 1038) confidence=0.8
2026-08-10 19:38:17 | INFO | my_functions.py:169 | Searching failed_to_join_game_error.png (timeout=0s)
2026-08-10 19:38:17 | INFO | my_functions.py:213 | 
⛔ Not found: failed_to_join_game_error.png after 0.0s region=(0, 0, 765, 1038) confidence=0.8
2026-08-10 19:38:21 | INFO | my_functions.py:169 | Searching failed_to_join_game_error.png (timeout=0s)
2026-08-10 19:38:21 | INFO | my_functions.py:213 | 
⛔ Not found: failed_to_join_game_error.png after 0.0s region=(0, 0, 765, 1038) confidence=0.8
2026-08-10 19:38:23 | INFO | my_functions.py:199 | 
✅ Found: end_turn.PNG pos=(681, 945) time=0.63s confidence=0.8
2026-08-10 19:38:23 | INFO | my_functions.py:248 | [DEBUG] Buscando en paralelo: ['snap.PNG'] | timeout=0s | confidence=0.8
2026-08-10 19:38:23 | INFO | my_functions.py:282 | [DEBUG] Click skipped, ninguna de las imágenes se encontró en el intento.
2026-08-10 19:38:30 | INFO | my_functions.py:248 | [DEBUG] Buscando en paralelo: ['end_turn.PNG'] | timeout=0s | confidence=0.8
2026-08-10 19:38:31 | INFO | my_functions.py:133 | Haciendo click en la posición (682, 945)
2026-08-10 19:38:31 | INFO | my_functions.py:270 | 🖱️ Click OK (En paralelo): end_turn.PNG at (682, 945) delay=1s
2026-08-10 19:38:32 | INFO | each_eight_hours copy 2.py:108 | End turn executed
2026-08-10 19:38:34 | INFO | my_functions.py:169 | Searching failed_to_join_game_error.png (timeout=0s)
2026-08-10 19:38:35 | INFO | my_functions.py:213 | 
⛔ Not found: failed_to_join_game_error.png after 0.0s region=(0, 0, 765, 1038) confidence=0.8
2026-08-10 19:38:38 | INFO | my_functions.py:169 | Searching failed_to_join_game_error.png (timeout=0s)
2026-08-10 19:38:38 | INFO | my_functions.py:213 | 
⛔ Not found: failed_to_join_game_error.png after 0.0s region=(0, 0, 765, 1038) confidence=0.8
2026-08-10 19:38:42 | INFO | my_functions.py:169 | Searching failed_to_join_game_error.png (timeout=0s)
2026-08-10 19:38:42 | INFO | my_functions.py:213 | 
⛔ Not found: failed_to_join_game_error.png after 0.0s region=(0, 0, 765, 1038) confidence=0.8
2026-08-10 19:38:44 | INFO | my_functions.py:199 | 
✅ Found: end_turn.PNG pos=(681, 945) time=0.67s confidence=0.8
2026-08-10 19:38:44 | INFO | my_functions.py:248 | [DEBUG] Buscando en paralelo: ['snap.PNG'] | timeout=0s | confidence=0.8
2026-08-10 19:38:44 | INFO | my_functions.py:282 | [DEBUG] Click skipped, ninguna de las imágenes se encontró en el intento.
2026-08-10 19:38:50 | INFO | my_functions.py:248 | [DEBUG] Buscando en paralelo: ['end_turn.PNG'] | timeout=0s | confidence=0.8
2026-08-10 19:38:52 | INFO | my_functions.py:133 | Haciendo click en la posición (682, 945)
2026-08-10 19:38:52 | INFO | my_functions.py:270 | 🖱️ Click OK (En paralelo): end_turn.PNG at (682, 945) delay=1s
2026-08-10 19:38:53 | INFO | each_eight_hours copy 2.py:108 | End turn executed
2026-08-10 19:38:55 | INFO | my_functions.py:169 | Searching failed_to_join_game_error.png (timeout=0s)
2026-08-10 19:38:56 | INFO | my_functions.py:213 | 
⛔ Not found: failed_to_join_game_error.png after 0.0s region=(0, 0, 765, 1038) confidence=0.8
2026-08-10 19:38:59 | INFO | my_functions.py:169 | Searching failed_to_join_game_error.png (timeout=0s)
2026-08-10 19:38:59 | INFO | my_functions.py:213 | 
⛔ Not found: failed_to_join_game_error.png after 0.0s region=(0, 0, 765, 1038) confidence=0.8
2026-08-10 19:39:02 | INFO | my_functions.py:169 | Searching failed_to_join_game_error.png (timeout=0s)
2026-08-10 19:39:03 | INFO | my_functions.py:213 | 
⛔ Not found: failed_to_join_game_error.png after 0.0s region=(0, 0, 765, 1038) confidence=0.8
2026-08-10 19:39:06 | INFO | my_functions.py:169 | Searching failed_to_join_game_error.png (timeout=0s)
2026-08-10 19:39:07 | INFO | my_functions.py:213 | 
⛔ Not found: failed_to_join_game_error.png after 0.0s region=(0, 0, 765, 1038) confidence=0.8
2026-08-10 19:39:10 | INFO | my_functions.py:169 | Searching failed_to_join_game_error.png (timeout=0s)
2026-08-10 19:39:10 | INFO | my_functions.py:213 | 
⛔ Not found: failed_to_join_game_error.png after 0.0s region=(0, 0, 765, 1038) confidence=0.8
2026-08-10 19:39:12 | INFO | my_functions.py:199 | 
✅ Found: end_turn.PNG pos=(681, 945) time=0.66s confidence=0.8
2026-08-10 19:39:12 | INFO | my_functions.py:248 | [DEBUG] Buscando en paralelo: ['snap.PNG'] | timeout=0s | confidence=0.8
2026-08-10 19:39:13 | INFO | my_functions.py:282 | [DEBUG] Click skipped, ninguna de las imágenes se encontró en el intento.
2026-08-10 19:39:19 | INFO | my_functions.py:248 | [DEBUG] Buscando en paralelo: ['end_turn.PNG'] | timeout=0s | confidence=0.8
2026-08-10 19:39:20 | INFO | my_functions.py:133 | Haciendo click en la posición (682, 945)
2026-08-10 19:39:21 | INFO | my_functions.py:270 | 🖱️ Click OK (En paralelo): end_turn.PNG at (682, 945) delay=1s
2026-08-10 19:39:22 | INFO | each_eight_hours copy 2.py:108 | End turn executed
2026-08-10 19:39:23 | INFO | my_functions.py:169 | Searching failed_to_join_game_error.png (timeout=0s)
2026-08-10 19:39:24 | INFO | my_functions.py:213 | 
⛔ Not found: failed_to_join_game_error.png after 0.0s region=(0, 0, 765, 1038) confidence=0.8
2026-08-10 19:39:27 | INFO | my_functions.py:169 | Searching failed_to_join_game_error.png (timeout=0s)
2026-08-10 19:39:28 | INFO | my_functions.py:213 | 
⛔ Not found: failed_to_join_game_error.png after 0.0s region=(0, 0, 765, 1038) confidence=0.8
2026-08-10 19:39:31 | INFO | my_functions.py:169 | Searching failed_to_join_game_error.png (timeout=0s)
2026-08-10 19:39:31 | INFO | my_functions.py:213 | 
⛔ Not found: failed_to_join_game_error.png after 0.0s region=(0, 0, 765, 1038) confidence=0.8
2026-08-10 19:39:35 | INFO | my_functions.py:169 | Searching failed_to_join_game_error.png (timeout=0s)
2026-08-10 19:39:35 | INFO | my_functions.py:213 | 
⛔ Not found: failed_to_join_game_error.png after 0.0s region=(0, 0, 765, 1038) confidence=0.8
2026-08-10 19:39:38 | INFO | my_functions.py:169 | Searching failed_to_join_game_error.png (timeout=0s)
2026-08-10 19:39:39 | INFO | my_functions.py:213 | 
⛔ Not found: failed_to_join_game_error.png after 0.0s region=(0, 0, 765, 1038) confidence=0.8
2026-08-10 19:39:42 | INFO | my_functions.py:169 | Searching failed_to_join_game_error.png (timeout=0s)
2026-08-10 19:39:43 | INFO | my_functions.py:213 | 
⛔ Not found: failed_to_join_game_error.png after 0.0s region=(0, 0, 765, 1038) confidence=0.8
2026-08-10 19:39:44 | INFO | my_functions.py:199 | 
✅ Found: end_turn.PNG pos=(681, 945) time=0.66s confidence=0.8
2026-08-10 19:39:44 | INFO | my_functions.py:248 | [DEBUG] Buscando en paralelo: ['snap.PNG'] | timeout=0s | confidence=0.8
2026-08-10 19:39:45 | INFO | my_functions.py:282 | [DEBUG] Click skipped, ninguna de las imágenes se encontró en el intento.
2026-08-10 19:39:51 | INFO | my_functions.py:248 | [DEBUG] Buscando en paralelo: ['end_turn.PNG'] | timeout=0s | confidence=0.8
2026-08-10 19:39:53 | INFO | my_functions.py:133 | Haciendo click en la posición (682, 945)
2026-08-10 19:39:53 | INFO | my_functions.py:270 | 🖱️ Click OK (En paralelo): end_turn.PNG at (682, 945) delay=1s
2026-08-10 19:39:54 | INFO | each_eight_hours copy 2.py:108 | End turn executed
2026-08-10 19:39:56 | INFO | my_functions.py:169 | Searching failed_to_join_game_error.png (timeout=0s)
2026-08-10 19:39:57 | INFO | my_functions.py:213 | 
⛔ Not found: failed_to_join_game_error.png after 0.0s region=(0, 0, 765, 1038) confidence=0.8
2026-08-10 19:40:00 | INFO | my_functions.py:169 | Searching failed_to_join_game_error.png (timeout=0s)
2026-08-10 19:40:00 | INFO | my_functions.py:213 | 
⛔ Not found: failed_to_join_game_error.png after 0.0s region=(0, 0, 765, 1038) confidence=0.8
2026-08-10 19:40:04 | INFO | my_functions.py:169 | Searching failed_to_join_game_error.png (timeout=0s)
2026-08-10 19:40:04 | INFO | my_functions.py:213 | 
⛔ Not found: failed_to_join_game_error.png after 0.0s region=(0, 0, 765, 1038) confidence=0.8
2026-08-10 19:40:07 | INFO | my_functions.py:169 | Searching failed_to_join_game_error.png (timeout=0s)
2026-08-10 19:40:08 | INFO | my_functions.py:213 | 
⛔ Not found: failed_to_join_game_error.png after 0.0s region=(0, 0, 765, 1038) confidence=0.8
2026-08-10 19:40:11 | INFO | my_functions.py:169 | Searching failed_to_join_game_error.png (timeout=0s)
2026-08-10 19:40:12 | INFO | my_functions.py:213 | 
⛔ Not found: failed_to_join_game_error.png after 0.0s region=(0, 0, 765, 1038) confidence=0.8
2026-08-10 19:40:15 | INFO | my_functions.py:169 | Searching failed_to_join_game_error.png (timeout=0s)
2026-08-10 19:40:16 | INFO | my_functions.py:213 | 
⛔ Not found: failed_to_join_game_error.png after 0.0s region=(0, 0, 765, 1038) confidence=0.8
2026-08-10 19:40:19 | INFO | my_functions.py:169 | Searching failed_to_join_game_error.png (timeout=0s)
2026-08-10 19:40:19 | INFO | my_functions.py:213 | 
⛔ Not found: failed_to_join_game_error.png after 0.0s region=(0, 0, 765, 1038) confidence=0.8
2026-08-10 19:40:22 | INFO | my_functions.py:169 | Searching failed_to_join_game_error.png (timeout=0s)
2026-08-10 19:40:23 | INFO | my_functions.py:213 | 
⛔ Not found: failed_to_join_game_error.png after 0.0s region=(0, 0, 765, 1038) confidence=0.8
2026-08-10 19:40:24 | INFO | my_functions.py:199 | 
✅ Found: collect_rewards.PNG pos=(679, 957) time=0.78s confidence=0.8
2026-08-10 19:40:24 | INFO | each_eight_hours copy 2.py:138 | Rewards detected, exiting match. Game duration: 199.73 s
2026-08-10 19:40:24 | INFO | my_functions.py:248 | [DEBUG] Buscando en paralelo: ['collect_rewards.PNG'] | timeout=20s | confidence=0.8
2026-08-10 19:40:26 | INFO | my_functions.py:133 | Haciendo click en la posición (679, 957)
2026-08-10 19:40:26 | INFO | my_functions.py:270 | 🖱️ Click OK (En paralelo): collect_rewards.PNG at (679, 957) delay=1s
2026-08-10 19:40:27 | INFO | my_functions.py:248 | [DEBUG] Buscando en paralelo: ['next.PNG'] | timeout=20s | confidence=0.8
2026-08-10 19:40:33 | INFO | my_functions.py:133 | Haciendo click en la posición (677, 973)
2026-08-10 19:40:33 | INFO | my_functions.py:270 | 🖱️ Click OK (En paralelo): next.PNG at (677, 973) delay=1s
2026-08-10 19:40:36 | INFO | my_functions.py:169 | Searching hyper_cube.png (timeout=5s)
2026-08-10 19:40:42 | INFO | my_functions.py:213 | 
⛔ Not found: hyper_cube.png after 5.09s region=(0, 0, 765, 1038) confidence=0.8
2026-08-10 19:40:42 | INFO | each_eight_hours copy 2.py:95 | Starting game loop 3
2026-08-10 19:40:42 | INFO | my_functions.py:248 | [DEBUG] Buscando en paralelo: ['play.PNG'] | timeout=20s | confidence=0.8
2026-08-10 19:40:46 | INFO | my_functions.py:133 | Haciendo click en la posición (384, 824)
2026-08-10 19:40:46 | INFO | my_functions.py:270 | 🖱️ Click OK (En paralelo): play.PNG at (384, 824) delay=3s
2026-08-10 19:40:51 | INFO | my_functions.py:169 | Searching failed_to_join_game_error.png (timeout=0s)
2026-08-10 19:40:51 | INFO | my_functions.py:213 | 
⛔ Not found: failed_to_join_game_error.png after 0.0s region=(0, 0, 765, 1038) confidence=0.8
2026-08-10 19:40:55 | INFO | my_functions.py:169 | Searching failed_to_join_game_error.png (timeout=0s)
2026-08-10 19:40:55 | INFO | my_functions.py:213 | 
⛔ Not found: failed_to_join_game_error.png after 0.0s region=(0, 0, 765, 1038) confidence=0.8
2026-08-10 19:40:58 | INFO | my_functions.py:169 | Searching failed_to_join_game_error.png (timeout=0s)
2026-08-10 19:40:59 | INFO | my_functions.py:213 | 
⛔ Not found: failed_to_join_game_error.png after 0.0s region=(0, 0, 765, 1038) confidence=0.8
2026-08-10 19:41:03 | INFO | my_functions.py:169 | Searching failed_to_join_game_error.png (timeout=0s)
2026-08-10 19:41:03 | INFO | my_functions.py:213 | 
⛔ Not found: failed_to_join_game_error.png after 0.0s region=(0, 0, 765, 1038) confidence=0.8
2026-08-10 19:41:16 | INFO | my_functions.py:169 | Searching failed_to_join_game_error.png (timeout=0s)
2026-08-10 19:41:16 | INFO | my_functions.py:213 | 
⛔ Not found: failed_to_join_game_error.png after 0.02s region=(0, 0, 765, 1038) confidence=0.8
2026-08-10 19:41:16 | INFO | my_functions.py:169 | Searching failed_to_join_game_error.png (timeout=0s)
2026-08-10 19:41:17 | INFO | my_functions.py:213 | 
⛔ Not found: failed_to_join_game_error.png after 0.02s region=(0, 0, 765, 1038) confidence=0.8
2026-08-10 19:43:17 | INFO | my_functions.py:169 | Searching failed_to_join_game_error.png (timeout=0s)
2026-08-10 19:43:18 | INFO | my_functions.py:213 | 
⛔ Not found: failed_to_join_game_error.png after 0.0s region=(0, 0, 765, 1038) confidence=0.8
2026-08-10 19:43:21 | INFO | my_functions.py:169 | Searching failed_to_join_game_error.png (timeout=0s)
2026-08-10 19:43:21 | INFO | my_functions.py:213 | 
⛔ Not found: failed_to_join_game_error.png after 0.0s region=(0, 0, 765, 1038) confidence=0.8
2026-08-10 19:43:23 | INFO | my_functions.py:199 | 
✅ Found: end_turn.PNG pos=(681, 945) time=0.66s confidence=0.8
2026-08-10 19:43:23 | INFO | my_functions.py:248 | [DEBUG] Buscando en paralelo: ['snap.PNG'] | timeout=0s | confidence=0.8
2026-08-10 19:43:25 | INFO | my_functions.py:133 | Haciendo click en la posición (386, 123)
2026-08-10 19:43:25 | INFO | my_functions.py:270 | 🖱️ Click OK (En paralelo): snap.PNG at (386, 123) delay=1s
2026-08-10 19:43:31 | INFO | my_functions.py:248 | [DEBUG] Buscando en paralelo: ['end_turn.PNG'] | timeout=0s | confidence=0.8
2026-08-10 19:43:32 | INFO | my_functions.py:282 | [DEBUG] Click skipped, ninguna de las imágenes se encontró en el intento.
2026-08-10 19:43:35 | INFO | my_functions.py:169 | Searching failed_to_join_game_error.png (timeout=0s)
2026-08-10 19:43:35 | INFO | my_functions.py:213 | 
⛔ Not found: failed_to_join_game_error.png after 0.0s region=(0, 0, 765, 1038) confidence=0.8
2026-08-10 19:43:37 | INFO | my_functions.py:199 | 
✅ Found: end_turn.PNG pos=(682, 946) time=0.65s confidence=0.8
2026-08-10 19:43:37 | INFO | my_functions.py:248 | [DEBUG] Buscando en paralelo: ['snap.PNG'] | timeout=0s | confidence=0.8
2026-08-10 19:43:38 | INFO | my_functions.py:133 | Haciendo click en la posición (386, 123)
2026-08-10 19:43:39 | INFO | my_functions.py:270 | 🖱️ Click OK (En paralelo): snap.PNG at (386, 123) delay=1s
2026-08-10 19:43:45 | INFO | my_functions.py:248 | [DEBUG] Buscando en paralelo: ['end_turn.PNG'] | timeout=0s | confidence=0.8
2026-08-10 19:43:47 | INFO | my_functions.py:133 | Haciendo click en la posición (681, 945)
2026-08-10 19:43:47 | INFO | my_functions.py:270 | 🖱️ Click OK (En paralelo): end_turn.PNG at (681, 945) delay=1s
2026-08-10 19:43:48 | INFO | each_eight_hours copy 2.py:108 | End turn executed
2026-08-10 19:43:50 | INFO | my_functions.py:169 | Searching failed_to_join_game_error.png (timeout=0s)
2026-08-10 19:43:50 | INFO | my_functions.py:213 | 
⛔ Not found: failed_to_join_game_error.png after 0.0s region=(0, 0, 765, 1038) confidence=0.8
2026-08-10 19:43:53 | INFO | my_functions.py:169 | Searching failed_to_join_game_error.png (timeout=0s)
2026-08-10 19:43:54 | INFO | my_functions.py:213 | 
⛔ Not found: failed_to_join_game_error.png after 0.0s region=(0, 0, 765, 1038) confidence=0.8
2026-08-10 19:43:57 | INFO | my_functions.py:169 | Searching failed_to_join_game_error.png (timeout=0s)
2026-08-10 19:43:57 | INFO | my_functions.py:213 | 
⛔ Not found: failed_to_join_game_error.png after 0.0s region=(0, 0, 765, 1038) confidence=0.8
2026-08-10 19:43:59 | INFO | my_functions.py:199 | 
✅ Found: end_turn.PNG pos=(681, 945) time=0.64s confidence=0.8
2026-08-10 19:43:59 | INFO | my_functions.py:248 | [DEBUG] Buscando en paralelo: ['snap.PNG'] | timeout=0s | confidence=0.8
2026-08-10 19:44:00 | INFO | my_functions.py:282 | [DEBUG] Click skipped, ninguna de las imágenes se encontró en el intento.
2026-08-10 19:44:06 | INFO | my_functions.py:248 | [DEBUG] Buscando en paralelo: ['end_turn.PNG'] | timeout=0s | confidence=0.8
2026-08-10 19:44:07 | INFO | my_functions.py:133 | Haciendo click en la posición (682, 945)
2026-08-10 19:44:07 | INFO | my_functions.py:270 | 🖱️ Click OK (En paralelo): end_turn.PNG at (682, 945) delay=1s
2026-08-10 19:44:09 | INFO | each_eight_hours copy 2.py:108 | End turn executed
2026-08-10 19:44:10 | INFO | my_functions.py:169 | Searching failed_to_join_game_error.png (timeout=0s)
2026-08-10 19:44:11 | INFO | my_functions.py:213 | 
⛔ Not found: failed_to_join_game_error.png after 0.0s region=(0, 0, 765, 1038) confidence=0.8
2026-08-10 19:44:14 | INFO | my_functions.py:169 | Searching failed_to_join_game_error.png (timeout=0s)
2026-08-10 19:44:14 | INFO | my_functions.py:213 | 
⛔ Not found: failed_to_join_game_error.png after 0.0s region=(0, 0, 765, 1038) confidence=0.8
2026-08-10 19:44:18 | INFO | my_functions.py:169 | Searching failed_to_join_game_error.png (timeout=0s)
2026-08-10 19:44:18 | INFO | my_functions.py:213 | 
⛔ Not found: failed_to_join_game_error.png after 0.0s region=(0, 0, 765, 1038) confidence=0.8
2026-08-10 19:44:22 | INFO | my_functions.py:169 | Searching failed_to_join_game_error.png (timeout=0s)
2026-08-10 19:44:22 | INFO | my_functions.py:213 | 
⛔ Not found: failed_to_join_game_error.png after 0.0s region=(0, 0, 765, 1038) confidence=0.8
2026-08-10 19:44:24 | INFO | my_functions.py:199 | 
✅ Found: end_turn.PNG pos=(681, 945) time=0.67s confidence=0.8
2026-08-10 19:44:24 | INFO | my_functions.py:248 | [DEBUG] Buscando en paralelo: ['snap.PNG'] | timeout=0s | confidence=0.8
2026-08-10 19:44:25 | INFO | my_functions.py:282 | [DEBUG] Click skipped, ninguna de las imágenes se encontró en el intento.
2026-08-10 19:44:31 | INFO | my_functions.py:248 | [DEBUG] Buscando en paralelo: ['end_turn.PNG'] | timeout=0s | confidence=0.8
2026-08-10 19:44:33 | INFO | my_functions.py:133 | Haciendo click en la posición (682, 945)
2026-08-10 19:44:33 | INFO | my_functions.py:270 | 🖱️ Click OK (En paralelo): end_turn.PNG at (682, 945) delay=1s
2026-08-10 19:44:34 | INFO | each_eight_hours copy 2.py:108 | End turn executed
2026-08-10 19:44:36 | INFO | my_functions.py:169 | Searching failed_to_join_game_error.png (timeout=0s)
2026-08-10 19:44:36 | INFO | my_functions.py:213 | 
⛔ Not found: failed_to_join_game_error.png after 0.0s region=(0, 0, 765, 1038) confidence=0.8
2026-08-10 19:44:40 | INFO | my_functions.py:169 | Searching failed_to_join_game_error.png (timeout=0s)
2026-08-10 19:44:40 | INFO | my_functions.py:213 | 
⛔ Not found: failed_to_join_game_error.png after 0.0s region=(0, 0, 765, 1038) confidence=0.8
2026-08-10 19:44:43 | INFO | my_functions.py:169 | Searching failed_to_join_game_error.png (timeout=0s)
2026-08-10 19:44:44 | INFO | my_functions.py:213 | 
⛔ Not found: failed_to_join_game_error.png after 0.0s region=(0, 0, 765, 1038) confidence=0.8
2026-08-10 19:44:47 | INFO | my_functions.py:169 | Searching failed_to_join_game_error.png (timeout=0s)
2026-08-10 19:44:47 | INFO | my_functions.py:213 | 
⛔ Not found: failed_to_join_game_error.png after 0.0s region=(0, 0, 765, 1038) confidence=0.8
2026-08-10 19:44:49 | INFO | my_functions.py:199 | 
✅ Found: end_turn.PNG pos=(681, 945) time=0.63s confidence=0.8
2026-08-10 19:44:49 | INFO | my_functions.py:248 | [DEBUG] Buscando en paralelo: ['snap.PNG'] | timeout=0s | confidence=0.8
2026-08-10 19:44:50 | INFO | my_functions.py:282 | [DEBUG] Click skipped, ninguna de las imágenes se encontró en el intento.
2026-08-10 19:44:56 | INFO | my_functions.py:248 | [DEBUG] Buscando en paralelo: ['end_turn.PNG'] | timeout=0s | confidence=0.8
2026-08-10 19:44:58 | INFO | my_functions.py:133 | Haciendo click en la posición (682, 945)
2026-08-10 19:44:58 | INFO | my_functions.py:270 | 🖱️ Click OK (En paralelo): end_turn.PNG at (682, 945) delay=1s
2026-08-10 19:44:59 | INFO | each_eight_hours copy 2.py:108 | End turn executed
2026-08-10 19:45:01 | INFO | my_functions.py:169 | Searching failed_to_join_game_error.png (timeout=0s)
2026-08-10 19:45:01 | INFO | my_functions.py:213 | 
⛔ Not found: failed_to_join_game_error.png after 0.0s region=(0, 0, 765, 1038) confidence=0.8
2026-08-10 19:45:05 | INFO | my_functions.py:169 | Searching failed_to_join_game_error.png (timeout=0s)
2026-08-10 19:45:05 | INFO | my_functions.py:213 | 
⛔ Not found: failed_to_join_game_error.png after 0.0s region=(0, 0, 765, 1038) confidence=0.8
2026-08-10 19:45:08 | INFO | my_functions.py:169 | Searching failed_to_join_game_error.png (timeout=0s)
2026-08-10 19:45:09 | INFO | my_functions.py:213 | 
⛔ Not found: failed_to_join_game_error.png after 0.0s region=(0, 0, 765, 1038) confidence=0.8
2026-08-10 19:45:10 | INFO | my_functions.py:199 | 
✅ Found: end_turn.PNG pos=(681, 945) time=0.71s confidence=0.8
2026-08-10 19:45:10 | INFO | my_functions.py:248 | [DEBUG] Buscando en paralelo: ['snap.PNG'] | timeout=0s | confidence=0.8
2026-08-10 19:45:11 | INFO | my_functions.py:282 | [DEBUG] Click skipped, ninguna de las imágenes se encontró en el intento.
2026-08-10 19:45:17 | INFO | my_functions.py:248 | [DEBUG] Buscando en paralelo: ['end_turn.PNG'] | timeout=0s | confidence=0.8
2026-08-10 19:45:19 | INFO | my_functions.py:133 | Haciendo click en la posición (682, 945)
2026-08-10 19:45:19 | INFO | my_functions.py:270 | 🖱️ Click OK (En paralelo): end_turn.PNG at (682, 945) delay=1s
2026-08-10 19:45:20 | INFO | each_eight_hours copy 2.py:108 | End turn executed
2026-08-10 19:45:22 | INFO | my_functions.py:169 | Searching failed_to_join_game_error.png (timeout=0s)
2026-08-10 19:45:22 | INFO | my_functions.py:213 | 
⛔ Not found: failed_to_join_game_error.png after 0.0s region=(0, 0, 765, 1038) confidence=0.8
2026-08-10 19:45:26 | INFO | my_functions.py:169 | Searching failed_to_join_game_error.png (timeout=0s)
2026-08-10 19:45:26 | INFO | my_functions.py:213 | 
⛔ Not found: failed_to_join_game_error.png after 0.0s region=(0, 0, 765, 1038) confidence=0.8
2026-08-10 19:45:29 | INFO | my_functions.py:169 | Searching failed_to_join_game_error.png (timeout=0s)
2026-08-10 19:45:30 | INFO | my_functions.py:213 | 
⛔ Not found: failed_to_join_game_error.png after 0.0s region=(0, 0, 765, 1038) confidence=0.8
2026-08-10 19:45:33 | INFO | my_functions.py:169 | Searching failed_to_join_game_error.png (timeout=0s)
2026-08-10 19:45:34 | INFO | my_functions.py:213 | 
⛔ Not found: failed_to_join_game_error.png after 0.0s region=(0, 0, 765, 1038) confidence=0.8
2026-08-10 19:45:38 | INFO | my_functions.py:169 | Searching failed_to_join_game_error.png (timeout=0s)
2026-08-10 19:45:38 | INFO | my_functions.py:213 | 
⛔ Not found: failed_to_join_game_error.png after 0.0s region=(0, 0, 765, 1038) confidence=0.8
2026-08-10 19:45:42 | INFO | my_functions.py:169 | Searching failed_to_join_game_error.png (timeout=0s)
2026-08-10 19:45:43 | INFO | my_functions.py:213 | 
⛔ Not found: failed_to_join_game_error.png after 0.0s region=(0, 0, 765, 1038) confidence=0.8
2026-08-10 19:45:46 | INFO | my_functions.py:169 | Searching failed_to_join_game_error.png (timeout=0s)
2026-08-10 19:45:46 | INFO | my_functions.py:213 | 
⛔ Not found: failed_to_join_game_error.png after 0.0s region=(0, 0, 765, 1038) confidence=0.8
2026-08-10 19:45:48 | INFO | my_functions.py:199 | 
✅ Found: end_turn.PNG pos=(681, 945) time=0.66s confidence=0.8
2026-08-10 19:45:48 | INFO | my_functions.py:248 | [DEBUG] Buscando en paralelo: ['snap.PNG'] | timeout=0s | confidence=0.8
2026-08-10 19:45:49 | INFO | my_functions.py:282 | [DEBUG] Click skipped, ninguna de las imágenes se encontró en el intento.
2026-08-10 19:45:55 | INFO | my_functions.py:248 | [DEBUG] Buscando en paralelo: ['end_turn.PNG'] | timeout=0s | confidence=0.8
2026-08-10 19:45:56 | INFO | my_functions.py:133 | Haciendo click en la posición (681, 945)
2026-08-10 19:45:57 | INFO | my_functions.py:270 | 🖱️ Click OK (En paralelo): end_turn.PNG at (681, 945) delay=1s
2026-08-10 19:45:58 | INFO | each_eight_hours copy 2.py:108 | End turn executed
2026-08-10 19:46:00 | INFO | my_functions.py:169 | Searching failed_to_join_game_error.png (timeout=0s)
2026-08-10 19:46:00 | INFO | my_functions.py:213 | 
⛔ Not found: failed_to_join_game_error.png after 0.0s region=(0, 0, 765, 1038) confidence=0.8
2026-08-10 19:46:03 | INFO | my_functions.py:169 | Searching failed_to_join_game_error.png (timeout=0s)
2026-08-10 19:46:04 | INFO | my_functions.py:213 | 
⛔ Not found: failed_to_join_game_error.png after 0.0s region=(0, 0, 765, 1038) confidence=0.8
2026-08-10 19:46:07 | INFO | my_functions.py:169 | Searching failed_to_join_game_error.png (timeout=0s)
2026-08-10 19:46:08 | INFO | my_functions.py:213 | 
⛔ Not found: failed_to_join_game_error.png after 0.0s region=(0, 0, 765, 1038) confidence=0.8
2026-08-10 19:46:11 | INFO | my_functions.py:169 | Searching failed_to_join_game_error.png (timeout=0s)
2026-08-10 19:46:11 | INFO | my_functions.py:213 | 
⛔ Not found: failed_to_join_game_error.png after 0.0s region=(0, 0, 765, 1038) confidence=0.8
2026-08-10 19:46:15 | INFO | my_functions.py:169 | Searching failed_to_join_game_error.png (timeout=0s)
2026-08-10 19:46:16 | INFO | my_functions.py:213 | 
⛔ Not found: failed_to_join_game_error.png after 0.51s region=(0, 0, 765, 1038) confidence=0.8
2026-08-10 19:46:17 | INFO | my_functions.py:199 | 
✅ Found: collect_rewards.PNG pos=(679, 957) time=0.79s confidence=0.8
2026-08-10 19:46:17 | INFO | each_eight_hours copy 2.py:138 | Rewards detected, exiting match. Game duration: 334.41 s
2026-08-10 19:46:17 | INFO | my_functions.py:248 | [DEBUG] Buscando en paralelo: ['collect_rewards.PNG'] | timeout=20s | confidence=0.8
2026-08-10 19:46:18 | INFO | my_functions.py:133 | Haciendo click en la posición (679, 957)
2026-08-10 19:46:19 | INFO | my_functions.py:270 | 🖱️ Click OK (En paralelo): collect_rewards.PNG at (679, 957) delay=1s
2026-08-10 19:46:20 | INFO | my_functions.py:248 | [DEBUG] Buscando en paralelo: ['next.PNG'] | timeout=20s | confidence=0.8
2026-08-10 19:46:25 | INFO | my_functions.py:133 | Haciendo click en la posición (677, 973)
2026-08-10 19:46:25 | INFO | my_functions.py:270 | 🖱️ Click OK (En paralelo): next.PNG at (677, 973) delay=1s
2026-08-10 19:46:28 | INFO | my_functions.py:169 | Searching hyper_cube.png (timeout=5s)
2026-08-10 19:46:34 | INFO | my_functions.py:213 | 
⛔ Not found: hyper_cube.png after 5.29s region=(0, 0, 765, 1038) confidence=0.8
2026-08-10 19:46:34 | INFO | my_functions.py:248 | [DEBUG] Buscando en paralelo: ['missionsNotify2.png'] | timeout=20s | confidence=0.8
2026-08-10 19:46:38 | INFO | my_functions.py:133 | Haciendo click en la posición (538, 124)
2026-08-10 19:46:38 | INFO | my_functions.py:270 | 🖱️ Click OK (En paralelo): missionsNotify2.png at (538, 124) delay=3s
2026-08-10 19:46:39 | INFO | my_functions.py:1494 | [INFO] Iniciando click_missions_blue_2
2026-08-10 19:46:39 | INFO | my_functions.py:133 | Haciendo click en la posición (150, 132)
2026-08-10 19:46:40 | INFO | my_functions.py:1497 | [ACTION] Click hecho en icono de calendario que me dirige a las misiones ordinarias
2026-08-10 19:46:40 | INFO | my_functions.py:169 | Searching bonus_challenge.png (timeout=0s)
2026-08-10 19:46:41 | INFO | my_functions.py:213 | 
⛔ Not found: bonus_challenge.png after 0.0s region=(0, 0, 765, 1038) confidence=0.8
2026-08-10 19:46:41 | INFO | my_functions.py:1504 | [INFO] No se detectó bonus_challenge. Usando coordenada Y por defecto: 493
2026-08-10 19:46:41 | INFO | my_functions.py:1506 | [INFO] Esperando 2 segundos antes de iniciar clics...
2026-08-10 19:46:43 | INFO | my_functions.py:133 | Haciendo click en la posición (362, 493)
2026-08-10 19:46:44 | INFO | my_functions.py:1512 | [ACTION] Click 1/6 realizado en misión azul
2026-08-10 19:46:45 | INFO | my_functions.py:133 | Haciendo click en la posición (362, 493)
2026-08-10 19:46:46 | INFO | my_functions.py:1512 | [ACTION] Click 2/6 realizado en misión azul
2026-08-10 19:46:46 | INFO | my_functions.py:133 | Haciendo click en la posición (362, 493)
2026-08-10 19:46:47 | INFO | my_functions.py:1512 | [ACTION] Click 3/6 realizado en misión azul
2026-08-10 19:46:48 | INFO | my_functions.py:133 | Haciendo click en la posición (362, 493)
2026-08-10 19:46:49 | INFO | my_functions.py:1512 | [ACTION] Click 4/6 realizado en misión azul
2026-08-10 19:46:50 | INFO | my_functions.py:133 | Haciendo click en la posición (362, 493)
2026-08-10 19:46:51 | INFO | my_functions.py:1512 | [ACTION] Click 5/6 realizado en misión azul
2026-08-10 19:46:51 | INFO | my_functions.py:133 | Haciendo click en la posición (362, 493)
2026-08-10 19:46:53 | INFO | my_functions.py:1512 | [ACTION] Click 6/6 realizado en misión azul
2026-08-10 19:46:53 | INFO | my_functions.py:1516 | [CHECK] Verificando si apareció flechita_mission tras los 6 clicks
2026-08-10 19:46:53 | INFO | my_functions.py:169 | Searching flechita_mission.PNG (timeout=0s)
2026-08-10 19:46:54 | INFO | my_functions.py:213 | 
⛔ Not found: flechita_mission.PNG after 0.0s region=(0, 0, 765, 1038) confidence=0.8
2026-08-10 19:46:54 | INFO | my_functions.py:1521 | [INFO] No se detectó flechita_mission
2026-08-10 19:46:54 | INFO | my_functions.py:1523 | [INFO] Función click_blue_missions_2 terminada
2026-08-10 19:46:54 | INFO | my_functions.py:248 | [DEBUG] Buscando en paralelo: ['weekly3.PNG'] | timeout=0s | confidence=0.8
2026-08-10 19:46:55 | INFO | my_functions.py:282 | [DEBUG] Click skipped, ninguna de las imágenes se encontró en el intento.
2026-08-10 19:46:56 | INFO | my_functions.py:133 | Haciendo click en la posición (557, 64)
2026-08-10 19:46:57 | INFO | my_functions.py:248 | [DEBUG] Buscando en paralelo: ['cards_shop.PNG'] | timeout=20s | confidence=0.8
2026-08-10 19:47:00 | INFO | my_functions.py:133 | Haciendo click en la posición (568, 121)
2026-08-10 19:47:00 | INFO | my_functions.py:270 | 🖱️ Click OK (En paralelo): cards_shop.PNG at (568, 121) delay=1s
2026-08-10 19:47:01 | INFO | my_functions.py:248 | [DEBUG] Buscando en paralelo: ['token_icon.PNG'] | timeout=20s | confidence=0.8
2026-08-10 19:47:04 | INFO | my_functions.py:133 | Haciendo click en la posición (661, 171)
2026-08-10 19:47:05 | INFO | my_functions.py:270 | 🖱️ Click OK (En paralelo): token_icon.PNG at (661, 171) delay=1s
2026-08-10 19:47:08 | INFO | my_functions.py:248 | [DEBUG] Buscando en paralelo: ['claim!_token_3.PNG'] | timeout=4s | confidence=0.8
2026-08-10 19:47:09 | INFO | my_functions.py:133 | Haciendo click en la posición (231, 573)
2026-08-10 19:47:10 | INFO | my_functions.py:270 | 🖱️ Click OK (En paralelo): claim!_token_3.PNG at (231, 573) delay=1s
2026-08-10 19:47:11 | INFO | my_functions.py:248 | [DEBUG] Buscando en paralelo: ['cards_shop.PNG'] | timeout=20s | confidence=0.8
2026-08-10 19:47:13 | INFO | my_functions.py:133 | Haciendo click en la posición (568, 122)
2026-08-10 19:47:13 | INFO | my_functions.py:270 | 🖱️ Click OK (En paralelo): cards_shop.PNG at (568, 122) delay=1s
2026-08-10 19:47:14 | INFO | my_functions.py:248 | [DEBUG] Buscando en paralelo: ['offers.PNG'] | timeout=20s | confidence=0.8
2026-08-10 19:47:16 | INFO | my_functions.py:133 | Haciendo click en la posición (197, 121)
2026-08-10 19:47:16 | INFO | my_functions.py:270 | 🖱️ Click OK (En paralelo): offers.PNG at (197, 121) delay=1s
2026-08-10 19:47:17 | INFO | my_functions.py:1350 | [INFO] Iniciando mejora de cartas
2026-08-10 19:47:17 | INFO | my_functions.py:248 | [DEBUG] Buscando en paralelo: ['upgrade_cards_icon.PNG'] | timeout=3s | confidence=0.8
2026-08-10 19:47:21 | INFO | my_functions.py:282 | [DEBUG] Click skipped, ninguna de las imágenes se encontró en el intento.
2026-08-10 19:47:22 | WARNING | my_functions.py:1354 | [ALERT] No se encontró el ícono de upgrade_cards. Saltando función.
2026-08-10 19:47:22 | INFO | my_functions.py:141 | Presionando ESC (1/1)
2026-08-10 19:47:22 | INFO | my_functions.py:248 | [DEBUG] Buscando en paralelo: ['white_x.png'] | timeout=2s | confidence=0.8
2026-08-10 19:47:24 | INFO | my_functions.py:282 | [DEBUG] Click skipped, ninguna de las imágenes se encontró en el intento.
2026-08-10 19:47:26 | INFO | each_eight_hours copy 2.py:37 | [19:47:25.998] [DEBUG] === INICIANDO FUNCIÓN collect_cl_rewards ===
2026-08-10 19:47:26 | INFO | each_eight_hours copy 2.py:37 | [19:47:26.007] [DEBUG] Haciendo click inicial en (387, 166)...
2026-08-10 19:47:26 | INFO | my_functions.py:133 | Haciendo click en la posición (387, 166)
2026-08-10 19:47:32 | INFO | each_eight_hours copy 2.py:37 | [19:47:32.503] [DEBUG] Se omitió el cambio de tamaño de ventanas (resize=False)
2026-08-10 19:47:32 | INFO | each_eight_hours copy 2.py:37 | [19:47:32.642] [DEBUG] Recompensas iniciales detectadas por la API: 34
2026-08-10 19:47:32 | INFO | each_eight_hours copy 2.py:37 | [19:47:32.645] [DEBUG] --------------------------------------------------
2026-08-10 19:47:32 | INFO | each_eight_hours copy 2.py:37 | [19:47:32.647] [DEBUG] Inicio de iteración. Recompensas restantes: 34
2026-08-10 19:47:32 | INFO | each_eight_hours copy 2.py:37 | [19:47:32.653] [DEBUG] Intentando hacer click en: (260, 580)
2026-08-10 19:47:33 | INFO | my_functions.py:169 | Searching claim!.PNG (timeout=3s)
2026-08-10 19:47:37 | INFO | my_functions.py:213 | 
⛔ Not found: claim!.PNG after 3.06s region=(0, 0, 765, 1038) confidence=0.8
2026-08-10 19:47:37 | INFO | each_eight_hours copy 2.py:37 | [19:47:37.638] [DEBUG] No se detectó 'Claim'. Buscando 'check.png' en región (228, 547, 65, 55)...
2026-08-10 19:47:37 | INFO | my_functions.py:169 | Searching check.png (timeout=1s)
2026-08-10 19:47:38 | INFO | my_functions.py:213 | 
⛔ Not found: check.png after 1.11s region=(228, 547, 65, 55) confidence=0.8
2026-08-10 19:47:38 | INFO | each_eight_hours copy 2.py:37 | [19:47:38.872] [DEBUG] -> [CORRECCIÓN] Primer click fallido. Cambiando de lado a X = 470
2026-08-10 19:47:38 | INFO | each_eight_hours copy 2.py:37 | [19:47:38.876] [DEBUG] --------------------------------------------------
2026-08-10 19:47:38 | INFO | each_eight_hours copy 2.py:37 | [19:47:38.886] [DEBUG] Inicio de iteración. Recompensas restantes: 34
2026-08-10 19:47:38 | INFO | each_eight_hours copy 2.py:37 | [19:47:38.891] [DEBUG] Intentando hacer click en: (470, 580)
2026-08-10 19:47:40 | INFO | my_functions.py:169 | Searching claim!.PNG (timeout=3s)
2026-08-10 19:47:40 | INFO | my_functions.py:199 | 
✅ Found: claim!.PNG pos=(381, 924) time=0.85s confidence=0.8
2026-08-10 19:47:40 | INFO | each_eight_hours copy 2.py:37 | [19:47:40.967] [DEBUG] -> ¡ÉXITO! Botón 'Claim' detectado.
2026-08-10 19:47:40 | INFO | my_functions.py:169 | Searching set.png (timeout=2s)
2026-08-10 19:47:44 | INFO | my_functions.py:213 | 
⛔ Not found: set.png after 2.43s region=(0, 0, 765, 1038) confidence=0.8
2026-08-10 19:47:44 | INFO | my_functions.py:248 | [DEBUG] Buscando en paralelo: ['claim!.PNG'] | timeout=0s | confidence=0.8
2026-08-10 19:47:45 | INFO | my_functions.py:133 | Haciendo click en la posición (381, 924)
2026-08-10 19:47:46 | INFO | my_functions.py:270 | 🖱️ Click OK (En paralelo): claim!.PNG at (381, 924) delay=1s
2026-08-10 19:47:47 | INFO | each_eight_hours copy 2.py:37 | [19:47:47.262] [DEBUG] Moviendo el mouse a la posición de scroll (350, 580)...
2026-08-10 19:47:48 | INFO | each_eight_hours copy 2.py:37 | [19:47:48.840] [DEBUG] Alternancia de coordenada X: Cambió de 470 a 260
2026-08-10 19:47:48 | INFO | each_eight_hours copy 2.py:37 | [19:47:48.843] [DEBUG] --------------------------------------------------
2026-08-10 19:47:48 | INFO | each_eight_hours copy 2.py:37 | [19:47:48.854] [DEBUG] Inicio de iteración. Recompensas restantes: 33
2026-08-10 19:47:48 | INFO | each_eight_hours copy 2.py:37 | [19:47:48.858] [DEBUG] Intentando hacer click en: (260, 580)
2026-08-10 19:47:50 | INFO | my_functions.py:169 | Searching claim!.PNG (timeout=3s)
2026-08-10 19:47:54 | INFO | my_functions.py:213 | 
⛔ Not found: claim!.PNG after 3.58s region=(0, 0, 765, 1038) confidence=0.8
2026-08-10 19:47:54 | INFO | each_eight_hours copy 2.py:37 | [19:47:54.377] [DEBUG] No se detectó 'Claim'. Buscando 'check.png' en región (228, 547, 65, 55)...
2026-08-10 19:47:54 | INFO | my_functions.py:169 | Searching check.png (timeout=1s)
2026-08-10 19:47:54 | INFO | my_functions.py:199 | 
✅ Found: check.png pos=(265, 579) time=0.12s confidence=0.8
2026-08-10 19:47:54 | INFO | each_eight_hours copy 2.py:37 | [19:47:54.514] [DEBUG] -> ¡ÉXITO! Crédito detectado por 'check.png'. Reclamado automáticamente por el click previo.
2026-08-10 19:47:54 | INFO | each_eight_hours copy 2.py:37 | [19:47:54.519] [DEBUG] Moviendo el mouse a la posición de scroll (350, 580)...
2026-08-10 19:47:56 | INFO | each_eight_hours copy 2.py:37 | [19:47:56.101] [DEBUG] Alternancia de coordenada X: Cambió de 260 a 470
2026-08-10 19:47:56 | INFO | each_eight_hours copy 2.py:37 | [19:47:56.103] [DEBUG] --------------------------------------------------
2026-08-10 19:47:56 | INFO | each_eight_hours copy 2.py:37 | [19:47:56.110] [DEBUG] Inicio de iteración. Recompensas restantes: 32
2026-08-10 19:47:56 | INFO | each_eight_hours copy 2.py:37 | [19:47:56.113] [DEBUG] Intentando hacer click en: (470, 580)
2026-08-10 19:47:57 | INFO | my_functions.py:169 | Searching claim!.PNG (timeout=3s)
2026-08-10 19:48:01 | INFO | my_functions.py:213 | 
⛔ Not found: claim!.PNG after 3.67s region=(0, 0, 765, 1038) confidence=0.8
2026-08-10 19:48:01 | INFO | each_eight_hours copy 2.py:37 | [19:48:01.742] [DEBUG] No se detectó 'Claim'. Buscando 'check.png' en región (449, 547, 65, 55)...
2026-08-10 19:48:01 | INFO | my_functions.py:169 | Searching check.png (timeout=1s)
2026-08-10 19:48:01 | INFO | my_functions.py:199 | 
✅ Found: check.png pos=(500, 576) time=0.12s confidence=0.8
2026-08-10 19:48:01 | INFO | each_eight_hours copy 2.py:37 | [19:48:01.879] [DEBUG] -> ¡ÉXITO! Crédito detectado por 'check.png'. Reclamado automáticamente por el click previo.
2026-08-10 19:48:01 | INFO | each_eight_hours copy 2.py:37 | [19:48:01.884] [DEBUG] Moviendo el mouse a la posición de scroll (350, 580)...
2026-08-10 19:48:03 | INFO | each_eight_hours copy 2.py:37 | [19:48:03.461] [DEBUG] Alternancia de coordenada X: Cambió de 470 a 260
2026-08-10 19:48:03 | INFO | each_eight_hours copy 2.py:37 | [19:48:03.464] [DEBUG] --------------------------------------------------
2026-08-10 19:48:03 | INFO | each_eight_hours copy 2.py:37 | [19:48:03.472] [DEBUG] Inicio de iteración. Recompensas restantes: 31
2026-08-10 19:48:03 | INFO | each_eight_hours copy 2.py:37 | [19:48:03.474] [DEBUG] Intentando hacer click en: (260, 580)
2026-08-10 19:48:04 | INFO | my_functions.py:169 | Searching claim!.PNG (timeout=3s)
2026-08-10 19:48:05 | INFO | my_functions.py:199 | 
✅ Found: claim!.PNG pos=(381, 924) time=0.76s confidence=0.8
2026-08-10 19:48:05 | INFO | each_eight_hours copy 2.py:37 | [19:48:05.457] [DEBUG] -> ¡ÉXITO! Botón 'Claim' detectado.
2026-08-10 19:48:05 | INFO | my_functions.py:169 | Searching set.png (timeout=2s)
2026-08-10 19:48:08 | INFO | my_functions.py:213 | 
⛔ Not found: set.png after 2.49s region=(0, 0, 765, 1038) confidence=0.8
2026-08-10 19:48:08 | INFO | my_functions.py:248 | [DEBUG] Buscando en paralelo: ['claim!.PNG'] | timeout=0s | confidence=0.8
2026-08-10 19:48:10 | INFO | my_functions.py:133 | Haciendo click en la posición (381, 924)
2026-08-10 19:48:10 | INFO | my_functions.py:270 | 🖱️ Click OK (En paralelo): claim!.PNG at (381, 924) delay=1s
2026-08-10 19:48:11 | INFO | each_eight_hours copy 2.py:37 | [19:48:11.921] [DEBUG] Moviendo el mouse a la posición de scroll (350, 580)...
2026-08-10 19:48:13 | INFO | each_eight_hours copy 2.py:37 | [19:48:13.491] [DEBUG] Alternancia de coordenada X: Cambió de 260 a 470
2026-08-10 19:48:13 | INFO | each_eight_hours copy 2.py:37 | [19:48:13.495] [DEBUG] --------------------------------------------------
2026-08-10 19:48:13 | INFO | each_eight_hours copy 2.py:37 | [19:48:13.502] [DEBUG] Inicio de iteración. Recompensas restantes: 30
2026-08-10 19:48:13 | INFO | each_eight_hours copy 2.py:37 | [19:48:13.504] [DEBUG] Intentando hacer click en: (470, 580)
2026-08-10 19:48:14 | INFO | my_functions.py:169 | Searching claim!.PNG (timeout=3s)
2026-08-10 19:48:15 | INFO | my_functions.py:199 | 
✅ Found: claim!.PNG pos=(381, 924) time=0.73s confidence=0.8
2026-08-10 19:48:15 | INFO | each_eight_hours copy 2.py:37 | [19:48:15.450] [DEBUG] -> ¡ÉXITO! Botón 'Claim' detectado.
2026-08-10 19:48:15 | INFO | my_functions.py:169 | Searching set.png (timeout=2s)
2026-08-10 19:48:18 | INFO | my_functions.py:213 | 
⛔ Not found: set.png after 2.43s region=(0, 0, 765, 1038) confidence=0.8
2026-08-10 19:48:18 | INFO | my_functions.py:248 | [DEBUG] Buscando en paralelo: ['claim!.PNG'] | timeout=0s | confidence=0.8
2026-08-10 19:48:20 | INFO | my_functions.py:133 | Haciendo click en la posición (381, 924)
2026-08-10 19:48:20 | INFO | my_functions.py:270 | 🖱️ Click OK (En paralelo): claim!.PNG at (381, 924) delay=1s
2026-08-10 19:48:21 | INFO | each_eight_hours copy 2.py:37 | [19:48:21.724] [DEBUG] Moviendo el mouse a la posición de scroll (350, 580)...
2026-08-10 19:48:23 | INFO | each_eight_hours copy 2.py:37 | [19:48:23.294] [DEBUG] Alternancia de coordenada X: Cambió de 470 a 260
2026-08-10 19:48:23 | INFO | each_eight_hours copy 2.py:37 | [19:48:23.296] [DEBUG] --------------------------------------------------
2026-08-10 19:48:23 | INFO | each_eight_hours copy 2.py:37 | [19:48:23.298] [DEBUG] Inicio de iteración. Recompensas restantes: 29
2026-08-10 19:48:23 | INFO | each_eight_hours copy 2.py:37 | [19:48:23.307] [DEBUG] Intentando hacer click en: (260, 580)
2026-08-10 19:48:24 | INFO | my_functions.py:169 | Searching claim!.PNG (timeout=3s)
2026-08-10 19:48:28 | INFO | my_functions.py:213 | 
⛔ Not found: claim!.PNG after 3.61s region=(0, 0, 765, 1038) confidence=0.8
2026-08-10 19:48:28 | INFO | each_eight_hours copy 2.py:37 | [19:48:28.845] [DEBUG] No se detectó 'Claim'. Buscando 'check.png' en región (228, 547, 65, 55)...
2026-08-10 19:48:28 | INFO | my_functions.py:169 | Searching check.png (timeout=1s)
2026-08-10 19:48:28 | INFO | my_functions.py:199 | 
✅ Found: check.png pos=(264, 583) time=0.13s confidence=0.8
2026-08-10 19:48:28 | INFO | each_eight_hours copy 2.py:37 | [19:48:28.986] [DEBUG] -> ¡ÉXITO! Crédito detectado por 'check.png'. Reclamado automáticamente por el click previo.
2026-08-10 19:48:28 | INFO | each_eight_hours copy 2.py:37 | [19:48:28.993] [DEBUG] Moviendo el mouse a la posición de scroll (350, 580)...
2026-08-10 19:48:30 | INFO | each_eight_hours copy 2.py:37 | [19:48:30.562] [DEBUG] Alternancia de coordenada X: Cambió de 260 a 470
2026-08-10 19:48:30 | INFO | each_eight_hours copy 2.py:37 | [19:48:30.564] [DEBUG] --------------------------------------------------
2026-08-10 19:48:30 | INFO | each_eight_hours copy 2.py:37 | [19:48:30.566] [DEBUG] Inicio de iteración. Recompensas restantes: 28
2026-08-10 19:48:30 | INFO | each_eight_hours copy 2.py:37 | [19:48:30.573] [DEBUG] Intentando hacer click en: (470, 580)
2026-08-10 19:48:31 | INFO | my_functions.py:169 | Searching claim!.PNG (timeout=3s)
2026-08-10 19:48:32 | INFO | my_functions.py:199 | 
✅ Found: claim!.PNG pos=(381, 924) time=0.74s confidence=0.8
2026-08-10 19:48:32 | INFO | each_eight_hours copy 2.py:37 | [19:48:32.531] [DEBUG] -> ¡ÉXITO! Botón 'Claim' detectado.
2026-08-10 19:48:32 | INFO | my_functions.py:169 | Searching set.png (timeout=2s)
2026-08-10 19:48:35 | INFO | my_functions.py:213 | 
⛔ Not found: set.png after 2.44s region=(0, 0, 765, 1038) confidence=0.8
2026-08-10 19:48:35 | INFO | my_functions.py:248 | [DEBUG] Buscando en paralelo: ['claim!.PNG'] | timeout=0s | confidence=0.8
2026-08-10 19:48:37 | INFO | my_functions.py:133 | Haciendo click en la posición (381, 924)
2026-08-10 19:48:37 | INFO | my_functions.py:270 | 🖱️ Click OK (En paralelo): claim!.PNG at (381, 924) delay=1s
2026-08-10 19:48:38 | INFO | each_eight_hours copy 2.py:37 | [19:48:38.793] [DEBUG] Moviendo el mouse a la posición de scroll (350, 580)...
2026-08-10 19:48:40 | INFO | each_eight_hours copy 2.py:37 | [19:48:40.363] [DEBUG] Alternancia de coordenada X: Cambió de 470 a 260
2026-08-10 19:48:40 | INFO | each_eight_hours copy 2.py:37 | [19:48:40.366] [DEBUG] --------------------------------------------------
2026-08-10 19:48:40 | INFO | each_eight_hours copy 2.py:37 | [19:48:40.368] [DEBUG] Inicio de iteración. Recompensas restantes: 27
2026-08-10 19:48:40 | INFO | each_eight_hours copy 2.py:37 | [19:48:40.376] [DEBUG] Intentando hacer click en: (260, 580)
2026-08-10 19:48:41 | INFO | my_functions.py:169 | Searching claim!.PNG (timeout=3s)
2026-08-10 19:48:45 | INFO | my_functions.py:213 | 
⛔ Not found: claim!.PNG after 3.63s region=(0, 0, 765, 1038) confidence=0.8
2026-08-10 19:48:45 | INFO | each_eight_hours copy 2.py:37 | [19:48:45.919] [DEBUG] No se detectó 'Claim'. Buscando 'check.png' en región (228, 547, 65, 55)...
2026-08-10 19:48:45 | INFO | my_functions.py:169 | Searching check.png (timeout=1s)
2026-08-10 19:48:46 | INFO | my_functions.py:199 | 
✅ Found: check.png pos=(265, 583) time=0.13s confidence=0.8
2026-08-10 19:48:46 | INFO | each_eight_hours copy 2.py:37 | [19:48:46.049] [DEBUG] -> ¡ÉXITO! Crédito detectado por 'check.png'. Reclamado automáticamente por el click previo.
2026-08-10 19:48:46 | INFO | each_eight_hours copy 2.py:37 | [19:48:46.053] [DEBUG] Moviendo el mouse a la posición de scroll (350, 580)...
2026-08-10 19:48:47 | INFO | each_eight_hours copy 2.py:37 | [19:48:47.629] [DEBUG] Alternancia de coordenada X: Cambió de 260 a 470
2026-08-10 19:48:47 | INFO | each_eight_hours copy 2.py:37 | [19:48:47.633] [DEBUG] --------------------------------------------------
2026-08-10 19:48:47 | INFO | each_eight_hours copy 2.py:37 | [19:48:47.634] [DEBUG] Inicio de iteración. Recompensas restantes: 26
2026-08-10 19:48:47 | INFO | each_eight_hours copy 2.py:37 | [19:48:47.641] [DEBUG] Intentando hacer click en: (470, 580)
2026-08-10 19:48:48 | INFO | my_functions.py:169 | Searching claim!.PNG (timeout=3s)
2026-08-10 19:48:53 | INFO | my_functions.py:213 | 
⛔ Not found: claim!.PNG after 3.57s region=(0, 0, 765, 1038) confidence=0.8
2026-08-10 19:48:53 | INFO | each_eight_hours copy 2.py:37 | [19:48:53.137] [DEBUG] No se detectó 'Claim'. Buscando 'check.png' en región (449, 547, 65, 55)...
2026-08-10 19:48:53 | INFO | my_functions.py:169 | Searching check.png (timeout=1s)
2026-08-10 19:48:53 | INFO | my_functions.py:199 | 
✅ Found: check.png pos=(500, 587) time=0.13s confidence=0.8
2026-08-10 19:48:53 | INFO | each_eight_hours copy 2.py:37 | [19:48:53.268] [DEBUG] -> ¡ÉXITO! Crédito detectado por 'check.png'. Reclamado automáticamente por el click previo.
2026-08-10 19:48:53 | INFO | each_eight_hours copy 2.py:37 | [19:48:53.272] [DEBUG] Moviendo el mouse a la posición de scroll (350, 580)...
2026-08-10 19:48:54 | INFO | each_eight_hours copy 2.py:37 | [19:48:54.851] [DEBUG] Alternancia de coordenada X: Cambió de 470 a 260
2026-08-10 19:48:54 | INFO | each_eight_hours copy 2.py:37 | [19:48:54.855] [DEBUG] --------------------------------------------------
2026-08-10 19:48:54 | INFO | each_eight_hours copy 2.py:37 | [19:48:54.856] [DEBUG] Inicio de iteración. Recompensas restantes: 25
2026-08-10 19:48:54 | INFO | each_eight_hours copy 2.py:37 | [19:48:54.863] [DEBUG] Intentando hacer click en: (260, 580)
2026-08-10 19:48:56 | INFO | my_functions.py:169 | Searching claim!.PNG (timeout=3s)
2026-08-10 19:48:56 | INFO | my_functions.py:199 | 
✅ Found: claim!.PNG pos=(381, 924) time=0.74s confidence=0.8
2026-08-10 19:48:56 | INFO | each_eight_hours copy 2.py:37 | [19:48:56.796] [DEBUG] -> ¡ÉXITO! Botón 'Claim' detectado.
2026-08-10 19:48:56 | INFO | my_functions.py:169 | Searching set.png (timeout=2s)
2026-08-10 19:49:00 | INFO | my_functions.py:213 | 
⛔ Not found: set.png after 2.44s region=(0, 0, 765, 1038) confidence=0.8
2026-08-10 19:49:00 | INFO | my_functions.py:248 | [DEBUG] Buscando en paralelo: ['claim!.PNG'] | timeout=0s | confidence=0.8
2026-08-10 19:49:01 | INFO | my_functions.py:133 | Haciendo click en la posición (381, 924)
2026-08-10 19:49:01 | INFO | my_functions.py:270 | 🖱️ Click OK (En paralelo): claim!.PNG at (381, 924) delay=1s
2026-08-10 19:49:03 | INFO | each_eight_hours copy 2.py:37 | [19:49:03.073] [DEBUG] Moviendo el mouse a la posición de scroll (350, 580)...
2026-08-10 19:49:04 | INFO | each_eight_hours copy 2.py:37 | [19:49:04.643] [DEBUG] Alternancia de coordenada X: Cambió de 260 a 470
2026-08-10 19:49:04 | INFO | each_eight_hours copy 2.py:37 | [19:49:04.646] [DEBUG] --------------------------------------------------
2026-08-10 19:49:04 | INFO | each_eight_hours copy 2.py:37 | [19:49:04.648] [DEBUG] Inicio de iteración. Recompensas restantes: 24
2026-08-10 19:49:04 | INFO | each_eight_hours copy 2.py:37 | [19:49:04.656] [DEBUG] Intentando hacer click en: (470, 580)
2026-08-10 19:49:05 | INFO | my_functions.py:169 | Searching claim!.PNG (timeout=3s)
2026-08-10 19:49:06 | INFO | my_functions.py:199 | 
✅ Found: claim!.PNG pos=(381, 924) time=0.73s confidence=0.8
2026-08-10 19:49:06 | INFO | each_eight_hours copy 2.py:37 | [19:49:06.593] [DEBUG] -> ¡ÉXITO! Botón 'Claim' detectado.
2026-08-10 19:49:06 | INFO | my_functions.py:169 | Searching set.png (timeout=2s)
2026-08-10 19:49:07 | INFO | my_functions.py:199 | 
✅ Found: set.png pos=(332, 767) time=0.8s confidence=0.8
2026-08-10 19:49:12 | INFO | my_functions.py:248 | [DEBUG] Buscando en paralelo: ['claim!.PNG'] | timeout=0s | confidence=0.8
2026-08-10 19:49:14 | INFO | my_functions.py:133 | Haciendo click en la posición (381, 924)
2026-08-10 19:49:14 | INFO | my_functions.py:270 | 🖱️ Click OK (En paralelo): claim!.PNG at (381, 924) delay=1s
2026-08-10 19:49:15 | INFO | my_functions.py:169 | Searching nice!2.PNG (timeout=4s)
2026-08-10 19:49:20 | INFO | my_functions.py:213 | 
⛔ Not found: nice!2.PNG after 4.3s region=(0, 0, 765, 1038) confidence=0.8
2026-08-10 19:49:20 | INFO | each_eight_hours copy 2.py:37 | [19:49:20.569] [DEBUG] Moviendo el mouse a la posición de scroll (350, 580)...
2026-08-10 19:49:22 | INFO | each_eight_hours copy 2.py:37 | [19:49:22.143] [DEBUG] Alternancia de coordenada X: Cambió de 470 a 260
2026-08-10 19:49:22 | INFO | each_eight_hours copy 2.py:37 | [19:49:22.146] [DEBUG] --------------------------------------------------
2026-08-10 19:49:22 | INFO | each_eight_hours copy 2.py:37 | [19:49:22.148] [DEBUG] Inicio de iteración. Recompensas restantes: 23
2026-08-10 19:49:22 | INFO | each_eight_hours copy 2.py:37 | [19:49:22.153] [DEBUG] Intentando hacer click en: (260, 580)
2026-08-10 19:49:23 | INFO | my_functions.py:169 | Searching claim!.PNG (timeout=3s)
2026-08-10 19:49:27 | INFO | my_functions.py:213 | 
⛔ Not found: claim!.PNG after 3.57s region=(0, 0, 765, 1038) confidence=0.8
2026-08-10 19:49:27 | INFO | each_eight_hours copy 2.py:37 | [19:49:27.661] [DEBUG] No se detectó 'Claim'. Buscando 'check.png' en región (228, 547, 65, 55)...
2026-08-10 19:49:27 | INFO | my_functions.py:169 | Searching check.png (timeout=1s)
2026-08-10 19:49:28 | INFO | my_functions.py:213 | 
⛔ Not found: check.png after 1.11s region=(228, 547, 65, 55) confidence=0.8
2026-08-10 19:49:28 | INFO | each_eight_hours copy 2.py:37 | [19:49:28.875] [DEBUG] -> [ALERTA] No se detectó ninguna recompensa válida tras el click.
2026-08-10 19:49:28 | INFO | each_eight_hours copy 2.py:37 | [19:49:28.888] [DEBUG] Moviendo el mouse a la posición de scroll (350, 580)...
2026-08-10 19:49:30 | INFO | each_eight_hours copy 2.py:37 | [19:49:30.462] [DEBUG] Alternancia de coordenada X: Cambió de 260 a 470
2026-08-10 19:49:30 | INFO | each_eight_hours copy 2.py:37 | [19:49:30.465] [DEBUG] --------------------------------------------------
2026-08-10 19:49:30 | INFO | each_eight_hours copy 2.py:37 | [19:49:30.466] [DEBUG] Inicio de iteración. Recompensas restantes: 22
2026-08-10 19:49:30 | INFO | each_eight_hours copy 2.py:37 | [19:49:30.473] [DEBUG] Intentando hacer click en: (470, 580)
2026-08-10 19:49:31 | INFO | my_functions.py:169 | Searching claim!.PNG (timeout=3s)
2026-08-10 19:49:32 | INFO | my_functions.py:199 | 
✅ Found: claim!.PNG pos=(381, 924) time=0.73s confidence=0.8
2026-08-10 19:49:32 | INFO | each_eight_hours copy 2.py:37 | [19:49:32.408] [DEBUG] -> ¡ÉXITO! Botón 'Claim' detectado.
2026-08-10 19:49:32 | INFO | my_functions.py:169 | Searching set.png (timeout=2s)
2026-08-10 19:49:35 | INFO | my_functions.py:213 | 
⛔ Not found: set.png after 2.5s region=(0, 0, 765, 1038) confidence=0.8
2026-08-10 19:49:35 | INFO | my_functions.py:248 | [DEBUG] Buscando en paralelo: ['claim!.PNG'] | timeout=0s | confidence=0.8
2026-08-10 19:49:37 | INFO | my_functions.py:133 | Haciendo click en la posición (381, 924)
2026-08-10 19:49:37 | INFO | my_functions.py:270 | 🖱️ Click OK (En paralelo): claim!.PNG at (381, 924) delay=1s
2026-08-10 19:49:38 | INFO | each_eight_hours copy 2.py:37 | [19:49:38.793] [DEBUG] Moviendo el mouse a la posición de scroll (350, 580)...
2026-08-10 19:49:40 | INFO | each_eight_hours copy 2.py:37 | [19:49:40.364] [DEBUG] Alternancia de coordenada X: Cambió de 470 a 260
2026-08-10 19:49:40 | INFO | each_eight_hours copy 2.py:37 | [19:49:40.368] [DEBUG] --------------------------------------------------
2026-08-10 19:49:40 | INFO | each_eight_hours copy 2.py:37 | [19:49:40.370] [DEBUG] Inicio de iteración. Recompensas restantes: 21
2026-08-10 19:49:40 | INFO | each_eight_hours copy 2.py:37 | [19:49:40.375] [DEBUG] Intentando hacer click en: (260, 580)
2026-08-10 19:49:41 | INFO | my_functions.py:169 | Searching claim!.PNG (timeout=3s)
2026-08-10 19:49:46 | INFO | my_functions.py:213 | 
⛔ Not found: claim!.PNG after 3.72s region=(0, 0, 765, 1038) confidence=0.8
2026-08-10 19:49:46 | INFO | each_eight_hours copy 2.py:37 | [19:49:46.048] [DEBUG] No se detectó 'Claim'. Buscando 'check.png' en región (228, 547, 65, 55)...
2026-08-10 19:49:46 | INFO | my_functions.py:169 | Searching check.png (timeout=1s)
2026-08-10 19:49:47 | INFO | my_functions.py:213 | 
⛔ Not found: check.png after 1.1s region=(228, 547, 65, 55) confidence=0.8
2026-08-10 19:49:47 | INFO | each_eight_hours copy 2.py:37 | [19:49:47.257] [DEBUG] -> [ALERTA] No se detectó ninguna recompensa válida tras el click.
2026-08-10 19:49:47 | INFO | each_eight_hours copy 2.py:37 | [19:49:47.261] [DEBUG] Moviendo el mouse a la posición de scroll (350, 580)...
2026-08-10 19:49:48 | INFO | each_eight_hours copy 2.py:37 | [19:49:48.836] [DEBUG] Alternancia de coordenada X: Cambió de 260 a 470
2026-08-10 19:49:48 | INFO | each_eight_hours copy 2.py:37 | [19:49:48.838] [DEBUG] --------------------------------------------------
2026-08-10 19:49:48 | INFO | each_eight_hours copy 2.py:37 | [19:49:48.840] [DEBUG] Inicio de iteración. Recompensas restantes: 20
2026-08-10 19:49:48 | INFO | each_eight_hours copy 2.py:37 | [19:49:48.846] [DEBUG] Intentando hacer click en: (470, 580)
2026-08-10 19:49:50 | INFO | my_functions.py:169 | Searching claim!.PNG (timeout=3s)
2026-08-10 19:49:54 | INFO | my_functions.py:213 | 
⛔ Not found: claim!.PNG after 3.57s region=(0, 0, 765, 1038) confidence=0.8
2026-08-10 19:49:54 | INFO | each_eight_hours copy 2.py:37 | [19:49:54.356] [DEBUG] No se detectó 'Claim'. Buscando 'check.png' en región (449, 547, 65, 55)...
2026-08-10 19:49:54 | INFO | my_functions.py:169 | Searching check.png (timeout=1s)
2026-08-10 19:49:55 | INFO | my_functions.py:213 | 
⛔ Not found: check.png after 1.1s region=(449, 547, 65, 55) confidence=0.8
2026-08-10 19:49:55 | INFO | each_eight_hours copy 2.py:37 | [19:49:55.559] [DEBUG] -> [ALERTA] No se detectó ninguna recompensa válida tras el click.
2026-08-10 19:49:55 | INFO | each_eight_hours copy 2.py:37 | [19:49:55.563] [DEBUG] Moviendo el mouse a la posición de scroll (350, 580)...
2026-08-10 19:49:57 | INFO | each_eight_hours copy 2.py:37 | [19:49:57.131] [DEBUG] Alternancia de coordenada X: Cambió de 470 a 260
2026-08-10 19:49:57 | INFO | each_eight_hours copy 2.py:37 | [19:49:57.139] [DEBUG] --------------------------------------------------
2026-08-10 19:49:57 | INFO | each_eight_hours copy 2.py:37 | [19:49:57.141] [DEBUG] Inicio de iteración. Recompensas restantes: 19
2026-08-10 19:49:57 | INFO | each_eight_hours copy 2.py:37 | [19:49:57.147] [DEBUG] Intentando hacer click en: (260, 580)
2026-08-10 19:49:58 | INFO | my_functions.py:169 | Searching claim!.PNG (timeout=3s)
2026-08-10 19:49:59 | INFO | my_functions.py:199 | 
✅ Found: claim!.PNG pos=(381, 924) time=0.75s confidence=0.8
2026-08-10 19:49:59 | INFO | each_eight_hours copy 2.py:37 | [19:49:59.096] [DEBUG] -> ¡ÉXITO! Botón 'Claim' detectado.
2026-08-10 19:49:59 | INFO | my_functions.py:169 | Searching set.png (timeout=2s)
2026-08-10 19:50:02 | INFO | my_functions.py:213 | 
⛔ Not found: set.png after 2.55s region=(0, 0, 765, 1038) confidence=0.8
2026-08-10 19:50:02 | INFO | my_functions.py:248 | [DEBUG] Buscando en paralelo: ['claim!.PNG'] | timeout=0s | confidence=0.8
2026-08-10 19:50:04 | INFO | my_functions.py:133 | Haciendo click en la posición (381, 924)
2026-08-10 19:50:04 | INFO | my_functions.py:270 | 🖱️ Click OK (En paralelo): claim!.PNG at (381, 924) delay=1s
2026-08-10 19:50:05 | INFO | each_eight_hours copy 2.py:37 | [19:50:05.574] [DEBUG] Moviendo el mouse a la posición de scroll (350, 580)...
2026-08-10 19:50:07 | INFO | each_eight_hours copy 2.py:37 | [19:50:07.146] [DEBUG] Alternancia de coordenada X: Cambió de 260 a 470
2026-08-10 19:50:07 | INFO | each_eight_hours copy 2.py:37 | [19:50:07.150] [DEBUG] --------------------------------------------------
2026-08-10 19:50:07 | INFO | each_eight_hours copy 2.py:37 | [19:50:07.152] [DEBUG] Inicio de iteración. Recompensas restantes: 18
2026-08-10 19:50:07 | INFO | each_eight_hours copy 2.py:37 | [19:50:07.164] [DEBUG] Intentando hacer click en: (470, 580)
2026-08-10 19:50:08 | INFO | my_functions.py:169 | Searching claim!.PNG (timeout=3s)
2026-08-10 19:50:09 | INFO | my_functions.py:199 | 
✅ Found: claim!.PNG pos=(275, 924) time=0.84s confidence=0.8
2026-08-10 19:50:09 | INFO | each_eight_hours copy 2.py:37 | [19:50:09.228] [DEBUG] -> ¡ÉXITO! Botón 'Claim' detectado.
2026-08-10 19:50:09 | INFO | my_functions.py:169 | Searching set.png (timeout=2s)
2026-08-10 19:50:10 | INFO | my_functions.py:199 | 
✅ Found: set.png pos=(328, 836) time=1.67s confidence=0.8
2026-08-10 19:50:15 | INFO | my_functions.py:248 | [DEBUG] Buscando en paralelo: ['claim!.PNG'] | timeout=0s | confidence=0.8
2026-08-10 19:50:17 | INFO | my_functions.py:133 | Haciendo click en la posición (275, 924)
2026-08-10 19:50:17 | INFO | my_functions.py:270 | 🖱️ Click OK (En paralelo): claim!.PNG at (275, 924) delay=1s
2026-08-10 19:50:19 | INFO | my_functions.py:169 | Searching nice!2.PNG (timeout=4s)
2026-08-10 19:50:20 | INFO | my_functions.py:199 | 
✅ Found: nice!2.PNG pos=(386, 924) time=1.56s confidence=0.8
2026-08-10 19:50:20 | INFO | my_functions.py:133 | Haciendo click en la posición (386, 924)
2026-08-10 19:50:21 | INFO | each_eight_hours copy 2.py:37 | [19:50:21.911] [DEBUG] Moviendo el mouse a la posición de scroll (350, 580)...
2026-08-10 19:50:23 | INFO | each_eight_hours copy 2.py:37 | [19:50:23.479] [DEBUG] Alternancia de coordenada X: Cambió de 470 a 260
2026-08-10 19:50:23 | INFO | each_eight_hours copy 2.py:37 | [19:50:23.482] [DEBUG] --------------------------------------------------
2026-08-10 19:50:23 | INFO | each_eight_hours copy 2.py:37 | [19:50:23.485] [DEBUG] Inicio de iteración. Recompensas restantes: 17
2026-08-10 19:50:23 | INFO | each_eight_hours copy 2.py:37 | [19:50:23.492] [DEBUG] Intentando hacer click en: (260, 580)
2026-08-10 19:50:24 | INFO | my_functions.py:169 | Searching claim!.PNG (timeout=3s)
2026-08-10 19:50:29 | INFO | my_functions.py:213 | 
⛔ Not found: claim!.PNG after 3.62s region=(0, 0, 765, 1038) confidence=0.8
2026-08-10 19:50:29 | INFO | each_eight_hours copy 2.py:37 | [19:50:29.013] [DEBUG] No se detectó 'Claim'. Buscando 'check.png' en región (228, 547, 65, 55)...
2026-08-10 19:50:29 | INFO | my_functions.py:169 | Searching check.png (timeout=1s)
2026-08-10 19:50:30 | INFO | my_functions.py:213 | 
⛔ Not found: check.png after 1.08s region=(228, 547, 65, 55) confidence=0.8
2026-08-10 19:50:30 | INFO | each_eight_hours copy 2.py:37 | [19:50:30.197] [DEBUG] -> [ALERTA] No se detectó ninguna recompensa válida tras el click.
2026-08-10 19:50:30 | INFO | each_eight_hours copy 2.py:37 | [19:50:30.208] [DEBUG] Moviendo el mouse a la posición de scroll (350, 580)...
2026-08-10 19:50:31 | INFO | each_eight_hours copy 2.py:37 | [19:50:31.775] [DEBUG] Alternancia de coordenada X: Cambió de 260 a 470
2026-08-10 19:50:31 | INFO | each_eight_hours copy 2.py:37 | [19:50:31.778] [DEBUG] --------------------------------------------------
2026-08-10 19:50:31 | INFO | each_eight_hours copy 2.py:37 | [19:50:31.780] [DEBUG] Inicio de iteración. Recompensas restantes: 16
2026-08-10 19:50:31 | INFO | each_eight_hours copy 2.py:37 | [19:50:31.786] [DEBUG] Intentando hacer click en: (470, 580)
2026-08-10 19:50:32 | INFO | my_functions.py:169 | Searching claim!.PNG (timeout=3s)
2026-08-10 19:50:33 | INFO | my_functions.py:199 | 
✅ Found: claim!.PNG pos=(381, 924) time=0.74s confidence=0.8
2026-08-10 19:50:33 | INFO | each_eight_hours copy 2.py:37 | [19:50:33.728] [DEBUG] -> ¡ÉXITO! Botón 'Claim' detectado.
2026-08-10 19:50:33 | INFO | my_functions.py:169 | Searching set.png (timeout=2s)
2026-08-10 19:50:37 | INFO | my_functions.py:213 | 
⛔ Not found: set.png after 2.46s region=(0, 0, 765, 1038) confidence=0.8
2026-08-10 19:50:37 | INFO | my_functions.py:248 | [DEBUG] Buscando en paralelo: ['claim!.PNG'] | timeout=0s | confidence=0.8
2026-08-10 19:50:38 | INFO | my_functions.py:133 | Haciendo click en la posición (381, 924)
2026-08-10 19:50:38 | INFO | my_functions.py:270 | 🖱️ Click OK (En paralelo): claim!.PNG at (381, 924) delay=1s
2026-08-10 19:50:40 | INFO | each_eight_hours copy 2.py:37 | [19:50:40.050] [DEBUG] Moviendo el mouse a la posición de scroll (350, 580)...
2026-08-10 19:50:41 | INFO | each_eight_hours copy 2.py:37 | [19:50:41.622] [DEBUG] Alternancia de coordenada X: Cambió de 470 a 260
2026-08-10 19:50:41 | INFO | each_eight_hours copy 2.py:37 | [19:50:41.625] [DEBUG] --------------------------------------------------
2026-08-10 19:50:41 | INFO | each_eight_hours copy 2.py:37 | [19:50:41.628] [DEBUG] Inicio de iteración. Recompensas restantes: 15
2026-08-10 19:50:41 | INFO | each_eight_hours copy 2.py:37 | [19:50:41.635] [DEBUG] Intentando hacer click en: (260, 580)
2026-08-10 19:50:42 | INFO | my_functions.py:169 | Searching claim!.PNG (timeout=3s)
2026-08-10 19:50:43 | INFO | my_functions.py:199 | 
✅ Found: claim!.PNG pos=(381, 924) time=0.75s confidence=0.8
2026-08-10 19:50:43 | INFO | each_eight_hours copy 2.py:37 | [19:50:43.596] [DEBUG] -> ¡ÉXITO! Botón 'Claim' detectado.
2026-08-10 19:50:43 | INFO | my_functions.py:169 | Searching set.png (timeout=2s)
2026-08-10 19:50:44 | INFO | my_functions.py:199 | 
✅ Found: set.png pos=(332, 752) time=0.85s confidence=0.8
2026-08-10 19:50:49 | INFO | my_functions.py:248 | [DEBUG] Buscando en paralelo: ['claim!.PNG'] | timeout=0s | confidence=0.8
2026-08-10 19:50:51 | INFO | my_functions.py:133 | Haciendo click en la posición (381, 924)
2026-08-10 19:50:51 | INFO | my_functions.py:270 | 🖱️ Click OK (En paralelo): claim!.PNG at (381, 924) delay=1s
2026-08-10 19:50:52 | INFO | my_functions.py:169 | Searching nice!2.PNG (timeout=4s)
2026-08-10 19:50:57 | INFO | my_functions.py:213 | 
⛔ Not found: nice!2.PNG after 4.3s region=(0, 0, 765, 1038) confidence=0.8
2026-08-10 19:50:57 | INFO | each_eight_hours copy 2.py:37 | [19:50:57.605] [DEBUG] Moviendo el mouse a la posición de scroll (350, 580)...
2026-08-10 19:50:59 | INFO | each_eight_hours copy 2.py:37 | [19:50:59.176] [DEBUG] Alternancia de coordenada X: Cambió de 260 a 470
2026-08-10 19:50:59 | INFO | each_eight_hours copy 2.py:37 | [19:50:59.179] [DEBUG] --------------------------------------------------
2026-08-10 19:50:59 | INFO | each_eight_hours copy 2.py:37 | [19:50:59.179] [DEBUG] Inicio de iteración. Recompensas restantes: 14
2026-08-10 19:50:59 | INFO | each_eight_hours copy 2.py:37 | [19:50:59.191] [DEBUG] Intentando hacer click en: (470, 580)
2026-08-10 19:51:00 | INFO | my_functions.py:169 | Searching claim!.PNG (timeout=3s)
2026-08-10 19:51:04 | INFO | my_functions.py:213 | 
⛔ Not found: claim!.PNG after 3.56s region=(0, 0, 765, 1038) confidence=0.8
2026-08-10 19:51:04 | INFO | each_eight_hours copy 2.py:37 | [19:51:04.692] [DEBUG] No se detectó 'Claim'. Buscando 'check.png' en región (449, 547, 65, 55)...
2026-08-10 19:51:04 | INFO | my_functions.py:169 | Searching check.png (timeout=1s)
2026-08-10 19:51:05 | INFO | my_functions.py:213 | 
⛔ Not found: check.png after 1.09s region=(449, 547, 65, 55) confidence=0.8
2026-08-10 19:51:05 | INFO | each_eight_hours copy 2.py:37 | [19:51:05.890] [DEBUG] -> [ALERTA] No se detectó ninguna recompensa válida tras el click.
2026-08-10 19:51:05 | INFO | each_eight_hours copy 2.py:37 | [19:51:05.894] [DEBUG] Moviendo el mouse a la posición de scroll (350, 580)...
2026-08-10 19:51:07 | INFO | each_eight_hours copy 2.py:37 | [19:51:07.467] [DEBUG] Alternancia de coordenada X: Cambió de 470 a 260
2026-08-10 19:51:07 | INFO | each_eight_hours copy 2.py:37 | [19:51:07.470] [DEBUG] --------------------------------------------------
2026-08-10 19:51:07 | INFO | each_eight_hours copy 2.py:37 | [19:51:07.472] [DEBUG] Inicio de iteración. Recompensas restantes: 13
2026-08-10 19:51:07 | INFO | each_eight_hours copy 2.py:37 | [19:51:07.478] [DEBUG] Intentando hacer click en: (260, 580)
2026-08-10 19:51:08 | INFO | my_functions.py:169 | Searching claim!.PNG (timeout=3s)
2026-08-10 19:51:09 | INFO | my_functions.py:199 | 
✅ Found: claim!.PNG pos=(381, 924) time=0.74s confidence=0.8
2026-08-10 19:51:09 | INFO | each_eight_hours copy 2.py:37 | [19:51:09.436] [DEBUG] -> ¡ÉXITO! Botón 'Claim' detectado.
2026-08-10 19:51:09 | INFO | my_functions.py:169 | Searching set.png (timeout=2s)
2026-08-10 19:51:12 | INFO | my_functions.py:213 | 
⛔ Not found: set.png after 2.51s region=(0, 0, 765, 1038) confidence=0.8
2026-08-10 19:51:12 | INFO | my_functions.py:248 | [DEBUG] Buscando en paralelo: ['claim!.PNG'] | timeout=0s | confidence=0.8
2026-08-10 19:51:14 | INFO | my_functions.py:133 | Haciendo click en la posición (381, 924)
2026-08-10 19:51:14 | INFO | my_functions.py:270 | 🖱️ Click OK (En paralelo): claim!.PNG at (381, 924) delay=1s
2026-08-10 19:51:15 | INFO | each_eight_hours copy 2.py:37 | [19:51:15.849] [DEBUG] Moviendo el mouse a la posición de scroll (350, 580)...
2026-08-10 19:51:17 | INFO | each_eight_hours copy 2.py:37 | [19:51:17.422] [DEBUG] Alternancia de coordenada X: Cambió de 260 a 470
2026-08-10 19:51:17 | INFO | each_eight_hours copy 2.py:37 | [19:51:17.426] [DEBUG] --------------------------------------------------
2026-08-10 19:51:17 | INFO | each_eight_hours copy 2.py:37 | [19:51:17.428] [DEBUG] Inicio de iteración. Recompensas restantes: 12
2026-08-10 19:51:17 | INFO | each_eight_hours copy 2.py:37 | [19:51:17.434] [DEBUG] Intentando hacer click en: (470, 580)
2026-08-10 19:51:18 | INFO | my_functions.py:169 | Searching claim!.PNG (timeout=3s)
2026-08-10 19:51:22 | INFO | my_functions.py:213 | 
⛔ Not found: claim!.PNG after 3.16s region=(0, 0, 765, 1038) confidence=0.8
2026-08-10 19:51:22 | INFO | each_eight_hours copy 2.py:37 | [19:51:22.515] [DEBUG] No se detectó 'Claim'. Buscando 'check.png' en región (449, 547, 65, 55)...
2026-08-10 19:51:22 | INFO | my_functions.py:169 | Searching check.png (timeout=1s)
2026-08-10 19:51:23 | INFO | my_functions.py:213 | 
⛔ Not found: check.png after 1.01s region=(449, 547, 65, 55) confidence=0.8
2026-08-10 19:51:23 | INFO | each_eight_hours copy 2.py:37 | [19:51:23.642] [DEBUG] -> [ALERTA] No se detectó ninguna recompensa válida tras el click.
2026-08-10 19:51:23 | INFO | each_eight_hours copy 2.py:37 | [19:51:23.646] [DEBUG] Moviendo el mouse a la posición de scroll (350, 580)...
2026-08-10 19:51:25 | INFO | each_eight_hours copy 2.py:37 | [19:51:25.224] [DEBUG] Alternancia de coordenada X: Cambió de 470 a 260
2026-08-10 19:51:25 | INFO | each_eight_hours copy 2.py:37 | [19:51:25.228] [DEBUG] --------------------------------------------------
2026-08-10 19:51:25 | INFO | each_eight_hours copy 2.py:37 | [19:51:25.229] [DEBUG] Inicio de iteración. Recompensas restantes: 11
2026-08-10 19:51:25 | INFO | each_eight_hours copy 2.py:37 | [19:51:25.236] [DEBUG] Intentando hacer click en: (260, 580)
2026-08-10 19:51:26 | INFO | my_functions.py:169 | Searching claim!.PNG (timeout=3s)
2026-08-10 19:51:30 | INFO | my_functions.py:213 | 
⛔ Not found: claim!.PNG after 3.64s region=(0, 0, 765, 1038) confidence=0.8
2026-08-10 19:51:30 | INFO | each_eight_hours copy 2.py:37 | [19:51:30.795] [DEBUG] No se detectó 'Claim'. Buscando 'check.png' en región (228, 547, 65, 55)...
2026-08-10 19:51:30 | INFO | my_functions.py:169 | Searching check.png (timeout=1s)
2026-08-10 19:51:32 | INFO | my_functions.py:213 | 
⛔ Not found: check.png after 1.09s region=(228, 547, 65, 55) confidence=0.8
2026-08-10 19:51:32 | INFO | each_eight_hours copy 2.py:37 | [19:51:32.005] [DEBUG] -> [ALERTA] No se detectó ninguna recompensa válida tras el click.
2026-08-10 19:51:32 | INFO | each_eight_hours copy 2.py:37 | [19:51:32.015] [DEBUG] Moviendo el mouse a la posición de scroll (350, 580)...
2026-08-10 19:51:33 | INFO | each_eight_hours copy 2.py:37 | [19:51:33.587] [DEBUG] Alternancia de coordenada X: Cambió de 260 a 470
2026-08-10 19:51:33 | INFO | each_eight_hours copy 2.py:37 | [19:51:33.591] [DEBUG] --------------------------------------------------
2026-08-10 19:51:33 | INFO | each_eight_hours copy 2.py:37 | [19:51:33.596] [DEBUG] Inicio de iteración. Recompensas restantes: 10
2026-08-10 19:51:33 | INFO | each_eight_hours copy 2.py:37 | [19:51:33.598] [DEBUG] Intentando hacer click en: (470, 580)
2026-08-10 19:51:34 | INFO | my_functions.py:169 | Searching claim!.PNG (timeout=3s)
2026-08-10 19:51:35 | INFO | my_functions.py:199 | 
✅ Found: claim!.PNG pos=(381, 924) time=0.72s confidence=0.8
2026-08-10 19:51:35 | INFO | each_eight_hours copy 2.py:37 | [19:51:35.556] [DEBUG] -> ¡ÉXITO! Botón 'Claim' detectado.
2026-08-10 19:51:35 | INFO | my_functions.py:169 | Searching set.png (timeout=2s)
2026-08-10 19:51:38 | INFO | my_functions.py:213 | 
⛔ Not found: set.png after 2.49s region=(0, 0, 765, 1038) confidence=0.8
2026-08-10 19:51:38 | INFO | my_functions.py:248 | [DEBUG] Buscando en paralelo: ['claim!.PNG'] | timeout=0s | confidence=0.8
2026-08-10 19:51:40 | INFO | my_functions.py:133 | Haciendo click en la posición (381, 924)
2026-08-10 19:51:40 | INFO | my_functions.py:270 | 🖱️ Click OK (En paralelo): claim!.PNG at (381, 924) delay=1s
2026-08-10 19:51:41 | INFO | each_eight_hours copy 2.py:37 | [19:51:41.912] [DEBUG] Moviendo el mouse a la posición de scroll (350, 580)...
2026-08-10 19:51:43 | INFO | each_eight_hours copy 2.py:37 | [19:51:43.482] [DEBUG] Alternancia de coordenada X: Cambió de 470 a 260
2026-08-10 19:51:43 | INFO | each_eight_hours copy 2.py:37 | [19:51:43.485] [DEBUG] --------------------------------------------------
2026-08-10 19:51:43 | INFO | each_eight_hours copy 2.py:37 | [19:51:43.496] [DEBUG] Inicio de iteración. Recompensas restantes: 9
2026-08-10 19:51:43 | INFO | each_eight_hours copy 2.py:37 | [19:51:43.498] [DEBUG] Intentando hacer click en: (260, 580)
2026-08-10 19:51:44 | INFO | my_functions.py:169 | Searching claim!.PNG (timeout=3s)
2026-08-10 19:51:45 | INFO | my_functions.py:199 | 
✅ Found: claim!.PNG pos=(381, 924) time=0.73s confidence=0.8
2026-08-10 19:51:45 | INFO | each_eight_hours copy 2.py:37 | [19:51:45.436] [DEBUG] -> ¡ÉXITO! Botón 'Claim' detectado.
2026-08-10 19:51:45 | INFO | my_functions.py:169 | Searching set.png (timeout=2s)
2026-08-10 19:51:48 | INFO | my_functions.py:213 | 
⛔ Not found: set.png after 2.37s region=(0, 0, 765, 1038) confidence=0.8
2026-08-10 19:51:48 | INFO | my_functions.py:248 | [DEBUG] Buscando en paralelo: ['claim!.PNG'] | timeout=0s | confidence=0.8
2026-08-10 19:51:50 | INFO | my_functions.py:133 | Haciendo click en la posición (381, 924)
2026-08-10 19:51:50 | INFO | my_functions.py:270 | 🖱️ Click OK (En paralelo): claim!.PNG at (381, 924) delay=1s
2026-08-10 19:51:51 | INFO | each_eight_hours copy 2.py:37 | [19:51:51.679] [DEBUG] Moviendo el mouse a la posición de scroll (350, 580)...
2026-08-10 19:51:53 | INFO | each_eight_hours copy 2.py:37 | [19:51:53.249] [DEBUG] Alternancia de coordenada X: Cambió de 260 a 470
2026-08-10 19:51:53 | INFO | each_eight_hours copy 2.py:37 | [19:51:53.252] [DEBUG] --------------------------------------------------
2026-08-10 19:51:53 | INFO | each_eight_hours copy 2.py:37 | [19:51:53.255] [DEBUG] Inicio de iteración. Recompensas restantes: 8
2026-08-10 19:51:53 | INFO | each_eight_hours copy 2.py:37 | [19:51:53.262] [DEBUG] Intentando hacer click en: (470, 580)
2026-08-10 19:51:54 | INFO | my_functions.py:169 | Searching claim!.PNG (timeout=3s)
2026-08-10 19:51:58 | INFO | my_functions.py:213 | 
⛔ Not found: claim!.PNG after 3.52s region=(0, 0, 765, 1038) confidence=0.8
2026-08-10 19:51:58 | INFO | each_eight_hours copy 2.py:37 | [19:51:58.718] [DEBUG] No se detectó 'Claim'. Buscando 'check.png' en región (449, 547, 65, 55)...
2026-08-10 19:51:58 | INFO | my_functions.py:169 | Searching check.png (timeout=1s)
2026-08-10 19:51:59 | INFO | my_functions.py:213 | 
⛔ Not found: check.png after 1.11s region=(449, 547, 65, 55) confidence=0.8
2026-08-10 19:51:59 | INFO | each_eight_hours copy 2.py:37 | [19:51:59.939] [DEBUG] -> [ALERTA] No se detectó ninguna recompensa válida tras el click.
2026-08-10 19:51:59 | INFO | each_eight_hours copy 2.py:37 | [19:51:59.952] [DEBUG] Moviendo el mouse a la posición de scroll (350, 580)...
2026-08-10 19:52:01 | INFO | each_eight_hours copy 2.py:37 | [19:52:01.523] [DEBUG] Alternancia de coordenada X: Cambió de 470 a 260
2026-08-10 19:52:01 | INFO | each_eight_hours copy 2.py:37 | [19:52:01.526] [DEBUG] --------------------------------------------------
2026-08-10 19:52:01 | INFO | each_eight_hours copy 2.py:37 | [19:52:01.527] [DEBUG] Inicio de iteración. Recompensas restantes: 7
2026-08-10 19:52:01 | INFO | each_eight_hours copy 2.py:37 | [19:52:01.533] [DEBUG] Intentando hacer click en: (260, 580)
2026-08-10 19:52:02 | INFO | my_functions.py:169 | Searching claim!.PNG (timeout=3s)
2026-08-10 19:52:03 | INFO | my_functions.py:199 | 
✅ Found: claim!.PNG pos=(381, 924) time=0.74s confidence=0.8
2026-08-10 19:52:03 | INFO | each_eight_hours copy 2.py:37 | [19:52:03.480] [DEBUG] -> ¡ÉXITO! Botón 'Claim' detectado.
2026-08-10 19:52:03 | INFO | my_functions.py:169 | Searching set.png (timeout=2s)
2026-08-10 19:52:06 | INFO | my_functions.py:213 | 
⛔ Not found: set.png after 2.45s region=(0, 0, 765, 1038) confidence=0.8
2026-08-10 19:52:06 | INFO | my_functions.py:248 | [DEBUG] Buscando en paralelo: ['claim!.PNG'] | timeout=0s | confidence=0.8
2026-08-10 19:52:08 | INFO | my_functions.py:133 | Haciendo click en la posición (381, 924)
2026-08-10 19:52:08 | INFO | my_functions.py:270 | 🖱️ Click OK (En paralelo): claim!.PNG at (381, 924) delay=1s
2026-08-10 19:52:09 | INFO | each_eight_hours copy 2.py:37 | [19:52:09.807] [DEBUG] Moviendo el mouse a la posición de scroll (350, 580)...
2026-08-10 19:52:11 | INFO | each_eight_hours copy 2.py:37 | [19:52:11.377] [DEBUG] Alternancia de coordenada X: Cambió de 260 a 470
2026-08-10 19:52:11 | INFO | each_eight_hours copy 2.py:37 | [19:52:11.380] [DEBUG] --------------------------------------------------
2026-08-10 19:52:11 | INFO | each_eight_hours copy 2.py:37 | [19:52:11.381] [DEBUG] Inicio de iteración. Recompensas restantes: 6
2026-08-10 19:52:11 | INFO | each_eight_hours copy 2.py:37 | [19:52:11.390] [DEBUG] Intentando hacer click en: (470, 580)
2026-08-10 19:52:12 | INFO | my_functions.py:169 | Searching claim!.PNG (timeout=3s)
2026-08-10 19:52:17 | INFO | my_functions.py:213 | 
⛔ Not found: claim!.PNG after 3.69s region=(0, 0, 765, 1038) confidence=0.8
2026-08-10 19:52:17 | INFO | each_eight_hours copy 2.py:37 | [19:52:17.003] [DEBUG] No se detectó 'Claim'. Buscando 'check.png' en región (449, 547, 65, 55)...
2026-08-10 19:52:17 | INFO | my_functions.py:169 | Searching check.png (timeout=1s)
2026-08-10 19:52:18 | INFO | my_functions.py:213 | 
⛔ Not found: check.png after 1.01s region=(449, 547, 65, 55) confidence=0.8
2026-08-10 19:52:18 | INFO | each_eight_hours copy 2.py:37 | [19:52:18.120] [DEBUG] -> [ALERTA] No se detectó ninguna recompensa válida tras el click.
2026-08-10 19:52:18 | INFO | each_eight_hours copy 2.py:37 | [19:52:18.124] [DEBUG] Moviendo el mouse a la posición de scroll (350, 580)...
2026-08-10 19:52:19 | INFO | each_eight_hours copy 2.py:37 | [19:52:19.698] [DEBUG] Alternancia de coordenada X: Cambió de 470 a 260
2026-08-10 19:52:19 | INFO | each_eight_hours copy 2.py:37 | [19:52:19.701] [DEBUG] --------------------------------------------------
2026-08-10 19:52:19 | INFO | each_eight_hours copy 2.py:37 | [19:52:19.702] [DEBUG] Inicio de iteración. Recompensas restantes: 5
2026-08-10 19:52:19 | INFO | each_eight_hours copy 2.py:37 | [19:52:19.709] [DEBUG] Intentando hacer click en: (260, 580)
2026-08-10 19:52:20 | INFO | my_functions.py:169 | Searching claim!.PNG (timeout=3s)
2026-08-10 19:52:25 | INFO | my_functions.py:213 | 
⛔ Not found: claim!.PNG after 3.62s region=(0, 0, 765, 1038) confidence=0.8
2026-08-10 19:52:25 | INFO | each_eight_hours copy 2.py:37 | [19:52:25.242] [DEBUG] No se detectó 'Claim'. Buscando 'check.png' en región (228, 547, 65, 55)...
2026-08-10 19:52:25 | INFO | my_functions.py:169 | Searching check.png (timeout=1s)
2026-08-10 19:52:26 | INFO | my_functions.py:213 | 
⛔ Not found: check.png after 1.04s region=(228, 547, 65, 55) confidence=0.8
2026-08-10 19:52:26 | INFO | each_eight_hours copy 2.py:37 | [19:52:26.391] [DEBUG] -> [ALERTA] No se detectó ninguna recompensa válida tras el click.
2026-08-10 19:52:26 | INFO | each_eight_hours copy 2.py:37 | [19:52:26.396] [DEBUG] Moviendo el mouse a la posición de scroll (350, 580)...
2026-08-10 19:52:27 | INFO | each_eight_hours copy 2.py:37 | [19:52:27.971] [DEBUG] Alternancia de coordenada X: Cambió de 260 a 470
2026-08-10 19:52:27 | INFO | each_eight_hours copy 2.py:37 | [19:52:27.974] [DEBUG] --------------------------------------------------
2026-08-10 19:52:27 | INFO | each_eight_hours copy 2.py:37 | [19:52:27.976] [DEBUG] Inicio de iteración. Recompensas restantes: 4
2026-08-10 19:52:27 | INFO | each_eight_hours copy 2.py:37 | [19:52:27.983] [DEBUG] Intentando hacer click en: (470, 580)
2026-08-10 19:52:29 | INFO | my_functions.py:169 | Searching claim!.PNG (timeout=3s)
2026-08-10 19:52:29 | INFO | my_functions.py:199 | 
✅ Found: claim!.PNG pos=(381, 924) time=0.7s confidence=0.8
2026-08-10 19:52:29 | INFO | each_eight_hours copy 2.py:37 | [19:52:29.896] [DEBUG] -> ¡ÉXITO! Botón 'Claim' detectado.
2026-08-10 19:52:29 | INFO | my_functions.py:169 | Searching set.png (timeout=2s)
2026-08-10 19:52:33 | INFO | my_functions.py:213 | 
⛔ Not found: set.png after 2.45s region=(0, 0, 765, 1038) confidence=0.8
2026-08-10 19:52:33 | INFO | my_functions.py:248 | [DEBUG] Buscando en paralelo: ['claim!.PNG'] | timeout=0s | confidence=0.8
2026-08-10 19:52:34 | INFO | my_functions.py:133 | Haciendo click en la posición (381, 924)
2026-08-10 19:52:35 | INFO | my_functions.py:270 | 🖱️ Click OK (En paralelo): claim!.PNG at (381, 924) delay=1s
2026-08-10 19:52:36 | INFO | each_eight_hours copy 2.py:37 | [19:52:36.287] [DEBUG] Moviendo el mouse a la posición de scroll (350, 580)...
2026-08-10 19:52:37 | INFO | each_eight_hours copy 2.py:37 | [19:52:37.857] [DEBUG] Alternancia de coordenada X: Cambió de 470 a 260
2026-08-10 19:52:37 | INFO | each_eight_hours copy 2.py:37 | [19:52:37.860] [DEBUG] --------------------------------------------------
2026-08-10 19:52:37 | INFO | each_eight_hours copy 2.py:37 | [19:52:37.861] [DEBUG] Inicio de iteración. Recompensas restantes: 3
2026-08-10 19:52:37 | INFO | each_eight_hours copy 2.py:37 | [19:52:37.867] [DEBUG] Intentando hacer click en: (260, 580)
2026-08-10 19:52:39 | INFO | my_functions.py:169 | Searching claim!.PNG (timeout=3s)
2026-08-10 19:52:39 | INFO | my_functions.py:199 | 
✅ Found: claim!.PNG pos=(381, 924) time=0.73s confidence=0.8
2026-08-10 19:52:39 | INFO | each_eight_hours copy 2.py:37 | [19:52:39.807] [DEBUG] -> ¡ÉXITO! Botón 'Claim' detectado.
2026-08-10 19:52:39 | INFO | my_functions.py:169 | Searching set.png (timeout=2s)
2026-08-10 19:52:43 | INFO | my_functions.py:213 | 
⛔ Not found: set.png after 2.65s region=(0, 0, 765, 1038) confidence=0.8
2026-08-10 19:52:43 | INFO | my_functions.py:248 | [DEBUG] Buscando en paralelo: ['claim!.PNG'] | timeout=0s | confidence=0.8
2026-08-10 19:52:44 | INFO | my_functions.py:133 | Haciendo click en la posición (381, 924)
2026-08-10 19:52:45 | INFO | my_functions.py:270 | 🖱️ Click OK (En paralelo): claim!.PNG at (381, 924) delay=1s
2026-08-10 19:52:46 | INFO | each_eight_hours copy 2.py:37 | [19:52:46.305] [DEBUG] Moviendo el mouse a la posición de scroll (350, 580)...
2026-08-10 19:52:47 | INFO | each_eight_hours copy 2.py:37 | [19:52:47.874] [DEBUG] Alternancia de coordenada X: Cambió de 260 a 470
2026-08-10 19:52:47 | INFO | each_eight_hours copy 2.py:37 | [19:52:47.877] [DEBUG] --------------------------------------------------
2026-08-10 19:52:47 | INFO | each_eight_hours copy 2.py:37 | [19:52:47.883] [DEBUG] Inicio de iteración. Recompensas restantes: 2
2026-08-10 19:52:47 | INFO | each_eight_hours copy 2.py:37 | [19:52:47.885] [DEBUG] Intentando hacer click en: (470, 580)
2026-08-10 19:52:49 | INFO | my_functions.py:169 | Searching claim!.PNG (timeout=3s)
2026-08-10 19:52:53 | INFO | my_functions.py:213 | 
⛔ Not found: claim!.PNG after 3.5s region=(0, 0, 765, 1038) confidence=0.8
2026-08-10 19:52:53 | INFO | each_eight_hours copy 2.py:37 | [19:52:53.297] [DEBUG] No se detectó 'Claim'. Buscando 'check.png' en región (449, 547, 65, 55)...
2026-08-10 19:52:53 | INFO | my_functions.py:169 | Searching check.png (timeout=1s)
2026-08-10 19:52:54 | INFO | my_functions.py:213 | 
⛔ Not found: check.png after 1.09s region=(449, 547, 65, 55) confidence=0.8
2026-08-10 19:52:54 | INFO | each_eight_hours copy 2.py:37 | [19:52:54.517] [DEBUG] -> [ALERTA] No se detectó ninguna recompensa válida tras el click.
2026-08-10 19:52:54 | INFO | each_eight_hours copy 2.py:37 | [19:52:54.527] [DEBUG] Moviendo el mouse a la posición de scroll (350, 580)...
2026-08-10 19:52:56 | INFO | each_eight_hours copy 2.py:37 | [19:52:56.103] [DEBUG] Alternancia de coordenada X: Cambió de 470 a 260
2026-08-10 19:52:56 | INFO | each_eight_hours copy 2.py:37 | [19:52:56.105] [DEBUG] --------------------------------------------------
2026-08-10 19:52:56 | INFO | each_eight_hours copy 2.py:37 | [19:52:56.106] [DEBUG] Inicio de iteración. Recompensas restantes: 1
2026-08-10 19:52:56 | INFO | each_eight_hours copy 2.py:37 | [19:52:56.114] [DEBUG] Intentando hacer click en: (260, 580)
2026-08-10 19:52:57 | INFO | my_functions.py:169 | Searching claim!.PNG (timeout=3s)
2026-08-10 19:52:58 | INFO | my_functions.py:199 | 
✅ Found: claim!.PNG pos=(381, 924) time=0.74s confidence=0.8
2026-08-10 19:52:58 | INFO | each_eight_hours copy 2.py:37 | [19:52:58.054] [DEBUG] -> ¡ÉXITO! Botón 'Claim' detectado.
2026-08-10 19:52:58 | INFO | my_functions.py:169 | Searching set.png (timeout=2s)
2026-08-10 19:53:01 | INFO | my_functions.py:213 | 
⛔ Not found: set.png after 2.65s region=(0, 0, 765, 1038) confidence=0.8
2026-08-10 19:53:01 | INFO | my_functions.py:248 | [DEBUG] Buscando en paralelo: ['claim!.PNG'] | timeout=0s | confidence=0.8
2026-08-10 19:53:03 | INFO | my_functions.py:133 | Haciendo click en la posición (381, 924)
2026-08-10 19:53:03 | INFO | my_functions.py:270 | 🖱️ Click OK (En paralelo): claim!.PNG at (381, 924) delay=1s
2026-08-10 19:53:04 | INFO | each_eight_hours copy 2.py:37 | [19:53:04.576] [DEBUG] Moviendo el mouse a la posición de scroll (350, 580)...
2026-08-10 19:53:06 | INFO | each_eight_hours copy 2.py:37 | [19:53:06.150] [DEBUG] Alternancia de coordenada X: Cambió de 260 a 470
2026-08-10 19:53:06 | INFO | each_eight_hours copy 2.py:37 | Finished collecting rewards
2026-08-10 19:53:07 | INFO | my_functions.py:141 | Presionando ESC (1/1)
2026-08-10 19:53:07 | INFO | my_functions.py:248 | [DEBUG] Buscando en paralelo: ['nut.png'] | timeout=20s | confidence=0.8
2026-08-10 19:53:09 | INFO | my_functions.py:133 | Haciendo click en la posición (184, 78)
2026-08-10 19:53:09 | INFO | my_functions.py:270 | 🖱️ Click OK (En paralelo): nut.png at (184, 78) delay=1s
2026-08-10 19:53:10 | INFO | my_functions.py:248 | [DEBUG] Buscando en paralelo: ['graphics_quality.png'] | timeout=3s | confidence=0.8
2026-08-10 19:53:12 | INFO | my_functions.py:133 | Haciendo click en la posición (304, 644)
2026-08-10 19:53:12 | INFO | my_functions.py:270 | 🖱️ Click OK (En paralelo): graphics_quality.png at (304, 644) delay=1s
2026-08-10 19:53:14 | INFO | my_functions.py:248 | [DEBUG] Buscando en paralelo: ['sign_out.png'] | timeout=20s | confidence=0.8
2026-08-10 19:53:16 | INFO | my_functions.py:133 | Haciendo click en la posición (380, 796)
2026-08-10 19:53:16 | INFO | my_functions.py:270 | 🖱️ Click OK (En paralelo): sign_out.png at (380, 796) delay=1s
2026-08-10 19:53:18 | INFO | my_functions.py:248 | [DEBUG] Buscando en paralelo: ['sign_out_grande.png'] | timeout=20s | confidence=0.8
2026-08-10 19:53:20 | INFO | my_functions.py:133 | Haciendo click en la posición (359, 437)
2026-08-10 19:53:20 | INFO | my_functions.py:270 | 🖱️ Click OK (En paralelo): sign_out_grande.png at (359, 437) delay=1s
2026-08-10 19:53:21 | INFO | my_functions.py:248 | [DEBUG] Buscando en paralelo: ['sign_out2.png'] | timeout=20s | confidence=0.8
2026-08-10 19:53:23 | INFO | my_functions.py:133 | Haciendo click en la posición (383, 634)
2026-08-10 19:53:23 | INFO | my_functions.py:270 | 🖱️ Click OK (En paralelo): sign_out2.png at (383, 634) delay=1s
2026-08-10 19:53:24 | INFO | my_functions.py:1577 | ⏱ Esperando 0.1 segundos antes de empezar...
2026-08-10 19:53:24 | INFO | my_functions.py:1584 | 🔍 Esperando ventana que contenga alguna de: SNAP (máx 20s)
2026-08-10 19:53:24 | INFO | my_functions.py:1596 | ✅ Ventana encontrada: 'SNAP'
2026-08-10 19:53:24 | INFO | my_functions.py:1611 | ✅ Ventana seleccionada: 'SNAP'
2026-08-10 19:53:26 | INFO | my_functions.py:1634 | 🔁 Reajuste #1...
2026-08-10 19:53:28 | INFO | my_functions.py:1641 | ✔ Verificación completa. Se hicieron 1 reajustes.
2026-08-10 19:53:33 | INFO | each_eight_hours copy 2.py:73 | Processing account: percy
2026-08-10 19:53:33 | INFO | my_functions.py:1577 | ⏱ Esperando 0.1 segundos antes de empezar...
2026-08-10 19:53:33 | INFO | my_functions.py:1584 | 🔍 Esperando ventana que contenga alguna de: ['SNAP'] (máx 20s)
2026-08-10 19:53:37 | INFO | my_functions.py:1596 | ✅ Ventana encontrada: 'SNAP'
2026-08-10 19:53:37 | INFO | my_functions.py:1611 | ✅ Ventana seleccionada: 'SNAP'
2026-08-10 19:53:39 | INFO | my_functions.py:1643 | ✔ Verificación completa. No hubo cambios después del primer ajuste.
2026-08-10 19:53:39 | INFO | my_functions.py:1206 | [DEBUG] Resizing SNAP window...
2026-08-10 19:53:39 | INFO | my_functions.py:1577 | ⏱ Esperando 0.1 segundos antes de empezar...
2026-08-10 19:53:39 | INFO | my_functions.py:1584 | 🔍 Esperando ventana que contenga alguna de: ['SNAP'] (máx 20s)
2026-08-10 19:53:39 | INFO | my_functions.py:1596 | ✅ Ventana encontrada: 'SNAP'
2026-08-10 19:53:39 | INFO | my_functions.py:1611 | ✅ Ventana seleccionada: 'SNAP'
2026-08-10 19:53:46 | INFO | my_functions.py:1643 | ✔ Verificación completa. No hubo cambios después del primer ajuste.
2026-08-10 19:53:46 | INFO | my_functions.py:248 | [DEBUG] Buscando en paralelo: ['small_submit.PNG', 'small_submit_hover.png', 'submit_hover_2.png', 'small_submit_hover_2.png'] | timeout=90s | confidence=0.8
2026-08-10 19:53:53 | INFO | my_functions.py:133 | Haciendo click en la posición (380, 642)
2026-08-10 19:53:53 | INFO | my_functions.py:270 | 🖱️ Click OK (En paralelo): small_submit.PNG at (380, 642) delay=0.2s
2026-08-10 19:53:56 | INFO | my_functions.py:248 | [DEBUG] Buscando en paralelo: ['small_submit.PNG', 'small_submit_hover.png', 'submit_hover_2.png', 'small_submit_hover_2.png'] | timeout=20s | confidence=0.8
2026-08-10 19:53:58 | INFO | my_functions.py:133 | Haciendo click en la posición (380, 721)
2026-08-10 19:53:58 | INFO | my_functions.py:270 | 🖱️ Click OK (En paralelo): small_submit.PNG at (380, 721) delay=0.2s
2026-08-10 19:53:59 | INFO | my_functions.py:1577 | ⏱ Esperando 0.1 segundos antes de empezar...
2026-08-10 19:53:59 | INFO | my_functions.py:1584 | 🔍 Esperando ventana que contenga alguna de: ['SNAP'] (máx 20s)
2026-08-10 19:53:59 | INFO | my_functions.py:1596 | ✅ Ventana encontrada: 'SNAP'
2026-08-10 19:53:59 | INFO | my_functions.py:1611 | ✅ Ventana seleccionada: 'SNAP'
2026-08-10 19:54:01 | INFO | my_functions.py:1634 | 🔁 Reajuste #1...
2026-08-10 19:54:02 | INFO | my_functions.py:1641 | ✔ Verificación completa. Se hicieron 1 reajustes.
2026-08-10 19:54:02 | INFO | my_functions.py:169 | Searching please_sign.png (timeout=0s)
2026-08-10 19:54:03 | INFO | my_functions.py:199 | 
✅ Found: please_sign.png pos=(383, 438) time=0.47s confidence=0.8
2026-08-10 19:54:03 | INFO | my_functions.py:248 | [DEBUG] Buscando en paralelo: ['ok_btn.png'] | timeout=20s | confidence=0.8
2026-08-10 19:54:04 | INFO | my_functions.py:133 | Haciendo click en la posición (382, 634)
2026-08-10 19:54:05 | INFO | my_functions.py:270 | 🖱️ Click OK (En paralelo): ok_btn.png at (382, 634) delay=1s
2026-08-10 19:54:06 | INFO | my_functions.py:248 | [DEBUG] Buscando en paralelo: ['small_submit.PNG', 'small_submit_hover.png', 'submit_hover_2.png', 'small_submit_hover_2.png'] | timeout=30s | confidence=0.8
2026-08-10 19:54:08 | INFO | my_functions.py:133 | Haciendo click en la posición (383, 643)
2026-08-10 19:54:09 | INFO | my_functions.py:270 | 🖱️ Click OK (En paralelo): small_submit_hover_2.png at (383, 643) delay=0.2s
2026-08-10 19:54:10 | INFO | my_functions.py:248 | [DEBUG] Buscando en paralelo: ['small_submit.PNG', 'small_submit_hover.png', 'submit_hover_2.png', 'small_submit_hover_2.png'] | timeout=20s | confidence=0.8
2026-08-10 19:54:11 | INFO | my_functions.py:133 | Haciendo click en la posición (380, 721)
2026-08-10 19:54:11 | INFO | my_functions.py:270 | 🖱️ Click OK (En paralelo): small_submit.PNG at (380, 721) delay=0.2s
2026-08-10 19:54:13 | INFO | my_functions.py:248 | [DEBUG] Buscando en paralelo: ['sign_in_with_google2.PNG'] | timeout=20s | confidence=0.8
2026-08-10 19:54:14 | INFO | my_functions.py:133 | Haciendo click en la posición (406, 957)
2026-08-10 19:54:14 | INFO | my_functions.py:270 | 🖱️ Click OK (En paralelo): sign_in_with_google2.PNG at (406, 957) delay=1s
2026-08-10 19:54:15 | INFO | my_functions.py:169 | Searching pagina_cargada.png (timeout=60s)
2026-08-10 19:54:22 | INFO | my_functions.py:199 | 
✅ Found: pagina_cargada.png pos=(70, 24) time=6.39s confidence=0.8
2026-08-10 19:54:24 | INFO | my_functions.py:248 | [DEBUG] Buscando en paralelo: ['percy.png'] | timeout=0s | confidence=0.8
2026-08-10 19:54:25 | INFO | my_functions.py:282 | [DEBUG] Click skipped, ninguna de las imágenes se encontró en el intento.
2026-08-10 19:54:27 | INFO | my_functions.py:248 | [DEBUG] Buscando en paralelo: ['percy.png'] | timeout=0s | confidence=0.8
2026-08-10 19:54:31 | INFO | my_functions.py:133 | Haciendo click en la posición (1132, 561)
2026-08-10 19:54:31 | INFO | my_functions.py:270 | 🖱️ Click OK (En paralelo): percy.png at (1132, 561) delay=3s
2026-08-10 19:54:33 | INFO | my_functions.py:169 | Searching marvelsnap_web.png (timeout=30s)
2026-08-10 19:54:37 | INFO | my_functions.py:199 | 
✅ Found: marvelsnap_web.png pos=(258, 80) time=4.18s confidence=0.7
2026-08-10 19:54:37 | INFO | my_functions.py:169 | Searching shop_unselected.PNG (timeout=0s)
2026-08-10 19:54:38 | INFO | my_functions.py:213 | 
⛔ Not found: shop_unselected.PNG after 0.0s region=(0, 0, 765, 1038) confidence=0.8
2026-08-10 19:54:38 | INFO | my_functions.py:248 | [DEBUG] Buscando en paralelo: ['super_premium.PNG'] | timeout=0s | confidence=0.8
2026-08-10 19:54:39 | INFO | my_functions.py:282 | [DEBUG] Click skipped, ninguna de las imágenes se encontró en el intento.
2026-08-10 19:54:40 | INFO | my_functions.py:248 | [DEBUG] Buscando en paralelo: ['maybe_later.PNG'] | timeout=0s | confidence=0.8
2026-08-10 19:54:40 | INFO | my_functions.py:282 | [DEBUG] Click skipped, ninguna de las imágenes se encontró en el intento.
2026-08-10 19:54:42 | INFO | my_functions.py:248 | [DEBUG] Buscando en paralelo: ['maybe_later2.PNG'] | timeout=0s | confidence=0.8
2026-08-10 19:54:42 | INFO | my_functions.py:282 | [DEBUG] Click skipped, ninguna de las imágenes se encontró en el intento.
2026-08-10 19:54:43 | INFO | my_functions.py:169 | Searching go_to_shop.PNG (timeout=0s)
2026-08-10 19:54:44 | INFO | my_functions.py:213 | 
⛔ Not found: go_to_shop.PNG after 0.0s region=(0, 0, 765, 1038) confidence=0.8
2026-08-10 19:54:44 | INFO | my_functions.py:248 | [DEBUG] Buscando en paralelo: ['14_days_of_winterverse.PNG'] | timeout=0s | confidence=0.8
2026-08-10 19:54:44 | INFO | my_functions.py:282 | [DEBUG] Click skipped, ninguna de las imágenes se encontró en el intento.
2026-08-10 19:54:46 | INFO | my_functions.py:169 | Searching welcome_back_calendar.PNG (timeout=0s)
2026-08-10 19:54:46 | INFO | my_functions.py:213 | 
⛔ Not found: welcome_back_calendar.PNG after 0.0s region=(0, 0, 765, 1038) confidence=0.8
2026-08-10 19:54:46 | INFO | my_functions.py:248 | [DEBUG] Buscando en paralelo: ['start_the_countdown.PNG'] | timeout=0s | confidence=0.8
2026-08-10 19:54:47 | INFO | my_functions.py:282 | [DEBUG] Click skipped, ninguna de las imágenes se encontró en el intento.
2026-08-10 19:54:48 | INFO | my_functions.py:248 | [DEBUG] Buscando en paralelo: ['event_has_ended_sanctum.PNG'] | timeout=0s | confidence=0.8
2026-08-10 19:54:48 | INFO | my_functions.py:282 | [DEBUG] Click skipped, ninguna de las imágenes se encontró en el intento.
2026-08-10 19:54:49 | INFO | my_functions.py:248 | [DEBUG] Buscando en paralelo: ['event_has_ended_teamclash.PNG'] | timeout=0s | confidence=0.8
2026-08-10 19:54:50 | INFO | my_functions.py:282 | [DEBUG] Click skipped, ninguna de las imágenes se encontró en el intento.
2026-08-10 19:54:51 | INFO | my_functions.py:248 | [DEBUG] Buscando en paralelo: ['image_part_of_event_grand_arena_finished.PNG'] | timeout=0s | confidence=0.8
2026-08-10 19:54:52 | INFO | my_functions.py:282 | [DEBUG] Click skipped, ninguna de las imágenes se encontró en el intento.
2026-08-10 19:54:53 | INFO | my_functions.py:169 | Searching 28_day_event_login_rewards.PNG (timeout=0s)
2026-08-10 19:54:53 | INFO | my_functions.py:213 | 
⛔ Not found: 28_day_event_login_rewards.PNG after 0.0s region=(0, 0, 765, 1038) confidence=0.8
2026-08-10 19:54:53 | INFO | my_functions.py:169 | Searching 7_day_event_login.PNG (timeout=0s)
2026-08-10 19:54:54 | INFO | my_functions.py:213 | 
⛔ Not found: 7_day_event_login.PNG after 0.0s region=(0, 0, 765, 1038) confidence=0.8
2026-08-10 19:54:54 | INFO | my_functions.py:169 | Searching 14_days_event.PNG (timeout=0s)
2026-08-10 19:54:54 | INFO | my_functions.py:213 | 
⛔ Not found: 14_days_event.PNG after 0.0s region=(0, 0, 765, 1038) confidence=0.8
2026-08-10 19:54:54 | INFO | my_functions.py:248 | [DEBUG] Buscando en paralelo: ['lets_go.PNG'] | timeout=0s | confidence=0.8
2026-08-10 19:54:55 | INFO | my_functions.py:282 | [DEBUG] Click skipped, ninguna de las imágenes se encontró en el intento.
2026-08-10 19:54:57 | INFO | my_functions.py:169 | Searching shop_unselected.PNG (timeout=0s)
2026-08-10 19:54:58 | INFO | my_functions.py:213 | 
⛔ Not found: shop_unselected.PNG after 0.0s region=(0, 0, 765, 1038) confidence=0.8
2026-08-10 19:54:58 | INFO | my_functions.py:248 | [DEBUG] Buscando en paralelo: ['super_premium.PNG'] | timeout=0s | confidence=0.8
2026-08-10 19:54:59 | INFO | my_functions.py:133 | Haciendo click en la posición (480, 777)
2026-08-10 19:54:59 | INFO | my_functions.py:270 | 🖱️ Click OK (En paralelo): super_premium.PNG at (480, 777) delay=1s
2026-08-10 19:55:00 | INFO | my_functions.py:141 | Presionando ESC (1/1)
2026-08-10 19:55:09 | INFO | my_functions.py:169 | Searching shop_unselected.PNG (timeout=0s)
2026-08-10 19:55:10 | INFO | my_functions.py:199 | 
✅ Found: shop_unselected.PNG pos=(88, 961) time=0.7s confidence=0.8
2026-08-10 19:55:10 | INFO | my_functions.py:714 | Ya esta listo
2026-08-10 19:55:14 | INFO | my_functions.py:169 | Searching play.PNG (timeout=0s)
2026-08-10 19:55:15 | INFO | my_functions.py:199 | 
✅ Found: play.PNG pos=(384, 825) time=0.61s confidence=0.8
2026-08-10 19:55:15 | INFO | my_functions.py:1439 | [INFO] Click realizado donde se equipa el deck a jugar
2026-08-10 19:55:19 | INFO | my_functions.py:248 | [DEBUG] Buscando en paralelo: ['deck_666666.png'] | timeout=3s | confidence=0.8
2026-08-10 19:55:21 | INFO | my_functions.py:133 | Haciendo click en la posición (234, 702)
2026-08-10 19:55:21 | INFO | my_functions.py:270 | 🖱️ Click OK (En paralelo): deck_666666.png at (234, 702) delay=1s
2026-08-10 19:55:22 | INFO | my_functions.py:248 | [DEBUG] Buscando en paralelo: ['equip.png'] | timeout=3s | confidence=0.95
2026-08-10 19:55:24 | INFO | my_functions.py:133 | Haciendo click en la posición (548, 983)
2026-08-10 19:55:24 | INFO | my_functions.py:270 | 🖱️ Click OK (En paralelo): equip.png at (548, 983) delay=1s
2026-08-10 19:55:25 | INFO | each_eight_hours copy 2.py:89 | Deck selected: 6turns
2026-08-10 19:55:25 | INFO | my_functions.py:248 | [DEBUG] Buscando en paralelo: ['maybe_later.PNG'] | timeout=2s | confidence=0.8
2026-08-10 19:55:27 | INFO | my_functions.py:282 | [DEBUG] Click skipped, ninguna de las imágenes se encontró en el intento.
2026-08-10 19:55:28 | INFO | my_functions.py:248 | [DEBUG] Buscando en paralelo: ['maybe_later2.PNG'] | timeout=0.01s | confidence=0.8
2026-08-10 19:55:29 | INFO | my_functions.py:282 | [DEBUG] Click skipped, ninguna de las imágenes se encontró en el intento.
2026-08-10 19:55:30 | INFO | each_eight_hours copy 2.py:95 | Starting game loop 1
2026-08-10 19:55:30 | INFO | my_functions.py:248 | [DEBUG] Buscando en paralelo: ['play.PNG'] | timeout=20s | confidence=0.8
2026-08-10 19:55:34 | INFO | my_functions.py:133 | Haciendo click en la posición (384, 824)
2026-08-10 19:55:34 | INFO | my_functions.py:270 | 🖱️ Click OK (En paralelo): play.PNG at (384, 824) delay=3s
2026-08-10 19:55:39 | INFO | my_functions.py:169 | Searching failed_to_join_game_error.png (timeout=0s)
2026-08-10 19:55:40 | INFO | my_functions.py:213 | 
⛔ Not found: failed_to_join_game_error.png after 0.57s region=(0, 0, 765, 1038) confidence=0.8
2026-08-10 19:55:43 | INFO | my_functions.py:169 | Searching failed_to_join_game_error.png (timeout=0s)
2026-08-10 19:55:44 | INFO | my_functions.py:213 | 
⛔ Not found: failed_to_join_game_error.png after 0.0s region=(0, 0, 765, 1038) confidence=0.8
2026-08-10 19:55:47 | INFO | my_functions.py:169 | Searching failed_to_join_game_error.png (timeout=0s)
2026-08-10 19:55:48 | INFO | my_functions.py:213 | 
⛔ Not found: failed_to_join_game_error.png after 0.0s region=(0, 0, 765, 1038) confidence=0.8
2026-08-10 19:55:51 | INFO | my_functions.py:169 | Searching failed_to_join_game_error.png (timeout=0s)
2026-08-10 19:55:51 | INFO | my_functions.py:213 | 
⛔ Not found: failed_to_join_game_error.png after 0.0s region=(0, 0, 765, 1038) confidence=0.8
2026-08-10 19:55:53 | INFO | my_functions.py:199 | 
✅ Found: end_turn.PNG pos=(681, 945) time=0.64s confidence=0.8
2026-08-10 19:55:53 | INFO | my_functions.py:248 | [DEBUG] Buscando en paralelo: ['snap.PNG'] | timeout=0s | confidence=0.8
2026-08-10 19:55:55 | INFO | my_functions.py:133 | Haciendo click en la posición (386, 123)
2026-08-10 19:55:55 | INFO | my_functions.py:270 | 🖱️ Click OK (En paralelo): snap.PNG at (386, 123) delay=1s
2026-08-10 19:56:01 | INFO | my_functions.py:248 | [DEBUG] Buscando en paralelo: ['end_turn.PNG'] | timeout=0s | confidence=0.8
2026-08-10 19:56:03 | INFO | my_functions.py:133 | Haciendo click en la posición (682, 946)
2026-08-10 19:56:03 | INFO | my_functions.py:270 | 🖱️ Click OK (En paralelo): end_turn.PNG at (682, 946) delay=1s
2026-08-10 19:56:04 | INFO | each_eight_hours copy 2.py:108 | End turn executed
2026-08-10 19:56:06 | INFO | my_functions.py:169 | Searching failed_to_join_game_error.png (timeout=0s)
2026-08-10 19:56:06 | INFO | my_functions.py:213 | 
⛔ Not found: failed_to_join_game_error.png after 0.0s region=(0, 0, 765, 1038) confidence=0.8
2026-08-10 19:56:09 | INFO | my_functions.py:169 | Searching failed_to_join_game_error.png (timeout=0s)
2026-08-10 19:56:10 | INFO | my_functions.py:213 | 
⛔ Not found: failed_to_join_game_error.png after 0.0s region=(0, 0, 765, 1038) confidence=0.8
2026-08-10 19:56:13 | INFO | my_functions.py:169 | Searching failed_to_join_game_error.png (timeout=0s)
2026-08-10 19:56:13 | INFO | my_functions.py:213 | 
⛔ Not found: failed_to_join_game_error.png after 0.0s region=(0, 0, 765, 1038) confidence=0.8
2026-08-10 19:56:17 | INFO | my_functions.py:169 | Searching failed_to_join_game_error.png (timeout=0s)
2026-08-10 19:56:17 | INFO | my_functions.py:213 | 
⛔ Not found: failed_to_join_game_error.png after 0.0s region=(0, 0, 765, 1038) confidence=0.8
2026-08-10 19:56:20 | INFO | my_functions.py:169 | Searching failed_to_join_game_error.png (timeout=0s)
2026-08-10 19:56:21 | INFO | my_functions.py:213 | 
⛔ Not found: failed_to_join_game_error.png after 0.0s region=(0, 0, 765, 1038) confidence=0.8
2026-08-10 19:56:22 | INFO | my_functions.py:199 | 
✅ Found: end_turn.PNG pos=(681, 945) time=0.71s confidence=0.8
2026-08-10 19:56:22 | INFO | my_functions.py:248 | [DEBUG] Buscando en paralelo: ['snap.PNG'] | timeout=0s | confidence=0.8
2026-08-10 19:56:23 | INFO | my_functions.py:282 | [DEBUG] Click skipped, ninguna de las imágenes se encontró en el intento.
2026-08-10 19:56:29 | INFO | my_functions.py:248 | [DEBUG] Buscando en paralelo: ['end_turn.PNG'] | timeout=0s | confidence=0.8
2026-08-10 19:56:31 | INFO | my_functions.py:133 | Haciendo click en la posición (682, 946)
2026-08-10 19:56:31 | INFO | my_functions.py:270 | 🖱️ Click OK (En paralelo): end_turn.PNG at (682, 946) delay=1s
2026-08-10 19:56:32 | INFO | each_eight_hours copy 2.py:108 | End turn executed
2026-08-10 19:56:34 | INFO | my_functions.py:169 | Searching failed_to_join_game_error.png (timeout=0s)
2026-08-10 19:56:35 | INFO | my_functions.py:213 | 
⛔ Not found: failed_to_join_game_error.png after 0.0s region=(0, 0, 765, 1038) confidence=0.8
2026-08-10 19:56:38 | INFO | my_functions.py:169 | Searching failed_to_join_game_error.png (timeout=0s)
2026-08-10 19:56:38 | INFO | my_functions.py:213 | 
⛔ Not found: failed_to_join_game_error.png after 0.0s region=(0, 0, 765, 1038) confidence=0.8
2026-08-10 19:56:42 | INFO | my_functions.py:169 | Searching failed_to_join_game_error.png (timeout=0s)
2026-08-10 19:56:42 | INFO | my_functions.py:213 | 
⛔ Not found: failed_to_join_game_error.png after 0.0s region=(0, 0, 765, 1038) confidence=0.8
2026-08-10 19:56:45 | INFO | my_functions.py:169 | Searching failed_to_join_game_error.png (timeout=0s)
2026-08-10 19:56:46 | INFO | my_functions.py:213 | 
⛔ Not found: failed_to_join_game_error.png after 0.0s region=(0, 0, 765, 1038) confidence=0.8
2026-08-10 19:56:49 | INFO | my_functions.py:169 | Searching failed_to_join_game_error.png (timeout=0s)
2026-08-10 19:56:49 | INFO | my_functions.py:213 | 
⛔ Not found: failed_to_join_game_error.png after 0.0s region=(0, 0, 765, 1038) confidence=0.8
2026-08-10 19:56:53 | INFO | my_functions.py:169 | Searching failed_to_join_game_error.png (timeout=0s)
2026-08-10 19:56:53 | INFO | my_functions.py:213 | 
⛔ Not found: failed_to_join_game_error.png after 0.0s region=(0, 0, 765, 1038) confidence=0.8
2026-08-10 19:56:55 | INFO | my_functions.py:199 | 
✅ Found: end_turn.PNG pos=(681, 945) time=0.67s confidence=0.8
2026-08-10 19:56:55 | INFO | my_functions.py:248 | [DEBUG] Buscando en paralelo: ['snap.PNG'] | timeout=0s | confidence=0.8
2026-08-10 19:56:55 | INFO | my_functions.py:282 | [DEBUG] Click skipped, ninguna de las imágenes se encontró en el intento.
2026-08-10 19:57:02 | INFO | my_functions.py:248 | [DEBUG] Buscando en paralelo: ['end_turn.PNG'] | timeout=0s | confidence=0.8
2026-08-10 19:57:03 | INFO | my_functions.py:133 | Haciendo click en la posición (682, 945)
2026-08-10 19:57:03 | INFO | my_functions.py:270 | 🖱️ Click OK (En paralelo): end_turn.PNG at (682, 945) delay=1s
2026-08-10 19:57:05 | INFO | each_eight_hours copy 2.py:108 | End turn executed
2026-08-10 19:57:06 | INFO | my_functions.py:169 | Searching failed_to_join_game_error.png (timeout=0s)
2026-08-10 19:57:07 | INFO | my_functions.py:213 | 
⛔ Not found: failed_to_join_game_error.png after 0.0s region=(0, 0, 765, 1038) confidence=0.8
2026-08-10 19:57:10 | INFO | my_functions.py:169 | Searching failed_to_join_game_error.png (timeout=0s)
2026-08-10 19:57:10 | INFO | my_functions.py:213 | 
⛔ Not found: failed_to_join_game_error.png after 0.0s region=(0, 0, 765, 1038) confidence=0.8
2026-08-10 19:57:14 | INFO | my_functions.py:169 | Searching failed_to_join_game_error.png (timeout=0s)
2026-08-10 19:57:14 | INFO | my_functions.py:213 | 
⛔ Not found: failed_to_join_game_error.png after 0.0s region=(0, 0, 765, 1038) confidence=0.8
2026-08-10 19:57:16 | INFO | my_functions.py:199 | 
✅ Found: end_turn.PNG pos=(681, 945) time=0.66s confidence=0.8
2026-08-10 19:57:16 | INFO | my_functions.py:248 | [DEBUG] Buscando en paralelo: ['snap.PNG'] | timeout=0s | confidence=0.8
2026-08-10 19:57:16 | INFO | my_functions.py:282 | [DEBUG] Click skipped, ninguna de las imágenes se encontró en el intento.
2026-08-10 19:57:23 | INFO | my_functions.py:248 | [DEBUG] Buscando en paralelo: ['end_turn.PNG'] | timeout=0s | confidence=0.8
2026-08-10 19:57:24 | INFO | my_functions.py:133 | Haciendo click en la posición (682, 945)
2026-08-10 19:57:25 | INFO | my_functions.py:270 | 🖱️ Click OK (En paralelo): end_turn.PNG at (682, 945) delay=1s
2026-08-10 19:57:26 | INFO | each_eight_hours copy 2.py:108 | End turn executed
2026-08-10 19:57:27 | INFO | my_functions.py:169 | Searching failed_to_join_game_error.png (timeout=0s)
2026-08-10 19:57:28 | INFO | my_functions.py:213 | 
⛔ Not found: failed_to_join_game_error.png after 0.0s region=(0, 0, 765, 1038) confidence=0.8
2026-08-10 19:57:31 | INFO | my_functions.py:169 | Searching failed_to_join_game_error.png (timeout=0s)
2026-08-10 19:57:32 | INFO | my_functions.py:213 | 
⛔ Not found: failed_to_join_game_error.png after 0.0s region=(0, 0, 765, 1038) confidence=0.8
2026-08-10 19:57:35 | INFO | my_functions.py:169 | Searching failed_to_join_game_error.png (timeout=0s)
2026-08-10 19:57:35 | INFO | my_functions.py:213 | 
⛔ Not found: failed_to_join_game_error.png after 0.0s region=(0, 0, 765, 1038) confidence=0.8
2026-08-10 19:57:39 | INFO | my_functions.py:169 | Searching failed_to_join_game_error.png (timeout=0s)
2026-08-10 19:57:39 | INFO | my_functions.py:213 | 
⛔ Not found: failed_to_join_game_error.png after 0.0s region=(0, 0, 765, 1038) confidence=0.8
2026-08-10 19:57:42 | INFO | my_functions.py:169 | Searching failed_to_join_game_error.png (timeout=0s)
2026-08-10 19:57:43 | INFO | my_functions.py:213 | 
⛔ Not found: failed_to_join_game_error.png after 0.0s region=(0, 0, 765, 1038) confidence=0.8
2026-08-10 19:57:46 | INFO | my_functions.py:169 | Searching failed_to_join_game_error.png (timeout=0s)
2026-08-10 19:57:47 | INFO | my_functions.py:213 | 
⛔ Not found: failed_to_join_game_error.png after 0.0s region=(0, 0, 765, 1038) confidence=0.8
2026-08-10 19:57:50 | INFO | my_functions.py:169 | Searching failed_to_join_game_error.png (timeout=0s)
2026-08-10 19:57:50 | INFO | my_functions.py:213 | 
⛔ Not found: failed_to_join_game_error.png after 0.0s region=(0, 0, 765, 1038) confidence=0.8
2026-08-10 19:57:52 | INFO | my_functions.py:199 | 
✅ Found: end_turn.PNG pos=(681, 945) time=0.65s confidence=0.8
2026-08-10 19:57:52 | INFO | my_functions.py:248 | [DEBUG] Buscando en paralelo: ['snap.PNG'] | timeout=0s | confidence=0.8
2026-08-10 19:57:53 | INFO | my_functions.py:282 | [DEBUG] Click skipped, ninguna de las imágenes se encontró en el intento.
2026-08-10 19:57:59 | INFO | my_functions.py:248 | [DEBUG] Buscando en paralelo: ['end_turn.PNG'] | timeout=0s | confidence=0.8
2026-08-10 19:58:00 | INFO | my_functions.py:133 | Haciendo click en la posición (682, 945)
2026-08-10 19:58:01 | INFO | my_functions.py:270 | 🖱️ Click OK (En paralelo): end_turn.PNG at (682, 945) delay=1s
2026-08-10 19:58:02 | INFO | each_eight_hours copy 2.py:108 | End turn executed
2026-08-10 19:58:03 | INFO | my_functions.py:169 | Searching failed_to_join_game_error.png (timeout=0s)
2026-08-10 19:58:04 | INFO | my_functions.py:213 | 
⛔ Not found: failed_to_join_game_error.png after 0.0s region=(0, 0, 765, 1038) confidence=0.8
2026-08-10 19:58:07 | INFO | my_functions.py:169 | Searching failed_to_join_game_error.png (timeout=0s)
2026-08-10 19:58:08 | INFO | my_functions.py:213 | 
⛔ Not found: failed_to_join_game_error.png after 0.0s region=(0, 0, 765, 1038) confidence=0.8
2026-08-10 19:58:11 | INFO | my_functions.py:169 | Searching failed_to_join_game_error.png (timeout=0s)
2026-08-10 19:58:11 | INFO | my_functions.py:213 | 
⛔ Not found: failed_to_join_game_error.png after 0.0s region=(0, 0, 765, 1038) confidence=0.8
2026-08-10 19:58:15 | INFO | my_functions.py:169 | Searching failed_to_join_game_error.png (timeout=0s)
2026-08-10 19:58:15 | INFO | my_functions.py:213 | 
⛔ Not found: failed_to_join_game_error.png after 0.0s region=(0, 0, 765, 1038) confidence=0.8
2026-08-10 19:58:17 | INFO | my_functions.py:199 | 
✅ Found: end_turn.PNG pos=(681, 945) time=0.66s confidence=0.8
2026-08-10 19:58:17 | INFO | my_functions.py:248 | [DEBUG] Buscando en paralelo: ['snap.PNG'] | timeout=0s | confidence=0.8
2026-08-10 19:58:17 | INFO | my_functions.py:282 | [DEBUG] Click skipped, ninguna de las imágenes se encontró en el intento.
2026-08-10 19:58:24 | INFO | my_functions.py:248 | [DEBUG] Buscando en paralelo: ['end_turn.PNG'] | timeout=0s | confidence=0.8
2026-08-10 19:58:25 | INFO | my_functions.py:133 | Haciendo click en la posición (681, 945)
2026-08-10 19:58:25 | INFO | my_functions.py:270 | 🖱️ Click OK (En paralelo): end_turn.PNG at (681, 945) delay=1s
2026-08-10 19:58:27 | INFO | each_eight_hours copy 2.py:108 | End turn executed
2026-08-10 19:58:28 | INFO | my_functions.py:169 | Searching failed_to_join_game_error.png (timeout=0s)
2026-08-10 19:58:29 | INFO | my_functions.py:213 | 
⛔ Not found: failed_to_join_game_error.png after 0.0s region=(0, 0, 765, 1038) confidence=0.8
2026-08-10 19:58:32 | INFO | my_functions.py:169 | Searching failed_to_join_game_error.png (timeout=0s)
2026-08-10 19:58:32 | INFO | my_functions.py:213 | 
⛔ Not found: failed_to_join_game_error.png after 0.0s region=(0, 0, 765, 1038) confidence=0.8
2026-08-10 19:58:36 | INFO | my_functions.py:169 | Searching failed_to_join_game_error.png (timeout=0s)
2026-08-10 19:58:36 | INFO | my_functions.py:213 | 
⛔ Not found: failed_to_join_game_error.png after 0.0s region=(0, 0, 765, 1038) confidence=0.8
2026-08-10 19:58:40 | INFO | my_functions.py:169 | Searching failed_to_join_game_error.png (timeout=0s)
2026-08-10 19:58:40 | INFO | my_functions.py:213 | 
⛔ Not found: failed_to_join_game_error.png after 0.0s region=(0, 0, 765, 1038) confidence=0.8
2026-08-10 19:58:43 | INFO | my_functions.py:169 | Searching failed_to_join_game_error.png (timeout=0s)
2026-08-10 19:58:44 | INFO | my_functions.py:213 | 
⛔ Not found: failed_to_join_game_error.png after 0.0s region=(0, 0, 765, 1038) confidence=0.8
2026-08-10 19:58:47 | INFO | my_functions.py:169 | Searching failed_to_join_game_error.png (timeout=0s)
2026-08-10 19:58:48 | INFO | my_functions.py:213 | 
⛔ Not found: failed_to_join_game_error.png after 0.0s region=(0, 0, 765, 1038) confidence=0.8
2026-08-10 19:58:51 | INFO | my_functions.py:169 | Searching failed_to_join_game_error.png (timeout=0s)
2026-08-10 19:58:51 | INFO | my_functions.py:213 | 
⛔ Not found: failed_to_join_game_error.png after 0.0s region=(0, 0, 765, 1038) confidence=0.8
2026-08-10 19:58:55 | INFO | my_functions.py:169 | Searching failed_to_join_game_error.png (timeout=0s)
2026-08-10 19:58:55 | INFO | my_functions.py:213 | 
⛔ Not found: failed_to_join_game_error.png after 0.0s region=(0, 0, 765, 1038) confidence=0.8
2026-08-10 19:58:58 | INFO | my_functions.py:169 | Searching failed_to_join_game_error.png (timeout=0s)
2026-08-10 19:58:59 | INFO | my_functions.py:213 | 
⛔ Not found: failed_to_join_game_error.png after 0.0s region=(0, 0, 765, 1038) confidence=0.8
2026-08-10 19:59:00 | INFO | my_functions.py:199 | 
✅ Found: collect_rewards.PNG pos=(679, 1010) time=0.8s confidence=0.8
2026-08-10 19:59:00 | INFO | each_eight_hours copy 2.py:138 | Rewards detected, exiting match. Game duration: 209.46 s
2026-08-10 19:59:00 | INFO | my_functions.py:248 | [DEBUG] Buscando en paralelo: ['collect_rewards.PNG'] | timeout=20s | confidence=0.8
2026-08-10 19:59:01 | INFO | my_functions.py:133 | Haciendo click en la posición (679, 957)
2026-08-10 19:59:02 | INFO | my_functions.py:270 | 🖱️ Click OK (En paralelo): collect_rewards.PNG at (679, 957) delay=1s
2026-08-10 19:59:03 | INFO | my_functions.py:248 | [DEBUG] Buscando en paralelo: ['next.PNG'] | timeout=20s | confidence=0.8
2026-08-10 19:59:10 | INFO | my_functions.py:133 | Haciendo click en la posición (678, 972)
2026-08-10 19:59:10 | INFO | my_functions.py:270 | 🖱️ Click OK (En paralelo): next.PNG at (678, 972) delay=1s
2026-08-10 19:59:13 | INFO | my_functions.py:169 | Searching hyper_cube.png (timeout=5s)
2026-08-10 19:59:18 | INFO | my_functions.py:213 | 
⛔ Not found: hyper_cube.png after 5.03s region=(0, 0, 765, 1038) confidence=0.8
2026-08-10 19:59:18 | INFO | each_eight_hours copy 2.py:95 | Starting game loop 2
2026-08-10 19:59:18 | INFO | my_functions.py:248 | [DEBUG] Buscando en paralelo: ['play.PNG'] | timeout=20s | confidence=0.8
2026-08-10 19:59:22 | INFO | my_functions.py:133 | Haciendo click en la posición (384, 824)
2026-08-10 19:59:22 | INFO | my_functions.py:270 | 🖱️ Click OK (En paralelo): play.PNG at (384, 824) delay=3s
2026-08-10 19:59:27 | INFO | my_functions.py:169 | Searching failed_to_join_game_error.png (timeout=0s)
2026-08-10 19:59:27 | INFO | my_functions.py:213 | 
⛔ Not found: failed_to_join_game_error.png after 0.0s region=(0, 0, 765, 1038) confidence=0.8
2026-08-10 19:59:30 | INFO | my_functions.py:169 | Searching failed_to_join_game_error.png (timeout=0s)
2026-08-10 19:59:31 | INFO | my_functions.py:213 | 
⛔ Not found: failed_to_join_game_error.png after 0.0s region=(0, 0, 765, 1038) confidence=0.8
2026-08-10 19:59:34 | INFO | my_functions.py:169 | Searching failed_to_join_game_error.png (timeout=0s)
2026-08-10 19:59:34 | INFO | my_functions.py:213 | 
⛔ Not found: failed_to_join_game_error.png after 0.0s region=(0, 0, 765, 1038) confidence=0.8
2026-08-10 19:59:38 | INFO | my_functions.py:169 | Searching failed_to_join_game_error.png (timeout=0s)
2026-08-10 19:59:38 | INFO | my_functions.py:213 | 
⛔ Not found: failed_to_join_game_error.png after 0.0s region=(0, 0, 765, 1038) confidence=0.8
2026-08-10 19:59:42 | INFO | my_functions.py:169 | Searching failed_to_join_game_error.png (timeout=0s)
2026-08-10 19:59:42 | INFO | my_functions.py:213 | 
⛔ Not found: failed_to_join_game_error.png after 0.0s region=(0, 0, 765, 1038) confidence=0.8
2026-08-10 19:59:45 | INFO | my_functions.py:169 | Searching failed_to_join_game_error.png (timeout=0s)
2026-08-10 19:59:46 | INFO | my_functions.py:213 | 
⛔ Not found: failed_to_join_game_error.png after 0.0s region=(0, 0, 765, 1038) confidence=0.8
2026-08-10 19:59:47 | INFO | my_functions.py:199 | 
✅ Found: end_turn.PNG pos=(681, 945) time=0.65s confidence=0.8
2026-08-10 19:59:47 | INFO | my_functions.py:248 | [DEBUG] Buscando en paralelo: ['snap.PNG'] | timeout=0s | confidence=0.8
2026-08-10 19:59:49 | INFO | my_functions.py:133 | Haciendo click en la posición (386, 122)
2026-08-10 19:59:49 | INFO | my_functions.py:270 | 🖱️ Click OK (En paralelo): snap.PNG at (386, 122) delay=1s
2026-08-10 19:59:55 | INFO | my_functions.py:248 | [DEBUG] Buscando en paralelo: ['end_turn.PNG'] | timeout=0s | confidence=0.8
2026-08-10 19:59:57 | INFO | my_functions.py:133 | Haciendo click en la posición (682, 946)
2026-08-10 19:59:57 | INFO | my_functions.py:270 | 🖱️ Click OK (En paralelo): end_turn.PNG at (682, 946) delay=1s
2026-08-10 19:59:58 | INFO | each_eight_hours copy 2.py:108 | End turn executed
2026-08-10 20:00:00 | INFO | my_functions.py:169 | Searching failed_to_join_game_error.png (timeout=0s)
2026-08-10 20:00:00 | INFO | my_functions.py:213 | 
⛔ Not found: failed_to_join_game_error.png after 0.0s region=(0, 0, 765, 1038) confidence=0.8
2026-08-10 20:00:04 | INFO | my_functions.py:169 | Searching failed_to_join_game_error.png (timeout=0s)
2026-08-10 20:00:04 | INFO | my_functions.py:213 | 
⛔ Not found: failed_to_join_game_error.png after 0.0s region=(0, 0, 765, 1038) confidence=0.8
2026-08-10 20:00:07 | INFO | my_functions.py:169 | Searching failed_to_join_game_error.png (timeout=0s)
2026-08-10 20:00:08 | INFO | my_functions.py:213 | 
⛔ Not found: failed_to_join_game_error.png after 0.0s region=(0, 0, 765, 1038) confidence=0.8
2026-08-10 20:00:11 | INFO | my_functions.py:169 | Searching failed_to_join_game_error.png (timeout=0s)
2026-08-10 20:00:11 | INFO | my_functions.py:213 | 
⛔ Not found: failed_to_join_game_error.png after 0.0s region=(0, 0, 765, 1038) confidence=0.8
2026-08-10 20:00:15 | INFO | my_functions.py:169 | Searching failed_to_join_game_error.png (timeout=0s)
2026-08-10 20:00:15 | INFO | my_functions.py:213 | 
⛔ Not found: failed_to_join_game_error.png after 0.0s region=(0, 0, 765, 1038) confidence=0.8
2026-08-10 20:00:16 | INFO | my_functions.py:199 | 
✅ Found: end_turn.PNG pos=(681, 945) time=0.66s confidence=0.8
2026-08-10 20:00:16 | INFO | my_functions.py:248 | [DEBUG] Buscando en paralelo: ['snap.PNG'] | timeout=0s | confidence=0.8
2026-08-10 20:00:17 | INFO | my_functions.py:282 | [DEBUG] Click skipped, ninguna de las imágenes se encontró en el intento.
2026-08-10 20:00:23 | INFO | my_functions.py:248 | [DEBUG] Buscando en paralelo: ['end_turn.PNG'] | timeout=0s | confidence=0.8
2026-08-10 20:00:25 | INFO | my_functions.py:133 | Haciendo click en la posición (682, 945)
2026-08-10 20:00:25 | INFO | my_functions.py:270 | 🖱️ Click OK (En paralelo): end_turn.PNG at (682, 945) delay=1s
2026-08-10 20:00:26 | INFO | each_eight_hours copy 2.py:108 | End turn executed
2026-08-10 20:00:28 | INFO | my_functions.py:169 | Searching failed_to_join_game_error.png (timeout=0s)
2026-08-10 20:00:29 | INFO | my_functions.py:213 | 
⛔ Not found: failed_to_join_game_error.png after 0.0s region=(0, 0, 765, 1038) confidence=0.8
2026-08-10 20:00:32 | INFO | my_functions.py:169 | Searching failed_to_join_game_error.png (timeout=0s)
2026-08-10 20:00:32 | INFO | my_functions.py:213 | 
⛔ Not found: failed_to_join_game_error.png after 0.0s region=(0, 0, 765, 1038) confidence=0.8
2026-08-10 20:00:35 | INFO | my_functions.py:169 | Searching failed_to_join_game_error.png (timeout=0s)
2026-08-10 20:00:36 | INFO | my_functions.py:213 | 
⛔ Not found: failed_to_join_game_error.png after 0.0s region=(0, 0, 765, 1038) confidence=0.8
2026-08-10 20:00:39 | INFO | my_functions.py:169 | Searching failed_to_join_game_error.png (timeout=0s)
2026-08-10 20:00:40 | INFO | my_functions.py:213 | 
⛔ Not found: failed_to_join_game_error.png after 0.0s region=(0, 0, 765, 1038) confidence=0.8
2026-08-10 20:00:43 | INFO | my_functions.py:169 | Searching failed_to_join_game_error.png (timeout=0s)
2026-08-10 20:00:43 | INFO | my_functions.py:213 | 
⛔ Not found: failed_to_join_game_error.png after 0.0s region=(0, 0, 765, 1038) confidence=0.8
2026-08-10 20:00:47 | INFO | my_functions.py:169 | Searching failed_to_join_game_error.png (timeout=0s)
2026-08-10 20:00:47 | INFO | my_functions.py:213 | 
⛔ Not found: failed_to_join_game_error.png after 0.0s region=(0, 0, 765, 1038) confidence=0.8
2026-08-10 20:00:49 | INFO | my_functions.py:199 | 
✅ Found: end_turn.PNG pos=(681, 945) time=0.76s confidence=0.8
2026-08-10 20:00:49 | INFO | my_functions.py:248 | [DEBUG] Buscando en paralelo: ['snap.PNG'] | timeout=0s | confidence=0.8
2026-08-10 20:00:50 | INFO | my_functions.py:282 | [DEBUG] Click skipped, ninguna de las imágenes se encontró en el intento.
2026-08-10 20:00:56 | INFO | my_functions.py:248 | [DEBUG] Buscando en paralelo: ['end_turn.PNG'] | timeout=0s | confidence=0.8
2026-08-10 20:00:57 | INFO | my_functions.py:133 | Haciendo click en la posición (682, 946)
2026-08-10 20:00:58 | INFO | my_functions.py:270 | 🖱️ Click OK (En paralelo): end_turn.PNG at (682, 946) delay=1s
2026-08-10 20:00:59 | INFO | each_eight_hours copy 2.py:108 | End turn executed
2026-08-10 20:01:01 | INFO | my_functions.py:169 | Searching failed_to_join_game_error.png (timeout=0s)
2026-08-10 20:01:01 | INFO | my_functions.py:213 | 
⛔ Not found: failed_to_join_game_error.png after 0.0s region=(0, 0, 765, 1038) confidence=0.8
2026-08-10 20:01:04 | INFO | my_functions.py:169 | Searching failed_to_join_game_error.png (timeout=0s)
2026-08-10 20:01:05 | INFO | my_functions.py:213 | 
⛔ Not found: failed_to_join_game_error.png after 0.0s region=(0, 0, 765, 1038) confidence=0.8
2026-08-10 20:01:08 | INFO | my_functions.py:169 | Searching failed_to_join_game_error.png (timeout=0s)
2026-08-10 20:01:09 | INFO | my_functions.py:213 | 
⛔ Not found: failed_to_join_game_error.png after 0.0s region=(0, 0, 765, 1038) confidence=0.8
2026-08-10 20:01:12 | INFO | my_functions.py:169 | Searching failed_to_join_game_error.png (timeout=0s)
2026-08-10 20:01:12 | INFO | my_functions.py:213 | 
⛔ Not found: failed_to_join_game_error.png after 0.0s region=(0, 0, 765, 1038) confidence=0.8
2026-08-10 20:01:16 | INFO | my_functions.py:169 | Searching failed_to_join_game_error.png (timeout=0s)
2026-08-10 20:01:16 | INFO | my_functions.py:213 | 
⛔ Not found: failed_to_join_game_error.png after 0.0s region=(0, 0, 765, 1038) confidence=0.8
2026-08-10 20:01:18 | INFO | my_functions.py:199 | 
✅ Found: end_turn.PNG pos=(681, 945) time=0.81s confidence=0.8
2026-08-10 20:01:18 | INFO | my_functions.py:248 | [DEBUG] Buscando en paralelo: ['snap.PNG'] | timeout=0s | confidence=0.8
2026-08-10 20:01:19 | INFO | my_functions.py:282 | [DEBUG] Click skipped, ninguna de las imágenes se encontró en el intento.
2026-08-10 20:01:25 | INFO | my_functions.py:248 | [DEBUG] Buscando en paralelo: ['end_turn.PNG'] | timeout=0s | confidence=0.8
2026-08-10 20:01:27 | INFO | my_functions.py:133 | Haciendo click en la posición (682, 945)
2026-08-10 20:01:27 | INFO | my_functions.py:270 | 🖱️ Click OK (En paralelo): end_turn.PNG at (682, 945) delay=1s
2026-08-10 20:01:28 | INFO | each_eight_hours copy 2.py:108 | End turn executed
2026-08-10 20:01:30 | INFO | my_functions.py:169 | Searching failed_to_join_game_error.png (timeout=0s)
2026-08-10 20:01:31 | INFO | my_functions.py:213 | 
⛔ Not found: failed_to_join_game_error.png after 0.0s region=(0, 0, 765, 1038) confidence=0.8
2026-08-10 20:01:34 | INFO | my_functions.py:169 | Searching failed_to_join_game_error.png (timeout=0s)
2026-08-10 20:01:34 | INFO | my_functions.py:213 | 
⛔ Not found: failed_to_join_game_error.png after 0.0s region=(0, 0, 765, 1038) confidence=0.8
2026-08-10 20:01:37 | INFO | my_functions.py:169 | Searching failed_to_join_game_error.png (timeout=0s)
2026-08-10 20:01:38 | INFO | my_functions.py:213 | 
⛔ Not found: failed_to_join_game_error.png after 0.0s region=(0, 0, 765, 1038) confidence=0.8
2026-08-10 20:01:41 | INFO | my_functions.py:169 | Searching failed_to_join_game_error.png (timeout=0s)
2026-08-10 20:01:42 | INFO | my_functions.py:213 | 
⛔ Not found: failed_to_join_game_error.png after 0.0s region=(0, 0, 765, 1038) confidence=0.8
2026-08-10 20:01:45 | INFO | my_functions.py:169 | Searching failed_to_join_game_error.png (timeout=0s)
2026-08-10 20:01:45 | INFO | my_functions.py:213 | 
⛔ Not found: failed_to_join_game_error.png after 0.0s region=(0, 0, 765, 1038) confidence=0.8
2026-08-10 20:01:49 | INFO | my_functions.py:169 | Searching failed_to_join_game_error.png (timeout=0s)
2026-08-10 20:01:49 | INFO | my_functions.py:213 | 
⛔ Not found: failed_to_join_game_error.png after 0.0s region=(0, 0, 765, 1038) confidence=0.8
2026-08-10 20:01:52 | INFO | my_functions.py:169 | Searching failed_to_join_game_error.png (timeout=0s)
2026-08-10 20:01:53 | INFO | my_functions.py:213 | 
⛔ Not found: failed_to_join_game_error.png after 0.0s region=(0, 0, 765, 1038) confidence=0.8
2026-08-10 20:01:54 | INFO | my_functions.py:199 | 
✅ Found: end_turn.PNG pos=(681, 945) time=0.67s confidence=0.8
2026-08-10 20:01:54 | INFO | my_functions.py:248 | [DEBUG] Buscando en paralelo: ['snap.PNG'] | timeout=0s | confidence=0.8
2026-08-10 20:01:55 | INFO | my_functions.py:282 | [DEBUG] Click skipped, ninguna de las imágenes se encontró en el intento.
2026-08-10 20:02:01 | INFO | my_functions.py:248 | [DEBUG] Buscando en paralelo: ['end_turn.PNG'] | timeout=0s | confidence=0.8
2026-08-10 20:02:03 | INFO | my_functions.py:133 | Haciendo click en la posición (682, 945)
2026-08-10 20:02:03 | INFO | my_functions.py:270 | 🖱️ Click OK (En paralelo): end_turn.PNG at (682, 945) delay=1s
2026-08-10 20:02:04 | INFO | each_eight_hours copy 2.py:108 | End turn executed
2026-08-10 20:02:06 | INFO | my_functions.py:169 | Searching failed_to_join_game_error.png (timeout=0s)
2026-08-10 20:02:07 | INFO | my_functions.py:213 | 
⛔ Not found: failed_to_join_game_error.png after 0.0s region=(0, 0, 765, 1038) confidence=0.8
2026-08-10 20:02:10 | INFO | my_functions.py:169 | Searching failed_to_join_game_error.png (timeout=0s)
2026-08-10 20:02:10 | INFO | my_functions.py:213 | 
⛔ Not found: failed_to_join_game_error.png after 0.0s region=(0, 0, 765, 1038) confidence=0.8
2026-08-10 20:02:13 | INFO | my_functions.py:169 | Searching failed_to_join_game_error.png (timeout=0s)
2026-08-10 20:02:14 | INFO | my_functions.py:213 | 
⛔ Not found: failed_to_join_game_error.png after 0.0s region=(0, 0, 765, 1038) confidence=0.8
2026-08-10 20:02:17 | INFO | my_functions.py:169 | Searching failed_to_join_game_error.png (timeout=0s)
2026-08-10 20:02:18 | INFO | my_functions.py:213 | 
⛔ Not found: failed_to_join_game_error.png after 0.0s region=(0, 0, 765, 1038) confidence=0.8
2026-08-10 20:02:21 | INFO | my_functions.py:169 | Searching failed_to_join_game_error.png (timeout=0s)
2026-08-10 20:02:21 | INFO | my_functions.py:213 | 
⛔ Not found: failed_to_join_game_error.png after 0.0s region=(0, 0, 765, 1038) confidence=0.8
2026-08-10 20:02:24 | INFO | my_functions.py:169 | Searching failed_to_join_game_error.png (timeout=0s)
2026-08-10 20:02:25 | INFO | my_functions.py:213 | 
⛔ Not found: failed_to_join_game_error.png after 0.0s region=(0, 0, 765, 1038) confidence=0.8
2026-08-10 20:02:28 | INFO | my_functions.py:169 | Searching failed_to_join_game_error.png (timeout=0s)
2026-08-10 20:02:29 | INFO | my_functions.py:213 | 
⛔ Not found: failed_to_join_game_error.png after 0.0s region=(0, 0, 765, 1038) confidence=0.8
2026-08-10 20:02:32 | INFO | my_functions.py:169 | Searching failed_to_join_game_error.png (timeout=0s)
2026-08-10 20:02:32 | INFO | my_functions.py:213 | 
⛔ Not found: failed_to_join_game_error.png after 0.0s region=(0, 0, 765, 1038) confidence=0.8
2026-08-10 20:02:36 | INFO | my_functions.py:169 | Searching failed_to_join_game_error.png (timeout=0s)
2026-08-10 20:02:36 | INFO | my_functions.py:213 | 
⛔ Not found: failed_to_join_game_error.png after 0.0s region=(0, 0, 765, 1038) confidence=0.8
2026-08-10 20:02:37 | INFO | my_functions.py:199 | 
✅ Found: end_turn.PNG pos=(681, 945) time=0.66s confidence=0.8
2026-08-10 20:02:37 | INFO | my_functions.py:248 | [DEBUG] Buscando en paralelo: ['snap.PNG'] | timeout=0s | confidence=0.8
2026-08-10 20:02:38 | INFO | my_functions.py:282 | [DEBUG] Click skipped, ninguna de las imágenes se encontró en el intento.
2026-08-10 20:02:44 | INFO | my_functions.py:248 | [DEBUG] Buscando en paralelo: ['end_turn.PNG'] | timeout=0s | confidence=0.8
2026-08-10 20:02:46 | INFO | my_functions.py:133 | Haciendo click en la posición (682, 945)
2026-08-10 20:02:46 | INFO | my_functions.py:270 | 🖱️ Click OK (En paralelo): end_turn.PNG at (682, 945) delay=1s
2026-08-10 20:02:47 | INFO | each_eight_hours copy 2.py:108 | End turn executed
2026-08-10 20:02:49 | INFO | my_functions.py:169 | Searching failed_to_join_game_error.png (timeout=0s)
2026-08-10 20:02:50 | INFO | my_functions.py:213 | 
⛔ Not found: failed_to_join_game_error.png after 0.0s region=(0, 0, 765, 1038) confidence=0.8
2026-08-10 20:02:53 | INFO | my_functions.py:169 | Searching failed_to_join_game_error.png (timeout=0s)
2026-08-10 20:02:53 | INFO | my_functions.py:213 | 
⛔ Not found: failed_to_join_game_error.png after 0.0s region=(0, 0, 765, 1038) confidence=0.8
2026-08-10 20:02:57 | INFO | my_functions.py:169 | Searching failed_to_join_game_error.png (timeout=0s)
2026-08-10 20:02:57 | INFO | my_functions.py:213 | 
⛔ Not found: failed_to_join_game_error.png after 0.0s region=(0, 0, 765, 1038) confidence=0.8
2026-08-10 20:03:00 | INFO | my_functions.py:169 | Searching failed_to_join_game_error.png (timeout=0s)
2026-08-10 20:03:01 | INFO | my_functions.py:213 | 
⛔ Not found: failed_to_join_game_error.png after 0.0s region=(0, 0, 765, 1038) confidence=0.8
2026-08-10 20:03:04 | INFO | my_functions.py:169 | Searching failed_to_join_game_error.png (timeout=0s)
2026-08-10 20:03:05 | INFO | my_functions.py:213 | 
⛔ Not found: failed_to_join_game_error.png after 0.0s region=(0, 0, 765, 1038) confidence=0.8
2026-08-10 20:03:08 | INFO | my_functions.py:169 | Searching failed_to_join_game_error.png (timeout=0s)
2026-08-10 20:03:08 | INFO | my_functions.py:213 | 
⛔ Not found: failed_to_join_game_error.png after 0.0s region=(0, 0, 765, 1038) confidence=0.8
2026-08-10 20:03:10 | INFO | my_functions.py:199 | 
✅ Found: end_turn.PNG pos=(681, 945) time=0.66s confidence=0.8
2026-08-10 20:03:10 | INFO | my_functions.py:248 | [DEBUG] Buscando en paralelo: ['snap.PNG'] | timeout=0s | confidence=0.8
2026-08-10 20:03:11 | INFO | my_functions.py:282 | [DEBUG] Click skipped, ninguna de las imágenes se encontró en el intento.
2026-08-10 20:03:17 | INFO | my_functions.py:248 | [DEBUG] Buscando en paralelo: ['end_turn.PNG'] | timeout=0s | confidence=0.8
2026-08-10 20:03:18 | INFO | my_functions.py:133 | Haciendo click en la posición (682, 945)
2026-08-10 20:03:19 | INFO | my_functions.py:270 | 🖱️ Click OK (En paralelo): end_turn.PNG at (682, 945) delay=1s
2026-08-10 20:03:20 | INFO | each_eight_hours copy 2.py:108 | End turn executed
2026-08-10 20:03:21 | INFO | my_functions.py:169 | Searching failed_to_join_game_error.png (timeout=0s)
2026-08-10 20:03:22 | INFO | my_functions.py:213 | 
⛔ Not found: failed_to_join_game_error.png after 0.0s region=(0, 0, 765, 1038) confidence=0.8
2026-08-10 20:03:25 | INFO | my_functions.py:169 | Searching failed_to_join_game_error.png (timeout=0s)
2026-08-10 20:03:26 | INFO | my_functions.py:213 | 
⛔ Not found: failed_to_join_game_error.png after 0.0s region=(0, 0, 765, 1038) confidence=0.8
2026-08-10 20:03:29 | INFO | my_functions.py:169 | Searching failed_to_join_game_error.png (timeout=0s)
2026-08-10 20:03:29 | INFO | my_functions.py:213 | 
⛔ Not found: failed_to_join_game_error.png after 0.0s region=(0, 0, 765, 1038) confidence=0.8
2026-08-10 20:03:33 | INFO | my_functions.py:169 | Searching failed_to_join_game_error.png (timeout=0s)
2026-08-10 20:03:33 | INFO | my_functions.py:213 | 
⛔ Not found: failed_to_join_game_error.png after 0.0s region=(0, 0, 765, 1038) confidence=0.8
2026-08-10 20:03:36 | INFO | my_functions.py:169 | Searching failed_to_join_game_error.png (timeout=0s)
2026-08-10 20:03:37 | INFO | my_functions.py:213 | 
⛔ Not found: failed_to_join_game_error.png after 0.0s region=(0, 0, 765, 1038) confidence=0.8
2026-08-10 20:03:40 | INFO | my_functions.py:169 | Searching failed_to_join_game_error.png (timeout=0s)
2026-08-10 20:03:41 | INFO | my_functions.py:213 | 
⛔ Not found: failed_to_join_game_error.png after 0.0s region=(0, 0, 765, 1038) confidence=0.8
2026-08-10 20:03:44 | INFO | my_functions.py:169 | Searching failed_to_join_game_error.png (timeout=0s)
2026-08-10 20:03:45 | INFO | my_functions.py:213 | 
⛔ Not found: failed_to_join_game_error.png after 0.0s region=(0, 0, 765, 1038) confidence=0.8
2026-08-10 20:03:48 | INFO | my_functions.py:169 | Searching failed_to_join_game_error.png (timeout=0s)
2026-08-10 20:03:48 | INFO | my_functions.py:213 | 
⛔ Not found: failed_to_join_game_error.png after 0.0s region=(0, 0, 765, 1038) confidence=0.8
2026-08-10 20:03:49 | INFO | my_functions.py:199 | 
✅ Found: collect_rewards.PNG pos=(679, 957) time=0.79s confidence=0.8
2026-08-10 20:03:49 | INFO | each_eight_hours copy 2.py:138 | Rewards detected, exiting match. Game duration: 270.66 s
2026-08-10 20:03:49 | INFO | my_functions.py:248 | [DEBUG] Buscando en paralelo: ['collect_rewards.PNG'] | timeout=20s | confidence=0.8
2026-08-10 20:03:51 | INFO | my_functions.py:133 | Haciendo click en la posición (679, 957)
2026-08-10 20:03:51 | INFO | my_functions.py:270 | 🖱️ Click OK (En paralelo): collect_rewards.PNG at (679, 957) delay=1s
2026-08-10 20:03:52 | INFO | my_functions.py:248 | [DEBUG] Buscando en paralelo: ['next.PNG'] | timeout=20s | confidence=0.8
2026-08-10 20:03:58 | INFO | my_functions.py:133 | Haciendo click en la posición (677, 973)
2026-08-10 20:03:58 | INFO | my_functions.py:270 | 🖱️ Click OK (En paralelo): next.PNG at (677, 973) delay=1s
2026-08-10 20:04:01 | INFO | my_functions.py:169 | Searching hyper_cube.png (timeout=5s)
2026-08-10 20:04:07 | INFO | my_functions.py:213 | 
⛔ Not found: hyper_cube.png after 5.37s region=(0, 0, 765, 1038) confidence=0.8
2026-08-10 20:04:07 | INFO | each_eight_hours copy 2.py:95 | Starting game loop 3
2026-08-10 20:04:07 | INFO | my_functions.py:248 | [DEBUG] Buscando en paralelo: ['play.PNG'] | timeout=20s | confidence=0.8
2026-08-10 20:04:10 | INFO | my_functions.py:133 | Haciendo click en la posición (384, 824)
2026-08-10 20:04:11 | INFO | my_functions.py:270 | 🖱️ Click OK (En paralelo): play.PNG at (384, 824) delay=3s
2026-08-10 20:04:15 | INFO | my_functions.py:169 | Searching failed_to_join_game_error.png (timeout=0s)
2026-08-10 20:04:16 | INFO | my_functions.py:213 | 
⛔ Not found: failed_to_join_game_error.png after 0.0s region=(0, 0, 765, 1038) confidence=0.8
2026-08-10 20:04:19 | INFO | my_functions.py:169 | Searching failed_to_join_game_error.png (timeout=0s)
2026-08-10 20:04:20 | INFO | my_functions.py:213 | 
⛔ Not found: failed_to_join_game_error.png after 0.0s region=(0, 0, 765, 1038) confidence=0.8
2026-08-10 20:04:23 | INFO | my_functions.py:169 | Searching failed_to_join_game_error.png (timeout=0s)
2026-08-10 20:04:23 | INFO | my_functions.py:213 | 
⛔ Not found: failed_to_join_game_error.png after 0.0s region=(0, 0, 765, 1038) confidence=0.8
2026-08-10 20:04:25 | INFO | my_functions.py:199 | 
✅ Found: end_turn.PNG pos=(681, 945) time=0.65s confidence=0.8
2026-08-10 20:04:25 | INFO | my_functions.py:248 | [DEBUG] Buscando en paralelo: ['snap.PNG'] | timeout=0s | confidence=0.8
2026-08-10 20:04:26 | INFO | my_functions.py:133 | Haciendo click en la posición (386, 122)
2026-08-10 20:04:27 | INFO | my_functions.py:270 | 🖱️ Click OK (En paralelo): snap.PNG at (386, 122) delay=1s
2026-08-10 20:04:33 | INFO | my_functions.py:248 | [DEBUG] Buscando en paralelo: ['end_turn.PNG'] | timeout=0s | confidence=0.8
2026-08-10 20:04:35 | INFO | my_functions.py:133 | Haciendo click en la posición (682, 946)
2026-08-10 20:04:35 | INFO | my_functions.py:270 | 🖱️ Click OK (En paralelo): end_turn.PNG at (682, 946) delay=1s
2026-08-10 20:04:36 | INFO | each_eight_hours copy 2.py:108 | End turn executed
2026-08-10 20:04:38 | INFO | my_functions.py:169 | Searching failed_to_join_game_error.png (timeout=0s)
2026-08-10 20:04:38 | INFO | my_functions.py:213 | 
⛔ Not found: failed_to_join_game_error.png after 0.0s region=(0, 0, 765, 1038) confidence=0.8
2026-08-10 20:04:41 | INFO | my_functions.py:169 | Searching failed_to_join_game_error.png (timeout=0s)
2026-08-10 20:04:42 | INFO | my_functions.py:213 | 
⛔ Not found: failed_to_join_game_error.png after 0.49s region=(0, 0, 765, 1038) confidence=0.8
2026-08-10 20:04:45 | INFO | my_functions.py:169 | Searching failed_to_join_game_error.png (timeout=0s)
2026-08-10 20:04:46 | INFO | my_functions.py:213 | 
⛔ Not found: failed_to_join_game_error.png after 0.0s region=(0, 0, 765, 1038) confidence=0.8
2026-08-10 20:04:49 | INFO | my_functions.py:169 | Searching failed_to_join_game_error.png (timeout=0s)
2026-08-10 20:04:49 | INFO | my_functions.py:213 | 
⛔ Not found: failed_to_join_game_error.png after 0.0s region=(0, 0, 765, 1038) confidence=0.8
2026-08-10 20:04:51 | INFO | my_functions.py:199 | 
✅ Found: end_turn.PNG pos=(681, 945) time=0.7s confidence=0.8
2026-08-10 20:04:51 | INFO | my_functions.py:248 | [DEBUG] Buscando en paralelo: ['snap.PNG'] | timeout=0s | confidence=0.8
2026-08-10 20:04:52 | INFO | my_functions.py:282 | [DEBUG] Click skipped, ninguna de las imágenes se encontró en el intento.
2026-08-10 20:04:58 | INFO | my_functions.py:248 | [DEBUG] Buscando en paralelo: ['end_turn.PNG'] | timeout=0s | confidence=0.8
2026-08-10 20:05:00 | INFO | my_functions.py:133 | Haciendo click en la posición (682, 945)
2026-08-10 20:05:00 | INFO | my_functions.py:270 | 🖱️ Click OK (En paralelo): end_turn.PNG at (682, 945) delay=1s
2026-08-10 20:05:01 | INFO | each_eight_hours copy 2.py:108 | End turn executed
2026-08-10 20:05:03 | INFO | my_functions.py:169 | Searching failed_to_join_game_error.png (timeout=0s)
2026-08-10 20:05:03 | INFO | my_functions.py:213 | 
⛔ Not found: failed_to_join_game_error.png after 0.0s region=(0, 0, 765, 1038) confidence=0.8
2026-08-10 20:05:06 | INFO | my_functions.py:169 | Searching failed_to_join_game_error.png (timeout=0s)
2026-08-10 20:05:07 | INFO | my_functions.py:213 | 
⛔ Not found: failed_to_join_game_error.png after 0.0s region=(0, 0, 765, 1038) confidence=0.8
2026-08-10 20:05:10 | INFO | my_functions.py:169 | Searching failed_to_join_game_error.png (timeout=0s)
2026-08-10 20:05:11 | INFO | my_functions.py:213 | 
⛔ Not found: failed_to_join_game_error.png after 0.0s region=(0, 0, 765, 1038) confidence=0.8
2026-08-10 20:05:12 | INFO | my_functions.py:199 | 
✅ Found: end_turn.PNG pos=(681, 945) time=0.67s confidence=0.8
2026-08-10 20:05:12 | INFO | my_functions.py:248 | [DEBUG] Buscando en paralelo: ['snap.PNG'] | timeout=0s | confidence=0.8
2026-08-10 20:05:13 | INFO | my_functions.py:282 | [DEBUG] Click skipped, ninguna de las imágenes se encontró en el intento.
2026-08-10 20:05:19 | INFO | my_functions.py:248 | [DEBUG] Buscando en paralelo: ['end_turn.PNG'] | timeout=0s | confidence=0.8
2026-08-10 20:05:21 | INFO | my_functions.py:133 | Haciendo click en la posición (682, 945)
2026-08-10 20:05:21 | INFO | my_functions.py:270 | 🖱️ Click OK (En paralelo): end_turn.PNG at (682, 945) delay=1s
2026-08-10 20:05:22 | INFO | each_eight_hours copy 2.py:108 | End turn executed
2026-08-10 20:05:24 | INFO | my_functions.py:169 | Searching failed_to_join_game_error.png (timeout=0s)
2026-08-10 20:05:24 | INFO | my_functions.py:213 | 
⛔ Not found: failed_to_join_game_error.png after 0.0s region=(0, 0, 765, 1038) confidence=0.8
2026-08-10 20:05:28 | INFO | my_functions.py:169 | Searching failed_to_join_game_error.png (timeout=0s)
2026-08-10 20:05:28 | INFO | my_functions.py:213 | 
⛔ Not found: failed_to_join_game_error.png after 0.0s region=(0, 0, 765, 1038) confidence=0.8
2026-08-10 20:05:31 | INFO | my_functions.py:169 | Searching failed_to_join_game_error.png (timeout=0s)
2026-08-10 20:05:32 | INFO | my_functions.py:213 | 
⛔ Not found: failed_to_join_game_error.png after 0.0s region=(0, 0, 765, 1038) confidence=0.8
2026-08-10 20:05:33 | INFO | my_functions.py:199 | 
✅ Found: end_turn.PNG pos=(681, 945) time=0.65s confidence=0.8
2026-08-10 20:05:33 | INFO | my_functions.py:248 | [DEBUG] Buscando en paralelo: ['snap.PNG'] | timeout=0s | confidence=0.8
2026-08-10 20:05:34 | INFO | my_functions.py:282 | [DEBUG] Click skipped, ninguna de las imágenes se encontró en el intento.
2026-08-10 20:05:40 | INFO | my_functions.py:248 | [DEBUG] Buscando en paralelo: ['end_turn.PNG'] | timeout=0s | confidence=0.8
2026-08-10 20:05:42 | INFO | my_functions.py:133 | Haciendo click en la posición (682, 945)
2026-08-10 20:05:42 | INFO | my_functions.py:270 | 🖱️ Click OK (En paralelo): end_turn.PNG at (682, 945) delay=1s
2026-08-10 20:05:43 | INFO | each_eight_hours copy 2.py:108 | End turn executed
2026-08-10 20:05:45 | INFO | my_functions.py:169 | Searching failed_to_join_game_error.png (timeout=0s)
2026-08-10 20:05:46 | INFO | my_functions.py:213 | 
⛔ Not found: failed_to_join_game_error.png after 0.0s region=(0, 0, 765, 1038) confidence=0.8
2026-08-10 20:05:49 | INFO | my_functions.py:169 | Searching failed_to_join_game_error.png (timeout=0s)
2026-08-10 20:05:49 | INFO | my_functions.py:213 | 
⛔ Not found: failed_to_join_game_error.png after 0.0s region=(0, 0, 765, 1038) confidence=0.8
2026-08-10 20:05:53 | INFO | my_functions.py:169 | Searching failed_to_join_game_error.png (timeout=0s)
2026-08-10 20:05:54 | INFO | my_functions.py:213 | 
⛔ Not found: failed_to_join_game_error.png after 0.49s region=(0, 0, 765, 1038) confidence=0.8
2026-08-10 20:05:55 | INFO | my_functions.py:199 | 
✅ Found: end_turn.PNG pos=(681, 945) time=0.68s confidence=0.8
2026-08-10 20:05:55 | INFO | my_functions.py:248 | [DEBUG] Buscando en paralelo: ['snap.PNG'] | timeout=0s | confidence=0.8
2026-08-10 20:05:56 | INFO | my_functions.py:282 | [DEBUG] Click skipped, ninguna de las imágenes se encontró en el intento.
2026-08-10 20:06:02 | INFO | my_functions.py:248 | [DEBUG] Buscando en paralelo: ['end_turn.PNG'] | timeout=0s | confidence=0.8
2026-08-10 20:06:04 | INFO | my_functions.py:133 | Haciendo click en la posición (682, 945)
2026-08-10 20:06:04 | INFO | my_functions.py:270 | 🖱️ Click OK (En paralelo): end_turn.PNG at (682, 945) delay=1s
2026-08-10 20:06:05 | INFO | each_eight_hours copy 2.py:108 | End turn executed
2026-08-10 20:06:07 | INFO | my_functions.py:169 | Searching failed_to_join_game_error.png (timeout=0s)
2026-08-10 20:06:07 | INFO | my_functions.py:213 | 
⛔ Not found: failed_to_join_game_error.png after 0.0s region=(0, 0, 765, 1038) confidence=0.8
2026-08-10 20:06:11 | INFO | my_functions.py:169 | Searching failed_to_join_game_error.png (timeout=0s)
2026-08-10 20:06:11 | INFO | my_functions.py:213 | 
⛔ Not found: failed_to_join_game_error.png after 0.0s region=(0, 0, 765, 1038) confidence=0.8
2026-08-10 20:06:14 | INFO | my_functions.py:169 | Searching failed_to_join_game_error.png (timeout=0s)
2026-08-10 20:06:15 | INFO | my_functions.py:213 | 
⛔ Not found: failed_to_join_game_error.png after 0.0s region=(0, 0, 765, 1038) confidence=0.8
2026-08-10 20:06:18 | INFO | my_functions.py:169 | Searching failed_to_join_game_error.png (timeout=0s)
2026-08-10 20:06:19 | INFO | my_functions.py:213 | 
⛔ Not found: failed_to_join_game_error.png after 0.0s region=(0, 0, 765, 1038) confidence=0.8
2026-08-10 20:06:20 | INFO | my_functions.py:199 | 
✅ Found: end_turn.PNG pos=(681, 945) time=0.67s confidence=0.8
2026-08-10 20:06:20 | INFO | my_functions.py:248 | [DEBUG] Buscando en paralelo: ['snap.PNG'] | timeout=0s | confidence=0.8
2026-08-10 20:06:21 | INFO | my_functions.py:282 | [DEBUG] Click skipped, ninguna de las imágenes se encontró en el intento.
2026-08-10 20:06:27 | INFO | my_functions.py:248 | [DEBUG] Buscando en paralelo: ['end_turn.PNG'] | timeout=0s | confidence=0.8
2026-08-10 20:06:29 | INFO | my_functions.py:133 | Haciendo click en la posición (682, 945)
2026-08-10 20:06:29 | INFO | my_functions.py:270 | 🖱️ Click OK (En paralelo): end_turn.PNG at (682, 945) delay=1s
2026-08-10 20:06:30 | INFO | each_eight_hours copy 2.py:108 | End turn executed
2026-08-10 20:06:32 | INFO | my_functions.py:169 | Searching failed_to_join_game_error.png (timeout=0s)
2026-08-10 20:06:32 | INFO | my_functions.py:213 | 
⛔ Not found: failed_to_join_game_error.png after 0.0s region=(0, 0, 765, 1038) confidence=0.8
2026-08-10 20:06:35 | INFO | my_functions.py:169 | Searching failed_to_join_game_error.png (timeout=0s)
2026-08-10 20:06:36 | INFO | my_functions.py:213 | 
⛔ Not found: failed_to_join_game_error.png after 0.0s region=(0, 0, 765, 1038) confidence=0.8
2026-08-10 20:06:39 | INFO | my_functions.py:169 | Searching failed_to_join_game_error.png (timeout=0s)
2026-08-10 20:06:40 | INFO | my_functions.py:213 | 
⛔ Not found: failed_to_join_game_error.png after 0.0s region=(0, 0, 765, 1038) confidence=0.8
2026-08-10 20:06:43 | INFO | my_functions.py:169 | Searching failed_to_join_game_error.png (timeout=0s)
2026-08-10 20:06:43 | INFO | my_functions.py:213 | 
⛔ Not found: failed_to_join_game_error.png after 0.0s region=(0, 0, 765, 1038) confidence=0.8
2026-08-10 20:06:46 | INFO | my_functions.py:169 | Searching failed_to_join_game_error.png (timeout=0s)
2026-08-10 20:06:47 | INFO | my_functions.py:213 | 
⛔ Not found: failed_to_join_game_error.png after 0.0s region=(0, 0, 765, 1038) confidence=0.8
2026-08-10 20:06:48 | INFO | my_functions.py:199 | 
✅ Found: collect_rewards.PNG pos=(679, 957) time=0.78s confidence=0.8
2026-08-10 20:06:48 | INFO | each_eight_hours copy 2.py:138 | Rewards detected, exiting match. Game duration: 160.93 s
2026-08-10 20:06:48 | INFO | my_functions.py:248 | [DEBUG] Buscando en paralelo: ['collect_rewards.PNG'] | timeout=20s | confidence=0.8
2026-08-10 20:06:50 | INFO | my_functions.py:133 | Haciendo click en la posición (679, 957)
2026-08-10 20:06:50 | INFO | my_functions.py:270 | 🖱️ Click OK (En paralelo): collect_rewards.PNG at (679, 957) delay=1s
2026-08-10 20:06:51 | INFO | my_functions.py:248 | [DEBUG] Buscando en paralelo: ['next.PNG'] | timeout=20s | confidence=0.8
2026-08-10 20:06:58 | INFO | my_functions.py:133 | Haciendo click en la posición (677, 973)
2026-08-10 20:06:58 | INFO | my_functions.py:270 | 🖱️ Click OK (En paralelo): next.PNG at (677, 973) delay=1s
2026-08-10 20:07:01 | INFO | my_functions.py:169 | Searching hyper_cube.png (timeout=5s)
2026-08-10 20:07:07 | INFO | my_functions.py:213 | 
⛔ Not found: hyper_cube.png after 5.22s region=(0, 0, 765, 1038) confidence=0.8
2026-08-10 20:07:07 | INFO | my_functions.py:248 | [DEBUG] Buscando en paralelo: ['missionsNotify2.png'] | timeout=20s | confidence=0.8
2026-08-10 20:07:10 | INFO | my_functions.py:133 | Haciendo click en la posición (538, 124)
2026-08-10 20:07:11 | INFO | my_functions.py:270 | 🖱️ Click OK (En paralelo): missionsNotify2.png at (538, 124) delay=3s
2026-08-10 20:07:12 | INFO | my_functions.py:1494 | [INFO] Iniciando click_missions_blue_2
2026-08-10 20:07:12 | INFO | my_functions.py:133 | Haciendo click en la posición (150, 132)
2026-08-10 20:07:13 | INFO | my_functions.py:1497 | [ACTION] Click hecho en icono de calendario que me dirige a las misiones ordinarias
2026-08-10 20:07:13 | INFO | my_functions.py:169 | Searching bonus_challenge.png (timeout=0s)
2026-08-10 20:07:13 | INFO | my_functions.py:213 | 
⛔ Not found: bonus_challenge.png after 0.0s region=(0, 0, 765, 1038) confidence=0.8
2026-08-10 20:07:13 | INFO | my_functions.py:1504 | [INFO] No se detectó bonus_challenge. Usando coordenada Y por defecto: 493
2026-08-10 20:07:13 | INFO | my_functions.py:1506 | [INFO] Esperando 2 segundos antes de iniciar clics...
2026-08-10 20:07:15 | INFO | my_functions.py:133 | Haciendo click en la posición (362, 493)
2026-08-10 20:07:17 | INFO | my_functions.py:1512 | [ACTION] Click 1/6 realizado en misión azul
2026-08-10 20:07:17 | INFO | my_functions.py:133 | Haciendo click en la posición (362, 493)
2026-08-10 20:07:18 | INFO | my_functions.py:1512 | [ACTION] Click 2/6 realizado en misión azul
2026-08-10 20:07:19 | INFO | my_functions.py:133 | Haciendo click en la posición (362, 493)
2026-08-10 20:07:20 | INFO | my_functions.py:1512 | [ACTION] Click 3/6 realizado en misión azul
2026-08-10 20:07:20 | INFO | my_functions.py:133 | Haciendo click en la posición (362, 493)
2026-08-10 20:07:22 | INFO | my_functions.py:1512 | [ACTION] Click 4/6 realizado en misión azul
2026-08-10 20:07:22 | INFO | my_functions.py:133 | Haciendo click en la posición (362, 493)
2026-08-10 20:07:23 | INFO | my_functions.py:1512 | [ACTION] Click 5/6 realizado en misión azul
2026-08-10 20:07:24 | INFO | my_functions.py:133 | Haciendo click en la posición (362, 493)
2026-08-10 20:07:25 | INFO | my_functions.py:1512 | [ACTION] Click 6/6 realizado en misión azul
2026-08-10 20:07:26 | INFO | my_functions.py:1516 | [CHECK] Verificando si apareció flechita_mission tras los 6 clicks
2026-08-10 20:07:26 | INFO | my_functions.py:169 | Searching flechita_mission.PNG (timeout=0s)
2026-08-10 20:07:26 | INFO | my_functions.py:213 | 
⛔ Not found: flechita_mission.PNG after 0.0s region=(0, 0, 765, 1038) confidence=0.8
2026-08-10 20:07:26 | INFO | my_functions.py:1521 | [INFO] No se detectó flechita_mission
2026-08-10 20:07:26 | INFO | my_functions.py:1523 | [INFO] Función click_blue_missions_2 terminada
2026-08-10 20:07:26 | INFO | my_functions.py:248 | [DEBUG] Buscando en paralelo: ['weekly3.PNG'] | timeout=0s | confidence=0.8
2026-08-10 20:07:27 | INFO | my_functions.py:133 | Haciendo click en la posición (485, 266)
2026-08-10 20:07:28 | INFO | my_functions.py:270 | 🖱️ Click OK (En paralelo): weekly3.PNG at (485, 266) delay=0.1s
2026-08-10 20:07:29 | INFO | my_functions.py:248 | [DEBUG] Buscando en paralelo: ['claim!.PNG'] | timeout=0s | confidence=0.8
2026-08-10 20:07:30 | INFO | my_functions.py:133 | Haciendo click en la posición (381, 924)
2026-08-10 20:07:30 | INFO | my_functions.py:270 | 🖱️ Click OK (En paralelo): claim!.PNG at (381, 924) delay=0.2s
2026-08-10 20:07:31 | INFO | my_functions.py:248 | [DEBUG] Buscando en paralelo: ['claim_hover.PNG'] | timeout=0s | confidence=0.8
2026-08-10 20:07:32 | INFO | my_functions.py:133 | Haciendo click en la posición (383, 921)
2026-08-10 20:07:32 | INFO | my_functions.py:270 | 🖱️ Click OK (En paralelo): claim_hover.PNG at (383, 921) delay=0.2s
2026-08-10 20:07:33 | INFO | my_functions.py:248 | [DEBUG] Buscando en paralelo: ['claim!.PNG'] | timeout=0s | confidence=0.8
2026-08-10 20:07:34 | INFO | my_functions.py:282 | [DEBUG] Click skipped, ninguna de las imágenes se encontró en el intento.
2026-08-10 20:07:35 | INFO | my_functions.py:248 | [DEBUG] Buscando en paralelo: ['claim_hover.PNG'] | timeout=0s | confidence=0.8
2026-08-10 20:07:36 | INFO | my_functions.py:133 | Haciendo click en la posición (383, 921)
2026-08-10 20:07:36 | INFO | my_functions.py:270 | 🖱️ Click OK (En paralelo): claim_hover.PNG at (383, 921) delay=0.2s
2026-08-10 20:07:37 | INFO | my_functions.py:248 | [DEBUG] Buscando en paralelo: ['weekly3.PNG'] | timeout=0s | confidence=0.8
2026-08-10 20:07:38 | INFO | my_functions.py:282 | [DEBUG] Click skipped, ninguna de las imágenes se encontró en el intento.
2026-08-10 20:07:39 | INFO | my_functions.py:248 | [DEBUG] Buscando en paralelo: ['weekly3.PNG'] | timeout=0s | confidence=0.8
2026-08-10 20:07:40 | INFO | my_functions.py:282 | [DEBUG] Click skipped, ninguna de las imágenes se encontró en el intento.
2026-08-10 20:07:41 | INFO | my_functions.py:133 | Haciendo click en la posición (557, 64)
2026-08-10 20:07:42 | INFO | my_functions.py:248 | [DEBUG] Buscando en paralelo: ['cards_shop.PNG'] | timeout=20s | confidence=0.8
2026-08-10 20:07:45 | INFO | my_functions.py:133 | Haciendo click en la posición (568, 121)
2026-08-10 20:07:45 | INFO | my_functions.py:270 | 🖱️ Click OK (En paralelo): cards_shop.PNG at (568, 121) delay=1s
2026-08-10 20:07:46 | INFO | my_functions.py:248 | [DEBUG] Buscando en paralelo: ['token_icon.PNG'] | timeout=20s | confidence=0.8
2026-08-10 20:07:48 | INFO | my_functions.py:133 | Haciendo click en la posición (531, 171)
2026-08-10 20:07:48 | INFO | my_functions.py:270 | 🖱️ Click OK (En paralelo): token_icon.PNG at (531, 171) delay=1s
2026-08-10 20:07:51 | INFO | my_functions.py:248 | [DEBUG] Buscando en paralelo: ['claim!_token_3.PNG'] | timeout=4s | confidence=0.8
2026-08-10 20:07:53 | INFO | my_functions.py:133 | Haciendo click en la posición (231, 573)
2026-08-10 20:07:53 | INFO | my_functions.py:270 | 🖱️ Click OK (En paralelo): claim!_token_3.PNG at (231, 573) delay=1s
2026-08-10 20:07:55 | INFO | my_functions.py:248 | [DEBUG] Buscando en paralelo: ['cards_shop.PNG'] | timeout=20s | confidence=0.8
2026-08-10 20:07:56 | INFO | my_functions.py:133 | Haciendo click en la posición (568, 122)
2026-08-10 20:07:57 | INFO | my_functions.py:270 | 🖱️ Click OK (En paralelo): cards_shop.PNG at (568, 122) delay=1s
2026-08-10 20:07:58 | INFO | my_functions.py:248 | [DEBUG] Buscando en paralelo: ['offers.PNG'] | timeout=20s | confidence=0.8
2026-08-10 20:08:00 | INFO | my_functions.py:133 | Haciendo click en la posición (197, 121)
2026-08-10 20:08:00 | INFO | my_functions.py:270 | 🖱️ Click OK (En paralelo): offers.PNG at (197, 121) delay=1s
2026-08-10 20:08:01 | INFO | my_functions.py:1350 | [INFO] Iniciando mejora de cartas
2026-08-10 20:08:01 | INFO | my_functions.py:248 | [DEBUG] Buscando en paralelo: ['upgrade_cards_icon.PNG'] | timeout=3s | confidence=0.8
2026-08-10 20:08:03 | INFO | my_functions.py:133 | Haciendo click en la posición (322, 170)
2026-08-10 20:08:03 | INFO | my_functions.py:270 | 🖱️ Click OK (En paralelo): upgrade_cards_icon.PNG at (322, 170) delay=1s
2026-08-10 20:08:04 | INFO | my_functions.py:1357 | [INFO] Abriendo icono de upgrade_cards
2026-08-10 20:08:05 | INFO | my_functions.py:1364 | [STEP] Mejorando carta 1
2026-08-10 20:08:05 | INFO | my_functions.py:1368 | [ACTION] Click en carta 1
2026-08-10 20:08:06 | INFO | my_functions.py:1373 | [ACTION] Click en botón upgrade
2026-08-10 20:08:13 | INFO | my_functions.py:169 | Searching aw_snap.png (timeout=3s)
2026-08-10 20:08:17 | INFO | my_functions.py:213 | 
⛔ Not found: aw_snap.png after 3.07s region=(0, 0, 765, 1038) confidence=0.8
2026-08-10 20:08:17 | INFO | my_functions.py:248 | [DEBUG] Buscando en paralelo: ['you_need_more_credits!.png'] | timeout=3s | confidence=0.8
2026-08-10 20:08:20 | INFO | my_functions.py:282 | [DEBUG] Click skipped, ninguna de las imágenes se encontró en el intento.
2026-08-10 20:08:27 | INFO | my_functions.py:1406 | [ACTION] Click para continuar a stage de nivel de coleccion
2026-08-10 20:08:32 | INFO | my_functions.py:141 | Presionando ESC (1/1)
2026-08-10 20:08:32 | INFO | my_functions.py:1414 | [ACTION] Saliendo de stage nivel de coleccion con ESC
2026-08-10 20:08:33 | INFO | my_functions.py:248 | [DEBUG] Buscando en paralelo: ['upgrade_cards_icon_selected.PNG'] | timeout=0s | confidence=0.8
2026-08-10 20:08:35 | INFO | my_functions.py:133 | Haciendo click en la posición (320, 173)
2026-08-10 20:08:35 | INFO | my_functions.py:270 | 🖱️ Click OK (En paralelo): upgrade_cards_icon_selected.PNG at (320, 173) delay=1s
2026-08-10 20:08:36 | INFO | my_functions.py:1426 | [INFO] Reabriendo icono de upgrade_cards
2026-08-10 20:08:37 | INFO | my_functions.py:1364 | [STEP] Mejorando carta 2
2026-08-10 20:08:38 | INFO | my_functions.py:1368 | [ACTION] Click en carta 2
2026-08-10 20:08:39 | INFO | my_functions.py:1373 | [ACTION] Click en botón upgrade
2026-08-10 20:08:46 | INFO | my_functions.py:169 | Searching aw_snap.png (timeout=3s)
2026-08-10 20:08:49 | INFO | my_functions.py:213 | 
⛔ Not found: aw_snap.png after 3.0s region=(0, 0, 765, 1038) confidence=0.8
2026-08-10 20:08:49 | INFO | my_functions.py:248 | [DEBUG] Buscando en paralelo: ['you_need_more_credits!.png'] | timeout=3s | confidence=0.8
2026-08-10 20:08:53 | INFO | my_functions.py:282 | [DEBUG] Click skipped, ninguna de las imágenes se encontró en el intento.
2026-08-10 20:08:59 | INFO | my_functions.py:1406 | [ACTION] Click para continuar a stage de nivel de coleccion
2026-08-10 20:09:04 | INFO | my_functions.py:141 | Presionando ESC (1/1)
2026-08-10 20:09:05 | INFO | my_functions.py:1414 | [ACTION] Saliendo de stage nivel de coleccion con ESC
2026-08-10 20:09:06 | INFO | my_functions.py:248 | [DEBUG] Buscando en paralelo: ['upgrade_cards_icon_selected.PNG'] | timeout=0s | confidence=0.8
2026-08-10 20:09:07 | INFO | my_functions.py:133 | Haciendo click en la posición (320, 173)
2026-08-10 20:09:08 | INFO | my_functions.py:270 | 🖱️ Click OK (En paralelo): upgrade_cards_icon_selected.PNG at (320, 173) delay=1s
2026-08-10 20:09:09 | INFO | my_functions.py:1426 | [INFO] Reabriendo icono de upgrade_cards
2026-08-10 20:09:10 | INFO | my_functions.py:1364 | [STEP] Mejorando carta 3
2026-08-10 20:09:10 | INFO | my_functions.py:1368 | [ACTION] Click en carta 3
2026-08-10 20:09:11 | INFO | my_functions.py:1373 | [ACTION] Click en botón upgrade
2026-08-10 20:09:18 | INFO | my_functions.py:169 | Searching aw_snap.png (timeout=3s)
2026-08-10 20:09:22 | INFO | my_functions.py:213 | 
⛔ Not found: aw_snap.png after 3.43s region=(0, 0, 765, 1038) confidence=0.8
2026-08-10 20:09:22 | INFO | my_functions.py:248 | [DEBUG] Buscando en paralelo: ['you_need_more_credits!.png'] | timeout=3s | confidence=0.8
2026-08-10 20:09:25 | INFO | my_functions.py:282 | [DEBUG] Click skipped, ninguna de las imágenes se encontró en el intento.
2026-08-10 20:09:31 | INFO | my_functions.py:1406 | [ACTION] Click para continuar a stage de nivel de coleccion
2026-08-10 20:09:36 | INFO | my_functions.py:141 | Presionando ESC (1/1)
2026-08-10 20:09:37 | INFO | my_functions.py:1414 | [ACTION] Saliendo de stage nivel de coleccion con ESC
2026-08-10 20:09:38 | INFO | my_functions.py:1432 | [INFO] Mejora de cartas completada ✅
2026-08-10 20:09:38 | INFO | my_functions.py:141 | Presionando ESC (1/1)
2026-08-10 20:09:39 | INFO | my_functions.py:248 | [DEBUG] Buscando en paralelo: ['white_x.png'] | timeout=2s | confidence=0.8
2026-08-10 20:09:41 | INFO | my_functions.py:282 | [DEBUG] Click skipped, ninguna de las imágenes se encontró en el intento.
2026-08-10 20:09:42 | INFO | each_eight_hours copy 2.py:37 | [20:09:42.793] [DEBUG] === INICIANDO FUNCIÓN collect_cl_rewards ===
2026-08-10 20:09:42 | INFO | each_eight_hours copy 2.py:37 | [20:09:42.797] [DEBUG] Haciendo click inicial en (387, 166)...
2026-08-10 20:09:42 | INFO | my_functions.py:133 | Haciendo click en la posición (387, 166)
2026-08-10 20:09:49 | INFO | each_eight_hours copy 2.py:37 | [20:09:49.135] [DEBUG] Se omitió el cambio de tamaño de ventanas (resize=False)
2026-08-10 20:09:49 | INFO | each_eight_hours copy 2.py:37 | [20:09:49.184] [DEBUG] Recompensas iniciales detectadas por la API: 5
2026-08-10 20:09:49 | INFO | each_eight_hours copy 2.py:37 | [20:09:49.188] [DEBUG] --------------------------------------------------
2026-08-10 20:09:49 | INFO | each_eight_hours copy 2.py:37 | [20:09:49.201] [DEBUG] Inicio de iteración. Recompensas restantes: 5
2026-08-10 20:09:49 | INFO | each_eight_hours copy 2.py:37 | [20:09:49.205] [DEBUG] Intentando hacer click en: (260, 580)
2026-08-10 20:09:50 | INFO | my_functions.py:169 | Searching claim!.PNG (timeout=3s)
2026-08-10 20:09:54 | INFO | my_functions.py:213 | 
⛔ Not found: claim!.PNG after 3.59s region=(0, 0, 765, 1038) confidence=0.8
2026-08-10 20:09:54 | INFO | each_eight_hours copy 2.py:37 | [20:09:54.721] [DEBUG] No se detectó 'Claim'. Buscando 'check.png' en región (228, 547, 65, 55)...
2026-08-10 20:09:54 | INFO | my_functions.py:169 | Searching check.png (timeout=1s)
2026-08-10 20:09:55 | INFO | my_functions.py:213 | 
⛔ Not found: check.png after 1.11s region=(228, 547, 65, 55) confidence=0.8
2026-08-10 20:09:55 | INFO | each_eight_hours copy 2.py:37 | [20:09:55.944] [DEBUG] -> [CORRECCIÓN] Primer click fallido. Cambiando de lado a X = 470
2026-08-10 20:09:55 | INFO | each_eight_hours copy 2.py:37 | [20:09:55.947] [DEBUG] --------------------------------------------------
2026-08-10 20:09:55 | INFO | each_eight_hours copy 2.py:37 | [20:09:55.955] [DEBUG] Inicio de iteración. Recompensas restantes: 5
2026-08-10 20:09:55 | INFO | each_eight_hours copy 2.py:37 | [20:09:55.958] [DEBUG] Intentando hacer click en: (470, 580)
2026-08-10 20:09:57 | INFO | my_functions.py:169 | Searching claim!.PNG (timeout=3s)
2026-08-10 20:09:57 | INFO | my_functions.py:199 | 
✅ Found: claim!.PNG pos=(381, 924) time=0.72s confidence=0.8
2026-08-10 20:09:57 | INFO | each_eight_hours copy 2.py:37 | [20:09:57.878] [DEBUG] -> ¡ÉXITO! Botón 'Claim' detectado.
2026-08-10 20:09:57 | INFO | my_functions.py:169 | Searching set.png (timeout=2s)
2026-08-10 20:10:01 | INFO | my_functions.py:213 | 
⛔ Not found: set.png after 2.39s region=(0, 0, 765, 1038) confidence=0.8
2026-08-10 20:10:01 | INFO | my_functions.py:248 | [DEBUG] Buscando en paralelo: ['claim!.PNG'] | timeout=0s | confidence=0.8
2026-08-10 20:10:02 | INFO | my_functions.py:133 | Haciendo click en la posición (381, 924)
2026-08-10 20:10:02 | INFO | my_functions.py:270 | 🖱️ Click OK (En paralelo): claim!.PNG at (381, 924) delay=1s
2026-08-10 20:10:04 | INFO | each_eight_hours copy 2.py:37 | [20:10:04.097] [DEBUG] Moviendo el mouse a la posición de scroll (350, 580)...
2026-08-10 20:10:05 | INFO | each_eight_hours copy 2.py:37 | [20:10:05.666] [DEBUG] Alternancia de coordenada X: Cambió de 470 a 260
2026-08-10 20:10:05 | INFO | each_eight_hours copy 2.py:37 | [20:10:05.668] [DEBUG] --------------------------------------------------
2026-08-10 20:10:05 | INFO | each_eight_hours copy 2.py:37 | [20:10:05.671] [DEBUG] Inicio de iteración. Recompensas restantes: 4
2026-08-10 20:10:05 | INFO | each_eight_hours copy 2.py:37 | [20:10:05.679] [DEBUG] Intentando hacer click en: (260, 580)
2026-08-10 20:10:06 | INFO | my_functions.py:169 | Searching claim!.PNG (timeout=3s)
2026-08-10 20:10:07 | INFO | my_functions.py:199 | 
✅ Found: claim!.PNG pos=(275, 924) time=0.74s confidence=0.8
2026-08-10 20:10:07 | INFO | each_eight_hours copy 2.py:37 | [20:10:07.622] [DEBUG] -> ¡ÉXITO! Botón 'Claim' detectado.
2026-08-10 20:10:07 | INFO | my_functions.py:169 | Searching set.png (timeout=2s)
2026-08-10 20:10:10 | INFO | my_functions.py:213 | 
⛔ Not found: set.png after 2.45s region=(0, 0, 765, 1038) confidence=0.8
2026-08-10 20:10:10 | INFO | my_functions.py:248 | [DEBUG] Buscando en paralelo: ['claim!.PNG'] | timeout=0s | confidence=0.8
2026-08-10 20:10:12 | INFO | my_functions.py:133 | Haciendo click en la posición (275, 924)
2026-08-10 20:10:12 | INFO | my_functions.py:270 | 🖱️ Click OK (En paralelo): claim!.PNG at (275, 924) delay=1s
2026-08-10 20:10:13 | INFO | each_eight_hours copy 2.py:37 | [20:10:13.972] [DEBUG] Moviendo el mouse a la posición de scroll (350, 580)...
2026-08-10 20:10:15 | INFO | each_eight_hours copy 2.py:37 | [20:10:15.544] [DEBUG] Alternancia de coordenada X: Cambió de 260 a 470
2026-08-10 20:10:15 | INFO | each_eight_hours copy 2.py:37 | [20:10:15.548] [DEBUG] --------------------------------------------------
2026-08-10 20:10:15 | INFO | each_eight_hours copy 2.py:37 | [20:10:15.555] [DEBUG] Inicio de iteración. Recompensas restantes: 3
2026-08-10 20:10:15 | INFO | each_eight_hours copy 2.py:37 | [20:10:15.557] [DEBUG] Intentando hacer click en: (470, 580)
2026-08-10 20:10:16 | INFO | my_functions.py:169 | Searching claim!.PNG (timeout=3s)
2026-08-10 20:10:21 | INFO | my_functions.py:213 | 
⛔ Not found: claim!.PNG after 3.65s region=(0, 0, 765, 1038) confidence=0.8
2026-08-10 20:10:21 | INFO | each_eight_hours copy 2.py:37 | [20:10:21.170] [DEBUG] No se detectó 'Claim'. Buscando 'check.png' en región (449, 547, 65, 55)...
2026-08-10 20:10:21 | INFO | my_functions.py:169 | Searching check.png (timeout=1s)
2026-08-10 20:10:21 | INFO | my_functions.py:199 | 
✅ Found: check.png pos=(500, 576) time=0.15s confidence=0.8
2026-08-10 20:10:21 | INFO | each_eight_hours copy 2.py:37 | [20:10:21.325] [DEBUG] -> ¡ÉXITO! Crédito detectado por 'check.png'. Reclamado automáticamente por el click previo.
2026-08-10 20:10:21 | INFO | each_eight_hours copy 2.py:37 | [20:10:21.337] [DEBUG] Moviendo el mouse a la posición de scroll (350, 580)...
2026-08-10 20:10:22 | INFO | each_eight_hours copy 2.py:37 | [20:10:22.909] [DEBUG] Alternancia de coordenada X: Cambió de 470 a 260
2026-08-10 20:10:22 | INFO | each_eight_hours copy 2.py:37 | [20:10:22.913] [DEBUG] --------------------------------------------------
2026-08-10 20:10:22 | INFO | each_eight_hours copy 2.py:37 | [20:10:22.916] [DEBUG] Inicio de iteración. Recompensas restantes: 2
2026-08-10 20:10:22 | INFO | each_eight_hours copy 2.py:37 | [20:10:22.925] [DEBUG] Intentando hacer click en: (260, 580)
2026-08-10 20:10:24 | INFO | my_functions.py:169 | Searching claim!.PNG (timeout=3s)
2026-08-10 20:10:24 | INFO | my_functions.py:199 | 
✅ Found: claim!.PNG pos=(381, 924) time=0.82s confidence=0.8
2026-08-10 20:10:24 | INFO | each_eight_hours copy 2.py:37 | [20:10:24.969] [DEBUG] -> ¡ÉXITO! Botón 'Claim' detectado.
2026-08-10 20:10:24 | INFO | my_functions.py:169 | Searching set.png (timeout=2s)
2026-08-10 20:10:28 | INFO | my_functions.py:213 | 
⛔ Not found: set.png after 2.44s region=(0, 0, 765, 1038) confidence=0.8
2026-08-10 20:10:28 | INFO | my_functions.py:248 | [DEBUG] Buscando en paralelo: ['claim!.PNG'] | timeout=0s | confidence=0.8
2026-08-10 20:10:29 | INFO | my_functions.py:133 | Haciendo click en la posición (381, 924)
2026-08-10 20:10:30 | INFO | my_functions.py:270 | 🖱️ Click OK (En paralelo): claim!.PNG at (381, 924) delay=1s
2026-08-10 20:10:31 | INFO | each_eight_hours copy 2.py:37 | [20:10:31.258] [DEBUG] Moviendo el mouse a la posición de scroll (350, 580)...
2026-08-10 20:10:32 | INFO | each_eight_hours copy 2.py:37 | [20:10:32.828] [DEBUG] Alternancia de coordenada X: Cambió de 260 a 470
2026-08-10 20:10:32 | INFO | each_eight_hours copy 2.py:37 | [20:10:32.831] [DEBUG] --------------------------------------------------
2026-08-10 20:10:32 | INFO | each_eight_hours copy 2.py:37 | [20:10:32.833] [DEBUG] Inicio de iteración. Recompensas restantes: 1
2026-08-10 20:10:32 | INFO | each_eight_hours copy 2.py:37 | [20:10:32.841] [DEBUG] Intentando hacer click en: (470, 580)
2026-08-10 20:10:34 | INFO | my_functions.py:169 | Searching claim!.PNG (timeout=3s)
2026-08-10 20:10:38 | INFO | my_functions.py:213 | 
⛔ Not found: claim!.PNG after 3.66s region=(0, 0, 765, 1038) confidence=0.8
2026-08-10 20:10:38 | INFO | each_eight_hours copy 2.py:37 | [20:10:38.449] [DEBUG] No se detectó 'Claim'. Buscando 'check.png' en región (449, 547, 65, 55)...
2026-08-10 20:10:38 | INFO | my_functions.py:169 | Searching check.png (timeout=1s)
2026-08-10 20:10:38 | INFO | my_functions.py:199 | 
✅ Found: check.png pos=(500, 580) time=0.11s confidence=0.8
2026-08-10 20:10:38 | INFO | each_eight_hours copy 2.py:37 | [20:10:38.576] [DEBUG] -> ¡ÉXITO! Crédito detectado por 'check.png'. Reclamado automáticamente por el click previo.
2026-08-10 20:10:38 | INFO | each_eight_hours copy 2.py:37 | [20:10:38.588] [DEBUG] Moviendo el mouse a la posición de scroll (350, 580)...
2026-08-10 20:10:40 | INFO | each_eight_hours copy 2.py:37 | [20:10:40.161] [DEBUG] Alternancia de coordenada X: Cambió de 470 a 260
2026-08-10 20:10:40 | INFO | each_eight_hours copy 2.py:37 | Finished collecting rewards
2026-08-10 20:10:41 | INFO | my_functions.py:141 | Presionando ESC (1/1)
2026-08-10 20:10:41 | INFO | my_functions.py:248 | [DEBUG] Buscando en paralelo: ['nut.png'] | timeout=20s | confidence=0.8
2026-08-10 20:10:43 | INFO | my_functions.py:133 | Haciendo click en la posición (184, 78)
2026-08-10 20:10:43 | INFO | my_functions.py:270 | 🖱️ Click OK (En paralelo): nut.png at (184, 78) delay=1s
2026-08-10 20:10:45 | INFO | my_functions.py:248 | [DEBUG] Buscando en paralelo: ['graphics_quality.png'] | timeout=3s | confidence=0.8
2026-08-10 20:10:46 | INFO | my_functions.py:133 | Haciendo click en la posición (304, 644)
2026-08-10 20:10:46 | INFO | my_functions.py:270 | 🖱️ Click OK (En paralelo): graphics_quality.png at (304, 644) delay=1s
2026-08-10 20:10:48 | INFO | my_functions.py:248 | [DEBUG] Buscando en paralelo: ['sign_out.png'] | timeout=20s | confidence=0.8
2026-08-10 20:10:50 | INFO | my_functions.py:133 | Haciendo click en la posición (380, 796)
2026-08-10 20:10:50 | INFO | my_functions.py:270 | 🖱️ Click OK (En paralelo): sign_out.png at (380, 796) delay=1s
2026-08-10 20:10:52 | INFO | my_functions.py:248 | [DEBUG] Buscando en paralelo: ['sign_out_grande.png'] | timeout=20s | confidence=0.8
2026-08-10 20:10:54 | INFO | my_functions.py:133 | Haciendo click en la posición (359, 437)
2026-08-10 20:10:54 | INFO | my_functions.py:270 | 🖱️ Click OK (En paralelo): sign_out_grande.png at (359, 437) delay=1s
2026-08-10 20:10:55 | INFO | my_functions.py:248 | [DEBUG] Buscando en paralelo: ['sign_out2.png'] | timeout=20s | confidence=0.8
2026-08-10 20:10:57 | INFO | my_functions.py:133 | Haciendo click en la posición (383, 634)
2026-08-10 20:10:57 | INFO | my_functions.py:270 | 🖱️ Click OK (En paralelo): sign_out2.png at (383, 634) delay=1s
2026-08-10 20:10:58 | INFO | my_functions.py:1577 | ⏱ Esperando 0.1 segundos antes de empezar...
2026-08-10 20:10:58 | INFO | my_functions.py:1584 | 🔍 Esperando ventana que contenga alguna de: SNAP (máx 20s)
2026-08-10 20:10:58 | INFO | my_functions.py:1596 | ✅ Ventana encontrada: 'SNAP'
2026-08-10 20:10:58 | INFO | my_functions.py:1611 | ✅ Ventana seleccionada: 'SNAP'
2026-08-10 20:11:00 | INFO | my_functions.py:1634 | 🔁 Reajuste #1...
2026-08-10 20:11:02 | INFO | my_functions.py:1641 | ✔ Verificación completa. Se hicieron 1 reajustes.
2026-08-10 20:11:09 | INFO | each_eight_hours copy 2.py:216 | Reporte Excel guardado con éxito en: \\vmware-host\Shared Folders\SHARED FILES VM\MS\reportes\Reporte_Ejecucion_20260810_201107.xlsx
2026-08-10 20:11:09 | INFO | baseclient.py:33 | Connecting with parameters: host='localhost' port=4455 password='' subs=0 timeout=None
2026-08-10 20:11:09 | INFO | reqs.py:23 | Successfully identified ReqClient with the server using RPC version:1
2026-08-10 20:11:09 | INFO | my_functions.py:92 | Record stopped.
2026-08-10 20:11:21 | INFO | my_functions.py:122 | Archivo renombrado a: C:\Users\Farm\Videos\my_functions_2026-08-10_18-25-09.mkv
2026-08-10 20:11:21 | INFO | each_eight_hours copy 2.py:221 | OBS recording stopped
