2026-07-06 05:12:30 | INFO | each_eight_hours.py:36 | LOG FILE PATH: \\vmware-host\Shared Folders\SHARED FILES VM\MS\logs\each_eight_hours_2026-07-06_05-12-30.log
2026-07-06 05:12:30 | INFO | each_eight_hours.py:37 | Logger initialized
2026-07-06 05:12:30 | INFO | each_eight_hours.py:64 | Script initialized
2026-07-06 05:12:54 | INFO | my_functions.py:56 | ⏳ Esperando WebSocket de OBS...
2026-07-06 05:13:01 | INFO | baseclient.py:33 | Connecting with parameters: host='localhost' port=4455 password='' subs=0 timeout=None
2026-07-06 05:13:01 | INFO | reqs.py:23 | Successfully identified ReqClient with the server using RPC version:1
2026-07-06 05:13:01 | INFO | my_functions.py:62 | ✅ Conectado al OBS WebSocket
2026-07-06 05:13:01 | ERROR | reqs.py:59 | OBSSDKRequestError: Request GetRecordStatus returned code 207. With message: OBS is not ready to perform the request.
Traceback (most recent call last):
  File "C:\Users\Farm\AppData\Local\Programs\Python\Python311\Lib\site-packages\obsws_python\reqs.py", line 53, in send
    raise OBSSDKRequestError(
obsws_python.error.OBSSDKRequestError: Request GetRecordStatus returned code 207. With message: OBS is not ready to perform the request.
2026-07-06 05:13:02 | INFO | my_functions.py:87 | 🎬 Grabación iniciada
2026-07-06 05:13:02 | INFO | each_eight_hours.py:106 | snap.exe terminated if it was running
2026-07-06 05:13:02 | INFO | my_functions.py:1545 | ⏱ Esperando 0.1 segundos antes de empezar...
2026-07-06 05:13:02 | INFO | my_functions.py:1552 | 🔍 Esperando ventana que contenga alguna de: ['py', 'eight_hours'] (máx 20s)
2026-07-06 05:13:02 | INFO | my_functions.py:1564 | ✅ Ventana encontrada: 'each_eight_hours  - Acceso directo'
2026-07-06 05:13:02 | INFO | my_functions.py:1579 | ✅ Ventana seleccionada: 'each_eight_hours  - Acceso directo'
2026-07-06 05:13:04 | INFO | my_functions.py:1602 | 🔁 Reajuste #1...
2026-07-06 05:13:04 | INFO | my_functions.py:1609 | ✔ Verificación completa. Se hicieron 1 reajustes.
2026-07-06 05:13:04 | INFO | each_eight_hours.py:113 | Processing account: john
2026-07-06 05:13:05 | INFO | my_functions.py:1545 | ⏱ Esperando 0.1 segundos antes de empezar...
2026-07-06 05:13:05 | INFO | my_functions.py:1552 | 🔍 Esperando ventana que contenga alguna de: ['SNAP'] (máx 20s)
2026-07-06 05:13:12 | INFO | my_functions.py:1564 | ✅ Ventana encontrada: 'SNAP'
2026-07-06 05:13:12 | INFO | my_functions.py:1579 | ✅ Ventana seleccionada: 'SNAP'
2026-07-06 05:13:14 | INFO | my_functions.py:1611 | ✔ Verificación completa. No hubo cambios después del primer ajuste.
2026-07-06 05:13:14 | INFO | my_functions.py:1206 | [DEBUG] Resizing SNAP window...
2026-07-06 05:13:14 | INFO | my_functions.py:1545 | ⏱ Esperando 0.1 segundos antes de empezar...
2026-07-06 05:13:14 | INFO | my_functions.py:1552 | 🔍 Esperando ventana que contenga alguna de: ['SNAP'] (máx 20s)
2026-07-06 05:13:14 | INFO | my_functions.py:1564 | ✅ Ventana encontrada: 'SNAP'
2026-07-06 05:13:14 | INFO | my_functions.py:1579 | ✅ Ventana seleccionada: 'SNAP'
2026-07-06 05:13:21 | INFO | my_functions.py:1611 | ✔ Verificación completa. No hubo cambios después del primer ajuste.
2026-07-06 05:13:21 | INFO | my_functions.py:247 | [DEBUG] Buscando en paralelo: ['small_submit.PNG', 'small_submit_hover.png', 'submit_hover_2.png', 'small_submit_hover_2.png'] | timeout=90s | confidence=0.8
2026-07-06 05:13:37 | INFO | my_functions.py:134 | Haciendo click en la posición (380, 642)
2026-07-06 05:13:37 | INFO | my_functions.py:269 | 🖱️ Click OK (En paralelo): small_submit.PNG at (380, 642) delay=0.2s
2026-07-06 05:13:41 | INFO | my_functions.py:247 | [DEBUG] Buscando en paralelo: ['small_submit.PNG', 'small_submit_hover.png', 'submit_hover_2.png', 'small_submit_hover_2.png'] | timeout=20s | confidence=0.8
2026-07-06 05:13:42 | INFO | my_functions.py:134 | Haciendo click en la posición (380, 721)
2026-07-06 05:13:43 | INFO | my_functions.py:269 | 🖱️ Click OK (En paralelo): small_submit.PNG at (380, 721) delay=0.2s
2026-07-06 05:13:44 | INFO | my_functions.py:1545 | ⏱ Esperando 0.1 segundos antes de empezar...
2026-07-06 05:13:44 | INFO | my_functions.py:1552 | 🔍 Esperando ventana que contenga alguna de: ['SNAP'] (máx 20s)
2026-07-06 05:13:44 | INFO | my_functions.py:1564 | ✅ Ventana encontrada: 'SNAP'
2026-07-06 05:13:44 | INFO | my_functions.py:1579 | ✅ Ventana seleccionada: 'SNAP'
2026-07-06 05:13:46 | INFO | my_functions.py:1602 | 🔁 Reajuste #1...
2026-07-06 05:13:47 | INFO | my_functions.py:1609 | ✔ Verificación completa. Se hicieron 1 reajustes.
2026-07-06 05:13:47 | INFO | my_functions.py:169 | Searching please_sign.png (timeout=0s)
2026-07-06 05:13:50 | INFO | my_functions.py:199 | 
✅ Found: please_sign.png pos=(383, 438) time=2.58s confidence=0.8
2026-07-06 05:13:50 | INFO | my_functions.py:247 | [DEBUG] Buscando en paralelo: ['ok_btn.png'] | timeout=20s | confidence=0.8
2026-07-06 05:13:51 | INFO | my_functions.py:134 | Haciendo click en la posición (382, 634)
2026-07-06 05:13:52 | INFO | my_functions.py:269 | 🖱️ Click OK (En paralelo): ok_btn.png at (382, 634) delay=1s
2026-07-06 05:13:53 | INFO | my_functions.py:247 | [DEBUG] Buscando en paralelo: ['small_submit.PNG', 'small_submit_hover.png', 'submit_hover_2.png', 'small_submit_hover_2.png'] | timeout=30s | confidence=0.8
2026-07-06 05:13:56 | INFO | my_functions.py:134 | Haciendo click en la posición (383, 643)
2026-07-06 05:13:56 | INFO | my_functions.py:269 | 🖱️ Click OK (En paralelo): small_submit_hover_2.png at (383, 643) delay=0.2s
2026-07-06 05:13:57 | INFO | my_functions.py:247 | [DEBUG] Buscando en paralelo: ['small_submit.PNG', 'small_submit_hover.png', 'submit_hover_2.png', 'small_submit_hover_2.png'] | timeout=20s | confidence=0.8
2026-07-06 05:13:59 | INFO | my_functions.py:134 | Haciendo click en la posición (380, 721)
2026-07-06 05:13:59 | INFO | my_functions.py:269 | 🖱️ Click OK (En paralelo): small_submit.PNG at (380, 721) delay=0.2s
2026-07-06 05:14:00 | INFO | my_functions.py:247 | [DEBUG] Buscando en paralelo: ['sign_in_with_google2.PNG'] | timeout=20s | confidence=0.8
2026-07-06 05:14:02 | INFO | my_functions.py:134 | Haciendo click en la posición (406, 957)
2026-07-06 05:14:02 | INFO | my_functions.py:269 | 🖱️ Click OK (En paralelo): sign_in_with_google2.PNG at (406, 957) delay=1s
2026-07-06 05:14:03 | INFO | my_functions.py:169 | Searching pagina_cargada.png (timeout=60s)
2026-07-06 05:14:16 | INFO | my_functions.py:199 | 
✅ Found: pagina_cargada.png pos=(70, 24) time=13.0s confidence=0.8
2026-07-06 05:14:18 | INFO | my_functions.py:247 | [DEBUG] Buscando en paralelo: ['john.png'] | timeout=0s | confidence=0.8
2026-07-06 05:14:22 | INFO | my_functions.py:134 | Haciendo click en la posición (1143, 619)
2026-07-06 05:14:23 | INFO | my_functions.py:269 | 🖱️ Click OK (En paralelo): john.png at (1143, 619) delay=3s
2026-07-06 05:14:22 | INFO | my_functions.py:169 | Searching marvelsnap_web.png (timeout=30s)
2026-07-06 05:14:29 | INFO | my_functions.py:199 | 
✅ Found: marvelsnap_web.png pos=(258, 80) time=6.48s confidence=0.7
2026-07-06 05:14:29 | INFO | my_functions.py:169 | Searching shop_unselected.PNG (timeout=0s)
2026-07-06 05:14:30 | INFO | my_functions.py:213 | 
⛔ Not found: shop_unselected.PNG after 0.0s region=(0, 0, 765, 1038) confidence=0.8
2026-07-06 05:14:30 | INFO | my_functions.py:247 | [DEBUG] Buscando en paralelo: ['super_premium.PNG'] | timeout=0s | confidence=0.8
2026-07-06 05:14:30 | INFO | my_functions.py:281 | [DEBUG] Click skipped, ninguna de las imágenes se encontró en el intento.
2026-07-06 05:14:31 | INFO | my_functions.py:247 | [DEBUG] Buscando en paralelo: ['maybe_later.PNG'] | timeout=0s | confidence=0.8
2026-07-06 05:14:32 | INFO | my_functions.py:281 | [DEBUG] Click skipped, ninguna de las imágenes se encontró en el intento.
2026-07-06 05:14:33 | INFO | my_functions.py:247 | [DEBUG] Buscando en paralelo: ['maybe_later2.PNG'] | timeout=0s | confidence=0.8
2026-07-06 05:14:34 | INFO | my_functions.py:281 | [DEBUG] Click skipped, ninguna de las imágenes se encontró en el intento.
2026-07-06 05:14:35 | INFO | my_functions.py:169 | Searching go_to_shop.PNG (timeout=0s)
2026-07-06 05:14:36 | INFO | my_functions.py:213 | 
⛔ Not found: go_to_shop.PNG after 0.0s region=(0, 0, 765, 1038) confidence=0.8
2026-07-06 05:14:36 | INFO | my_functions.py:247 | [DEBUG] Buscando en paralelo: ['14_days_of_winterverse.PNG'] | timeout=0s | confidence=0.8
2026-07-06 05:14:36 | INFO | my_functions.py:281 | [DEBUG] Click skipped, ninguna de las imágenes se encontró en el intento.
2026-07-06 05:14:37 | INFO | my_functions.py:169 | Searching welcome_back_calendar.PNG (timeout=0s)
2026-07-06 05:14:38 | INFO | my_functions.py:213 | 
⛔ Not found: welcome_back_calendar.PNG after 0.0s region=(0, 0, 765, 1038) confidence=0.8
2026-07-06 05:14:38 | INFO | my_functions.py:247 | [DEBUG] Buscando en paralelo: ['start_the_countdown.PNG'] | timeout=0s | confidence=0.8
2026-07-06 05:14:39 | INFO | my_functions.py:281 | [DEBUG] Click skipped, ninguna de las imágenes se encontró en el intento.
2026-07-06 05:14:40 | INFO | my_functions.py:247 | [DEBUG] Buscando en paralelo: ['event_has_ended_sanctum.PNG'] | timeout=0s | confidence=0.8
2026-07-06 05:14:40 | INFO | my_functions.py:281 | [DEBUG] Click skipped, ninguna de las imágenes se encontró en el intento.
2026-07-06 05:14:41 | INFO | my_functions.py:247 | [DEBUG] Buscando en paralelo: ['event_has_ended_teamclash.PNG'] | timeout=0s | confidence=0.8
2026-07-06 05:14:42 | INFO | my_functions.py:281 | [DEBUG] Click skipped, ninguna de las imágenes se encontró en el intento.
2026-07-06 05:14:44 | INFO | my_functions.py:247 | [DEBUG] Buscando en paralelo: ['image_part_of_event_grand_arena_finished.PNG'] | timeout=0s | confidence=0.8
2026-07-06 05:14:44 | INFO | my_functions.py:281 | [DEBUG] Click skipped, ninguna de las imágenes se encontró en el intento.
2026-07-06 05:14:45 | INFO | my_functions.py:169 | Searching 28_day_event_login_rewards.PNG (timeout=0s)
2026-07-06 05:14:46 | INFO | my_functions.py:213 | 
⛔ Not found: 28_day_event_login_rewards.PNG after 0.0s region=(0, 0, 765, 1038) confidence=0.8
2026-07-06 05:14:46 | INFO | my_functions.py:169 | Searching 7_day_event_login.PNG (timeout=0s)
2026-07-06 05:14:46 | INFO | my_functions.py:213 | 
⛔ Not found: 7_day_event_login.PNG after 0.0s region=(0, 0, 765, 1038) confidence=0.8
2026-07-06 05:14:46 | INFO | my_functions.py:169 | Searching 14_days_event.PNG (timeout=0s)
2026-07-06 05:14:47 | INFO | my_functions.py:213 | 
⛔ Not found: 14_days_event.PNG after 0.0s region=(0, 0, 765, 1038) confidence=0.8
2026-07-06 05:14:47 | INFO | my_functions.py:247 | [DEBUG] Buscando en paralelo: ['lets_go.PNG'] | timeout=0s | confidence=0.8
2026-07-06 05:14:47 | INFO | my_functions.py:281 | [DEBUG] Click skipped, ninguna de las imágenes se encontró en el intento.
2026-07-06 05:14:49 | INFO | my_functions.py:169 | Searching shop_unselected.PNG (timeout=0s)
2026-07-06 05:14:50 | INFO | my_functions.py:199 | 
✅ Found: shop_unselected.PNG pos=(89, 961) time=0.83s confidence=0.8
2026-07-06 05:14:58 | INFO | my_functions.py:169 | Searching shop_unselected.PNG (timeout=0s)
2026-07-06 05:14:59 | INFO | my_functions.py:199 | 
✅ Found: shop_unselected.PNG pos=(88, 961) time=0.84s confidence=0.8
2026-07-06 05:14:59 | INFO | my_functions.py:714 | Ya esta listo
2026-07-06 05:15:04 | INFO | my_functions.py:533 | AVAILABLE: 5
2026-07-06 05:15:04 | INFO | my_functions.py:555 | Misiones completadas: 0
2026-07-06 05:15:04 | INFO | my_functions.py:169 | Searching play.PNG (timeout=0s)
2026-07-06 05:15:04 | INFO | my_functions.py:199 | 
✅ Found: play.PNG pos=(384, 824) time=0.67s confidence=0.8
2026-07-06 05:15:05 | INFO | my_functions.py:1440 | [INFO] Click realizado donde se equipa el deck a jugar
2026-07-06 05:15:09 | INFO | my_functions.py:247 | [DEBUG] Buscando en paralelo: ['deck_666666.png'] | timeout=3s | confidence=0.8
2026-07-06 05:15:10 | INFO | my_functions.py:134 | Haciendo click en la posición (235, 546)
2026-07-06 05:15:11 | INFO | my_functions.py:269 | 🖱️ Click OK (En paralelo): deck_666666.png at (235, 546) delay=1s
2026-07-06 05:15:12 | INFO | my_functions.py:247 | [DEBUG] Buscando en paralelo: ['equip.png'] | timeout=3s | confidence=0.95
2026-07-06 05:15:14 | INFO | my_functions.py:134 | Haciendo click en la posición (548, 983)
2026-07-06 05:15:14 | INFO | my_functions.py:269 | 🖱️ Click OK (En paralelo): equip.png at (548, 983) delay=1s
2026-07-06 05:15:15 | INFO | each_eight_hours.py:134 | Deck selected: 6turns
2026-07-06 05:15:15 | INFO | my_functions.py:247 | [DEBUG] Buscando en paralelo: ['maybe_later.PNG'] | timeout=2s | confidence=0.8
2026-07-06 05:15:17 | INFO | my_functions.py:281 | [DEBUG] Click skipped, ninguna de las imágenes se encontró en el intento.
2026-07-06 05:15:18 | INFO | my_functions.py:247 | [DEBUG] Buscando en paralelo: ['maybe_later2.PNG'] | timeout=0.01s | confidence=0.8
2026-07-06 05:15:19 | INFO | my_functions.py:281 | [DEBUG] Click skipped, ninguna de las imágenes se encontró en el intento.
2026-07-06 05:15:20 | INFO | each_eight_hours.py:148 | Starting game loop 1
2026-07-06 05:15:20 | INFO | my_functions.py:247 | [DEBUG] Buscando en paralelo: ['play.PNG'] | timeout=20s | confidence=0.8
2026-07-06 05:15:24 | INFO | my_functions.py:134 | Haciendo click en la posición (384, 824)
2026-07-06 05:15:24 | INFO | my_functions.py:269 | 🖱️ Click OK (En paralelo): play.PNG at (384, 824) delay=3s
2026-07-06 05:15:40 | INFO | my_functions.py:199 | 
✅ Found: end_turn.PNG pos=(682, 945) time=0.67s confidence=0.8
2026-07-06 05:15:40 | INFO | my_functions.py:247 | [DEBUG] Buscando en paralelo: ['snap.PNG'] | timeout=0s | confidence=0.8
2026-07-06 05:15:42 | INFO | my_functions.py:134 | Haciendo click en la posición (386, 123)
2026-07-06 05:15:42 | INFO | my_functions.py:269 | 🖱️ Click OK (En paralelo): snap.PNG at (386, 123) delay=1s
2026-07-06 05:15:48 | INFO | my_functions.py:247 | [DEBUG] Buscando en paralelo: ['end_turn.PNG'] | timeout=0s | confidence=0.8
2026-07-06 05:15:49 | INFO | my_functions.py:281 | [DEBUG] Click skipped, ninguna de las imágenes se encontró en el intento.
2026-07-06 05:15:56 | INFO | my_functions.py:199 | 
✅ Found: end_turn.PNG pos=(682, 945) time=0.65s confidence=0.8
2026-07-06 05:15:56 | INFO | my_functions.py:247 | [DEBUG] Buscando en paralelo: ['snap.PNG'] | timeout=0s | confidence=0.8
2026-07-06 05:15:58 | INFO | my_functions.py:134 | Haciendo click en la posición (386, 124)
2026-07-06 05:15:59 | INFO | my_functions.py:269 | 🖱️ Click OK (En paralelo): snap.PNG at (386, 124) delay=1s
2026-07-06 05:16:05 | INFO | my_functions.py:247 | [DEBUG] Buscando en paralelo: ['end_turn.PNG'] | timeout=0s | confidence=0.8
2026-07-06 05:16:06 | INFO | my_functions.py:134 | Haciendo click en la posición (682, 945)
2026-07-06 05:16:07 | INFO | my_functions.py:269 | 🖱️ Click OK (En paralelo): end_turn.PNG at (682, 945) delay=1s
2026-07-06 05:16:08 | INFO | each_eight_hours.py:165 | End turn executed
2026-07-06 05:16:14 | INFO | my_functions.py:199 | 
✅ Found: end_turn.PNG pos=(681, 945) time=0.64s confidence=0.8
2026-07-06 05:16:14 | INFO | my_functions.py:247 | [DEBUG] Buscando en paralelo: ['snap.PNG'] | timeout=0s | confidence=0.8
2026-07-06 05:16:15 | INFO | my_functions.py:281 | [DEBUG] Click skipped, ninguna de las imágenes se encontró en el intento.
2026-07-06 05:16:21 | INFO | my_functions.py:247 | [DEBUG] Buscando en paralelo: ['end_turn.PNG'] | timeout=0s | confidence=0.8
2026-07-06 05:16:23 | INFO | my_functions.py:134 | Haciendo click en la posición (682, 945)
2026-07-06 05:16:23 | INFO | my_functions.py:269 | 🖱️ Click OK (En paralelo): end_turn.PNG at (682, 945) delay=1s
2026-07-06 05:16:24 | INFO | each_eight_hours.py:165 | End turn executed
2026-07-06 05:16:45 | INFO | my_functions.py:199 | 
✅ Found: end_turn.PNG pos=(681, 945) time=0.71s confidence=0.8
2026-07-06 05:16:45 | INFO | my_functions.py:247 | [DEBUG] Buscando en paralelo: ['snap.PNG'] | timeout=0s | confidence=0.8
2026-07-06 05:16:46 | INFO | my_functions.py:281 | [DEBUG] Click skipped, ninguna de las imágenes se encontró en el intento.
2026-07-06 05:16:52 | INFO | my_functions.py:247 | [DEBUG] Buscando en paralelo: ['end_turn.PNG'] | timeout=0s | confidence=0.8
2026-07-06 05:16:54 | INFO | my_functions.py:134 | Haciendo click en la posición (682, 945)
2026-07-06 05:16:54 | INFO | my_functions.py:269 | 🖱️ Click OK (En paralelo): end_turn.PNG at (682, 945) delay=1s
2026-07-06 05:16:55 | INFO | each_eight_hours.py:165 | End turn executed
2026-07-06 05:17:11 | INFO | my_functions.py:199 | 
✅ Found: end_turn.PNG pos=(681, 945) time=0.65s confidence=0.8
2026-07-06 05:17:11 | INFO | my_functions.py:247 | [DEBUG] Buscando en paralelo: ['snap.PNG'] | timeout=0s | confidence=0.8
2026-07-06 05:17:12 | INFO | my_functions.py:281 | [DEBUG] Click skipped, ninguna de las imágenes se encontró en el intento.
2026-07-06 05:17:19 | INFO | my_functions.py:247 | [DEBUG] Buscando en paralelo: ['end_turn.PNG'] | timeout=0s | confidence=0.8
2026-07-06 05:17:20 | INFO | my_functions.py:134 | Haciendo click en la posición (682, 945)
2026-07-06 05:17:20 | INFO | my_functions.py:269 | 🖱️ Click OK (En paralelo): end_turn.PNG at (682, 945) delay=1s
2026-07-06 05:17:22 | INFO | each_eight_hours.py:165 | End turn executed
2026-07-06 05:17:41 | INFO | my_functions.py:199 | 
✅ Found: end_turn.PNG pos=(681, 945) time=0.75s confidence=0.8
2026-07-06 05:17:41 | INFO | my_functions.py:247 | [DEBUG] Buscando en paralelo: ['snap.PNG'] | timeout=0s | confidence=0.8
2026-07-06 05:17:42 | INFO | my_functions.py:281 | [DEBUG] Click skipped, ninguna de las imágenes se encontró en el intento.
2026-07-06 05:17:48 | INFO | my_functions.py:247 | [DEBUG] Buscando en paralelo: ['end_turn.PNG'] | timeout=0s | confidence=0.8
2026-07-06 05:17:50 | INFO | my_functions.py:134 | Haciendo click en la posición (682, 945)
2026-07-06 05:17:50 | INFO | my_functions.py:269 | 🖱️ Click OK (En paralelo): end_turn.PNG at (682, 945) delay=1s
2026-07-06 05:17:51 | INFO | each_eight_hours.py:165 | End turn executed
2026-07-06 05:18:18 | INFO | my_functions.py:199 | 
✅ Found: end_turn.PNG pos=(681, 945) time=0.72s confidence=0.8
2026-07-06 05:18:18 | INFO | my_functions.py:247 | [DEBUG] Buscando en paralelo: ['snap.PNG'] | timeout=0s | confidence=0.8
2026-07-06 05:18:19 | INFO | my_functions.py:281 | [DEBUG] Click skipped, ninguna de las imágenes se encontró en el intento.
2026-07-06 05:18:25 | INFO | my_functions.py:247 | [DEBUG] Buscando en paralelo: ['end_turn.PNG'] | timeout=0s | confidence=0.8
2026-07-06 05:18:27 | INFO | my_functions.py:134 | Haciendo click en la posición (682, 945)
2026-07-06 05:18:27 | INFO | my_functions.py:269 | 🖱️ Click OK (En paralelo): end_turn.PNG at (682, 945) delay=1s
2026-07-06 05:18:28 | INFO | each_eight_hours.py:165 | End turn executed
2026-07-06 05:18:55 | INFO | my_functions.py:199 | 
✅ Found: collect_rewards.PNG pos=(679, 957) time=0.84s confidence=0.8
2026-07-06 05:18:55 | INFO | each_eight_hours.py:204 | Rewards detected, exiting match
2026-07-06 05:18:55 | INFO | my_functions.py:247 | [DEBUG] Buscando en paralelo: ['collect_rewards.PNG'] | timeout=20s | confidence=0.8
2026-07-06 05:18:57 | INFO | my_functions.py:134 | Haciendo click en la posición (679, 957)
2026-07-06 05:18:57 | INFO | my_functions.py:269 | 🖱️ Click OK (En paralelo): collect_rewards.PNG at (679, 957) delay=1s
2026-07-06 05:18:59 | INFO | my_functions.py:247 | [DEBUG] Buscando en paralelo: ['next.PNG'] | timeout=20s | confidence=0.8
2026-07-06 05:19:05 | INFO | my_functions.py:134 | Haciendo click en la posición (677, 973)
2026-07-06 05:19:05 | INFO | my_functions.py:269 | 🖱️ Click OK (En paralelo): next.PNG at (677, 973) delay=1s
2026-07-06 05:19:08 | INFO | my_functions.py:533 | AVAILABLE: 5
2026-07-06 05:19:08 | INFO | each_eight_hours.py:271 | Submissions after match: 5
2026-07-06 05:19:08 | INFO | my_functions.py:555 | Misiones completadas: 1
2026-07-06 05:19:08 | INFO | each_eight_hours.py:279 | Submission condition met, breaking loop
2026-07-06 05:19:08 | INFO | my_functions.py:247 | [DEBUG] Buscando en paralelo: ['missionsNotify2.png'] | timeout=20s | confidence=0.8
2026-07-06 05:19:12 | INFO | my_functions.py:134 | Haciendo click en la posición (538, 124)
2026-07-06 05:19:12 | INFO | my_functions.py:269 | 🖱️ Click OK (En paralelo): missionsNotify2.png at (538, 124) delay=3s
2026-07-06 05:19:13 | INFO | my_functions.py:1470 | [INFO] Iniciando click_missions_blue2
2026-07-06 05:19:13 | INFO | my_functions.py:134 | Haciendo click en la posición (150, 132)
2026-07-06 05:19:14 | INFO | my_functions.py:1473 | [ACTION] Click hecho en icono de calendario que me dirige a las misiones ordinarias
2026-07-06 05:19:14 | INFO | my_functions.py:169 | Searching bonus_challenge.png (timeout=0s)
2026-07-06 05:19:15 | INFO | my_functions.py:213 | 
⛔ Not found: bonus_challenge.png after 0.0s region=(0, 0, 765, 1038) confidence=0.8
2026-07-06 05:19:17 | INFO | my_functions.py:134 | Haciendo click en la posición (362, 493)
2026-07-06 05:19:18 | INFO | my_functions.py:1486 | [ACTION] Click 1/1 en misión azul
2026-07-06 05:19:19 | INFO | my_functions.py:169 | Searching flechita_mission.PNG (timeout=0s)
2026-07-06 05:19:19 | INFO | my_functions.py:213 | 
⛔ Not found: flechita_mission.PNG after 0.0s region=(0, 0, 765, 1038) confidence=0.8
2026-07-06 05:19:19 | INFO | my_functions.py:247 | [DEBUG] Buscando en paralelo: ['weekly3.PNG'] | timeout=0s | confidence=0.8
2026-07-06 05:19:20 | INFO | my_functions.py:281 | [DEBUG] Click skipped, ninguna de las imágenes se encontró en el intento.
2026-07-06 05:19:21 | INFO | my_functions.py:247 | [DEBUG] Buscando en paralelo: ['weekly3.PNG'] | timeout=0s | confidence=0.8
2026-07-06 05:19:22 | INFO | my_functions.py:281 | [DEBUG] Click skipped, ninguna de las imágenes se encontró en el intento.
2026-07-06 05:19:23 | INFO | my_functions.py:134 | Haciendo click en la posición (557, 64)
2026-07-06 05:19:25 | INFO | my_functions.py:247 | [DEBUG] Buscando en paralelo: ['cards_shop.PNG'] | timeout=20s | confidence=0.8
2026-07-06 05:19:27 | INFO | my_functions.py:134 | Haciendo click en la posición (568, 121)
2026-07-06 05:19:27 | INFO | my_functions.py:269 | 🖱️ Click OK (En paralelo): cards_shop.PNG at (568, 121) delay=1s
2026-07-06 05:19:29 | INFO | my_functions.py:247 | [DEBUG] Buscando en paralelo: ['token_icon.PNG'] | timeout=20s | confidence=0.8
2026-07-06 05:19:32 | INFO | my_functions.py:134 | Haciendo click en la posición (571, 171)
2026-07-06 05:19:32 | INFO | my_functions.py:269 | 🖱️ Click OK (En paralelo): token_icon.PNG at (571, 171) delay=1s
2026-07-06 05:19:35 | INFO | my_functions.py:247 | [DEBUG] Buscando en paralelo: ['claim!_token_3.PNG'] | timeout=4s | confidence=0.8
2026-07-06 05:19:39 | INFO | my_functions.py:281 | [DEBUG] Click skipped, ninguna de las imágenes se encontró en el intento.
2026-07-06 05:19:41 | INFO | my_functions.py:247 | [DEBUG] Buscando en paralelo: ['cards_shop.PNG'] | timeout=20s | confidence=0.8
2026-07-06 05:19:42 | INFO | my_functions.py:134 | Haciendo click en la posición (568, 122)
2026-07-06 05:19:43 | INFO | my_functions.py:269 | 🖱️ Click OK (En paralelo): cards_shop.PNG at (568, 122) delay=1s
2026-07-06 05:19:44 | INFO | my_functions.py:247 | [DEBUG] Buscando en paralelo: ['offers.PNG'] | timeout=20s | confidence=0.8
2026-07-06 05:19:45 | INFO | my_functions.py:134 | Haciendo click en la posición (197, 121)
2026-07-06 05:19:46 | INFO | my_functions.py:269 | 🖱️ Click OK (En paralelo): offers.PNG at (197, 121) delay=1s
2026-07-06 05:19:47 | INFO | my_functions.py:1351 | [INFO] Iniciando mejora de cartas
2026-07-06 05:19:47 | INFO | my_functions.py:247 | [DEBUG] Buscando en paralelo: ['upgrade_cards_icon.PNG'] | timeout=3s | confidence=0.8
2026-07-06 05:19:49 | INFO | my_functions.py:134 | Haciendo click en la posición (322, 170)
2026-07-06 05:19:49 | INFO | my_functions.py:269 | 🖱️ Click OK (En paralelo): upgrade_cards_icon.PNG at (322, 170) delay=1s
2026-07-06 05:19:50 | INFO | my_functions.py:1358 | [INFO] Abriendo icono de upgrade_cards
2026-07-06 05:19:51 | INFO | my_functions.py:1365 | [STEP] Mejorando carta 1
2026-07-06 05:19:51 | INFO | my_functions.py:1369 | [ACTION] Click en carta 1
2026-07-06 05:19:52 | INFO | my_functions.py:1374 | [ACTION] Click en botón upgrade
2026-07-06 05:19:59 | INFO | my_functions.py:169 | Searching aw_snap.png (timeout=3s)
2026-07-06 05:20:03 | INFO | my_functions.py:213 | 
⛔ Not found: aw_snap.png after 3.47s region=(0, 0, 765, 1038) confidence=0.8
2026-07-06 05:20:03 | INFO | my_functions.py:247 | [DEBUG] Buscando en paralelo: ['you_need_more_credits!.png'] | timeout=3s | confidence=0.8
2026-07-06 05:20:07 | INFO | my_functions.py:281 | [DEBUG] Click skipped, ninguna de las imágenes se encontró en el intento.
2026-07-06 05:20:13 | INFO | my_functions.py:1407 | [ACTION] Click para continuar a stage de nivel de coleccion
2026-07-06 05:20:18 | INFO | my_functions.py:142 | Presionando ESC (1/1)
2026-07-06 05:20:19 | INFO | my_functions.py:1415 | [ACTION] Saliendo de stage nivel de coleccion con ESC
2026-07-06 05:20:20 | INFO | my_functions.py:247 | [DEBUG] Buscando en paralelo: ['upgrade_cards_icon_selected.PNG'] | timeout=0s | confidence=0.8
2026-07-06 05:20:21 | INFO | my_functions.py:134 | Haciendo click en la posición (320, 173)
2026-07-06 05:20:22 | INFO | my_functions.py:269 | 🖱️ Click OK (En paralelo): upgrade_cards_icon_selected.PNG at (320, 173) delay=1s
2026-07-06 05:20:23 | INFO | my_functions.py:1427 | [INFO] Reabriendo icono de upgrade_cards
2026-07-06 05:20:24 | INFO | my_functions.py:1365 | [STEP] Mejorando carta 2
2026-07-06 05:20:24 | INFO | my_functions.py:1369 | [ACTION] Click en carta 2
2026-07-06 05:20:25 | INFO | my_functions.py:1374 | [ACTION] Click en botón upgrade
2026-07-06 05:20:32 | INFO | my_functions.py:169 | Searching aw_snap.png (timeout=3s)
2026-07-06 05:20:36 | INFO | my_functions.py:213 | 
⛔ Not found: aw_snap.png after 3.29s region=(0, 0, 765, 1038) confidence=0.8
2026-07-06 05:20:36 | INFO | my_functions.py:247 | [DEBUG] Buscando en paralelo: ['you_need_more_credits!.png'] | timeout=3s | confidence=0.8
2026-07-06 05:20:37 | INFO | my_functions.py:134 | Haciendo click en la posición (381, 345)
2026-07-06 05:20:38 | INFO | my_functions.py:269 | 🖱️ Click OK (En paralelo): you_need_more_credits!.png at (381, 345) delay=1s
2026-07-06 05:20:39 | INFO | my_functions.py:142 | Presionando ESC (1/2)
2026-07-06 05:20:39 | INFO | my_functions.py:142 | Presionando ESC (2/2)
2026-07-06 05:20:42 | INFO | my_functions.py:1433 | [INFO] Mejora de cartas completada ✅
2026-07-06 05:20:42 | INFO | my_functions.py:142 | Presionando ESC (1/1)
2026-07-06 05:20:43 | INFO | my_functions.py:247 | [DEBUG] Buscando en paralelo: ['white_x.png'] | timeout=2s | confidence=0.8
2026-07-06 05:20:45 | INFO | my_functions.py:281 | [DEBUG] Click skipped, ninguna de las imágenes se encontró en el intento.
2026-07-06 05:20:46 | INFO | each_eight_hours.py:46 | [05:20:46.872] [DEBUG] === INICIANDO FUNCIÓN collect_cl_rewards ===
2026-07-06 05:20:46 | INFO | each_eight_hours.py:46 | [05:20:46.890] [DEBUG] Haciendo click inicial en (387, 166)...
2026-07-06 05:20:46 | INFO | my_functions.py:134 | Haciendo click en la posición (387, 166)
2026-07-06 05:20:53 | INFO | each_eight_hours.py:46 | [05:20:53.239] [DEBUG] Se omitió el cambio de tamaño de ventanas (resize=False)
2026-07-06 05:20:53 | INFO | each_eight_hours.py:46 | [05:20:53.467] [DEBUG] Recompensas iniciales detectadas por la API: 2
2026-07-06 05:20:53 | INFO | each_eight_hours.py:46 | [05:20:53.470] [DEBUG] --------------------------------------------------
2026-07-06 05:20:53 | INFO | each_eight_hours.py:46 | [05:20:53.471] [DEBUG] Inicio de iteración. Recompensas restantes: 2
2026-07-06 05:20:53 | INFO | each_eight_hours.py:46 | [05:20:53.476] [DEBUG] Intentando hacer click en: (260, 580)
2026-07-06 05:20:54 | INFO | my_functions.py:169 | Searching claim!.PNG (timeout=3s)
2026-07-06 05:20:59 | INFO | my_functions.py:213 | 
⛔ Not found: claim!.PNG after 3.7s region=(0, 0, 765, 1038) confidence=0.8
2026-07-06 05:20:59 | INFO | each_eight_hours.py:46 | [05:20:59.110] [DEBUG] No se detectó 'Claim'. Buscando 'check.png' en región (228, 547, 65, 55)...
2026-07-06 05:20:59 | INFO | my_functions.py:169 | Searching check.png (timeout=1s)
2026-07-06 05:21:00 | INFO | my_functions.py:213 | 
⛔ Not found: check.png after 1.02s region=(228, 547, 65, 55) confidence=0.8
2026-07-06 05:21:00 | INFO | each_eight_hours.py:46 | [05:21:00.252] [DEBUG] -> [CORRECCIÓN] Primer click fallido. Cambiando de lado a X = 470
2026-07-06 05:21:00 | INFO | each_eight_hours.py:46 | [05:21:00.263] [DEBUG] --------------------------------------------------
2026-07-06 05:21:00 | INFO | each_eight_hours.py:46 | [05:21:00.268] [DEBUG] Inicio de iteración. Recompensas restantes: 2
2026-07-06 05:21:00 | INFO | each_eight_hours.py:46 | [05:21:00.272] [DEBUG] Intentando hacer click en: (470, 580)
2026-07-06 05:21:01 | INFO | my_functions.py:169 | Searching claim!.PNG (timeout=3s)
2026-07-06 05:21:05 | INFO | my_functions.py:213 | 
⛔ Not found: claim!.PNG after 3.6s region=(0, 0, 765, 1038) confidence=0.8
2026-07-06 05:21:05 | INFO | each_eight_hours.py:46 | [05:21:05.777] [DEBUG] No se detectó 'Claim'. Buscando 'check.png' en región (449, 547, 65, 55)...
2026-07-06 05:21:05 | INFO | my_functions.py:169 | Searching check.png (timeout=1s)
2026-07-06 05:21:05 | INFO | my_functions.py:199 | 
✅ Found: check.png pos=(501, 577) time=0.14s confidence=0.8
2026-07-06 05:21:05 | INFO | each_eight_hours.py:46 | [05:21:05.931] [DEBUG] -> ¡ÉXITO! Crédito detectado por 'check.png'. Reclamado automáticamente por el click previo.
2026-07-06 05:21:05 | INFO | each_eight_hours.py:46 | [05:21:05.934] [DEBUG] Moviendo el mouse a la posición de scroll (350, 580)...
2026-07-06 05:21:07 | INFO | each_eight_hours.py:46 | [05:21:07.519] [DEBUG] Alternancia de coordenada X: Cambió de 470 a 260
2026-07-06 05:21:07 | INFO | each_eight_hours.py:46 | [05:21:07.522] [DEBUG] --------------------------------------------------
2026-07-06 05:21:07 | INFO | each_eight_hours.py:46 | [05:21:07.530] [DEBUG] Inicio de iteración. Recompensas restantes: 1
2026-07-06 05:21:07 | INFO | each_eight_hours.py:46 | [05:21:07.534] [DEBUG] Intentando hacer click en: (260, 580)
2026-07-06 05:21:08 | INFO | my_functions.py:169 | Searching claim!.PNG (timeout=3s)
2026-07-06 05:21:12 | INFO | my_functions.py:213 | 
⛔ Not found: claim!.PNG after 3.51s region=(0, 0, 765, 1038) confidence=0.8
2026-07-06 05:21:12 | INFO | each_eight_hours.py:46 | [05:21:12.976] [DEBUG] No se detectó 'Claim'. Buscando 'check.png' en región (228, 547, 65, 55)...
2026-07-06 05:21:12 | INFO | my_functions.py:169 | Searching check.png (timeout=1s)
2026-07-06 05:21:13 | INFO | my_functions.py:199 | 
✅ Found: check.png pos=(264, 579) time=0.12s confidence=0.8
2026-07-06 05:21:13 | INFO | each_eight_hours.py:46 | [05:21:13.108] [DEBUG] -> ¡ÉXITO! Crédito detectado por 'check.png'. Reclamado automáticamente por el click previo.
2026-07-06 05:21:13 | INFO | each_eight_hours.py:46 | [05:21:13.110] [DEBUG] Moviendo el mouse a la posición de scroll (350, 580)...
2026-07-06 05:21:14 | INFO | each_eight_hours.py:46 | [05:21:14.680] [DEBUG] Alternancia de coordenada X: Cambió de 260 a 470
2026-07-06 05:21:14 | INFO | each_eight_hours.py:46 | Finished collecting rewards
2026-07-06 05:21:15 | INFO | my_functions.py:142 | Presionando ESC (1/1)
2026-07-06 05:21:16 | INFO | my_functions.py:247 | [DEBUG] Buscando en paralelo: ['nut.png'] | timeout=20s | confidence=0.8
2026-07-06 05:21:18 | INFO | my_functions.py:134 | Haciendo click en la posición (185, 78)
2026-07-06 05:21:18 | INFO | my_functions.py:269 | 🖱️ Click OK (En paralelo): nut.png at (185, 78) delay=1s
2026-07-06 05:21:19 | INFO | my_functions.py:247 | [DEBUG] Buscando en paralelo: ['graphics_quality.png'] | timeout=3s | confidence=0.8
2026-07-06 05:21:20 | INFO | my_functions.py:134 | Haciendo click en la posición (304, 643)
2026-07-06 05:21:21 | INFO | my_functions.py:269 | 🖱️ Click OK (En paralelo): graphics_quality.png at (304, 643) delay=1s
2026-07-06 05:21:23 | INFO | my_functions.py:247 | [DEBUG] Buscando en paralelo: ['sign_out.png'] | timeout=20s | confidence=0.8
2026-07-06 05:21:25 | INFO | my_functions.py:134 | Haciendo click en la posición (380, 796)
2026-07-06 05:21:25 | INFO | my_functions.py:269 | 🖱️ Click OK (En paralelo): sign_out.png at (380, 796) delay=1s
2026-07-06 05:21:27 | INFO | my_functions.py:247 | [DEBUG] Buscando en paralelo: ['sign_out_grande.png'] | timeout=20s | confidence=0.8
2026-07-06 05:21:28 | INFO | my_functions.py:134 | Haciendo click en la posición (359, 437)
2026-07-06 05:21:29 | INFO | my_functions.py:269 | 🖱️ Click OK (En paralelo): sign_out_grande.png at (359, 437) delay=1s
2026-07-06 05:21:30 | INFO | my_functions.py:247 | [DEBUG] Buscando en paralelo: ['sign_out2.png'] | timeout=20s | confidence=0.8
2026-07-06 05:21:32 | INFO | my_functions.py:134 | Haciendo click en la posición (383, 634)
2026-07-06 05:21:33 | INFO | my_functions.py:269 | 🖱️ Click OK (En paralelo): sign_out2.png at (383, 634) delay=1s
2026-07-06 05:21:34 | INFO | my_functions.py:1545 | ⏱ Esperando 0.1 segundos antes de empezar...
2026-07-06 05:21:34 | INFO | my_functions.py:1552 | 🔍 Esperando ventana que contenga alguna de: SNAP (máx 20s)
2026-07-06 05:21:34 | INFO | my_functions.py:1564 | ✅ Ventana encontrada: 'SNAP'
2026-07-06 05:21:34 | INFO | my_functions.py:1579 | ✅ Ventana seleccionada: 'SNAP'
2026-07-06 05:21:36 | INFO | my_functions.py:1602 | 🔁 Reajuste #1...
2026-07-06 05:21:38 | INFO | my_functions.py:1609 | ✔ Verificación completa. Se hicieron 1 reajustes.
2026-07-06 05:21:43 | INFO | each_eight_hours.py:113 | Processing account: robert
2026-07-06 05:21:43 | INFO | my_functions.py:1545 | ⏱ Esperando 0.1 segundos antes de empezar...
2026-07-06 05:21:43 | INFO | my_functions.py:1552 | 🔍 Esperando ventana que contenga alguna de: ['SNAP'] (máx 20s)
2026-07-06 05:21:48 | INFO | my_functions.py:1564 | ✅ Ventana encontrada: 'SNAP'
2026-07-06 05:21:48 | INFO | my_functions.py:1579 | ✅ Ventana seleccionada: 'SNAP'
2026-07-06 05:21:50 | INFO | my_functions.py:1611 | ✔ Verificación completa. No hubo cambios después del primer ajuste.
2026-07-06 05:21:50 | INFO | my_functions.py:1206 | [DEBUG] Resizing SNAP window...
2026-07-06 05:21:50 | INFO | my_functions.py:1545 | ⏱ Esperando 0.1 segundos antes de empezar...
2026-07-06 05:21:50 | INFO | my_functions.py:1552 | 🔍 Esperando ventana que contenga alguna de: ['SNAP'] (máx 20s)
2026-07-06 05:21:50 | INFO | my_functions.py:1564 | ✅ Ventana encontrada: 'SNAP'
2026-07-06 05:21:50 | INFO | my_functions.py:1579 | ✅ Ventana seleccionada: 'SNAP'
2026-07-06 05:21:57 | INFO | my_functions.py:1611 | ✔ Verificación completa. No hubo cambios después del primer ajuste.
2026-07-06 05:21:57 | INFO | my_functions.py:247 | [DEBUG] Buscando en paralelo: ['small_submit.PNG', 'small_submit_hover.png', 'submit_hover_2.png', 'small_submit_hover_2.png'] | timeout=90s | confidence=0.8
2026-07-06 05:22:06 | INFO | my_functions.py:134 | Haciendo click en la posición (380, 642)
2026-07-06 05:22:06 | INFO | my_functions.py:269 | 🖱️ Click OK (En paralelo): small_submit.PNG at (380, 642) delay=0.2s
2026-07-06 05:22:09 | INFO | my_functions.py:247 | [DEBUG] Buscando en paralelo: ['small_submit.PNG', 'small_submit_hover.png', 'submit_hover_2.png', 'small_submit_hover_2.png'] | timeout=20s | confidence=0.8
2026-07-06 05:22:11 | INFO | my_functions.py:134 | Haciendo click en la posición (380, 721)
2026-07-06 05:22:11 | INFO | my_functions.py:269 | 🖱️ Click OK (En paralelo): small_submit.PNG at (380, 721) delay=0.2s
2026-07-06 05:22:12 | INFO | my_functions.py:1545 | ⏱ Esperando 0.1 segundos antes de empezar...
2026-07-06 05:22:12 | INFO | my_functions.py:1552 | 🔍 Esperando ventana que contenga alguna de: ['SNAP'] (máx 20s)
2026-07-06 05:22:12 | INFO | my_functions.py:1564 | ✅ Ventana encontrada: 'SNAP'
2026-07-06 05:22:12 | INFO | my_functions.py:1579 | ✅ Ventana seleccionada: 'SNAP'
2026-07-06 05:22:15 | INFO | my_functions.py:1611 | ✔ Verificación completa. No hubo cambios después del primer ajuste.
2026-07-06 05:22:15 | INFO | my_functions.py:169 | Searching please_sign.png (timeout=0s)
2026-07-06 05:22:16 | INFO | my_functions.py:213 | 
⛔ Not found: please_sign.png after 0.0s region=(0, 0, 765, 1038) confidence=0.8
2026-07-06 05:22:16 | INFO | my_functions.py:247 | [DEBUG] Buscando en paralelo: ['sign_in_with_google2.PNG'] | timeout=20s | confidence=0.8
2026-07-06 05:22:17 | INFO | my_functions.py:134 | Haciendo click en la posición (406, 957)
2026-07-06 05:22:17 | INFO | my_functions.py:269 | 🖱️ Click OK (En paralelo): sign_in_with_google2.PNG at (406, 957) delay=1s
2026-07-06 05:22:19 | INFO | my_functions.py:169 | Searching pagina_cargada.png (timeout=60s)
2026-07-06 05:22:31 | INFO | my_functions.py:199 | 
✅ Found: pagina_cargada.png pos=(70, 24) time=12.27s confidence=0.8
2026-07-06 05:22:33 | INFO | my_functions.py:247 | [DEBUG] Buscando en paralelo: ['robert.png'] | timeout=0s | confidence=0.8
2026-07-06 05:22:37 | INFO | my_functions.py:134 | Haciendo click en la posición (1152, 794)
2026-07-06 05:22:37 | INFO | my_functions.py:269 | 🖱️ Click OK (En paralelo): robert.png at (1152, 794) delay=3s
2026-07-06 05:22:38 | INFO | my_functions.py:169 | Searching marvelsnap_web.png (timeout=30s)
2026-07-06 05:22:44 | INFO | my_functions.py:199 | 
✅ Found: marvelsnap_web.png pos=(258, 80) time=5.47s confidence=0.7
2026-07-06 05:22:45 | INFO | my_functions.py:169 | Searching shop_unselected.PNG (timeout=0s)
2026-07-06 05:22:46 | INFO | my_functions.py:213 | 
⛔ Not found: shop_unselected.PNG after 0.0s region=(0, 0, 765, 1038) confidence=0.8
2026-07-06 05:22:46 | INFO | my_functions.py:247 | [DEBUG] Buscando en paralelo: ['super_premium.PNG'] | timeout=0s | confidence=0.8
2026-07-06 05:22:46 | INFO | my_functions.py:281 | [DEBUG] Click skipped, ninguna de las imágenes se encontró en el intento.
2026-07-06 05:22:47 | INFO | my_functions.py:247 | [DEBUG] Buscando en paralelo: ['maybe_later.PNG'] | timeout=0s | confidence=0.8
2026-07-06 05:22:48 | INFO | my_functions.py:281 | [DEBUG] Click skipped, ninguna de las imágenes se encontró en el intento.
2026-07-06 05:22:49 | INFO | my_functions.py:247 | [DEBUG] Buscando en paralelo: ['maybe_later2.PNG'] | timeout=0s | confidence=0.8
2026-07-06 05:22:50 | INFO | my_functions.py:281 | [DEBUG] Click skipped, ninguna de las imágenes se encontró en el intento.
2026-07-06 05:22:51 | INFO | my_functions.py:169 | Searching go_to_shop.PNG (timeout=0s)
2026-07-06 05:22:52 | INFO | my_functions.py:213 | 
⛔ Not found: go_to_shop.PNG after 0.0s region=(0, 0, 765, 1038) confidence=0.8
2026-07-06 05:22:52 | INFO | my_functions.py:247 | [DEBUG] Buscando en paralelo: ['14_days_of_winterverse.PNG'] | timeout=0s | confidence=0.8
2026-07-06 05:22:52 | INFO | my_functions.py:281 | [DEBUG] Click skipped, ninguna de las imágenes se encontró en el intento.
2026-07-06 05:22:53 | INFO | my_functions.py:169 | Searching welcome_back_calendar.PNG (timeout=0s)
2026-07-06 05:22:54 | INFO | my_functions.py:213 | 
⛔ Not found: welcome_back_calendar.PNG after 0.0s region=(0, 0, 765, 1038) confidence=0.8
2026-07-06 05:22:54 | INFO | my_functions.py:247 | [DEBUG] Buscando en paralelo: ['start_the_countdown.PNG'] | timeout=0s | confidence=0.8
2026-07-06 05:22:54 | INFO | my_functions.py:281 | [DEBUG] Click skipped, ninguna de las imágenes se encontró en el intento.
2026-07-06 05:22:55 | INFO | my_functions.py:247 | [DEBUG] Buscando en paralelo: ['event_has_ended_sanctum.PNG'] | timeout=0s | confidence=0.8
2026-07-06 05:22:56 | INFO | my_functions.py:281 | [DEBUG] Click skipped, ninguna de las imágenes se encontró en el intento.
2026-07-06 05:22:57 | INFO | my_functions.py:247 | [DEBUG] Buscando en paralelo: ['event_has_ended_teamclash.PNG'] | timeout=0s | confidence=0.8
2026-07-06 05:22:58 | INFO | my_functions.py:281 | [DEBUG] Click skipped, ninguna de las imágenes se encontró en el intento.
2026-07-06 05:22:59 | INFO | my_functions.py:247 | [DEBUG] Buscando en paralelo: ['image_part_of_event_grand_arena_finished.PNG'] | timeout=0s | confidence=0.8
2026-07-06 05:23:00 | INFO | my_functions.py:281 | [DEBUG] Click skipped, ninguna de las imágenes se encontró en el intento.
2026-07-06 05:23:01 | INFO | my_functions.py:169 | Searching 28_day_event_login_rewards.PNG (timeout=0s)
2026-07-06 05:23:01 | INFO | my_functions.py:213 | 
⛔ Not found: 28_day_event_login_rewards.PNG after 0.0s region=(0, 0, 765, 1038) confidence=0.8
2026-07-06 05:23:01 | INFO | my_functions.py:169 | Searching 7_day_event_login.PNG (timeout=0s)
2026-07-06 05:23:02 | INFO | my_functions.py:213 | 
⛔ Not found: 7_day_event_login.PNG after 0.0s region=(0, 0, 765, 1038) confidence=0.8
2026-07-06 05:23:02 | INFO | my_functions.py:169 | Searching 14_days_event.PNG (timeout=0s)
2026-07-06 05:23:02 | INFO | my_functions.py:213 | 
⛔ Not found: 14_days_event.PNG after 0.0s region=(0, 0, 765, 1038) confidence=0.8
2026-07-06 05:23:02 | INFO | my_functions.py:247 | [DEBUG] Buscando en paralelo: ['lets_go.PNG'] | timeout=0s | confidence=0.8
2026-07-06 05:23:03 | INFO | my_functions.py:281 | [DEBUG] Click skipped, ninguna de las imágenes se encontró en el intento.
2026-07-06 05:23:05 | INFO | my_functions.py:169 | Searching shop_unselected.PNG (timeout=0s)
2026-07-06 05:23:06 | INFO | my_functions.py:213 | 
⛔ Not found: shop_unselected.PNG after 0.0s region=(0, 0, 765, 1038) confidence=0.8
2026-07-06 05:23:06 | INFO | my_functions.py:247 | [DEBUG] Buscando en paralelo: ['super_premium.PNG'] | timeout=0s | confidence=0.8
2026-07-06 05:23:07 | INFO | my_functions.py:134 | Haciendo click en la posición (480, 777)
2026-07-06 05:23:07 | INFO | my_functions.py:269 | 🖱️ Click OK (En paralelo): super_premium.PNG at (480, 777) delay=1s
2026-07-06 05:23:08 | INFO | my_functions.py:142 | Presionando ESC (1/1)
2026-07-06 05:23:17 | INFO | my_functions.py:169 | Searching shop_unselected.PNG (timeout=0s)
2026-07-06 05:23:18 | INFO | my_functions.py:199 | 
✅ Found: shop_unselected.PNG pos=(88, 961) time=0.73s confidence=0.8
2026-07-06 05:23:18 | INFO | my_functions.py:714 | Ya esta listo
2026-07-06 05:23:22 | INFO | my_functions.py:533 | AVAILABLE: 6
2026-07-06 05:23:22 | INFO | my_functions.py:555 | Misiones completadas: 0
2026-07-06 05:23:22 | INFO | my_functions.py:169 | Searching play.PNG (timeout=0s)
2026-07-06 05:23:23 | INFO | my_functions.py:199 | 
✅ Found: play.PNG pos=(384, 826) time=0.66s confidence=0.8
2026-07-06 05:23:23 | INFO | my_functions.py:1440 | [INFO] Click realizado donde se equipa el deck a jugar
2026-07-06 05:23:27 | INFO | my_functions.py:247 | [DEBUG] Buscando en paralelo: ['deck_666666.png'] | timeout=3s | confidence=0.8
2026-07-06 05:23:28 | INFO | my_functions.py:134 | Haciendo click en la posición (234, 702)
2026-07-06 05:23:29 | INFO | my_functions.py:269 | 🖱️ Click OK (En paralelo): deck_666666.png at (234, 702) delay=1s
2026-07-06 05:23:30 | INFO | my_functions.py:247 | [DEBUG] Buscando en paralelo: ['equip.png'] | timeout=3s | confidence=0.95
2026-07-06 05:23:32 | INFO | my_functions.py:134 | Haciendo click en la posición (548, 983)
2026-07-06 05:23:32 | INFO | my_functions.py:269 | 🖱️ Click OK (En paralelo): equip.png at (548, 983) delay=1s
2026-07-06 05:23:33 | INFO | each_eight_hours.py:134 | Deck selected: 6turns
2026-07-06 05:23:33 | INFO | my_functions.py:247 | [DEBUG] Buscando en paralelo: ['maybe_later.PNG'] | timeout=2s | confidence=0.8
2026-07-06 05:23:35 | INFO | my_functions.py:281 | [DEBUG] Click skipped, ninguna de las imágenes se encontró en el intento.
2026-07-06 05:23:36 | INFO | my_functions.py:247 | [DEBUG] Buscando en paralelo: ['maybe_later2.PNG'] | timeout=0.01s | confidence=0.8
2026-07-06 05:23:37 | INFO | my_functions.py:281 | [DEBUG] Click skipped, ninguna de las imágenes se encontró en el intento.
2026-07-06 05:23:38 | INFO | each_eight_hours.py:148 | Starting game loop 1
2026-07-06 05:23:38 | INFO | my_functions.py:247 | [DEBUG] Buscando en paralelo: ['play.PNG'] | timeout=20s | confidence=0.8
2026-07-06 05:23:42 | INFO | my_functions.py:134 | Haciendo click en la posición (384, 824)
2026-07-06 05:23:42 | INFO | my_functions.py:269 | 🖱️ Click OK (En paralelo): play.PNG at (384, 824) delay=3s
2026-07-06 05:24:04 | INFO | my_functions.py:199 | 
✅ Found: end_turn.PNG pos=(681, 945) time=0.64s confidence=0.8
2026-07-06 05:24:04 | INFO | my_functions.py:247 | [DEBUG] Buscando en paralelo: ['snap.PNG'] | timeout=0s | confidence=0.8
2026-07-06 05:24:05 | INFO | my_functions.py:134 | Haciendo click en la posición (386, 122)
2026-07-06 05:24:06 | INFO | my_functions.py:269 | 🖱️ Click OK (En paralelo): snap.PNG at (386, 122) delay=1s
2026-07-06 05:24:12 | INFO | my_functions.py:247 | [DEBUG] Buscando en paralelo: ['end_turn.PNG'] | timeout=0s | confidence=0.8
2026-07-06 05:24:13 | INFO | my_functions.py:134 | Haciendo click en la posición (682, 946)
2026-07-06 05:24:14 | INFO | my_functions.py:269 | 🖱️ Click OK (En paralelo): end_turn.PNG at (682, 946) delay=1s
2026-07-06 05:24:15 | INFO | each_eight_hours.py:165 | End turn executed
2026-07-06 05:24:27 | INFO | my_functions.py:199 | 
✅ Found: end_turn.PNG pos=(681, 945) time=0.66s confidence=0.8
2026-07-06 05:24:27 | INFO | my_functions.py:247 | [DEBUG] Buscando en paralelo: ['snap.PNG'] | timeout=0s | confidence=0.8
2026-07-06 05:24:28 | INFO | my_functions.py:281 | [DEBUG] Click skipped, ninguna de las imágenes se encontró en el intento.
2026-07-06 05:24:34 | INFO | my_functions.py:247 | [DEBUG] Buscando en paralelo: ['end_turn.PNG'] | timeout=0s | confidence=0.8
2026-07-06 05:24:36 | INFO | my_functions.py:134 | Haciendo click en la posición (682, 946)
2026-07-06 05:24:36 | INFO | my_functions.py:269 | 🖱️ Click OK (En paralelo): end_turn.PNG at (682, 946) delay=1s
2026-07-06 05:24:37 | INFO | each_eight_hours.py:165 | End turn executed
2026-07-06 05:24:50 | INFO | my_functions.py:199 | 
✅ Found: end_turn.PNG pos=(681, 945) time=0.63s confidence=0.8
2026-07-06 05:24:50 | INFO | my_functions.py:247 | [DEBUG] Buscando en paralelo: ['snap.PNG'] | timeout=0s | confidence=0.8
2026-07-06 05:24:51 | INFO | my_functions.py:281 | [DEBUG] Click skipped, ninguna de las imágenes se encontró en el intento.
2026-07-06 05:24:57 | INFO | my_functions.py:247 | [DEBUG] Buscando en paralelo: ['end_turn.PNG'] | timeout=0s | confidence=0.8
2026-07-06 05:24:58 | INFO | my_functions.py:134 | Haciendo click en la posición (682, 945)
2026-07-06 05:24:59 | INFO | my_functions.py:269 | 🖱️ Click OK (En paralelo): end_turn.PNG at (682, 945) delay=1s
2026-07-06 05:25:00 | INFO | each_eight_hours.py:165 | End turn executed
2026-07-06 05:25:09 | INFO | my_functions.py:199 | 
✅ Found: end_turn.PNG pos=(681, 945) time=0.65s confidence=0.8
2026-07-06 05:25:09 | INFO | my_functions.py:247 | [DEBUG] Buscando en paralelo: ['snap.PNG'] | timeout=0s | confidence=0.8
2026-07-06 05:25:10 | INFO | my_functions.py:281 | [DEBUG] Click skipped, ninguna de las imágenes se encontró en el intento.
2026-07-06 05:25:16 | INFO | my_functions.py:247 | [DEBUG] Buscando en paralelo: ['end_turn.PNG'] | timeout=0s | confidence=0.8
2026-07-06 05:25:18 | INFO | my_functions.py:134 | Haciendo click en la posición (682, 945)
2026-07-06 05:25:18 | INFO | my_functions.py:269 | 🖱️ Click OK (En paralelo): end_turn.PNG at (682, 945) delay=1s
2026-07-06 05:25:19 | INFO | each_eight_hours.py:165 | End turn executed
2026-07-06 05:25:28 | INFO | my_functions.py:199 | 
✅ Found: end_turn.PNG pos=(681, 945) time=0.63s confidence=0.8
2026-07-06 05:25:28 | INFO | my_functions.py:247 | [DEBUG] Buscando en paralelo: ['snap.PNG'] | timeout=0s | confidence=0.8
2026-07-06 05:25:29 | INFO | my_functions.py:281 | [DEBUG] Click skipped, ninguna de las imágenes se encontró en el intento.
2026-07-06 05:25:35 | INFO | my_functions.py:247 | [DEBUG] Buscando en paralelo: ['end_turn.PNG'] | timeout=0s | confidence=0.8
2026-07-06 05:25:37 | INFO | my_functions.py:134 | Haciendo click en la posición (682, 945)
2026-07-06 05:25:37 | INFO | my_functions.py:269 | 🖱️ Click OK (En paralelo): end_turn.PNG at (682, 945) delay=1s
2026-07-06 05:25:38 | INFO | each_eight_hours.py:165 | End turn executed
2026-07-06 05:26:01 | INFO | my_functions.py:199 | 
✅ Found: end_turn.PNG pos=(681, 945) time=0.63s confidence=0.8
2026-07-06 05:26:01 | INFO | my_functions.py:247 | [DEBUG] Buscando en paralelo: ['snap.PNG'] | timeout=0s | confidence=0.8
2026-07-06 05:26:02 | INFO | my_functions.py:281 | [DEBUG] Click skipped, ninguna de las imágenes se encontró en el intento.
2026-07-06 05:26:08 | INFO | my_functions.py:247 | [DEBUG] Buscando en paralelo: ['end_turn.PNG'] | timeout=0s | confidence=0.8
2026-07-06 05:26:10 | INFO | my_functions.py:134 | Haciendo click en la posición (681, 945)
2026-07-06 05:26:10 | INFO | my_functions.py:269 | 🖱️ Click OK (En paralelo): end_turn.PNG at (681, 945) delay=1s
2026-07-06 05:26:11 | INFO | each_eight_hours.py:165 | End turn executed
2026-07-06 05:26:40 | INFO | my_functions.py:199 | 
✅ Found: collect_rewards.PNG pos=(679, 957) time=0.75s confidence=0.8
2026-07-06 05:26:40 | INFO | each_eight_hours.py:204 | Rewards detected, exiting match
2026-07-06 05:26:40 | INFO | my_functions.py:247 | [DEBUG] Buscando en paralelo: ['collect_rewards.PNG'] | timeout=20s | confidence=0.8
2026-07-06 05:26:42 | INFO | my_functions.py:134 | Haciendo click en la posición (679, 957)
2026-07-06 05:26:42 | INFO | my_functions.py:269 | 🖱️ Click OK (En paralelo): collect_rewards.PNG at (679, 957) delay=1s
2026-07-06 05:26:43 | INFO | my_functions.py:247 | [DEBUG] Buscando en paralelo: ['next.PNG'] | timeout=20s | confidence=0.8
2026-07-06 05:26:49 | INFO | my_functions.py:134 | Haciendo click en la posición (677, 973)
2026-07-06 05:26:50 | INFO | my_functions.py:269 | 🖱️ Click OK (En paralelo): next.PNG at (677, 973) delay=1s
2026-07-06 05:26:53 | INFO | my_functions.py:533 | AVAILABLE: 6
2026-07-06 05:26:53 | INFO | each_eight_hours.py:271 | Submissions after match: 6
2026-07-06 05:26:53 | INFO | my_functions.py:555 | Misiones completadas: 0
2026-07-06 05:26:53 | INFO | each_eight_hours.py:148 | Starting game loop 2
2026-07-06 05:26:53 | INFO | my_functions.py:247 | [DEBUG] Buscando en paralelo: ['play.PNG'] | timeout=20s | confidence=0.8
2026-07-06 05:26:57 | INFO | my_functions.py:134 | Haciendo click en la posición (384, 824)
2026-07-06 05:26:57 | INFO | my_functions.py:269 | 🖱️ Click OK (En paralelo): play.PNG at (384, 824) delay=3s
2026-07-06 05:27:09 | INFO | my_functions.py:199 | 
✅ Found: end_turn.PNG pos=(681, 945) time=0.7s confidence=0.8
2026-07-06 05:27:09 | INFO | my_functions.py:247 | [DEBUG] Buscando en paralelo: ['snap.PNG'] | timeout=0s | confidence=0.8
2026-07-06 05:27:11 | INFO | my_functions.py:134 | Haciendo click en la posición (386, 122)
2026-07-06 05:27:11 | INFO | my_functions.py:269 | 🖱️ Click OK (En paralelo): snap.PNG at (386, 122) delay=1s
2026-07-06 05:27:18 | INFO | my_functions.py:247 | [DEBUG] Buscando en paralelo: ['end_turn.PNG'] | timeout=0s | confidence=0.8
2026-07-06 05:27:19 | INFO | my_functions.py:134 | Haciendo click en la posición (682, 946)
2026-07-06 05:27:20 | INFO | my_functions.py:269 | 🖱️ Click OK (En paralelo): end_turn.PNG at (682, 946) delay=1s
2026-07-06 05:27:21 | INFO | each_eight_hours.py:165 | End turn executed
2026-07-06 05:27:31 | INFO | my_functions.py:199 | 
✅ Found: end_turn.PNG pos=(681, 945) time=0.64s confidence=0.8
2026-07-06 05:27:31 | INFO | my_functions.py:247 | [DEBUG] Buscando en paralelo: ['snap.PNG'] | timeout=0s | confidence=0.8
2026-07-06 05:27:32 | INFO | my_functions.py:281 | [DEBUG] Click skipped, ninguna de las imágenes se encontró en el intento.
2026-07-06 05:27:38 | INFO | my_functions.py:247 | [DEBUG] Buscando en paralelo: ['end_turn.PNG'] | timeout=0s | confidence=0.8
2026-07-06 05:27:40 | INFO | my_functions.py:134 | Haciendo click en la posición (682, 945)
2026-07-06 05:27:40 | INFO | my_functions.py:269 | 🖱️ Click OK (En paralelo): end_turn.PNG at (682, 945) delay=1s
2026-07-06 05:27:41 | INFO | each_eight_hours.py:165 | End turn executed
2026-07-06 05:27:58 | INFO | my_functions.py:199 | 
✅ Found: end_turn.PNG pos=(681, 945) time=0.68s confidence=0.8
2026-07-06 05:27:58 | INFO | my_functions.py:247 | [DEBUG] Buscando en paralelo: ['snap.PNG'] | timeout=0s | confidence=0.8
2026-07-06 05:27:59 | INFO | my_functions.py:281 | [DEBUG] Click skipped, ninguna de las imágenes se encontró en el intento.
2026-07-06 05:28:05 | INFO | my_functions.py:247 | [DEBUG] Buscando en paralelo: ['end_turn.PNG'] | timeout=0s | confidence=0.8
2026-07-06 05:28:07 | INFO | my_functions.py:134 | Haciendo click en la posición (682, 945)
2026-07-06 05:28:07 | INFO | my_functions.py:269 | 🖱️ Click OK (En paralelo): end_turn.PNG at (682, 945) delay=1s
2026-07-06 05:28:08 | INFO | each_eight_hours.py:165 | End turn executed
2026-07-06 05:28:18 | INFO | my_functions.py:199 | 
✅ Found: end_turn.PNG pos=(681, 945) time=0.68s confidence=0.8
2026-07-06 05:28:18 | INFO | my_functions.py:247 | [DEBUG] Buscando en paralelo: ['snap.PNG'] | timeout=0s | confidence=0.8
2026-07-06 05:28:19 | INFO | my_functions.py:281 | [DEBUG] Click skipped, ninguna de las imágenes se encontró en el intento.
2026-07-06 05:28:25 | INFO | my_functions.py:247 | [DEBUG] Buscando en paralelo: ['end_turn.PNG'] | timeout=0s | confidence=0.8
2026-07-06 05:28:27 | INFO | my_functions.py:134 | Haciendo click en la posición (682, 945)
2026-07-06 05:28:27 | INFO | my_functions.py:269 | 🖱️ Click OK (En paralelo): end_turn.PNG at (682, 945) delay=1s
2026-07-06 05:28:28 | INFO | each_eight_hours.py:165 | End turn executed
2026-07-06 05:28:38 | INFO | my_functions.py:199 | 
✅ Found: end_turn.PNG pos=(681, 945) time=0.68s confidence=0.8
2026-07-06 05:28:38 | INFO | my_functions.py:247 | [DEBUG] Buscando en paralelo: ['snap.PNG'] | timeout=0s | confidence=0.8
2026-07-06 05:28:39 | INFO | my_functions.py:281 | [DEBUG] Click skipped, ninguna de las imágenes se encontró en el intento.
2026-07-06 05:28:44 | INFO | my_functions.py:247 | [DEBUG] Buscando en paralelo: ['end_turn.PNG'] | timeout=0s | confidence=0.8
2026-07-06 05:28:46 | INFO | my_functions.py:134 | Haciendo click en la posición (682, 945)
2026-07-06 05:28:46 | INFO | my_functions.py:269 | 🖱️ Click OK (En paralelo): end_turn.PNG at (682, 945) delay=1s
2026-07-06 05:28:48 | INFO | each_eight_hours.py:165 | End turn executed
2026-07-06 05:29:18 | INFO | my_functions.py:199 | 
✅ Found: end_turn.PNG pos=(681, 945) time=0.64s confidence=0.8
2026-07-06 05:29:18 | INFO | my_functions.py:247 | [DEBUG] Buscando en paralelo: ['snap.PNG'] | timeout=0s | confidence=0.8
2026-07-06 05:29:19 | INFO | my_functions.py:281 | [DEBUG] Click skipped, ninguna de las imágenes se encontró en el intento.
2026-07-06 05:29:25 | INFO | my_functions.py:247 | [DEBUG] Buscando en paralelo: ['end_turn.PNG'] | timeout=0s | confidence=0.8
2026-07-06 05:29:27 | INFO | my_functions.py:134 | Haciendo click en la posición (682, 945)
2026-07-06 05:29:27 | INFO | my_functions.py:269 | 🖱️ Click OK (En paralelo): end_turn.PNG at (682, 945) delay=1s
2026-07-06 05:29:28 | INFO | each_eight_hours.py:165 | End turn executed
2026-07-06 05:29:53 | INFO | my_functions.py:199 | 
✅ Found: collect_rewards.PNG pos=(679, 957) time=0.76s confidence=0.8
2026-07-06 05:29:53 | INFO | each_eight_hours.py:204 | Rewards detected, exiting match
2026-07-06 05:29:53 | INFO | my_functions.py:247 | [DEBUG] Buscando en paralelo: ['collect_rewards.PNG'] | timeout=20s | confidence=0.8
2026-07-06 05:29:55 | INFO | my_functions.py:134 | Haciendo click en la posición (679, 957)
2026-07-06 05:29:55 | INFO | my_functions.py:269 | 🖱️ Click OK (En paralelo): collect_rewards.PNG at (679, 957) delay=1s
2026-07-06 05:29:56 | INFO | my_functions.py:247 | [DEBUG] Buscando en paralelo: ['next.PNG'] | timeout=20s | confidence=0.8
2026-07-06 05:30:03 | INFO | my_functions.py:134 | Haciendo click en la posición (677, 973)
2026-07-06 05:30:03 | INFO | my_functions.py:269 | 🖱️ Click OK (En paralelo): next.PNG at (677, 973) delay=1s
2026-07-06 05:30:06 | INFO | my_functions.py:533 | AVAILABLE: 6
2026-07-06 05:30:06 | INFO | each_eight_hours.py:271 | Submissions after match: 6
2026-07-06 05:30:06 | INFO | my_functions.py:555 | Misiones completadas: 1
2026-07-06 05:30:06 | INFO | each_eight_hours.py:148 | Starting game loop 3
2026-07-06 05:30:06 | INFO | my_functions.py:247 | [DEBUG] Buscando en paralelo: ['play.PNG'] | timeout=20s | confidence=0.8
2026-07-06 05:30:10 | INFO | my_functions.py:134 | Haciendo click en la posición (384, 824)
2026-07-06 05:30:10 | INFO | my_functions.py:269 | 🖱️ Click OK (En paralelo): play.PNG at (384, 824) delay=3s
2026-07-06 05:30:32 | INFO | my_functions.py:199 | 
✅ Found: end_turn.PNG pos=(681, 945) time=0.65s confidence=0.8
2026-07-06 05:30:32 | INFO | my_functions.py:247 | [DEBUG] Buscando en paralelo: ['snap.PNG'] | timeout=0s | confidence=0.8
2026-07-06 05:30:34 | INFO | my_functions.py:134 | Haciendo click en la posición (386, 123)
2026-07-06 05:30:34 | INFO | my_functions.py:269 | 🖱️ Click OK (En paralelo): snap.PNG at (386, 123) delay=1s
2026-07-06 05:30:40 | INFO | my_functions.py:247 | [DEBUG] Buscando en paralelo: ['end_turn.PNG'] | timeout=0s | confidence=0.8
2026-07-06 05:30:41 | INFO | my_functions.py:134 | Haciendo click en la posición (682, 946)
2026-07-06 05:30:42 | INFO | my_functions.py:269 | 🖱️ Click OK (En paralelo): end_turn.PNG at (682, 946) delay=1s
2026-07-06 05:30:43 | INFO | each_eight_hours.py:165 | End turn executed
2026-07-06 05:30:56 | INFO | my_functions.py:199 | 
✅ Found: end_turn.PNG pos=(681, 945) time=0.64s confidence=0.8
2026-07-06 05:30:56 | INFO | my_functions.py:247 | [DEBUG] Buscando en paralelo: ['snap.PNG'] | timeout=0s | confidence=0.8
2026-07-06 05:30:57 | INFO | my_functions.py:281 | [DEBUG] Click skipped, ninguna de las imágenes se encontró en el intento.
2026-07-06 05:31:03 | INFO | my_functions.py:247 | [DEBUG] Buscando en paralelo: ['end_turn.PNG'] | timeout=0s | confidence=0.8
2026-07-06 05:31:05 | INFO | my_functions.py:134 | Haciendo click en la posición (682, 945)
2026-07-06 05:31:05 | INFO | my_functions.py:269 | 🖱️ Click OK (En paralelo): end_turn.PNG at (682, 945) delay=1s
2026-07-06 05:31:06 | INFO | each_eight_hours.py:165 | End turn executed
2026-07-06 05:31:23 | INFO | my_functions.py:199 | 
✅ Found: end_turn.PNG pos=(681, 945) time=0.69s confidence=0.8
2026-07-06 05:31:23 | INFO | my_functions.py:247 | [DEBUG] Buscando en paralelo: ['snap.PNG'] | timeout=0s | confidence=0.8
2026-07-06 05:31:23 | INFO | my_functions.py:281 | [DEBUG] Click skipped, ninguna de las imágenes se encontró en el intento.
2026-07-06 05:31:30 | INFO | my_functions.py:247 | [DEBUG] Buscando en paralelo: ['end_turn.PNG'] | timeout=0s | confidence=0.8
2026-07-06 05:31:31 | INFO | my_functions.py:134 | Haciendo click en la posición (682, 945)
2026-07-06 05:31:32 | INFO | my_functions.py:269 | 🖱️ Click OK (En paralelo): end_turn.PNG at (682, 945) delay=1s
2026-07-06 05:31:33 | INFO | each_eight_hours.py:165 | End turn executed
2026-07-06 05:31:46 | INFO | my_functions.py:199 | 
✅ Found: end_turn.PNG pos=(681, 945) time=0.69s confidence=0.8
2026-07-06 05:31:46 | INFO | my_functions.py:247 | [DEBUG] Buscando en paralelo: ['snap.PNG'] | timeout=0s | confidence=0.8
2026-07-06 05:31:47 | INFO | my_functions.py:281 | [DEBUG] Click skipped, ninguna de las imágenes se encontró en el intento.
2026-07-06 05:31:53 | INFO | my_functions.py:247 | [DEBUG] Buscando en paralelo: ['end_turn.PNG'] | timeout=0s | confidence=0.8
2026-07-06 05:31:55 | INFO | my_functions.py:134 | Haciendo click en la posición (682, 945)
2026-07-06 05:31:55 | INFO | my_functions.py:269 | 🖱️ Click OK (En paralelo): end_turn.PNG at (682, 945) delay=1s
2026-07-06 05:31:56 | INFO | each_eight_hours.py:165 | End turn executed
2026-07-06 05:32:14 | INFO | my_functions.py:199 | 
✅ Found: end_turn.PNG pos=(681, 945) time=0.7s confidence=0.8
2026-07-06 05:32:14 | INFO | my_functions.py:247 | [DEBUG] Buscando en paralelo: ['snap.PNG'] | timeout=0s | confidence=0.8
2026-07-06 05:32:14 | INFO | my_functions.py:281 | [DEBUG] Click skipped, ninguna de las imágenes se encontró en el intento.
2026-07-06 05:32:21 | INFO | my_functions.py:247 | [DEBUG] Buscando en paralelo: ['end_turn.PNG'] | timeout=0s | confidence=0.8
2026-07-06 05:32:23 | INFO | my_functions.py:134 | Haciendo click en la posición (682, 945)
2026-07-06 05:32:23 | INFO | my_functions.py:269 | 🖱️ Click OK (En paralelo): end_turn.PNG at (682, 945) delay=1s
2026-07-06 05:32:24 | INFO | each_eight_hours.py:165 | End turn executed
2026-07-06 05:32:45 | INFO | my_functions.py:199 | 
✅ Found: end_turn.PNG pos=(682, 945) time=0.68s confidence=0.8
2026-07-06 05:32:45 | INFO | my_functions.py:247 | [DEBUG] Buscando en paralelo: ['snap.PNG'] | timeout=0s | confidence=0.8
2026-07-06 05:32:46 | INFO | my_functions.py:281 | [DEBUG] Click skipped, ninguna de las imágenes se encontró en el intento.
2026-07-06 05:32:52 | INFO | my_functions.py:247 | [DEBUG] Buscando en paralelo: ['end_turn.PNG'] | timeout=0s | confidence=0.8
2026-07-06 05:32:54 | INFO | my_functions.py:134 | Haciendo click en la posición (682, 945)
2026-07-06 05:32:54 | INFO | my_functions.py:269 | 🖱️ Click OK (En paralelo): end_turn.PNG at (682, 945) delay=1s
2026-07-06 05:32:55 | INFO | each_eight_hours.py:165 | End turn executed
2026-07-06 05:33:14 | INFO | my_functions.py:199 | 
✅ Found: collect_rewards.PNG pos=(679, 957) time=0.94s confidence=0.8
2026-07-06 05:33:14 | INFO | each_eight_hours.py:204 | Rewards detected, exiting match
2026-07-06 05:33:14 | INFO | my_functions.py:247 | [DEBUG] Buscando en paralelo: ['collect_rewards.PNG'] | timeout=20s | confidence=0.8
2026-07-06 05:33:16 | INFO | my_functions.py:134 | Haciendo click en la posición (679, 957)
2026-07-06 05:33:16 | INFO | my_functions.py:269 | 🖱️ Click OK (En paralelo): collect_rewards.PNG at (679, 957) delay=1s
2026-07-06 05:33:17 | INFO | my_functions.py:247 | [DEBUG] Buscando en paralelo: ['next.PNG'] | timeout=20s | confidence=0.8
2026-07-06 05:33:23 | INFO | my_functions.py:134 | Haciendo click en la posición (677, 973)
2026-07-06 05:33:23 | INFO | my_functions.py:269 | 🖱️ Click OK (En paralelo): next.PNG at (677, 973) delay=1s
2026-07-06 05:33:26 | INFO | my_functions.py:533 | AVAILABLE: 6
2026-07-06 05:33:26 | INFO | each_eight_hours.py:271 | Submissions after match: 6
2026-07-06 05:33:26 | INFO | my_functions.py:555 | Misiones completadas: 2
2026-07-06 05:33:26 | INFO | each_eight_hours.py:275 | Submission condition met, breaking loop
2026-07-06 05:33:26 | INFO | my_functions.py:247 | [DEBUG] Buscando en paralelo: ['missionsNotify2.png'] | timeout=20s | confidence=0.8
2026-07-06 05:33:30 | INFO | my_functions.py:134 | Haciendo click en la posición (538, 124)
2026-07-06 05:33:30 | INFO | my_functions.py:269 | 🖱️ Click OK (En paralelo): missionsNotify2.png at (538, 124) delay=3s
2026-07-06 05:33:31 | INFO | my_functions.py:1470 | [INFO] Iniciando click_missions_blue2
2026-07-06 05:33:31 | INFO | my_functions.py:134 | Haciendo click en la posición (150, 132)
2026-07-06 05:33:32 | INFO | my_functions.py:1473 | [ACTION] Click hecho en icono de calendario que me dirige a las misiones ordinarias
2026-07-06 05:33:32 | INFO | my_functions.py:169 | Searching bonus_challenge.png (timeout=0s)
2026-07-06 05:33:33 | INFO | my_functions.py:213 | 
⛔ Not found: bonus_challenge.png after 0.0s region=(0, 0, 765, 1038) confidence=0.8
2026-07-06 05:33:35 | INFO | my_functions.py:134 | Haciendo click en la posición (362, 493)
2026-07-06 05:33:36 | INFO | my_functions.py:1486 | [ACTION] Click 1/2 en misión azul
2026-07-06 05:33:36 | INFO | my_functions.py:134 | Haciendo click en la posición (362, 493)
2026-07-06 05:33:37 | INFO | my_functions.py:1486 | [ACTION] Click 2/2 en misión azul
2026-07-06 05:33:38 | INFO | my_functions.py:169 | Searching flechita_mission.PNG (timeout=0s)
2026-07-06 05:33:39 | INFO | my_functions.py:213 | 
⛔ Not found: flechita_mission.PNG after 0.0s region=(0, 0, 765, 1038) confidence=0.8
2026-07-06 05:33:39 | INFO | my_functions.py:247 | [DEBUG] Buscando en paralelo: ['weekly3.PNG'] | timeout=0s | confidence=0.8
2026-07-06 05:33:40 | INFO | my_functions.py:281 | [DEBUG] Click skipped, ninguna de las imágenes se encontró en el intento.
2026-07-06 05:33:41 | INFO | my_functions.py:247 | [DEBUG] Buscando en paralelo: ['weekly3.PNG'] | timeout=0s | confidence=0.8
2026-07-06 05:33:41 | INFO | my_functions.py:281 | [DEBUG] Click skipped, ninguna de las imágenes se encontró en el intento.
2026-07-06 05:33:43 | INFO | my_functions.py:134 | Haciendo click en la posición (557, 64)
2026-07-06 05:33:44 | INFO | my_functions.py:247 | [DEBUG] Buscando en paralelo: ['cards_shop.PNG'] | timeout=20s | confidence=0.8
2026-07-06 05:33:46 | INFO | my_functions.py:134 | Haciendo click en la posición (568, 121)
2026-07-06 05:33:46 | INFO | my_functions.py:269 | 🖱️ Click OK (En paralelo): cards_shop.PNG at (568, 121) delay=1s
2026-07-06 05:33:48 | INFO | my_functions.py:247 | [DEBUG] Buscando en paralelo: ['token_icon.PNG'] | timeout=20s | confidence=0.8
2026-07-06 05:33:50 | INFO | my_functions.py:134 | Haciendo click en la posición (571, 171)
2026-07-06 05:33:51 | INFO | my_functions.py:269 | 🖱️ Click OK (En paralelo): token_icon.PNG at (571, 171) delay=1s
2026-07-06 05:33:54 | INFO | my_functions.py:247 | [DEBUG] Buscando en paralelo: ['claim!_token_3.PNG'] | timeout=4s | confidence=0.8
2026-07-06 05:33:58 | INFO | my_functions.py:281 | [DEBUG] Click skipped, ninguna de las imágenes se encontró en el intento.
2026-07-06 05:33:59 | INFO | my_functions.py:247 | [DEBUG] Buscando en paralelo: ['cards_shop.PNG'] | timeout=20s | confidence=0.8
2026-07-06 05:34:01 | INFO | my_functions.py:134 | Haciendo click en la posición (568, 122)
2026-07-06 05:34:01 | INFO | my_functions.py:269 | 🖱️ Click OK (En paralelo): cards_shop.PNG at (568, 122) delay=1s
2026-07-06 05:34:02 | INFO | my_functions.py:247 | [DEBUG] Buscando en paralelo: ['offers.PNG'] | timeout=20s | confidence=0.8
2026-07-06 05:34:04 | INFO | my_functions.py:134 | Haciendo click en la posición (197, 121)
2026-07-06 05:34:04 | INFO | my_functions.py:269 | 🖱️ Click OK (En paralelo): offers.PNG at (197, 121) delay=1s
2026-07-06 05:34:05 | INFO | my_functions.py:1351 | [INFO] Iniciando mejora de cartas
2026-07-06 05:34:05 | INFO | my_functions.py:247 | [DEBUG] Buscando en paralelo: ['upgrade_cards_icon.PNG'] | timeout=3s | confidence=0.8
2026-07-06 05:34:07 | INFO | my_functions.py:134 | Haciendo click en la posición (322, 170)
2026-07-06 05:34:07 | INFO | my_functions.py:269 | 🖱️ Click OK (En paralelo): upgrade_cards_icon.PNG at (322, 170) delay=1s
2026-07-06 05:34:09 | INFO | my_functions.py:1358 | [INFO] Abriendo icono de upgrade_cards
2026-07-06 05:34:10 | INFO | my_functions.py:1365 | [STEP] Mejorando carta 1
2026-07-06 05:34:10 | INFO | my_functions.py:1369 | [ACTION] Click en carta 1
2026-07-06 05:34:11 | INFO | my_functions.py:1374 | [ACTION] Click en botón upgrade
2026-07-06 05:34:18 | INFO | my_functions.py:169 | Searching aw_snap.png (timeout=3s)
2026-07-06 05:34:21 | INFO | my_functions.py:213 | 
⛔ Not found: aw_snap.png after 3.0s region=(0, 0, 765, 1038) confidence=0.8
2026-07-06 05:34:21 | INFO | my_functions.py:247 | [DEBUG] Buscando en paralelo: ['you_need_more_credits!.png'] | timeout=3s | confidence=0.8
2026-07-06 05:34:23 | INFO | my_functions.py:134 | Haciendo click en la posición (381, 345)
2026-07-06 05:34:23 | INFO | my_functions.py:269 | 🖱️ Click OK (En paralelo): you_need_more_credits!.png at (381, 345) delay=1s
2026-07-06 05:34:24 | INFO | my_functions.py:142 | Presionando ESC (1/2)
2026-07-06 05:34:25 | INFO | my_functions.py:142 | Presionando ESC (2/2)
2026-07-06 05:34:27 | INFO | my_functions.py:1433 | [INFO] Mejora de cartas completada ✅
2026-07-06 05:34:27 | INFO | my_functions.py:142 | Presionando ESC (1/1)
2026-07-06 05:34:28 | INFO | my_functions.py:247 | [DEBUG] Buscando en paralelo: ['white_x.png'] | timeout=2s | confidence=0.8
2026-07-06 05:34:31 | INFO | my_functions.py:281 | [DEBUG] Click skipped, ninguna de las imágenes se encontró en el intento.
2026-07-06 05:34:32 | INFO | each_eight_hours.py:46 | [05:34:32.337] [DEBUG] === INICIANDO FUNCIÓN collect_cl_rewards ===
2026-07-06 05:34:32 | INFO | each_eight_hours.py:46 | [05:34:32.346] [DEBUG] Haciendo click inicial en (387, 166)...
2026-07-06 05:34:32 | INFO | my_functions.py:134 | Haciendo click en la posición (387, 166)
2026-07-06 05:34:38 | INFO | each_eight_hours.py:46 | [05:34:38.676] [DEBUG] Se omitió el cambio de tamaño de ventanas (resize=False)
2026-07-06 05:34:38 | INFO | each_eight_hours.py:46 | [05:34:38.704] [DEBUG] Recompensas iniciales detectadas por la API: 0
2026-07-06 05:34:38 | INFO | each_eight_hours.py:46 | Finished collecting rewards
2026-07-06 05:34:39 | INFO | my_functions.py:142 | Presionando ESC (1/1)
2026-07-06 05:34:40 | INFO | my_functions.py:247 | [DEBUG] Buscando en paralelo: ['nut.png'] | timeout=20s | confidence=0.8
2026-07-06 05:34:42 | INFO | my_functions.py:134 | Haciendo click en la posición (184, 78)
2026-07-06 05:34:42 | INFO | my_functions.py:269 | 🖱️ Click OK (En paralelo): nut.png at (184, 78) delay=1s
2026-07-06 05:34:43 | INFO | my_functions.py:247 | [DEBUG] Buscando en paralelo: ['graphics_quality.png'] | timeout=3s | confidence=0.8
2026-07-06 05:34:44 | INFO | my_functions.py:134 | Haciendo click en la posición (304, 644)
2026-07-06 05:34:45 | INFO | my_functions.py:269 | 🖱️ Click OK (En paralelo): graphics_quality.png at (304, 644) delay=1s
2026-07-06 05:34:47 | INFO | my_functions.py:247 | [DEBUG] Buscando en paralelo: ['sign_out.png'] | timeout=20s | confidence=0.8
2026-07-06 05:34:48 | INFO | my_functions.py:134 | Haciendo click en la posición (380, 796)
2026-07-06 05:34:49 | INFO | my_functions.py:269 | 🖱️ Click OK (En paralelo): sign_out.png at (380, 796) delay=1s
2026-07-06 05:34:51 | INFO | my_functions.py:247 | [DEBUG] Buscando en paralelo: ['sign_out_grande.png'] | timeout=20s | confidence=0.8
2026-07-06 05:34:52 | INFO | my_functions.py:134 | Haciendo click en la posición (359, 437)
2026-07-06 05:34:53 | INFO | my_functions.py:269 | 🖱️ Click OK (En paralelo): sign_out_grande.png at (359, 437) delay=1s
2026-07-06 05:34:54 | INFO | my_functions.py:247 | [DEBUG] Buscando en paralelo: ['sign_out2.png'] | timeout=20s | confidence=0.8
2026-07-06 05:34:55 | INFO | my_functions.py:134 | Haciendo click en la posición (383, 634)
2026-07-06 05:34:56 | INFO | my_functions.py:269 | 🖱️ Click OK (En paralelo): sign_out2.png at (383, 634) delay=1s
2026-07-06 05:34:57 | INFO | my_functions.py:1545 | ⏱ Esperando 0.1 segundos antes de empezar...
2026-07-06 05:34:57 | INFO | my_functions.py:1552 | 🔍 Esperando ventana que contenga alguna de: SNAP (máx 20s)
2026-07-06 05:34:57 | INFO | my_functions.py:1564 | ✅ Ventana encontrada: 'SNAP'
2026-07-06 05:34:57 | INFO | my_functions.py:1579 | ✅ Ventana seleccionada: 'SNAP'
2026-07-06 05:34:59 | INFO | my_functions.py:1602 | 🔁 Reajuste #1...
2026-07-06 05:35:01 | INFO | my_functions.py:1609 | ✔ Verificación completa. Se hicieron 1 reajustes.
2026-07-06 05:35:05 | INFO | each_eight_hours.py:113 | Processing account: michael
2026-07-06 05:35:05 | INFO | my_functions.py:1545 | ⏱ Esperando 0.1 segundos antes de empezar...
2026-07-06 05:35:05 | INFO | my_functions.py:1552 | 🔍 Esperando ventana que contenga alguna de: ['SNAP'] (máx 20s)
2026-07-06 05:35:09 | INFO | my_functions.py:1564 | ✅ Ventana encontrada: 'SNAP'
2026-07-06 05:35:09 | INFO | my_functions.py:1579 | ✅ Ventana seleccionada: 'SNAP'
2026-07-06 05:35:11 | INFO | my_functions.py:1611 | ✔ Verificación completa. No hubo cambios después del primer ajuste.
2026-07-06 05:35:11 | INFO | my_functions.py:1206 | [DEBUG] Resizing SNAP window...
2026-07-06 05:35:11 | INFO | my_functions.py:1545 | ⏱ Esperando 0.1 segundos antes de empezar...
2026-07-06 05:35:11 | INFO | my_functions.py:1552 | 🔍 Esperando ventana que contenga alguna de: ['SNAP'] (máx 20s)
2026-07-06 05:35:11 | INFO | my_functions.py:1564 | ✅ Ventana encontrada: 'SNAP'
2026-07-06 05:35:11 | INFO | my_functions.py:1579 | ✅ Ventana seleccionada: 'SNAP'
2026-07-06 05:35:18 | INFO | my_functions.py:1611 | ✔ Verificación completa. No hubo cambios después del primer ajuste.
2026-07-06 05:35:18 | INFO | my_functions.py:247 | [DEBUG] Buscando en paralelo: ['small_submit.PNG', 'small_submit_hover.png', 'submit_hover_2.png', 'small_submit_hover_2.png'] | timeout=90s | confidence=0.8
2026-07-06 05:35:26 | INFO | my_functions.py:134 | Haciendo click en la posición (380, 642)
2026-07-06 05:35:27 | INFO | my_functions.py:269 | 🖱️ Click OK (En paralelo): small_submit.PNG at (380, 642) delay=0.2s
2026-07-06 05:35:30 | INFO | my_functions.py:247 | [DEBUG] Buscando en paralelo: ['small_submit.PNG', 'small_submit_hover.png', 'submit_hover_2.png', 'small_submit_hover_2.png'] | timeout=20s | confidence=0.8
2026-07-06 05:35:31 | INFO | my_functions.py:134 | Haciendo click en la posición (380, 721)
2026-07-06 05:35:32 | INFO | my_functions.py:269 | 🖱️ Click OK (En paralelo): small_submit.PNG at (380, 721) delay=0.2s
2026-07-06 05:35:33 | INFO | my_functions.py:1545 | ⏱ Esperando 0.1 segundos antes de empezar...
2026-07-06 05:35:33 | INFO | my_functions.py:1552 | 🔍 Esperando ventana que contenga alguna de: ['SNAP'] (máx 20s)
2026-07-06 05:35:33 | INFO | my_functions.py:1564 | ✅ Ventana encontrada: 'SNAP'
2026-07-06 05:35:33 | INFO | my_functions.py:1579 | ✅ Ventana seleccionada: 'SNAP'
2026-07-06 05:35:35 | INFO | my_functions.py:1602 | 🔁 Reajuste #1...
2026-07-06 05:35:36 | INFO | my_functions.py:1609 | ✔ Verificación completa. Se hicieron 1 reajustes.
2026-07-06 05:35:36 | INFO | my_functions.py:169 | Searching please_sign.png (timeout=0s)
2026-07-06 05:35:36 | INFO | my_functions.py:199 | 
✅ Found: please_sign.png pos=(383, 438) time=0.59s confidence=0.8
2026-07-06 05:35:36 | INFO | my_functions.py:247 | [DEBUG] Buscando en paralelo: ['ok_btn.png'] | timeout=20s | confidence=0.8
2026-07-06 05:35:38 | INFO | my_functions.py:134 | Haciendo click en la posición (382, 634)
2026-07-06 05:35:39 | INFO | my_functions.py:269 | 🖱️ Click OK (En paralelo): ok_btn.png at (382, 634) delay=1s
2026-07-06 05:35:40 | INFO | my_functions.py:247 | [DEBUG] Buscando en paralelo: ['small_submit.PNG', 'small_submit_hover.png', 'submit_hover_2.png', 'small_submit_hover_2.png'] | timeout=30s | confidence=0.8
2026-07-06 05:35:43 | INFO | my_functions.py:134 | Haciendo click en la posición (383, 643)
2026-07-06 05:35:43 | INFO | my_functions.py:269 | 🖱️ Click OK (En paralelo): small_submit_hover_2.png at (383, 643) delay=0.2s
2026-07-06 05:35:44 | INFO | my_functions.py:247 | [DEBUG] Buscando en paralelo: ['small_submit.PNG', 'small_submit_hover.png', 'submit_hover_2.png', 'small_submit_hover_2.png'] | timeout=20s | confidence=0.8
2026-07-06 05:35:46 | INFO | my_functions.py:134 | Haciendo click en la posición (380, 721)
2026-07-06 05:35:46 | INFO | my_functions.py:269 | 🖱️ Click OK (En paralelo): small_submit.PNG at (380, 721) delay=0.2s
2026-07-06 05:35:47 | INFO | my_functions.py:247 | [DEBUG] Buscando en paralelo: ['sign_in_with_google2.PNG'] | timeout=20s | confidence=0.8
2026-07-06 05:35:49 | INFO | my_functions.py:134 | Haciendo click en la posición (406, 957)
2026-07-06 05:35:49 | INFO | my_functions.py:269 | 🖱️ Click OK (En paralelo): sign_in_with_google2.PNG at (406, 957) delay=1s
2026-07-06 05:35:50 | INFO | my_functions.py:169 | Searching pagina_cargada.png (timeout=60s)
2026-07-06 05:35:56 | INFO | my_functions.py:199 | 
✅ Found: pagina_cargada.png pos=(70, 24) time=6.57s confidence=0.8
2026-07-06 05:35:58 | INFO | my_functions.py:247 | [DEBUG] Buscando en paralelo: ['michael.png'] | timeout=0s | confidence=0.8
2026-07-06 05:36:03 | INFO | my_functions.py:134 | Haciendo click en la posición (1156, 878)
2026-07-06 05:36:03 | INFO | my_functions.py:269 | 🖱️ Click OK (En paralelo): michael.png at (1156, 878) delay=3s
2026-07-06 05:36:04 | INFO | my_functions.py:169 | Searching marvelsnap_web.png (timeout=30s)
2026-07-06 05:36:09 | INFO | my_functions.py:199 | 
✅ Found: marvelsnap_web.png pos=(258, 80) time=5.33s confidence=0.7
2026-07-06 05:36:10 | INFO | my_functions.py:169 | Searching shop_unselected.PNG (timeout=0s)
2026-07-06 05:36:10 | INFO | my_functions.py:213 | 
⛔ Not found: shop_unselected.PNG after 0.0s region=(0, 0, 765, 1038) confidence=0.8
2026-07-06 05:36:10 | INFO | my_functions.py:247 | [DEBUG] Buscando en paralelo: ['super_premium.PNG'] | timeout=0s | confidence=0.8
2026-07-06 05:36:11 | INFO | my_functions.py:281 | [DEBUG] Click skipped, ninguna de las imágenes se encontró en el intento.
2026-07-06 05:36:12 | INFO | my_functions.py:247 | [DEBUG] Buscando en paralelo: ['maybe_later.PNG'] | timeout=0s | confidence=0.8
2026-07-06 05:36:13 | INFO | my_functions.py:281 | [DEBUG] Click skipped, ninguna de las imágenes se encontró en el intento.
2026-07-06 05:36:14 | INFO | my_functions.py:247 | [DEBUG] Buscando en paralelo: ['maybe_later2.PNG'] | timeout=0s | confidence=0.8
2026-07-06 05:36:14 | INFO | my_functions.py:281 | [DEBUG] Click skipped, ninguna de las imágenes se encontró en el intento.
2026-07-06 05:36:16 | INFO | my_functions.py:169 | Searching go_to_shop.PNG (timeout=0s)
2026-07-06 05:36:16 | INFO | my_functions.py:213 | 
⛔ Not found: go_to_shop.PNG after 0.0s region=(0, 0, 765, 1038) confidence=0.8
2026-07-06 05:36:16 | INFO | my_functions.py:247 | [DEBUG] Buscando en paralelo: ['14_days_of_winterverse.PNG'] | timeout=0s | confidence=0.8
2026-07-06 05:36:17 | INFO | my_functions.py:281 | [DEBUG] Click skipped, ninguna de las imágenes se encontró en el intento.
2026-07-06 05:36:18 | INFO | my_functions.py:169 | Searching welcome_back_calendar.PNG (timeout=0s)
2026-07-06 05:36:18 | INFO | my_functions.py:213 | 
⛔ Not found: welcome_back_calendar.PNG after 0.0s region=(0, 0, 765, 1038) confidence=0.8
2026-07-06 05:36:18 | INFO | my_functions.py:247 | [DEBUG] Buscando en paralelo: ['start_the_countdown.PNG'] | timeout=0s | confidence=0.8
2026-07-06 05:36:19 | INFO | my_functions.py:281 | [DEBUG] Click skipped, ninguna de las imágenes se encontró en el intento.
2026-07-06 05:36:20 | INFO | my_functions.py:247 | [DEBUG] Buscando en paralelo: ['event_has_ended_sanctum.PNG'] | timeout=0s | confidence=0.8
2026-07-06 05:36:21 | INFO | my_functions.py:281 | [DEBUG] Click skipped, ninguna de las imágenes se encontró en el intento.
2026-07-06 05:36:22 | INFO | my_functions.py:247 | [DEBUG] Buscando en paralelo: ['event_has_ended_teamclash.PNG'] | timeout=0s | confidence=0.8
2026-07-06 05:36:23 | INFO | my_functions.py:281 | [DEBUG] Click skipped, ninguna de las imágenes se encontró en el intento.
2026-07-06 05:36:24 | INFO | my_functions.py:247 | [DEBUG] Buscando en paralelo: ['image_part_of_event_grand_arena_finished.PNG'] | timeout=0s | confidence=0.8
2026-07-06 05:36:24 | INFO | my_functions.py:281 | [DEBUG] Click skipped, ninguna de las imágenes se encontró en el intento.
2026-07-06 05:36:25 | INFO | my_functions.py:169 | Searching 28_day_event_login_rewards.PNG (timeout=0s)
2026-07-06 05:36:26 | INFO | my_functions.py:213 | 
⛔ Not found: 28_day_event_login_rewards.PNG after 0.0s region=(0, 0, 765, 1038) confidence=0.8
2026-07-06 05:36:26 | INFO | my_functions.py:169 | Searching 7_day_event_login.PNG (timeout=0s)
2026-07-06 05:36:26 | INFO | my_functions.py:213 | 
⛔ Not found: 7_day_event_login.PNG after 0.0s region=(0, 0, 765, 1038) confidence=0.8
2026-07-06 05:36:26 | INFO | my_functions.py:169 | Searching 14_days_event.PNG (timeout=0s)
2026-07-06 05:36:27 | INFO | my_functions.py:213 | 
⛔ Not found: 14_days_event.PNG after 0.0s region=(0, 0, 765, 1038) confidence=0.8
2026-07-06 05:36:27 | INFO | my_functions.py:247 | [DEBUG] Buscando en paralelo: ['lets_go.PNG'] | timeout=0s | confidence=0.8
2026-07-06 05:36:27 | INFO | my_functions.py:281 | [DEBUG] Click skipped, ninguna de las imágenes se encontró en el intento.
2026-07-06 05:36:30 | INFO | my_functions.py:169 | Searching shop_unselected.PNG (timeout=0s)
2026-07-06 05:36:30 | INFO | my_functions.py:213 | 
⛔ Not found: shop_unselected.PNG after 0.0s region=(0, 0, 765, 1038) confidence=0.8
2026-07-06 05:36:30 | INFO | my_functions.py:247 | [DEBUG] Buscando en paralelo: ['super_premium.PNG'] | timeout=0s | confidence=0.8
2026-07-06 05:36:32 | INFO | my_functions.py:134 | Haciendo click en la posición (480, 777)
2026-07-06 05:36:32 | INFO | my_functions.py:269 | 🖱️ Click OK (En paralelo): super_premium.PNG at (480, 777) delay=1s
2026-07-06 05:36:33 | INFO | my_functions.py:142 | Presionando ESC (1/1)
2026-07-06 05:36:42 | INFO | my_functions.py:169 | Searching shop_unselected.PNG (timeout=0s)
2026-07-06 05:36:43 | INFO | my_functions.py:199 | 
✅ Found: shop_unselected.PNG pos=(88, 961) time=0.83s confidence=0.8
2026-07-06 05:36:43 | INFO | my_functions.py:714 | Ya esta listo
2026-07-06 05:36:47 | INFO | my_functions.py:533 | AVAILABLE: 6
2026-07-06 05:36:47 | INFO | my_functions.py:555 | Misiones completadas: 0
2026-07-06 05:36:47 | INFO | my_functions.py:169 | Searching play.PNG (timeout=0s)
2026-07-06 05:36:47 | INFO | my_functions.py:199 | 
✅ Found: play.PNG pos=(384, 825) time=0.6s confidence=0.8
2026-07-06 05:36:48 | INFO | my_functions.py:1440 | [INFO] Click realizado donde se equipa el deck a jugar
2026-07-06 05:36:52 | INFO | my_functions.py:247 | [DEBUG] Buscando en paralelo: ['deck_666666.png'] | timeout=3s | confidence=0.8
2026-07-06 05:36:54 | INFO | my_functions.py:134 | Haciendo click en la posición (235, 547)
2026-07-06 05:36:54 | INFO | my_functions.py:269 | 🖱️ Click OK (En paralelo): deck_666666.png at (235, 547) delay=1s
2026-07-06 05:36:55 | INFO | my_functions.py:247 | [DEBUG] Buscando en paralelo: ['equip.png'] | timeout=3s | confidence=0.95
2026-07-06 05:36:58 | INFO | my_functions.py:281 | [DEBUG] Click skipped, ninguna de las imágenes se encontró en el intento.
2026-07-06 05:37:00 | INFO | my_functions.py:142 | Presionando ESC (1/1)
2026-07-06 05:37:00 | INFO | each_eight_hours.py:134 | Deck selected: 6turns
2026-07-06 05:37:00 | INFO | my_functions.py:247 | [DEBUG] Buscando en paralelo: ['maybe_later.PNG'] | timeout=2s | confidence=0.8
2026-07-06 05:37:03 | INFO | my_functions.py:281 | [DEBUG] Click skipped, ninguna de las imágenes se encontró en el intento.
2026-07-06 05:37:04 | INFO | my_functions.py:247 | [DEBUG] Buscando en paralelo: ['maybe_later2.PNG'] | timeout=0.01s | confidence=0.8
2026-07-06 05:37:04 | INFO | my_functions.py:281 | [DEBUG] Click skipped, ninguna de las imágenes se encontró en el intento.
2026-07-06 05:37:05 | INFO | each_eight_hours.py:148 | Starting game loop 1
2026-07-06 05:37:05 | INFO | my_functions.py:247 | [DEBUG] Buscando en paralelo: ['play.PNG'] | timeout=20s | confidence=0.8
2026-07-06 05:37:09 | INFO | my_functions.py:134 | Haciendo click en la posición (384, 824)
2026-07-06 05:37:09 | INFO | my_functions.py:269 | 🖱️ Click OK (En paralelo): play.PNG at (384, 824) delay=3s
2026-07-06 05:37:32 | INFO | my_functions.py:199 | 
✅ Found: end_turn.PNG pos=(681, 945) time=0.67s confidence=0.8
2026-07-06 05:37:32 | INFO | my_functions.py:247 | [DEBUG] Buscando en paralelo: ['snap.PNG'] | timeout=0s | confidence=0.8
2026-07-06 05:37:34 | INFO | my_functions.py:134 | Haciendo click en la posición (386, 123)
2026-07-06 05:37:34 | INFO | my_functions.py:269 | 🖱️ Click OK (En paralelo): snap.PNG at (386, 123) delay=1s
2026-07-06 05:37:40 | INFO | my_functions.py:247 | [DEBUG] Buscando en paralelo: ['end_turn.PNG'] | timeout=0s | confidence=0.8
2026-07-06 05:37:41 | INFO | my_functions.py:281 | [DEBUG] Click skipped, ninguna de las imágenes se encontró en el intento.
2026-07-06 05:37:45 | INFO | my_functions.py:199 | 
✅ Found: end_turn.PNG pos=(682, 946) time=0.64s confidence=0.8
2026-07-06 05:37:45 | INFO | my_functions.py:247 | [DEBUG] Buscando en paralelo: ['snap.PNG'] | timeout=0s | confidence=0.8
2026-07-06 05:37:47 | INFO | my_functions.py:134 | Haciendo click en la posición (386, 123)
2026-07-06 05:37:47 | INFO | my_functions.py:269 | 🖱️ Click OK (En paralelo): snap.PNG at (386, 123) delay=1s
2026-07-06 05:37:53 | INFO | my_functions.py:247 | [DEBUG] Buscando en paralelo: ['end_turn.PNG'] | timeout=0s | confidence=0.8
2026-07-06 05:37:55 | INFO | my_functions.py:134 | Haciendo click en la posición (682, 945)
2026-07-06 05:37:55 | INFO | my_functions.py:269 | 🖱️ Click OK (En paralelo): end_turn.PNG at (682, 945) delay=1s
2026-07-06 05:37:56 | INFO | each_eight_hours.py:165 | End turn executed
2026-07-06 05:38:06 | INFO | my_functions.py:199 | 
✅ Found: end_turn.PNG pos=(681, 945) time=0.67s confidence=0.8
2026-07-06 05:38:06 | INFO | my_functions.py:247 | [DEBUG] Buscando en paralelo: ['snap.PNG'] | timeout=0s | confidence=0.8
2026-07-06 05:38:06 | INFO | my_functions.py:281 | [DEBUG] Click skipped, ninguna de las imágenes se encontró en el intento.
2026-07-06 05:38:12 | INFO | my_functions.py:247 | [DEBUG] Buscando en paralelo: ['end_turn.PNG'] | timeout=0s | confidence=0.8
2026-07-06 05:38:14 | INFO | my_functions.py:134 | Haciendo click en la posición (682, 946)
2026-07-06 05:38:14 | INFO | my_functions.py:269 | 🖱️ Click OK (En paralelo): end_turn.PNG at (682, 946) delay=1s
2026-07-06 05:38:15 | INFO | each_eight_hours.py:165 | End turn executed
2026-07-06 05:38:25 | INFO | my_functions.py:199 | 
✅ Found: end_turn.PNG pos=(681, 945) time=0.65s confidence=0.8
2026-07-06 05:38:25 | INFO | my_functions.py:247 | [DEBUG] Buscando en paralelo: ['snap.PNG'] | timeout=0s | confidence=0.8
2026-07-06 05:38:26 | INFO | my_functions.py:281 | [DEBUG] Click skipped, ninguna de las imágenes se encontró en el intento.
2026-07-06 05:38:32 | INFO | my_functions.py:247 | [DEBUG] Buscando en paralelo: ['end_turn.PNG'] | timeout=0s | confidence=0.8
2026-07-06 05:38:34 | INFO | my_functions.py:134 | Haciendo click en la posición (682, 945)
2026-07-06 05:38:34 | INFO | my_functions.py:269 | 🖱️ Click OK (En paralelo): end_turn.PNG at (682, 945) delay=1s
2026-07-06 05:38:35 | INFO | each_eight_hours.py:165 | End turn executed
2026-07-06 05:38:50 | INFO | my_functions.py:199 | 
✅ Found: end_turn.PNG pos=(681, 945) time=0.64s confidence=0.8
2026-07-06 05:38:50 | INFO | my_functions.py:247 | [DEBUG] Buscando en paralelo: ['snap.PNG'] | timeout=0s | confidence=0.8
2026-07-06 05:38:51 | INFO | my_functions.py:281 | [DEBUG] Click skipped, ninguna de las imágenes se encontró en el intento.
2026-07-06 05:38:58 | INFO | my_functions.py:247 | [DEBUG] Buscando en paralelo: ['end_turn.PNG'] | timeout=0s | confidence=0.8
2026-07-06 05:38:59 | INFO | my_functions.py:134 | Haciendo click en la posición (682, 945)
2026-07-06 05:38:59 | INFO | my_functions.py:269 | 🖱️ Click OK (En paralelo): end_turn.PNG at (682, 945) delay=1s
2026-07-06 05:39:00 | INFO | each_eight_hours.py:165 | End turn executed
2026-07-06 05:39:20 | INFO | my_functions.py:199 | 
✅ Found: end_turn.PNG pos=(681, 945) time=0.66s confidence=0.8
2026-07-06 05:39:20 | INFO | my_functions.py:247 | [DEBUG] Buscando en paralelo: ['snap.PNG'] | timeout=0s | confidence=0.8
2026-07-06 05:39:21 | INFO | my_functions.py:281 | [DEBUG] Click skipped, ninguna de las imágenes se encontró en el intento.
2026-07-06 05:39:27 | INFO | my_functions.py:247 | [DEBUG] Buscando en paralelo: ['end_turn.PNG'] | timeout=0s | confidence=0.8
2026-07-06 05:39:28 | INFO | my_functions.py:134 | Haciendo click en la posición (682, 945)
2026-07-06 05:39:29 | INFO | my_functions.py:269 | 🖱️ Click OK (En paralelo): end_turn.PNG at (682, 945) delay=1s
2026-07-06 05:39:30 | INFO | each_eight_hours.py:165 | End turn executed
2026-07-06 05:39:57 | INFO | my_functions.py:199 | 
✅ Found: end_turn.PNG pos=(681, 945) time=0.65s confidence=0.8
2026-07-06 05:39:57 | INFO | my_functions.py:247 | [DEBUG] Buscando en paralelo: ['snap.PNG'] | timeout=0s | confidence=0.8
2026-07-06 05:39:57 | INFO | my_functions.py:281 | [DEBUG] Click skipped, ninguna de las imágenes se encontró en el intento.
2026-07-06 05:40:04 | INFO | my_functions.py:247 | [DEBUG] Buscando en paralelo: ['end_turn.PNG'] | timeout=0s | confidence=0.8
2026-07-06 05:40:05 | INFO | my_functions.py:134 | Haciendo click en la posición (682, 945)
2026-07-06 05:40:06 | INFO | my_functions.py:269 | 🖱️ Click OK (En paralelo): end_turn.PNG at (682, 945) delay=1s
2026-07-06 05:40:07 | INFO | each_eight_hours.py:165 | End turn executed
2026-07-06 05:40:31 | INFO | my_functions.py:199 | 
✅ Found: collect_rewards.PNG pos=(679, 957) time=0.82s confidence=0.8
2026-07-06 05:40:31 | INFO | each_eight_hours.py:204 | Rewards detected, exiting match
2026-07-06 05:40:31 | INFO | my_functions.py:247 | [DEBUG] Buscando en paralelo: ['collect_rewards.PNG'] | timeout=20s | confidence=0.8
2026-07-06 05:40:32 | INFO | my_functions.py:134 | Haciendo click en la posición (679, 957)
2026-07-06 05:40:33 | INFO | my_functions.py:269 | 🖱️ Click OK (En paralelo): collect_rewards.PNG at (679, 957) delay=1s
2026-07-06 05:40:34 | INFO | my_functions.py:247 | [DEBUG] Buscando en paralelo: ['next.PNG'] | timeout=20s | confidence=0.8
2026-07-06 05:40:39 | INFO | my_functions.py:134 | Haciendo click en la posición (677, 973)
2026-07-06 05:40:39 | INFO | my_functions.py:269 | 🖱️ Click OK (En paralelo): next.PNG at (677, 973) delay=1s
2026-07-06 05:40:43 | INFO | my_functions.py:533 | AVAILABLE: 6
2026-07-06 05:40:43 | INFO | each_eight_hours.py:271 | Submissions after match: 6
2026-07-06 05:40:43 | INFO | my_functions.py:555 | Misiones completadas: 0
2026-07-06 05:40:43 | INFO | each_eight_hours.py:148 | Starting game loop 2
2026-07-06 05:40:43 | INFO | my_functions.py:247 | [DEBUG] Buscando en paralelo: ['play.PNG'] | timeout=20s | confidence=0.8
2026-07-06 05:40:47 | INFO | my_functions.py:134 | Haciendo click en la posición (384, 824)
2026-07-06 05:40:47 | INFO | my_functions.py:269 | 🖱️ Click OK (En paralelo): play.PNG at (384, 824) delay=3s
2026-07-06 05:41:18 | INFO | my_functions.py:199 | 
✅ Found: end_turn.PNG pos=(681, 945) time=0.64s confidence=0.8
2026-07-06 05:41:18 | INFO | my_functions.py:247 | [DEBUG] Buscando en paralelo: ['snap.PNG'] | timeout=0s | confidence=0.8
2026-07-06 05:41:20 | INFO | my_functions.py:134 | Haciendo click en la posición (386, 122)
2026-07-06 05:41:20 | INFO | my_functions.py:269 | 🖱️ Click OK (En paralelo): snap.PNG at (386, 122) delay=1s
2026-07-06 05:41:27 | INFO | my_functions.py:247 | [DEBUG] Buscando en paralelo: ['end_turn.PNG'] | timeout=0s | confidence=0.8
2026-07-06 05:41:28 | INFO | my_functions.py:134 | Haciendo click en la posición (682, 946)
2026-07-06 05:41:29 | INFO | my_functions.py:269 | 🖱️ Click OK (En paralelo): end_turn.PNG at (682, 946) delay=1s
2026-07-06 05:41:30 | INFO | each_eight_hours.py:165 | End turn executed
2026-07-06 05:41:43 | INFO | my_functions.py:199 | 
✅ Found: end_turn.PNG pos=(681, 945) time=0.65s confidence=0.8
2026-07-06 05:41:43 | INFO | my_functions.py:247 | [DEBUG] Buscando en paralelo: ['snap.PNG'] | timeout=0s | confidence=0.8
2026-07-06 05:41:44 | INFO | my_functions.py:281 | [DEBUG] Click skipped, ninguna de las imágenes se encontró en el intento.
2026-07-06 05:41:50 | INFO | my_functions.py:247 | [DEBUG] Buscando en paralelo: ['end_turn.PNG'] | timeout=0s | confidence=0.8
2026-07-06 05:41:50 | INFO | my_functions.py:281 | [DEBUG] Click skipped, ninguna de las imágenes se encontró en el intento.
2026-07-06 05:41:57 | INFO | my_functions.py:199 | 
✅ Found: end_turn.PNG pos=(682, 946) time=0.77s confidence=0.8
2026-07-06 05:41:57 | INFO | my_functions.py:247 | [DEBUG] Buscando en paralelo: ['snap.PNG'] | timeout=0s | confidence=0.8
2026-07-06 05:43:00 | INFO | my_functions.py:281 | [DEBUG] Click skipped, ninguna de las imágenes se encontró en el intento.
2026-07-06 05:43:06 | INFO | my_functions.py:247 | [DEBUG] Buscando en paralelo: ['end_turn.PNG'] | timeout=0s | confidence=0.8
2026-07-06 05:43:08 | INFO | my_functions.py:134 | Haciendo click en la posición (682, 945)
2026-07-06 05:43:08 | INFO | my_functions.py:269 | 🖱️ Click OK (En paralelo): end_turn.PNG at (682, 945) delay=1s
2026-07-06 05:43:09 | INFO | each_eight_hours.py:165 | End turn executed
2026-07-06 05:43:25 | INFO | my_functions.py:199 | 
✅ Found: end_turn.PNG pos=(681, 945) time=0.66s confidence=0.8
2026-07-06 05:43:25 | INFO | my_functions.py:247 | [DEBUG] Buscando en paralelo: ['snap.PNG'] | timeout=0s | confidence=0.8
2026-07-06 05:43:26 | INFO | my_functions.py:281 | [DEBUG] Click skipped, ninguna de las imágenes se encontró en el intento.
2026-07-06 05:43:32 | INFO | my_functions.py:247 | [DEBUG] Buscando en paralelo: ['end_turn.PNG'] | timeout=0s | confidence=0.8
2026-07-06 05:43:33 | INFO | my_functions.py:134 | Haciendo click en la posición (682, 945)
2026-07-06 05:43:34 | INFO | my_functions.py:269 | 🖱️ Click OK (En paralelo): end_turn.PNG at (682, 945) delay=1s
2026-07-06 05:43:35 | INFO | each_eight_hours.py:165 | End turn executed
2026-07-06 05:43:47 | INFO | my_functions.py:199 | 
✅ Found: end_turn.PNG pos=(681, 945) time=0.64s confidence=0.8
2026-07-06 05:43:47 | INFO | my_functions.py:247 | [DEBUG] Buscando en paralelo: ['snap.PNG'] | timeout=0s | confidence=0.8
2026-07-06 05:43:48 | INFO | my_functions.py:281 | [DEBUG] Click skipped, ninguna de las imágenes se encontró en el intento.
2026-07-06 05:43:54 | INFO | my_functions.py:247 | [DEBUG] Buscando en paralelo: ['end_turn.PNG'] | timeout=0s | confidence=0.8
2026-07-06 05:43:56 | INFO | my_functions.py:134 | Haciendo click en la posición (682, 945)
2026-07-06 05:43:56 | INFO | my_functions.py:269 | 🖱️ Click OK (En paralelo): end_turn.PNG at (682, 945) delay=1s
2026-07-06 05:43:57 | INFO | each_eight_hours.py:165 | End turn executed
2026-07-06 05:44:20 | INFO | my_functions.py:199 | 
✅ Found: end_turn.PNG pos=(681, 945) time=0.66s confidence=0.8
2026-07-06 05:44:20 | INFO | my_functions.py:247 | [DEBUG] Buscando en paralelo: ['snap.PNG'] | timeout=0s | confidence=0.8
2026-07-06 05:44:21 | INFO | my_functions.py:281 | [DEBUG] Click skipped, ninguna de las imágenes se encontró en el intento.
2026-07-06 05:44:27 | INFO | my_functions.py:247 | [DEBUG] Buscando en paralelo: ['end_turn.PNG'] | timeout=0s | confidence=0.8
2026-07-06 05:44:29 | INFO | my_functions.py:134 | Haciendo click en la posición (682, 945)
2026-07-06 05:44:29 | INFO | my_functions.py:269 | 🖱️ Click OK (En paralelo): end_turn.PNG at (682, 945) delay=1s
2026-07-06 05:44:30 | INFO | each_eight_hours.py:165 | End turn executed
2026-07-06 05:44:47 | INFO | my_functions.py:199 | 
✅ Found: end_turn.PNG pos=(681, 945) time=0.66s confidence=0.8
2026-07-06 05:44:47 | INFO | my_functions.py:247 | [DEBUG] Buscando en paralelo: ['snap.PNG'] | timeout=0s | confidence=0.8
2026-07-06 05:44:48 | INFO | my_functions.py:281 | [DEBUG] Click skipped, ninguna de las imágenes se encontró en el intento.
2026-07-06 05:44:54 | INFO | my_functions.py:247 | [DEBUG] Buscando en paralelo: ['end_turn.PNG'] | timeout=0s | confidence=0.8
2026-07-06 05:44:56 | INFO | my_functions.py:134 | Haciendo click en la posición (682, 945)
2026-07-06 05:44:56 | INFO | my_functions.py:269 | 🖱️ Click OK (En paralelo): end_turn.PNG at (682, 945) delay=1s
2026-07-06 05:44:57 | INFO | each_eight_hours.py:165 | End turn executed
2026-07-06 05:45:17 | INFO | my_functions.py:199 | 
✅ Found: collect_rewards.PNG pos=(679, 958) time=0.76s confidence=0.8
2026-07-06 05:45:17 | INFO | each_eight_hours.py:204 | Rewards detected, exiting match
2026-07-06 05:45:17 | INFO | my_functions.py:247 | [DEBUG] Buscando en paralelo: ['collect_rewards.PNG'] | timeout=20s | confidence=0.8
2026-07-06 05:45:19 | INFO | my_functions.py:134 | Haciendo click en la posición (679, 957)
2026-07-06 05:45:19 | INFO | my_functions.py:269 | 🖱️ Click OK (En paralelo): collect_rewards.PNG at (679, 957) delay=1s
2026-07-06 05:45:20 | INFO | my_functions.py:247 | [DEBUG] Buscando en paralelo: ['next.PNG'] | timeout=20s | confidence=0.8
2026-07-06 05:45:25 | INFO | my_functions.py:134 | Haciendo click en la posición (677, 973)
2026-07-06 05:45:25 | INFO | my_functions.py:269 | 🖱️ Click OK (En paralelo): next.PNG at (677, 973) delay=1s
2026-07-06 05:45:28 | INFO | my_functions.py:533 | AVAILABLE: 6
2026-07-06 05:45:28 | INFO | each_eight_hours.py:271 | Submissions after match: 6
2026-07-06 05:45:28 | INFO | my_functions.py:555 | Misiones completadas: 0
2026-07-06 05:45:28 | INFO | each_eight_hours.py:148 | Starting game loop 3
2026-07-06 05:45:28 | INFO | my_functions.py:247 | [DEBUG] Buscando en paralelo: ['play.PNG'] | timeout=20s | confidence=0.8
2026-07-06 05:45:32 | INFO | my_functions.py:134 | Haciendo click en la posición (384, 824)
2026-07-06 05:45:32 | INFO | my_functions.py:269 | 🖱️ Click OK (En paralelo): play.PNG at (384, 824) delay=3s
2026-07-06 05:45:44 | INFO | my_functions.py:199 | 
✅ Found: end_turn.PNG pos=(681, 945) time=0.64s confidence=0.8
2026-07-06 05:45:44 | INFO | my_functions.py:247 | [DEBUG] Buscando en paralelo: ['snap.PNG'] | timeout=0s | confidence=0.8
2026-07-06 05:45:46 | INFO | my_functions.py:134 | Haciendo click en la posición (386, 122)
2026-07-06 05:45:46 | INFO | my_functions.py:269 | 🖱️ Click OK (En paralelo): snap.PNG at (386, 122) delay=1s
2026-07-06 05:45:52 | INFO | my_functions.py:247 | [DEBUG] Buscando en paralelo: ['end_turn.PNG'] | timeout=0s | confidence=0.8
2026-07-06 05:45:54 | INFO | my_functions.py:134 | Haciendo click en la posición (682, 946)
2026-07-06 05:45:54 | INFO | my_functions.py:269 | 🖱️ Click OK (En paralelo): end_turn.PNG at (682, 946) delay=1s
2026-07-06 05:45:55 | INFO | each_eight_hours.py:165 | End turn executed
2026-07-06 05:46:05 | INFO | my_functions.py:199 | 
✅ Found: end_turn.PNG pos=(681, 945) time=0.64s confidence=0.8
2026-07-06 05:46:05 | INFO | my_functions.py:247 | [DEBUG] Buscando en paralelo: ['snap.PNG'] | timeout=0s | confidence=0.8
2026-07-06 05:46:05 | INFO | my_functions.py:281 | [DEBUG] Click skipped, ninguna de las imágenes se encontró en el intento.
2026-07-06 05:46:11 | INFO | my_functions.py:247 | [DEBUG] Buscando en paralelo: ['end_turn.PNG'] | timeout=0s | confidence=0.8
2026-07-06 05:46:13 | INFO | my_functions.py:134 | Haciendo click en la posición (682, 945)
2026-07-06 05:46:13 | INFO | my_functions.py:269 | 🖱️ Click OK (En paralelo): end_turn.PNG at (682, 945) delay=1s
2026-07-06 05:46:14 | INFO | each_eight_hours.py:165 | End turn executed
2026-07-06 05:46:33 | INFO | my_functions.py:199 | 
✅ Found: end_turn.PNG pos=(681, 945) time=0.62s confidence=0.8
2026-07-06 05:46:33 | INFO | my_functions.py:247 | [DEBUG] Buscando en paralelo: ['snap.PNG'] | timeout=0s | confidence=0.8
2026-07-06 05:46:34 | INFO | my_functions.py:281 | [DEBUG] Click skipped, ninguna de las imágenes se encontró en el intento.
2026-07-06 05:46:40 | INFO | my_functions.py:247 | [DEBUG] Buscando en paralelo: ['end_turn.PNG'] | timeout=0s | confidence=0.8
2026-07-06 05:46:41 | INFO | my_functions.py:134 | Haciendo click en la posición (682, 945)
2026-07-06 05:46:42 | INFO | my_functions.py:269 | 🖱️ Click OK (En paralelo): end_turn.PNG at (682, 945) delay=1s
2026-07-06 05:46:43 | INFO | each_eight_hours.py:165 | End turn executed
2026-07-06 05:46:58 | INFO | my_functions.py:199 | 
✅ Found: end_turn.PNG pos=(681, 945) time=0.63s confidence=0.8
2026-07-06 05:46:58 | INFO | my_functions.py:247 | [DEBUG] Buscando en paralelo: ['snap.PNG'] | timeout=0s | confidence=0.8
2026-07-06 05:46:59 | INFO | my_functions.py:281 | [DEBUG] Click skipped, ninguna de las imágenes se encontró en el intento.
2026-07-06 05:47:05 | INFO | my_functions.py:247 | [DEBUG] Buscando en paralelo: ['end_turn.PNG'] | timeout=0s | confidence=0.8
2026-07-06 05:47:07 | INFO | my_functions.py:134 | Haciendo click en la posición (682, 945)
2026-07-06 05:47:07 | INFO | my_functions.py:269 | 🖱️ Click OK (En paralelo): end_turn.PNG at (682, 945) delay=1s
2026-07-06 05:47:08 | INFO | each_eight_hours.py:165 | End turn executed
2026-07-06 05:47:21 | INFO | my_functions.py:199 | 
✅ Found: end_turn.PNG pos=(681, 945) time=0.63s confidence=0.8
2026-07-06 05:47:21 | INFO | my_functions.py:247 | [DEBUG] Buscando en paralelo: ['snap.PNG'] | timeout=0s | confidence=0.8
2026-07-06 05:47:22 | INFO | my_functions.py:281 | [DEBUG] Click skipped, ninguna de las imágenes se encontró en el intento.
2026-07-06 05:47:28 | INFO | my_functions.py:247 | [DEBUG] Buscando en paralelo: ['end_turn.PNG'] | timeout=0s | confidence=0.8
2026-07-06 05:47:30 | INFO | my_functions.py:134 | Haciendo click en la posición (682, 945)
2026-07-06 05:47:30 | INFO | my_functions.py:269 | 🖱️ Click OK (En paralelo): end_turn.PNG at (682, 945) delay=1s
2026-07-06 05:47:31 | INFO | each_eight_hours.py:165 | End turn executed
2026-07-06 05:47:50 | INFO | my_functions.py:199 | 
✅ Found: end_turn.PNG pos=(681, 945) time=0.62s confidence=0.8
2026-07-06 05:47:50 | INFO | my_functions.py:247 | [DEBUG] Buscando en paralelo: ['snap.PNG'] | timeout=0s | confidence=0.8
2026-07-06 05:47:51 | INFO | my_functions.py:281 | [DEBUG] Click skipped, ninguna de las imágenes se encontró en el intento.
2026-07-06 05:47:57 | INFO | my_functions.py:247 | [DEBUG] Buscando en paralelo: ['end_turn.PNG'] | timeout=0s | confidence=0.8
2026-07-06 05:47:58 | INFO | my_functions.py:134 | Haciendo click en la posición (682, 945)
2026-07-06 05:47:59 | INFO | my_functions.py:269 | 🖱️ Click OK (En paralelo): end_turn.PNG at (682, 945) delay=1s
2026-07-06 05:48:00 | INFO | each_eight_hours.py:165 | End turn executed
2026-07-06 05:48:22 | INFO | my_functions.py:199 | 
✅ Found: end_turn.PNG pos=(681, 945) time=0.61s confidence=0.8
2026-07-06 05:48:22 | INFO | my_functions.py:247 | [DEBUG] Buscando en paralelo: ['snap.PNG'] | timeout=0s | confidence=0.8
2026-07-06 05:48:22 | INFO | my_functions.py:281 | [DEBUG] Click skipped, ninguna de las imágenes se encontró en el intento.
2026-07-06 05:48:29 | INFO | my_functions.py:247 | [DEBUG] Buscando en paralelo: ['end_turn.PNG'] | timeout=0s | confidence=0.8
2026-07-06 05:48:30 | INFO | my_functions.py:134 | Haciendo click en la posición (681, 945)
2026-07-06 05:48:30 | INFO | my_functions.py:269 | 🖱️ Click OK (En paralelo): end_turn.PNG at (681, 945) delay=1s
2026-07-06 05:48:32 | INFO | each_eight_hours.py:165 | End turn executed
2026-07-06 05:48:59 | INFO | my_functions.py:199 | 
✅ Found: collect_rewards.PNG pos=(679, 957) time=0.79s confidence=0.8
2026-07-06 05:48:59 | INFO | each_eight_hours.py:204 | Rewards detected, exiting match
2026-07-06 05:48:59 | INFO | my_functions.py:247 | [DEBUG] Buscando en paralelo: ['collect_rewards.PNG'] | timeout=20s | confidence=0.8
2026-07-06 05:49:01 | INFO | my_functions.py:134 | Haciendo click en la posición (679, 957)
2026-07-06 05:49:01 | INFO | my_functions.py:269 | 🖱️ Click OK (En paralelo): collect_rewards.PNG at (679, 957) delay=1s
2026-07-06 05:49:02 | INFO | my_functions.py:247 | [DEBUG] Buscando en paralelo: ['next.PNG'] | timeout=20s | confidence=0.8
2026-07-06 05:49:10 | INFO | my_functions.py:134 | Haciendo click en la posición (677, 973)
2026-07-06 05:49:10 | INFO | my_functions.py:269 | 🖱️ Click OK (En paralelo): next.PNG at (677, 973) delay=1s
2026-07-06 05:49:13 | INFO | my_functions.py:533 | AVAILABLE: 6
2026-07-06 05:49:13 | INFO | each_eight_hours.py:271 | Submissions after match: 6
2026-07-06 05:49:13 | INFO | my_functions.py:555 | Misiones completadas: 3
2026-07-06 05:49:13 | INFO | each_eight_hours.py:275 | Submission condition met, breaking loop
2026-07-06 05:49:13 | INFO | my_functions.py:247 | [DEBUG] Buscando en paralelo: ['missionsNotify2.png'] | timeout=20s | confidence=0.8
2026-07-06 05:49:17 | INFO | my_functions.py:134 | Haciendo click en la posición (538, 124)
2026-07-06 05:49:17 | INFO | my_functions.py:269 | 🖱️ Click OK (En paralelo): missionsNotify2.png at (538, 124) delay=3s
2026-07-06 05:49:18 | INFO | my_functions.py:1470 | [INFO] Iniciando click_missions_blue2
2026-07-06 05:49:18 | INFO | my_functions.py:134 | Haciendo click en la posición (150, 132)
2026-07-06 05:49:19 | INFO | my_functions.py:1473 | [ACTION] Click hecho en icono de calendario que me dirige a las misiones ordinarias
2026-07-06 05:49:19 | INFO | my_functions.py:169 | Searching bonus_challenge.png (timeout=0s)
2026-07-06 05:49:20 | INFO | my_functions.py:213 | 
⛔ Not found: bonus_challenge.png after 0.0s region=(0, 0, 765, 1038) confidence=0.8
2026-07-06 05:49:22 | INFO | my_functions.py:134 | Haciendo click en la posición (362, 493)
2026-07-06 05:49:23 | INFO | my_functions.py:1486 | [ACTION] Click 1/3 en misión azul
2026-07-06 05:49:24 | INFO | my_functions.py:134 | Haciendo click en la posición (362, 493)
2026-07-06 05:49:25 | INFO | my_functions.py:1486 | [ACTION] Click 2/3 en misión azul
2026-07-06 05:49:25 | INFO | my_functions.py:134 | Haciendo click en la posición (362, 493)
2026-07-06 05:49:26 | INFO | my_functions.py:1486 | [ACTION] Click 3/3 en misión azul
2026-07-06 05:49:27 | INFO | my_functions.py:169 | Searching flechita_mission.PNG (timeout=0s)
2026-07-06 05:49:29 | INFO | my_functions.py:213 | 
⛔ Not found: flechita_mission.PNG after 0.78s region=(0, 0, 765, 1038) confidence=0.8
2026-07-06 05:49:29 | INFO | my_functions.py:247 | [DEBUG] Buscando en paralelo: ['weekly3.PNG'] | timeout=0s | confidence=0.8
2026-07-06 05:49:29 | INFO | my_functions.py:281 | [DEBUG] Click skipped, ninguna de las imágenes se encontró en el intento.
2026-07-06 05:49:30 | INFO | my_functions.py:247 | [DEBUG] Buscando en paralelo: ['weekly3.PNG'] | timeout=0s | confidence=0.8
2026-07-06 05:49:31 | INFO | my_functions.py:281 | [DEBUG] Click skipped, ninguna de las imágenes se encontró en el intento.
2026-07-06 05:49:32 | INFO | my_functions.py:134 | Haciendo click en la posición (557, 64)
2026-07-06 05:49:34 | INFO | my_functions.py:247 | [DEBUG] Buscando en paralelo: ['cards_shop.PNG'] | timeout=20s | confidence=0.8
2026-07-06 05:49:36 | INFO | my_functions.py:134 | Haciendo click en la posición (568, 121)
2026-07-06 05:49:36 | INFO | my_functions.py:269 | 🖱️ Click OK (En paralelo): cards_shop.PNG at (568, 121) delay=1s
2026-07-06 05:49:37 | INFO | my_functions.py:247 | [DEBUG] Buscando en paralelo: ['token_icon.PNG'] | timeout=20s | confidence=0.8
2026-07-06 05:49:39 | INFO | my_functions.py:134 | Haciendo click en la posición (571, 171)
2026-07-06 05:49:40 | INFO | my_functions.py:269 | 🖱️ Click OK (En paralelo): token_icon.PNG at (571, 171) delay=1s
2026-07-06 05:49:43 | INFO | my_functions.py:247 | [DEBUG] Buscando en paralelo: ['claim!_token_3.PNG'] | timeout=4s | confidence=0.8
2026-07-06 05:49:47 | INFO | my_functions.py:281 | [DEBUG] Click skipped, ninguna de las imágenes se encontró en el intento.
2026-07-06 05:49:48 | INFO | my_functions.py:247 | [DEBUG] Buscando en paralelo: ['cards_shop.PNG'] | timeout=20s | confidence=0.8
2026-07-06 05:49:50 | INFO | my_functions.py:134 | Haciendo click en la posición (568, 122)
2026-07-06 05:49:50 | INFO | my_functions.py:269 | 🖱️ Click OK (En paralelo): cards_shop.PNG at (568, 122) delay=1s
2026-07-06 05:49:51 | INFO | my_functions.py:247 | [DEBUG] Buscando en paralelo: ['offers.PNG'] | timeout=20s | confidence=0.8
2026-07-06 05:49:53 | INFO | my_functions.py:134 | Haciendo click en la posición (197, 121)
2026-07-06 05:49:53 | INFO | my_functions.py:269 | 🖱️ Click OK (En paralelo): offers.PNG at (197, 121) delay=1s
2026-07-06 05:49:54 | INFO | my_functions.py:1351 | [INFO] Iniciando mejora de cartas
2026-07-06 05:49:54 | INFO | my_functions.py:247 | [DEBUG] Buscando en paralelo: ['upgrade_cards_icon.PNG'] | timeout=3s | confidence=0.8
2026-07-06 05:49:56 | INFO | my_functions.py:134 | Haciendo click en la posición (322, 170)
2026-07-06 05:49:57 | INFO | my_functions.py:269 | 🖱️ Click OK (En paralelo): upgrade_cards_icon.PNG at (322, 170) delay=1s
2026-07-06 05:49:58 | INFO | my_functions.py:1358 | [INFO] Abriendo icono de upgrade_cards
2026-07-06 05:49:59 | INFO | my_functions.py:1365 | [STEP] Mejorando carta 1
2026-07-06 05:49:59 | INFO | my_functions.py:1369 | [ACTION] Click en carta 1
2026-07-06 05:50:00 | INFO | my_functions.py:1374 | [ACTION] Click en botón upgrade
2026-07-06 05:50:07 | INFO | my_functions.py:169 | Searching aw_snap.png (timeout=3s)
2026-07-06 05:50:11 | INFO | my_functions.py:213 | 
⛔ Not found: aw_snap.png after 3.47s region=(0, 0, 765, 1038) confidence=0.8
2026-07-06 05:50:11 | INFO | my_functions.py:247 | [DEBUG] Buscando en paralelo: ['you_need_more_credits!.png'] | timeout=3s | confidence=0.8
2026-07-06 05:50:14 | INFO | my_functions.py:281 | [DEBUG] Click skipped, ninguna de las imágenes se encontró en el intento.
2026-07-06 05:50:21 | INFO | my_functions.py:1407 | [ACTION] Click para continuar a stage de nivel de coleccion
2026-07-06 05:50:26 | INFO | my_functions.py:142 | Presionando ESC (1/1)
2026-07-06 05:50:26 | INFO | my_functions.py:1415 | [ACTION] Saliendo de stage nivel de coleccion con ESC
2026-07-06 05:50:27 | INFO | my_functions.py:247 | [DEBUG] Buscando en paralelo: ['upgrade_cards_icon_selected.PNG'] | timeout=0s | confidence=0.8
2026-07-06 05:50:29 | INFO | my_functions.py:134 | Haciendo click en la posición (320, 173)
2026-07-06 05:50:29 | INFO | my_functions.py:269 | 🖱️ Click OK (En paralelo): upgrade_cards_icon_selected.PNG at (320, 173) delay=1s
2026-07-06 05:50:30 | INFO | my_functions.py:1427 | [INFO] Reabriendo icono de upgrade_cards
2026-07-06 05:50:31 | INFO | my_functions.py:1365 | [STEP] Mejorando carta 2
2026-07-06 05:50:32 | INFO | my_functions.py:1369 | [ACTION] Click en carta 2
2026-07-06 05:50:33 | INFO | my_functions.py:1374 | [ACTION] Click en botón upgrade
2026-07-06 05:50:40 | INFO | my_functions.py:169 | Searching aw_snap.png (timeout=3s)
2026-07-06 05:50:44 | INFO | my_functions.py:213 | 
⛔ Not found: aw_snap.png after 3.43s region=(0, 0, 765, 1038) confidence=0.8
2026-07-06 05:50:44 | INFO | my_functions.py:247 | [DEBUG] Buscando en paralelo: ['you_need_more_credits!.png'] | timeout=3s | confidence=0.8
2026-07-06 05:50:47 | INFO | my_functions.py:281 | [DEBUG] Click skipped, ninguna de las imágenes se encontró en el intento.
2026-07-06 05:50:53 | INFO | my_functions.py:1407 | [ACTION] Click para continuar a stage de nivel de coleccion
2026-07-06 05:50:58 | INFO | my_functions.py:142 | Presionando ESC (1/1)
2026-07-06 05:50:59 | INFO | my_functions.py:1415 | [ACTION] Saliendo de stage nivel de coleccion con ESC
2026-07-06 05:51:00 | INFO | my_functions.py:247 | [DEBUG] Buscando en paralelo: ['upgrade_cards_icon_selected.PNG'] | timeout=0s | confidence=0.8
2026-07-06 05:51:02 | INFO | my_functions.py:134 | Haciendo click en la posición (320, 173)
2026-07-06 05:51:02 | INFO | my_functions.py:269 | 🖱️ Click OK (En paralelo): upgrade_cards_icon_selected.PNG at (320, 173) delay=1s
2026-07-06 05:51:03 | INFO | my_functions.py:1427 | [INFO] Reabriendo icono de upgrade_cards
2026-07-06 05:51:04 | INFO | my_functions.py:1365 | [STEP] Mejorando carta 3
2026-07-06 05:51:04 | INFO | my_functions.py:1369 | [ACTION] Click en carta 3
2026-07-06 05:51:05 | INFO | my_functions.py:1374 | [ACTION] Click en botón upgrade
2026-07-06 05:51:12 | INFO | my_functions.py:169 | Searching aw_snap.png (timeout=3s)
2026-07-06 05:51:16 | INFO | my_functions.py:213 | 
⛔ Not found: aw_snap.png after 3.34s region=(0, 0, 765, 1038) confidence=0.8
2026-07-06 05:51:16 | INFO | my_functions.py:247 | [DEBUG] Buscando en paralelo: ['you_need_more_credits!.png'] | timeout=3s | confidence=0.8
2026-07-06 05:51:18 | INFO | my_functions.py:134 | Haciendo click en la posición (381, 345)
2026-07-06 05:51:18 | INFO | my_functions.py:269 | 🖱️ Click OK (En paralelo): you_need_more_credits!.png at (381, 345) delay=1s
2026-07-06 05:51:19 | INFO | my_functions.py:142 | Presionando ESC (1/2)
2026-07-06 05:51:20 | INFO | my_functions.py:142 | Presionando ESC (2/2)
2026-07-06 05:51:22 | INFO | my_functions.py:1433 | [INFO] Mejora de cartas completada ✅
2026-07-06 05:51:22 | INFO | my_functions.py:142 | Presionando ESC (1/1)
2026-07-06 05:51:23 | INFO | my_functions.py:247 | [DEBUG] Buscando en paralelo: ['white_x.png'] | timeout=2s | confidence=0.8
2026-07-06 05:51:26 | INFO | my_functions.py:281 | [DEBUG] Click skipped, ninguna de las imágenes se encontró en el intento.
2026-07-06 05:51:27 | INFO | each_eight_hours.py:46 | [05:51:27.106] [DEBUG] === INICIANDO FUNCIÓN collect_cl_rewards ===
2026-07-06 05:51:27 | INFO | each_eight_hours.py:46 | [05:51:27.109] [DEBUG] Haciendo click inicial en (387, 166)...
2026-07-06 05:51:27 | INFO | my_functions.py:134 | Haciendo click en la posición (387, 166)
2026-07-06 05:51:33 | INFO | each_eight_hours.py:46 | [05:51:33.466] [DEBUG] Se omitió el cambio de tamaño de ventanas (resize=False)
2026-07-06 05:51:33 | INFO | each_eight_hours.py:46 | [05:51:33.496] [DEBUG] Recompensas iniciales detectadas por la API: 3
2026-07-06 05:51:33 | INFO | each_eight_hours.py:46 | [05:51:33.500] [DEBUG] --------------------------------------------------
2026-07-06 05:51:33 | INFO | each_eight_hours.py:46 | [05:51:33.514] [DEBUG] Inicio de iteración. Recompensas restantes: 3
2026-07-06 05:51:33 | INFO | each_eight_hours.py:46 | [05:51:33.515] [DEBUG] Intentando hacer click en: (260, 580)
2026-07-06 05:51:34 | INFO | my_functions.py:169 | Searching claim!.PNG (timeout=3s)
2026-07-06 05:51:38 | INFO | my_functions.py:213 | 
⛔ Not found: claim!.PNG after 3.51s region=(0, 0, 765, 1038) confidence=0.8
2026-07-06 05:51:38 | INFO | each_eight_hours.py:46 | [05:51:38.949] [DEBUG] No se detectó 'Claim'. Buscando 'check.png' en región (228, 547, 65, 55)...
2026-07-06 05:51:38 | INFO | my_functions.py:169 | Searching check.png (timeout=1s)
2026-07-06 05:51:39 | INFO | my_functions.py:199 | 
✅ Found: check.png pos=(264, 578) time=0.11s confidence=0.8
2026-07-06 05:51:39 | INFO | each_eight_hours.py:46 | [05:51:39.064] [DEBUG] -> ¡ÉXITO! Crédito detectado por 'check.png'. Reclamado automáticamente por el click previo.
2026-07-06 05:51:39 | INFO | each_eight_hours.py:46 | [05:51:39.066] [DEBUG] Moviendo el mouse a la posición de scroll (350, 580)...
2026-07-06 05:51:40 | INFO | each_eight_hours.py:46 | [05:51:40.643] [DEBUG] Alternancia de coordenada X: Cambió de 260 a 470
2026-07-06 05:51:40 | INFO | each_eight_hours.py:46 | [05:51:40.646] [DEBUG] --------------------------------------------------
2026-07-06 05:51:40 | INFO | each_eight_hours.py:46 | [05:51:40.653] [DEBUG] Inicio de iteración. Recompensas restantes: 2
2026-07-06 05:51:40 | INFO | each_eight_hours.py:46 | [05:51:40.657] [DEBUG] Intentando hacer click en: (470, 580)
2026-07-06 05:51:41 | INFO | my_functions.py:169 | Searching claim!.PNG (timeout=3s)
2026-07-06 05:51:42 | INFO | my_functions.py:199 | 
✅ Found: claim!.PNG pos=(381, 924) time=0.72s confidence=0.8
2026-07-06 05:51:42 | INFO | each_eight_hours.py:46 | [05:51:42.604] [DEBUG] -> ¡ÉXITO! Botón 'Claim' detectado.
2026-07-06 05:51:42 | INFO | my_functions.py:169 | Searching set.png (timeout=0s)
2026-07-06 05:51:43 | INFO | my_functions.py:213 | 
⛔ Not found: set.png after 0.0s region=(0, 0, 765, 1038) confidence=0.8
2026-07-06 05:51:43 | INFO | my_functions.py:247 | [DEBUG] Buscando en paralelo: ['claim!.PNG'] | timeout=0s | confidence=0.8
2026-07-06 05:51:45 | INFO | my_functions.py:134 | Haciendo click en la posición (381, 924)
2026-07-06 05:51:45 | INFO | my_functions.py:269 | 🖱️ Click OK (En paralelo): claim!.PNG at (381, 924) delay=1s
2026-07-06 05:51:46 | INFO | each_eight_hours.py:46 | [05:51:46.492] [DEBUG] Moviendo el mouse a la posición de scroll (350, 580)...
2026-07-06 05:51:48 | INFO | each_eight_hours.py:46 | [05:51:48.060] [DEBUG] Alternancia de coordenada X: Cambió de 470 a 260
2026-07-06 05:51:48 | INFO | each_eight_hours.py:46 | [05:51:48.062] [DEBUG] --------------------------------------------------
2026-07-06 05:51:48 | INFO | each_eight_hours.py:46 | [05:51:48.065] [DEBUG] Inicio de iteración. Recompensas restantes: 1
2026-07-06 05:51:48 | INFO | each_eight_hours.py:46 | [05:51:48.071] [DEBUG] Intentando hacer click en: (260, 580)
2026-07-06 05:51:49 | INFO | my_functions.py:169 | Searching claim!.PNG (timeout=3s)
2026-07-06 05:51:53 | INFO | my_functions.py:213 | 
⛔ Not found: claim!.PNG after 3.65s region=(0, 0, 765, 1038) confidence=0.8
2026-07-06 05:51:53 | INFO | each_eight_hours.py:46 | [05:51:53.655] [DEBUG] No se detectó 'Claim'. Buscando 'check.png' en región (228, 547, 65, 55)...
2026-07-06 05:51:53 | INFO | my_functions.py:169 | Searching check.png (timeout=1s)
2026-07-06 05:51:53 | INFO | my_functions.py:199 | 
✅ Found: check.png pos=(265, 575) time=0.15s confidence=0.8
2026-07-06 05:51:53 | INFO | each_eight_hours.py:46 | [05:51:53.814] [DEBUG] -> ¡ÉXITO! Crédito detectado por 'check.png'. Reclamado automáticamente por el click previo.
2026-07-06 05:51:53 | INFO | each_eight_hours.py:46 | [05:51:53.824] [DEBUG] Moviendo el mouse a la posición de scroll (350, 580)...
2026-07-06 05:51:55 | INFO | each_eight_hours.py:46 | [05:51:55.394] [DEBUG] Alternancia de coordenada X: Cambió de 260 a 470
2026-07-06 05:51:55 | INFO | each_eight_hours.py:46 | Finished collecting rewards
2026-07-06 05:51:56 | INFO | my_functions.py:142 | Presionando ESC (1/1)
2026-07-06 05:51:57 | INFO | my_functions.py:247 | [DEBUG] Buscando en paralelo: ['nut.png'] | timeout=20s | confidence=0.8
2026-07-06 05:51:58 | INFO | my_functions.py:134 | Haciendo click en la posición (184, 78)
2026-07-06 05:51:59 | INFO | my_functions.py:269 | 🖱️ Click OK (En paralelo): nut.png at (184, 78) delay=1s
2026-07-06 05:52:00 | INFO | my_functions.py:247 | [DEBUG] Buscando en paralelo: ['graphics_quality.png'] | timeout=3s | confidence=0.8
2026-07-06 05:52:01 | INFO | my_functions.py:134 | Haciendo click en la posición (304, 644)
2026-07-06 05:52:01 | INFO | my_functions.py:269 | 🖱️ Click OK (En paralelo): graphics_quality.png at (304, 644) delay=1s
2026-07-06 05:52:04 | INFO | my_functions.py:247 | [DEBUG] Buscando en paralelo: ['sign_out.png'] | timeout=20s | confidence=0.8
2026-07-06 05:52:05 | INFO | my_functions.py:134 | Haciendo click en la posición (380, 796)
2026-07-06 05:52:05 | INFO | my_functions.py:269 | 🖱️ Click OK (En paralelo): sign_out.png at (380, 796) delay=1s
2026-07-06 05:52:07 | INFO | my_functions.py:247 | [DEBUG] Buscando en paralelo: ['sign_out_grande.png'] | timeout=20s | confidence=0.8
2026-07-06 05:52:09 | INFO | my_functions.py:134 | Haciendo click en la posición (359, 437)
2026-07-06 05:52:09 | INFO | my_functions.py:269 | 🖱️ Click OK (En paralelo): sign_out_grande.png at (359, 437) delay=1s
2026-07-06 05:52:10 | INFO | my_functions.py:247 | [DEBUG] Buscando en paralelo: ['sign_out2.png'] | timeout=20s | confidence=0.8
2026-07-06 05:52:12 | INFO | my_functions.py:134 | Haciendo click en la posición (383, 634)
2026-07-06 05:52:12 | INFO | my_functions.py:269 | 🖱️ Click OK (En paralelo): sign_out2.png at (383, 634) delay=1s
2026-07-06 05:52:13 | INFO | my_functions.py:1545 | ⏱ Esperando 0.1 segundos antes de empezar...
2026-07-06 05:52:13 | INFO | my_functions.py:1552 | 🔍 Esperando ventana que contenga alguna de: SNAP (máx 20s)
2026-07-06 05:52:13 | INFO | my_functions.py:1564 | ✅ Ventana encontrada: 'SNAP'
2026-07-06 05:52:13 | INFO | my_functions.py:1579 | ✅ Ventana seleccionada: 'SNAP'
2026-07-06 05:52:15 | INFO | my_functions.py:1602 | 🔁 Reajuste #1...
2026-07-06 05:52:17 | INFO | my_functions.py:1609 | ✔ Verificación completa. Se hicieron 1 reajustes.
2026-07-06 05:52:21 | INFO | each_eight_hours.py:113 | Processing account: william
2026-07-06 05:52:22 | INFO | my_functions.py:1545 | ⏱ Esperando 0.1 segundos antes de empezar...
2026-07-06 05:52:22 | INFO | my_functions.py:1552 | 🔍 Esperando ventana que contenga alguna de: ['SNAP'] (máx 20s)
2026-07-06 05:52:24 | INFO | my_functions.py:1564 | ✅ Ventana encontrada: 'SNAP'
2026-07-06 05:52:24 | INFO | my_functions.py:1579 | ✅ Ventana seleccionada: 'SNAP'
2026-07-06 05:52:26 | INFO | my_functions.py:1611 | ✔ Verificación completa. No hubo cambios después del primer ajuste.
2026-07-06 05:52:26 | INFO | my_functions.py:1206 | [DEBUG] Resizing SNAP window...
2026-07-06 05:52:26 | INFO | my_functions.py:1545 | ⏱ Esperando 0.1 segundos antes de empezar...
2026-07-06 05:52:26 | INFO | my_functions.py:1552 | 🔍 Esperando ventana que contenga alguna de: ['SNAP'] (máx 20s)
2026-07-06 05:52:26 | INFO | my_functions.py:1564 | ✅ Ventana encontrada: 'SNAP'
2026-07-06 05:52:26 | INFO | my_functions.py:1579 | ✅ Ventana seleccionada: 'SNAP'
2026-07-06 05:52:33 | INFO | my_functions.py:1611 | ✔ Verificación completa. No hubo cambios después del primer ajuste.
2026-07-06 05:52:33 | INFO | my_functions.py:247 | [DEBUG] Buscando en paralelo: ['small_submit.PNG', 'small_submit_hover.png', 'submit_hover_2.png', 'small_submit_hover_2.png'] | timeout=90s | confidence=0.8
2026-07-06 05:52:35 | INFO | my_functions.py:134 | Haciendo click en la posición (380, 642)
2026-07-06 05:52:35 | INFO | my_functions.py:269 | 🖱️ Click OK (En paralelo): small_submit.PNG at (380, 642) delay=0.2s
2026-07-06 05:52:38 | INFO | my_functions.py:247 | [DEBUG] Buscando en paralelo: ['small_submit.PNG', 'small_submit_hover.png', 'submit_hover_2.png', 'small_submit_hover_2.png'] | timeout=20s | confidence=0.8
2026-07-06 05:52:40 | INFO | my_functions.py:134 | Haciendo click en la posición (380, 721)
2026-07-06 05:52:40 | INFO | my_functions.py:269 | 🖱️ Click OK (En paralelo): small_submit.PNG at (380, 721) delay=0.2s
2026-07-06 05:52:41 | INFO | my_functions.py:1545 | ⏱ Esperando 0.1 segundos antes de empezar...
2026-07-06 05:52:41 | INFO | my_functions.py:1552 | 🔍 Esperando ventana que contenga alguna de: ['SNAP'] (máx 20s)
2026-07-06 05:52:41 | INFO | my_functions.py:1564 | ✅ Ventana encontrada: 'SNAP'
2026-07-06 05:52:41 | INFO | my_functions.py:1579 | ✅ Ventana seleccionada: 'SNAP'
2026-07-06 05:52:43 | INFO | my_functions.py:1602 | 🔁 Reajuste #1...
2026-07-06 05:52:44 | INFO | my_functions.py:1609 | ✔ Verificación completa. Se hicieron 1 reajustes.
2026-07-06 05:52:44 | INFO | my_functions.py:169 | Searching please_sign.png (timeout=0s)
2026-07-06 05:52:45 | INFO | my_functions.py:199 | 
✅ Found: please_sign.png pos=(383, 438) time=0.44s confidence=0.8
2026-07-06 05:52:45 | INFO | my_functions.py:247 | [DEBUG] Buscando en paralelo: ['ok_btn.png'] | timeout=20s | confidence=0.8
2026-07-06 05:52:46 | INFO | my_functions.py:134 | Haciendo click en la posición (382, 634)
2026-07-06 05:52:47 | INFO | my_functions.py:269 | 🖱️ Click OK (En paralelo): ok_btn.png at (382, 634) delay=1s
2026-07-06 05:52:48 | INFO | my_functions.py:247 | [DEBUG] Buscando en paralelo: ['small_submit.PNG', 'small_submit_hover.png', 'submit_hover_2.png', 'small_submit_hover_2.png'] | timeout=30s | confidence=0.8
2026-07-06 05:52:51 | INFO | my_functions.py:134 | Haciendo click en la posición (383, 643)
2026-07-06 05:52:51 | INFO | my_functions.py:269 | 🖱️ Click OK (En paralelo): small_submit_hover_2.png at (383, 643) delay=0.2s
2026-07-06 05:52:52 | INFO | my_functions.py:247 | [DEBUG] Buscando en paralelo: ['small_submit.PNG', 'small_submit_hover.png', 'submit_hover_2.png', 'small_submit_hover_2.png'] | timeout=20s | confidence=0.8
2026-07-06 05:52:53 | INFO | my_functions.py:134 | Haciendo click en la posición (380, 721)
2026-07-06 05:52:54 | INFO | my_functions.py:269 | 🖱️ Click OK (En paralelo): small_submit.PNG at (380, 721) delay=0.2s
2026-07-06 05:52:55 | INFO | my_functions.py:247 | [DEBUG] Buscando en paralelo: ['sign_in_with_google2.PNG'] | timeout=20s | confidence=0.8
2026-07-06 05:52:56 | INFO | my_functions.py:134 | Haciendo click en la posición (406, 957)
2026-07-06 05:52:56 | INFO | my_functions.py:269 | 🖱️ Click OK (En paralelo): sign_in_with_google2.PNG at (406, 957) delay=1s
2026-07-06 05:52:57 | INFO | my_functions.py:169 | Searching pagina_cargada.png (timeout=60s)
2026-07-06 05:53:04 | INFO | my_functions.py:199 | 
✅ Found: pagina_cargada.png pos=(70, 24) time=6.34s confidence=0.8
2026-07-06 05:53:06 | INFO | my_functions.py:247 | [DEBUG] Buscando en paralelo: ['william.png'] | timeout=0s | confidence=0.8
2026-07-06 05:53:07 | INFO | my_functions.py:281 | [DEBUG] Click skipped, ninguna de las imágenes se encontró en el intento.
2026-07-06 05:53:09 | INFO | my_functions.py:247 | [DEBUG] Buscando en paralelo: ['william.png'] | timeout=0s | confidence=0.8
2026-07-06 05:53:13 | INFO | my_functions.py:134 | Haciendo click en la posición (1150, 469)
2026-07-06 05:53:13 | INFO | my_functions.py:269 | 🖱️ Click OK (En paralelo): william.png at (1150, 469) delay=3s
2026-07-06 05:53:15 | INFO | my_functions.py:169 | Searching marvelsnap_web.png (timeout=30s)
2026-07-06 05:53:18 | INFO | my_functions.py:199 | 
✅ Found: marvelsnap_web.png pos=(258, 80) time=2.73s confidence=0.7
2026-07-06 05:53:18 | INFO | my_functions.py:169 | Searching shop_unselected.PNG (timeout=0s)
2026-07-06 05:53:19 | INFO | my_functions.py:213 | 
⛔ Not found: shop_unselected.PNG after 0.0s region=(0, 0, 765, 1038) confidence=0.8
2026-07-06 05:53:19 | INFO | my_functions.py:247 | [DEBUG] Buscando en paralelo: ['super_premium.PNG'] | timeout=0s | confidence=0.8
2026-07-06 05:53:19 | INFO | my_functions.py:281 | [DEBUG] Click skipped, ninguna de las imágenes se encontró en el intento.
2026-07-06 05:53:20 | INFO | my_functions.py:247 | [DEBUG] Buscando en paralelo: ['maybe_later.PNG'] | timeout=0s | confidence=0.8
2026-07-06 05:53:21 | INFO | my_functions.py:281 | [DEBUG] Click skipped, ninguna de las imágenes se encontró en el intento.
2026-07-06 05:53:22 | INFO | my_functions.py:247 | [DEBUG] Buscando en paralelo: ['maybe_later2.PNG'] | timeout=0s | confidence=0.8
2026-07-06 05:53:23 | INFO | my_functions.py:281 | [DEBUG] Click skipped, ninguna de las imágenes se encontró en el intento.
2026-07-06 05:53:24 | INFO | my_functions.py:169 | Searching go_to_shop.PNG (timeout=0s)
2026-07-06 05:53:24 | INFO | my_functions.py:213 | 
⛔ Not found: go_to_shop.PNG after 0.0s region=(0, 0, 765, 1038) confidence=0.8
2026-07-06 05:53:24 | INFO | my_functions.py:247 | [DEBUG] Buscando en paralelo: ['14_days_of_winterverse.PNG'] | timeout=0s | confidence=0.8
2026-07-06 05:53:25 | INFO | my_functions.py:281 | [DEBUG] Click skipped, ninguna de las imágenes se encontró en el intento.
2026-07-06 05:53:26 | INFO | my_functions.py:169 | Searching welcome_back_calendar.PNG (timeout=0s)
2026-07-06 05:53:27 | INFO | my_functions.py:213 | 
⛔ Not found: welcome_back_calendar.PNG after 0.0s region=(0, 0, 765, 1038) confidence=0.8
2026-07-06 05:53:27 | INFO | my_functions.py:247 | [DEBUG] Buscando en paralelo: ['start_the_countdown.PNG'] | timeout=0s | confidence=0.8
2026-07-06 05:53:27 | INFO | my_functions.py:281 | [DEBUG] Click skipped, ninguna de las imágenes se encontró en el intento.
2026-07-06 05:53:28 | INFO | my_functions.py:247 | [DEBUG] Buscando en paralelo: ['event_has_ended_sanctum.PNG'] | timeout=0s | confidence=0.8
2026-07-06 05:53:29 | INFO | my_functions.py:281 | [DEBUG] Click skipped, ninguna de las imágenes se encontró en el intento.
2026-07-06 05:53:30 | INFO | my_functions.py:247 | [DEBUG] Buscando en paralelo: ['event_has_ended_teamclash.PNG'] | timeout=0s | confidence=0.8
2026-07-06 05:53:30 | INFO | my_functions.py:281 | [DEBUG] Click skipped, ninguna de las imágenes se encontró en el intento.
2026-07-06 05:53:32 | INFO | my_functions.py:247 | [DEBUG] Buscando en paralelo: ['image_part_of_event_grand_arena_finished.PNG'] | timeout=0s | confidence=0.8
2026-07-06 05:53:32 | INFO | my_functions.py:281 | [DEBUG] Click skipped, ninguna de las imágenes se encontró en el intento.
2026-07-06 05:53:33 | INFO | my_functions.py:169 | Searching 28_day_event_login_rewards.PNG (timeout=0s)
2026-07-06 05:53:34 | INFO | my_functions.py:213 | 
⛔ Not found: 28_day_event_login_rewards.PNG after 0.0s region=(0, 0, 765, 1038) confidence=0.8
2026-07-06 05:53:34 | INFO | my_functions.py:169 | Searching 7_day_event_login.PNG (timeout=0s)
2026-07-06 05:53:34 | INFO | my_functions.py:213 | 
⛔ Not found: 7_day_event_login.PNG after 0.0s region=(0, 0, 765, 1038) confidence=0.8
2026-07-06 05:53:34 | INFO | my_functions.py:169 | Searching 14_days_event.PNG (timeout=0s)
2026-07-06 05:53:35 | INFO | my_functions.py:213 | 
⛔ Not found: 14_days_event.PNG after 0.0s region=(0, 0, 765, 1038) confidence=0.8
2026-07-06 05:53:35 | INFO | my_functions.py:247 | [DEBUG] Buscando en paralelo: ['lets_go.PNG'] | timeout=0s | confidence=0.8
2026-07-06 05:53:35 | INFO | my_functions.py:281 | [DEBUG] Click skipped, ninguna de las imágenes se encontró en el intento.
2026-07-06 05:53:37 | INFO | my_functions.py:169 | Searching shop_unselected.PNG (timeout=0s)
2026-07-06 05:53:39 | INFO | my_functions.py:213 | 
⛔ Not found: shop_unselected.PNG after 0.71s region=(0, 0, 765, 1038) confidence=0.8
2026-07-06 05:53:39 | INFO | my_functions.py:247 | [DEBUG] Buscando en paralelo: ['super_premium.PNG'] | timeout=0s | confidence=0.8
2026-07-06 05:53:40 | INFO | my_functions.py:134 | Haciendo click en la posición (480, 777)
2026-07-06 05:53:40 | INFO | my_functions.py:269 | 🖱️ Click OK (En paralelo): super_premium.PNG at (480, 777) delay=1s
2026-07-06 05:53:41 | INFO | my_functions.py:142 | Presionando ESC (1/1)
2026-07-06 05:53:50 | INFO | my_functions.py:169 | Searching shop_unselected.PNG (timeout=0s)
2026-07-06 05:53:51 | INFO | my_functions.py:199 | 
✅ Found: shop_unselected.PNG pos=(88, 961) time=0.72s confidence=0.8
2026-07-06 05:53:51 | INFO | my_functions.py:714 | Ya esta listo
2026-07-06 05:53:55 | INFO | my_functions.py:533 | AVAILABLE: 6
2026-07-06 05:53:55 | INFO | my_functions.py:555 | Misiones completadas: 0
2026-07-06 05:53:55 | INFO | my_functions.py:169 | Searching play.PNG (timeout=0s)
2026-07-06 05:53:56 | INFO | my_functions.py:199 | 
✅ Found: play.PNG pos=(384, 825) time=0.61s confidence=0.8
2026-07-06 05:53:56 | INFO | my_functions.py:1440 | [INFO] Click realizado donde se equipa el deck a jugar
2026-07-06 05:54:00 | INFO | my_functions.py:247 | [DEBUG] Buscando en paralelo: ['deck_666666.png'] | timeout=3s | confidence=0.8
2026-07-06 05:54:02 | INFO | my_functions.py:134 | Haciendo click en la posición (235, 546)
2026-07-06 05:54:02 | INFO | my_functions.py:269 | 🖱️ Click OK (En paralelo): deck_666666.png at (235, 546) delay=1s
2026-07-06 05:54:03 | INFO | my_functions.py:247 | [DEBUG] Buscando en paralelo: ['equip.png'] | timeout=3s | confidence=0.95
2026-07-06 05:54:05 | INFO | my_functions.py:134 | Haciendo click en la posición (548, 983)
2026-07-06 05:54:05 | INFO | my_functions.py:269 | 🖱️ Click OK (En paralelo): equip.png at (548, 983) delay=1s
2026-07-06 05:54:06 | INFO | each_eight_hours.py:134 | Deck selected: 6turns
2026-07-06 05:54:06 | INFO | my_functions.py:247 | [DEBUG] Buscando en paralelo: ['maybe_later.PNG'] | timeout=2s | confidence=0.8
2026-07-06 05:54:08 | INFO | my_functions.py:281 | [DEBUG] Click skipped, ninguna de las imágenes se encontró en el intento.
2026-07-06 05:54:09 | INFO | my_functions.py:247 | [DEBUG] Buscando en paralelo: ['maybe_later2.PNG'] | timeout=0.01s | confidence=0.8
2026-07-06 05:54:10 | INFO | my_functions.py:281 | [DEBUG] Click skipped, ninguna de las imágenes se encontró en el intento.
2026-07-06 05:54:11 | INFO | each_eight_hours.py:148 | Starting game loop 1
2026-07-06 05:54:11 | INFO | my_functions.py:247 | [DEBUG] Buscando en paralelo: ['play.PNG'] | timeout=20s | confidence=0.8
2026-07-06 05:54:15 | INFO | my_functions.py:134 | Haciendo click en la posición (384, 824)
2026-07-06 05:54:15 | INFO | my_functions.py:269 | 🖱️ Click OK (En paralelo): play.PNG at (384, 824) delay=3s
2026-07-06 05:54:40 | INFO | my_functions.py:199 | 
✅ Found: end_turn.PNG pos=(681, 945) time=0.64s confidence=0.8
2026-07-06 05:54:40 | INFO | my_functions.py:247 | [DEBUG] Buscando en paralelo: ['snap.PNG'] | timeout=0s | confidence=0.8
2026-07-06 05:54:42 | INFO | my_functions.py:134 | Haciendo click en la posición (386, 123)
2026-07-06 05:54:42 | INFO | my_functions.py:269 | 🖱️ Click OK (En paralelo): snap.PNG at (386, 123) delay=1s
2026-07-06 05:54:48 | INFO | my_functions.py:247 | [DEBUG] Buscando en paralelo: ['end_turn.PNG'] | timeout=0s | confidence=0.8
2026-07-06 05:54:50 | INFO | my_functions.py:134 | Haciendo click en la posición (682, 946)
2026-07-06 05:54:50 | INFO | my_functions.py:269 | 🖱️ Click OK (En paralelo): end_turn.PNG at (682, 946) delay=1s
2026-07-06 05:54:51 | INFO | each_eight_hours.py:165 | End turn executed
2026-07-06 05:55:04 | INFO | my_functions.py:199 | 
✅ Found: end_turn.PNG pos=(681, 945) time=0.65s confidence=0.8
2026-07-06 05:55:04 | INFO | my_functions.py:247 | [DEBUG] Buscando en paralelo: ['snap.PNG'] | timeout=0s | confidence=0.8
2026-07-06 05:55:05 | INFO | my_functions.py:281 | [DEBUG] Click skipped, ninguna de las imágenes se encontró en el intento.
2026-07-06 05:55:11 | INFO | my_functions.py:247 | [DEBUG] Buscando en paralelo: ['end_turn.PNG'] | timeout=0s | confidence=0.8
2026-07-06 05:55:12 | INFO | my_functions.py:134 | Haciendo click en la posición (682, 945)
2026-07-06 05:55:13 | INFO | my_functions.py:269 | 🖱️ Click OK (En paralelo): end_turn.PNG at (682, 945) delay=1s
2026-07-06 05:55:14 | INFO | each_eight_hours.py:165 | End turn executed
2026-07-06 05:55:23 | INFO | my_functions.py:199 | 
✅ Found: end_turn.PNG pos=(681, 945) time=0.64s confidence=0.8
2026-07-06 05:55:23 | INFO | my_functions.py:247 | [DEBUG] Buscando en paralelo: ['snap.PNG'] | timeout=0s | confidence=0.8
2026-07-06 05:55:24 | INFO | my_functions.py:281 | [DEBUG] Click skipped, ninguna de las imágenes se encontró en el intento.
2026-07-06 05:55:30 | INFO | my_functions.py:247 | [DEBUG] Buscando en paralelo: ['end_turn.PNG'] | timeout=0s | confidence=0.8
2026-07-06 05:55:32 | INFO | my_functions.py:134 | Haciendo click en la posición (682, 945)
2026-07-06 05:55:32 | INFO | my_functions.py:269 | 🖱️ Click OK (En paralelo): end_turn.PNG at (682, 945) delay=1s
2026-07-06 05:55:33 | INFO | each_eight_hours.py:165 | End turn executed
2026-07-06 05:55:49 | INFO | my_functions.py:199 | 
✅ Found: end_turn.PNG pos=(681, 945) time=0.64s confidence=0.8
2026-07-06 05:55:49 | INFO | my_functions.py:247 | [DEBUG] Buscando en paralelo: ['snap.PNG'] | timeout=0s | confidence=0.8
2026-07-06 05:55:50 | INFO | my_functions.py:281 | [DEBUG] Click skipped, ninguna de las imágenes se encontró en el intento.
2026-07-06 05:55:56 | INFO | my_functions.py:247 | [DEBUG] Buscando en paralelo: ['end_turn.PNG'] | timeout=0s | confidence=0.8
2026-07-06 05:55:58 | INFO | my_functions.py:134 | Haciendo click en la posición (682, 945)
2026-07-06 05:55:58 | INFO | my_functions.py:269 | 🖱️ Click OK (En paralelo): end_turn.PNG at (682, 945) delay=1s
2026-07-06 05:55:59 | INFO | each_eight_hours.py:165 | End turn executed
2026-07-06 05:56:15 | INFO | my_functions.py:199 | 
✅ Found: end_turn.PNG pos=(681, 945) time=0.65s confidence=0.8
2026-07-06 05:56:15 | INFO | my_functions.py:247 | [DEBUG] Buscando en paralelo: ['snap.PNG'] | timeout=0s | confidence=0.8
2026-07-06 05:56:16 | INFO | my_functions.py:281 | [DEBUG] Click skipped, ninguna de las imágenes se encontró en el intento.
2026-07-06 05:56:22 | INFO | my_functions.py:247 | [DEBUG] Buscando en paralelo: ['end_turn.PNG'] | timeout=0s | confidence=0.8
2026-07-06 05:56:23 | INFO | my_functions.py:134 | Haciendo click en la posición (682, 945)
2026-07-06 05:56:24 | INFO | my_functions.py:269 | 🖱️ Click OK (En paralelo): end_turn.PNG at (682, 945) delay=1s
2026-07-06 05:56:25 | INFO | each_eight_hours.py:165 | End turn executed
2026-07-06 05:56:34 | INFO | my_functions.py:199 | 
✅ Found: end_turn.PNG pos=(681, 945) time=0.71s confidence=0.8
2026-07-06 05:56:34 | INFO | my_functions.py:247 | [DEBUG] Buscando en paralelo: ['snap.PNG'] | timeout=0s | confidence=0.8
2026-07-06 05:56:35 | INFO | my_functions.py:281 | [DEBUG] Click skipped, ninguna de las imágenes se encontró en el intento.
2026-07-06 05:56:41 | INFO | my_functions.py:247 | [DEBUG] Buscando en paralelo: ['end_turn.PNG'] | timeout=0s | confidence=0.8
2026-07-06 05:56:43 | INFO | my_functions.py:134 | Haciendo click en la posición (682, 945)
2026-07-06 05:56:43 | INFO | my_functions.py:269 | 🖱️ Click OK (En paralelo): end_turn.PNG at (682, 945) delay=1s
2026-07-06 05:56:44 | INFO | each_eight_hours.py:165 | End turn executed
2026-07-06 05:57:12 | INFO | my_functions.py:199 | 
✅ Found: collect_rewards.PNG pos=(679, 957) time=0.75s confidence=0.8
2026-07-06 05:57:12 | INFO | each_eight_hours.py:204 | Rewards detected, exiting match
2026-07-06 05:57:12 | INFO | my_functions.py:247 | [DEBUG] Buscando en paralelo: ['collect_rewards.PNG'] | timeout=20s | confidence=0.8
2026-07-06 05:57:14 | INFO | my_functions.py:134 | Haciendo click en la posición (679, 957)
2026-07-06 05:57:14 | INFO | my_functions.py:269 | 🖱️ Click OK (En paralelo): collect_rewards.PNG at (679, 957) delay=1s
2026-07-06 05:57:16 | INFO | my_functions.py:247 | [DEBUG] Buscando en paralelo: ['next.PNG'] | timeout=20s | confidence=0.8
2026-07-06 05:57:21 | INFO | my_functions.py:134 | Haciendo click en la posición (677, 973)
2026-07-06 05:57:21 | INFO | my_functions.py:269 | 🖱️ Click OK (En paralelo): next.PNG at (677, 973) delay=1s
2026-07-06 05:57:24 | INFO | my_functions.py:533 | AVAILABLE: 6
2026-07-06 05:57:24 | INFO | each_eight_hours.py:271 | Submissions after match: 6
2026-07-06 05:57:24 | INFO | my_functions.py:555 | Misiones completadas: 0
2026-07-06 05:57:24 | INFO | each_eight_hours.py:148 | Starting game loop 2
2026-07-06 05:57:24 | INFO | my_functions.py:247 | [DEBUG] Buscando en paralelo: ['play.PNG'] | timeout=20s | confidence=0.8
2026-07-06 05:57:28 | INFO | my_functions.py:134 | Haciendo click en la posición (384, 824)
2026-07-06 05:57:28 | INFO | my_functions.py:269 | 🖱️ Click OK (En paralelo): play.PNG at (384, 824) delay=3s
2026-07-06 05:57:50 | INFO | my_functions.py:199 | 
✅ Found: end_turn.PNG pos=(682, 945) time=0.62s confidence=0.8
2026-07-06 05:57:50 | INFO | my_functions.py:247 | [DEBUG] Buscando en paralelo: ['snap.PNG'] | timeout=0s | confidence=0.8
2026-07-06 05:57:52 | INFO | my_functions.py:134 | Haciendo click en la posición (386, 123)
2026-07-06 05:57:52 | INFO | my_functions.py:269 | 🖱️ Click OK (En paralelo): snap.PNG at (386, 123) delay=1s
2026-07-06 05:57:58 | INFO | my_functions.py:247 | [DEBUG] Buscando en paralelo: ['end_turn.PNG'] | timeout=0s | confidence=0.8
2026-07-06 05:58:00 | INFO | my_functions.py:134 | Haciendo click en la posición (682, 946)
2026-07-06 05:58:00 | INFO | my_functions.py:269 | 🖱️ Click OK (En paralelo): end_turn.PNG at (682, 946) delay=1s
2026-07-06 05:58:01 | INFO | each_eight_hours.py:165 | End turn executed
2026-07-06 05:58:14 | INFO | my_functions.py:199 | 
✅ Found: end_turn.PNG pos=(681, 945) time=0.66s confidence=0.8
2026-07-06 05:58:14 | INFO | my_functions.py:247 | [DEBUG] Buscando en paralelo: ['snap.PNG'] | timeout=0s | confidence=0.8
2026-07-06 05:58:15 | INFO | my_functions.py:281 | [DEBUG] Click skipped, ninguna de las imágenes se encontró en el intento.
2026-07-06 05:58:21 | INFO | my_functions.py:247 | [DEBUG] Buscando en paralelo: ['end_turn.PNG'] | timeout=0s | confidence=0.8
2026-07-06 05:58:22 | INFO | my_functions.py:134 | Haciendo click en la posición (682, 946)
2026-07-06 05:58:23 | INFO | my_functions.py:269 | 🖱️ Click OK (En paralelo): end_turn.PNG at (682, 946) delay=1s
2026-07-06 05:58:24 | INFO | each_eight_hours.py:165 | End turn executed
2026-07-06 05:58:33 | INFO | my_functions.py:199 | 
✅ Found: end_turn.PNG pos=(681, 945) time=0.64s confidence=0.8
2026-07-06 05:58:33 | INFO | my_functions.py:247 | [DEBUG] Buscando en paralelo: ['snap.PNG'] | timeout=0s | confidence=0.8
2026-07-06 05:58:34 | INFO | my_functions.py:281 | [DEBUG] Click skipped, ninguna de las imágenes se encontró en el intento.
2026-07-06 05:58:40 | INFO | my_functions.py:247 | [DEBUG] Buscando en paralelo: ['end_turn.PNG'] | timeout=0s | confidence=0.8
2026-07-06 05:58:42 | INFO | my_functions.py:134 | Haciendo click en la posición (682, 945)
2026-07-06 05:58:42 | INFO | my_functions.py:269 | 🖱️ Click OK (En paralelo): end_turn.PNG at (682, 945) delay=1s
2026-07-06 05:58:43 | INFO | each_eight_hours.py:165 | End turn executed
2026-07-06 05:58:53 | INFO | my_functions.py:199 | 
✅ Found: end_turn.PNG pos=(681, 945) time=0.63s confidence=0.8
2026-07-06 05:58:53 | INFO | my_functions.py:247 | [DEBUG] Buscando en paralelo: ['snap.PNG'] | timeout=0s | confidence=0.8
2026-07-06 05:58:53 | INFO | my_functions.py:281 | [DEBUG] Click skipped, ninguna de las imágenes se encontró en el intento.
2026-07-06 05:59:00 | INFO | my_functions.py:247 | [DEBUG] Buscando en paralelo: ['end_turn.PNG'] | timeout=0s | confidence=0.8
2026-07-06 05:59:01 | INFO | my_functions.py:134 | Haciendo click en la posición (682, 945)
2026-07-06 05:59:02 | INFO | my_functions.py:269 | 🖱️ Click OK (En paralelo): end_turn.PNG at (682, 945) delay=1s
2026-07-06 05:59:03 | INFO | each_eight_hours.py:165 | End turn executed
2026-07-06 05:59:06 | INFO | my_functions.py:199 | 
✅ Found: never_seen_before.png pos=(395, 141) time=0.49s confidence=0.8
2026-07-06 05:59:07 | WARNING | each_eight_hours.py:178 | Unknown popup handled
2026-07-06 05:59:16 | INFO | my_functions.py:199 | 
✅ Found: end_turn.PNG pos=(681, 945) time=0.63s confidence=0.8
2026-07-06 05:59:16 | INFO | my_functions.py:247 | [DEBUG] Buscando en paralelo: ['snap.PNG'] | timeout=0s | confidence=0.8
2026-07-06 05:59:17 | INFO | my_functions.py:281 | [DEBUG] Click skipped, ninguna de las imágenes se encontró en el intento.
2026-07-06 05:59:23 | INFO | my_functions.py:247 | [DEBUG] Buscando en paralelo: ['end_turn.PNG'] | timeout=0s | confidence=0.8
2026-07-06 05:59:25 | INFO | my_functions.py:134 | Haciendo click en la posición (682, 945)
2026-07-06 05:59:25 | INFO | my_functions.py:269 | 🖱️ Click OK (En paralelo): end_turn.PNG at (682, 945) delay=1s
2026-07-06 05:59:26 | INFO | each_eight_hours.py:165 | End turn executed
2026-07-06 05:59:42 | INFO | my_functions.py:199 | 
✅ Found: end_turn.PNG pos=(681, 945) time=0.64s confidence=0.8
2026-07-06 05:59:42 | INFO | my_functions.py:247 | [DEBUG] Buscando en paralelo: ['snap.PNG'] | timeout=0s | confidence=0.8
2026-07-06 05:59:43 | INFO | my_functions.py:281 | [DEBUG] Click skipped, ninguna de las imágenes se encontró en el intento.
2026-07-06 05:59:49 | INFO | my_functions.py:247 | [DEBUG] Buscando en paralelo: ['end_turn.PNG'] | timeout=0s | confidence=0.8
2026-07-06 05:59:50 | INFO | my_functions.py:134 | Haciendo click en la posición (682, 945)
2026-07-06 05:59:51 | INFO | my_functions.py:269 | 🖱️ Click OK (En paralelo): end_turn.PNG at (682, 945) delay=1s
2026-07-06 05:59:52 | INFO | each_eight_hours.py:165 | End turn executed
2026-07-06 05:59:59 | INFO | my_functions.py:199 | 
✅ Found: never_seen_before.png pos=(395, 141) time=0.47s confidence=0.8
2026-07-06 05:59:59 | WARNING | each_eight_hours.py:178 | Unknown popup handled
2026-07-06 06:00:23 | INFO | my_functions.py:199 | 
✅ Found: collect_rewards.PNG pos=(679, 957) time=0.75s confidence=0.8
2026-07-06 06:00:23 | INFO | each_eight_hours.py:204 | Rewards detected, exiting match
2026-07-06 06:00:23 | INFO | my_functions.py:247 | [DEBUG] Buscando en paralelo: ['collect_rewards.PNG'] | timeout=20s | confidence=0.8
2026-07-06 06:00:25 | INFO | my_functions.py:134 | Haciendo click en la posición (679, 957)
2026-07-06 06:00:25 | INFO | my_functions.py:269 | 🖱️ Click OK (En paralelo): collect_rewards.PNG at (679, 957) delay=1s
2026-07-06 06:00:27 | INFO | my_functions.py:247 | [DEBUG] Buscando en paralelo: ['next.PNG'] | timeout=20s | confidence=0.8
2026-07-06 06:00:32 | INFO | my_functions.py:134 | Haciendo click en la posición (677, 973)
2026-07-06 06:00:32 | INFO | my_functions.py:269 | 🖱️ Click OK (En paralelo): next.PNG at (677, 973) delay=1s
2026-07-06 06:00:35 | INFO | my_functions.py:533 | AVAILABLE: 6
2026-07-06 06:00:35 | INFO | each_eight_hours.py:271 | Submissions after match: 6
2026-07-06 06:00:35 | INFO | my_functions.py:555 | Misiones completadas: 1
2026-07-06 06:00:35 | INFO | each_eight_hours.py:148 | Starting game loop 3
2026-07-06 06:00:35 | INFO | my_functions.py:247 | [DEBUG] Buscando en paralelo: ['play.PNG'] | timeout=20s | confidence=0.8
2026-07-06 06:00:39 | INFO | my_functions.py:134 | Haciendo click en la posición (384, 824)
2026-07-06 06:00:39 | INFO | my_functions.py:269 | 🖱️ Click OK (En paralelo): play.PNG at (384, 824) delay=3s
2026-07-06 06:00:51 | INFO | my_functions.py:199 | 
✅ Found: end_turn.PNG pos=(681, 945) time=0.64s confidence=0.8
2026-07-06 06:00:51 | INFO | my_functions.py:247 | [DEBUG] Buscando en paralelo: ['snap.PNG'] | timeout=0s | confidence=0.8
2026-07-06 06:00:53 | INFO | my_functions.py:134 | Haciendo click en la posición (386, 123)
2026-07-06 06:00:53 | INFO | my_functions.py:269 | 🖱️ Click OK (En paralelo): snap.PNG at (386, 123) delay=1s
2026-07-06 06:00:59 | INFO | my_functions.py:247 | [DEBUG] Buscando en paralelo: ['end_turn.PNG'] | timeout=0s | confidence=0.8
2026-07-06 06:01:01 | INFO | my_functions.py:134 | Haciendo click en la posición (682, 946)
2026-07-06 06:01:01 | INFO | my_functions.py:269 | 🖱️ Click OK (En paralelo): end_turn.PNG at (682, 946) delay=1s
2026-07-06 06:01:02 | INFO | each_eight_hours.py:165 | End turn executed
2026-07-06 06:01:11 | INFO | my_functions.py:199 | 
✅ Found: end_turn.PNG pos=(681, 945) time=0.64s confidence=0.8
2026-07-06 06:01:11 | INFO | my_functions.py:247 | [DEBUG] Buscando en paralelo: ['snap.PNG'] | timeout=0s | confidence=0.8
2026-07-06 06:01:12 | INFO | my_functions.py:281 | [DEBUG] Click skipped, ninguna de las imágenes se encontró en el intento.
2026-07-06 06:01:18 | INFO | my_functions.py:247 | [DEBUG] Buscando en paralelo: ['end_turn.PNG'] | timeout=0s | confidence=0.8
2026-07-06 06:01:20 | INFO | my_functions.py:134 | Haciendo click en la posición (682, 946)
2026-07-06 06:01:20 | INFO | my_functions.py:269 | 🖱️ Click OK (En paralelo): end_turn.PNG at (682, 946) delay=1s
2026-07-06 06:01:21 | INFO | each_eight_hours.py:165 | End turn executed
2026-07-06 06:01:36 | INFO | my_functions.py:199 | 
✅ Found: end_turn.PNG pos=(681, 945) time=0.64s confidence=0.8
2026-07-06 06:01:36 | INFO | my_functions.py:247 | [DEBUG] Buscando en paralelo: ['snap.PNG'] | timeout=0s | confidence=0.8
2026-07-06 06:01:37 | INFO | my_functions.py:281 | [DEBUG] Click skipped, ninguna de las imágenes se encontró en el intento.
2026-07-06 06:01:43 | INFO | my_functions.py:247 | [DEBUG] Buscando en paralelo: ['end_turn.PNG'] | timeout=0s | confidence=0.8
2026-07-06 06:01:45 | INFO | my_functions.py:134 | Haciendo click en la posición (682, 945)
2026-07-06 06:01:45 | INFO | my_functions.py:269 | 🖱️ Click OK (En paralelo): end_turn.PNG at (682, 945) delay=1s
2026-07-06 06:01:46 | INFO | each_eight_hours.py:165 | End turn executed
2026-07-06 06:02:12 | INFO | my_functions.py:199 | 
✅ Found: end_turn.PNG pos=(681, 945) time=0.67s confidence=0.8
2026-07-06 06:02:12 | INFO | my_functions.py:247 | [DEBUG] Buscando en paralelo: ['snap.PNG'] | timeout=0s | confidence=0.8
2026-07-06 06:02:13 | INFO | my_functions.py:281 | [DEBUG] Click skipped, ninguna de las imágenes se encontró en el intento.
2026-07-06 06:02:19 | INFO | my_functions.py:247 | [DEBUG] Buscando en paralelo: ['end_turn.PNG'] | timeout=0s | confidence=0.8
2026-07-06 06:02:20 | INFO | my_functions.py:134 | Haciendo click en la posición (682, 945)
2026-07-06 06:02:21 | INFO | my_functions.py:269 | 🖱️ Click OK (En paralelo): end_turn.PNG at (682, 945) delay=1s
2026-07-06 06:02:22 | INFO | each_eight_hours.py:165 | End turn executed
2026-07-06 06:02:41 | INFO | my_functions.py:199 | 
✅ Found: end_turn.PNG pos=(681, 945) time=0.65s confidence=0.8
2026-07-06 06:02:41 | INFO | my_functions.py:247 | [DEBUG] Buscando en paralelo: ['snap.PNG'] | timeout=0s | confidence=0.8
2026-07-06 06:02:42 | INFO | my_functions.py:281 | [DEBUG] Click skipped, ninguna de las imágenes se encontró en el intento.
2026-07-06 06:02:48 | INFO | my_functions.py:247 | [DEBUG] Buscando en paralelo: ['end_turn.PNG'] | timeout=0s | confidence=0.8
2026-07-06 06:02:49 | INFO | my_functions.py:134 | Haciendo click en la posición (682, 945)
2026-07-06 06:02:50 | INFO | my_functions.py:269 | 🖱️ Click OK (En paralelo): end_turn.PNG at (682, 945) delay=1s
2026-07-06 06:02:51 | INFO | each_eight_hours.py:165 | End turn executed
2026-07-06 06:03:16 | INFO | my_functions.py:199 | 
✅ Found: end_turn.PNG pos=(681, 945) time=0.64s confidence=0.8
2026-07-06 06:03:16 | INFO | my_functions.py:247 | [DEBUG] Buscando en paralelo: ['snap.PNG'] | timeout=0s | confidence=0.8
2026-07-06 06:03:17 | INFO | my_functions.py:281 | [DEBUG] Click skipped, ninguna de las imágenes se encontró en el intento.
2026-07-06 06:03:23 | INFO | my_functions.py:247 | [DEBUG] Buscando en paralelo: ['end_turn.PNG'] | timeout=0s | confidence=0.8
2026-07-06 06:03:25 | INFO | my_functions.py:134 | Haciendo click en la posición (682, 945)
2026-07-06 06:03:25 | INFO | my_functions.py:269 | 🖱️ Click OK (En paralelo): end_turn.PNG at (682, 945) delay=1s
2026-07-06 06:03:26 | INFO | each_eight_hours.py:165 | End turn executed
2026-07-06 06:04:04 | INFO | my_functions.py:199 | 
✅ Found: collect_rewards.PNG pos=(679, 958) time=0.77s confidence=0.8
2026-07-06 06:04:04 | INFO | each_eight_hours.py:204 | Rewards detected, exiting match
2026-07-06 06:04:04 | INFO | my_functions.py:247 | [DEBUG] Buscando en paralelo: ['collect_rewards.PNG'] | timeout=20s | confidence=0.8
2026-07-06 06:04:05 | INFO | my_functions.py:134 | Haciendo click en la posición (679, 957)
2026-07-06 06:04:06 | INFO | my_functions.py:269 | 🖱️ Click OK (En paralelo): collect_rewards.PNG at (679, 957) delay=1s
2026-07-06 06:04:07 | INFO | my_functions.py:247 | [DEBUG] Buscando en paralelo: ['next.PNG'] | timeout=20s | confidence=0.8
2026-07-06 06:04:14 | INFO | my_functions.py:134 | Haciendo click en la posición (677, 973)
2026-07-06 06:04:14 | INFO | my_functions.py:269 | 🖱️ Click OK (En paralelo): next.PNG at (677, 973) delay=1s
2026-07-06 06:04:18 | INFO | my_functions.py:533 | AVAILABLE: 6
2026-07-06 06:04:18 | INFO | each_eight_hours.py:271 | Submissions after match: 6
2026-07-06 06:04:18 | INFO | my_functions.py:555 | Misiones completadas: 2
2026-07-06 06:04:18 | INFO | each_eight_hours.py:275 | Submission condition met, breaking loop
2026-07-06 06:04:18 | INFO | my_functions.py:247 | [DEBUG] Buscando en paralelo: ['missionsNotify2.png'] | timeout=20s | confidence=0.8
2026-07-06 06:04:21 | INFO | my_functions.py:134 | Haciendo click en la posición (538, 124)
2026-07-06 06:04:21 | INFO | my_functions.py:269 | 🖱️ Click OK (En paralelo): missionsNotify2.png at (538, 124) delay=3s
2026-07-06 06:04:22 | INFO | my_functions.py:1470 | [INFO] Iniciando click_missions_blue2
2026-07-06 06:04:22 | INFO | my_functions.py:134 | Haciendo click en la posición (150, 132)
2026-07-06 06:04:24 | INFO | my_functions.py:1473 | [ACTION] Click hecho en icono de calendario que me dirige a las misiones ordinarias
2026-07-06 06:04:24 | INFO | my_functions.py:169 | Searching bonus_challenge.png (timeout=0s)
2026-07-06 06:04:24 | INFO | my_functions.py:213 | 
⛔ Not found: bonus_challenge.png after 0.0s region=(0, 0, 765, 1038) confidence=0.8
2026-07-06 06:04:26 | INFO | my_functions.py:134 | Haciendo click en la posición (362, 493)
2026-07-06 06:04:27 | INFO | my_functions.py:1486 | [ACTION] Click 1/2 en misión azul
2026-07-06 06:04:28 | INFO | my_functions.py:134 | Haciendo click en la posición (362, 493)
2026-07-06 06:04:29 | INFO | my_functions.py:1486 | [ACTION] Click 2/2 en misión azul
2026-07-06 06:04:30 | INFO | my_functions.py:169 | Searching flechita_mission.PNG (timeout=0s)
2026-07-06 06:04:30 | INFO | my_functions.py:213 | 
⛔ Not found: flechita_mission.PNG after 0.0s region=(0, 0, 765, 1038) confidence=0.8
2026-07-06 06:04:30 | INFO | my_functions.py:247 | [DEBUG] Buscando en paralelo: ['weekly3.PNG'] | timeout=0s | confidence=0.8
2026-07-06 06:04:31 | INFO | my_functions.py:281 | [DEBUG] Click skipped, ninguna de las imágenes se encontró en el intento.
2026-07-06 06:04:32 | INFO | my_functions.py:247 | [DEBUG] Buscando en paralelo: ['weekly3.PNG'] | timeout=0s | confidence=0.8
2026-07-06 06:04:33 | INFO | my_functions.py:281 | [DEBUG] Click skipped, ninguna de las imágenes se encontró en el intento.
2026-07-06 06:04:34 | INFO | my_functions.py:134 | Haciendo click en la posición (557, 64)
2026-07-06 06:04:35 | INFO | my_functions.py:247 | [DEBUG] Buscando en paralelo: ['cards_shop.PNG'] | timeout=20s | confidence=0.8
2026-07-06 06:04:38 | INFO | my_functions.py:134 | Haciendo click en la posición (568, 121)
2026-07-06 06:04:38 | INFO | my_functions.py:269 | 🖱️ Click OK (En paralelo): cards_shop.PNG at (568, 121) delay=1s
2026-07-06 06:04:39 | INFO | my_functions.py:247 | [DEBUG] Buscando en paralelo: ['token_icon.PNG'] | timeout=20s | confidence=0.8
2026-07-06 06:04:42 | INFO | my_functions.py:134 | Haciendo click en la posición (571, 171)
2026-07-06 06:04:42 | INFO | my_functions.py:269 | 🖱️ Click OK (En paralelo): token_icon.PNG at (571, 171) delay=1s
2026-07-06 06:04:45 | INFO | my_functions.py:247 | [DEBUG] Buscando en paralelo: ['claim!_token_3.PNG'] | timeout=4s | confidence=0.8
2026-07-06 06:04:50 | INFO | my_functions.py:281 | [DEBUG] Click skipped, ninguna de las imágenes se encontró en el intento.
2026-07-06 06:04:51 | INFO | my_functions.py:247 | [DEBUG] Buscando en paralelo: ['cards_shop.PNG'] | timeout=20s | confidence=0.8
2026-07-06 06:04:53 | INFO | my_functions.py:134 | Haciendo click en la posición (568, 122)
2026-07-06 06:04:53 | INFO | my_functions.py:269 | 🖱️ Click OK (En paralelo): cards_shop.PNG at (568, 122) delay=1s
2026-07-06 06:04:54 | INFO | my_functions.py:247 | [DEBUG] Buscando en paralelo: ['offers.PNG'] | timeout=20s | confidence=0.8
2026-07-06 06:04:56 | INFO | my_functions.py:134 | Haciendo click en la posición (197, 121)
2026-07-06 06:04:56 | INFO | my_functions.py:269 | 🖱️ Click OK (En paralelo): offers.PNG at (197, 121) delay=1s
2026-07-06 06:04:57 | INFO | my_functions.py:1351 | [INFO] Iniciando mejora de cartas
2026-07-06 06:04:57 | INFO | my_functions.py:247 | [DEBUG] Buscando en paralelo: ['upgrade_cards_icon.PNG'] | timeout=3s | confidence=0.8
2026-07-06 06:04:59 | INFO | my_functions.py:134 | Haciendo click en la posición (322, 170)
2026-07-06 06:04:59 | INFO | my_functions.py:269 | 🖱️ Click OK (En paralelo): upgrade_cards_icon.PNG at (322, 170) delay=1s
2026-07-06 06:05:00 | INFO | my_functions.py:1358 | [INFO] Abriendo icono de upgrade_cards
2026-07-06 06:05:01 | INFO | my_functions.py:1365 | [STEP] Mejorando carta 1
2026-07-06 06:05:01 | INFO | my_functions.py:1369 | [ACTION] Click en carta 1
2026-07-06 06:05:03 | INFO | my_functions.py:1374 | [ACTION] Click en botón upgrade
2026-07-06 06:05:10 | INFO | my_functions.py:169 | Searching aw_snap.png (timeout=3s)
2026-07-06 06:05:14 | INFO | my_functions.py:213 | 
⛔ Not found: aw_snap.png after 3.42s region=(0, 0, 765, 1038) confidence=0.8
2026-07-06 06:05:14 | INFO | my_functions.py:247 | [DEBUG] Buscando en paralelo: ['you_need_more_credits!.png'] | timeout=3s | confidence=0.8
2026-07-06 06:05:17 | INFO | my_functions.py:281 | [DEBUG] Click skipped, ninguna de las imágenes se encontró en el intento.
2026-07-06 06:05:23 | INFO | my_functions.py:1407 | [ACTION] Click para continuar a stage de nivel de coleccion
2026-07-06 06:05:28 | INFO | my_functions.py:142 | Presionando ESC (1/1)
2026-07-06 06:05:29 | INFO | my_functions.py:1415 | [ACTION] Saliendo de stage nivel de coleccion con ESC
2026-07-06 06:05:30 | INFO | my_functions.py:247 | [DEBUG] Buscando en paralelo: ['upgrade_cards_icon_selected.PNG'] | timeout=0s | confidence=0.8
2026-07-06 06:05:32 | INFO | my_functions.py:134 | Haciendo click en la posición (320, 173)
2026-07-06 06:05:32 | INFO | my_functions.py:269 | 🖱️ Click OK (En paralelo): upgrade_cards_icon_selected.PNG at (320, 173) delay=1s
2026-07-06 06:05:33 | INFO | my_functions.py:1427 | [INFO] Reabriendo icono de upgrade_cards
2026-07-06 06:05:34 | INFO | my_functions.py:1365 | [STEP] Mejorando carta 2
2026-07-06 06:05:34 | INFO | my_functions.py:1369 | [ACTION] Click en carta 2
2026-07-06 06:05:35 | INFO | my_functions.py:1374 | [ACTION] Click en botón upgrade
2026-07-06 06:05:42 | INFO | my_functions.py:169 | Searching aw_snap.png (timeout=3s)
2026-07-06 06:05:46 | INFO | my_functions.py:213 | 
⛔ Not found: aw_snap.png after 3.36s region=(0, 0, 765, 1038) confidence=0.8
2026-07-06 06:05:46 | INFO | my_functions.py:247 | [DEBUG] Buscando en paralelo: ['you_need_more_credits!.png'] | timeout=3s | confidence=0.8
2026-07-06 06:05:50 | INFO | my_functions.py:281 | [DEBUG] Click skipped, ninguna de las imágenes se encontró en el intento.
2026-07-06 06:05:56 | INFO | my_functions.py:1407 | [ACTION] Click para continuar a stage de nivel de coleccion
2026-07-06 06:06:01 | INFO | my_functions.py:142 | Presionando ESC (1/1)
2026-07-06 06:06:01 | INFO | my_functions.py:1415 | [ACTION] Saliendo de stage nivel de coleccion con ESC
2026-07-06 06:06:02 | INFO | my_functions.py:247 | [DEBUG] Buscando en paralelo: ['upgrade_cards_icon_selected.PNG'] | timeout=0s | confidence=0.8
2026-07-06 06:06:04 | INFO | my_functions.py:134 | Haciendo click en la posición (320, 173)
2026-07-06 06:06:04 | INFO | my_functions.py:269 | 🖱️ Click OK (En paralelo): upgrade_cards_icon_selected.PNG at (320, 173) delay=1s
2026-07-06 06:06:05 | INFO | my_functions.py:1427 | [INFO] Reabriendo icono de upgrade_cards
2026-07-06 06:06:06 | INFO | my_functions.py:1365 | [STEP] Mejorando carta 3
2026-07-06 06:06:07 | INFO | my_functions.py:1369 | [ACTION] Click en carta 3
2026-07-06 06:06:08 | INFO | my_functions.py:1374 | [ACTION] Click en botón upgrade
2026-07-06 06:06:15 | INFO | my_functions.py:169 | Searching aw_snap.png (timeout=3s)
2026-07-06 06:06:19 | INFO | my_functions.py:213 | 
⛔ Not found: aw_snap.png after 3.39s region=(0, 0, 765, 1038) confidence=0.8
2026-07-06 06:06:19 | INFO | my_functions.py:247 | [DEBUG] Buscando en paralelo: ['you_need_more_credits!.png'] | timeout=3s | confidence=0.8
2026-07-06 06:06:22 | INFO | my_functions.py:281 | [DEBUG] Click skipped, ninguna de las imágenes se encontró en el intento.
2026-07-06 06:06:28 | INFO | my_functions.py:1407 | [ACTION] Click para continuar a stage de nivel de coleccion
2026-07-06 06:06:33 | INFO | my_functions.py:142 | Presionando ESC (1/1)
2026-07-06 06:06:34 | INFO | my_functions.py:1415 | [ACTION] Saliendo de stage nivel de coleccion con ESC
2026-07-06 06:06:35 | INFO | my_functions.py:1433 | [INFO] Mejora de cartas completada ✅
2026-07-06 06:06:35 | INFO | my_functions.py:142 | Presionando ESC (1/1)
2026-07-06 06:06:36 | INFO | my_functions.py:247 | [DEBUG] Buscando en paralelo: ['white_x.png'] | timeout=2s | confidence=0.8
2026-07-06 06:06:38 | INFO | my_functions.py:281 | [DEBUG] Click skipped, ninguna de las imágenes se encontró en el intento.
2026-07-06 06:06:39 | INFO | each_eight_hours.py:46 | [06:06:39.687] [DEBUG] === INICIANDO FUNCIÓN collect_cl_rewards ===
2026-07-06 06:06:39 | INFO | each_eight_hours.py:46 | [06:06:39.692] [DEBUG] Haciendo click inicial en (387, 166)...
2026-07-06 06:06:39 | INFO | my_functions.py:134 | Haciendo click en la posición (387, 166)
2026-07-06 06:06:46 | INFO | each_eight_hours.py:46 | [06:06:46.023] [DEBUG] Se omitió el cambio de tamaño de ventanas (resize=False)
2026-07-06 06:06:46 | INFO | each_eight_hours.py:46 | [06:06:46.057] [DEBUG] Recompensas iniciales detectadas por la API: 4
2026-07-06 06:06:46 | INFO | each_eight_hours.py:46 | [06:06:46.061] [DEBUG] --------------------------------------------------
2026-07-06 06:06:46 | INFO | each_eight_hours.py:46 | [06:06:46.067] [DEBUG] Inicio de iteración. Recompensas restantes: 4
2026-07-06 06:06:46 | INFO | each_eight_hours.py:46 | [06:06:46.068] [DEBUG] Intentando hacer click en: (260, 580)
2026-07-06 06:06:47 | INFO | my_functions.py:169 | Searching claim!.PNG (timeout=3s)
2026-07-06 06:06:51 | INFO | my_functions.py:213 | 
⛔ Not found: claim!.PNG after 3.48s region=(0, 0, 765, 1038) confidence=0.8
2026-07-06 06:06:51 | INFO | each_eight_hours.py:46 | [06:06:51.447] [DEBUG] No se detectó 'Claim'. Buscando 'check.png' en región (228, 547, 65, 55)...
2026-07-06 06:06:51 | INFO | my_functions.py:169 | Searching check.png (timeout=1s)
2026-07-06 06:06:52 | INFO | my_functions.py:213 | 
⛔ Not found: check.png after 1.01s region=(228, 547, 65, 55) confidence=0.8
2026-07-06 06:06:52 | INFO | each_eight_hours.py:46 | [06:06:52.572] [DEBUG] -> [CORRECCIÓN] Primer click fallido. Cambiando de lado a X = 470
2026-07-06 06:06:52 | INFO | each_eight_hours.py:46 | [06:06:52.577] [DEBUG] --------------------------------------------------
2026-07-06 06:06:52 | INFO | each_eight_hours.py:46 | [06:06:52.584] [DEBUG] Inicio de iteración. Recompensas restantes: 4
2026-07-06 06:06:52 | INFO | each_eight_hours.py:46 | [06:06:52.589] [DEBUG] Intentando hacer click en: (470, 580)
2026-07-06 06:06:53 | INFO | my_functions.py:169 | Searching claim!.PNG (timeout=3s)
2026-07-06 06:06:57 | INFO | my_functions.py:213 | 
⛔ Not found: claim!.PNG after 3.5s region=(0, 0, 765, 1038) confidence=0.8
2026-07-06 06:06:57 | INFO | each_eight_hours.py:46 | [06:06:57.993] [DEBUG] No se detectó 'Claim'. Buscando 'check.png' en región (449, 547, 65, 55)...
2026-07-06 06:06:57 | INFO | my_functions.py:169 | Searching check.png (timeout=1s)
2026-07-06 06:06:58 | INFO | my_functions.py:199 | 
✅ Found: check.png pos=(500, 578) time=0.12s confidence=0.8
2026-07-06 06:06:58 | INFO | each_eight_hours.py:46 | [06:06:58.116] [DEBUG] -> ¡ÉXITO! Crédito detectado por 'check.png'. Reclamado automáticamente por el click previo.
2026-07-06 06:06:58 | INFO | each_eight_hours.py:46 | [06:06:58.125] [DEBUG] Moviendo el mouse a la posición de scroll (350, 580)...
2026-07-06 06:06:59 | INFO | each_eight_hours.py:46 | [06:06:59.698] [DEBUG] Alternancia de coordenada X: Cambió de 470 a 260
2026-07-06 06:06:59 | INFO | each_eight_hours.py:46 | [06:06:59.701] [DEBUG] --------------------------------------------------
2026-07-06 06:06:59 | INFO | each_eight_hours.py:46 | [06:06:59.702] [DEBUG] Inicio de iteración. Recompensas restantes: 3
2026-07-06 06:06:59 | INFO | each_eight_hours.py:46 | [06:06:59.708] [DEBUG] Intentando hacer click en: (260, 580)
2026-07-06 06:07:00 | INFO | my_functions.py:169 | Searching claim!.PNG (timeout=3s)
2026-07-06 06:07:01 | INFO | my_functions.py:199 | 
✅ Found: claim!.PNG pos=(381, 924) time=0.71s confidence=0.8
2026-07-06 06:07:01 | INFO | each_eight_hours.py:46 | [06:07:01.630] [DEBUG] -> ¡ÉXITO! Botón 'Claim' detectado.
2026-07-06 06:07:01 | INFO | my_functions.py:169 | Searching set.png (timeout=0s)
2026-07-06 06:07:02 | INFO | my_functions.py:213 | 
⛔ Not found: set.png after 0.0s region=(0, 0, 765, 1038) confidence=0.8
2026-07-06 06:07:02 | INFO | my_functions.py:247 | [DEBUG] Buscando en paralelo: ['claim!.PNG'] | timeout=0s | confidence=0.8
2026-07-06 06:07:04 | INFO | my_functions.py:134 | Haciendo click en la posición (381, 924)
2026-07-06 06:07:04 | INFO | my_functions.py:269 | 🖱️ Click OK (En paralelo): claim!.PNG at (381, 924) delay=1s
2026-07-06 06:07:05 | INFO | each_eight_hours.py:46 | [06:07:05.482] [DEBUG] Moviendo el mouse a la posición de scroll (350, 580)...
2026-07-06 06:07:07 | INFO | each_eight_hours.py:46 | [06:07:07.052] [DEBUG] Alternancia de coordenada X: Cambió de 260 a 470
2026-07-06 06:07:07 | INFO | each_eight_hours.py:46 | [06:07:07.056] [DEBUG] --------------------------------------------------
2026-07-06 06:07:07 | INFO | each_eight_hours.py:46 | [06:07:07.062] [DEBUG] Inicio de iteración. Recompensas restantes: 2
2026-07-06 06:07:07 | INFO | each_eight_hours.py:46 | [06:07:07.065] [DEBUG] Intentando hacer click en: (470, 580)
2026-07-06 06:07:08 | INFO | my_functions.py:169 | Searching claim!.PNG (timeout=3s)
2026-07-06 06:07:12 | INFO | my_functions.py:213 | 
⛔ Not found: claim!.PNG after 3.37s region=(0, 0, 765, 1038) confidence=0.8
2026-07-06 06:07:12 | INFO | each_eight_hours.py:46 | [06:07:12.332] [DEBUG] No se detectó 'Claim'. Buscando 'check.png' en región (449, 547, 65, 55)...
2026-07-06 06:07:12 | INFO | my_functions.py:169 | Searching check.png (timeout=1s)
2026-07-06 06:07:12 | INFO | my_functions.py:199 | 
✅ Found: check.png pos=(500, 576) time=0.12s confidence=0.8
2026-07-06 06:07:12 | INFO | each_eight_hours.py:46 | [06:07:12.457] [DEBUG] -> ¡ÉXITO! Crédito detectado por 'check.png'. Reclamado automáticamente por el click previo.
2026-07-06 06:07:12 | INFO | each_eight_hours.py:46 | [06:07:12.459] [DEBUG] Moviendo el mouse a la posición de scroll (350, 580)...
2026-07-06 06:07:14 | INFO | each_eight_hours.py:46 | [06:07:14.029] [DEBUG] Alternancia de coordenada X: Cambió de 470 a 260
2026-07-06 06:07:14 | INFO | each_eight_hours.py:46 | [06:07:14.031] [DEBUG] --------------------------------------------------
2026-07-06 06:07:14 | INFO | each_eight_hours.py:46 | [06:07:14.033] [DEBUG] Inicio de iteración. Recompensas restantes: 1
2026-07-06 06:07:14 | INFO | each_eight_hours.py:46 | [06:07:14.038] [DEBUG] Intentando hacer click en: (260, 580)
2026-07-06 06:07:15 | INFO | my_functions.py:169 | Searching claim!.PNG (timeout=3s)
2026-07-06 06:07:19 | INFO | my_functions.py:213 | 
⛔ Not found: claim!.PNG after 3.37s region=(0, 0, 765, 1038) confidence=0.8
2026-07-06 06:07:19 | INFO | each_eight_hours.py:46 | [06:07:19.293] [DEBUG] No se detectó 'Claim'. Buscando 'check.png' en región (228, 547, 65, 55)...
2026-07-06 06:07:19 | INFO | my_functions.py:169 | Searching check.png (timeout=1s)
2026-07-06 06:07:19 | INFO | my_functions.py:199 | 
✅ Found: check.png pos=(265, 579) time=0.11s confidence=0.8
2026-07-06 06:07:19 | INFO | each_eight_hours.py:46 | [06:07:19.413] [DEBUG] -> ¡ÉXITO! Crédito detectado por 'check.png'. Reclamado automáticamente por el click previo.
2026-07-06 06:07:19 | INFO | each_eight_hours.py:46 | [06:07:19.418] [DEBUG] Moviendo el mouse a la posición de scroll (350, 580)...
2026-07-06 06:07:20 | INFO | each_eight_hours.py:46 | [06:07:20.985] [DEBUG] Alternancia de coordenada X: Cambió de 260 a 470
2026-07-06 06:07:20 | INFO | each_eight_hours.py:46 | Finished collecting rewards
2026-07-06 06:07:21 | INFO | my_functions.py:142 | Presionando ESC (1/1)
2026-07-06 06:07:22 | INFO | my_functions.py:247 | [DEBUG] Buscando en paralelo: ['nut.png'] | timeout=20s | confidence=0.8
2026-07-06 06:07:24 | INFO | my_functions.py:134 | Haciendo click en la posición (184, 78)
2026-07-06 06:07:24 | INFO | my_functions.py:269 | 🖱️ Click OK (En paralelo): nut.png at (184, 78) delay=1s
2026-07-06 06:07:25 | INFO | my_functions.py:247 | [DEBUG] Buscando en paralelo: ['graphics_quality.png'] | timeout=3s | confidence=0.8
2026-07-06 06:07:27 | INFO | my_functions.py:134 | Haciendo click en la posición (304, 644)
2026-07-06 06:07:27 | INFO | my_functions.py:269 | 🖱️ Click OK (En paralelo): graphics_quality.png at (304, 644) delay=1s
2026-07-06 06:07:29 | INFO | my_functions.py:247 | [DEBUG] Buscando en paralelo: ['sign_out.png'] | timeout=20s | confidence=0.8
2026-07-06 06:07:31 | INFO | my_functions.py:134 | Haciendo click en la posición (380, 796)
2026-07-06 06:07:31 | INFO | my_functions.py:269 | 🖱️ Click OK (En paralelo): sign_out.png at (380, 796) delay=1s
2026-07-06 06:07:33 | INFO | my_functions.py:247 | [DEBUG] Buscando en paralelo: ['sign_out_grande.png'] | timeout=20s | confidence=0.8
2026-07-06 06:07:34 | INFO | my_functions.py:134 | Haciendo click en la posición (359, 437)
2026-07-06 06:07:35 | INFO | my_functions.py:269 | 🖱️ Click OK (En paralelo): sign_out_grande.png at (359, 437) delay=1s
2026-07-06 06:07:36 | INFO | my_functions.py:247 | [DEBUG] Buscando en paralelo: ['sign_out2.png'] | timeout=20s | confidence=0.8
2026-07-06 06:07:37 | INFO | my_functions.py:134 | Haciendo click en la posición (383, 634)
2026-07-06 06:07:38 | INFO | my_functions.py:269 | 🖱️ Click OK (En paralelo): sign_out2.png at (383, 634) delay=1s
2026-07-06 06:07:39 | INFO | my_functions.py:1545 | ⏱ Esperando 0.1 segundos antes de empezar...
2026-07-06 06:07:39 | INFO | my_functions.py:1552 | 🔍 Esperando ventana que contenga alguna de: SNAP (máx 20s)
2026-07-06 06:07:39 | INFO | my_functions.py:1564 | ✅ Ventana encontrada: 'SNAP'
2026-07-06 06:07:39 | INFO | my_functions.py:1579 | ✅ Ventana seleccionada: 'SNAP'
2026-07-06 06:07:41 | INFO | my_functions.py:1602 | 🔁 Reajuste #1...
2026-07-06 06:07:43 | INFO | my_functions.py:1609 | ✔ Verificación completa. Se hicieron 1 reajustes.
2026-07-06 06:07:47 | INFO | each_eight_hours.py:113 | Processing account: reeps_vm
2026-07-06 06:07:47 | INFO | my_functions.py:1545 | ⏱ Esperando 0.1 segundos antes de empezar...
2026-07-06 06:07:47 | INFO | my_functions.py:1552 | 🔍 Esperando ventana que contenga alguna de: ['SNAP'] (máx 20s)
2026-07-06 06:07:49 | INFO | my_functions.py:1564 | ✅ Ventana encontrada: 'SNAP'
2026-07-06 06:07:49 | INFO | my_functions.py:1579 | ✅ Ventana seleccionada: 'SNAP'
2026-07-06 06:07:52 | INFO | my_functions.py:1611 | ✔ Verificación completa. No hubo cambios después del primer ajuste.
2026-07-06 06:07:52 | INFO | my_functions.py:1206 | [DEBUG] Resizing SNAP window...
2026-07-06 06:07:52 | INFO | my_functions.py:1545 | ⏱ Esperando 0.1 segundos antes de empezar...
2026-07-06 06:07:52 | INFO | my_functions.py:1552 | 🔍 Esperando ventana que contenga alguna de: ['SNAP'] (máx 20s)
2026-07-06 06:07:52 | INFO | my_functions.py:1564 | ✅ Ventana encontrada: 'SNAP'
2026-07-06 06:07:52 | INFO | my_functions.py:1579 | ✅ Ventana seleccionada: 'SNAP'
2026-07-06 06:07:59 | INFO | my_functions.py:1611 | ✔ Verificación completa. No hubo cambios después del primer ajuste.
2026-07-06 06:07:59 | INFO | my_functions.py:247 | [DEBUG] Buscando en paralelo: ['small_submit.PNG', 'small_submit_hover.png', 'submit_hover_2.png', 'small_submit_hover_2.png'] | timeout=90s | confidence=0.8
2026-07-06 06:08:00 | INFO | my_functions.py:134 | Haciendo click en la posición (380, 642)
2026-07-06 06:08:00 | INFO | my_functions.py:269 | 🖱️ Click OK (En paralelo): small_submit.PNG at (380, 642) delay=0.2s
2026-07-06 06:08:04 | INFO | my_functions.py:247 | [DEBUG] Buscando en paralelo: ['small_submit.PNG', 'small_submit_hover.png', 'submit_hover_2.png', 'small_submit_hover_2.png'] | timeout=20s | confidence=0.8
2026-07-06 06:08:05 | INFO | my_functions.py:134 | Haciendo click en la posición (380, 721)
2026-07-06 06:08:05 | INFO | my_functions.py:269 | 🖱️ Click OK (En paralelo): small_submit.PNG at (380, 721) delay=0.2s
2026-07-06 06:08:06 | INFO | my_functions.py:1545 | ⏱ Esperando 0.1 segundos antes de empezar...
2026-07-06 06:08:06 | INFO | my_functions.py:1552 | 🔍 Esperando ventana que contenga alguna de: ['SNAP'] (máx 20s)
2026-07-06 06:08:06 | INFO | my_functions.py:1564 | ✅ Ventana encontrada: 'SNAP'
2026-07-06 06:08:06 | INFO | my_functions.py:1579 | ✅ Ventana seleccionada: 'SNAP'
2026-07-06 06:08:08 | INFO | my_functions.py:1602 | 🔁 Reajuste #1...
2026-07-06 06:08:09 | INFO | my_functions.py:1609 | ✔ Verificación completa. Se hicieron 1 reajustes.
2026-07-06 06:08:09 | INFO | my_functions.py:169 | Searching please_sign.png (timeout=0s)
2026-07-06 06:08:10 | INFO | my_functions.py:199 | 
✅ Found: please_sign.png pos=(383, 438) time=0.45s confidence=0.8
2026-07-06 06:08:10 | INFO | my_functions.py:247 | [DEBUG] Buscando en paralelo: ['ok_btn.png'] | timeout=20s | confidence=0.8
2026-07-06 06:08:12 | INFO | my_functions.py:134 | Haciendo click en la posición (382, 634)
2026-07-06 06:08:12 | INFO | my_functions.py:269 | 🖱️ Click OK (En paralelo): ok_btn.png at (382, 634) delay=1s
2026-07-06 06:08:13 | INFO | my_functions.py:247 | [DEBUG] Buscando en paralelo: ['small_submit.PNG', 'small_submit_hover.png', 'submit_hover_2.png', 'small_submit_hover_2.png'] | timeout=30s | confidence=0.8
2026-07-06 06:08:16 | INFO | my_functions.py:134 | Haciendo click en la posición (383, 643)
2026-07-06 06:08:16 | INFO | my_functions.py:269 | 🖱️ Click OK (En paralelo): small_submit_hover_2.png at (383, 643) delay=0.2s
2026-07-06 06:08:17 | INFO | my_functions.py:247 | [DEBUG] Buscando en paralelo: ['small_submit.PNG', 'small_submit_hover.png', 'submit_hover_2.png', 'small_submit_hover_2.png'] | timeout=20s | confidence=0.8
2026-07-06 06:08:19 | INFO | my_functions.py:134 | Haciendo click en la posición (380, 721)
2026-07-06 06:08:19 | INFO | my_functions.py:269 | 🖱️ Click OK (En paralelo): small_submit.PNG at (380, 721) delay=0.2s
2026-07-06 06:08:20 | INFO | my_functions.py:247 | [DEBUG] Buscando en paralelo: ['sign_in_with_google2.PNG'] | timeout=20s | confidence=0.8
2026-07-06 06:08:21 | INFO | my_functions.py:134 | Haciendo click en la posición (406, 957)
2026-07-06 06:08:22 | INFO | my_functions.py:269 | 🖱️ Click OK (En paralelo): sign_in_with_google2.PNG at (406, 957) delay=1s
2026-07-06 06:08:23 | INFO | my_functions.py:169 | Searching pagina_cargada.png (timeout=60s)
2026-07-06 06:08:28 | INFO | my_functions.py:199 | 
✅ Found: pagina_cargada.png pos=(70, 24) time=5.45s confidence=0.8
2026-07-06 06:08:30 | INFO | my_functions.py:247 | [DEBUG] Buscando en paralelo: ['reeps_vm.png'] | timeout=0s | confidence=0.8
2026-07-06 06:08:34 | INFO | my_functions.py:134 | Haciendo click en la posición (1126, 534)
2026-07-06 06:08:34 | INFO | my_functions.py:269 | 🖱️ Click OK (En paralelo): reeps_vm.png at (1126, 534) delay=3s
2026-07-06 06:08:35 | INFO | my_functions.py:169 | Searching marvelsnap_web.png (timeout=30s)
2026-07-06 06:08:40 | INFO | my_functions.py:199 | 
✅ Found: marvelsnap_web.png pos=(258, 80) time=4.75s confidence=0.7
2026-07-06 06:08:40 | INFO | my_functions.py:169 | Searching shop_unselected.PNG (timeout=0s)
2026-07-06 06:08:41 | INFO | my_functions.py:213 | 
⛔ Not found: shop_unselected.PNG after 0.0s region=(0, 0, 765, 1038) confidence=0.8
2026-07-06 06:08:41 | INFO | my_functions.py:247 | [DEBUG] Buscando en paralelo: ['super_premium.PNG'] | timeout=0s | confidence=0.8
2026-07-06 06:08:41 | INFO | my_functions.py:281 | [DEBUG] Click skipped, ninguna de las imágenes se encontró en el intento.
2026-07-06 06:08:42 | INFO | my_functions.py:247 | [DEBUG] Buscando en paralelo: ['maybe_later.PNG'] | timeout=0s | confidence=0.8
2026-07-06 06:08:43 | INFO | my_functions.py:281 | [DEBUG] Click skipped, ninguna de las imágenes se encontró en el intento.
2026-07-06 06:08:44 | INFO | my_functions.py:247 | [DEBUG] Buscando en paralelo: ['maybe_later2.PNG'] | timeout=0s | confidence=0.8
2026-07-06 06:08:45 | INFO | my_functions.py:281 | [DEBUG] Click skipped, ninguna de las imágenes se encontró en el intento.
2026-07-06 06:08:46 | INFO | my_functions.py:169 | Searching go_to_shop.PNG (timeout=0s)
2026-07-06 06:08:46 | INFO | my_functions.py:213 | 
⛔ Not found: go_to_shop.PNG after 0.0s region=(0, 0, 765, 1038) confidence=0.8
2026-07-06 06:08:46 | INFO | my_functions.py:247 | [DEBUG] Buscando en paralelo: ['14_days_of_winterverse.PNG'] | timeout=0s | confidence=0.8
2026-07-06 06:08:47 | INFO | my_functions.py:281 | [DEBUG] Click skipped, ninguna de las imágenes se encontró en el intento.
2026-07-06 06:08:48 | INFO | my_functions.py:169 | Searching welcome_back_calendar.PNG (timeout=0s)
2026-07-06 06:08:49 | INFO | my_functions.py:213 | 
⛔ Not found: welcome_back_calendar.PNG after 0.49s region=(0, 0, 765, 1038) confidence=0.8
2026-07-06 06:08:49 | INFO | my_functions.py:247 | [DEBUG] Buscando en paralelo: ['start_the_countdown.PNG'] | timeout=0s | confidence=0.8
2026-07-06 06:08:50 | INFO | my_functions.py:281 | [DEBUG] Click skipped, ninguna de las imágenes se encontró en el intento.
2026-07-06 06:08:51 | INFO | my_functions.py:247 | [DEBUG] Buscando en paralelo: ['event_has_ended_sanctum.PNG'] | timeout=0s | confidence=0.8
2026-07-06 06:08:51 | INFO | my_functions.py:281 | [DEBUG] Click skipped, ninguna de las imágenes se encontró en el intento.
2026-07-06 06:08:52 | INFO | my_functions.py:247 | [DEBUG] Buscando en paralelo: ['event_has_ended_teamclash.PNG'] | timeout=0s | confidence=0.8
2026-07-06 06:08:53 | INFO | my_functions.py:281 | [DEBUG] Click skipped, ninguna de las imágenes se encontró en el intento.
2026-07-06 06:08:54 | INFO | my_functions.py:247 | [DEBUG] Buscando en paralelo: ['image_part_of_event_grand_arena_finished.PNG'] | timeout=0s | confidence=0.8
2026-07-06 06:08:55 | INFO | my_functions.py:281 | [DEBUG] Click skipped, ninguna de las imágenes se encontró en el intento.
2026-07-06 06:08:56 | INFO | my_functions.py:169 | Searching 28_day_event_login_rewards.PNG (timeout=0s)
2026-07-06 06:08:56 | INFO | my_functions.py:213 | 
⛔ Not found: 28_day_event_login_rewards.PNG after 0.0s region=(0, 0, 765, 1038) confidence=0.8
2026-07-06 06:08:56 | INFO | my_functions.py:169 | Searching 7_day_event_login.PNG (timeout=0s)
2026-07-06 06:08:57 | INFO | my_functions.py:213 | 
⛔ Not found: 7_day_event_login.PNG after 0.0s region=(0, 0, 765, 1038) confidence=0.8
2026-07-06 06:08:57 | INFO | my_functions.py:169 | Searching 14_days_event.PNG (timeout=0s)
2026-07-06 06:08:57 | INFO | my_functions.py:213 | 
⛔ Not found: 14_days_event.PNG after 0.0s region=(0, 0, 765, 1038) confidence=0.8
2026-07-06 06:08:57 | INFO | my_functions.py:247 | [DEBUG] Buscando en paralelo: ['lets_go.PNG'] | timeout=0s | confidence=0.8
2026-07-06 06:08:58 | INFO | my_functions.py:281 | [DEBUG] Click skipped, ninguna de las imágenes se encontró en el intento.
2026-07-06 06:09:00 | INFO | my_functions.py:169 | Searching shop_unselected.PNG (timeout=0s)
2026-07-06 06:09:00 | INFO | my_functions.py:213 | 
⛔ Not found: shop_unselected.PNG after 0.0s region=(0, 0, 765, 1038) confidence=0.8
2026-07-06 06:09:00 | INFO | my_functions.py:247 | [DEBUG] Buscando en paralelo: ['super_premium.PNG'] | timeout=0s | confidence=0.8
2026-07-06 06:09:02 | INFO | my_functions.py:134 | Haciendo click en la posición (480, 777)
2026-07-06 06:09:02 | INFO | my_functions.py:269 | 🖱️ Click OK (En paralelo): super_premium.PNG at (480, 777) delay=1s
2026-07-06 06:09:03 | INFO | my_functions.py:142 | Presionando ESC (1/1)
2026-07-06 06:09:12 | INFO | my_functions.py:169 | Searching shop_unselected.PNG (timeout=0s)
2026-07-06 06:09:12 | INFO | my_functions.py:199 | 
✅ Found: shop_unselected.PNG pos=(88, 961) time=0.69s confidence=0.8
2026-07-06 06:09:12 | INFO | my_functions.py:714 | Ya esta listo
2026-07-06 06:09:17 | INFO | my_functions.py:533 | AVAILABLE: 6
2026-07-06 06:09:17 | INFO | my_functions.py:555 | Misiones completadas: 0
2026-07-06 06:09:17 | INFO | my_functions.py:169 | Searching play.PNG (timeout=0s)
2026-07-06 06:09:17 | INFO | my_functions.py:199 | 
✅ Found: play.PNG pos=(384, 825) time=0.58s confidence=0.8
2026-07-06 06:09:17 | INFO | my_functions.py:1440 | [INFO] Click realizado donde se equipa el deck a jugar
2026-07-06 06:09:21 | INFO | my_functions.py:247 | [DEBUG] Buscando en paralelo: ['deck_666666.png'] | timeout=3s | confidence=0.8
2026-07-06 06:09:23 | INFO | my_functions.py:134 | Haciendo click en la posición (235, 547)
2026-07-06 06:09:23 | INFO | my_functions.py:269 | 🖱️ Click OK (En paralelo): deck_666666.png at (235, 547) delay=1s
2026-07-06 06:09:24 | INFO | my_functions.py:247 | [DEBUG] Buscando en paralelo: ['equip.png'] | timeout=3s | confidence=0.95
2026-07-06 06:09:28 | INFO | my_functions.py:281 | [DEBUG] Click skipped, ninguna de las imágenes se encontró en el intento.
2026-07-06 06:09:29 | INFO | my_functions.py:142 | Presionando ESC (1/1)
2026-07-06 06:09:30 | INFO | each_eight_hours.py:134 | Deck selected: 6turns
2026-07-06 06:09:30 | INFO | my_functions.py:247 | [DEBUG] Buscando en paralelo: ['maybe_later.PNG'] | timeout=2s | confidence=0.8
2026-07-06 06:09:32 | INFO | my_functions.py:281 | [DEBUG] Click skipped, ninguna de las imágenes se encontró en el intento.
2026-07-06 06:09:33 | INFO | my_functions.py:247 | [DEBUG] Buscando en paralelo: ['maybe_later2.PNG'] | timeout=0.01s | confidence=0.8
2026-07-06 06:09:34 | INFO | my_functions.py:281 | [DEBUG] Click skipped, ninguna de las imágenes se encontró en el intento.
2026-07-06 06:09:35 | INFO | each_eight_hours.py:148 | Starting game loop 1
2026-07-06 06:09:35 | INFO | my_functions.py:247 | [DEBUG] Buscando en paralelo: ['play.PNG'] | timeout=20s | confidence=0.8
2026-07-06 06:09:38 | INFO | my_functions.py:134 | Haciendo click en la posición (384, 824)
2026-07-06 06:09:38 | INFO | my_functions.py:269 | 🖱️ Click OK (En paralelo): play.PNG at (384, 824) delay=3s
2026-07-06 06:09:54 | INFO | my_functions.py:199 | 
✅ Found: end_turn.PNG pos=(681, 945) time=0.64s confidence=0.8
2026-07-06 06:09:54 | INFO | my_functions.py:247 | [DEBUG] Buscando en paralelo: ['snap.PNG'] | timeout=0s | confidence=0.8
2026-07-06 06:09:55 | INFO | my_functions.py:134 | Haciendo click en la posición (386, 123)
2026-07-06 06:09:56 | INFO | my_functions.py:269 | 🖱️ Click OK (En paralelo): snap.PNG at (386, 123) delay=1s
2026-07-06 06:10:02 | INFO | my_functions.py:247 | [DEBUG] Buscando en paralelo: ['end_turn.PNG'] | timeout=0s | confidence=0.8
2026-07-06 06:10:02 | INFO | my_functions.py:281 | [DEBUG] Click skipped, ninguna de las imágenes se encontró en el intento.
2026-07-06 06:10:06 | INFO | my_functions.py:199 | 
✅ Found: end_turn.PNG pos=(682, 946) time=0.62s confidence=0.8
2026-07-06 06:10:06 | INFO | my_functions.py:247 | [DEBUG] Buscando en paralelo: ['snap.PNG'] | timeout=0s | confidence=0.8
2026-07-06 06:10:08 | INFO | my_functions.py:134 | Haciendo click en la posición (386, 123)
2026-07-06 06:10:08 | INFO | my_functions.py:269 | 🖱️ Click OK (En paralelo): snap.PNG at (386, 123) delay=1s
2026-07-06 06:10:15 | INFO | my_functions.py:247 | [DEBUG] Buscando en paralelo: ['end_turn.PNG'] | timeout=0s | confidence=0.8
2026-07-06 06:10:16 | INFO | my_functions.py:134 | Haciendo click en la posición (681, 945)
2026-07-06 06:10:16 | INFO | my_functions.py:269 | 🖱️ Click OK (En paralelo): end_turn.PNG at (681, 945) delay=1s
2026-07-06 06:10:18 | INFO | each_eight_hours.py:165 | End turn executed
2026-07-06 06:10:27 | INFO | my_functions.py:199 | 
✅ Found: end_turn.PNG pos=(681, 945) time=0.65s confidence=0.8
2026-07-06 06:10:27 | INFO | my_functions.py:247 | [DEBUG] Buscando en paralelo: ['snap.PNG'] | timeout=0s | confidence=0.8
2026-07-06 06:10:28 | INFO | my_functions.py:281 | [DEBUG] Click skipped, ninguna de las imágenes se encontró en el intento.
2026-07-06 06:10:34 | INFO | my_functions.py:247 | [DEBUG] Buscando en paralelo: ['end_turn.PNG'] | timeout=0s | confidence=0.8
2026-07-06 06:10:35 | INFO | my_functions.py:134 | Haciendo click en la posición (682, 946)
2026-07-06 06:10:36 | INFO | my_functions.py:269 | 🖱️ Click OK (En paralelo): end_turn.PNG at (682, 946) delay=1s
2026-07-06 06:10:37 | INFO | each_eight_hours.py:165 | End turn executed
2026-07-06 06:10:56 | INFO | my_functions.py:199 | 
✅ Found: end_turn.PNG pos=(681, 945) time=0.64s confidence=0.8
2026-07-06 06:10:56 | INFO | my_functions.py:247 | [DEBUG] Buscando en paralelo: ['snap.PNG'] | timeout=0s | confidence=0.8
2026-07-06 06:10:56 | INFO | my_functions.py:281 | [DEBUG] Click skipped, ninguna de las imágenes se encontró en el intento.
2026-07-06 06:11:03 | INFO | my_functions.py:247 | [DEBUG] Buscando en paralelo: ['end_turn.PNG'] | timeout=0s | confidence=0.8
2026-07-06 06:11:04 | INFO | my_functions.py:134 | Haciendo click en la posición (682, 945)
2026-07-06 06:11:04 | INFO | my_functions.py:269 | 🖱️ Click OK (En paralelo): end_turn.PNG at (682, 945) delay=1s
2026-07-06 06:11:06 | INFO | each_eight_hours.py:165 | End turn executed
2026-07-06 06:11:24 | INFO | my_functions.py:199 | 
✅ Found: end_turn.PNG pos=(681, 945) time=0.63s confidence=0.8
2026-07-06 06:11:24 | INFO | my_functions.py:247 | [DEBUG] Buscando en paralelo: ['snap.PNG'] | timeout=0s | confidence=0.8
2026-07-06 06:11:25 | INFO | my_functions.py:281 | [DEBUG] Click skipped, ninguna de las imágenes se encontró en el intento.
2026-07-06 06:11:31 | INFO | my_functions.py:247 | [DEBUG] Buscando en paralelo: ['end_turn.PNG'] | timeout=0s | confidence=0.8
2026-07-06 06:11:33 | INFO | my_functions.py:134 | Haciendo click en la posición (682, 945)
2026-07-06 06:11:33 | INFO | my_functions.py:269 | 🖱️ Click OK (En paralelo): end_turn.PNG at (682, 945) delay=1s
2026-07-06 06:11:34 | INFO | each_eight_hours.py:165 | End turn executed
2026-07-06 06:11:49 | INFO | my_functions.py:199 | 
✅ Found: end_turn.PNG pos=(681, 945) time=0.64s confidence=0.8
2026-07-06 06:11:49 | INFO | my_functions.py:247 | [DEBUG] Buscando en paralelo: ['snap.PNG'] | timeout=0s | confidence=0.8
2026-07-06 06:11:50 | INFO | my_functions.py:281 | [DEBUG] Click skipped, ninguna de las imágenes se encontró en el intento.
2026-07-06 06:11:56 | INFO | my_functions.py:247 | [DEBUG] Buscando en paralelo: ['end_turn.PNG'] | timeout=0s | confidence=0.8
2026-07-06 06:11:58 | INFO | my_functions.py:134 | Haciendo click en la posición (682, 945)
2026-07-06 06:11:58 | INFO | my_functions.py:269 | 🖱️ Click OK (En paralelo): end_turn.PNG at (682, 945) delay=1s
2026-07-06 06:11:59 | INFO | each_eight_hours.py:165 | End turn executed
2026-07-06 06:12:18 | INFO | my_functions.py:199 | 
✅ Found: end_turn.PNG pos=(681, 945) time=0.64s confidence=0.8
2026-07-06 06:12:18 | INFO | my_functions.py:247 | [DEBUG] Buscando en paralelo: ['snap.PNG'] | timeout=0s | confidence=0.8
2026-07-06 06:12:18 | INFO | my_functions.py:281 | [DEBUG] Click skipped, ninguna de las imágenes se encontró en el intento.
2026-07-06 06:12:25 | INFO | my_functions.py:247 | [DEBUG] Buscando en paralelo: ['end_turn.PNG'] | timeout=0s | confidence=0.8
2026-07-06 06:12:26 | INFO | my_functions.py:134 | Haciendo click en la posición (682, 945)
2026-07-06 06:12:26 | INFO | my_functions.py:269 | 🖱️ Click OK (En paralelo): end_turn.PNG at (682, 945) delay=1s
2026-07-06 06:12:27 | INFO | each_eight_hours.py:165 | End turn executed
2026-07-06 06:12:52 | INFO | my_functions.py:199 | 
✅ Found: collect_rewards.PNG pos=(679, 957) time=0.75s confidence=0.8
2026-07-06 06:12:52 | INFO | each_eight_hours.py:204 | Rewards detected, exiting match
2026-07-06 06:12:52 | INFO | my_functions.py:247 | [DEBUG] Buscando en paralelo: ['collect_rewards.PNG'] | timeout=20s | confidence=0.8
2026-07-06 06:12:54 | INFO | my_functions.py:134 | Haciendo click en la posición (679, 957)
2026-07-06 06:12:54 | INFO | my_functions.py:269 | 🖱️ Click OK (En paralelo): collect_rewards.PNG at (679, 957) delay=1s
2026-07-06 06:12:55 | INFO | my_functions.py:247 | [DEBUG] Buscando en paralelo: ['next.PNG'] | timeout=20s | confidence=0.8
2026-07-06 06:13:01 | INFO | my_functions.py:134 | Haciendo click en la posición (678, 972)
2026-07-06 06:13:01 | INFO | my_functions.py:269 | 🖱️ Click OK (En paralelo): next.PNG at (678, 972) delay=1s
2026-07-06 06:13:04 | INFO | my_functions.py:533 | AVAILABLE: 6
2026-07-06 06:13:04 | INFO | each_eight_hours.py:271 | Submissions after match: 6
2026-07-06 06:13:04 | INFO | my_functions.py:555 | Misiones completadas: 2
2026-07-06 06:13:04 | INFO | each_eight_hours.py:275 | Submission condition met, breaking loop
2026-07-06 06:13:04 | INFO | my_functions.py:247 | [DEBUG] Buscando en paralelo: ['missionsNotify2.png'] | timeout=20s | confidence=0.8
2026-07-06 06:13:08 | INFO | my_functions.py:134 | Haciendo click en la posición (538, 124)
2026-07-06 06:13:08 | INFO | my_functions.py:269 | 🖱️ Click OK (En paralelo): missionsNotify2.png at (538, 124) delay=3s
2026-07-06 06:13:09 | INFO | my_functions.py:1470 | [INFO] Iniciando click_missions_blue2
2026-07-06 06:13:09 | INFO | my_functions.py:134 | Haciendo click en la posición (150, 132)
2026-07-06 06:13:10 | INFO | my_functions.py:1473 | [ACTION] Click hecho en icono de calendario que me dirige a las misiones ordinarias
2026-07-06 06:13:10 | INFO | my_functions.py:169 | Searching bonus_challenge.png (timeout=0s)
2026-07-06 06:13:11 | INFO | my_functions.py:213 | 
⛔ Not found: bonus_challenge.png after 0.0s region=(0, 0, 765, 1038) confidence=0.8
2026-07-06 06:13:13 | INFO | my_functions.py:134 | Haciendo click en la posición (362, 493)
2026-07-06 06:13:14 | INFO | my_functions.py:1486 | [ACTION] Click 1/2 en misión azul
2026-07-06 06:13:15 | INFO | my_functions.py:134 | Haciendo click en la posición (362, 493)
2026-07-06 06:13:16 | INFO | my_functions.py:1486 | [ACTION] Click 2/2 en misión azul
2026-07-06 06:13:16 | INFO | my_functions.py:169 | Searching flechita_mission.PNG (timeout=0s)
2026-07-06 06:13:17 | INFO | my_functions.py:213 | 
⛔ Not found: flechita_mission.PNG after 0.0s region=(0, 0, 765, 1038) confidence=0.8
2026-07-06 06:13:17 | INFO | my_functions.py:247 | [DEBUG] Buscando en paralelo: ['weekly3.PNG'] | timeout=0s | confidence=0.8
2026-07-06 06:13:18 | INFO | my_functions.py:134 | Haciendo click en la posición (574, 266)
2026-07-06 06:13:18 | INFO | my_functions.py:269 | 🖱️ Click OK (En paralelo): weekly3.PNG at (574, 266) delay=0.1s
2026-07-06 06:13:19 | INFO | my_functions.py:247 | [DEBUG] Buscando en paralelo: ['claim!.PNG'] | timeout=0s | confidence=0.8
2026-07-06 06:13:20 | INFO | my_functions.py:134 | Haciendo click en la posición (381, 924)
2026-07-06 06:13:21 | INFO | my_functions.py:269 | 🖱️ Click OK (En paralelo): claim!.PNG at (381, 924) delay=0.2s
2026-07-06 06:13:22 | INFO | my_functions.py:247 | [DEBUG] Buscando en paralelo: ['claim_hover.PNG'] | timeout=0s | confidence=0.8
2026-07-06 06:13:23 | INFO | my_functions.py:134 | Haciendo click en la posición (383, 921)
2026-07-06 06:13:23 | INFO | my_functions.py:269 | 🖱️ Click OK (En paralelo): claim_hover.PNG at (383, 921) delay=0.2s
2026-07-06 06:13:24 | INFO | my_functions.py:247 | [DEBUG] Buscando en paralelo: ['claim!.PNG'] | timeout=0s | confidence=0.8
2026-07-06 06:13:25 | INFO | my_functions.py:281 | [DEBUG] Click skipped, ninguna de las imágenes se encontró en el intento.
2026-07-06 06:13:26 | INFO | my_functions.py:247 | [DEBUG] Buscando en paralelo: ['claim_hover.PNG'] | timeout=0s | confidence=0.8
2026-07-06 06:13:27 | INFO | my_functions.py:134 | Haciendo click en la posición (383, 921)
2026-07-06 06:13:27 | INFO | my_functions.py:269 | 🖱️ Click OK (En paralelo): claim_hover.PNG at (383, 921) delay=0.2s
2026-07-06 06:13:28 | INFO | my_functions.py:247 | [DEBUG] Buscando en paralelo: ['weekly3.PNG'] | timeout=0s | confidence=0.8
2026-07-06 06:13:29 | INFO | my_functions.py:281 | [DEBUG] Click skipped, ninguna de las imágenes se encontró en el intento.
2026-07-06 06:13:30 | INFO | my_functions.py:247 | [DEBUG] Buscando en paralelo: ['weekly3.PNG'] | timeout=0s | confidence=0.8
2026-07-06 06:13:31 | INFO | my_functions.py:281 | [DEBUG] Click skipped, ninguna de las imágenes se encontró en el intento.
2026-07-06 06:13:32 | INFO | my_functions.py:134 | Haciendo click en la posición (557, 64)
2026-07-06 06:13:33 | INFO | my_functions.py:247 | [DEBUG] Buscando en paralelo: ['cards_shop.PNG'] | timeout=20s | confidence=0.8
2026-07-06 06:13:35 | INFO | my_functions.py:134 | Haciendo click en la posición (568, 121)
2026-07-06 06:13:36 | INFO | my_functions.py:269 | 🖱️ Click OK (En paralelo): cards_shop.PNG at (568, 121) delay=1s
2026-07-06 06:13:37 | INFO | my_functions.py:247 | [DEBUG] Buscando en paralelo: ['token_icon.PNG'] | timeout=20s | confidence=0.8
2026-07-06 06:13:39 | INFO | my_functions.py:134 | Haciendo click en la posición (680, 171)
2026-07-06 06:13:39 | INFO | my_functions.py:269 | 🖱️ Click OK (En paralelo): token_icon.PNG at (680, 171) delay=1s
2026-07-06 06:13:42 | INFO | my_functions.py:247 | [DEBUG] Buscando en paralelo: ['claim!_token_3.PNG'] | timeout=4s | confidence=0.8
2026-07-06 06:13:46 | INFO | my_functions.py:281 | [DEBUG] Click skipped, ninguna de las imágenes se encontró en el intento.
2026-07-06 06:13:47 | INFO | my_functions.py:247 | [DEBUG] Buscando en paralelo: ['cards_shop.PNG'] | timeout=20s | confidence=0.8
2026-07-06 06:13:49 | INFO | my_functions.py:134 | Haciendo click en la posición (568, 122)
2026-07-06 06:13:49 | INFO | my_functions.py:269 | 🖱️ Click OK (En paralelo): cards_shop.PNG at (568, 122) delay=1s
2026-07-06 06:13:51 | INFO | my_functions.py:247 | [DEBUG] Buscando en paralelo: ['offers.PNG'] | timeout=20s | confidence=0.8
2026-07-06 06:13:52 | INFO | my_functions.py:134 | Haciendo click en la posición (197, 121)
2026-07-06 06:13:53 | INFO | my_functions.py:269 | 🖱️ Click OK (En paralelo): offers.PNG at (197, 121) delay=1s
2026-07-06 06:13:54 | INFO | my_functions.py:1351 | [INFO] Iniciando mejora de cartas
2026-07-06 06:13:54 | INFO | my_functions.py:247 | [DEBUG] Buscando en paralelo: ['upgrade_cards_icon.PNG'] | timeout=3s | confidence=0.8
2026-07-06 06:13:55 | INFO | my_functions.py:134 | Haciendo click en la posición (322, 170)
2026-07-06 06:13:56 | INFO | my_functions.py:269 | 🖱️ Click OK (En paralelo): upgrade_cards_icon.PNG at (322, 170) delay=1s
2026-07-06 06:13:57 | INFO | my_functions.py:1358 | [INFO] Abriendo icono de upgrade_cards
2026-07-06 06:13:58 | INFO | my_functions.py:1365 | [STEP] Mejorando carta 1
2026-07-06 06:13:58 | INFO | my_functions.py:1369 | [ACTION] Click en carta 1
2026-07-06 06:13:59 | INFO | my_functions.py:1374 | [ACTION] Click en botón upgrade
2026-07-06 06:14:06 | INFO | my_functions.py:169 | Searching aw_snap.png (timeout=3s)
2026-07-06 06:14:10 | INFO | my_functions.py:213 | 
⛔ Not found: aw_snap.png after 3.31s region=(0, 0, 765, 1038) confidence=0.8
2026-07-06 06:14:10 | INFO | my_functions.py:247 | [DEBUG] Buscando en paralelo: ['you_need_more_credits!.png'] | timeout=3s | confidence=0.8
2026-07-06 06:14:13 | INFO | my_functions.py:281 | [DEBUG] Click skipped, ninguna de las imágenes se encontró en el intento.
2026-07-06 06:14:19 | INFO | my_functions.py:1407 | [ACTION] Click para continuar a stage de nivel de coleccion
2026-07-06 06:14:24 | INFO | my_functions.py:142 | Presionando ESC (1/1)
2026-07-06 06:14:25 | INFO | my_functions.py:1415 | [ACTION] Saliendo de stage nivel de coleccion con ESC
2026-07-06 06:14:26 | INFO | my_functions.py:247 | [DEBUG] Buscando en paralelo: ['upgrade_cards_icon_selected.PNG'] | timeout=0s | confidence=0.8
2026-07-06 06:14:28 | INFO | my_functions.py:134 | Haciendo click en la posición (320, 173)
2026-07-06 06:14:28 | INFO | my_functions.py:269 | 🖱️ Click OK (En paralelo): upgrade_cards_icon_selected.PNG at (320, 173) delay=1s
2026-07-06 06:14:29 | INFO | my_functions.py:1427 | [INFO] Reabriendo icono de upgrade_cards
2026-07-06 06:14:30 | INFO | my_functions.py:1365 | [STEP] Mejorando carta 2
2026-07-06 06:14:30 | INFO | my_functions.py:1369 | [ACTION] Click en carta 2
2026-07-06 06:14:31 | INFO | my_functions.py:1374 | [ACTION] Click en botón upgrade
2026-07-06 06:14:38 | INFO | my_functions.py:169 | Searching aw_snap.png (timeout=3s)
2026-07-06 06:14:42 | INFO | my_functions.py:213 | 
⛔ Not found: aw_snap.png after 3.34s region=(0, 0, 765, 1038) confidence=0.8
2026-07-06 06:14:42 | INFO | my_functions.py:247 | [DEBUG] Buscando en paralelo: ['you_need_more_credits!.png'] | timeout=3s | confidence=0.8
2026-07-06 06:14:45 | INFO | my_functions.py:281 | [DEBUG] Click skipped, ninguna de las imágenes se encontró en el intento.
2026-07-06 06:14:52 | INFO | my_functions.py:1407 | [ACTION] Click para continuar a stage de nivel de coleccion
2026-07-06 06:14:57 | INFO | my_functions.py:142 | Presionando ESC (1/1)
2026-07-06 06:14:57 | INFO | my_functions.py:1415 | [ACTION] Saliendo de stage nivel de coleccion con ESC
2026-07-06 06:14:58 | INFO | my_functions.py:247 | [DEBUG] Buscando en paralelo: ['upgrade_cards_icon_selected.PNG'] | timeout=0s | confidence=0.8
2026-07-06 06:15:00 | INFO | my_functions.py:134 | Haciendo click en la posición (320, 173)
2026-07-06 06:15:00 | INFO | my_functions.py:269 | 🖱️ Click OK (En paralelo): upgrade_cards_icon_selected.PNG at (320, 173) delay=1s
2026-07-06 06:15:01 | INFO | my_functions.py:1427 | [INFO] Reabriendo icono de upgrade_cards
2026-07-06 06:15:02 | INFO | my_functions.py:1365 | [STEP] Mejorando carta 3
2026-07-06 06:15:02 | INFO | my_functions.py:1369 | [ACTION] Click en carta 3
2026-07-06 06:15:04 | INFO | my_functions.py:1374 | [ACTION] Click en botón upgrade
2026-07-06 06:15:11 | INFO | my_functions.py:169 | Searching aw_snap.png (timeout=3s)
2026-07-06 06:15:15 | INFO | my_functions.py:213 | 
⛔ Not found: aw_snap.png after 3.39s region=(0, 0, 765, 1038) confidence=0.8
2026-07-06 06:15:15 | INFO | my_functions.py:247 | [DEBUG] Buscando en paralelo: ['you_need_more_credits!.png'] | timeout=3s | confidence=0.8
2026-07-06 06:15:18 | INFO | my_functions.py:281 | [DEBUG] Click skipped, ninguna de las imágenes se encontró en el intento.
2026-07-06 06:15:24 | INFO | my_functions.py:1407 | [ACTION] Click para continuar a stage de nivel de coleccion
2026-07-06 06:15:29 | INFO | my_functions.py:142 | Presionando ESC (1/1)
2026-07-06 06:15:30 | INFO | my_functions.py:1415 | [ACTION] Saliendo de stage nivel de coleccion con ESC
2026-07-06 06:15:31 | INFO | my_functions.py:1433 | [INFO] Mejora de cartas completada ✅
2026-07-06 06:15:31 | INFO | my_functions.py:142 | Presionando ESC (1/1)
2026-07-06 06:15:31 | INFO | my_functions.py:247 | [DEBUG] Buscando en paralelo: ['white_x.png'] | timeout=2s | confidence=0.8
2026-07-06 06:15:34 | INFO | my_functions.py:281 | [DEBUG] Click skipped, ninguna de las imágenes se encontró en el intento.
2026-07-06 06:15:35 | INFO | each_eight_hours.py:46 | [06:15:35.656] [DEBUG] === INICIANDO FUNCIÓN collect_cl_rewards ===
2026-07-06 06:15:35 | INFO | each_eight_hours.py:46 | [06:15:35.667] [DEBUG] Haciendo click inicial en (387, 166)...
2026-07-06 06:15:35 | INFO | my_functions.py:134 | Haciendo click en la posición (387, 166)
2026-07-06 06:15:42 | INFO | each_eight_hours.py:46 | [06:15:42.029] [DEBUG] Se omitió el cambio de tamaño de ventanas (resize=False)
2026-07-06 06:15:42 | INFO | each_eight_hours.py:46 | [06:15:42.055] [DEBUG] Recompensas iniciales detectadas por la API: 3
2026-07-06 06:15:42 | INFO | each_eight_hours.py:46 | [06:15:42.058] [DEBUG] --------------------------------------------------
2026-07-06 06:15:42 | INFO | each_eight_hours.py:46 | [06:15:42.060] [DEBUG] Inicio de iteración. Recompensas restantes: 3
2026-07-06 06:15:42 | INFO | each_eight_hours.py:46 | [06:15:42.069] [DEBUG] Intentando hacer click en: (260, 580)
2026-07-06 06:15:43 | INFO | my_functions.py:169 | Searching claim!.PNG (timeout=3s)
2026-07-06 06:15:47 | INFO | my_functions.py:213 | 
⛔ Not found: claim!.PNG after 3.03s region=(0, 0, 765, 1038) confidence=0.8
2026-07-06 06:15:47 | INFO | each_eight_hours.py:46 | [06:15:47.110] [DEBUG] No se detectó 'Claim'. Buscando 'check.png' en región (228, 547, 65, 55)...
2026-07-06 06:15:47 | INFO | my_functions.py:169 | Searching check.png (timeout=1s)
2026-07-06 06:15:48 | INFO | my_functions.py:213 | 
⛔ Not found: check.png after 1.12s region=(228, 547, 65, 55) confidence=0.8
2026-07-06 06:15:48 | INFO | each_eight_hours.py:46 | [06:15:48.380] [DEBUG] -> [CORRECCIÓN] Primer click fallido. Cambiando de lado a X = 470
2026-07-06 06:15:48 | INFO | each_eight_hours.py:46 | [06:15:48.383] [DEBUG] --------------------------------------------------
2026-07-06 06:15:48 | INFO | each_eight_hours.py:46 | [06:15:48.391] [DEBUG] Inicio de iteración. Recompensas restantes: 3
2026-07-06 06:15:48 | INFO | each_eight_hours.py:46 | [06:15:48.394] [DEBUG] Intentando hacer click en: (470, 580)
2026-07-06 06:15:49 | INFO | my_functions.py:169 | Searching claim!.PNG (timeout=3s)
2026-07-06 06:15:53 | INFO | my_functions.py:213 | 
⛔ Not found: claim!.PNG after 3.03s region=(0, 0, 765, 1038) confidence=0.8
2026-07-06 06:15:53 | INFO | each_eight_hours.py:46 | [06:15:53.410] [DEBUG] No se detectó 'Claim'. Buscando 'check.png' en región (449, 547, 65, 55)...
2026-07-06 06:15:53 | INFO | my_functions.py:169 | Searching check.png (timeout=1s)
2026-07-06 06:15:53 | INFO | my_functions.py:199 | 
✅ Found: check.png pos=(501, 577) time=0.13s confidence=0.8
2026-07-06 06:15:53 | INFO | each_eight_hours.py:46 | [06:15:53.545] [DEBUG] -> ¡ÉXITO! Crédito detectado por 'check.png'. Reclamado automáticamente por el click previo.
2026-07-06 06:15:53 | INFO | each_eight_hours.py:46 | [06:15:53.549] [DEBUG] Moviendo el mouse a la posición de scroll (350, 580)...
2026-07-06 06:15:55 | INFO | each_eight_hours.py:46 | [06:15:55.123] [DEBUG] Alternancia de coordenada X: Cambió de 470 a 260
2026-07-06 06:15:55 | INFO | each_eight_hours.py:46 | [06:15:55.125] [DEBUG] --------------------------------------------------
2026-07-06 06:15:55 | INFO | each_eight_hours.py:46 | [06:15:55.126] [DEBUG] Inicio de iteración. Recompensas restantes: 2
2026-07-06 06:15:55 | INFO | each_eight_hours.py:46 | [06:15:55.133] [DEBUG] Intentando hacer click en: (260, 580)
2026-07-06 06:15:56 | INFO | my_functions.py:169 | Searching claim!.PNG (timeout=3s)
2026-07-06 06:15:57 | INFO | my_functions.py:199 | 
✅ Found: claim!.PNG pos=(381, 924) time=0.77s confidence=0.8
2026-07-06 06:15:57 | INFO | each_eight_hours.py:46 | [06:15:57.108] [DEBUG] -> ¡ÉXITO! Botón 'Claim' detectado.
2026-07-06 06:15:57 | INFO | my_functions.py:169 | Searching set.png (timeout=0s)
2026-07-06 06:15:57 | INFO | my_functions.py:213 | 
⛔ Not found: set.png after 0.0s region=(0, 0, 765, 1038) confidence=0.8
2026-07-06 06:15:57 | INFO | my_functions.py:247 | [DEBUG] Buscando en paralelo: ['claim!.PNG'] | timeout=0s | confidence=0.8
2026-07-06 06:15:59 | INFO | my_functions.py:134 | Haciendo click en la posición (381, 924)
2026-07-06 06:15:59 | INFO | my_functions.py:269 | 🖱️ Click OK (En paralelo): claim!.PNG at (381, 924) delay=1s
2026-07-06 06:16:01 | INFO | each_eight_hours.py:46 | [06:16:01.061] [DEBUG] Moviendo el mouse a la posición de scroll (350, 580)...
2026-07-06 06:16:02 | INFO | each_eight_hours.py:46 | [06:16:02.630] [DEBUG] Alternancia de coordenada X: Cambió de 260 a 470
2026-07-06 06:16:02 | INFO | each_eight_hours.py:46 | [06:16:02.633] [DEBUG] --------------------------------------------------
2026-07-06 06:16:02 | INFO | each_eight_hours.py:46 | [06:16:02.640] [DEBUG] Inicio de iteración. Recompensas restantes: 1
2026-07-06 06:16:02 | INFO | each_eight_hours.py:46 | [06:16:02.645] [DEBUG] Intentando hacer click en: (470, 580)
2026-07-06 06:16:03 | INFO | my_functions.py:169 | Searching claim!.PNG (timeout=3s)
2026-07-06 06:16:08 | INFO | my_functions.py:213 | 
⛔ Not found: claim!.PNG after 3.59s region=(0, 0, 765, 1038) confidence=0.8
2026-07-06 06:16:08 | INFO | each_eight_hours.py:46 | [06:16:08.163] [DEBUG] No se detectó 'Claim'. Buscando 'check.png' en región (449, 547, 65, 55)...
2026-07-06 06:16:08 | INFO | my_functions.py:169 | Searching check.png (timeout=1s)
2026-07-06 06:16:08 | INFO | my_functions.py:199 | 
✅ Found: check.png pos=(500, 576) time=0.13s confidence=0.8
2026-07-06 06:16:08 | INFO | each_eight_hours.py:46 | [06:16:08.299] [DEBUG] -> ¡ÉXITO! Crédito detectado por 'check.png'. Reclamado automáticamente por el click previo.
2026-07-06 06:16:08 | INFO | each_eight_hours.py:46 | [06:16:08.317] [DEBUG] Moviendo el mouse a la posición de scroll (350, 580)...
2026-07-06 06:16:09 | INFO | each_eight_hours.py:46 | [06:16:09.892] [DEBUG] Alternancia de coordenada X: Cambió de 470 a 260
2026-07-06 06:16:09 | INFO | each_eight_hours.py:46 | Finished collecting rewards
2026-07-06 06:16:10 | INFO | my_functions.py:142 | Presionando ESC (1/1)
2026-07-06 06:16:11 | INFO | my_functions.py:247 | [DEBUG] Buscando en paralelo: ['nut.png'] | timeout=20s | confidence=0.8
2026-07-06 06:16:13 | INFO | my_functions.py:134 | Haciendo click en la posición (185, 78)
2026-07-06 06:16:13 | INFO | my_functions.py:269 | 🖱️ Click OK (En paralelo): nut.png at (185, 78) delay=1s
2026-07-06 06:16:14 | INFO | my_functions.py:247 | [DEBUG] Buscando en paralelo: ['graphics_quality.png'] | timeout=3s | confidence=0.8
2026-07-06 06:16:16 | INFO | my_functions.py:134 | Haciendo click en la posición (304, 644)
2026-07-06 06:16:16 | INFO | my_functions.py:269 | 🖱️ Click OK (En paralelo): graphics_quality.png at (304, 644) delay=1s
2026-07-06 06:16:18 | INFO | my_functions.py:247 | [DEBUG] Buscando en paralelo: ['sign_out.png'] | timeout=20s | confidence=0.8
2026-07-06 06:16:20 | INFO | my_functions.py:134 | Haciendo click en la posición (380, 796)
2026-07-06 06:16:20 | INFO | my_functions.py:269 | 🖱️ Click OK (En paralelo): sign_out.png at (380, 796) delay=1s
2026-07-06 06:16:22 | INFO | my_functions.py:247 | [DEBUG] Buscando en paralelo: ['sign_out_grande.png'] | timeout=20s | confidence=0.8
2026-07-06 06:16:23 | INFO | my_functions.py:134 | Haciendo click en la posición (359, 437)
2026-07-06 06:16:24 | INFO | my_functions.py:269 | 🖱️ Click OK (En paralelo): sign_out_grande.png at (359, 437) delay=1s
2026-07-06 06:16:25 | INFO | my_functions.py:247 | [DEBUG] Buscando en paralelo: ['sign_out2.png'] | timeout=20s | confidence=0.8
2026-07-06 06:16:26 | INFO | my_functions.py:134 | Haciendo click en la posición (383, 634)
2026-07-06 06:16:27 | INFO | my_functions.py:269 | 🖱️ Click OK (En paralelo): sign_out2.png at (383, 634) delay=1s
2026-07-06 06:16:28 | INFO | my_functions.py:1545 | ⏱ Esperando 0.1 segundos antes de empezar...
2026-07-06 06:16:28 | INFO | my_functions.py:1552 | 🔍 Esperando ventana que contenga alguna de: SNAP (máx 20s)
2026-07-06 06:16:28 | INFO | my_functions.py:1564 | ✅ Ventana encontrada: 'SNAP'
2026-07-06 06:16:28 | INFO | my_functions.py:1579 | ✅ Ventana seleccionada: 'SNAP'
2026-07-06 06:16:30 | INFO | my_functions.py:1602 | 🔁 Reajuste #1...
2026-07-06 06:16:32 | INFO | my_functions.py:1609 | ✔ Verificación completa. Se hicieron 1 reajustes.
2026-07-06 06:16:36 | INFO | each_eight_hours.py:113 | Processing account: overture_vm
2026-07-06 06:16:36 | INFO | my_functions.py:1545 | ⏱ Esperando 0.1 segundos antes de empezar...
2026-07-06 06:16:36 | INFO | my_functions.py:1552 | 🔍 Esperando ventana que contenga alguna de: ['SNAP'] (máx 20s)
2026-07-06 06:16:38 | INFO | my_functions.py:1564 | ✅ Ventana encontrada: 'SNAP'
2026-07-06 06:16:38 | INFO | my_functions.py:1579 | ✅ Ventana seleccionada: 'SNAP'
2026-07-06 06:16:40 | INFO | my_functions.py:1611 | ✔ Verificación completa. No hubo cambios después del primer ajuste.
2026-07-06 06:16:40 | INFO | my_functions.py:1206 | [DEBUG] Resizing SNAP window...
2026-07-06 06:16:40 | INFO | my_functions.py:1545 | ⏱ Esperando 0.1 segundos antes de empezar...
2026-07-06 06:16:41 | INFO | my_functions.py:1552 | 🔍 Esperando ventana que contenga alguna de: ['SNAP'] (máx 20s)
2026-07-06 06:16:41 | INFO | my_functions.py:1564 | ✅ Ventana encontrada: 'SNAP'
2026-07-06 06:16:41 | INFO | my_functions.py:1579 | ✅ Ventana seleccionada: 'SNAP'
2026-07-06 06:16:48 | INFO | my_functions.py:1611 | ✔ Verificación completa. No hubo cambios después del primer ajuste.
2026-07-06 06:16:48 | INFO | my_functions.py:247 | [DEBUG] Buscando en paralelo: ['small_submit.PNG', 'small_submit_hover.png', 'submit_hover_2.png', 'small_submit_hover_2.png'] | timeout=90s | confidence=0.8
2026-07-06 06:16:49 | INFO | my_functions.py:134 | Haciendo click en la posición (380, 642)
2026-07-06 06:16:49 | INFO | my_functions.py:269 | 🖱️ Click OK (En paralelo): small_submit.PNG at (380, 642) delay=0.2s
2026-07-06 06:16:52 | INFO | my_functions.py:247 | [DEBUG] Buscando en paralelo: ['small_submit.PNG', 'small_submit_hover.png', 'submit_hover_2.png', 'small_submit_hover_2.png'] | timeout=20s | confidence=0.8
2026-07-06 06:16:54 | INFO | my_functions.py:134 | Haciendo click en la posición (380, 721)
2026-07-06 06:16:54 | INFO | my_functions.py:269 | 🖱️ Click OK (En paralelo): small_submit.PNG at (380, 721) delay=0.2s
2026-07-06 06:16:55 | INFO | my_functions.py:1545 | ⏱ Esperando 0.1 segundos antes de empezar...
2026-07-06 06:16:55 | INFO | my_functions.py:1552 | 🔍 Esperando ventana que contenga alguna de: ['SNAP'] (máx 20s)
2026-07-06 06:16:55 | INFO | my_functions.py:1564 | ✅ Ventana encontrada: 'SNAP'
2026-07-06 06:16:55 | INFO | my_functions.py:1579 | ✅ Ventana seleccionada: 'SNAP'
2026-07-06 06:16:57 | INFO | my_functions.py:1602 | 🔁 Reajuste #1...
2026-07-06 06:16:58 | INFO | my_functions.py:1609 | ✔ Verificación completa. Se hicieron 1 reajustes.
2026-07-06 06:16:58 | INFO | my_functions.py:169 | Searching please_sign.png (timeout=0s)
2026-07-06 06:16:59 | INFO | my_functions.py:199 | 
✅ Found: please_sign.png pos=(383, 438) time=0.45s confidence=0.8
2026-07-06 06:16:59 | INFO | my_functions.py:247 | [DEBUG] Buscando en paralelo: ['ok_btn.png'] | timeout=20s | confidence=0.8
2026-07-06 06:17:01 | INFO | my_functions.py:134 | Haciendo click en la posición (382, 634)
2026-07-06 06:17:01 | INFO | my_functions.py:269 | 🖱️ Click OK (En paralelo): ok_btn.png at (382, 634) delay=1s
2026-07-06 06:17:02 | INFO | my_functions.py:247 | [DEBUG] Buscando en paralelo: ['small_submit.PNG', 'small_submit_hover.png', 'submit_hover_2.png', 'small_submit_hover_2.png'] | timeout=30s | confidence=0.8
2026-07-06 06:17:05 | INFO | my_functions.py:134 | Haciendo click en la posición (383, 643)
2026-07-06 06:17:05 | INFO | my_functions.py:269 | 🖱️ Click OK (En paralelo): small_submit_hover_2.png at (383, 643) delay=0.2s
2026-07-06 06:17:06 | INFO | my_functions.py:247 | [DEBUG] Buscando en paralelo: ['small_submit.PNG', 'small_submit_hover.png', 'submit_hover_2.png', 'small_submit_hover_2.png'] | timeout=20s | confidence=0.8
2026-07-06 06:17:07 | INFO | my_functions.py:134 | Haciendo click en la posición (380, 721)
2026-07-06 06:17:08 | INFO | my_functions.py:269 | 🖱️ Click OK (En paralelo): small_submit.PNG at (380, 721) delay=0.2s
2026-07-06 06:17:09 | INFO | my_functions.py:247 | [DEBUG] Buscando en paralelo: ['sign_in_with_google2.PNG'] | timeout=20s | confidence=0.8
2026-07-06 06:17:10 | INFO | my_functions.py:134 | Haciendo click en la posición (406, 957)
2026-07-06 06:17:10 | INFO | my_functions.py:269 | 🖱️ Click OK (En paralelo): sign_in_with_google2.PNG at (406, 957) delay=1s
2026-07-06 06:17:12 | INFO | my_functions.py:169 | Searching pagina_cargada.png (timeout=60s)
2026-07-06 06:17:16 | INFO | my_functions.py:199 | 
✅ Found: pagina_cargada.png pos=(70, 24) time=4.97s confidence=0.8
2026-07-06 06:17:18 | INFO | my_functions.py:247 | [DEBUG] Buscando en paralelo: ['overture_vm.png'] | timeout=0s | confidence=0.8
2026-07-06 06:17:22 | INFO | my_functions.py:134 | Haciendo click en la posición (1126, 447)
2026-07-06 06:17:23 | INFO | my_functions.py:269 | 🖱️ Click OK (En paralelo): overture_vm.png at (1126, 447) delay=3s
2026-07-06 06:17:24 | INFO | my_functions.py:169 | Searching marvelsnap_web.png (timeout=30s)
2026-07-06 06:17:28 | INFO | my_functions.py:199 | 
✅ Found: marvelsnap_web.png pos=(258, 80) time=4.77s confidence=0.7
2026-07-06 06:17:29 | INFO | my_functions.py:169 | Searching shop_unselected.PNG (timeout=0s)
2026-07-06 06:17:30 | INFO | my_functions.py:213 | 
⛔ Not found: shop_unselected.PNG after 0.72s region=(0, 0, 765, 1038) confidence=0.8
2026-07-06 06:17:30 | INFO | my_functions.py:247 | [DEBUG] Buscando en paralelo: ['super_premium.PNG'] | timeout=0s | confidence=0.8
2026-07-06 06:17:31 | INFO | my_functions.py:281 | [DEBUG] Click skipped, ninguna de las imágenes se encontró en el intento.
2026-07-06 06:17:32 | INFO | my_functions.py:247 | [DEBUG] Buscando en paralelo: ['maybe_later.PNG'] | timeout=0s | confidence=0.8
2026-07-06 06:17:32 | INFO | my_functions.py:281 | [DEBUG] Click skipped, ninguna de las imágenes se encontró en el intento.
2026-07-06 06:17:33 | INFO | my_functions.py:247 | [DEBUG] Buscando en paralelo: ['maybe_later2.PNG'] | timeout=0s | confidence=0.8
2026-07-06 06:17:34 | INFO | my_functions.py:281 | [DEBUG] Click skipped, ninguna de las imágenes se encontró en el intento.
2026-07-06 06:17:35 | INFO | my_functions.py:169 | Searching go_to_shop.PNG (timeout=0s)
2026-07-06 06:17:36 | INFO | my_functions.py:213 | 
⛔ Not found: go_to_shop.PNG after 0.0s region=(0, 0, 765, 1038) confidence=0.8
2026-07-06 06:17:36 | INFO | my_functions.py:247 | [DEBUG] Buscando en paralelo: ['14_days_of_winterverse.PNG'] | timeout=0s | confidence=0.8
2026-07-06 06:17:36 | INFO | my_functions.py:281 | [DEBUG] Click skipped, ninguna de las imágenes se encontró en el intento.
2026-07-06 06:17:37 | INFO | my_functions.py:169 | Searching welcome_back_calendar.PNG (timeout=0s)
2026-07-06 06:17:38 | INFO | my_functions.py:213 | 
⛔ Not found: welcome_back_calendar.PNG after 0.0s region=(0, 0, 765, 1038) confidence=0.8
2026-07-06 06:17:38 | INFO | my_functions.py:247 | [DEBUG] Buscando en paralelo: ['start_the_countdown.PNG'] | timeout=0s | confidence=0.8
2026-07-06 06:17:38 | INFO | my_functions.py:281 | [DEBUG] Click skipped, ninguna de las imágenes se encontró en el intento.
2026-07-06 06:17:40 | INFO | my_functions.py:247 | [DEBUG] Buscando en paralelo: ['event_has_ended_sanctum.PNG'] | timeout=0s | confidence=0.8
2026-07-06 06:17:40 | INFO | my_functions.py:281 | [DEBUG] Click skipped, ninguna de las imágenes se encontró en el intento.
2026-07-06 06:17:41 | INFO | my_functions.py:247 | [DEBUG] Buscando en paralelo: ['event_has_ended_teamclash.PNG'] | timeout=0s | confidence=0.8
2026-07-06 06:17:42 | INFO | my_functions.py:281 | [DEBUG] Click skipped, ninguna de las imágenes se encontró en el intento.
2026-07-06 06:17:43 | INFO | my_functions.py:247 | [DEBUG] Buscando en paralelo: ['image_part_of_event_grand_arena_finished.PNG'] | timeout=0s | confidence=0.8
2026-07-06 06:17:43 | INFO | my_functions.py:281 | [DEBUG] Click skipped, ninguna de las imágenes se encontró en el intento.
2026-07-06 06:17:44 | INFO | my_functions.py:169 | Searching 28_day_event_login_rewards.PNG (timeout=0s)
2026-07-06 06:17:45 | INFO | my_functions.py:213 | 
⛔ Not found: 28_day_event_login_rewards.PNG after 0.0s region=(0, 0, 765, 1038) confidence=0.8
2026-07-06 06:17:45 | INFO | my_functions.py:169 | Searching 7_day_event_login.PNG (timeout=0s)
2026-07-06 06:17:45 | INFO | my_functions.py:213 | 
⛔ Not found: 7_day_event_login.PNG after 0.0s region=(0, 0, 765, 1038) confidence=0.8
2026-07-06 06:17:45 | INFO | my_functions.py:169 | Searching 14_days_event.PNG (timeout=0s)
2026-07-06 06:17:46 | INFO | my_functions.py:213 | 
⛔ Not found: 14_days_event.PNG after 0.0s region=(0, 0, 765, 1038) confidence=0.8
2026-07-06 06:17:46 | INFO | my_functions.py:247 | [DEBUG] Buscando en paralelo: ['lets_go.PNG'] | timeout=0s | confidence=0.8
2026-07-06 06:17:46 | INFO | my_functions.py:281 | [DEBUG] Click skipped, ninguna de las imágenes se encontró en el intento.
2026-07-06 06:17:48 | INFO | my_functions.py:169 | Searching shop_unselected.PNG (timeout=0s)
2026-07-06 06:17:49 | INFO | my_functions.py:199 | 
✅ Found: shop_unselected.PNG pos=(88, 961) time=0.72s confidence=0.8
2026-07-06 06:17:57 | INFO | my_functions.py:169 | Searching shop_unselected.PNG (timeout=0s)
2026-07-06 06:17:58 | INFO | my_functions.py:199 | 
✅ Found: shop_unselected.PNG pos=(88, 961) time=0.7s confidence=0.8
2026-07-06 06:17:58 | INFO | my_functions.py:714 | Ya esta listo
2026-07-06 06:18:02 | INFO | my_functions.py:533 | AVAILABLE: 6
2026-07-06 06:18:02 | INFO | my_functions.py:555 | Misiones completadas: 0
2026-07-06 06:18:02 | INFO | my_functions.py:169 | Searching play.PNG (timeout=0s)
2026-07-06 06:18:03 | INFO | my_functions.py:199 | 
✅ Found: play.PNG pos=(384, 824) time=0.59s confidence=0.8
2026-07-06 06:18:03 | INFO | my_functions.py:1440 | [INFO] Click realizado donde se equipa el deck a jugar
2026-07-06 06:18:07 | INFO | my_functions.py:247 | [DEBUG] Buscando en paralelo: ['deck_666666.png'] | timeout=3s | confidence=0.8
2026-07-06 06:18:09 | INFO | my_functions.py:134 | Haciendo click en la posición (533, 546)
2026-07-06 06:18:09 | INFO | my_functions.py:269 | 🖱️ Click OK (En paralelo): deck_666666.png at (533, 546) delay=1s
2026-07-06 06:18:10 | INFO | my_functions.py:247 | [DEBUG] Buscando en paralelo: ['equip.png'] | timeout=3s | confidence=0.95
2026-07-06 06:18:12 | INFO | my_functions.py:134 | Haciendo click en la posición (548, 983)
2026-07-06 06:18:12 | INFO | my_functions.py:269 | 🖱️ Click OK (En paralelo): equip.png at (548, 983) delay=1s
2026-07-06 06:18:13 | INFO | each_eight_hours.py:134 | Deck selected: 6turns
2026-07-06 06:18:13 | INFO | my_functions.py:247 | [DEBUG] Buscando en paralelo: ['maybe_later.PNG'] | timeout=2s | confidence=0.8
2026-07-06 06:18:15 | INFO | my_functions.py:281 | [DEBUG] Click skipped, ninguna de las imágenes se encontró en el intento.
2026-07-06 06:18:16 | INFO | my_functions.py:247 | [DEBUG] Buscando en paralelo: ['maybe_later2.PNG'] | timeout=0.01s | confidence=0.8
2026-07-06 06:18:17 | INFO | my_functions.py:281 | [DEBUG] Click skipped, ninguna de las imágenes se encontró en el intento.
2026-07-06 06:18:18 | INFO | each_eight_hours.py:148 | Starting game loop 1
2026-07-06 06:18:18 | INFO | my_functions.py:247 | [DEBUG] Buscando en paralelo: ['play.PNG'] | timeout=20s | confidence=0.8
2026-07-06 06:18:22 | INFO | my_functions.py:134 | Haciendo click en la posición (384, 824)
2026-07-06 06:18:22 | INFO | my_functions.py:269 | 🖱️ Click OK (En paralelo): play.PNG at (384, 824) delay=3s
2026-07-06 06:18:37 | INFO | my_functions.py:199 | 
✅ Found: end_turn.PNG pos=(682, 945) time=0.64s confidence=0.8
2026-07-06 06:18:37 | INFO | my_functions.py:247 | [DEBUG] Buscando en paralelo: ['snap.PNG'] | timeout=0s | confidence=0.8
2026-07-06 06:18:39 | INFO | my_functions.py:134 | Haciendo click en la posición (386, 122)
2026-07-06 06:18:39 | INFO | my_functions.py:269 | 🖱️ Click OK (En paralelo): snap.PNG at (386, 122) delay=1s
2026-07-06 06:18:45 | INFO | my_functions.py:247 | [DEBUG] Buscando en paralelo: ['end_turn.PNG'] | timeout=0s | confidence=0.8
2026-07-06 06:18:46 | INFO | my_functions.py:281 | [DEBUG] Click skipped, ninguna de las imágenes se encontró en el intento.
2026-07-06 06:18:50 | INFO | my_functions.py:199 | 
✅ Found: end_turn.PNG pos=(682, 946) time=0.66s confidence=0.8
2026-07-06 06:18:50 | INFO | my_functions.py:247 | [DEBUG] Buscando en paralelo: ['snap.PNG'] | timeout=0s | confidence=0.8
2026-07-06 06:18:52 | INFO | my_functions.py:134 | Haciendo click en la posición (386, 124)
2026-07-06 06:18:52 | INFO | my_functions.py:269 | 🖱️ Click OK (En paralelo): snap.PNG at (386, 124) delay=1s
2026-07-06 06:18:58 | INFO | my_functions.py:247 | [DEBUG] Buscando en paralelo: ['end_turn.PNG'] | timeout=0s | confidence=0.8
2026-07-06 06:19:00 | INFO | my_functions.py:134 | Haciendo click en la posición (681, 945)
2026-07-06 06:19:00 | INFO | my_functions.py:269 | 🖱️ Click OK (En paralelo): end_turn.PNG at (681, 945) delay=1s
2026-07-06 06:19:01 | INFO | each_eight_hours.py:165 | End turn executed
2026-07-06 06:19:13 | INFO | my_functions.py:199 | 
✅ Found: end_turn.PNG pos=(681, 945) time=0.62s confidence=0.8
2026-07-06 06:19:13 | INFO | my_functions.py:247 | [DEBUG] Buscando en paralelo: ['snap.PNG'] | timeout=0s | confidence=0.8
2026-07-06 06:19:14 | INFO | my_functions.py:281 | [DEBUG] Click skipped, ninguna de las imágenes se encontró en el intento.
2026-07-06 06:19:20 | INFO | my_functions.py:247 | [DEBUG] Buscando en paralelo: ['end_turn.PNG'] | timeout=0s | confidence=0.8
2026-07-06 06:19:22 | INFO | my_functions.py:134 | Haciendo click en la posición (682, 946)
2026-07-06 06:19:22 | INFO | my_functions.py:269 | 🖱️ Click OK (En paralelo): end_turn.PNG at (682, 946) delay=1s
2026-07-06 06:19:23 | INFO | each_eight_hours.py:165 | End turn executed
2026-07-06 06:19:39 | INFO | my_functions.py:199 | 
✅ Found: end_turn.PNG pos=(681, 945) time=0.63s confidence=0.8
2026-07-06 06:19:39 | INFO | my_functions.py:247 | [DEBUG] Buscando en paralelo: ['snap.PNG'] | timeout=0s | confidence=0.8
2026-07-06 06:19:39 | INFO | my_functions.py:281 | [DEBUG] Click skipped, ninguna de las imágenes se encontró en el intento.
2026-07-06 06:19:45 | INFO | my_functions.py:247 | [DEBUG] Buscando en paralelo: ['end_turn.PNG'] | timeout=0s | confidence=0.8
2026-07-06 06:19:47 | INFO | my_functions.py:134 | Haciendo click en la posición (682, 945)
2026-07-06 06:19:47 | INFO | my_functions.py:269 | 🖱️ Click OK (En paralelo): end_turn.PNG at (682, 945) delay=1s
2026-07-06 06:19:48 | INFO | each_eight_hours.py:165 | End turn executed
2026-07-06 06:20:10 | INFO | my_functions.py:199 | 
✅ Found: end_turn.PNG pos=(681, 945) time=0.62s confidence=0.8
2026-07-06 06:20:10 | INFO | my_functions.py:247 | [DEBUG] Buscando en paralelo: ['snap.PNG'] | timeout=0s | confidence=0.8
2026-07-06 06:20:11 | INFO | my_functions.py:281 | [DEBUG] Click skipped, ninguna de las imágenes se encontró en el intento.
2026-07-06 06:20:17 | INFO | my_functions.py:247 | [DEBUG] Buscando en paralelo: ['end_turn.PNG'] | timeout=0s | confidence=0.8
2026-07-06 06:20:19 | INFO | my_functions.py:134 | Haciendo click en la posición (682, 945)
2026-07-06 06:20:19 | INFO | my_functions.py:269 | 🖱️ Click OK (En paralelo): end_turn.PNG at (682, 945) delay=1s
2026-07-06 06:20:20 | INFO | each_eight_hours.py:165 | End turn executed
2026-07-06 06:20:42 | INFO | my_functions.py:199 | 
✅ Found: end_turn.PNG pos=(681, 945) time=0.64s confidence=0.8
2026-07-06 06:20:42 | INFO | my_functions.py:247 | [DEBUG] Buscando en paralelo: ['snap.PNG'] | timeout=0s | confidence=0.8
2026-07-06 06:20:43 | INFO | my_functions.py:281 | [DEBUG] Click skipped, ninguna de las imágenes se encontró en el intento.
2026-07-06 06:20:49 | INFO | my_functions.py:247 | [DEBUG] Buscando en paralelo: ['end_turn.PNG'] | timeout=0s | confidence=0.8
2026-07-06 06:20:50 | INFO | my_functions.py:134 | Haciendo click en la posición (682, 945)
2026-07-06 06:20:51 | INFO | my_functions.py:269 | 🖱️ Click OK (En paralelo): end_turn.PNG at (682, 945) delay=1s
2026-07-06 06:20:52 | INFO | each_eight_hours.py:165 | End turn executed
2026-07-06 06:21:07 | INFO | my_functions.py:199 | 
✅ Found: end_turn.PNG pos=(681, 945) time=0.61s confidence=0.8
2026-07-06 06:21:07 | INFO | my_functions.py:247 | [DEBUG] Buscando en paralelo: ['snap.PNG'] | timeout=0s | confidence=0.8
2026-07-06 06:21:08 | INFO | my_functions.py:281 | [DEBUG] Click skipped, ninguna de las imágenes se encontró en el intento.
2026-07-06 06:21:14 | INFO | my_functions.py:247 | [DEBUG] Buscando en paralelo: ['end_turn.PNG'] | timeout=0s | confidence=0.8
2026-07-06 06:21:16 | INFO | my_functions.py:134 | Haciendo click en la posición (682, 945)
2026-07-06 06:21:16 | INFO | my_functions.py:269 | 🖱️ Click OK (En paralelo): end_turn.PNG at (682, 945) delay=1s
2026-07-06 06:21:17 | INFO | each_eight_hours.py:165 | End turn executed
2026-07-06 06:21:38 | INFO | my_functions.py:199 | 
✅ Found: collect_rewards.PNG pos=(679, 957) time=0.76s confidence=0.8
2026-07-06 06:21:38 | INFO | each_eight_hours.py:204 | Rewards detected, exiting match
2026-07-06 06:21:38 | INFO | my_functions.py:247 | [DEBUG] Buscando en paralelo: ['collect_rewards.PNG'] | timeout=20s | confidence=0.8
2026-07-06 06:21:40 | INFO | my_functions.py:134 | Haciendo click en la posición (679, 957)
2026-07-06 06:21:40 | INFO | my_functions.py:269 | 🖱️ Click OK (En paralelo): collect_rewards.PNG at (679, 957) delay=1s
2026-07-06 06:21:41 | INFO | my_functions.py:247 | [DEBUG] Buscando en paralelo: ['next.PNG'] | timeout=20s | confidence=0.8
2026-07-06 06:21:49 | INFO | my_functions.py:134 | Haciendo click en la posición (677, 973)
2026-07-06 06:21:49 | INFO | my_functions.py:269 | 🖱️ Click OK (En paralelo): next.PNG at (677, 973) delay=1s
2026-07-06 06:21:52 | INFO | my_functions.py:533 | AVAILABLE: 6
2026-07-06 06:21:52 | INFO | each_eight_hours.py:271 | Submissions after match: 6
2026-07-06 06:21:52 | INFO | my_functions.py:555 | Misiones completadas: 1
2026-07-06 06:21:52 | INFO | each_eight_hours.py:148 | Starting game loop 2
2026-07-06 06:21:52 | INFO | my_functions.py:247 | [DEBUG] Buscando en paralelo: ['play.PNG'] | timeout=20s | confidence=0.8
2026-07-06 06:21:56 | INFO | my_functions.py:134 | Haciendo click en la posición (384, 824)
2026-07-06 06:21:56 | INFO | my_functions.py:269 | 🖱️ Click OK (En paralelo): play.PNG at (384, 824) delay=3s
2026-07-06 06:22:20 | INFO | my_functions.py:199 | 
✅ Found: end_turn.PNG pos=(681, 945) time=0.65s confidence=0.8
2026-07-06 06:22:20 | INFO | my_functions.py:247 | [DEBUG] Buscando en paralelo: ['snap.PNG'] | timeout=0s | confidence=0.8
2026-07-06 06:22:22 | INFO | my_functions.py:134 | Haciendo click en la posición (386, 123)
2026-07-06 06:22:22 | INFO | my_functions.py:269 | 🖱️ Click OK (En paralelo): snap.PNG at (386, 123) delay=1s
2026-07-06 06:22:29 | INFO | my_functions.py:247 | [DEBUG] Buscando en paralelo: ['end_turn.PNG'] | timeout=0s | confidence=0.8
2026-07-06 06:22:29 | INFO | my_functions.py:281 | [DEBUG] Click skipped, ninguna de las imágenes se encontró en el intento.
2026-07-06 06:22:33 | INFO | my_functions.py:199 | 
✅ Found: end_turn.PNG pos=(682, 946) time=0.65s confidence=0.8
2026-07-06 06:22:33 | INFO | my_functions.py:247 | [DEBUG] Buscando en paralelo: ['snap.PNG'] | timeout=0s | confidence=0.8
2026-07-06 06:22:35 | INFO | my_functions.py:134 | Haciendo click en la posición (386, 123)
2026-07-06 06:22:35 | INFO | my_functions.py:269 | 🖱️ Click OK (En paralelo): snap.PNG at (386, 123) delay=1s
2026-07-06 06:22:41 | INFO | my_functions.py:247 | [DEBUG] Buscando en paralelo: ['end_turn.PNG'] | timeout=0s | confidence=0.8
2026-07-06 06:22:43 | INFO | my_functions.py:134 | Haciendo click en la posición (682, 945)
2026-07-06 06:22:43 | INFO | my_functions.py:269 | 🖱️ Click OK (En paralelo): end_turn.PNG at (682, 945) delay=1s
2026-07-06 06:22:44 | INFO | each_eight_hours.py:165 | End turn executed
2026-07-06 06:22:54 | INFO | my_functions.py:199 | 
✅ Found: end_turn.PNG pos=(681, 945) time=0.63s confidence=0.8
2026-07-06 06:22:54 | INFO | my_functions.py:247 | [DEBUG] Buscando en paralelo: ['snap.PNG'] | timeout=0s | confidence=0.8
2026-07-06 06:22:55 | INFO | my_functions.py:281 | [DEBUG] Click skipped, ninguna de las imágenes se encontró en el intento.
2026-07-06 06:23:01 | INFO | my_functions.py:247 | [DEBUG] Buscando en paralelo: ['end_turn.PNG'] | timeout=0s | confidence=0.8
2026-07-06 06:23:02 | INFO | my_functions.py:134 | Haciendo click en la posición (682, 946)
2026-07-06 06:23:03 | INFO | my_functions.py:269 | 🖱️ Click OK (En paralelo): end_turn.PNG at (682, 946) delay=1s
2026-07-06 06:23:04 | INFO | each_eight_hours.py:165 | End turn executed
2026-07-06 06:23:16 | INFO | my_functions.py:199 | 
✅ Found: end_turn.PNG pos=(681, 945) time=0.64s confidence=0.8
2026-07-06 06:23:16 | INFO | my_functions.py:247 | [DEBUG] Buscando en paralelo: ['snap.PNG'] | timeout=0s | confidence=0.8
2026-07-06 06:23:17 | INFO | my_functions.py:281 | [DEBUG] Click skipped, ninguna de las imágenes se encontró en el intento.
2026-07-06 06:23:23 | INFO | my_functions.py:247 | [DEBUG] Buscando en paralelo: ['end_turn.PNG'] | timeout=0s | confidence=0.8
2026-07-06 06:23:25 | INFO | my_functions.py:134 | Haciendo click en la posición (682, 945)
2026-07-06 06:23:25 | INFO | my_functions.py:269 | 🖱️ Click OK (En paralelo): end_turn.PNG at (682, 945) delay=1s
2026-07-06 06:23:26 | INFO | each_eight_hours.py:165 | End turn executed
2026-07-06 06:23:39 | INFO | my_functions.py:199 | 
✅ Found: end_turn.PNG pos=(681, 945) time=0.64s confidence=0.8
2026-07-06 06:23:39 | INFO | my_functions.py:247 | [DEBUG] Buscando en paralelo: ['snap.PNG'] | timeout=0s | confidence=0.8
2026-07-06 06:23:40 | INFO | my_functions.py:281 | [DEBUG] Click skipped, ninguna de las imágenes se encontró en el intento.
2026-07-06 06:23:46 | INFO | my_functions.py:247 | [DEBUG] Buscando en paralelo: ['end_turn.PNG'] | timeout=0s | confidence=0.8
2026-07-06 06:23:47 | INFO | my_functions.py:134 | Haciendo click en la posición (682, 945)
2026-07-06 06:23:47 | INFO | my_functions.py:269 | 🖱️ Click OK (En paralelo): end_turn.PNG at (682, 945) delay=1s
2026-07-06 06:23:48 | INFO | each_eight_hours.py:165 | End turn executed
2026-07-06 06:24:04 | INFO | my_functions.py:199 | 
✅ Found: end_turn.PNG pos=(681, 945) time=0.65s confidence=0.8
2026-07-06 06:24:04 | INFO | my_functions.py:247 | [DEBUG] Buscando en paralelo: ['snap.PNG'] | timeout=0s | confidence=0.8
2026-07-06 06:24:05 | INFO | my_functions.py:281 | [DEBUG] Click skipped, ninguna de las imágenes se encontró en el intento.
2026-07-06 06:24:11 | INFO | my_functions.py:247 | [DEBUG] Buscando en paralelo: ['end_turn.PNG'] | timeout=0s | confidence=0.8
2026-07-06 06:24:13 | INFO | my_functions.py:134 | Haciendo click en la posición (682, 945)
2026-07-06 06:24:13 | INFO | my_functions.py:269 | 🖱️ Click OK (En paralelo): end_turn.PNG at (682, 945) delay=1s
2026-07-06 06:24:14 | INFO | each_eight_hours.py:165 | End turn executed
2026-07-06 06:24:33 | INFO | my_functions.py:199 | 
✅ Found: end_turn.PNG pos=(681, 945) time=0.66s confidence=0.8
2026-07-06 06:24:33 | INFO | my_functions.py:247 | [DEBUG] Buscando en paralelo: ['snap.PNG'] | timeout=0s | confidence=0.8
2026-07-06 06:24:34 | INFO | my_functions.py:281 | [DEBUG] Click skipped, ninguna de las imágenes se encontró en el intento.
2026-07-06 06:24:40 | INFO | my_functions.py:247 | [DEBUG] Buscando en paralelo: ['end_turn.PNG'] | timeout=0s | confidence=0.8
2026-07-06 06:24:42 | INFO | my_functions.py:134 | Haciendo click en la posición (681, 945)
2026-07-06 06:24:42 | INFO | my_functions.py:269 | 🖱️ Click OK (En paralelo): end_turn.PNG at (681, 945) delay=1s
2026-07-06 06:24:43 | INFO | each_eight_hours.py:165 | End turn executed
2026-07-06 06:25:11 | INFO | my_functions.py:199 | 
✅ Found: collect_rewards.PNG pos=(679, 957) time=0.75s confidence=0.8
2026-07-06 06:25:11 | INFO | each_eight_hours.py:204 | Rewards detected, exiting match
2026-07-06 06:25:11 | INFO | my_functions.py:247 | [DEBUG] Buscando en paralelo: ['collect_rewards.PNG'] | timeout=20s | confidence=0.8
2026-07-06 06:25:12 | INFO | my_functions.py:134 | Haciendo click en la posición (679, 957)
2026-07-06 06:25:13 | INFO | my_functions.py:269 | 🖱️ Click OK (En paralelo): collect_rewards.PNG at (679, 957) delay=1s
2026-07-06 06:25:14 | INFO | my_functions.py:247 | [DEBUG] Buscando en paralelo: ['next.PNG'] | timeout=20s | confidence=0.8
2026-07-06 06:25:19 | INFO | my_functions.py:134 | Haciendo click en la posición (677, 973)
2026-07-06 06:25:19 | INFO | my_functions.py:269 | 🖱️ Click OK (En paralelo): next.PNG at (677, 973) delay=1s
2026-07-06 06:25:22 | INFO | my_functions.py:533 | AVAILABLE: 6
2026-07-06 06:25:22 | INFO | each_eight_hours.py:271 | Submissions after match: 6
2026-07-06 06:25:22 | INFO | my_functions.py:555 | Misiones completadas: 1
2026-07-06 06:25:22 | INFO | each_eight_hours.py:148 | Starting game loop 3
2026-07-06 06:25:22 | INFO | my_functions.py:247 | [DEBUG] Buscando en paralelo: ['play.PNG'] | timeout=20s | confidence=0.8
2026-07-06 06:25:26 | INFO | my_functions.py:134 | Haciendo click en la posición (384, 824)
2026-07-06 06:25:26 | INFO | my_functions.py:269 | 🖱️ Click OK (En paralelo): play.PNG at (384, 824) delay=3s
2026-07-06 06:25:47 | INFO | my_functions.py:199 | 
✅ Found: end_turn.PNG pos=(682, 945) time=0.63s confidence=0.8
2026-07-06 06:25:47 | INFO | my_functions.py:247 | [DEBUG] Buscando en paralelo: ['snap.PNG'] | timeout=0s | confidence=0.8
2026-07-06 06:25:49 | INFO | my_functions.py:134 | Haciendo click en la posición (386, 122)
2026-07-06 06:25:49 | INFO | my_functions.py:269 | 🖱️ Click OK (En paralelo): snap.PNG at (386, 122) delay=1s
2026-07-06 06:25:55 | INFO | my_functions.py:247 | [DEBUG] Buscando en paralelo: ['end_turn.PNG'] | timeout=0s | confidence=0.8
2026-07-06 06:25:56 | INFO | my_functions.py:281 | [DEBUG] Click skipped, ninguna de las imágenes se encontró en el intento.
2026-07-06 06:26:00 | INFO | my_functions.py:199 | 
✅ Found: end_turn.PNG pos=(682, 946) time=0.62s confidence=0.8
2026-07-06 06:26:00 | INFO | my_functions.py:247 | [DEBUG] Buscando en paralelo: ['snap.PNG'] | timeout=0s | confidence=0.8
2026-07-06 06:26:02 | INFO | my_functions.py:134 | Haciendo click en la posición (386, 123)
2026-07-06 06:26:02 | INFO | my_functions.py:269 | 🖱️ Click OK (En paralelo): snap.PNG at (386, 123) delay=1s
2026-07-06 06:26:08 | INFO | my_functions.py:247 | [DEBUG] Buscando en paralelo: ['end_turn.PNG'] | timeout=0s | confidence=0.8
2026-07-06 06:26:10 | INFO | my_functions.py:134 | Haciendo click en la posición (681, 945)
2026-07-06 06:26:10 | INFO | my_functions.py:269 | 🖱️ Click OK (En paralelo): end_turn.PNG at (681, 945) delay=1s
2026-07-06 06:26:11 | INFO | each_eight_hours.py:165 | End turn executed
2026-07-06 06:26:20 | INFO | my_functions.py:199 | 
✅ Found: end_turn.PNG pos=(681, 945) time=0.64s confidence=0.8
2026-07-06 06:26:20 | INFO | my_functions.py:247 | [DEBUG] Buscando en paralelo: ['snap.PNG'] | timeout=0s | confidence=0.8
2026-07-06 06:26:21 | INFO | my_functions.py:281 | [DEBUG] Click skipped, ninguna de las imágenes se encontró en el intento.
2026-07-06 06:26:27 | INFO | my_functions.py:247 | [DEBUG] Buscando en paralelo: ['end_turn.PNG'] | timeout=0s | confidence=0.8
2026-07-06 06:26:29 | INFO | my_functions.py:134 | Haciendo click en la posición (682, 946)
2026-07-06 06:26:29 | INFO | my_functions.py:269 | 🖱️ Click OK (En paralelo): end_turn.PNG at (682, 946) delay=1s
2026-07-06 06:26:30 | INFO | each_eight_hours.py:165 | End turn executed
2026-07-06 06:26:39 | INFO | my_functions.py:199 | 
✅ Found: end_turn.PNG pos=(681, 945) time=0.64s confidence=0.8
2026-07-06 06:26:39 | INFO | my_functions.py:247 | [DEBUG] Buscando en paralelo: ['snap.PNG'] | timeout=0s | confidence=0.8
2026-07-06 06:26:40 | INFO | my_functions.py:281 | [DEBUG] Click skipped, ninguna de las imágenes se encontró en el intento.
2026-07-06 06:26:46 | INFO | my_functions.py:247 | [DEBUG] Buscando en paralelo: ['end_turn.PNG'] | timeout=0s | confidence=0.8
2026-07-06 06:26:48 | INFO | my_functions.py:134 | Haciendo click en la posición (682, 945)
2026-07-06 06:26:48 | INFO | my_functions.py:269 | 🖱️ Click OK (En paralelo): end_turn.PNG at (682, 945) delay=1s
2026-07-06 06:26:49 | INFO | each_eight_hours.py:165 | End turn executed
2026-07-06 06:27:04 | INFO | my_functions.py:199 | 
✅ Found: end_turn.PNG pos=(681, 945) time=0.63s confidence=0.8
2026-07-06 06:27:04 | INFO | my_functions.py:247 | [DEBUG] Buscando en paralelo: ['snap.PNG'] | timeout=0s | confidence=0.8
2026-07-06 06:27:05 | INFO | my_functions.py:281 | [DEBUG] Click skipped, ninguna de las imágenes se encontró en el intento.
2026-07-06 06:27:11 | INFO | my_functions.py:247 | [DEBUG] Buscando en paralelo: ['end_turn.PNG'] | timeout=0s | confidence=0.8
2026-07-06 06:27:13 | INFO | my_functions.py:134 | Haciendo click en la posición (682, 945)
2026-07-06 06:27:13 | INFO | my_functions.py:269 | 🖱️ Click OK (En paralelo): end_turn.PNG at (682, 945) delay=1s
2026-07-06 06:27:14 | INFO | each_eight_hours.py:165 | End turn executed
2026-07-06 06:27:30 | INFO | my_functions.py:199 | 
✅ Found: end_turn.PNG pos=(681, 945) time=0.62s confidence=0.8
2026-07-06 06:27:30 | INFO | my_functions.py:247 | [DEBUG] Buscando en paralelo: ['snap.PNG'] | timeout=0s | confidence=0.8
2026-07-06 06:27:30 | INFO | my_functions.py:281 | [DEBUG] Click skipped, ninguna de las imágenes se encontró en el intento.
2026-07-06 06:27:36 | INFO | my_functions.py:247 | [DEBUG] Buscando en paralelo: ['end_turn.PNG'] | timeout=0s | confidence=0.8
2026-07-06 06:27:38 | INFO | my_functions.py:134 | Haciendo click en la posición (682, 945)
2026-07-06 06:27:38 | INFO | my_functions.py:269 | 🖱️ Click OK (En paralelo): end_turn.PNG at (682, 945) delay=1s
2026-07-06 06:27:39 | INFO | each_eight_hours.py:165 | End turn executed
2026-07-06 06:27:52 | INFO | my_functions.py:199 | 
✅ Found: end_turn.PNG pos=(681, 945) time=0.64s confidence=0.8
2026-07-06 06:27:52 | INFO | my_functions.py:247 | [DEBUG] Buscando en paralelo: ['snap.PNG'] | timeout=0s | confidence=0.8
2026-07-06 06:27:53 | INFO | my_functions.py:281 | [DEBUG] Click skipped, ninguna de las imágenes se encontró en el intento.
2026-07-06 06:27:59 | INFO | my_functions.py:247 | [DEBUG] Buscando en paralelo: ['end_turn.PNG'] | timeout=0s | confidence=0.8
2026-07-06 06:28:01 | INFO | my_functions.py:134 | Haciendo click en la posición (682, 945)
2026-07-06 06:28:01 | INFO | my_functions.py:269 | 🖱️ Click OK (En paralelo): end_turn.PNG at (682, 945) delay=1s
2026-07-06 06:28:02 | INFO | each_eight_hours.py:165 | End turn executed
2026-07-06 06:28:23 | INFO | my_functions.py:199 | 
✅ Found: collect_rewards.PNG pos=(679, 957) time=0.74s confidence=0.8
2026-07-06 06:28:23 | INFO | each_eight_hours.py:204 | Rewards detected, exiting match
2026-07-06 06:28:23 | INFO | my_functions.py:247 | [DEBUG] Buscando en paralelo: ['collect_rewards.PNG'] | timeout=20s | confidence=0.8
2026-07-06 06:28:25 | INFO | my_functions.py:134 | Haciendo click en la posición (679, 957)
2026-07-06 06:28:25 | INFO | my_functions.py:269 | 🖱️ Click OK (En paralelo): collect_rewards.PNG at (679, 957) delay=1s
2026-07-06 06:28:26 | INFO | my_functions.py:247 | [DEBUG] Buscando en paralelo: ['next.PNG'] | timeout=20s | confidence=0.8
2026-07-06 06:28:32 | INFO | my_functions.py:134 | Haciendo click en la posición (677, 973)
2026-07-06 06:28:32 | INFO | my_functions.py:269 | 🖱️ Click OK (En paralelo): next.PNG at (677, 973) delay=1s
2026-07-06 06:28:35 | INFO | my_functions.py:533 | AVAILABLE: 6
2026-07-06 06:28:35 | INFO | each_eight_hours.py:271 | Submissions after match: 6
2026-07-06 06:28:35 | INFO | my_functions.py:555 | Misiones completadas: 3
2026-07-06 06:28:35 | INFO | each_eight_hours.py:275 | Submission condition met, breaking loop
2026-07-06 06:28:35 | INFO | my_functions.py:247 | [DEBUG] Buscando en paralelo: ['missionsNotify2.png'] | timeout=20s | confidence=0.8
2026-07-06 06:28:39 | INFO | my_functions.py:134 | Haciendo click en la posición (538, 124)
2026-07-06 06:28:39 | INFO | my_functions.py:269 | 🖱️ Click OK (En paralelo): missionsNotify2.png at (538, 124) delay=3s
2026-07-06 06:28:40 | INFO | my_functions.py:1470 | [INFO] Iniciando click_missions_blue2
2026-07-06 06:28:40 | INFO | my_functions.py:134 | Haciendo click en la posición (150, 132)
2026-07-06 06:28:41 | INFO | my_functions.py:1473 | [ACTION] Click hecho en icono de calendario que me dirige a las misiones ordinarias
2026-07-06 06:28:41 | INFO | my_functions.py:169 | Searching bonus_challenge.png (timeout=0s)
2026-07-06 06:28:42 | INFO | my_functions.py:213 | 
⛔ Not found: bonus_challenge.png after 0.0s region=(0, 0, 765, 1038) confidence=0.8
2026-07-06 06:28:44 | INFO | my_functions.py:134 | Haciendo click en la posición (362, 493)
2026-07-06 06:28:45 | INFO | my_functions.py:1486 | [ACTION] Click 1/3 en misión azul
2026-07-06 06:28:45 | INFO | my_functions.py:134 | Haciendo click en la posición (362, 493)
2026-07-06 06:28:47 | INFO | my_functions.py:1486 | [ACTION] Click 2/3 en misión azul
2026-07-06 06:28:47 | INFO | my_functions.py:134 | Haciendo click en la posición (362, 493)
2026-07-06 06:28:48 | INFO | my_functions.py:1486 | [ACTION] Click 3/3 en misión azul
2026-07-06 06:28:49 | INFO | my_functions.py:169 | Searching flechita_mission.PNG (timeout=0s)
2026-07-06 06:28:50 | INFO | my_functions.py:213 | 
⛔ Not found: flechita_mission.PNG after 0.0s region=(0, 0, 765, 1038) confidence=0.8
2026-07-06 06:28:50 | INFO | my_functions.py:247 | [DEBUG] Buscando en paralelo: ['weekly3.PNG'] | timeout=0s | confidence=0.8
2026-07-06 06:28:50 | INFO | my_functions.py:134 | Haciendo click en la posición (574, 266)
2026-07-06 06:28:51 | INFO | my_functions.py:269 | 🖱️ Click OK (En paralelo): weekly3.PNG at (574, 266) delay=0.1s
2026-07-06 06:28:52 | INFO | my_functions.py:247 | [DEBUG] Buscando en paralelo: ['claim!.PNG'] | timeout=0s | confidence=0.8
2026-07-06 06:28:53 | INFO | my_functions.py:134 | Haciendo click en la posición (381, 924)
2026-07-06 06:28:53 | INFO | my_functions.py:269 | 🖱️ Click OK (En paralelo): claim!.PNG at (381, 924) delay=0.2s
2026-07-06 06:28:54 | INFO | my_functions.py:247 | [DEBUG] Buscando en paralelo: ['claim_hover.PNG'] | timeout=0s | confidence=0.8
2026-07-06 06:28:55 | INFO | my_functions.py:134 | Haciendo click en la posición (383, 921)
2026-07-06 06:28:55 | INFO | my_functions.py:269 | 🖱️ Click OK (En paralelo): claim_hover.PNG at (383, 921) delay=0.2s
2026-07-06 06:28:56 | INFO | my_functions.py:247 | [DEBUG] Buscando en paralelo: ['claim!.PNG'] | timeout=0s | confidence=0.8
2026-07-06 06:28:57 | INFO | my_functions.py:281 | [DEBUG] Click skipped, ninguna de las imágenes se encontró en el intento.
2026-07-06 06:28:58 | INFO | my_functions.py:247 | [DEBUG] Buscando en paralelo: ['claim_hover.PNG'] | timeout=0s | confidence=0.8
2026-07-06 06:28:59 | INFO | my_functions.py:134 | Haciendo click en la posición (383, 921)
2026-07-06 06:28:59 | INFO | my_functions.py:269 | 🖱️ Click OK (En paralelo): claim_hover.PNG at (383, 921) delay=0.2s
2026-07-06 06:29:00 | INFO | my_functions.py:247 | [DEBUG] Buscando en paralelo: ['weekly3.PNG'] | timeout=0s | confidence=0.8
2026-07-06 06:29:01 | INFO | my_functions.py:281 | [DEBUG] Click skipped, ninguna de las imágenes se encontró en el intento.
2026-07-06 06:29:02 | INFO | my_functions.py:247 | [DEBUG] Buscando en paralelo: ['weekly3.PNG'] | timeout=0s | confidence=0.8
2026-07-06 06:29:03 | INFO | my_functions.py:281 | [DEBUG] Click skipped, ninguna de las imágenes se encontró en el intento.
2026-07-06 06:29:04 | INFO | my_functions.py:134 | Haciendo click en la posición (557, 64)
2026-07-06 06:29:05 | INFO | my_functions.py:247 | [DEBUG] Buscando en paralelo: ['cards_shop.PNG'] | timeout=20s | confidence=0.8
2026-07-06 06:29:08 | INFO | my_functions.py:134 | Haciendo click en la posición (568, 121)
2026-07-06 06:29:08 | INFO | my_functions.py:269 | 🖱️ Click OK (En paralelo): cards_shop.PNG at (568, 121) delay=1s
2026-07-06 06:29:09 | INFO | my_functions.py:247 | [DEBUG] Buscando en paralelo: ['token_icon.PNG'] | timeout=20s | confidence=0.8
2026-07-06 06:29:11 | INFO | my_functions.py:134 | Haciendo click en la posición (680, 171)
2026-07-06 06:29:11 | INFO | my_functions.py:269 | 🖱️ Click OK (En paralelo): token_icon.PNG at (680, 171) delay=1s
2026-07-06 06:29:14 | INFO | my_functions.py:247 | [DEBUG] Buscando en paralelo: ['claim!_token_3.PNG'] | timeout=4s | confidence=0.8
2026-07-06 06:29:16 | INFO | my_functions.py:134 | Haciendo click en la posición (231, 573)
2026-07-06 06:29:16 | INFO | my_functions.py:269 | 🖱️ Click OK (En paralelo): claim!_token_3.PNG at (231, 573) delay=1s
2026-07-06 06:29:17 | INFO | my_functions.py:247 | [DEBUG] Buscando en paralelo: ['cards_shop.PNG'] | timeout=20s | confidence=0.8
2026-07-06 06:29:19 | INFO | my_functions.py:134 | Haciendo click en la posición (568, 122)
2026-07-06 06:29:19 | INFO | my_functions.py:269 | 🖱️ Click OK (En paralelo): cards_shop.PNG at (568, 122) delay=1s
2026-07-06 06:29:20 | INFO | my_functions.py:247 | [DEBUG] Buscando en paralelo: ['offers.PNG'] | timeout=20s | confidence=0.8
2026-07-06 06:29:22 | INFO | my_functions.py:134 | Haciendo click en la posición (197, 121)
2026-07-06 06:29:22 | INFO | my_functions.py:269 | 🖱️ Click OK (En paralelo): offers.PNG at (197, 121) delay=1s
2026-07-06 06:29:24 | INFO | my_functions.py:1351 | [INFO] Iniciando mejora de cartas
2026-07-06 06:29:24 | INFO | my_functions.py:247 | [DEBUG] Buscando en paralelo: ['upgrade_cards_icon.PNG'] | timeout=3s | confidence=0.8
2026-07-06 06:29:27 | INFO | my_functions.py:281 | [DEBUG] Click skipped, ninguna de las imágenes se encontró en el intento.
2026-07-06 06:29:28 | WARNING | my_functions.py:1355 | [ALERT] No se encontró el ícono de upgrade_cards. Saltando función.
2026-07-06 06:29:28 | INFO | my_functions.py:142 | Presionando ESC (1/1)
2026-07-06 06:29:29 | INFO | my_functions.py:247 | [DEBUG] Buscando en paralelo: ['white_x.png'] | timeout=2s | confidence=0.8
2026-07-06 06:29:31 | INFO | my_functions.py:281 | [DEBUG] Click skipped, ninguna de las imágenes se encontró en el intento.
2026-07-06 06:29:32 | INFO | each_eight_hours.py:46 | [06:29:32.996] [DEBUG] === INICIANDO FUNCIÓN collect_cl_rewards ===
2026-07-06 06:29:33 | INFO | each_eight_hours.py:46 | [06:29:33.000] [DEBUG] Haciendo click inicial en (387, 166)...
2026-07-06 06:29:33 | INFO | my_functions.py:134 | Haciendo click en la posición (387, 166)
2026-07-06 06:29:39 | INFO | each_eight_hours.py:46 | [06:29:39.329] [DEBUG] Se omitió el cambio de tamaño de ventanas (resize=False)
2026-07-06 06:29:39 | INFO | each_eight_hours.py:46 | [06:29:39.387] [DEBUG] Recompensas iniciales detectadas por la API: 0
2026-07-06 06:29:39 | INFO | each_eight_hours.py:46 | Finished collecting rewards
2026-07-06 06:29:40 | INFO | my_functions.py:142 | Presionando ESC (1/1)
2026-07-06 06:29:40 | INFO | my_functions.py:247 | [DEBUG] Buscando en paralelo: ['nut.png'] | timeout=20s | confidence=0.8
2026-07-06 06:29:42 | INFO | my_functions.py:134 | Haciendo click en la posición (184, 78)
2026-07-06 06:29:43 | INFO | my_functions.py:269 | 🖱️ Click OK (En paralelo): nut.png at (184, 78) delay=1s
2026-07-06 06:29:44 | INFO | my_functions.py:247 | [DEBUG] Buscando en paralelo: ['graphics_quality.png'] | timeout=3s | confidence=0.8
2026-07-06 06:29:45 | INFO | my_functions.py:134 | Haciendo click en la posición (304, 644)
2026-07-06 06:29:45 | INFO | my_functions.py:269 | 🖱️ Click OK (En paralelo): graphics_quality.png at (304, 644) delay=1s
2026-07-06 06:29:47 | INFO | my_functions.py:247 | [DEBUG] Buscando en paralelo: ['sign_out.png'] | timeout=20s | confidence=0.8
2026-07-06 06:29:49 | INFO | my_functions.py:134 | Haciendo click en la posición (380, 796)
2026-07-06 06:29:49 | INFO | my_functions.py:269 | 🖱️ Click OK (En paralelo): sign_out.png at (380, 796) delay=1s
2026-07-06 06:29:51 | INFO | my_functions.py:247 | [DEBUG] Buscando en paralelo: ['sign_out_grande.png'] | timeout=20s | confidence=0.8
2026-07-06 06:29:53 | INFO | my_functions.py:134 | Haciendo click en la posición (359, 437)
2026-07-06 06:29:53 | INFO | my_functions.py:269 | 🖱️ Click OK (En paralelo): sign_out_grande.png at (359, 437) delay=1s
2026-07-06 06:29:54 | INFO | my_functions.py:247 | [DEBUG] Buscando en paralelo: ['sign_out2.png'] | timeout=20s | confidence=0.8
2026-07-06 06:29:56 | INFO | my_functions.py:134 | Haciendo click en la posición (383, 634)
2026-07-06 06:29:56 | INFO | my_functions.py:269 | 🖱️ Click OK (En paralelo): sign_out2.png at (383, 634) delay=1s
2026-07-06 06:29:57 | INFO | my_functions.py:1545 | ⏱ Esperando 0.1 segundos antes de empezar...
2026-07-06 06:29:57 | INFO | my_functions.py:1552 | 🔍 Esperando ventana que contenga alguna de: SNAP (máx 20s)
2026-07-06 06:29:57 | INFO | my_functions.py:1564 | ✅ Ventana encontrada: 'SNAP'
2026-07-06 06:29:57 | INFO | my_functions.py:1579 | ✅ Ventana seleccionada: 'SNAP'
2026-07-06 06:29:59 | INFO | my_functions.py:1602 | 🔁 Reajuste #1...
2026-07-06 06:30:01 | INFO | my_functions.py:1609 | ✔ Verificación completa. Se hicieron 1 reajustes.
2026-07-06 06:30:05 | INFO | each_eight_hours.py:113 | Processing account: percy
2026-07-06 06:30:06 | INFO | my_functions.py:1545 | ⏱ Esperando 0.1 segundos antes de empezar...
2026-07-06 06:30:06 | INFO | my_functions.py:1552 | 🔍 Esperando ventana que contenga alguna de: ['SNAP'] (máx 20s)
2026-07-06 06:30:08 | INFO | my_functions.py:1564 | ✅ Ventana encontrada: 'SNAP'
2026-07-06 06:30:08 | INFO | my_functions.py:1579 | ✅ Ventana seleccionada: 'SNAP'
2026-07-06 06:30:10 | INFO | my_functions.py:1611 | ✔ Verificación completa. No hubo cambios después del primer ajuste.
2026-07-06 06:30:10 | INFO | my_functions.py:1206 | [DEBUG] Resizing SNAP window...
2026-07-06 06:30:10 | INFO | my_functions.py:1545 | ⏱ Esperando 0.1 segundos antes de empezar...
2026-07-06 06:30:11 | INFO | my_functions.py:1552 | 🔍 Esperando ventana que contenga alguna de: ['SNAP'] (máx 20s)
2026-07-06 06:30:11 | INFO | my_functions.py:1564 | ✅ Ventana encontrada: 'SNAP'
2026-07-06 06:30:11 | INFO | my_functions.py:1579 | ✅ Ventana seleccionada: 'SNAP'
2026-07-06 06:30:18 | INFO | my_functions.py:1611 | ✔ Verificación completa. No hubo cambios después del primer ajuste.
2026-07-06 06:30:18 | INFO | my_functions.py:247 | [DEBUG] Buscando en paralelo: ['small_submit.PNG', 'small_submit_hover.png', 'submit_hover_2.png', 'small_submit_hover_2.png'] | timeout=90s | confidence=0.8
2026-07-06 06:30:19 | INFO | my_functions.py:134 | Haciendo click en la posición (380, 642)
2026-07-06 06:30:19 | INFO | my_functions.py:269 | 🖱️ Click OK (En paralelo): small_submit.PNG at (380, 642) delay=0.2s
2026-07-06 06:30:22 | INFO | my_functions.py:247 | [DEBUG] Buscando en paralelo: ['small_submit.PNG', 'small_submit_hover.png', 'submit_hover_2.png', 'small_submit_hover_2.png'] | timeout=20s | confidence=0.8
2026-07-06 06:30:24 | INFO | my_functions.py:134 | Haciendo click en la posición (380, 721)
2026-07-06 06:30:24 | INFO | my_functions.py:269 | 🖱️ Click OK (En paralelo): small_submit.PNG at (380, 721) delay=0.2s
2026-07-06 06:30:25 | INFO | my_functions.py:1545 | ⏱ Esperando 0.1 segundos antes de empezar...
2026-07-06 06:30:25 | INFO | my_functions.py:1552 | 🔍 Esperando ventana que contenga alguna de: ['SNAP'] (máx 20s)
2026-07-06 06:30:25 | INFO | my_functions.py:1564 | ✅ Ventana encontrada: 'SNAP'
2026-07-06 06:30:25 | INFO | my_functions.py:1579 | ✅ Ventana seleccionada: 'SNAP'
2026-07-06 06:30:27 | INFO | my_functions.py:1602 | 🔁 Reajuste #1...
2026-07-06 06:30:28 | INFO | my_functions.py:1609 | ✔ Verificación completa. Se hicieron 1 reajustes.
2026-07-06 06:30:28 | INFO | my_functions.py:169 | Searching please_sign.png (timeout=0s)
2026-07-06 06:30:29 | INFO | my_functions.py:199 | 
✅ Found: please_sign.png pos=(383, 438) time=0.44s confidence=0.8
2026-07-06 06:30:29 | INFO | my_functions.py:247 | [DEBUG] Buscando en paralelo: ['ok_btn.png'] | timeout=20s | confidence=0.8
2026-07-06 06:30:31 | INFO | my_functions.py:134 | Haciendo click en la posición (382, 634)
2026-07-06 06:30:31 | INFO | my_functions.py:269 | 🖱️ Click OK (En paralelo): ok_btn.png at (382, 634) delay=1s
2026-07-06 06:30:32 | INFO | my_functions.py:247 | [DEBUG] Buscando en paralelo: ['small_submit.PNG', 'small_submit_hover.png', 'submit_hover_2.png', 'small_submit_hover_2.png'] | timeout=30s | confidence=0.8
2026-07-06 06:30:35 | INFO | my_functions.py:134 | Haciendo click en la posición (383, 643)
2026-07-06 06:30:35 | INFO | my_functions.py:269 | 🖱️ Click OK (En paralelo): small_submit_hover_2.png at (383, 643) delay=0.2s
2026-07-06 06:30:36 | INFO | my_functions.py:247 | [DEBUG] Buscando en paralelo: ['small_submit.PNG', 'small_submit_hover.png', 'submit_hover_2.png', 'small_submit_hover_2.png'] | timeout=20s | confidence=0.8
2026-07-06 06:30:37 | INFO | my_functions.py:134 | Haciendo click en la posición (380, 721)
2026-07-06 06:30:38 | INFO | my_functions.py:269 | 🖱️ Click OK (En paralelo): small_submit.PNG at (380, 721) delay=0.2s
2026-07-06 06:30:39 | INFO | my_functions.py:247 | [DEBUG] Buscando en paralelo: ['sign_in_with_google2.PNG'] | timeout=20s | confidence=0.8
2026-07-06 06:30:40 | INFO | my_functions.py:134 | Haciendo click en la posición (406, 957)
2026-07-06 06:30:40 | INFO | my_functions.py:269 | 🖱️ Click OK (En paralelo): sign_in_with_google2.PNG at (406, 957) delay=1s
2026-07-06 06:30:41 | INFO | my_functions.py:169 | Searching pagina_cargada.png (timeout=60s)
2026-07-06 06:30:46 | INFO | my_functions.py:199 | 
✅ Found: pagina_cargada.png pos=(70, 24) time=4.87s confidence=0.8
2026-07-06 06:30:48 | INFO | my_functions.py:247 | [DEBUG] Buscando en paralelo: ['percy.png'] | timeout=0s | confidence=0.8
2026-07-06 06:30:49 | INFO | my_functions.py:281 | [DEBUG] Click skipped, ninguna de las imágenes se encontró en el intento.
2026-07-06 06:30:51 | INFO | my_functions.py:247 | [DEBUG] Buscando en paralelo: ['percy.png'] | timeout=0s | confidence=0.8
2026-07-06 06:30:55 | INFO | my_functions.py:134 | Haciendo click en la posición (1132, 561)
2026-07-06 06:30:55 | INFO | my_functions.py:269 | 🖱️ Click OK (En paralelo): percy.png at (1132, 561) delay=3s
2026-07-06 06:30:57 | INFO | my_functions.py:169 | Searching marvelsnap_web.png (timeout=30s)
2026-07-06 06:31:01 | INFO | my_functions.py:199 | 
✅ Found: marvelsnap_web.png pos=(258, 80) time=3.26s confidence=0.7
2026-07-06 06:31:01 | INFO | my_functions.py:169 | Searching shop_unselected.PNG (timeout=0s)
2026-07-06 06:31:02 | INFO | my_functions.py:213 | 
⛔ Not found: shop_unselected.PNG after 0.69s region=(0, 0, 765, 1038) confidence=0.8
2026-07-06 06:31:02 | INFO | my_functions.py:247 | [DEBUG] Buscando en paralelo: ['super_premium.PNG'] | timeout=0s | confidence=0.8
2026-07-06 06:31:03 | INFO | my_functions.py:281 | [DEBUG] Click skipped, ninguna de las imágenes se encontró en el intento.
2026-07-06 06:31:04 | INFO | my_functions.py:247 | [DEBUG] Buscando en paralelo: ['maybe_later.PNG'] | timeout=0s | confidence=0.8
2026-07-06 06:31:04 | INFO | my_functions.py:281 | [DEBUG] Click skipped, ninguna de las imágenes se encontró en el intento.
2026-07-06 06:31:05 | INFO | my_functions.py:247 | [DEBUG] Buscando en paralelo: ['maybe_later2.PNG'] | timeout=0s | confidence=0.8
2026-07-06 06:31:06 | INFO | my_functions.py:281 | [DEBUG] Click skipped, ninguna de las imágenes se encontró en el intento.
2026-07-06 06:31:07 | INFO | my_functions.py:169 | Searching go_to_shop.PNG (timeout=0s)
2026-07-06 06:31:08 | INFO | my_functions.py:213 | 
⛔ Not found: go_to_shop.PNG after 0.0s region=(0, 0, 765, 1038) confidence=0.8
2026-07-06 06:31:08 | INFO | my_functions.py:247 | [DEBUG] Buscando en paralelo: ['14_days_of_winterverse.PNG'] | timeout=0s | confidence=0.8
2026-07-06 06:31:08 | INFO | my_functions.py:281 | [DEBUG] Click skipped, ninguna de las imágenes se encontró en el intento.
2026-07-06 06:31:09 | INFO | my_functions.py:169 | Searching welcome_back_calendar.PNG (timeout=0s)
2026-07-06 06:31:10 | INFO | my_functions.py:213 | 
⛔ Not found: welcome_back_calendar.PNG after 0.0s region=(0, 0, 765, 1038) confidence=0.8
2026-07-06 06:31:10 | INFO | my_functions.py:247 | [DEBUG] Buscando en paralelo: ['start_the_countdown.PNG'] | timeout=0s | confidence=0.8
2026-07-06 06:31:10 | INFO | my_functions.py:281 | [DEBUG] Click skipped, ninguna de las imágenes se encontró en el intento.
2026-07-06 06:31:11 | INFO | my_functions.py:247 | [DEBUG] Buscando en paralelo: ['event_has_ended_sanctum.PNG'] | timeout=0s | confidence=0.8
2026-07-06 06:31:12 | INFO | my_functions.py:281 | [DEBUG] Click skipped, ninguna de las imágenes se encontró en el intento.
2026-07-06 06:31:13 | INFO | my_functions.py:247 | [DEBUG] Buscando en paralelo: ['event_has_ended_teamclash.PNG'] | timeout=0s | confidence=0.8
2026-07-06 06:31:14 | INFO | my_functions.py:281 | [DEBUG] Click skipped, ninguna de las imágenes se encontró en el intento.
2026-07-06 06:31:15 | INFO | my_functions.py:247 | [DEBUG] Buscando en paralelo: ['image_part_of_event_grand_arena_finished.PNG'] | timeout=0s | confidence=0.8
2026-07-06 06:31:15 | INFO | my_functions.py:281 | [DEBUG] Click skipped, ninguna de las imágenes se encontró en el intento.
2026-07-06 06:31:16 | INFO | my_functions.py:169 | Searching 28_day_event_login_rewards.PNG (timeout=0s)
2026-07-06 06:31:17 | INFO | my_functions.py:213 | 
⛔ Not found: 28_day_event_login_rewards.PNG after 0.0s region=(0, 0, 765, 1038) confidence=0.8
2026-07-06 06:31:17 | INFO | my_functions.py:169 | Searching 7_day_event_login.PNG (timeout=0s)
2026-07-06 06:31:17 | INFO | my_functions.py:213 | 
⛔ Not found: 7_day_event_login.PNG after 0.0s region=(0, 0, 765, 1038) confidence=0.8
2026-07-06 06:31:17 | INFO | my_functions.py:169 | Searching 14_days_event.PNG (timeout=0s)
2026-07-06 06:31:18 | INFO | my_functions.py:213 | 
⛔ Not found: 14_days_event.PNG after 0.0s region=(0, 0, 765, 1038) confidence=0.8
2026-07-06 06:31:18 | INFO | my_functions.py:247 | [DEBUG] Buscando en paralelo: ['lets_go.PNG'] | timeout=0s | confidence=0.8
2026-07-06 06:31:18 | INFO | my_functions.py:281 | [DEBUG] Click skipped, ninguna de las imágenes se encontró en el intento.
2026-07-06 06:31:20 | INFO | my_functions.py:169 | Searching shop_unselected.PNG (timeout=0s)
2026-07-06 06:31:21 | INFO | my_functions.py:213 | 
⛔ Not found: shop_unselected.PNG after 0.0s region=(0, 0, 765, 1038) confidence=0.8
2026-07-06 06:31:21 | INFO | my_functions.py:247 | [DEBUG] Buscando en paralelo: ['super_premium.PNG'] | timeout=0s | confidence=0.8
2026-07-06 06:31:23 | INFO | my_functions.py:134 | Haciendo click en la posición (480, 777)
2026-07-06 06:31:23 | INFO | my_functions.py:269 | 🖱️ Click OK (En paralelo): super_premium.PNG at (480, 777) delay=1s
2026-07-06 06:31:24 | INFO | my_functions.py:142 | Presionando ESC (1/1)
2026-07-06 06:31:32 | INFO | my_functions.py:169 | Searching shop_unselected.PNG (timeout=0s)
2026-07-06 06:31:33 | INFO | my_functions.py:199 | 
✅ Found: shop_unselected.PNG pos=(88, 961) time=0.7s confidence=0.8
2026-07-06 06:31:33 | INFO | my_functions.py:714 | Ya esta listo
2026-07-06 06:31:37 | INFO | my_functions.py:533 | AVAILABLE: 6
2026-07-06 06:31:37 | INFO | my_functions.py:555 | Misiones completadas: 0
2026-07-06 06:31:37 | INFO | my_functions.py:169 | Searching play.PNG (timeout=0s)
2026-07-06 06:31:38 | INFO | my_functions.py:199 | 
✅ Found: play.PNG pos=(384, 825) time=0.58s confidence=0.8
2026-07-06 06:31:38 | INFO | my_functions.py:1440 | [INFO] Click realizado donde se equipa el deck a jugar
2026-07-06 06:31:42 | INFO | my_functions.py:247 | [DEBUG] Buscando en paralelo: ['deck_666666.png'] | timeout=3s | confidence=0.8
2026-07-06 06:31:44 | INFO | my_functions.py:134 | Haciendo click en la posición (384, 547)
2026-07-06 06:31:44 | INFO | my_functions.py:269 | 🖱️ Click OK (En paralelo): deck_666666.png at (384, 547) delay=1s
2026-07-06 06:31:45 | INFO | my_functions.py:247 | [DEBUG] Buscando en paralelo: ['equip.png'] | timeout=3s | confidence=0.95
2026-07-06 06:31:49 | INFO | my_functions.py:281 | [DEBUG] Click skipped, ninguna de las imágenes se encontró en el intento.
2026-07-06 06:31:50 | INFO | my_functions.py:142 | Presionando ESC (1/1)
2026-07-06 06:31:51 | INFO | each_eight_hours.py:134 | Deck selected: 6turns
2026-07-06 06:31:51 | INFO | my_functions.py:247 | [DEBUG] Buscando en paralelo: ['maybe_later.PNG'] | timeout=2s | confidence=0.8
2026-07-06 06:31:53 | INFO | my_functions.py:281 | [DEBUG] Click skipped, ninguna de las imágenes se encontró en el intento.
2026-07-06 06:31:54 | INFO | my_functions.py:247 | [DEBUG] Buscando en paralelo: ['maybe_later2.PNG'] | timeout=0.01s | confidence=0.8
2026-07-06 06:31:54 | INFO | my_functions.py:281 | [DEBUG] Click skipped, ninguna de las imágenes se encontró en el intento.
2026-07-06 06:31:55 | INFO | each_eight_hours.py:148 | Starting game loop 1
2026-07-06 06:31:55 | INFO | my_functions.py:247 | [DEBUG] Buscando en paralelo: ['play.PNG'] | timeout=20s | confidence=0.8
2026-07-06 06:31:59 | INFO | my_functions.py:134 | Haciendo click en la posición (384, 824)
2026-07-06 06:31:59 | INFO | my_functions.py:269 | 🖱️ Click OK (En paralelo): play.PNG at (384, 824) delay=3s
2026-07-06 06:32:24 | INFO | my_functions.py:199 | 
✅ Found: end_turn.PNG pos=(681, 945) time=0.63s confidence=0.8
2026-07-06 06:32:24 | INFO | my_functions.py:247 | [DEBUG] Buscando en paralelo: ['snap.PNG'] | timeout=0s | confidence=0.8
2026-07-06 06:32:25 | INFO | my_functions.py:134 | Haciendo click en la posición (386, 123)
2026-07-06 06:32:26 | INFO | my_functions.py:269 | 🖱️ Click OK (En paralelo): snap.PNG at (386, 123) delay=1s
2026-07-06 06:32:32 | INFO | my_functions.py:247 | [DEBUG] Buscando en paralelo: ['end_turn.PNG'] | timeout=0s | confidence=0.8
2026-07-06 06:32:34 | INFO | my_functions.py:134 | Haciendo click en la posición (682, 946)
2026-07-06 06:32:34 | INFO | my_functions.py:269 | 🖱️ Click OK (En paralelo): end_turn.PNG at (682, 946) delay=1s
2026-07-06 06:32:35 | INFO | each_eight_hours.py:165 | End turn executed
2026-07-06 06:32:50 | INFO | my_functions.py:199 | 
✅ Found: end_turn.PNG pos=(681, 945) time=0.64s confidence=0.8
2026-07-06 06:32:50 | INFO | my_functions.py:247 | [DEBUG] Buscando en paralelo: ['snap.PNG'] | timeout=0s | confidence=0.8
2026-07-06 06:32:51 | INFO | my_functions.py:281 | [DEBUG] Click skipped, ninguna de las imágenes se encontró en el intento.
2026-07-06 06:32:57 | INFO | my_functions.py:247 | [DEBUG] Buscando en paralelo: ['end_turn.PNG'] | timeout=0s | confidence=0.8
2026-07-06 06:32:59 | INFO | my_functions.py:134 | Haciendo click en la posición (682, 945)
2026-07-06 06:32:59 | INFO | my_functions.py:269 | 🖱️ Click OK (En paralelo): end_turn.PNG at (682, 945) delay=1s
2026-07-06 06:33:00 | INFO | each_eight_hours.py:165 | End turn executed
2026-07-06 06:33:12 | INFO | my_functions.py:199 | 
✅ Found: end_turn.PNG pos=(681, 945) time=0.65s confidence=0.8
2026-07-06 06:33:12 | INFO | my_functions.py:247 | [DEBUG] Buscando en paralelo: ['snap.PNG'] | timeout=0s | confidence=0.8
2026-07-06 06:33:13 | INFO | my_functions.py:281 | [DEBUG] Click skipped, ninguna de las imágenes se encontró en el intento.
2026-07-06 06:33:19 | INFO | my_functions.py:247 | [DEBUG] Buscando en paralelo: ['end_turn.PNG'] | timeout=0s | confidence=0.8
2026-07-06 06:33:21 | INFO | my_functions.py:134 | Haciendo click en la posición (682, 945)
2026-07-06 06:33:21 | INFO | my_functions.py:269 | 🖱️ Click OK (En paralelo): end_turn.PNG at (682, 945) delay=1s
2026-07-06 06:33:22 | INFO | each_eight_hours.py:165 | End turn executed
2026-07-06 06:33:38 | INFO | my_functions.py:199 | 
✅ Found: end_turn.PNG pos=(681, 945) time=0.63s confidence=0.8
2026-07-06 06:33:38 | INFO | my_functions.py:247 | [DEBUG] Buscando en paralelo: ['snap.PNG'] | timeout=0s | confidence=0.8
2026-07-06 06:33:38 | INFO | my_functions.py:281 | [DEBUG] Click skipped, ninguna de las imágenes se encontró en el intento.
2026-07-06 06:33:45 | INFO | my_functions.py:247 | [DEBUG] Buscando en paralelo: ['end_turn.PNG'] | timeout=0s | confidence=0.8
2026-07-06 06:33:46 | INFO | my_functions.py:134 | Haciendo click en la posición (682, 945)
2026-07-06 06:33:46 | INFO | my_functions.py:269 | 🖱️ Click OK (En paralelo): end_turn.PNG at (682, 945) delay=1s
2026-07-06 06:33:47 | INFO | each_eight_hours.py:165 | End turn executed
2026-07-06 06:34:09 | INFO | my_functions.py:199 | 
✅ Found: end_turn.PNG pos=(681, 945) time=0.66s confidence=0.8
2026-07-06 06:34:09 | INFO | my_functions.py:247 | [DEBUG] Buscando en paralelo: ['snap.PNG'] | timeout=0s | confidence=0.8
2026-07-06 06:34:10 | INFO | my_functions.py:281 | [DEBUG] Click skipped, ninguna de las imágenes se encontró en el intento.
2026-07-06 06:34:16 | INFO | my_functions.py:247 | [DEBUG] Buscando en paralelo: ['end_turn.PNG'] | timeout=0s | confidence=0.8
2026-07-06 06:34:18 | INFO | my_functions.py:134 | Haciendo click en la posición (682, 945)
2026-07-06 06:34:18 | INFO | my_functions.py:269 | 🖱️ Click OK (En paralelo): end_turn.PNG at (682, 945) delay=1s
2026-07-06 06:34:19 | INFO | each_eight_hours.py:165 | End turn executed
2026-07-06 06:34:44 | INFO | my_functions.py:199 | 
✅ Found: end_turn.PNG pos=(681, 945) time=0.64s confidence=0.8
2026-07-06 06:34:44 | INFO | my_functions.py:247 | [DEBUG] Buscando en paralelo: ['snap.PNG'] | timeout=0s | confidence=0.8
2026-07-06 06:34:45 | INFO | my_functions.py:281 | [DEBUG] Click skipped, ninguna de las imágenes se encontró en el intento.
2026-07-06 06:34:51 | INFO | my_functions.py:247 | [DEBUG] Buscando en paralelo: ['end_turn.PNG'] | timeout=0s | confidence=0.8
2026-07-06 06:34:53 | INFO | my_functions.py:134 | Haciendo click en la posición (681, 945)
2026-07-06 06:34:53 | INFO | my_functions.py:269 | 🖱️ Click OK (En paralelo): end_turn.PNG at (681, 945) delay=1s
2026-07-06 06:34:54 | INFO | each_eight_hours.py:165 | End turn executed
2026-07-06 06:35:22 | INFO | my_functions.py:199 | 
✅ Found: collect_rewards.PNG pos=(679, 957) time=0.75s confidence=0.8
2026-07-06 06:35:22 | INFO | each_eight_hours.py:204 | Rewards detected, exiting match
2026-07-06 06:35:22 | INFO | my_functions.py:247 | [DEBUG] Buscando en paralelo: ['collect_rewards.PNG'] | timeout=20s | confidence=0.8
2026-07-06 06:35:23 | INFO | my_functions.py:134 | Haciendo click en la posición (679, 957)
2026-07-06 06:35:23 | INFO | my_functions.py:269 | 🖱️ Click OK (En paralelo): collect_rewards.PNG at (679, 957) delay=1s
2026-07-06 06:35:25 | INFO | my_functions.py:247 | [DEBUG] Buscando en paralelo: ['next.PNG'] | timeout=20s | confidence=0.8
2026-07-06 06:35:30 | INFO | my_functions.py:134 | Haciendo click en la posición (677, 973)
2026-07-06 06:35:30 | INFO | my_functions.py:269 | 🖱️ Click OK (En paralelo): next.PNG at (677, 973) delay=1s
2026-07-06 06:35:33 | INFO | my_functions.py:533 | AVAILABLE: 6
2026-07-06 06:35:33 | INFO | each_eight_hours.py:271 | Submissions after match: 6
2026-07-06 06:35:33 | INFO | my_functions.py:555 | Misiones completadas: 1
2026-07-06 06:35:33 | INFO | each_eight_hours.py:148 | Starting game loop 2
2026-07-06 06:35:33 | INFO | my_functions.py:247 | [DEBUG] Buscando en paralelo: ['play.PNG'] | timeout=20s | confidence=0.8
2026-07-06 06:35:37 | INFO | my_functions.py:134 | Haciendo click en la posición (384, 824)
2026-07-06 06:35:37 | INFO | my_functions.py:269 | 🖱️ Click OK (En paralelo): play.PNG at (384, 824) delay=3s
2026-07-06 06:35:58 | INFO | my_functions.py:199 | 
✅ Found: end_turn.PNG pos=(681, 945) time=0.63s confidence=0.8
2026-07-06 06:35:58 | INFO | my_functions.py:247 | [DEBUG] Buscando en paralelo: ['snap.PNG'] | timeout=0s | confidence=0.8
2026-07-06 06:36:00 | INFO | my_functions.py:134 | Haciendo click en la posición (386, 122)
2026-07-06 06:36:00 | INFO | my_functions.py:269 | 🖱️ Click OK (En paralelo): snap.PNG at (386, 122) delay=1s
2026-07-06 06:36:06 | INFO | my_functions.py:247 | [DEBUG] Buscando en paralelo: ['end_turn.PNG'] | timeout=0s | confidence=0.8
2026-07-06 06:36:08 | INFO | my_functions.py:134 | Haciendo click en la posición (682, 946)
2026-07-06 06:36:08 | INFO | my_functions.py:269 | 🖱️ Click OK (En paralelo): end_turn.PNG at (682, 946) delay=1s
2026-07-06 06:36:09 | INFO | each_eight_hours.py:165 | End turn executed
2026-07-06 06:36:22 | INFO | my_functions.py:199 | 
✅ Found: end_turn.PNG pos=(681, 945) time=0.64s confidence=0.8
2026-07-06 06:36:22 | INFO | my_functions.py:247 | [DEBUG] Buscando en paralelo: ['snap.PNG'] | timeout=0s | confidence=0.8
2026-07-06 06:36:22 | INFO | my_functions.py:281 | [DEBUG] Click skipped, ninguna de las imágenes se encontró en el intento.
2026-07-06 06:36:29 | INFO | my_functions.py:247 | [DEBUG] Buscando en paralelo: ['end_turn.PNG'] | timeout=0s | confidence=0.8
2026-07-06 06:36:30 | INFO | my_functions.py:134 | Haciendo click en la posición (682, 945)
2026-07-06 06:36:30 | INFO | my_functions.py:269 | 🖱️ Click OK (En paralelo): end_turn.PNG at (682, 945) delay=1s
2026-07-06 06:36:32 | INFO | each_eight_hours.py:165 | End turn executed
2026-07-06 06:36:47 | INFO | my_functions.py:199 | 
✅ Found: end_turn.PNG pos=(681, 945) time=0.63s confidence=0.8
2026-07-06 06:36:47 | INFO | my_functions.py:247 | [DEBUG] Buscando en paralelo: ['snap.PNG'] | timeout=0s | confidence=0.8
2026-07-06 06:36:48 | INFO | my_functions.py:281 | [DEBUG] Click skipped, ninguna de las imágenes se encontró en el intento.
2026-07-06 06:36:54 | INFO | my_functions.py:247 | [DEBUG] Buscando en paralelo: ['end_turn.PNG'] | timeout=0s | confidence=0.8
2026-07-06 06:36:55 | INFO | my_functions.py:134 | Haciendo click en la posición (682, 945)
2026-07-06 06:36:56 | INFO | my_functions.py:269 | 🖱️ Click OK (En paralelo): end_turn.PNG at (682, 945) delay=1s
2026-07-06 06:36:57 | INFO | each_eight_hours.py:165 | End turn executed
2026-07-06 06:37:45 | INFO | my_functions.py:199 | 
✅ Found: end_turn.PNG pos=(681, 945) time=0.6s confidence=0.8
2026-07-06 06:37:45 | INFO | my_functions.py:247 | [DEBUG] Buscando en paralelo: ['snap.PNG'] | timeout=0s | confidence=0.8
2026-07-06 06:37:46 | INFO | my_functions.py:281 | [DEBUG] Click skipped, ninguna de las imágenes se encontró en el intento.
2026-07-06 06:37:52 | INFO | my_functions.py:247 | [DEBUG] Buscando en paralelo: ['end_turn.PNG'] | timeout=0s | confidence=0.8
2026-07-06 06:37:54 | INFO | my_functions.py:134 | Haciendo click en la posición (682, 945)
2026-07-06 06:37:54 | INFO | my_functions.py:269 | 🖱️ Click OK (En paralelo): end_turn.PNG at (682, 945) delay=1s
2026-07-06 06:37:55 | INFO | each_eight_hours.py:165 | End turn executed
2026-07-06 06:38:17 | INFO | my_functions.py:199 | 
✅ Found: end_turn.PNG pos=(681, 945) time=0.66s confidence=0.8
2026-07-06 06:38:17 | INFO | my_functions.py:247 | [DEBUG] Buscando en paralelo: ['snap.PNG'] | timeout=0s | confidence=0.8
2026-07-06 06:38:18 | INFO | my_functions.py:281 | [DEBUG] Click skipped, ninguna de las imágenes se encontró en el intento.
2026-07-06 06:38:24 | INFO | my_functions.py:247 | [DEBUG] Buscando en paralelo: ['end_turn.PNG'] | timeout=0s | confidence=0.8
2026-07-06 06:38:25 | INFO | my_functions.py:134 | Haciendo click en la posición (682, 945)
2026-07-06 06:38:26 | INFO | my_functions.py:269 | 🖱️ Click OK (En paralelo): end_turn.PNG at (682, 945) delay=1s
2026-07-06 06:38:27 | INFO | each_eight_hours.py:165 | End turn executed
2026-07-06 06:38:49 | INFO | my_functions.py:199 | 
✅ Found: end_turn.PNG pos=(681, 945) time=0.64s confidence=0.8
2026-07-06 06:38:49 | INFO | my_functions.py:247 | [DEBUG] Buscando en paralelo: ['snap.PNG'] | timeout=0s | confidence=0.8
2026-07-06 06:38:49 | INFO | my_functions.py:281 | [DEBUG] Click skipped, ninguna de las imágenes se encontró en el intento.
2026-07-06 06:38:56 | INFO | my_functions.py:247 | [DEBUG] Buscando en paralelo: ['end_turn.PNG'] | timeout=0s | confidence=0.8
2026-07-06 06:38:57 | INFO | my_functions.py:134 | Haciendo click en la posición (682, 945)
2026-07-06 06:38:57 | INFO | my_functions.py:269 | 🖱️ Click OK (En paralelo): end_turn.PNG at (682, 945) delay=1s
2026-07-06 06:38:58 | INFO | each_eight_hours.py:165 | End turn executed
2026-07-06 06:39:26 | INFO | my_functions.py:199 | 
✅ Found: collect_rewards.PNG pos=(679, 957) time=0.73s confidence=0.8
2026-07-06 06:39:26 | INFO | each_eight_hours.py:204 | Rewards detected, exiting match
2026-07-06 06:39:26 | INFO | my_functions.py:247 | [DEBUG] Buscando en paralelo: ['collect_rewards.PNG'] | timeout=20s | confidence=0.8
2026-07-06 06:39:28 | INFO | my_functions.py:134 | Haciendo click en la posición (679, 957)
2026-07-06 06:39:28 | INFO | my_functions.py:269 | 🖱️ Click OK (En paralelo): collect_rewards.PNG at (679, 957) delay=1s
2026-07-06 06:39:29 | INFO | my_functions.py:247 | [DEBUG] Buscando en paralelo: ['next.PNG'] | timeout=20s | confidence=0.8
2026-07-06 06:39:34 | INFO | my_functions.py:134 | Haciendo click en la posición (677, 973)
2026-07-06 06:39:34 | INFO | my_functions.py:269 | 🖱️ Click OK (En paralelo): next.PNG at (677, 973) delay=1s
2026-07-06 06:39:38 | INFO | my_functions.py:533 | AVAILABLE: 6
2026-07-06 06:39:38 | INFO | each_eight_hours.py:271 | Submissions after match: 6
2026-07-06 06:39:38 | INFO | my_functions.py:555 | Misiones completadas: 1
2026-07-06 06:39:38 | INFO | each_eight_hours.py:148 | Starting game loop 3
2026-07-06 06:39:38 | INFO | my_functions.py:247 | [DEBUG] Buscando en paralelo: ['play.PNG'] | timeout=20s | confidence=0.8
2026-07-06 06:39:41 | INFO | my_functions.py:134 | Haciendo click en la posición (384, 824)
2026-07-06 06:39:41 | INFO | my_functions.py:269 | 🖱️ Click OK (En paralelo): play.PNG at (384, 824) delay=3s
2026-07-06 06:40:07 | INFO | my_functions.py:199 | 
✅ Found: end_turn.PNG pos=(682, 945) time=0.65s confidence=0.8
2026-07-06 06:40:07 | INFO | my_functions.py:247 | [DEBUG] Buscando en paralelo: ['snap.PNG'] | timeout=0s | confidence=0.8
2026-07-06 06:40:08 | INFO | my_functions.py:134 | Haciendo click en la posición (386, 123)
2026-07-06 06:40:09 | INFO | my_functions.py:269 | 🖱️ Click OK (En paralelo): snap.PNG at (386, 123) delay=1s
2026-07-06 06:40:15 | INFO | my_functions.py:247 | [DEBUG] Buscando en paralelo: ['end_turn.PNG'] | timeout=0s | confidence=0.8
2026-07-06 06:40:16 | INFO | my_functions.py:134 | Haciendo click en la posición (682, 946)
2026-07-06 06:40:17 | INFO | my_functions.py:269 | 🖱️ Click OK (En paralelo): end_turn.PNG at (682, 946) delay=1s
2026-07-06 06:40:18 | INFO | each_eight_hours.py:165 | End turn executed
2026-07-06 06:40:33 | INFO | my_functions.py:199 | 
✅ Found: end_turn.PNG pos=(681, 945) time=0.62s confidence=0.8
2026-07-06 06:40:33 | INFO | my_functions.py:247 | [DEBUG] Buscando en paralelo: ['snap.PNG'] | timeout=0s | confidence=0.8
2026-07-06 06:40:34 | INFO | my_functions.py:281 | [DEBUG] Click skipped, ninguna de las imágenes se encontró en el intento.
2026-07-06 06:40:40 | INFO | my_functions.py:247 | [DEBUG] Buscando en paralelo: ['end_turn.PNG'] | timeout=0s | confidence=0.8
2026-07-06 06:40:42 | INFO | my_functions.py:134 | Haciendo click en la posición (682, 946)
2026-07-06 06:40:42 | INFO | my_functions.py:269 | 🖱️ Click OK (En paralelo): end_turn.PNG at (682, 946) delay=1s
2026-07-06 06:40:43 | INFO | each_eight_hours.py:165 | End turn executed
2026-07-06 06:40:52 | INFO | my_functions.py:199 | 
✅ Found: end_turn.PNG pos=(681, 945) time=0.67s confidence=0.8
2026-07-06 06:40:52 | INFO | my_functions.py:247 | [DEBUG] Buscando en paralelo: ['snap.PNG'] | timeout=0s | confidence=0.8
2026-07-06 06:40:53 | INFO | my_functions.py:281 | [DEBUG] Click skipped, ninguna de las imágenes se encontró en el intento.
2026-07-06 06:40:59 | INFO | my_functions.py:247 | [DEBUG] Buscando en paralelo: ['end_turn.PNG'] | timeout=0s | confidence=0.8
2026-07-06 06:41:01 | INFO | my_functions.py:134 | Haciendo click en la posición (682, 945)
2026-07-06 06:41:01 | INFO | my_functions.py:269 | 🖱️ Click OK (En paralelo): end_turn.PNG at (682, 945) delay=1s
2026-07-06 06:41:02 | INFO | each_eight_hours.py:165 | End turn executed
2026-07-06 06:41:18 | INFO | my_functions.py:199 | 
✅ Found: end_turn.PNG pos=(681, 945) time=0.61s confidence=0.8
2026-07-06 06:41:18 | INFO | my_functions.py:247 | [DEBUG] Buscando en paralelo: ['snap.PNG'] | timeout=0s | confidence=0.8
2026-07-06 06:41:19 | INFO | my_functions.py:281 | [DEBUG] Click skipped, ninguna de las imágenes se encontró en el intento.
2026-07-06 06:41:25 | INFO | my_functions.py:247 | [DEBUG] Buscando en paralelo: ['end_turn.PNG'] | timeout=0s | confidence=0.8
2026-07-06 06:41:26 | INFO | my_functions.py:134 | Haciendo click en la posición (682, 945)
2026-07-06 06:41:27 | INFO | my_functions.py:269 | 🖱️ Click OK (En paralelo): end_turn.PNG at (682, 945) delay=1s
2026-07-06 06:41:28 | INFO | each_eight_hours.py:165 | End turn executed
2026-07-06 06:41:43 | INFO | my_functions.py:199 | 
✅ Found: end_turn.PNG pos=(681, 945) time=0.65s confidence=0.8
2026-07-06 06:41:43 | INFO | my_functions.py:247 | [DEBUG] Buscando en paralelo: ['snap.PNG'] | timeout=0s | confidence=0.8
2026-07-06 06:41:44 | INFO | my_functions.py:281 | [DEBUG] Click skipped, ninguna de las imágenes se encontró en el intento.
2026-07-06 06:41:50 | INFO | my_functions.py:247 | [DEBUG] Buscando en paralelo: ['end_turn.PNG'] | timeout=0s | confidence=0.8
2026-07-06 06:41:52 | INFO | my_functions.py:134 | Haciendo click en la posición (682, 945)
2026-07-06 06:41:52 | INFO | my_functions.py:269 | 🖱️ Click OK (En paralelo): end_turn.PNG at (682, 945) delay=1s
2026-07-06 06:41:53 | INFO | each_eight_hours.py:165 | End turn executed
2026-07-06 06:42:09 | INFO | my_functions.py:199 | 
✅ Found: end_turn.PNG pos=(681, 945) time=0.65s confidence=0.8
2026-07-06 06:42:09 | INFO | my_functions.py:247 | [DEBUG] Buscando en paralelo: ['snap.PNG'] | timeout=0s | confidence=0.8
2026-07-06 06:42:09 | INFO | my_functions.py:281 | [DEBUG] Click skipped, ninguna de las imágenes se encontró en el intento.
2026-07-06 06:42:16 | INFO | my_functions.py:247 | [DEBUG] Buscando en paralelo: ['end_turn.PNG'] | timeout=0s | confidence=0.8
2026-07-06 06:42:17 | INFO | my_functions.py:134 | Haciendo click en la posición (681, 945)
2026-07-06 06:42:17 | INFO | my_functions.py:269 | 🖱️ Click OK (En paralelo): end_turn.PNG at (681, 945) delay=1s
2026-07-06 06:42:18 | INFO | each_eight_hours.py:165 | End turn executed
2026-07-06 06:42:52 | INFO | my_functions.py:199 | 
✅ Found: collect_rewards.PNG pos=(679, 957) time=0.75s confidence=0.8
2026-07-06 06:42:52 | INFO | each_eight_hours.py:204 | Rewards detected, exiting match
2026-07-06 06:42:52 | INFO | my_functions.py:247 | [DEBUG] Buscando en paralelo: ['collect_rewards.PNG'] | timeout=20s | confidence=0.8
2026-07-06 06:42:54 | INFO | my_functions.py:134 | Haciendo click en la posición (679, 957)
2026-07-06 06:42:54 | INFO | my_functions.py:269 | 🖱️ Click OK (En paralelo): collect_rewards.PNG at (679, 957) delay=1s
2026-07-06 06:42:55 | INFO | my_functions.py:247 | [DEBUG] Buscando en paralelo: ['next.PNG'] | timeout=20s | confidence=0.8
2026-07-06 06:43:00 | INFO | my_functions.py:134 | Haciendo click en la posición (677, 973)
2026-07-06 06:43:00 | INFO | my_functions.py:269 | 🖱️ Click OK (En paralelo): next.PNG at (677, 973) delay=1s
2026-07-06 06:43:04 | INFO | my_functions.py:533 | AVAILABLE: 6
2026-07-06 06:43:04 | INFO | each_eight_hours.py:271 | Submissions after match: 6
2026-07-06 06:43:04 | INFO | my_functions.py:555 | Misiones completadas: 1
2026-07-06 06:43:04 | INFO | each_eight_hours.py:148 | Starting game loop 4
2026-07-06 06:43:04 | INFO | my_functions.py:247 | [DEBUG] Buscando en paralelo: ['play.PNG'] | timeout=20s | confidence=0.8
2026-07-06 06:43:07 | INFO | my_functions.py:134 | Haciendo click en la posición (384, 824)
2026-07-06 06:43:07 | INFO | my_functions.py:269 | 🖱️ Click OK (En paralelo): play.PNG at (384, 824) delay=3s
2026-07-06 06:43:35 | INFO | my_functions.py:199 | 
✅ Found: end_turn.PNG pos=(681, 945) time=0.65s confidence=0.8
2026-07-06 06:43:35 | INFO | my_functions.py:247 | [DEBUG] Buscando en paralelo: ['snap.PNG'] | timeout=0s | confidence=0.8
2026-07-06 06:43:37 | INFO | my_functions.py:134 | Haciendo click en la posición (386, 123)
2026-07-06 06:43:37 | INFO | my_functions.py:269 | 🖱️ Click OK (En paralelo): snap.PNG at (386, 123) delay=1s
2026-07-06 06:43:44 | INFO | my_functions.py:247 | [DEBUG] Buscando en paralelo: ['end_turn.PNG'] | timeout=0s | confidence=0.8
2026-07-06 06:43:45 | INFO | my_functions.py:134 | Haciendo click en la posición (682, 946)
2026-07-06 06:43:45 | INFO | my_functions.py:269 | 🖱️ Click OK (En paralelo): end_turn.PNG at (682, 946) delay=1s
2026-07-06 06:43:47 | INFO | each_eight_hours.py:165 | End turn executed
2026-07-06 06:44:02 | INFO | my_functions.py:199 | 
✅ Found: end_turn.PNG pos=(681, 945) time=0.63s confidence=0.8
2026-07-06 06:44:02 | INFO | my_functions.py:247 | [DEBUG] Buscando en paralelo: ['snap.PNG'] | timeout=0s | confidence=0.8
2026-07-06 06:44:03 | INFO | my_functions.py:281 | [DEBUG] Click skipped, ninguna de las imágenes se encontró en el intento.
2026-07-06 06:44:09 | INFO | my_functions.py:247 | [DEBUG] Buscando en paralelo: ['end_turn.PNG'] | timeout=0s | confidence=0.8
2026-07-06 06:44:11 | INFO | my_functions.py:134 | Haciendo click en la posición (682, 946)
2026-07-06 06:44:11 | INFO | my_functions.py:269 | 🖱️ Click OK (En paralelo): end_turn.PNG at (682, 946) delay=1s
2026-07-06 06:44:12 | INFO | each_eight_hours.py:165 | End turn executed
2026-07-06 06:44:22 | INFO | my_functions.py:199 | 
✅ Found: end_turn.PNG pos=(681, 945) time=0.67s confidence=0.8
2026-07-06 06:44:22 | INFO | my_functions.py:247 | [DEBUG] Buscando en paralelo: ['snap.PNG'] | timeout=0s | confidence=0.8
2026-07-06 06:44:23 | INFO | my_functions.py:281 | [DEBUG] Click skipped, ninguna de las imágenes se encontró en el intento.
2026-07-06 06:44:29 | INFO | my_functions.py:247 | [DEBUG] Buscando en paralelo: ['end_turn.PNG'] | timeout=0s | confidence=0.8
2026-07-06 06:44:30 | INFO | my_functions.py:134 | Haciendo click en la posición (682, 945)
2026-07-06 06:44:31 | INFO | my_functions.py:269 | 🖱️ Click OK (En paralelo): end_turn.PNG at (682, 945) delay=1s
2026-07-06 06:44:32 | INFO | each_eight_hours.py:165 | End turn executed
2026-07-06 06:44:45 | INFO | my_functions.py:199 | 
✅ Found: end_turn.PNG pos=(681, 945) time=0.68s confidence=0.8
2026-07-06 06:44:45 | INFO | my_functions.py:247 | [DEBUG] Buscando en paralelo: ['snap.PNG'] | timeout=0s | confidence=0.8
2026-07-06 06:44:46 | INFO | my_functions.py:281 | [DEBUG] Click skipped, ninguna de las imágenes se encontró en el intento.
2026-07-06 06:44:52 | INFO | my_functions.py:247 | [DEBUG] Buscando en paralelo: ['end_turn.PNG'] | timeout=0s | confidence=0.8
2026-07-06 06:44:54 | INFO | my_functions.py:134 | Haciendo click en la posición (682, 945)
2026-07-06 06:44:54 | INFO | my_functions.py:269 | 🖱️ Click OK (En paralelo): end_turn.PNG at (682, 945) delay=1s
2026-07-06 06:44:55 | INFO | each_eight_hours.py:165 | End turn executed
2026-07-06 06:45:14 | INFO | my_functions.py:199 | 
✅ Found: end_turn.PNG pos=(681, 945) time=0.69s confidence=0.8
2026-07-06 06:45:14 | INFO | my_functions.py:247 | [DEBUG] Buscando en paralelo: ['snap.PNG'] | timeout=0s | confidence=0.8
2026-07-06 06:45:15 | INFO | my_functions.py:281 | [DEBUG] Click skipped, ninguna de las imágenes se encontró en el intento.
2026-07-06 06:45:22 | INFO | my_functions.py:247 | [DEBUG] Buscando en paralelo: ['end_turn.PNG'] | timeout=0s | confidence=0.8
2026-07-06 06:45:23 | INFO | my_functions.py:134 | Haciendo click en la posición (682, 945)
2026-07-06 06:45:23 | INFO | my_functions.py:269 | 🖱️ Click OK (En paralelo): end_turn.PNG at (682, 945) delay=1s
2026-07-06 06:45:25 | INFO | each_eight_hours.py:165 | End turn executed
2026-07-06 06:45:37 | INFO | my_functions.py:199 | 
✅ Found: end_turn.PNG pos=(681, 945) time=0.66s confidence=0.8
2026-07-06 06:45:37 | INFO | my_functions.py:247 | [DEBUG] Buscando en paralelo: ['snap.PNG'] | timeout=0s | confidence=0.8
2026-07-06 06:45:38 | INFO | my_functions.py:281 | [DEBUG] Click skipped, ninguna de las imágenes se encontró en el intento.
2026-07-06 06:45:44 | INFO | my_functions.py:247 | [DEBUG] Buscando en paralelo: ['end_turn.PNG'] | timeout=0s | confidence=0.8
2026-07-06 06:45:46 | INFO | my_functions.py:134 | Haciendo click en la posición (682, 945)
2026-07-06 06:45:46 | INFO | my_functions.py:269 | 🖱️ Click OK (En paralelo): end_turn.PNG at (682, 945) delay=1s
2026-07-06 06:45:47 | INFO | each_eight_hours.py:165 | End turn executed
2026-07-06 06:45:53 | INFO | my_functions.py:199 | 
✅ Found: collect_rewards.PNG pos=(679, 972) time=0.77s confidence=0.8
2026-07-06 06:45:53 | INFO | each_eight_hours.py:204 | Rewards detected, exiting match
2026-07-06 06:45:53 | INFO | my_functions.py:247 | [DEBUG] Buscando en paralelo: ['collect_rewards.PNG'] | timeout=20s | confidence=0.8
2026-07-06 06:45:54 | INFO | my_functions.py:134 | Haciendo click en la posición (679, 957)
2026-07-06 06:45:55 | INFO | my_functions.py:269 | 🖱️ Click OK (En paralelo): collect_rewards.PNG at (679, 957) delay=1s
2026-07-06 06:45:56 | INFO | my_functions.py:247 | [DEBUG] Buscando en paralelo: ['next.PNG'] | timeout=20s | confidence=0.8
2026-07-06 06:46:02 | INFO | my_functions.py:134 | Haciendo click en la posición (677, 973)
2026-07-06 06:46:02 | INFO | my_functions.py:269 | 🖱️ Click OK (En paralelo): next.PNG at (677, 973) delay=1s
2026-07-06 06:46:05 | INFO | my_functions.py:533 | AVAILABLE: 6
2026-07-06 06:46:05 | INFO | each_eight_hours.py:271 | Submissions after match: 6
2026-07-06 06:46:05 | INFO | my_functions.py:555 | Misiones completadas: 1
2026-07-06 06:46:05 | INFO | each_eight_hours.py:148 | Starting game loop 5
2026-07-06 06:46:05 | INFO | my_functions.py:247 | [DEBUG] Buscando en paralelo: ['play.PNG'] | timeout=20s | confidence=0.8
2026-07-06 06:46:09 | INFO | my_functions.py:134 | Haciendo click en la posición (384, 824)
2026-07-06 06:46:09 | INFO | my_functions.py:269 | 🖱️ Click OK (En paralelo): play.PNG at (384, 824) delay=3s
2026-07-06 06:46:21 | INFO | my_functions.py:199 | 
✅ Found: end_turn.PNG pos=(681, 945) time=0.64s confidence=0.8
2026-07-06 06:46:21 | INFO | my_functions.py:247 | [DEBUG] Buscando en paralelo: ['snap.PNG'] | timeout=0s | confidence=0.8
2026-07-06 06:46:23 | INFO | my_functions.py:134 | Haciendo click en la posición (386, 123)
2026-07-06 06:46:23 | INFO | my_functions.py:269 | 🖱️ Click OK (En paralelo): snap.PNG at (386, 123) delay=1s
2026-07-06 06:46:29 | INFO | my_functions.py:247 | [DEBUG] Buscando en paralelo: ['end_turn.PNG'] | timeout=0s | confidence=0.8
2026-07-06 06:46:31 | INFO | my_functions.py:134 | Haciendo click en la posición (682, 946)
2026-07-06 06:46:31 | INFO | my_functions.py:269 | 🖱️ Click OK (En paralelo): end_turn.PNG at (682, 946) delay=1s
2026-07-06 06:46:32 | INFO | each_eight_hours.py:165 | End turn executed
2026-07-06 06:46:48 | INFO | my_functions.py:199 | 
✅ Found: end_turn.PNG pos=(681, 945) time=0.65s confidence=0.8
2026-07-06 06:46:48 | INFO | my_functions.py:247 | [DEBUG] Buscando en paralelo: ['snap.PNG'] | timeout=0s | confidence=0.8
2026-07-06 06:46:49 | INFO | my_functions.py:281 | [DEBUG] Click skipped, ninguna de las imágenes se encontró en el intento.
2026-07-06 06:46:55 | INFO | my_functions.py:247 | [DEBUG] Buscando en paralelo: ['end_turn.PNG'] | timeout=0s | confidence=0.8
2026-07-06 06:46:57 | INFO | my_functions.py:134 | Haciendo click en la posición (682, 946)
2026-07-06 06:46:57 | INFO | my_functions.py:269 | 🖱️ Click OK (En paralelo): end_turn.PNG at (682, 946) delay=1s
2026-07-06 06:46:58 | INFO | each_eight_hours.py:165 | End turn executed
2026-07-06 06:47:17 | INFO | my_functions.py:199 | 
✅ Found: end_turn.PNG pos=(681, 945) time=0.71s confidence=0.8
2026-07-06 06:47:17 | INFO | my_functions.py:247 | [DEBUG] Buscando en paralelo: ['snap.PNG'] | timeout=0s | confidence=0.8
2026-07-06 06:47:18 | INFO | my_functions.py:281 | [DEBUG] Click skipped, ninguna de las imágenes se encontró en el intento.
2026-07-06 06:47:25 | INFO | my_functions.py:247 | [DEBUG] Buscando en paralelo: ['end_turn.PNG'] | timeout=0s | confidence=0.8
2026-07-06 06:47:26 | INFO | my_functions.py:134 | Haciendo click en la posición (682, 945)
2026-07-06 06:47:26 | INFO | my_functions.py:269 | 🖱️ Click OK (En paralelo): end_turn.PNG at (682, 945) delay=1s
2026-07-06 06:47:28 | INFO | each_eight_hours.py:165 | End turn executed
2026-07-06 06:47:40 | INFO | my_functions.py:199 | 
✅ Found: end_turn.PNG pos=(681, 945) time=0.61s confidence=0.8
2026-07-06 06:47:40 | INFO | my_functions.py:247 | [DEBUG] Buscando en paralelo: ['snap.PNG'] | timeout=0s | confidence=0.8
2026-07-06 06:47:41 | INFO | my_functions.py:281 | [DEBUG] Click skipped, ninguna de las imágenes se encontró en el intento.
2026-07-06 06:47:47 | INFO | my_functions.py:247 | [DEBUG] Buscando en paralelo: ['end_turn.PNG'] | timeout=0s | confidence=0.8
2026-07-06 06:47:49 | INFO | my_functions.py:134 | Haciendo click en la posición (682, 945)
2026-07-06 06:47:49 | INFO | my_functions.py:269 | 🖱️ Click OK (En paralelo): end_turn.PNG at (682, 945) delay=1s
2026-07-06 06:47:50 | INFO | each_eight_hours.py:165 | End turn executed
2026-07-06 06:48:06 | INFO | my_functions.py:199 | 
✅ Found: end_turn.PNG pos=(681, 945) time=0.65s confidence=0.8
2026-07-06 06:48:06 | INFO | my_functions.py:247 | [DEBUG] Buscando en paralelo: ['snap.PNG'] | timeout=0s | confidence=0.8
2026-07-06 06:48:07 | INFO | my_functions.py:281 | [DEBUG] Click skipped, ninguna de las imágenes se encontró en el intento.
2026-07-06 06:48:13 | INFO | my_functions.py:247 | [DEBUG] Buscando en paralelo: ['end_turn.PNG'] | timeout=0s | confidence=0.8
2026-07-06 06:48:14 | INFO | my_functions.py:134 | Haciendo click en la posición (682, 945)
2026-07-06 06:48:14 | INFO | my_functions.py:269 | 🖱️ Click OK (En paralelo): end_turn.PNG at (682, 945) delay=1s
2026-07-06 06:48:16 | INFO | each_eight_hours.py:165 | End turn executed
2026-07-06 06:48:28 | INFO | my_functions.py:199 | 
✅ Found: end_turn.PNG pos=(681, 945) time=0.65s confidence=0.8
2026-07-06 06:48:28 | INFO | my_functions.py:247 | [DEBUG] Buscando en paralelo: ['snap.PNG'] | timeout=0s | confidence=0.8
2026-07-06 06:48:29 | INFO | my_functions.py:281 | [DEBUG] Click skipped, ninguna de las imágenes se encontró en el intento.
2026-07-06 06:48:35 | INFO | my_functions.py:247 | [DEBUG] Buscando en paralelo: ['end_turn.PNG'] | timeout=0s | confidence=0.8
2026-07-06 06:48:37 | INFO | my_functions.py:134 | Haciendo click en la posición (681, 945)
2026-07-06 06:48:37 | INFO | my_functions.py:269 | 🖱️ Click OK (En paralelo): end_turn.PNG at (681, 945) delay=1s
2026-07-06 06:48:38 | INFO | each_eight_hours.py:165 | End turn executed
2026-07-06 06:48:44 | INFO | my_functions.py:199 | 
✅ Found: collect_rewards.PNG pos=(679, 965) time=0.78s confidence=0.8
2026-07-06 06:48:44 | INFO | each_eight_hours.py:204 | Rewards detected, exiting match
2026-07-06 06:48:44 | INFO | my_functions.py:247 | [DEBUG] Buscando en paralelo: ['collect_rewards.PNG'] | timeout=20s | confidence=0.8
2026-07-06 06:48:45 | INFO | my_functions.py:134 | Haciendo click en la posición (679, 957)
2026-07-06 06:48:46 | INFO | my_functions.py:269 | 🖱️ Click OK (En paralelo): collect_rewards.PNG at (679, 957) delay=1s
2026-07-06 06:48:47 | INFO | my_functions.py:247 | [DEBUG] Buscando en paralelo: ['next.PNG'] | timeout=20s | confidence=0.8
2026-07-06 06:48:53 | INFO | my_functions.py:134 | Haciendo click en la posición (677, 973)
2026-07-06 06:48:53 | INFO | my_functions.py:269 | 🖱️ Click OK (En paralelo): next.PNG at (677, 973) delay=1s
2026-07-06 06:48:56 | INFO | my_functions.py:533 | AVAILABLE: 6
2026-07-06 06:48:56 | INFO | each_eight_hours.py:271 | Submissions after match: 6
2026-07-06 06:48:56 | INFO | my_functions.py:555 | Misiones completadas: 3
2026-07-06 06:48:56 | INFO | each_eight_hours.py:275 | Submission condition met, breaking loop
2026-07-06 06:48:56 | INFO | my_functions.py:247 | [DEBUG] Buscando en paralelo: ['missionsNotify2.png'] | timeout=20s | confidence=0.8
2026-07-06 06:49:00 | INFO | my_functions.py:134 | Haciendo click en la posición (538, 124)
2026-07-06 06:49:00 | INFO | my_functions.py:269 | 🖱️ Click OK (En paralelo): missionsNotify2.png at (538, 124) delay=3s
2026-07-06 06:49:01 | INFO | my_functions.py:1470 | [INFO] Iniciando click_missions_blue2
2026-07-06 06:49:01 | INFO | my_functions.py:134 | Haciendo click en la posición (150, 132)
2026-07-06 06:49:02 | INFO | my_functions.py:1473 | [ACTION] Click hecho en icono de calendario que me dirige a las misiones ordinarias
2026-07-06 06:49:02 | INFO | my_functions.py:169 | Searching bonus_challenge.png (timeout=0s)
2026-07-06 06:49:03 | INFO | my_functions.py:213 | 
⛔ Not found: bonus_challenge.png after 0.0s region=(0, 0, 765, 1038) confidence=0.8
2026-07-06 06:49:05 | INFO | my_functions.py:134 | Haciendo click en la posición (362, 493)
2026-07-06 06:49:06 | INFO | my_functions.py:1486 | [ACTION] Click 1/3 en misión azul
2026-07-06 06:49:06 | INFO | my_functions.py:134 | Haciendo click en la posición (362, 493)
2026-07-06 06:49:08 | INFO | my_functions.py:1486 | [ACTION] Click 2/3 en misión azul
2026-07-06 06:49:08 | INFO | my_functions.py:134 | Haciendo click en la posición (362, 493)
2026-07-06 06:49:09 | INFO | my_functions.py:1486 | [ACTION] Click 3/3 en misión azul
2026-07-06 06:49:10 | INFO | my_functions.py:169 | Searching flechita_mission.PNG (timeout=0s)
2026-07-06 06:49:11 | INFO | my_functions.py:213 | 
⛔ Not found: flechita_mission.PNG after 0.0s region=(0, 0, 765, 1038) confidence=0.8
2026-07-06 06:49:11 | INFO | my_functions.py:247 | [DEBUG] Buscando en paralelo: ['weekly3.PNG'] | timeout=0s | confidence=0.8
2026-07-06 06:49:11 | INFO | my_functions.py:281 | [DEBUG] Click skipped, ninguna de las imágenes se encontró en el intento.
2026-07-06 06:49:12 | INFO | my_functions.py:247 | [DEBUG] Buscando en paralelo: ['weekly3.PNG'] | timeout=0s | confidence=0.8
2026-07-06 06:49:13 | INFO | my_functions.py:281 | [DEBUG] Click skipped, ninguna de las imágenes se encontró en el intento.
2026-07-06 06:49:14 | INFO | my_functions.py:134 | Haciendo click en la posición (557, 64)
2026-07-06 06:49:16 | INFO | my_functions.py:247 | [DEBUG] Buscando en paralelo: ['cards_shop.PNG'] | timeout=20s | confidence=0.8
2026-07-06 06:49:18 | INFO | my_functions.py:134 | Haciendo click en la posición (568, 121)
2026-07-06 06:49:18 | INFO | my_functions.py:269 | 🖱️ Click OK (En paralelo): cards_shop.PNG at (568, 121) delay=1s
2026-07-06 06:49:19 | INFO | my_functions.py:247 | [DEBUG] Buscando en paralelo: ['token_icon.PNG'] | timeout=20s | confidence=0.8
2026-07-06 06:49:21 | INFO | my_functions.py:134 | Haciendo click en la posición (571, 171)
2026-07-06 06:49:22 | INFO | my_functions.py:269 | 🖱️ Click OK (En paralelo): token_icon.PNG at (571, 171) delay=1s
2026-07-06 06:49:25 | INFO | my_functions.py:247 | [DEBUG] Buscando en paralelo: ['claim!_token_3.PNG'] | timeout=4s | confidence=0.8
2026-07-06 06:49:29 | INFO | my_functions.py:281 | [DEBUG] Click skipped, ninguna de las imágenes se encontró en el intento.
2026-07-06 06:49:30 | INFO | my_functions.py:247 | [DEBUG] Buscando en paralelo: ['cards_shop.PNG'] | timeout=20s | confidence=0.8
2026-07-06 06:49:32 | INFO | my_functions.py:134 | Haciendo click en la posición (568, 122)
2026-07-06 06:49:32 | INFO | my_functions.py:269 | 🖱️ Click OK (En paralelo): cards_shop.PNG at (568, 122) delay=1s
2026-07-06 06:49:33 | INFO | my_functions.py:247 | [DEBUG] Buscando en paralelo: ['offers.PNG'] | timeout=20s | confidence=0.8
2026-07-06 06:49:35 | INFO | my_functions.py:134 | Haciendo click en la posición (197, 121)
2026-07-06 06:49:35 | INFO | my_functions.py:269 | 🖱️ Click OK (En paralelo): offers.PNG at (197, 121) delay=1s
2026-07-06 06:49:36 | INFO | my_functions.py:1351 | [INFO] Iniciando mejora de cartas
2026-07-06 06:49:36 | INFO | my_functions.py:247 | [DEBUG] Buscando en paralelo: ['upgrade_cards_icon.PNG'] | timeout=3s | confidence=0.8
2026-07-06 06:49:38 | INFO | my_functions.py:134 | Haciendo click en la posición (322, 170)
2026-07-06 06:49:38 | INFO | my_functions.py:269 | 🖱️ Click OK (En paralelo): upgrade_cards_icon.PNG at (322, 170) delay=1s
2026-07-06 06:49:39 | INFO | my_functions.py:1358 | [INFO] Abriendo icono de upgrade_cards
2026-07-06 06:49:40 | INFO | my_functions.py:1365 | [STEP] Mejorando carta 1
2026-07-06 06:49:40 | INFO | my_functions.py:1369 | [ACTION] Click en carta 1
2026-07-06 06:49:42 | INFO | my_functions.py:1374 | [ACTION] Click en botón upgrade
2026-07-06 06:49:49 | INFO | my_functions.py:169 | Searching aw_snap.png (timeout=3s)
2026-07-06 06:49:53 | INFO | my_functions.py:213 | 
⛔ Not found: aw_snap.png after 3.4s region=(0, 0, 765, 1038) confidence=0.8
2026-07-06 06:49:53 | INFO | my_functions.py:247 | [DEBUG] Buscando en paralelo: ['you_need_more_credits!.png'] | timeout=3s | confidence=0.8
2026-07-06 06:49:56 | INFO | my_functions.py:281 | [DEBUG] Click skipped, ninguna de las imágenes se encontró en el intento.
2026-07-06 06:50:02 | INFO | my_functions.py:1407 | [ACTION] Click para continuar a stage de nivel de coleccion
2026-07-06 06:50:07 | INFO | my_functions.py:142 | Presionando ESC (1/1)
2026-07-06 06:50:08 | INFO | my_functions.py:1415 | [ACTION] Saliendo de stage nivel de coleccion con ESC
2026-07-06 06:50:09 | INFO | my_functions.py:247 | [DEBUG] Buscando en paralelo: ['upgrade_cards_icon_selected.PNG'] | timeout=0s | confidence=0.8
2026-07-06 06:50:11 | INFO | my_functions.py:134 | Haciendo click en la posición (320, 173)
2026-07-06 06:50:11 | INFO | my_functions.py:269 | 🖱️ Click OK (En paralelo): upgrade_cards_icon_selected.PNG at (320, 173) delay=1s
2026-07-06 06:50:12 | INFO | my_functions.py:1427 | [INFO] Reabriendo icono de upgrade_cards
2026-07-06 06:50:13 | INFO | my_functions.py:1365 | [STEP] Mejorando carta 2
2026-07-06 06:50:13 | INFO | my_functions.py:1369 | [ACTION] Click en carta 2
2026-07-06 06:50:14 | INFO | my_functions.py:1374 | [ACTION] Click en botón upgrade
2026-07-06 06:50:21 | INFO | my_functions.py:169 | Searching aw_snap.png (timeout=3s)
2026-07-06 06:50:25 | INFO | my_functions.py:213 | 
⛔ Not found: aw_snap.png after 3.33s region=(0, 0, 765, 1038) confidence=0.8
2026-07-06 06:50:25 | INFO | my_functions.py:247 | [DEBUG] Buscando en paralelo: ['you_need_more_credits!.png'] | timeout=3s | confidence=0.8
2026-07-06 06:50:28 | INFO | my_functions.py:281 | [DEBUG] Click skipped, ninguna de las imágenes se encontró en el intento.
2026-07-06 06:50:35 | INFO | my_functions.py:1407 | [ACTION] Click para continuar a stage de nivel de coleccion
2026-07-06 06:50:40 | INFO | my_functions.py:142 | Presionando ESC (1/1)
2026-07-06 06:50:40 | INFO | my_functions.py:1415 | [ACTION] Saliendo de stage nivel de coleccion con ESC
2026-07-06 06:50:41 | INFO | my_functions.py:247 | [DEBUG] Buscando en paralelo: ['upgrade_cards_icon_selected.PNG'] | timeout=0s | confidence=0.8
2026-07-06 06:50:43 | INFO | my_functions.py:134 | Haciendo click en la posición (320, 173)
2026-07-06 06:50:43 | INFO | my_functions.py:269 | 🖱️ Click OK (En paralelo): upgrade_cards_icon_selected.PNG at (320, 173) delay=1s
2026-07-06 06:50:44 | INFO | my_functions.py:1427 | [INFO] Reabriendo icono de upgrade_cards
2026-07-06 06:50:45 | INFO | my_functions.py:1365 | [STEP] Mejorando carta 3
2026-07-06 06:50:45 | INFO | my_functions.py:1369 | [ACTION] Click en carta 3
2026-07-06 06:50:47 | INFO | my_functions.py:1374 | [ACTION] Click en botón upgrade
2026-07-06 06:50:54 | INFO | my_functions.py:169 | Searching aw_snap.png (timeout=3s)
2026-07-06 06:50:57 | INFO | my_functions.py:213 | 
⛔ Not found: aw_snap.png after 3.32s region=(0, 0, 765, 1038) confidence=0.8
2026-07-06 06:50:57 | INFO | my_functions.py:247 | [DEBUG] Buscando en paralelo: ['you_need_more_credits!.png'] | timeout=3s | confidence=0.8
2026-07-06 06:51:01 | INFO | my_functions.py:281 | [DEBUG] Click skipped, ninguna de las imágenes se encontró en el intento.
2026-07-06 06:51:07 | INFO | my_functions.py:1407 | [ACTION] Click para continuar a stage de nivel de coleccion
2026-07-06 06:51:12 | INFO | my_functions.py:142 | Presionando ESC (1/1)
2026-07-06 06:51:13 | INFO | my_functions.py:1415 | [ACTION] Saliendo de stage nivel de coleccion con ESC
2026-07-06 06:51:14 | INFO | my_functions.py:1433 | [INFO] Mejora de cartas completada ✅
2026-07-06 06:51:14 | INFO | my_functions.py:142 | Presionando ESC (1/1)
2026-07-06 06:51:14 | INFO | my_functions.py:247 | [DEBUG] Buscando en paralelo: ['white_x.png'] | timeout=2s | confidence=0.8
2026-07-06 06:51:17 | INFO | my_functions.py:281 | [DEBUG] Click skipped, ninguna de las imágenes se encontró en el intento.
2026-07-06 06:51:18 | INFO | each_eight_hours.py:46 | [06:51:18.359] [DEBUG] === INICIANDO FUNCIÓN collect_cl_rewards ===
2026-07-06 06:51:18 | INFO | each_eight_hours.py:46 | [06:51:18.363] [DEBUG] Haciendo click inicial en (387, 166)...
2026-07-06 06:51:18 | INFO | my_functions.py:134 | Haciendo click en la posición (387, 166)
2026-07-06 06:51:24 | INFO | each_eight_hours.py:46 | [06:51:24.718] [DEBUG] Se omitió el cambio de tamaño de ventanas (resize=False)
2026-07-06 06:51:24 | INFO | each_eight_hours.py:46 | [06:51:24.745] [DEBUG] Recompensas iniciales detectadas por la API: 5
2026-07-06 06:51:24 | INFO | each_eight_hours.py:46 | [06:51:24.746] [DEBUG] --------------------------------------------------
2026-07-06 06:51:24 | INFO | each_eight_hours.py:46 | [06:51:24.751] [DEBUG] Inicio de iteración. Recompensas restantes: 5
2026-07-06 06:51:24 | INFO | each_eight_hours.py:46 | [06:51:24.754] [DEBUG] Intentando hacer click en: (260, 580)
2026-07-06 06:51:25 | INFO | my_functions.py:169 | Searching claim!.PNG (timeout=3s)
2026-07-06 06:51:30 | INFO | my_functions.py:213 | 
⛔ Not found: claim!.PNG after 3.47s region=(0, 0, 765, 1038) confidence=0.8
2026-07-06 06:51:30 | INFO | each_eight_hours.py:46 | [06:51:30.111] [DEBUG] No se detectó 'Claim'. Buscando 'check.png' en región (228, 547, 65, 55)...
2026-07-06 06:51:30 | INFO | my_functions.py:169 | Searching check.png (timeout=1s)
2026-07-06 06:51:30 | INFO | my_functions.py:199 | 
✅ Found: check.png pos=(264, 578) time=0.11s confidence=0.8
2026-07-06 06:51:30 | INFO | each_eight_hours.py:46 | [06:51:30.231] [DEBUG] -> ¡ÉXITO! Crédito detectado por 'check.png'. Reclamado automáticamente por el click previo.
2026-07-06 06:51:30 | INFO | each_eight_hours.py:46 | [06:51:30.234] [DEBUG] Moviendo el mouse a la posición de scroll (350, 580)...
2026-07-06 06:51:31 | INFO | each_eight_hours.py:46 | [06:51:31.812] [DEBUG] Alternancia de coordenada X: Cambió de 260 a 470
2026-07-06 06:51:31 | INFO | each_eight_hours.py:46 | [06:51:31.815] [DEBUG] --------------------------------------------------
2026-07-06 06:51:31 | INFO | each_eight_hours.py:46 | [06:51:31.817] [DEBUG] Inicio de iteración. Recompensas restantes: 4
2026-07-06 06:51:31 | INFO | each_eight_hours.py:46 | [06:51:31.826] [DEBUG] Intentando hacer click en: (470, 580)
2026-07-06 06:51:33 | INFO | my_functions.py:169 | Searching claim!.PNG (timeout=3s)
2026-07-06 06:51:33 | INFO | my_functions.py:199 | 
✅ Found: claim!.PNG pos=(381, 924) time=0.75s confidence=0.8
2026-07-06 06:51:33 | INFO | each_eight_hours.py:46 | [06:51:33.793] [DEBUG] -> ¡ÉXITO! Botón 'Claim' detectado.
2026-07-06 06:51:33 | INFO | my_functions.py:169 | Searching set.png (timeout=0s)
2026-07-06 06:51:34 | INFO | my_functions.py:213 | 
⛔ Not found: set.png after 0.0s region=(0, 0, 765, 1038) confidence=0.8
2026-07-06 06:51:34 | INFO | my_functions.py:247 | [DEBUG] Buscando en paralelo: ['claim!.PNG'] | timeout=0s | confidence=0.8
2026-07-06 06:51:36 | INFO | my_functions.py:134 | Haciendo click en la posición (381, 924)
2026-07-06 06:51:36 | INFO | my_functions.py:269 | 🖱️ Click OK (En paralelo): claim!.PNG at (381, 924) delay=1s
2026-07-06 06:51:37 | INFO | each_eight_hours.py:46 | [06:51:37.661] [DEBUG] Moviendo el mouse a la posición de scroll (350, 580)...
2026-07-06 06:51:39 | INFO | each_eight_hours.py:46 | [06:51:39.232] [DEBUG] Alternancia de coordenada X: Cambió de 470 a 260
2026-07-06 06:51:39 | INFO | each_eight_hours.py:46 | [06:51:39.236] [DEBUG] --------------------------------------------------
2026-07-06 06:51:39 | INFO | each_eight_hours.py:46 | [06:51:39.243] [DEBUG] Inicio de iteración. Recompensas restantes: 3
2026-07-06 06:51:39 | INFO | each_eight_hours.py:46 | [06:51:39.244] [DEBUG] Intentando hacer click en: (260, 580)
2026-07-06 06:51:40 | INFO | my_functions.py:169 | Searching claim!.PNG (timeout=3s)
2026-07-06 06:51:41 | INFO | my_functions.py:199 | 
✅ Found: claim!.PNG pos=(275, 924) time=0.73s confidence=0.8
2026-07-06 06:51:41 | INFO | each_eight_hours.py:46 | [06:51:41.174] [DEBUG] -> ¡ÉXITO! Botón 'Claim' detectado.
2026-07-06 06:51:41 | INFO | my_functions.py:169 | Searching set.png (timeout=0s)
2026-07-06 06:51:42 | INFO | my_functions.py:213 | 
⛔ Not found: set.png after 0.0s region=(0, 0, 765, 1038) confidence=0.8
2026-07-06 06:51:42 | INFO | my_functions.py:247 | [DEBUG] Buscando en paralelo: ['claim!.PNG'] | timeout=0s | confidence=0.8
2026-07-06 06:51:43 | INFO | my_functions.py:134 | Haciendo click en la posición (275, 924)
2026-07-06 06:51:43 | INFO | my_functions.py:269 | 🖱️ Click OK (En paralelo): claim!.PNG at (275, 924) delay=1s
2026-07-06 06:51:45 | INFO | each_eight_hours.py:46 | [06:51:45.016] [DEBUG] Moviendo el mouse a la posición de scroll (350, 580)...
2026-07-06 06:51:46 | INFO | each_eight_hours.py:46 | [06:51:46.586] [DEBUG] Alternancia de coordenada X: Cambió de 260 a 470
2026-07-06 06:51:46 | INFO | each_eight_hours.py:46 | [06:51:46.589] [DEBUG] --------------------------------------------------
2026-07-06 06:51:46 | INFO | each_eight_hours.py:46 | [06:51:46.590] [DEBUG] Inicio de iteración. Recompensas restantes: 2
2026-07-06 06:51:46 | INFO | each_eight_hours.py:46 | [06:51:46.597] [DEBUG] Intentando hacer click en: (470, 580)
2026-07-06 06:51:47 | INFO | my_functions.py:169 | Searching claim!.PNG (timeout=3s)
2026-07-06 06:51:51 | INFO | my_functions.py:213 | 
⛔ Not found: claim!.PNG after 3.51s region=(0, 0, 765, 1038) confidence=0.8
2026-07-06 06:51:51 | INFO | each_eight_hours.py:46 | [06:51:51.979] [DEBUG] No se detectó 'Claim'. Buscando 'check.png' en región (449, 547, 65, 55)...
2026-07-06 06:51:51 | INFO | my_functions.py:169 | Searching check.png (timeout=1s)
2026-07-06 06:51:52 | INFO | my_functions.py:199 | 
✅ Found: check.png pos=(500, 580) time=0.12s confidence=0.8
2026-07-06 06:51:52 | INFO | each_eight_hours.py:46 | [06:51:52.112] [DEBUG] -> ¡ÉXITO! Crédito detectado por 'check.png'. Reclamado automáticamente por el click previo.
2026-07-06 06:51:52 | INFO | each_eight_hours.py:46 | [06:51:52.122] [DEBUG] Moviendo el mouse a la posición de scroll (350, 580)...
2026-07-06 06:51:53 | INFO | each_eight_hours.py:46 | [06:51:53.689] [DEBUG] Alternancia de coordenada X: Cambió de 470 a 260
2026-07-06 06:51:53 | INFO | each_eight_hours.py:46 | [06:51:53.692] [DEBUG] --------------------------------------------------
2026-07-06 06:51:53 | INFO | each_eight_hours.py:46 | [06:51:53.694] [DEBUG] Inicio de iteración. Recompensas restantes: 1
2026-07-06 06:51:53 | INFO | each_eight_hours.py:46 | [06:51:53.700] [DEBUG] Intentando hacer click en: (260, 580)
2026-07-06 06:51:54 | INFO | my_functions.py:169 | Searching claim!.PNG (timeout=3s)
2026-07-06 06:51:55 | INFO | my_functions.py:199 | 
✅ Found: claim!.PNG pos=(381, 924) time=0.7s confidence=0.8
2026-07-06 06:51:55 | INFO | each_eight_hours.py:46 | [06:51:55.626] [DEBUG] -> ¡ÉXITO! Botón 'Claim' detectado.
2026-07-06 06:51:55 | INFO | my_functions.py:169 | Searching set.png (timeout=0s)
2026-07-06 06:51:56 | INFO | my_functions.py:213 | 
⛔ Not found: set.png after 0.0s region=(0, 0, 765, 1038) confidence=0.8
2026-07-06 06:51:56 | INFO | my_functions.py:247 | [DEBUG] Buscando en paralelo: ['claim!.PNG'] | timeout=0s | confidence=0.8
2026-07-06 06:51:58 | INFO | my_functions.py:134 | Haciendo click en la posición (381, 924)
2026-07-06 06:51:58 | INFO | my_functions.py:269 | 🖱️ Click OK (En paralelo): claim!.PNG at (381, 924) delay=1s
2026-07-06 06:51:59 | INFO | each_eight_hours.py:46 | [06:51:59.461] [DEBUG] Moviendo el mouse a la posición de scroll (350, 580)...
2026-07-06 06:52:01 | INFO | each_eight_hours.py:46 | [06:52:01.039] [DEBUG] Alternancia de coordenada X: Cambió de 260 a 470
2026-07-06 06:52:01 | INFO | each_eight_hours.py:46 | Finished collecting rewards
2026-07-06 06:52:02 | INFO | my_functions.py:142 | Presionando ESC (1/1)
2026-07-06 06:52:02 | INFO | my_functions.py:247 | [DEBUG] Buscando en paralelo: ['nut.png'] | timeout=20s | confidence=0.8
2026-07-06 06:52:04 | INFO | my_functions.py:134 | Haciendo click en la posición (184, 78)
2026-07-06 06:52:04 | INFO | my_functions.py:269 | 🖱️ Click OK (En paralelo): nut.png at (184, 78) delay=1s
2026-07-06 06:52:05 | INFO | my_functions.py:247 | [DEBUG] Buscando en paralelo: ['graphics_quality.png'] | timeout=3s | confidence=0.8
2026-07-06 06:52:07 | INFO | my_functions.py:134 | Haciendo click en la posición (304, 644)
2026-07-06 06:52:07 | INFO | my_functions.py:269 | 🖱️ Click OK (En paralelo): graphics_quality.png at (304, 644) delay=1s
2026-07-06 06:52:09 | INFO | my_functions.py:247 | [DEBUG] Buscando en paralelo: ['sign_out.png'] | timeout=20s | confidence=0.8
2026-07-06 06:52:11 | INFO | my_functions.py:134 | Haciendo click en la posición (380, 796)
2026-07-06 06:52:11 | INFO | my_functions.py:269 | 🖱️ Click OK (En paralelo): sign_out.png at (380, 796) delay=1s
2026-07-06 06:52:13 | INFO | my_functions.py:247 | [DEBUG] Buscando en paralelo: ['sign_out_grande.png'] | timeout=20s | confidence=0.8
2026-07-06 06:52:15 | INFO | my_functions.py:134 | Haciendo click en la posición (359, 437)
2026-07-06 06:52:15 | INFO | my_functions.py:269 | 🖱️ Click OK (En paralelo): sign_out_grande.png at (359, 437) delay=1s
2026-07-06 06:52:16 | INFO | my_functions.py:247 | [DEBUG] Buscando en paralelo: ['sign_out2.png'] | timeout=20s | confidence=0.8
2026-07-06 06:52:17 | INFO | my_functions.py:134 | Haciendo click en la posición (383, 634)
2026-07-06 06:52:18 | INFO | my_functions.py:269 | 🖱️ Click OK (En paralelo): sign_out2.png at (383, 634) delay=1s
2026-07-06 06:52:19 | INFO | my_functions.py:1545 | ⏱ Esperando 0.1 segundos antes de empezar...
2026-07-06 06:52:19 | INFO | my_functions.py:1552 | 🔍 Esperando ventana que contenga alguna de: SNAP (máx 20s)
2026-07-06 06:52:19 | INFO | my_functions.py:1564 | ✅ Ventana encontrada: 'SNAP'
2026-07-06 06:52:19 | INFO | my_functions.py:1579 | ✅ Ventana seleccionada: 'SNAP'
2026-07-06 06:52:21 | INFO | my_functions.py:1602 | 🔁 Reajuste #1...
2026-07-06 06:52:23 | INFO | my_functions.py:1609 | ✔ Verificación completa. Se hicieron 1 reajustes.
2026-07-06 06:52:27 | INFO | baseclient.py:33 | Connecting with parameters: host='localhost' port=4455 password='' subs=0 timeout=None
2026-07-06 06:52:27 | INFO | reqs.py:23 | Successfully identified ReqClient with the server using RPC version:1
2026-07-06 06:52:27 | INFO | my_functions.py:93 | Record stopped.
2026-07-06 06:52:40 | INFO | my_functions.py:123 | Archivo renombrado a: C:\Users\Farm\Videos\my_functions_2026-07-06_05-13-02.mkv
2026-07-06 06:52:40 | INFO | each_eight_hours.py:288 | OBS recording stopped
