2026-07-14 12:20:28 | INFO | each_eight_hours.py:36 | LOG FILE PATH: \\vmware-host\Shared Folders\SHARED FILES VM\MS\logs\each_eight_hours_2026-07-14_12-20-28.log
2026-07-14 12:20:28 | INFO | each_eight_hours.py:37 | Logger initialized
2026-07-14 12:20:28 | INFO | each_eight_hours.py:64 | Script initialized
2026-07-14 12:20:53 | INFO | my_functions.py:56 | ⏳ Esperando WebSocket de OBS...
2026-07-14 12:21:00 | INFO | baseclient.py:33 | Connecting with parameters: host='localhost' port=4455 password='' subs=0 timeout=None
2026-07-14 12:21:00 | INFO | reqs.py:23 | Successfully identified ReqClient with the server using RPC version:1
2026-07-14 12:21:00 | INFO | my_functions.py:62 | ✅ Conectado al OBS WebSocket
2026-07-14 12:21:00 | ERROR | reqs.py:59 | OBSSDKRequestError: Request GetRecordStatus returned code 207. With message: OBS is not ready to perform the request.
Traceback (most recent call last):
  File "C:\Users\Farm\AppData\Local\Programs\Python\Python311\Lib\site-packages\obsws_python\reqs.py", line 53, in send
    raise OBSSDKRequestError(
obsws_python.error.OBSSDKRequestError: Request GetRecordStatus returned code 207. With message: OBS is not ready to perform the request.
2026-07-14 12:21:01 | INFO | my_functions.py:87 | 🎬 Grabación iniciada
2026-07-14 12:21:01 | INFO | each_eight_hours.py:106 | snap.exe terminated if it was running
2026-07-14 12:21:01 | INFO | my_functions.py:1545 | ⏱ Esperando 0.1 segundos antes de empezar...
2026-07-14 12:21:01 | INFO | my_functions.py:1552 | 🔍 Esperando ventana que contenga alguna de: ['py', 'eight_hours'] (máx 20s)
2026-07-14 12:21:01 | INFO | my_functions.py:1564 | ✅ Ventana encontrada: 'each_eight_hours  - Acceso directo'
2026-07-14 12:21:01 | INFO | my_functions.py:1579 | ✅ Ventana seleccionada: 'each_eight_hours  - Acceso directo'
2026-07-14 12:21:03 | INFO | my_functions.py:1602 | 🔁 Reajuste #1...
2026-07-14 12:21:04 | INFO | my_functions.py:1609 | ✔ Verificación completa. Se hicieron 1 reajustes.
2026-07-14 12:21:04 | INFO | each_eight_hours.py:113 | Processing account: john
2026-07-14 12:21:04 | INFO | my_functions.py:1545 | ⏱ Esperando 0.1 segundos antes de empezar...
2026-07-14 12:21:04 | INFO | my_functions.py:1552 | 🔍 Esperando ventana que contenga alguna de: ['SNAP'] (máx 20s)
2026-07-14 12:21:12 | INFO | my_functions.py:1564 | ✅ Ventana encontrada: 'SNAP'
2026-07-14 12:21:12 | INFO | my_functions.py:1579 | ✅ Ventana seleccionada: 'SNAP'
2026-07-14 12:21:14 | INFO | my_functions.py:1611 | ✔ Verificación completa. No hubo cambios después del primer ajuste.
2026-07-14 12:21:14 | INFO | my_functions.py:1206 | [DEBUG] Resizing SNAP window...
2026-07-14 12:21:14 | INFO | my_functions.py:1545 | ⏱ Esperando 0.1 segundos antes de empezar...
2026-07-14 12:21:14 | INFO | my_functions.py:1552 | 🔍 Esperando ventana que contenga alguna de: ['SNAP'] (máx 20s)
2026-07-14 12:21:14 | INFO | my_functions.py:1564 | ✅ Ventana encontrada: 'SNAP'
2026-07-14 12:21:14 | INFO | my_functions.py:1579 | ✅ Ventana seleccionada: 'SNAP'
2026-07-14 12:21:21 | INFO | my_functions.py:1611 | ✔ Verificación completa. No hubo cambios después del primer ajuste.
2026-07-14 12:21:21 | INFO | my_functions.py:247 | [DEBUG] Buscando en paralelo: ['small_submit.PNG', 'small_submit_hover.png', 'submit_hover_2.png', 'small_submit_hover_2.png'] | timeout=90s | confidence=0.8
2026-07-14 12:21:30 | INFO | my_functions.py:134 | Haciendo click en la posición (380, 642)
2026-07-14 12:21:30 | INFO | my_functions.py:269 | 🖱️ Click OK (En paralelo): small_submit.PNG at (380, 642) delay=0.2s
2026-07-14 12:21:33 | INFO | my_functions.py:247 | [DEBUG] Buscando en paralelo: ['small_submit.PNG', 'small_submit_hover.png', 'submit_hover_2.png', 'small_submit_hover_2.png'] | timeout=20s | confidence=0.8
2026-07-14 12:21:34 | INFO | my_functions.py:134 | Haciendo click en la posición (380, 721)
2026-07-14 12:21:35 | INFO | my_functions.py:269 | 🖱️ Click OK (En paralelo): small_submit.PNG at (380, 721) delay=0.2s
2026-07-14 12:21:36 | INFO | my_functions.py:1545 | ⏱ Esperando 0.1 segundos antes de empezar...
2026-07-14 12:21:36 | INFO | my_functions.py:1552 | 🔍 Esperando ventana que contenga alguna de: ['SNAP'] (máx 20s)
2026-07-14 12:21:36 | INFO | my_functions.py:1564 | ✅ Ventana encontrada: 'SNAP'
2026-07-14 12:21:36 | INFO | my_functions.py:1579 | ✅ Ventana seleccionada: 'SNAP'
2026-07-14 12:21:38 | INFO | my_functions.py:1602 | 🔁 Reajuste #1...
2026-07-14 12:21:39 | INFO | my_functions.py:1609 | ✔ Verificación completa. Se hicieron 1 reajustes.
2026-07-14 12:21:39 | INFO | my_functions.py:169 | Searching please_sign.png (timeout=0s)
2026-07-14 12:21:39 | INFO | my_functions.py:199 | 
✅ Found: please_sign.png pos=(383, 438) time=0.48s confidence=0.8
2026-07-14 12:21:39 | INFO | my_functions.py:247 | [DEBUG] Buscando en paralelo: ['ok_btn.png'] | timeout=20s | confidence=0.8
2026-07-14 12:21:41 | INFO | my_functions.py:134 | Haciendo click en la posición (382, 634)
2026-07-14 12:21:42 | INFO | my_functions.py:269 | 🖱️ Click OK (En paralelo): ok_btn.png at (382, 634) delay=1s
2026-07-14 12:21:43 | INFO | my_functions.py:247 | [DEBUG] Buscando en paralelo: ['small_submit.PNG', 'small_submit_hover.png', 'submit_hover_2.png', 'small_submit_hover_2.png'] | timeout=30s | confidence=0.8
2026-07-14 12:21:46 | INFO | my_functions.py:134 | Haciendo click en la posición (383, 643)
2026-07-14 12:21:46 | INFO | my_functions.py:269 | 🖱️ Click OK (En paralelo): small_submit_hover_2.png at (383, 643) delay=0.2s
2026-07-14 12:21:47 | INFO | my_functions.py:247 | [DEBUG] Buscando en paralelo: ['small_submit.PNG', 'small_submit_hover.png', 'submit_hover_2.png', 'small_submit_hover_2.png'] | timeout=20s | confidence=0.8
2026-07-14 12:21:49 | INFO | my_functions.py:134 | Haciendo click en la posición (380, 721)
2026-07-14 12:21:49 | INFO | my_functions.py:269 | 🖱️ Click OK (En paralelo): small_submit.PNG at (380, 721) delay=0.2s
2026-07-14 12:21:50 | INFO | my_functions.py:247 | [DEBUG] Buscando en paralelo: ['sign_in_with_google2.PNG'] | timeout=20s | confidence=0.8
2026-07-14 12:21:51 | INFO | my_functions.py:134 | Haciendo click en la posición (406, 957)
2026-07-14 12:21:51 | INFO | my_functions.py:269 | 🖱️ Click OK (En paralelo): sign_in_with_google2.PNG at (406, 957) delay=1s
2026-07-14 12:21:53 | INFO | my_functions.py:169 | Searching pagina_cargada.png (timeout=60s)
2026-07-14 12:22:00 | INFO | my_functions.py:199 | 
✅ Found: pagina_cargada.png pos=(70, 24) time=7.79s confidence=0.8
2026-07-14 12:22:02 | INFO | my_functions.py:247 | [DEBUG] Buscando en paralelo: ['john.png'] | timeout=0s | confidence=0.8
2026-07-14 12:22:06 | INFO | my_functions.py:134 | Haciendo click en la posición (1143, 619)
2026-07-14 12:22:07 | INFO | my_functions.py:269 | 🖱️ Click OK (En paralelo): john.png at (1143, 619) delay=3s
2026-07-14 12:22:08 | INFO | my_functions.py:169 | Searching marvelsnap_web.png (timeout=30s)
2026-07-14 12:22:13 | INFO | my_functions.py:199 | 
✅ Found: marvelsnap_web.png pos=(258, 80) time=4.82s confidence=0.7
2026-07-14 12:22:13 | INFO | my_functions.py:169 | Searching shop_unselected.PNG (timeout=0s)
2026-07-14 12:22:14 | INFO | my_functions.py:213 | 
⛔ Not found: shop_unselected.PNG after 0.0s region=(0, 0, 765, 1038) confidence=0.8
2026-07-14 12:22:14 | INFO | my_functions.py:247 | [DEBUG] Buscando en paralelo: ['super_premium.PNG'] | timeout=0s | confidence=0.8
2026-07-14 12:22:14 | INFO | my_functions.py:281 | [DEBUG] Click skipped, ninguna de las imágenes se encontró en el intento.
2026-07-14 12:22:15 | INFO | my_functions.py:247 | [DEBUG] Buscando en paralelo: ['maybe_later.PNG'] | timeout=0s | confidence=0.8
2026-07-14 12:22:16 | INFO | my_functions.py:281 | [DEBUG] Click skipped, ninguna de las imágenes se encontró en el intento.
2026-07-14 12:22:17 | INFO | my_functions.py:247 | [DEBUG] Buscando en paralelo: ['maybe_later2.PNG'] | timeout=0s | confidence=0.8
2026-07-14 12:22:18 | INFO | my_functions.py:281 | [DEBUG] Click skipped, ninguna de las imágenes se encontró en el intento.
2026-07-14 12:22:19 | INFO | my_functions.py:169 | Searching go_to_shop.PNG (timeout=0s)
2026-07-14 12:22:19 | INFO | my_functions.py:213 | 
⛔ Not found: go_to_shop.PNG after 0.0s region=(0, 0, 765, 1038) confidence=0.8
2026-07-14 12:22:19 | INFO | my_functions.py:247 | [DEBUG] Buscando en paralelo: ['14_days_of_winterverse.PNG'] | timeout=0s | confidence=0.8
2026-07-14 12:22:19 | INFO | my_functions.py:281 | [DEBUG] Click skipped, ninguna de las imágenes se encontró en el intento.
2026-07-14 12:22:21 | INFO | my_functions.py:169 | Searching welcome_back_calendar.PNG (timeout=0s)
2026-07-14 12:22:21 | INFO | my_functions.py:213 | 
⛔ Not found: welcome_back_calendar.PNG after 0.0s region=(0, 0, 765, 1038) confidence=0.8
2026-07-14 12:22:21 | INFO | my_functions.py:247 | [DEBUG] Buscando en paralelo: ['start_the_countdown.PNG'] | timeout=0s | confidence=0.8
2026-07-14 12:22:22 | INFO | my_functions.py:281 | [DEBUG] Click skipped, ninguna de las imágenes se encontró en el intento.
2026-07-14 12:22:23 | INFO | my_functions.py:247 | [DEBUG] Buscando en paralelo: ['event_has_ended_sanctum.PNG'] | timeout=0s | confidence=0.8
2026-07-14 12:22:23 | INFO | my_functions.py:281 | [DEBUG] Click skipped, ninguna de las imágenes se encontró en el intento.
2026-07-14 12:22:24 | INFO | my_functions.py:247 | [DEBUG] Buscando en paralelo: ['event_has_ended_teamclash.PNG'] | timeout=0s | confidence=0.8
2026-07-14 12:22:25 | INFO | my_functions.py:281 | [DEBUG] Click skipped, ninguna de las imágenes se encontró en el intento.
2026-07-14 12:22:26 | INFO | my_functions.py:247 | [DEBUG] Buscando en paralelo: ['image_part_of_event_grand_arena_finished.PNG'] | timeout=0s | confidence=0.8
2026-07-14 12:22:27 | INFO | my_functions.py:281 | [DEBUG] Click skipped, ninguna de las imágenes se encontró en el intento.
2026-07-14 12:22:28 | INFO | my_functions.py:169 | Searching 28_day_event_login_rewards.PNG (timeout=0s)
2026-07-14 12:22:28 | INFO | my_functions.py:213 | 
⛔ Not found: 28_day_event_login_rewards.PNG after 0.0s region=(0, 0, 765, 1038) confidence=0.8
2026-07-14 12:22:28 | INFO | my_functions.py:169 | Searching 7_day_event_login.PNG (timeout=0s)
2026-07-14 12:22:29 | INFO | my_functions.py:213 | 
⛔ Not found: 7_day_event_login.PNG after 0.0s region=(0, 0, 765, 1038) confidence=0.8
2026-07-14 12:22:29 | INFO | my_functions.py:169 | Searching 14_days_event.PNG (timeout=0s)
2026-07-14 12:22:29 | INFO | my_functions.py:213 | 
⛔ Not found: 14_days_event.PNG after 0.0s region=(0, 0, 765, 1038) confidence=0.8
2026-07-14 12:22:29 | INFO | my_functions.py:247 | [DEBUG] Buscando en paralelo: ['lets_go.PNG'] | timeout=0s | confidence=0.8
2026-07-14 12:22:30 | INFO | my_functions.py:281 | [DEBUG] Click skipped, ninguna de las imágenes se encontró en el intento.
2026-07-14 12:22:32 | INFO | my_functions.py:169 | Searching shop_unselected.PNG (timeout=0s)
2026-07-14 12:22:33 | INFO | my_functions.py:199 | 
✅ Found: shop_unselected.PNG pos=(88, 961) time=0.76s confidence=0.8
2026-07-14 12:22:41 | INFO | my_functions.py:169 | Searching shop_unselected.PNG (timeout=0s)
2026-07-14 12:22:41 | INFO | my_functions.py:199 | 
✅ Found: shop_unselected.PNG pos=(89, 961) time=0.7s confidence=0.8
2026-07-14 12:22:41 | INFO | my_functions.py:714 | Ya esta listo
2026-07-14 12:22:46 | INFO | my_functions.py:533 | AVAILABLE: 5
2026-07-14 12:22:46 | INFO | my_functions.py:555 | Misiones completadas: 0
2026-07-14 12:22:46 | INFO | my_functions.py:169 | Searching play.PNG (timeout=0s)
2026-07-14 12:22:46 | INFO | my_functions.py:199 | 
✅ Found: play.PNG pos=(384, 824) time=0.65s confidence=0.8
2026-07-14 12:22:47 | INFO | my_functions.py:1440 | [INFO] Click realizado donde se equipa el deck a jugar
2026-07-14 12:22:51 | INFO | my_functions.py:247 | [DEBUG] Buscando en paralelo: ['deck_666666.png'] | timeout=3s | confidence=0.8
2026-07-14 12:22:52 | INFO | my_functions.py:134 | Haciendo click en la posición (235, 546)
2026-07-14 12:22:53 | INFO | my_functions.py:269 | 🖱️ Click OK (En paralelo): deck_666666.png at (235, 546) delay=1s
2026-07-14 12:22:54 | INFO | my_functions.py:247 | [DEBUG] Buscando en paralelo: ['equip.png'] | timeout=3s | confidence=0.95
2026-07-14 12:22:55 | INFO | my_functions.py:134 | Haciendo click en la posición (548, 983)
2026-07-14 12:22:56 | INFO | my_functions.py:269 | 🖱️ Click OK (En paralelo): equip.png at (548, 983) delay=1s
2026-07-14 12:22:57 | INFO | each_eight_hours.py:134 | Deck selected: 6turns
2026-07-14 12:22:57 | INFO | my_functions.py:247 | [DEBUG] Buscando en paralelo: ['maybe_later.PNG'] | timeout=2s | confidence=0.8
2026-07-14 12:22:59 | INFO | my_functions.py:281 | [DEBUG] Click skipped, ninguna de las imágenes se encontró en el intento.
2026-07-14 12:23:00 | INFO | my_functions.py:247 | [DEBUG] Buscando en paralelo: ['maybe_later2.PNG'] | timeout=0.01s | confidence=0.8
2026-07-14 12:23:01 | INFO | my_functions.py:281 | [DEBUG] Click skipped, ninguna de las imágenes se encontró en el intento.
2026-07-14 12:23:02 | INFO | each_eight_hours.py:148 | Starting game loop 1
2026-07-14 12:23:02 | INFO | my_functions.py:247 | [DEBUG] Buscando en paralelo: ['play.PNG'] | timeout=20s | confidence=0.8
2026-07-14 12:23:06 | INFO | my_functions.py:134 | Haciendo click en la posición (384, 824)
2026-07-14 12:23:06 | INFO | my_functions.py:269 | 🖱️ Click OK (En paralelo): play.PNG at (384, 824) delay=3s
2026-07-14 12:23:28 | INFO | my_functions.py:199 | 
✅ Found: end_turn.PNG pos=(682, 945) time=0.61s confidence=0.8
2026-07-14 12:23:28 | INFO | my_functions.py:247 | [DEBUG] Buscando en paralelo: ['snap.PNG'] | timeout=0s | confidence=0.8
2026-07-14 12:23:30 | INFO | my_functions.py:134 | Haciendo click en la posición (386, 124)
2026-07-14 12:23:30 | INFO | my_functions.py:269 | 🖱️ Click OK (En paralelo): snap.PNG at (386, 124) delay=1s
2026-07-14 12:23:37 | INFO | my_functions.py:247 | [DEBUG] Buscando en paralelo: ['end_turn.PNG'] | timeout=0s | confidence=0.8
2026-07-14 12:23:38 | INFO | my_functions.py:134 | Haciendo click en la posición (682, 946)
2026-07-14 12:23:38 | INFO | my_functions.py:269 | 🖱️ Click OK (En paralelo): end_turn.PNG at (682, 946) delay=1s
2026-07-14 12:23:39 | INFO | each_eight_hours.py:165 | End turn executed
2026-07-14 12:23:52 | INFO | my_functions.py:199 | 
✅ Found: end_turn.PNG pos=(681, 945) time=0.62s confidence=0.8
2026-07-14 12:23:52 | INFO | my_functions.py:247 | [DEBUG] Buscando en paralelo: ['snap.PNG'] | timeout=0s | confidence=0.8
2026-07-14 12:23:53 | INFO | my_functions.py:281 | [DEBUG] Click skipped, ninguna de las imágenes se encontró en el intento.
2026-07-14 12:23:59 | INFO | my_functions.py:247 | [DEBUG] Buscando en paralelo: ['end_turn.PNG'] | timeout=0s | confidence=0.8
2026-07-14 12:24:01 | INFO | my_functions.py:134 | Haciendo click en la posición (682, 946)
2026-07-14 12:24:01 | INFO | my_functions.py:269 | 🖱️ Click OK (En paralelo): end_turn.PNG at (682, 946) delay=1s
2026-07-14 12:24:02 | INFO | each_eight_hours.py:165 | End turn executed
2026-07-14 12:24:14 | INFO | my_functions.py:199 | 
✅ Found: end_turn.PNG pos=(681, 945) time=0.63s confidence=0.8
2026-07-14 12:24:14 | INFO | my_functions.py:247 | [DEBUG] Buscando en paralelo: ['snap.PNG'] | timeout=0s | confidence=0.8
2026-07-14 12:24:15 | INFO | my_functions.py:281 | [DEBUG] Click skipped, ninguna de las imágenes se encontró en el intento.
2026-07-14 12:24:22 | INFO | my_functions.py:247 | [DEBUG] Buscando en paralelo: ['end_turn.PNG'] | timeout=0s | confidence=0.8
2026-07-14 12:24:23 | INFO | my_functions.py:134 | Haciendo click en la posición (682, 945)
2026-07-14 12:24:24 | INFO | my_functions.py:269 | 🖱️ Click OK (En paralelo): end_turn.PNG at (682, 945) delay=1s
2026-07-14 12:24:25 | INFO | each_eight_hours.py:165 | End turn executed
2026-07-14 12:24:42 | INFO | my_functions.py:199 | 
✅ Found: end_turn.PNG pos=(681, 945) time=0.65s confidence=0.8
2026-07-14 12:24:42 | INFO | my_functions.py:247 | [DEBUG] Buscando en paralelo: ['snap.PNG'] | timeout=0s | confidence=0.8
2026-07-14 12:24:42 | INFO | my_functions.py:281 | [DEBUG] Click skipped, ninguna de las imágenes se encontró en el intento.
2026-07-14 12:24:49 | INFO | my_functions.py:247 | [DEBUG] Buscando en paralelo: ['end_turn.PNG'] | timeout=0s | confidence=0.8
2026-07-14 12:24:50 | INFO | my_functions.py:134 | Haciendo click en la posición (682, 945)
2026-07-14 12:24:50 | INFO | my_functions.py:269 | 🖱️ Click OK (En paralelo): end_turn.PNG at (682, 945) delay=1s
2026-07-14 12:24:52 | INFO | each_eight_hours.py:165 | End turn executed
2026-07-14 12:25:05 | INFO | my_functions.py:199 | 
✅ Found: end_turn.PNG pos=(681, 945) time=0.66s confidence=0.8
2026-07-14 12:25:05 | INFO | my_functions.py:247 | [DEBUG] Buscando en paralelo: ['snap.PNG'] | timeout=0s | confidence=0.8
2026-07-14 12:25:05 | INFO | my_functions.py:281 | [DEBUG] Click skipped, ninguna de las imágenes se encontró en el intento.
2026-07-14 12:25:12 | INFO | my_functions.py:247 | [DEBUG] Buscando en paralelo: ['end_turn.PNG'] | timeout=0s | confidence=0.8
2026-07-14 12:25:13 | INFO | my_functions.py:134 | Haciendo click en la posición (682, 945)
2026-07-14 12:25:13 | INFO | my_functions.py:269 | 🖱️ Click OK (En paralelo): end_turn.PNG at (682, 945) delay=1s
2026-07-14 12:25:15 | INFO | each_eight_hours.py:165 | End turn executed
2026-07-14 12:25:30 | INFO | my_functions.py:199 | 
✅ Found: end_turn.PNG pos=(681, 945) time=0.64s confidence=0.8
2026-07-14 12:25:30 | INFO | my_functions.py:247 | [DEBUG] Buscando en paralelo: ['snap.PNG'] | timeout=0s | confidence=0.8
2026-07-14 12:25:31 | INFO | my_functions.py:281 | [DEBUG] Click skipped, ninguna de las imágenes se encontró en el intento.
2026-07-14 12:25:38 | INFO | my_functions.py:247 | [DEBUG] Buscando en paralelo: ['end_turn.PNG'] | timeout=0s | confidence=0.8
2026-07-14 12:25:39 | INFO | my_functions.py:134 | Haciendo click en la posición (682, 945)
2026-07-14 12:25:39 | INFO | my_functions.py:269 | 🖱️ Click OK (En paralelo): end_turn.PNG at (682, 945) delay=1s
2026-07-14 12:25:41 | INFO | each_eight_hours.py:165 | End turn executed
2026-07-14 12:26:00 | INFO | my_functions.py:199 | 
✅ Found: collect_rewards.PNG pos=(679, 957) time=0.91s confidence=0.8
2026-07-14 12:26:00 | INFO | each_eight_hours.py:204 | Rewards detected, exiting match
2026-07-14 12:26:00 | INFO | my_functions.py:247 | [DEBUG] Buscando en paralelo: ['collect_rewards.PNG'] | timeout=20s | confidence=0.8
2026-07-14 12:26:02 | INFO | my_functions.py:134 | Haciendo click en la posición (679, 957)
2026-07-14 12:26:02 | INFO | my_functions.py:269 | 🖱️ Click OK (En paralelo): collect_rewards.PNG at (679, 957) delay=1s
2026-07-14 12:26:03 | INFO | my_functions.py:247 | [DEBUG] Buscando en paralelo: ['next.PNG'] | timeout=20s | confidence=0.8
2026-07-14 12:26:09 | INFO | my_functions.py:134 | Haciendo click en la posición (677, 973)
2026-07-14 12:26:09 | INFO | my_functions.py:269 | 🖱️ Click OK (En paralelo): next.PNG at (677, 973) delay=1s
2026-07-14 12:26:12 | INFO | my_functions.py:533 | AVAILABLE: 5
2026-07-14 12:26:12 | INFO | each_eight_hours.py:271 | Submissions after match: 5
2026-07-14 12:26:12 | INFO | my_functions.py:555 | Misiones completadas: 0
2026-07-14 12:26:12 | INFO | each_eight_hours.py:148 | Starting game loop 2
2026-07-14 12:26:12 | INFO | my_functions.py:247 | [DEBUG] Buscando en paralelo: ['play.PNG'] | timeout=20s | confidence=0.8
2026-07-14 12:26:16 | INFO | my_functions.py:134 | Haciendo click en la posición (384, 824)
2026-07-14 12:26:16 | INFO | my_functions.py:269 | 🖱️ Click OK (En paralelo): play.PNG at (384, 824) delay=3s
2026-07-14 12:26:35 | INFO | my_functions.py:199 | 
✅ Found: end_turn.PNG pos=(682, 945) time=0.69s confidence=0.8
2026-07-14 12:26:35 | INFO | my_functions.py:247 | [DEBUG] Buscando en paralelo: ['snap.PNG'] | timeout=0s | confidence=0.8
2026-07-14 12:26:37 | INFO | my_functions.py:134 | Haciendo click en la posición (386, 123)
2026-07-14 12:26:37 | INFO | my_functions.py:269 | 🖱️ Click OK (En paralelo): snap.PNG at (386, 123) delay=1s
2026-07-14 12:26:43 | INFO | my_functions.py:247 | [DEBUG] Buscando en paralelo: ['end_turn.PNG'] | timeout=0s | confidence=0.8
2026-07-14 12:26:45 | INFO | my_functions.py:134 | Haciendo click en la posición (682, 946)
2026-07-14 12:26:45 | INFO | my_functions.py:269 | 🖱️ Click OK (En paralelo): end_turn.PNG at (682, 946) delay=1s
2026-07-14 12:26:46 | INFO | each_eight_hours.py:165 | End turn executed
2026-07-14 12:27:06 | INFO | my_functions.py:199 | 
✅ Found: end_turn.PNG pos=(681, 945) time=0.69s confidence=0.8
2026-07-14 12:27:06 | INFO | my_functions.py:247 | [DEBUG] Buscando en paralelo: ['snap.PNG'] | timeout=0s | confidence=0.8
2026-07-14 12:27:07 | INFO | my_functions.py:281 | [DEBUG] Click skipped, ninguna de las imágenes se encontró en el intento.
2026-07-14 12:27:13 | INFO | my_functions.py:247 | [DEBUG] Buscando en paralelo: ['end_turn.PNG'] | timeout=0s | confidence=0.8
2026-07-14 12:27:15 | INFO | my_functions.py:134 | Haciendo click en la posición (682, 946)
2026-07-14 12:27:15 | INFO | my_functions.py:269 | 🖱️ Click OK (En paralelo): end_turn.PNG at (682, 946) delay=1s
2026-07-14 12:27:16 | INFO | each_eight_hours.py:165 | End turn executed
2026-07-14 12:27:32 | INFO | my_functions.py:199 | 
✅ Found: end_turn.PNG pos=(681, 945) time=0.65s confidence=0.8
2026-07-14 12:27:32 | INFO | my_functions.py:247 | [DEBUG] Buscando en paralelo: ['snap.PNG'] | timeout=0s | confidence=0.8
2026-07-14 12:27:33 | INFO | my_functions.py:281 | [DEBUG] Click skipped, ninguna de las imágenes se encontró en el intento.
2026-07-14 12:27:39 | INFO | my_functions.py:247 | [DEBUG] Buscando en paralelo: ['end_turn.PNG'] | timeout=0s | confidence=0.8
2026-07-14 12:27:40 | INFO | my_functions.py:134 | Haciendo click en la posición (682, 945)
2026-07-14 12:27:41 | INFO | my_functions.py:269 | 🖱️ Click OK (En paralelo): end_turn.PNG at (682, 945) delay=1s
2026-07-14 12:27:42 | INFO | each_eight_hours.py:165 | End turn executed
2026-07-14 12:28:06 | INFO | my_functions.py:199 | 
✅ Found: end_turn.PNG pos=(681, 945) time=0.62s confidence=0.8
2026-07-14 12:28:06 | INFO | my_functions.py:247 | [DEBUG] Buscando en paralelo: ['snap.PNG'] | timeout=0s | confidence=0.8
2026-07-14 12:28:07 | INFO | my_functions.py:281 | [DEBUG] Click skipped, ninguna de las imágenes se encontró en el intento.
2026-07-14 12:28:13 | INFO | my_functions.py:247 | [DEBUG] Buscando en paralelo: ['end_turn.PNG'] | timeout=0s | confidence=0.8
2026-07-14 12:28:15 | INFO | my_functions.py:134 | Haciendo click en la posición (682, 945)
2026-07-14 12:28:15 | INFO | my_functions.py:269 | 🖱️ Click OK (En paralelo): end_turn.PNG at (682, 945) delay=1s
2026-07-14 12:28:16 | INFO | each_eight_hours.py:165 | End turn executed
2026-07-14 12:28:38 | INFO | my_functions.py:199 | 
✅ Found: end_turn.PNG pos=(681, 945) time=0.66s confidence=0.8
2026-07-14 12:28:38 | INFO | my_functions.py:247 | [DEBUG] Buscando en paralelo: ['snap.PNG'] | timeout=0s | confidence=0.8
2026-07-14 12:28:39 | INFO | my_functions.py:281 | [DEBUG] Click skipped, ninguna de las imágenes se encontró en el intento.
2026-07-14 12:28:45 | INFO | my_functions.py:247 | [DEBUG] Buscando en paralelo: ['end_turn.PNG'] | timeout=0s | confidence=0.8
2026-07-14 12:28:46 | INFO | my_functions.py:134 | Haciendo click en la posición (682, 945)
2026-07-14 12:28:47 | INFO | my_functions.py:269 | 🖱️ Click OK (En paralelo): end_turn.PNG at (682, 945) delay=1s
2026-07-14 12:28:48 | INFO | each_eight_hours.py:165 | End turn executed
2026-07-14 12:29:06 | INFO | my_functions.py:199 | 
✅ Found: end_turn.PNG pos=(681, 945) time=0.65s confidence=0.8
2026-07-14 12:29:06 | INFO | my_functions.py:247 | [DEBUG] Buscando en paralelo: ['snap.PNG'] | timeout=0s | confidence=0.8
2026-07-14 12:29:07 | INFO | my_functions.py:281 | [DEBUG] Click skipped, ninguna de las imágenes se encontró en el intento.
2026-07-14 12:29:13 | INFO | my_functions.py:247 | [DEBUG] Buscando en paralelo: ['end_turn.PNG'] | timeout=0s | confidence=0.8
2026-07-14 12:29:15 | INFO | my_functions.py:134 | Haciendo click en la posición (682, 945)
2026-07-14 12:29:15 | INFO | my_functions.py:269 | 🖱️ Click OK (En paralelo): end_turn.PNG at (682, 945) delay=1s
2026-07-14 12:29:16 | INFO | each_eight_hours.py:165 | End turn executed
2026-07-14 12:29:40 | INFO | my_functions.py:199 | 
✅ Found: collect_rewards.PNG pos=(679, 957) time=0.74s confidence=0.8
2026-07-14 12:29:40 | INFO | each_eight_hours.py:204 | Rewards detected, exiting match
2026-07-14 12:29:40 | INFO | my_functions.py:247 | [DEBUG] Buscando en paralelo: ['collect_rewards.PNG'] | timeout=20s | confidence=0.8
2026-07-14 12:29:42 | INFO | my_functions.py:134 | Haciendo click en la posición (679, 957)
2026-07-14 12:29:42 | INFO | my_functions.py:269 | 🖱️ Click OK (En paralelo): collect_rewards.PNG at (679, 957) delay=1s
2026-07-14 12:29:44 | INFO | my_functions.py:247 | [DEBUG] Buscando en paralelo: ['next.PNG'] | timeout=20s | confidence=0.8
2026-07-14 12:29:49 | INFO | my_functions.py:134 | Haciendo click en la posición (677, 973)
2026-07-14 12:29:49 | INFO | my_functions.py:269 | 🖱️ Click OK (En paralelo): next.PNG at (677, 973) delay=1s
2026-07-14 12:29:52 | INFO | my_functions.py:533 | AVAILABLE: 5
2026-07-14 12:29:52 | INFO | each_eight_hours.py:271 | Submissions after match: 5
2026-07-14 12:29:52 | INFO | my_functions.py:555 | Misiones completadas: 3
2026-07-14 12:29:52 | INFO | each_eight_hours.py:279 | Submission condition met, breaking loop
2026-07-14 12:29:52 | INFO | my_functions.py:247 | [DEBUG] Buscando en paralelo: ['missionsNotify2.png'] | timeout=20s | confidence=0.8
2026-07-14 12:29:56 | INFO | my_functions.py:134 | Haciendo click en la posición (538, 124)
2026-07-14 12:29:56 | INFO | my_functions.py:269 | 🖱️ Click OK (En paralelo): missionsNotify2.png at (538, 124) delay=3s
2026-07-14 12:29:57 | INFO | my_functions.py:1470 | [INFO] Iniciando click_missions_blue2
2026-07-14 12:29:57 | INFO | my_functions.py:134 | Haciendo click en la posición (150, 132)
2026-07-14 12:29:58 | INFO | my_functions.py:1473 | [ACTION] Click hecho en icono de calendario que me dirige a las misiones ordinarias
2026-07-14 12:29:58 | INFO | my_functions.py:169 | Searching bonus_challenge.png (timeout=0s)
2026-07-14 12:29:59 | INFO | my_functions.py:213 | 
⛔ Not found: bonus_challenge.png after 0.0s region=(0, 0, 765, 1038) confidence=0.8
2026-07-14 12:30:01 | INFO | my_functions.py:134 | Haciendo click en la posición (362, 493)
2026-07-14 12:30:02 | INFO | my_functions.py:1486 | [ACTION] Click 1/3 en misión azul
2026-07-14 12:30:02 | INFO | my_functions.py:134 | Haciendo click en la posición (362, 493)
2026-07-14 12:30:04 | INFO | my_functions.py:1486 | [ACTION] Click 2/3 en misión azul
2026-07-14 12:30:04 | INFO | my_functions.py:134 | Haciendo click en la posición (362, 493)
2026-07-14 12:30:05 | INFO | my_functions.py:1486 | [ACTION] Click 3/3 en misión azul
2026-07-14 12:30:06 | INFO | my_functions.py:169 | Searching flechita_mission.PNG (timeout=0s)
2026-07-14 12:30:07 | INFO | my_functions.py:213 | 
⛔ Not found: flechita_mission.PNG after 0.0s region=(0, 0, 765, 1038) confidence=0.8
2026-07-14 12:30:07 | INFO | my_functions.py:247 | [DEBUG] Buscando en paralelo: ['weekly3.PNG'] | timeout=0s | confidence=0.8
2026-07-14 12:30:08 | INFO | my_functions.py:281 | [DEBUG] Click skipped, ninguna de las imágenes se encontró en el intento.
2026-07-14 12:30:09 | INFO | my_functions.py:247 | [DEBUG] Buscando en paralelo: ['weekly3.PNG'] | timeout=0s | confidence=0.8
2026-07-14 12:30:09 | INFO | my_functions.py:281 | [DEBUG] Click skipped, ninguna de las imágenes se encontró en el intento.
2026-07-14 12:30:10 | INFO | my_functions.py:134 | Haciendo click en la posición (557, 64)
2026-07-14 12:30:12 | INFO | my_functions.py:247 | [DEBUG] Buscando en paralelo: ['cards_shop.PNG'] | timeout=20s | confidence=0.8
2026-07-14 12:30:14 | INFO | my_functions.py:134 | Haciendo click en la posición (568, 121)
2026-07-14 12:30:15 | INFO | my_functions.py:269 | 🖱️ Click OK (En paralelo): cards_shop.PNG at (568, 121) delay=1s
2026-07-14 12:30:16 | INFO | my_functions.py:247 | [DEBUG] Buscando en paralelo: ['token_icon.PNG'] | timeout=20s | confidence=0.8
2026-07-14 12:30:18 | INFO | my_functions.py:134 | Haciendo click en la posición (531, 171)
2026-07-14 12:30:18 | INFO | my_functions.py:269 | 🖱️ Click OK (En paralelo): token_icon.PNG at (531, 171) delay=1s
2026-07-14 12:30:21 | INFO | my_functions.py:247 | [DEBUG] Buscando en paralelo: ['claim!_token_3.PNG'] | timeout=4s | confidence=0.8
2026-07-14 12:30:25 | INFO | my_functions.py:281 | [DEBUG] Click skipped, ninguna de las imágenes se encontró en el intento.
2026-07-14 12:30:26 | INFO | my_functions.py:247 | [DEBUG] Buscando en paralelo: ['cards_shop.PNG'] | timeout=20s | confidence=0.8
2026-07-14 12:30:28 | INFO | my_functions.py:134 | Haciendo click en la posición (568, 122)
2026-07-14 12:30:28 | INFO | my_functions.py:269 | 🖱️ Click OK (En paralelo): cards_shop.PNG at (568, 122) delay=1s
2026-07-14 12:30:29 | INFO | my_functions.py:247 | [DEBUG] Buscando en paralelo: ['offers.PNG'] | timeout=20s | confidence=0.8
2026-07-14 12:30:31 | INFO | my_functions.py:134 | Haciendo click en la posición (197, 121)
2026-07-14 12:30:31 | INFO | my_functions.py:269 | 🖱️ Click OK (En paralelo): offers.PNG at (197, 121) delay=1s
2026-07-14 12:30:32 | INFO | my_functions.py:1351 | [INFO] Iniciando mejora de cartas
2026-07-14 12:30:32 | INFO | my_functions.py:247 | [DEBUG] Buscando en paralelo: ['upgrade_cards_icon.PNG'] | timeout=3s | confidence=0.8
2026-07-14 12:30:34 | INFO | my_functions.py:134 | Haciendo click en la posición (322, 170)
2026-07-14 12:30:34 | INFO | my_functions.py:269 | 🖱️ Click OK (En paralelo): upgrade_cards_icon.PNG at (322, 170) delay=1s
2026-07-14 12:30:36 | INFO | my_functions.py:1358 | [INFO] Abriendo icono de upgrade_cards
2026-07-14 12:30:37 | INFO | my_functions.py:1365 | [STEP] Mejorando carta 1
2026-07-14 12:30:37 | INFO | my_functions.py:1369 | [ACTION] Click en carta 1
2026-07-14 12:30:38 | INFO | my_functions.py:1374 | [ACTION] Click en botón upgrade
2026-07-14 12:30:45 | INFO | my_functions.py:169 | Searching aw_snap.png (timeout=3s)
2026-07-14 12:30:49 | INFO | my_functions.py:213 | 
⛔ Not found: aw_snap.png after 3.46s region=(0, 0, 765, 1038) confidence=0.8
2026-07-14 12:30:49 | INFO | my_functions.py:247 | [DEBUG] Buscando en paralelo: ['you_need_more_credits!.png'] | timeout=3s | confidence=0.8
2026-07-14 12:30:52 | INFO | my_functions.py:281 | [DEBUG] Click skipped, ninguna de las imágenes se encontró en el intento.
2026-07-14 12:30:58 | INFO | my_functions.py:1407 | [ACTION] Click para continuar a stage de nivel de coleccion
2026-07-14 12:31:03 | INFO | my_functions.py:142 | Presionando ESC (1/1)
2026-07-14 12:31:04 | INFO | my_functions.py:1415 | [ACTION] Saliendo de stage nivel de coleccion con ESC
2026-07-14 12:31:05 | INFO | my_functions.py:247 | [DEBUG] Buscando en paralelo: ['upgrade_cards_icon_selected.PNG'] | timeout=0s | confidence=0.8
2026-07-14 12:31:07 | INFO | my_functions.py:134 | Haciendo click en la posición (320, 173)
2026-07-14 12:31:07 | INFO | my_functions.py:269 | 🖱️ Click OK (En paralelo): upgrade_cards_icon_selected.PNG at (320, 173) delay=1s
2026-07-14 12:31:08 | INFO | my_functions.py:1427 | [INFO] Reabriendo icono de upgrade_cards
2026-07-14 12:31:09 | INFO | my_functions.py:1365 | [STEP] Mejorando carta 2
2026-07-14 12:31:09 | INFO | my_functions.py:1369 | [ACTION] Click en carta 2
2026-07-14 12:31:11 | INFO | my_functions.py:1374 | [ACTION] Click en botón upgrade
2026-07-14 12:31:18 | INFO | my_functions.py:169 | Searching aw_snap.png (timeout=3s)
2026-07-14 12:31:21 | INFO | my_functions.py:213 | 
⛔ Not found: aw_snap.png after 3.04s region=(0, 0, 765, 1038) confidence=0.8
2026-07-14 12:31:21 | INFO | my_functions.py:247 | [DEBUG] Buscando en paralelo: ['you_need_more_credits!.png'] | timeout=3s | confidence=0.8
2026-07-14 12:31:23 | INFO | my_functions.py:134 | Haciendo click en la posición (381, 345)
2026-07-14 12:31:23 | INFO | my_functions.py:269 | 🖱️ Click OK (En paralelo): you_need_more_credits!.png at (381, 345) delay=1s
2026-07-14 12:31:24 | INFO | my_functions.py:142 | Presionando ESC (1/2)
2026-07-14 12:31:25 | INFO | my_functions.py:142 | Presionando ESC (2/2)
2026-07-14 12:31:27 | INFO | my_functions.py:1433 | [INFO] Mejora de cartas completada ✅
2026-07-14 12:31:27 | INFO | my_functions.py:142 | Presionando ESC (1/1)
2026-07-14 12:31:28 | INFO | my_functions.py:247 | [DEBUG] Buscando en paralelo: ['white_x.png'] | timeout=2s | confidence=0.8
2026-07-14 12:31:30 | INFO | my_functions.py:281 | [DEBUG] Click skipped, ninguna de las imágenes se encontró en el intento.
2026-07-14 12:31:32 | INFO | each_eight_hours.py:46 | [12:31:32.047] [DEBUG] === INICIANDO FUNCIÓN collect_cl_rewards ===
2026-07-14 12:31:32 | INFO | each_eight_hours.py:46 | [12:31:32.057] [DEBUG] Haciendo click inicial en (387, 166)...
2026-07-14 12:31:32 | INFO | my_functions.py:134 | Haciendo click en la posición (387, 166)
2026-07-14 12:31:38 | INFO | each_eight_hours.py:46 | [12:31:38.412] [DEBUG] Se omitió el cambio de tamaño de ventanas (resize=False)
2026-07-14 12:31:38 | INFO | each_eight_hours.py:46 | [12:31:38.530] [DEBUG] Recompensas iniciales detectadas por la API: 2
2026-07-14 12:31:38 | INFO | each_eight_hours.py:46 | [12:31:38.532] [DEBUG] --------------------------------------------------
2026-07-14 12:31:38 | INFO | each_eight_hours.py:46 | [12:31:38.534] [DEBUG] Inicio de iteración. Recompensas restantes: 2
2026-07-14 12:31:38 | INFO | each_eight_hours.py:46 | [12:31:38.540] [DEBUG] Intentando hacer click en: (260, 580)
2026-07-14 12:31:39 | INFO | my_functions.py:169 | Searching claim!.PNG (timeout=3s)
2026-07-14 12:31:40 | INFO | my_functions.py:199 | 
✅ Found: claim!.PNG pos=(381, 924) time=0.74s confidence=0.8
2026-07-14 12:31:40 | INFO | each_eight_hours.py:46 | [12:31:40.492] [DEBUG] -> ¡ÉXITO! Botón 'Claim' detectado.
2026-07-14 12:31:40 | INFO | my_functions.py:169 | Searching set.png (timeout=2s)
2026-07-14 12:31:43 | INFO | my_functions.py:213 | 
⛔ Not found: set.png after 2.38s region=(0, 0, 765, 1038) confidence=0.8
2026-07-14 12:31:43 | INFO | my_functions.py:247 | [DEBUG] Buscando en paralelo: ['claim!.PNG'] | timeout=0s | confidence=0.8
2026-07-14 12:31:45 | INFO | my_functions.py:134 | Haciendo click en la posición (381, 924)
2026-07-14 12:31:45 | INFO | my_functions.py:269 | 🖱️ Click OK (En paralelo): claim!.PNG at (381, 924) delay=1s
2026-07-14 12:31:46 | INFO | each_eight_hours.py:46 | [12:31:46.668] [DEBUG] Moviendo el mouse a la posición de scroll (350, 580)...
2026-07-14 12:31:48 | INFO | each_eight_hours.py:46 | [12:31:48.251] [DEBUG] Alternancia de coordenada X: Cambió de 260 a 470
2026-07-14 12:31:48 | INFO | each_eight_hours.py:46 | [12:31:48.254] [DEBUG] --------------------------------------------------
2026-07-14 12:31:48 | INFO | each_eight_hours.py:46 | [12:31:48.258] [DEBUG] Inicio de iteración. Recompensas restantes: 1
2026-07-14 12:31:48 | INFO | each_eight_hours.py:46 | [12:31:48.264] [DEBUG] Intentando hacer click en: (470, 580)
2026-07-14 12:31:49 | INFO | my_functions.py:169 | Searching claim!.PNG (timeout=3s)
2026-07-14 12:31:53 | INFO | my_functions.py:213 | 
⛔ Not found: claim!.PNG after 3.46s region=(0, 0, 765, 1038) confidence=0.8
2026-07-14 12:31:53 | INFO | each_eight_hours.py:46 | [12:31:53.624] [DEBUG] No se detectó 'Claim'. Buscando 'check.png' en región (449, 547, 65, 55)...
2026-07-14 12:31:53 | INFO | my_functions.py:169 | Searching check.png (timeout=1s)
2026-07-14 12:31:53 | INFO | my_functions.py:199 | 
✅ Found: check.png pos=(500, 579) time=0.13s confidence=0.8
2026-07-14 12:31:53 | INFO | each_eight_hours.py:46 | [12:31:53.762] [DEBUG] -> ¡ÉXITO! Crédito detectado por 'check.png'. Reclamado automáticamente por el click previo.
2026-07-14 12:31:53 | INFO | each_eight_hours.py:46 | [12:31:53.770] [DEBUG] Moviendo el mouse a la posición de scroll (350, 580)...
2026-07-14 12:31:55 | INFO | each_eight_hours.py:46 | [12:31:55.342] [DEBUG] Alternancia de coordenada X: Cambió de 470 a 260
2026-07-14 12:31:55 | INFO | each_eight_hours.py:46 | Finished collecting rewards
2026-07-14 12:31:56 | INFO | my_functions.py:142 | Presionando ESC (1/1)
2026-07-14 12:31:56 | INFO | my_functions.py:247 | [DEBUG] Buscando en paralelo: ['nut.png'] | timeout=20s | confidence=0.8
2026-07-14 12:31:58 | INFO | my_functions.py:134 | Haciendo click en la posición (184, 78)
2026-07-14 12:31:58 | INFO | my_functions.py:269 | 🖱️ Click OK (En paralelo): nut.png at (184, 78) delay=1s
2026-07-14 12:32:00 | INFO | my_functions.py:247 | [DEBUG] Buscando en paralelo: ['graphics_quality.png'] | timeout=3s | confidence=0.8
2026-07-14 12:32:01 | INFO | my_functions.py:134 | Haciendo click en la posición (304, 644)
2026-07-14 12:32:01 | INFO | my_functions.py:269 | 🖱️ Click OK (En paralelo): graphics_quality.png at (304, 644) delay=1s
2026-07-14 12:32:03 | INFO | my_functions.py:247 | [DEBUG] Buscando en paralelo: ['sign_out.png'] | timeout=20s | confidence=0.8
2026-07-14 12:32:05 | INFO | my_functions.py:134 | Haciendo click en la posición (380, 796)
2026-07-14 12:32:05 | INFO | my_functions.py:269 | 🖱️ Click OK (En paralelo): sign_out.png at (380, 796) delay=1s
2026-07-14 12:32:07 | INFO | my_functions.py:247 | [DEBUG] Buscando en paralelo: ['sign_out_grande.png'] | timeout=20s | confidence=0.8
2026-07-14 12:32:09 | INFO | my_functions.py:134 | Haciendo click en la posición (359, 437)
2026-07-14 12:32:09 | INFO | my_functions.py:269 | 🖱️ Click OK (En paralelo): sign_out_grande.png at (359, 437) delay=1s
2026-07-14 12:32:10 | INFO | my_functions.py:247 | [DEBUG] Buscando en paralelo: ['sign_out2.png'] | timeout=20s | confidence=0.8
2026-07-14 12:32:12 | INFO | my_functions.py:134 | Haciendo click en la posición (383, 634)
2026-07-14 12:32:12 | INFO | my_functions.py:269 | 🖱️ Click OK (En paralelo): sign_out2.png at (383, 634) delay=1s
2026-07-14 12:32:13 | INFO | my_functions.py:1545 | ⏱ Esperando 0.1 segundos antes de empezar...
2026-07-14 12:32:13 | INFO | my_functions.py:1552 | 🔍 Esperando ventana que contenga alguna de: SNAP (máx 20s)
2026-07-14 12:32:13 | INFO | my_functions.py:1564 | ✅ Ventana encontrada: 'SNAP'
2026-07-14 12:32:13 | INFO | my_functions.py:1579 | ✅ Ventana seleccionada: 'SNAP'
2026-07-14 12:32:15 | INFO | my_functions.py:1602 | 🔁 Reajuste #1...
2026-07-14 12:32:17 | INFO | my_functions.py:1609 | ✔ Verificación completa. Se hicieron 1 reajustes.
2026-07-14 12:32:21 | INFO | each_eight_hours.py:113 | Processing account: robert
2026-07-14 12:32:22 | INFO | my_functions.py:1545 | ⏱ Esperando 0.1 segundos antes de empezar...
2026-07-14 12:32:22 | INFO | my_functions.py:1552 | 🔍 Esperando ventana que contenga alguna de: ['SNAP'] (máx 20s)
2026-07-14 12:32:25 | INFO | my_functions.py:1564 | ✅ Ventana encontrada: 'SNAP'
2026-07-14 12:32:25 | INFO | my_functions.py:1579 | ✅ Ventana seleccionada: 'SNAP'
2026-07-14 12:32:28 | INFO | my_functions.py:1611 | ✔ Verificación completa. No hubo cambios después del primer ajuste.
2026-07-14 12:32:28 | INFO | my_functions.py:1206 | [DEBUG] Resizing SNAP window...
2026-07-14 12:32:28 | INFO | my_functions.py:1545 | ⏱ Esperando 0.1 segundos antes de empezar...
2026-07-14 12:32:28 | INFO | my_functions.py:1552 | 🔍 Esperando ventana que contenga alguna de: ['SNAP'] (máx 20s)
2026-07-14 12:32:28 | INFO | my_functions.py:1564 | ✅ Ventana encontrada: 'SNAP'
2026-07-14 12:32:28 | INFO | my_functions.py:1579 | ✅ Ventana seleccionada: 'SNAP'
2026-07-14 12:32:35 | INFO | my_functions.py:1611 | ✔ Verificación completa. No hubo cambios después del primer ajuste.
2026-07-14 12:32:35 | INFO | my_functions.py:247 | [DEBUG] Buscando en paralelo: ['small_submit.PNG', 'small_submit_hover.png', 'submit_hover_2.png', 'small_submit_hover_2.png'] | timeout=90s | confidence=0.8
2026-07-14 12:32:36 | INFO | my_functions.py:134 | Haciendo click en la posición (380, 642)
2026-07-14 12:32:37 | INFO | my_functions.py:269 | 🖱️ Click OK (En paralelo): small_submit.PNG at (380, 642) delay=0.2s
2026-07-14 12:32:40 | INFO | my_functions.py:247 | [DEBUG] Buscando en paralelo: ['small_submit.PNG', 'small_submit_hover.png', 'submit_hover_2.png', 'small_submit_hover_2.png'] | timeout=20s | confidence=0.8
2026-07-14 12:32:41 | INFO | my_functions.py:134 | Haciendo click en la posición (380, 721)
2026-07-14 12:32:41 | INFO | my_functions.py:269 | 🖱️ Click OK (En paralelo): small_submit.PNG at (380, 721) delay=0.2s
2026-07-14 12:32:42 | INFO | my_functions.py:1545 | ⏱ Esperando 0.1 segundos antes de empezar...
2026-07-14 12:32:43 | INFO | my_functions.py:1552 | 🔍 Esperando ventana que contenga alguna de: ['SNAP'] (máx 20s)
2026-07-14 12:32:43 | INFO | my_functions.py:1564 | ✅ Ventana encontrada: 'SNAP'
2026-07-14 12:32:43 | INFO | my_functions.py:1579 | ✅ Ventana seleccionada: 'SNAP'
2026-07-14 12:32:45 | INFO | my_functions.py:1602 | 🔁 Reajuste #1...
2026-07-14 12:32:46 | INFO | my_functions.py:1609 | ✔ Verificación completa. Se hicieron 1 reajustes.
2026-07-14 12:32:46 | INFO | my_functions.py:169 | Searching please_sign.png (timeout=0s)
2026-07-14 12:32:46 | INFO | my_functions.py:199 | 
✅ Found: please_sign.png pos=(383, 438) time=0.56s confidence=0.8
2026-07-14 12:32:46 | INFO | my_functions.py:247 | [DEBUG] Buscando en paralelo: ['ok_btn.png'] | timeout=20s | confidence=0.8
2026-07-14 12:32:48 | INFO | my_functions.py:134 | Haciendo click en la posición (382, 634)
2026-07-14 12:32:48 | INFO | my_functions.py:269 | 🖱️ Click OK (En paralelo): ok_btn.png at (382, 634) delay=1s
2026-07-14 12:32:49 | INFO | my_functions.py:247 | [DEBUG] Buscando en paralelo: ['small_submit.PNG', 'small_submit_hover.png', 'submit_hover_2.png', 'small_submit_hover_2.png'] | timeout=30s | confidence=0.8
2026-07-14 12:32:52 | INFO | my_functions.py:134 | Haciendo click en la posición (383, 643)
2026-07-14 12:32:52 | INFO | my_functions.py:269 | 🖱️ Click OK (En paralelo): small_submit_hover_2.png at (383, 643) delay=0.2s
2026-07-14 12:32:53 | INFO | my_functions.py:247 | [DEBUG] Buscando en paralelo: ['small_submit.PNG', 'small_submit_hover.png', 'submit_hover_2.png', 'small_submit_hover_2.png'] | timeout=20s | confidence=0.8
2026-07-14 12:32:55 | INFO | my_functions.py:134 | Haciendo click en la posición (380, 721)
2026-07-14 12:32:55 | INFO | my_functions.py:269 | 🖱️ Click OK (En paralelo): small_submit.PNG at (380, 721) delay=0.2s
2026-07-14 12:32:56 | INFO | my_functions.py:247 | [DEBUG] Buscando en paralelo: ['sign_in_with_google2.PNG'] | timeout=20s | confidence=0.8
2026-07-14 12:32:58 | INFO | my_functions.py:134 | Haciendo click en la posición (406, 957)
2026-07-14 12:32:58 | INFO | my_functions.py:269 | 🖱️ Click OK (En paralelo): sign_in_with_google2.PNG at (406, 957) delay=1s
2026-07-14 12:32:59 | INFO | my_functions.py:169 | Searching pagina_cargada.png (timeout=60s)
2026-07-14 12:33:07 | INFO | my_functions.py:199 | 
✅ Found: pagina_cargada.png pos=(70, 24) time=7.94s confidence=0.8
2026-07-14 12:33:09 | INFO | my_functions.py:247 | [DEBUG] Buscando en paralelo: ['robert.png'] | timeout=0s | confidence=0.8
2026-07-14 12:33:13 | INFO | my_functions.py:134 | Haciendo click en la posición (1152, 794)
2026-07-14 12:33:13 | INFO | my_functions.py:269 | 🖱️ Click OK (En paralelo): robert.png at (1152, 794) delay=3s
2026-07-14 12:33:14 | INFO | my_functions.py:169 | Searching marvelsnap_web.png (timeout=30s)
2026-07-14 12:33:19 | INFO | my_functions.py:199 | 
✅ Found: marvelsnap_web.png pos=(258, 80) time=4.53s confidence=0.7
2026-07-14 12:33:19 | INFO | my_functions.py:169 | Searching shop_unselected.PNG (timeout=0s)
2026-07-14 12:33:20 | INFO | my_functions.py:213 | 
⛔ Not found: shop_unselected.PNG after 0.0s region=(0, 0, 765, 1038) confidence=0.8
2026-07-14 12:33:20 | INFO | my_functions.py:247 | [DEBUG] Buscando en paralelo: ['super_premium.PNG'] | timeout=0s | confidence=0.8
2026-07-14 12:33:20 | INFO | my_functions.py:281 | [DEBUG] Click skipped, ninguna de las imágenes se encontró en el intento.
2026-07-14 12:33:22 | INFO | my_functions.py:247 | [DEBUG] Buscando en paralelo: ['maybe_later.PNG'] | timeout=0s | confidence=0.8
2026-07-14 12:33:22 | INFO | my_functions.py:281 | [DEBUG] Click skipped, ninguna de las imágenes se encontró en el intento.
2026-07-14 12:33:23 | INFO | my_functions.py:247 | [DEBUG] Buscando en paralelo: ['maybe_later2.PNG'] | timeout=0s | confidence=0.8
2026-07-14 12:33:24 | INFO | my_functions.py:281 | [DEBUG] Click skipped, ninguna de las imágenes se encontró en el intento.
2026-07-14 12:33:25 | INFO | my_functions.py:169 | Searching go_to_shop.PNG (timeout=0s)
2026-07-14 12:33:26 | INFO | my_functions.py:213 | 
⛔ Not found: go_to_shop.PNG after 0.0s region=(0, 0, 765, 1038) confidence=0.8
2026-07-14 12:33:26 | INFO | my_functions.py:247 | [DEBUG] Buscando en paralelo: ['14_days_of_winterverse.PNG'] | timeout=0s | confidence=0.8
2026-07-14 12:33:26 | INFO | my_functions.py:281 | [DEBUG] Click skipped, ninguna de las imágenes se encontró en el intento.
2026-07-14 12:33:27 | INFO | my_functions.py:169 | Searching welcome_back_calendar.PNG (timeout=0s)
2026-07-14 12:33:28 | INFO | my_functions.py:213 | 
⛔ Not found: welcome_back_calendar.PNG after 0.0s region=(0, 0, 765, 1038) confidence=0.8
2026-07-14 12:33:28 | INFO | my_functions.py:247 | [DEBUG] Buscando en paralelo: ['start_the_countdown.PNG'] | timeout=0s | confidence=0.8
2026-07-14 12:33:28 | INFO | my_functions.py:281 | [DEBUG] Click skipped, ninguna de las imágenes se encontró en el intento.
2026-07-14 12:33:29 | INFO | my_functions.py:247 | [DEBUG] Buscando en paralelo: ['event_has_ended_sanctum.PNG'] | timeout=0s | confidence=0.8
2026-07-14 12:33:30 | INFO | my_functions.py:281 | [DEBUG] Click skipped, ninguna de las imágenes se encontró en el intento.
2026-07-14 12:33:31 | INFO | my_functions.py:247 | [DEBUG] Buscando en paralelo: ['event_has_ended_teamclash.PNG'] | timeout=0s | confidence=0.8
2026-07-14 12:33:32 | INFO | my_functions.py:281 | [DEBUG] Click skipped, ninguna de las imágenes se encontró en el intento.
2026-07-14 12:33:33 | INFO | my_functions.py:247 | [DEBUG] Buscando en paralelo: ['image_part_of_event_grand_arena_finished.PNG'] | timeout=0s | confidence=0.8
2026-07-14 12:33:33 | INFO | my_functions.py:281 | [DEBUG] Click skipped, ninguna de las imágenes se encontró en el intento.
2026-07-14 12:33:34 | INFO | my_functions.py:169 | Searching 28_day_event_login_rewards.PNG (timeout=0s)
2026-07-14 12:33:35 | INFO | my_functions.py:213 | 
⛔ Not found: 28_day_event_login_rewards.PNG after 0.0s region=(0, 0, 765, 1038) confidence=0.8
2026-07-14 12:33:35 | INFO | my_functions.py:169 | Searching 7_day_event_login.PNG (timeout=0s)
2026-07-14 12:33:35 | INFO | my_functions.py:213 | 
⛔ Not found: 7_day_event_login.PNG after 0.0s region=(0, 0, 765, 1038) confidence=0.8
2026-07-14 12:33:35 | INFO | my_functions.py:169 | Searching 14_days_event.PNG (timeout=0s)
2026-07-14 12:33:36 | INFO | my_functions.py:213 | 
⛔ Not found: 14_days_event.PNG after 0.0s region=(0, 0, 765, 1038) confidence=0.8
2026-07-14 12:33:36 | INFO | my_functions.py:247 | [DEBUG] Buscando en paralelo: ['lets_go.PNG'] | timeout=0s | confidence=0.8
2026-07-14 12:33:36 | INFO | my_functions.py:281 | [DEBUG] Click skipped, ninguna de las imágenes se encontró en el intento.
2026-07-14 12:33:38 | INFO | my_functions.py:169 | Searching shop_unselected.PNG (timeout=0s)
2026-07-14 12:33:39 | INFO | my_functions.py:213 | 
⛔ Not found: shop_unselected.PNG after 0.0s region=(0, 0, 765, 1038) confidence=0.8
2026-07-14 12:33:39 | INFO | my_functions.py:247 | [DEBUG] Buscando en paralelo: ['super_premium.PNG'] | timeout=0s | confidence=0.8
2026-07-14 12:33:41 | INFO | my_functions.py:134 | Haciendo click en la posición (480, 777)
2026-07-14 12:33:41 | INFO | my_functions.py:269 | 🖱️ Click OK (En paralelo): super_premium.PNG at (480, 777) delay=1s
2026-07-14 12:33:42 | INFO | my_functions.py:142 | Presionando ESC (1/1)
2026-07-14 12:33:51 | INFO | my_functions.py:169 | Searching shop_unselected.PNG (timeout=0s)
2026-07-14 12:33:51 | INFO | my_functions.py:199 | 
✅ Found: shop_unselected.PNG pos=(88, 961) time=0.72s confidence=0.8
2026-07-14 12:33:51 | INFO | my_functions.py:714 | Ya esta listo
2026-07-14 12:33:56 | INFO | my_functions.py:533 | AVAILABLE: 4
2026-07-14 12:33:56 | INFO | my_functions.py:247 | [DEBUG] Buscando en paralelo: ['nut.png'] | timeout=20s | confidence=0.8
2026-07-14 12:33:57 | INFO | my_functions.py:134 | Haciendo click en la posición (184, 78)
2026-07-14 12:33:58 | INFO | my_functions.py:269 | 🖱️ Click OK (En paralelo): nut.png at (184, 78) delay=1s
2026-07-14 12:33:59 | INFO | my_functions.py:247 | [DEBUG] Buscando en paralelo: ['graphics_quality.png'] | timeout=3s | confidence=0.8
2026-07-14 12:34:00 | INFO | my_functions.py:134 | Haciendo click en la posición (304, 644)
2026-07-14 12:34:00 | INFO | my_functions.py:269 | 🖱️ Click OK (En paralelo): graphics_quality.png at (304, 644) delay=1s
2026-07-14 12:34:03 | INFO | my_functions.py:247 | [DEBUG] Buscando en paralelo: ['sign_out.png'] | timeout=20s | confidence=0.8
2026-07-14 12:34:04 | INFO | my_functions.py:134 | Haciendo click en la posición (380, 796)
2026-07-14 12:34:05 | INFO | my_functions.py:269 | 🖱️ Click OK (En paralelo): sign_out.png at (380, 796) delay=1s
2026-07-14 12:34:07 | INFO | my_functions.py:247 | [DEBUG] Buscando en paralelo: ['sign_out_grande.png'] | timeout=20s | confidence=0.8
2026-07-14 12:34:08 | INFO | my_functions.py:134 | Haciendo click en la posición (359, 437)
2026-07-14 12:34:08 | INFO | my_functions.py:269 | 🖱️ Click OK (En paralelo): sign_out_grande.png at (359, 437) delay=1s
2026-07-14 12:34:10 | INFO | my_functions.py:247 | [DEBUG] Buscando en paralelo: ['sign_out2.png'] | timeout=20s | confidence=0.8
2026-07-14 12:34:11 | INFO | my_functions.py:134 | Haciendo click en la posición (383, 634)
2026-07-14 12:34:11 | INFO | my_functions.py:269 | 🖱️ Click OK (En paralelo): sign_out2.png at (383, 634) delay=1s
2026-07-14 12:34:13 | INFO | my_functions.py:1545 | ⏱ Esperando 0.1 segundos antes de empezar...
2026-07-14 12:34:13 | INFO | my_functions.py:1552 | 🔍 Esperando ventana que contenga alguna de: SNAP (máx 20s)
2026-07-14 12:34:13 | INFO | my_functions.py:1564 | ✅ Ventana encontrada: 'SNAP'
2026-07-14 12:34:13 | INFO | my_functions.py:1579 | ✅ Ventana seleccionada: 'SNAP'
2026-07-14 12:34:15 | INFO | my_functions.py:1602 | 🔁 Reajuste #1...
2026-07-14 12:34:17 | INFO | my_functions.py:1609 | ✔ Verificación completa. Se hicieron 1 reajustes.
2026-07-14 12:34:21 | INFO | each_eight_hours.py:113 | Processing account: michael
2026-07-14 12:34:21 | INFO | my_functions.py:1545 | ⏱ Esperando 0.1 segundos antes de empezar...
2026-07-14 12:34:21 | INFO | my_functions.py:1552 | 🔍 Esperando ventana que contenga alguna de: ['SNAP'] (máx 20s)
2026-07-14 12:34:24 | INFO | my_functions.py:1564 | ✅ Ventana encontrada: 'SNAP'
2026-07-14 12:34:24 | INFO | my_functions.py:1579 | ✅ Ventana seleccionada: 'SNAP'
2026-07-14 12:34:26 | INFO | my_functions.py:1611 | ✔ Verificación completa. No hubo cambios después del primer ajuste.
2026-07-14 12:34:26 | INFO | my_functions.py:1206 | [DEBUG] Resizing SNAP window...
2026-07-14 12:34:26 | INFO | my_functions.py:1545 | ⏱ Esperando 0.1 segundos antes de empezar...
2026-07-14 12:34:26 | INFO | my_functions.py:1552 | 🔍 Esperando ventana que contenga alguna de: ['SNAP'] (máx 20s)
2026-07-14 12:34:26 | INFO | my_functions.py:1564 | ✅ Ventana encontrada: 'SNAP'
2026-07-14 12:34:26 | INFO | my_functions.py:1579 | ✅ Ventana seleccionada: 'SNAP'
2026-07-14 12:34:33 | INFO | my_functions.py:1611 | ✔ Verificación completa. No hubo cambios después del primer ajuste.
2026-07-14 12:34:33 | INFO | my_functions.py:247 | [DEBUG] Buscando en paralelo: ['small_submit.PNG', 'small_submit_hover.png', 'submit_hover_2.png', 'small_submit_hover_2.png'] | timeout=90s | confidence=0.8
2026-07-14 12:34:35 | INFO | my_functions.py:134 | Haciendo click en la posición (380, 642)
2026-07-14 12:34:35 | INFO | my_functions.py:269 | 🖱️ Click OK (En paralelo): small_submit.PNG at (380, 642) delay=0.2s
2026-07-14 12:34:38 | INFO | my_functions.py:247 | [DEBUG] Buscando en paralelo: ['small_submit.PNG', 'small_submit_hover.png', 'submit_hover_2.png', 'small_submit_hover_2.png'] | timeout=20s | confidence=0.8
2026-07-14 12:34:40 | INFO | my_functions.py:134 | Haciendo click en la posición (380, 721)
2026-07-14 12:34:40 | INFO | my_functions.py:269 | 🖱️ Click OK (En paralelo): small_submit.PNG at (380, 721) delay=0.2s
2026-07-14 12:34:41 | INFO | my_functions.py:1545 | ⏱ Esperando 0.1 segundos antes de empezar...
2026-07-14 12:34:41 | INFO | my_functions.py:1552 | 🔍 Esperando ventana que contenga alguna de: ['SNAP'] (máx 20s)
2026-07-14 12:34:41 | INFO | my_functions.py:1564 | ✅ Ventana encontrada: 'SNAP'
2026-07-14 12:34:41 | INFO | my_functions.py:1579 | ✅ Ventana seleccionada: 'SNAP'
2026-07-14 12:34:43 | INFO | my_functions.py:1602 | 🔁 Reajuste #1...
2026-07-14 12:34:44 | INFO | my_functions.py:1609 | ✔ Verificación completa. Se hicieron 1 reajustes.
2026-07-14 12:34:44 | INFO | my_functions.py:169 | Searching please_sign.png (timeout=0s)
2026-07-14 12:34:45 | INFO | my_functions.py:199 | 
✅ Found: please_sign.png pos=(383, 438) time=0.53s confidence=0.8
2026-07-14 12:34:45 | INFO | my_functions.py:247 | [DEBUG] Buscando en paralelo: ['ok_btn.png'] | timeout=20s | confidence=0.8
2026-07-14 12:34:46 | INFO | my_functions.py:134 | Haciendo click en la posición (382, 634)
2026-07-14 12:34:47 | INFO | my_functions.py:269 | 🖱️ Click OK (En paralelo): ok_btn.png at (382, 634) delay=1s
2026-07-14 12:34:48 | INFO | my_functions.py:247 | [DEBUG] Buscando en paralelo: ['small_submit.PNG', 'small_submit_hover.png', 'submit_hover_2.png', 'small_submit_hover_2.png'] | timeout=30s | confidence=0.8
2026-07-14 12:34:51 | INFO | my_functions.py:134 | Haciendo click en la posición (383, 643)
2026-07-14 12:34:51 | INFO | my_functions.py:269 | 🖱️ Click OK (En paralelo): small_submit_hover_2.png at (383, 643) delay=0.2s
2026-07-14 12:34:52 | INFO | my_functions.py:247 | [DEBUG] Buscando en paralelo: ['small_submit.PNG', 'small_submit_hover.png', 'submit_hover_2.png', 'small_submit_hover_2.png'] | timeout=20s | confidence=0.8
2026-07-14 12:34:54 | INFO | my_functions.py:134 | Haciendo click en la posición (380, 721)
2026-07-14 12:34:54 | INFO | my_functions.py:269 | 🖱️ Click OK (En paralelo): small_submit.PNG at (380, 721) delay=0.2s
2026-07-14 12:34:55 | INFO | my_functions.py:247 | [DEBUG] Buscando en paralelo: ['sign_in_with_google2.PNG'] | timeout=20s | confidence=0.8
2026-07-14 12:34:56 | INFO | my_functions.py:134 | Haciendo click en la posición (406, 957)
2026-07-14 12:34:57 | INFO | my_functions.py:269 | 🖱️ Click OK (En paralelo): sign_in_with_google2.PNG at (406, 957) delay=1s
2026-07-14 12:34:58 | INFO | my_functions.py:169 | Searching pagina_cargada.png (timeout=60s)
2026-07-14 12:35:04 | INFO | my_functions.py:199 | 
✅ Found: pagina_cargada.png pos=(70, 24) time=6.81s confidence=0.8
2026-07-14 12:35:06 | INFO | my_functions.py:247 | [DEBUG] Buscando en paralelo: ['michael.png'] | timeout=0s | confidence=0.8
2026-07-14 12:35:11 | INFO | my_functions.py:134 | Haciendo click en la posición (1156, 878)
2026-07-14 12:35:11 | INFO | my_functions.py:269 | 🖱️ Click OK (En paralelo): michael.png at (1156, 878) delay=3s
2026-07-14 12:35:12 | INFO | my_functions.py:169 | Searching marvelsnap_web.png (timeout=30s)
2026-07-14 12:35:17 | INFO | my_functions.py:199 | 
✅ Found: marvelsnap_web.png pos=(258, 80) time=4.54s confidence=0.7
2026-07-14 12:35:17 | INFO | my_functions.py:169 | Searching shop_unselected.PNG (timeout=0s)
2026-07-14 12:35:18 | INFO | my_functions.py:213 | 
⛔ Not found: shop_unselected.PNG after 0.0s region=(0, 0, 765, 1038) confidence=0.8
2026-07-14 12:35:18 | INFO | my_functions.py:247 | [DEBUG] Buscando en paralelo: ['super_premium.PNG'] | timeout=0s | confidence=0.8
2026-07-14 12:35:18 | INFO | my_functions.py:281 | [DEBUG] Click skipped, ninguna de las imágenes se encontró en el intento.
2026-07-14 12:35:19 | INFO | my_functions.py:247 | [DEBUG] Buscando en paralelo: ['maybe_later.PNG'] | timeout=0s | confidence=0.8
2026-07-14 12:35:20 | INFO | my_functions.py:281 | [DEBUG] Click skipped, ninguna de las imágenes se encontró en el intento.
2026-07-14 12:35:21 | INFO | my_functions.py:247 | [DEBUG] Buscando en paralelo: ['maybe_later2.PNG'] | timeout=0s | confidence=0.8
2026-07-14 12:35:22 | INFO | my_functions.py:281 | [DEBUG] Click skipped, ninguna de las imágenes se encontró en el intento.
2026-07-14 12:35:23 | INFO | my_functions.py:169 | Searching go_to_shop.PNG (timeout=0s)
2026-07-14 12:35:23 | INFO | my_functions.py:213 | 
⛔ Not found: go_to_shop.PNG after 0.0s region=(0, 0, 765, 1038) confidence=0.8
2026-07-14 12:35:23 | INFO | my_functions.py:247 | [DEBUG] Buscando en paralelo: ['14_days_of_winterverse.PNG'] | timeout=0s | confidence=0.8
2026-07-14 12:35:24 | INFO | my_functions.py:281 | [DEBUG] Click skipped, ninguna de las imágenes se encontró en el intento.
2026-07-14 12:35:25 | INFO | my_functions.py:169 | Searching welcome_back_calendar.PNG (timeout=0s)
2026-07-14 12:35:26 | INFO | my_functions.py:213 | 
⛔ Not found: welcome_back_calendar.PNG after 0.0s region=(0, 0, 765, 1038) confidence=0.8
2026-07-14 12:35:26 | INFO | my_functions.py:247 | [DEBUG] Buscando en paralelo: ['start_the_countdown.PNG'] | timeout=0s | confidence=0.8
2026-07-14 12:35:26 | INFO | my_functions.py:281 | [DEBUG] Click skipped, ninguna de las imágenes se encontró en el intento.
2026-07-14 12:35:27 | INFO | my_functions.py:247 | [DEBUG] Buscando en paralelo: ['event_has_ended_sanctum.PNG'] | timeout=0s | confidence=0.8
2026-07-14 12:35:28 | INFO | my_functions.py:281 | [DEBUG] Click skipped, ninguna de las imágenes se encontró en el intento.
2026-07-14 12:35:29 | INFO | my_functions.py:247 | [DEBUG] Buscando en paralelo: ['event_has_ended_teamclash.PNG'] | timeout=0s | confidence=0.8
2026-07-14 12:35:30 | INFO | my_functions.py:281 | [DEBUG] Click skipped, ninguna de las imágenes se encontró en el intento.
2026-07-14 12:35:31 | INFO | my_functions.py:247 | [DEBUG] Buscando en paralelo: ['image_part_of_event_grand_arena_finished.PNG'] | timeout=0s | confidence=0.8
2026-07-14 12:35:31 | INFO | my_functions.py:281 | [DEBUG] Click skipped, ninguna de las imágenes se encontró en el intento.
2026-07-14 12:35:32 | INFO | my_functions.py:169 | Searching 28_day_event_login_rewards.PNG (timeout=0s)
2026-07-14 12:35:33 | INFO | my_functions.py:213 | 
⛔ Not found: 28_day_event_login_rewards.PNG after 0.0s region=(0, 0, 765, 1038) confidence=0.8
2026-07-14 12:35:33 | INFO | my_functions.py:169 | Searching 7_day_event_login.PNG (timeout=0s)
2026-07-14 12:35:33 | INFO | my_functions.py:213 | 
⛔ Not found: 7_day_event_login.PNG after 0.0s region=(0, 0, 765, 1038) confidence=0.8
2026-07-14 12:35:33 | INFO | my_functions.py:169 | Searching 14_days_event.PNG (timeout=0s)
2026-07-14 12:35:34 | INFO | my_functions.py:213 | 
⛔ Not found: 14_days_event.PNG after 0.0s region=(0, 0, 765, 1038) confidence=0.8
2026-07-14 12:35:34 | INFO | my_functions.py:247 | [DEBUG] Buscando en paralelo: ['lets_go.PNG'] | timeout=0s | confidence=0.8
2026-07-14 12:35:35 | INFO | my_functions.py:281 | [DEBUG] Click skipped, ninguna de las imágenes se encontró en el intento.
2026-07-14 12:35:37 | INFO | my_functions.py:169 | Searching shop_unselected.PNG (timeout=0s)
2026-07-14 12:35:37 | INFO | my_functions.py:213 | 
⛔ Not found: shop_unselected.PNG after 0.0s region=(0, 0, 765, 1038) confidence=0.8
2026-07-14 12:35:37 | INFO | my_functions.py:247 | [DEBUG] Buscando en paralelo: ['super_premium.PNG'] | timeout=0s | confidence=0.8
2026-07-14 12:35:39 | INFO | my_functions.py:134 | Haciendo click en la posición (480, 777)
2026-07-14 12:35:39 | INFO | my_functions.py:269 | 🖱️ Click OK (En paralelo): super_premium.PNG at (480, 777) delay=1s
2026-07-14 12:35:40 | INFO | my_functions.py:142 | Presionando ESC (1/1)
2026-07-14 12:35:49 | INFO | my_functions.py:169 | Searching shop_unselected.PNG (timeout=0s)
2026-07-14 12:35:50 | INFO | my_functions.py:199 | 
✅ Found: shop_unselected.PNG pos=(88, 961) time=0.78s confidence=0.8
2026-07-14 12:35:50 | INFO | my_functions.py:714 | Ya esta listo
2026-07-14 12:35:54 | INFO | my_functions.py:533 | AVAILABLE: 6
2026-07-14 12:35:54 | INFO | my_functions.py:555 | Misiones completadas: 0
2026-07-14 12:35:54 | INFO | my_functions.py:169 | Searching play.PNG (timeout=0s)
2026-07-14 12:35:55 | INFO | my_functions.py:199 | 
✅ Found: play.PNG pos=(384, 825) time=0.68s confidence=0.8
2026-07-14 12:35:55 | INFO | my_functions.py:1440 | [INFO] Click realizado donde se equipa el deck a jugar
2026-07-14 12:35:59 | INFO | my_functions.py:247 | [DEBUG] Buscando en paralelo: ['deck_666666.png'] | timeout=3s | confidence=0.8
2026-07-14 12:36:01 | INFO | my_functions.py:134 | Haciendo click en la posición (235, 547)
2026-07-14 12:36:01 | INFO | my_functions.py:269 | 🖱️ Click OK (En paralelo): deck_666666.png at (235, 547) delay=1s
2026-07-14 12:36:02 | INFO | my_functions.py:247 | [DEBUG] Buscando en paralelo: ['equip.png'] | timeout=3s | confidence=0.95
2026-07-14 12:36:06 | INFO | my_functions.py:281 | [DEBUG] Click skipped, ninguna de las imágenes se encontró en el intento.
2026-07-14 12:36:07 | INFO | my_functions.py:142 | Presionando ESC (1/1)
2026-07-14 12:36:07 | INFO | each_eight_hours.py:134 | Deck selected: 6turns
2026-07-14 12:36:07 | INFO | my_functions.py:247 | [DEBUG] Buscando en paralelo: ['maybe_later.PNG'] | timeout=2s | confidence=0.8
2026-07-14 12:36:09 | INFO | my_functions.py:281 | [DEBUG] Click skipped, ninguna de las imágenes se encontró en el intento.
2026-07-14 12:36:11 | INFO | my_functions.py:247 | [DEBUG] Buscando en paralelo: ['maybe_later2.PNG'] | timeout=0.01s | confidence=0.8
2026-07-14 12:36:11 | INFO | my_functions.py:281 | [DEBUG] Click skipped, ninguna de las imágenes se encontró en el intento.
2026-07-14 12:36:12 | INFO | each_eight_hours.py:148 | Starting game loop 1
2026-07-14 12:36:12 | INFO | my_functions.py:247 | [DEBUG] Buscando en paralelo: ['play.PNG'] | timeout=20s | confidence=0.8
2026-07-14 12:36:16 | INFO | my_functions.py:134 | Haciendo click en la posición (384, 824)
2026-07-14 12:36:16 | INFO | my_functions.py:269 | 🖱️ Click OK (En paralelo): play.PNG at (384, 824) delay=3s
2026-07-14 12:36:32 | INFO | my_functions.py:199 | 
✅ Found: end_turn.PNG pos=(681, 945) time=0.68s confidence=0.8
2026-07-14 12:36:32 | INFO | my_functions.py:247 | [DEBUG] Buscando en paralelo: ['snap.PNG'] | timeout=0s | confidence=0.8
2026-07-14 12:36:34 | INFO | my_functions.py:134 | Haciendo click en la posición (386, 123)
2026-07-14 12:36:34 | INFO | my_functions.py:269 | 🖱️ Click OK (En paralelo): snap.PNG at (386, 123) delay=1s
2026-07-14 12:36:40 | INFO | my_functions.py:247 | [DEBUG] Buscando en paralelo: ['end_turn.PNG'] | timeout=0s | confidence=0.8
2026-07-14 12:36:41 | INFO | my_functions.py:281 | [DEBUG] Click skipped, ninguna de las imágenes se encontró en el intento.
2026-07-14 12:36:45 | INFO | my_functions.py:199 | 
✅ Found: end_turn.PNG pos=(682, 946) time=0.64s confidence=0.8
2026-07-14 12:36:45 | INFO | my_functions.py:247 | [DEBUG] Buscando en paralelo: ['snap.PNG'] | timeout=0s | confidence=0.8
2026-07-14 12:36:47 | INFO | my_functions.py:134 | Haciendo click en la posición (386, 123)
2026-07-14 12:36:47 | INFO | my_functions.py:269 | 🖱️ Click OK (En paralelo): snap.PNG at (386, 123) delay=1s
2026-07-14 12:36:53 | INFO | my_functions.py:247 | [DEBUG] Buscando en paralelo: ['end_turn.PNG'] | timeout=0s | confidence=0.8
2026-07-14 12:36:55 | INFO | my_functions.py:134 | Haciendo click en la posición (682, 945)
2026-07-14 12:36:55 | INFO | my_functions.py:269 | 🖱️ Click OK (En paralelo): end_turn.PNG at (682, 945) delay=1s
2026-07-14 12:36:56 | INFO | each_eight_hours.py:165 | End turn executed
2026-07-14 12:37:09 | INFO | my_functions.py:199 | 
✅ Found: end_turn.PNG pos=(681, 945) time=0.66s confidence=0.8
2026-07-14 12:37:09 | INFO | my_functions.py:247 | [DEBUG] Buscando en paralelo: ['snap.PNG'] | timeout=0s | confidence=0.8
2026-07-14 12:37:10 | INFO | my_functions.py:281 | [DEBUG] Click skipped, ninguna de las imágenes se encontró en el intento.
2026-07-14 12:37:16 | INFO | my_functions.py:247 | [DEBUG] Buscando en paralelo: ['end_turn.PNG'] | timeout=0s | confidence=0.8
2026-07-14 12:37:17 | INFO | my_functions.py:134 | Haciendo click en la posición (682, 945)
2026-07-14 12:37:18 | INFO | my_functions.py:269 | 🖱️ Click OK (En paralelo): end_turn.PNG at (682, 945) delay=1s
2026-07-14 12:37:19 | INFO | each_eight_hours.py:165 | End turn executed
2026-07-14 12:37:44 | INFO | my_functions.py:199 | 
✅ Found: end_turn.PNG pos=(681, 945) time=0.63s confidence=0.8
2026-07-14 12:37:44 | INFO | my_functions.py:247 | [DEBUG] Buscando en paralelo: ['snap.PNG'] | timeout=0s | confidence=0.8
2026-07-14 12:37:45 | INFO | my_functions.py:281 | [DEBUG] Click skipped, ninguna de las imágenes se encontró en el intento.
2026-07-14 12:37:51 | INFO | my_functions.py:247 | [DEBUG] Buscando en paralelo: ['end_turn.PNG'] | timeout=0s | confidence=0.8
2026-07-14 12:37:53 | INFO | my_functions.py:134 | Haciendo click en la posición (682, 945)
2026-07-14 12:37:53 | INFO | my_functions.py:269 | 🖱️ Click OK (En paralelo): end_turn.PNG at (682, 945) delay=1s
2026-07-14 12:37:54 | INFO | each_eight_hours.py:165 | End turn executed
2026-07-14 12:38:10 | INFO | my_functions.py:199 | 
✅ Found: end_turn.PNG pos=(681, 945) time=0.63s confidence=0.8
2026-07-14 12:38:10 | INFO | my_functions.py:247 | [DEBUG] Buscando en paralelo: ['snap.PNG'] | timeout=0s | confidence=0.8
2026-07-14 12:38:10 | INFO | my_functions.py:281 | [DEBUG] Click skipped, ninguna de las imágenes se encontró en el intento.
2026-07-14 12:38:17 | INFO | my_functions.py:247 | [DEBUG] Buscando en paralelo: ['end_turn.PNG'] | timeout=0s | confidence=0.8
2026-07-14 12:38:18 | INFO | my_functions.py:134 | Haciendo click en la posición (682, 945)
2026-07-14 12:38:18 | INFO | my_functions.py:269 | 🖱️ Click OK (En paralelo): end_turn.PNG at (682, 945) delay=1s
2026-07-14 12:38:19 | INFO | each_eight_hours.py:165 | End turn executed
2026-07-14 12:38:48 | INFO | my_functions.py:199 | 
✅ Found: end_turn.PNG pos=(681, 945) time=0.65s confidence=0.8
2026-07-14 12:38:48 | INFO | my_functions.py:247 | [DEBUG] Buscando en paralelo: ['snap.PNG'] | timeout=0s | confidence=0.8
2026-07-14 12:38:49 | INFO | my_functions.py:281 | [DEBUG] Click skipped, ninguna de las imágenes se encontró en el intento.
2026-07-14 12:38:55 | INFO | my_functions.py:247 | [DEBUG] Buscando en paralelo: ['end_turn.PNG'] | timeout=0s | confidence=0.8
2026-07-14 12:38:56 | INFO | my_functions.py:134 | Haciendo click en la posición (682, 945)
2026-07-14 12:38:57 | INFO | my_functions.py:269 | 🖱️ Click OK (En paralelo): end_turn.PNG at (682, 945) delay=1s
2026-07-14 12:38:58 | INFO | each_eight_hours.py:165 | End turn executed
2026-07-14 12:39:23 | INFO | my_functions.py:199 | 
✅ Found: end_turn.PNG pos=(681, 945) time=0.65s confidence=0.8
2026-07-14 12:39:23 | INFO | my_functions.py:247 | [DEBUG] Buscando en paralelo: ['snap.PNG'] | timeout=0s | confidence=0.8
2026-07-14 12:39:24 | INFO | my_functions.py:281 | [DEBUG] Click skipped, ninguna de las imágenes se encontró en el intento.
2026-07-14 12:39:30 | INFO | my_functions.py:247 | [DEBUG] Buscando en paralelo: ['end_turn.PNG'] | timeout=0s | confidence=0.8
2026-07-14 12:39:32 | INFO | my_functions.py:134 | Haciendo click en la posición (681, 945)
2026-07-14 12:39:32 | INFO | my_functions.py:269 | 🖱️ Click OK (En paralelo): end_turn.PNG at (681, 945) delay=1s
2026-07-14 12:39:33 | INFO | each_eight_hours.py:165 | End turn executed
2026-07-14 12:39:48 | INFO | my_functions.py:199 | 
✅ Found: collect_rewards.PNG pos=(679, 957) time=0.77s confidence=0.8
2026-07-14 12:39:48 | INFO | each_eight_hours.py:204 | Rewards detected, exiting match
2026-07-14 12:39:48 | INFO | my_functions.py:247 | [DEBUG] Buscando en paralelo: ['collect_rewards.PNG'] | timeout=20s | confidence=0.8
2026-07-14 12:39:50 | INFO | my_functions.py:134 | Haciendo click en la posición (679, 957)
2026-07-14 12:39:50 | INFO | my_functions.py:269 | 🖱️ Click OK (En paralelo): collect_rewards.PNG at (679, 957) delay=1s
2026-07-14 12:39:51 | INFO | my_functions.py:247 | [DEBUG] Buscando en paralelo: ['next.PNG'] | timeout=20s | confidence=0.8
2026-07-14 12:39:59 | INFO | my_functions.py:134 | Haciendo click en la posición (677, 973)
2026-07-14 12:39:59 | INFO | my_functions.py:269 | 🖱️ Click OK (En paralelo): next.PNG at (677, 973) delay=1s
2026-07-14 12:40:02 | INFO | my_functions.py:533 | AVAILABLE: 6
2026-07-14 12:40:02 | INFO | each_eight_hours.py:271 | Submissions after match: 6
2026-07-14 12:40:02 | INFO | my_functions.py:555 | Misiones completadas: 1
2026-07-14 12:40:02 | INFO | each_eight_hours.py:148 | Starting game loop 2
2026-07-14 12:40:02 | INFO | my_functions.py:247 | [DEBUG] Buscando en paralelo: ['play.PNG'] | timeout=20s | confidence=0.8
2026-07-14 12:40:06 | INFO | my_functions.py:134 | Haciendo click en la posición (384, 824)
2026-07-14 12:40:06 | INFO | my_functions.py:269 | 🖱️ Click OK (En paralelo): play.PNG at (384, 824) delay=3s
2026-07-14 12:40:25 | INFO | my_functions.py:199 | 
✅ Found: end_turn.PNG pos=(681, 945) time=0.68s confidence=0.8
2026-07-14 12:40:25 | INFO | my_functions.py:247 | [DEBUG] Buscando en paralelo: ['snap.PNG'] | timeout=0s | confidence=0.8
2026-07-14 12:40:26 | INFO | my_functions.py:134 | Haciendo click en la posición (386, 122)
2026-07-14 12:40:27 | INFO | my_functions.py:269 | 🖱️ Click OK (En paralelo): snap.PNG at (386, 122) delay=1s
2026-07-14 12:40:33 | INFO | my_functions.py:247 | [DEBUG] Buscando en paralelo: ['end_turn.PNG'] | timeout=0s | confidence=0.8
2026-07-14 12:40:33 | INFO | my_functions.py:281 | [DEBUG] Click skipped, ninguna de las imágenes se encontró en el intento.
2026-07-14 12:40:38 | INFO | my_functions.py:199 | 
✅ Found: end_turn.PNG pos=(682, 946) time=0.74s confidence=0.8
2026-07-14 12:40:38 | INFO | my_functions.py:247 | [DEBUG] Buscando en paralelo: ['snap.PNG'] | timeout=0s | confidence=0.8
2026-07-14 12:40:40 | INFO | my_functions.py:134 | Haciendo click en la posición (386, 124)
2026-07-14 12:40:40 | INFO | my_functions.py:269 | 🖱️ Click OK (En paralelo): snap.PNG at (386, 124) delay=1s
2026-07-14 12:40:46 | INFO | my_functions.py:247 | [DEBUG] Buscando en paralelo: ['end_turn.PNG'] | timeout=0s | confidence=0.8
2026-07-14 12:40:48 | INFO | my_functions.py:134 | Haciendo click en la posición (681, 945)
2026-07-14 12:40:48 | INFO | my_functions.py:269 | 🖱️ Click OK (En paralelo): end_turn.PNG at (681, 945) delay=1s
2026-07-14 12:40:49 | INFO | each_eight_hours.py:165 | End turn executed
2026-07-14 12:41:02 | INFO | my_functions.py:199 | 
✅ Found: end_turn.PNG pos=(681, 945) time=0.63s confidence=0.8
2026-07-14 12:41:02 | INFO | my_functions.py:247 | [DEBUG] Buscando en paralelo: ['snap.PNG'] | timeout=0s | confidence=0.8
2026-07-14 12:41:03 | INFO | my_functions.py:281 | [DEBUG] Click skipped, ninguna de las imágenes se encontró en el intento.
2026-07-14 12:41:09 | INFO | my_functions.py:247 | [DEBUG] Buscando en paralelo: ['end_turn.PNG'] | timeout=0s | confidence=0.8
2026-07-14 12:41:11 | INFO | my_functions.py:134 | Haciendo click en la posición (682, 945)
2026-07-14 12:41:11 | INFO | my_functions.py:269 | 🖱️ Click OK (En paralelo): end_turn.PNG at (682, 945) delay=1s
2026-07-14 12:41:12 | INFO | each_eight_hours.py:165 | End turn executed
2026-07-14 12:41:28 | INFO | my_functions.py:199 | 
✅ Found: end_turn.PNG pos=(681, 945) time=0.65s confidence=0.8
2026-07-14 12:41:28 | INFO | my_functions.py:247 | [DEBUG] Buscando en paralelo: ['snap.PNG'] | timeout=0s | confidence=0.8
2026-07-14 12:41:29 | INFO | my_functions.py:281 | [DEBUG] Click skipped, ninguna de las imágenes se encontró en el intento.
2026-07-14 12:41:35 | INFO | my_functions.py:247 | [DEBUG] Buscando en paralelo: ['end_turn.PNG'] | timeout=0s | confidence=0.8
2026-07-14 12:41:37 | INFO | my_functions.py:134 | Haciendo click en la posición (682, 945)
2026-07-14 12:41:37 | INFO | my_functions.py:269 | 🖱️ Click OK (En paralelo): end_turn.PNG at (682, 945) delay=1s
2026-07-14 12:41:38 | INFO | each_eight_hours.py:165 | End turn executed
2026-07-14 12:42:00 | INFO | my_functions.py:199 | 
✅ Found: end_turn.PNG pos=(681, 945) time=0.66s confidence=0.8
2026-07-14 12:42:00 | INFO | my_functions.py:247 | [DEBUG] Buscando en paralelo: ['snap.PNG'] | timeout=0s | confidence=0.8
2026-07-14 12:42:01 | INFO | my_functions.py:281 | [DEBUG] Click skipped, ninguna de las imágenes se encontró en el intento.
2026-07-14 12:42:07 | INFO | my_functions.py:247 | [DEBUG] Buscando en paralelo: ['end_turn.PNG'] | timeout=0s | confidence=0.8
2026-07-14 12:42:09 | INFO | my_functions.py:134 | Haciendo click en la posición (682, 945)
2026-07-14 12:42:09 | INFO | my_functions.py:269 | 🖱️ Click OK (En paralelo): end_turn.PNG at (682, 945) delay=1s
2026-07-14 12:42:10 | INFO | each_eight_hours.py:165 | End turn executed
2026-07-14 12:42:20 | INFO | my_functions.py:199 | 
✅ Found: end_turn.PNG pos=(681, 945) time=0.69s confidence=0.8
2026-07-14 12:42:20 | INFO | my_functions.py:247 | [DEBUG] Buscando en paralelo: ['snap.PNG'] | timeout=0s | confidence=0.8
2026-07-14 12:42:21 | INFO | my_functions.py:281 | [DEBUG] Click skipped, ninguna de las imágenes se encontró en el intento.
2026-07-14 12:42:27 | INFO | my_functions.py:247 | [DEBUG] Buscando en paralelo: ['end_turn.PNG'] | timeout=0s | confidence=0.8
2026-07-14 12:42:28 | INFO | my_functions.py:134 | Haciendo click en la posición (681, 945)
2026-07-14 12:42:29 | INFO | my_functions.py:269 | 🖱️ Click OK (En paralelo): end_turn.PNG at (681, 945) delay=1s
2026-07-14 12:42:30 | INFO | each_eight_hours.py:165 | End turn executed
2026-07-14 12:42:53 | INFO | my_functions.py:199 | 
✅ Found: end_turn.PNG pos=(681, 945) time=0.64s confidence=0.8
2026-07-14 12:42:53 | INFO | my_functions.py:247 | [DEBUG] Buscando en paralelo: ['snap.PNG'] | timeout=0s | confidence=0.8
2026-07-14 12:42:53 | INFO | my_functions.py:281 | [DEBUG] Click skipped, ninguna de las imágenes se encontró en el intento.
2026-07-14 12:43:00 | INFO | my_functions.py:247 | [DEBUG] Buscando en paralelo: ['end_turn.PNG'] | timeout=0s | confidence=0.8
2026-07-14 12:43:01 | INFO | my_functions.py:134 | Haciendo click en la posición (681, 945)
2026-07-14 12:43:01 | INFO | my_functions.py:269 | 🖱️ Click OK (En paralelo): end_turn.PNG at (681, 945) delay=1s
2026-07-14 12:43:03 | INFO | each_eight_hours.py:165 | End turn executed
2026-07-14 12:43:16 | INFO | my_functions.py:199 | 
✅ Found: end_turn.PNG pos=(681, 945) time=0.67s confidence=0.8
2026-07-14 12:43:16 | INFO | my_functions.py:247 | [DEBUG] Buscando en paralelo: ['snap.PNG'] | timeout=0s | confidence=0.8
2026-07-14 12:43:16 | INFO | my_functions.py:281 | [DEBUG] Click skipped, ninguna de las imágenes se encontró en el intento.
2026-07-14 12:43:23 | INFO | my_functions.py:247 | [DEBUG] Buscando en paralelo: ['end_turn.PNG'] | timeout=0s | confidence=0.8
2026-07-14 12:43:24 | INFO | my_functions.py:134 | Haciendo click en la posición (682, 945)
2026-07-14 12:43:25 | INFO | my_functions.py:269 | 🖱️ Click OK (En paralelo): end_turn.PNG at (682, 945) delay=1s
2026-07-14 12:43:26 | INFO | each_eight_hours.py:165 | End turn executed
2026-07-14 12:43:51 | INFO | my_functions.py:199 | 
✅ Found: collect_rewards.PNG pos=(679, 957) time=0.77s confidence=0.8
2026-07-14 12:43:51 | INFO | each_eight_hours.py:204 | Rewards detected, exiting match
2026-07-14 12:43:51 | INFO | my_functions.py:247 | [DEBUG] Buscando en paralelo: ['collect_rewards.PNG'] | timeout=20s | confidence=0.8
2026-07-14 12:43:52 | INFO | my_functions.py:134 | Haciendo click en la posición (679, 957)
2026-07-14 12:43:53 | INFO | my_functions.py:269 | 🖱️ Click OK (En paralelo): collect_rewards.PNG at (679, 957) delay=1s
2026-07-14 12:43:54 | INFO | my_functions.py:247 | [DEBUG] Buscando en paralelo: ['next.PNG'] | timeout=20s | confidence=0.8
2026-07-14 12:43:59 | INFO | my_functions.py:134 | Haciendo click en la posición (677, 973)
2026-07-14 12:43:59 | INFO | my_functions.py:269 | 🖱️ Click OK (En paralelo): next.PNG at (677, 973) delay=1s
2026-07-14 12:44:02 | INFO | my_functions.py:533 | AVAILABLE: 6
2026-07-14 12:44:02 | INFO | each_eight_hours.py:271 | Submissions after match: 6
2026-07-14 12:44:02 | INFO | my_functions.py:555 | Misiones completadas: 3
2026-07-14 12:44:02 | INFO | each_eight_hours.py:275 | Submission condition met, breaking loop
2026-07-14 12:44:02 | INFO | my_functions.py:247 | [DEBUG] Buscando en paralelo: ['missionsNotify2.png'] | timeout=20s | confidence=0.8
2026-07-14 12:44:06 | INFO | my_functions.py:134 | Haciendo click en la posición (538, 124)
2026-07-14 12:44:06 | INFO | my_functions.py:269 | 🖱️ Click OK (En paralelo): missionsNotify2.png at (538, 124) delay=3s
2026-07-14 12:44:07 | INFO | my_functions.py:1470 | [INFO] Iniciando click_missions_blue2
2026-07-14 12:44:07 | INFO | my_functions.py:134 | Haciendo click en la posición (150, 132)
2026-07-14 12:44:08 | INFO | my_functions.py:1473 | [ACTION] Click hecho en icono de calendario que me dirige a las misiones ordinarias
2026-07-14 12:44:08 | INFO | my_functions.py:169 | Searching bonus_challenge.png (timeout=0s)
2026-07-14 12:44:09 | INFO | my_functions.py:213 | 
⛔ Not found: bonus_challenge.png after 0.0s region=(0, 0, 765, 1038) confidence=0.8
2026-07-14 12:44:11 | INFO | my_functions.py:134 | Haciendo click en la posición (362, 493)
2026-07-14 12:44:12 | INFO | my_functions.py:1486 | [ACTION] Click 1/3 en misión azul
2026-07-14 12:44:13 | INFO | my_functions.py:134 | Haciendo click en la posición (362, 493)
2026-07-14 12:44:14 | INFO | my_functions.py:1486 | [ACTION] Click 2/3 en misión azul
2026-07-14 12:44:14 | INFO | my_functions.py:134 | Haciendo click en la posición (362, 493)
2026-07-14 12:44:16 | INFO | my_functions.py:1486 | [ACTION] Click 3/3 en misión azul
2026-07-14 12:44:16 | INFO | my_functions.py:169 | Searching flechita_mission.PNG (timeout=0s)
2026-07-14 12:44:17 | INFO | my_functions.py:213 | 
⛔ Not found: flechita_mission.PNG after 0.0s region=(0, 0, 765, 1038) confidence=0.8
2026-07-14 12:44:17 | INFO | my_functions.py:247 | [DEBUG] Buscando en paralelo: ['weekly3.PNG'] | timeout=0s | confidence=0.8
2026-07-14 12:44:18 | INFO | my_functions.py:281 | [DEBUG] Click skipped, ninguna de las imágenes se encontró en el intento.
2026-07-14 12:44:19 | INFO | my_functions.py:247 | [DEBUG] Buscando en paralelo: ['weekly3.PNG'] | timeout=0s | confidence=0.8
2026-07-14 12:44:20 | INFO | my_functions.py:281 | [DEBUG] Click skipped, ninguna de las imágenes se encontró en el intento.
2026-07-14 12:44:21 | INFO | my_functions.py:134 | Haciendo click en la posición (557, 64)
2026-07-14 12:44:22 | INFO | my_functions.py:247 | [DEBUG] Buscando en paralelo: ['cards_shop.PNG'] | timeout=20s | confidence=0.8
2026-07-14 12:44:24 | INFO | my_functions.py:134 | Haciendo click en la posición (568, 121)
2026-07-14 12:44:25 | INFO | my_functions.py:269 | 🖱️ Click OK (En paralelo): cards_shop.PNG at (568, 121) delay=1s
2026-07-14 12:44:26 | INFO | my_functions.py:247 | [DEBUG] Buscando en paralelo: ['token_icon.PNG'] | timeout=20s | confidence=0.8
2026-07-14 12:44:28 | INFO | my_functions.py:134 | Haciendo click en la posición (531, 171)
2026-07-14 12:44:28 | INFO | my_functions.py:269 | 🖱️ Click OK (En paralelo): token_icon.PNG at (531, 171) delay=1s
2026-07-14 12:44:31 | INFO | my_functions.py:247 | [DEBUG] Buscando en paralelo: ['claim!_token_3.PNG'] | timeout=4s | confidence=0.8
2026-07-14 12:44:35 | INFO | my_functions.py:281 | [DEBUG] Click skipped, ninguna de las imágenes se encontró en el intento.
2026-07-14 12:44:36 | INFO | my_functions.py:247 | [DEBUG] Buscando en paralelo: ['cards_shop.PNG'] | timeout=20s | confidence=0.8
2026-07-14 12:44:38 | INFO | my_functions.py:134 | Haciendo click en la posición (568, 122)
2026-07-14 12:44:38 | INFO | my_functions.py:269 | 🖱️ Click OK (En paralelo): cards_shop.PNG at (568, 122) delay=1s
2026-07-14 12:44:39 | INFO | my_functions.py:247 | [DEBUG] Buscando en paralelo: ['offers.PNG'] | timeout=20s | confidence=0.8
2026-07-14 12:44:41 | INFO | my_functions.py:134 | Haciendo click en la posición (197, 121)
2026-07-14 12:44:42 | INFO | my_functions.py:269 | 🖱️ Click OK (En paralelo): offers.PNG at (197, 121) delay=1s
2026-07-14 12:44:43 | INFO | my_functions.py:1351 | [INFO] Iniciando mejora de cartas
2026-07-14 12:44:43 | INFO | my_functions.py:247 | [DEBUG] Buscando en paralelo: ['upgrade_cards_icon.PNG'] | timeout=3s | confidence=0.8
2026-07-14 12:44:44 | INFO | my_functions.py:134 | Haciendo click en la posición (322, 170)
2026-07-14 12:44:45 | INFO | my_functions.py:269 | 🖱️ Click OK (En paralelo): upgrade_cards_icon.PNG at (322, 170) delay=1s
2026-07-14 12:44:46 | INFO | my_functions.py:1358 | [INFO] Abriendo icono de upgrade_cards
2026-07-14 12:44:47 | INFO | my_functions.py:1365 | [STEP] Mejorando carta 1
2026-07-14 12:44:47 | INFO | my_functions.py:1369 | [ACTION] Click en carta 1
2026-07-14 12:44:48 | INFO | my_functions.py:1374 | [ACTION] Click en botón upgrade
2026-07-14 12:44:55 | INFO | my_functions.py:169 | Searching aw_snap.png (timeout=3s)
2026-07-14 12:44:59 | INFO | my_functions.py:213 | 
⛔ Not found: aw_snap.png after 3.35s region=(0, 0, 765, 1038) confidence=0.8
2026-07-14 12:44:59 | INFO | my_functions.py:247 | [DEBUG] Buscando en paralelo: ['you_need_more_credits!.png'] | timeout=3s | confidence=0.8
2026-07-14 12:45:02 | INFO | my_functions.py:281 | [DEBUG] Click skipped, ninguna de las imágenes se encontró en el intento.
2026-07-14 12:45:08 | INFO | my_functions.py:1407 | [ACTION] Click para continuar a stage de nivel de coleccion
2026-07-14 12:45:13 | INFO | my_functions.py:142 | Presionando ESC (1/1)
2026-07-14 12:45:14 | INFO | my_functions.py:1415 | [ACTION] Saliendo de stage nivel de coleccion con ESC
2026-07-14 12:45:15 | INFO | my_functions.py:247 | [DEBUG] Buscando en paralelo: ['upgrade_cards_icon_selected.PNG'] | timeout=0s | confidence=0.8
2026-07-14 12:45:17 | INFO | my_functions.py:134 | Haciendo click en la posición (320, 173)
2026-07-14 12:45:17 | INFO | my_functions.py:269 | 🖱️ Click OK (En paralelo): upgrade_cards_icon_selected.PNG at (320, 173) delay=1s
2026-07-14 12:45:18 | INFO | my_functions.py:1427 | [INFO] Reabriendo icono de upgrade_cards
2026-07-14 12:45:19 | INFO | my_functions.py:1365 | [STEP] Mejorando carta 2
2026-07-14 12:45:19 | INFO | my_functions.py:1369 | [ACTION] Click en carta 2
2026-07-14 12:45:20 | INFO | my_functions.py:1374 | [ACTION] Click en botón upgrade
2026-07-14 12:45:28 | INFO | my_functions.py:169 | Searching aw_snap.png (timeout=3s)
2026-07-14 12:45:31 | INFO | my_functions.py:213 | 
⛔ Not found: aw_snap.png after 3.37s region=(0, 0, 765, 1038) confidence=0.8
2026-07-14 12:45:31 | INFO | my_functions.py:247 | [DEBUG] Buscando en paralelo: ['you_need_more_credits!.png'] | timeout=3s | confidence=0.8
2026-07-14 12:45:33 | INFO | my_functions.py:134 | Haciendo click en la posición (381, 345)
2026-07-14 12:45:33 | INFO | my_functions.py:269 | 🖱️ Click OK (En paralelo): you_need_more_credits!.png at (381, 345) delay=1s
2026-07-14 12:45:34 | INFO | my_functions.py:142 | Presionando ESC (1/2)
2026-07-14 12:45:35 | INFO | my_functions.py:142 | Presionando ESC (2/2)
2026-07-14 12:45:37 | INFO | my_functions.py:1433 | [INFO] Mejora de cartas completada ✅
2026-07-14 12:45:37 | INFO | my_functions.py:142 | Presionando ESC (1/1)
2026-07-14 12:45:38 | INFO | my_functions.py:247 | [DEBUG] Buscando en paralelo: ['white_x.png'] | timeout=2s | confidence=0.8
2026-07-14 12:45:41 | INFO | my_functions.py:281 | [DEBUG] Click skipped, ninguna de las imágenes se encontró en el intento.
2026-07-14 12:45:42 | INFO | each_eight_hours.py:46 | [12:45:42.227] [DEBUG] === INICIANDO FUNCIÓN collect_cl_rewards ===
2026-07-14 12:45:42 | INFO | each_eight_hours.py:46 | [12:45:42.230] [DEBUG] Haciendo click inicial en (387, 166)...
2026-07-14 12:45:42 | INFO | my_functions.py:134 | Haciendo click en la posición (387, 166)
2026-07-14 12:45:48 | INFO | each_eight_hours.py:46 | [12:45:48.592] [DEBUG] Se omitió el cambio de tamaño de ventanas (resize=False)
2026-07-14 12:45:48 | INFO | each_eight_hours.py:46 | [12:45:48.627] [DEBUG] Recompensas iniciales detectadas por la API: 1
2026-07-14 12:45:48 | INFO | each_eight_hours.py:46 | [12:45:48.630] [DEBUG] --------------------------------------------------
2026-07-14 12:45:48 | INFO | each_eight_hours.py:46 | [12:45:48.632] [DEBUG] Inicio de iteración. Recompensas restantes: 1
2026-07-14 12:45:48 | INFO | each_eight_hours.py:46 | [12:45:48.638] [DEBUG] Intentando hacer click en: (260, 580)
2026-07-14 12:45:49 | INFO | my_functions.py:169 | Searching claim!.PNG (timeout=3s)
2026-07-14 12:45:50 | INFO | my_functions.py:199 | 
✅ Found: claim!.PNG pos=(381, 924) time=0.72s confidence=0.8
2026-07-14 12:45:50 | INFO | each_eight_hours.py:46 | [12:45:50.561] [DEBUG] -> ¡ÉXITO! Botón 'Claim' detectado.
2026-07-14 12:45:50 | INFO | my_functions.py:169 | Searching set.png (timeout=2s)
2026-07-14 12:45:53 | INFO | my_functions.py:213 | 
⛔ Not found: set.png after 2.41s region=(0, 0, 765, 1038) confidence=0.8
2026-07-14 12:45:53 | INFO | my_functions.py:247 | [DEBUG] Buscando en paralelo: ['claim!.PNG'] | timeout=0s | confidence=0.8
2026-07-14 12:45:55 | INFO | my_functions.py:134 | Haciendo click en la posición (381, 924)
2026-07-14 12:45:55 | INFO | my_functions.py:269 | 🖱️ Click OK (En paralelo): claim!.PNG at (381, 924) delay=1s
2026-07-14 12:45:56 | INFO | each_eight_hours.py:46 | [12:45:56.843] [DEBUG] Moviendo el mouse a la posición de scroll (350, 580)...
2026-07-14 12:45:58 | INFO | each_eight_hours.py:46 | [12:45:58.416] [DEBUG] Alternancia de coordenada X: Cambió de 260 a 470
2026-07-14 12:45:58 | INFO | each_eight_hours.py:46 | Finished collecting rewards
2026-07-14 12:45:59 | INFO | my_functions.py:142 | Presionando ESC (1/1)
2026-07-14 12:46:00 | INFO | my_functions.py:247 | [DEBUG] Buscando en paralelo: ['nut.png'] | timeout=20s | confidence=0.8
2026-07-14 12:46:01 | INFO | my_functions.py:134 | Haciendo click en la posición (184, 78)
2026-07-14 12:46:02 | INFO | my_functions.py:269 | 🖱️ Click OK (En paralelo): nut.png at (184, 78) delay=1s
2026-07-14 12:46:03 | INFO | my_functions.py:247 | [DEBUG] Buscando en paralelo: ['graphics_quality.png'] | timeout=3s | confidence=0.8
2026-07-14 12:46:04 | INFO | my_functions.py:134 | Haciendo click en la posición (304, 644)
2026-07-14 12:46:04 | INFO | my_functions.py:269 | 🖱️ Click OK (En paralelo): graphics_quality.png at (304, 644) delay=1s
2026-07-14 12:46:06 | INFO | my_functions.py:247 | [DEBUG] Buscando en paralelo: ['sign_out.png'] | timeout=20s | confidence=0.8
2026-07-14 12:46:08 | INFO | my_functions.py:134 | Haciendo click en la posición (380, 796)
2026-07-14 12:46:08 | INFO | my_functions.py:269 | 🖱️ Click OK (En paralelo): sign_out.png at (380, 796) delay=1s
2026-07-14 12:46:10 | INFO | my_functions.py:247 | [DEBUG] Buscando en paralelo: ['sign_out_grande.png'] | timeout=20s | confidence=0.8
2026-07-14 12:46:12 | INFO | my_functions.py:134 | Haciendo click en la posición (359, 437)
2026-07-14 12:46:12 | INFO | my_functions.py:269 | 🖱️ Click OK (En paralelo): sign_out_grande.png at (359, 437) delay=1s
2026-07-14 12:46:13 | INFO | my_functions.py:247 | [DEBUG] Buscando en paralelo: ['sign_out2.png'] | timeout=20s | confidence=0.8
2026-07-14 12:46:15 | INFO | my_functions.py:134 | Haciendo click en la posición (383, 634)
2026-07-14 12:46:15 | INFO | my_functions.py:269 | 🖱️ Click OK (En paralelo): sign_out2.png at (383, 634) delay=1s
2026-07-14 12:46:16 | INFO | my_functions.py:1545 | ⏱ Esperando 0.1 segundos antes de empezar...
2026-07-14 12:46:16 | INFO | my_functions.py:1552 | 🔍 Esperando ventana que contenga alguna de: SNAP (máx 20s)
2026-07-14 12:46:16 | INFO | my_functions.py:1564 | ✅ Ventana encontrada: 'SNAP'
2026-07-14 12:46:16 | INFO | my_functions.py:1579 | ✅ Ventana seleccionada: 'SNAP'
2026-07-14 12:46:18 | INFO | my_functions.py:1602 | 🔁 Reajuste #1...
2026-07-14 12:46:20 | INFO | my_functions.py:1609 | ✔ Verificación completa. Se hicieron 1 reajustes.
2026-07-14 12:46:24 | INFO | each_eight_hours.py:113 | Processing account: william
2026-07-14 12:46:24 | INFO | my_functions.py:1545 | ⏱ Esperando 0.1 segundos antes de empezar...
2026-07-14 12:46:25 | INFO | my_functions.py:1552 | 🔍 Esperando ventana que contenga alguna de: ['SNAP'] (máx 20s)
2026-07-14 12:46:27 | INFO | my_functions.py:1564 | ✅ Ventana encontrada: 'SNAP'
2026-07-14 12:46:27 | INFO | my_functions.py:1579 | ✅ Ventana seleccionada: 'SNAP'
2026-07-14 12:46:29 | INFO | my_functions.py:1611 | ✔ Verificación completa. No hubo cambios después del primer ajuste.
2026-07-14 12:46:29 | INFO | my_functions.py:1206 | [DEBUG] Resizing SNAP window...
2026-07-14 12:46:29 | INFO | my_functions.py:1545 | ⏱ Esperando 0.1 segundos antes de empezar...
2026-07-14 12:46:29 | INFO | my_functions.py:1552 | 🔍 Esperando ventana que contenga alguna de: ['SNAP'] (máx 20s)
2026-07-14 12:46:29 | INFO | my_functions.py:1564 | ✅ Ventana encontrada: 'SNAP'
2026-07-14 12:46:29 | INFO | my_functions.py:1579 | ✅ Ventana seleccionada: 'SNAP'
2026-07-14 12:46:36 | INFO | my_functions.py:1611 | ✔ Verificación completa. No hubo cambios después del primer ajuste.
2026-07-14 12:46:36 | INFO | my_functions.py:247 | [DEBUG] Buscando en paralelo: ['small_submit.PNG', 'small_submit_hover.png', 'submit_hover_2.png', 'small_submit_hover_2.png'] | timeout=90s | confidence=0.8
2026-07-14 12:46:38 | INFO | my_functions.py:134 | Haciendo click en la posición (380, 642)
2026-07-14 12:46:38 | INFO | my_functions.py:269 | 🖱️ Click OK (En paralelo): small_submit.PNG at (380, 642) delay=0.2s
2026-07-14 12:46:41 | INFO | my_functions.py:247 | [DEBUG] Buscando en paralelo: ['small_submit.PNG', 'small_submit_hover.png', 'submit_hover_2.png', 'small_submit_hover_2.png'] | timeout=20s | confidence=0.8
2026-07-14 12:46:42 | INFO | my_functions.py:134 | Haciendo click en la posición (380, 721)
2026-07-14 12:46:43 | INFO | my_functions.py:269 | 🖱️ Click OK (En paralelo): small_submit.PNG at (380, 721) delay=0.2s
2026-07-14 12:46:44 | INFO | my_functions.py:1545 | ⏱ Esperando 0.1 segundos antes de empezar...
2026-07-14 12:46:44 | INFO | my_functions.py:1552 | 🔍 Esperando ventana que contenga alguna de: ['SNAP'] (máx 20s)
2026-07-14 12:46:44 | INFO | my_functions.py:1564 | ✅ Ventana encontrada: 'SNAP'
2026-07-14 12:46:44 | INFO | my_functions.py:1579 | ✅ Ventana seleccionada: 'SNAP'
2026-07-14 12:46:46 | INFO | my_functions.py:1602 | 🔁 Reajuste #1...
2026-07-14 12:46:47 | INFO | my_functions.py:1609 | ✔ Verificación completa. Se hicieron 1 reajustes.
2026-07-14 12:46:47 | INFO | my_functions.py:169 | Searching please_sign.png (timeout=0s)
2026-07-14 12:46:47 | INFO | my_functions.py:199 | 
✅ Found: please_sign.png pos=(383, 438) time=0.46s confidence=0.8
2026-07-14 12:46:47 | INFO | my_functions.py:247 | [DEBUG] Buscando en paralelo: ['ok_btn.png'] | timeout=20s | confidence=0.8
2026-07-14 12:46:49 | INFO | my_functions.py:134 | Haciendo click en la posición (382, 634)
2026-07-14 12:46:49 | INFO | my_functions.py:269 | 🖱️ Click OK (En paralelo): ok_btn.png at (382, 634) delay=1s
2026-07-14 12:46:50 | INFO | my_functions.py:247 | [DEBUG] Buscando en paralelo: ['small_submit.PNG', 'small_submit_hover.png', 'submit_hover_2.png', 'small_submit_hover_2.png'] | timeout=30s | confidence=0.8
2026-07-14 12:46:53 | INFO | my_functions.py:134 | Haciendo click en la posición (383, 643)
2026-07-14 12:46:53 | INFO | my_functions.py:269 | 🖱️ Click OK (En paralelo): small_submit_hover_2.png at (383, 643) delay=0.2s
2026-07-14 12:46:55 | INFO | my_functions.py:247 | [DEBUG] Buscando en paralelo: ['small_submit.PNG', 'small_submit_hover.png', 'submit_hover_2.png', 'small_submit_hover_2.png'] | timeout=20s | confidence=0.8
2026-07-14 12:46:56 | INFO | my_functions.py:134 | Haciendo click en la posición (380, 721)
2026-07-14 12:46:56 | INFO | my_functions.py:269 | 🖱️ Click OK (En paralelo): small_submit.PNG at (380, 721) delay=0.2s
2026-07-14 12:46:57 | INFO | my_functions.py:247 | [DEBUG] Buscando en paralelo: ['sign_in_with_google2.PNG'] | timeout=20s | confidence=0.8
2026-07-14 12:46:59 | INFO | my_functions.py:134 | Haciendo click en la posición (406, 957)
2026-07-14 12:46:59 | INFO | my_functions.py:269 | 🖱️ Click OK (En paralelo): sign_in_with_google2.PNG at (406, 957) delay=1s
2026-07-14 12:47:00 | INFO | my_functions.py:169 | Searching pagina_cargada.png (timeout=60s)
2026-07-14 12:47:05 | INFO | my_functions.py:199 | 
✅ Found: pagina_cargada.png pos=(70, 24) time=4.78s confidence=0.8
2026-07-14 12:47:07 | INFO | my_functions.py:247 | [DEBUG] Buscando en paralelo: ['william.png'] | timeout=0s | confidence=0.8
2026-07-14 12:47:08 | INFO | my_functions.py:281 | [DEBUG] Click skipped, ninguna de las imágenes se encontró en el intento.
2026-07-14 12:47:10 | INFO | my_functions.py:247 | [DEBUG] Buscando en paralelo: ['william.png'] | timeout=0s | confidence=0.8
2026-07-14 12:47:14 | INFO | my_functions.py:134 | Haciendo click en la posición (1150, 469)
2026-07-14 12:47:14 | INFO | my_functions.py:269 | 🖱️ Click OK (En paralelo): william.png at (1150, 469) delay=3s
2026-07-14 12:47:16 | INFO | my_functions.py:169 | Searching marvelsnap_web.png (timeout=30s)
2026-07-14 12:47:18 | INFO | my_functions.py:199 | 
✅ Found: marvelsnap_web.png pos=(258, 80) time=2.47s confidence=0.7
2026-07-14 12:47:19 | INFO | my_functions.py:169 | Searching shop_unselected.PNG (timeout=0s)
2026-07-14 12:47:19 | INFO | my_functions.py:213 | 
⛔ Not found: shop_unselected.PNG after 0.0s region=(0, 0, 765, 1038) confidence=0.8
2026-07-14 12:47:19 | INFO | my_functions.py:247 | [DEBUG] Buscando en paralelo: ['super_premium.PNG'] | timeout=0s | confidence=0.8
2026-07-14 12:47:20 | INFO | my_functions.py:281 | [DEBUG] Click skipped, ninguna de las imágenes se encontró en el intento.
2026-07-14 12:47:21 | INFO | my_functions.py:247 | [DEBUG] Buscando en paralelo: ['maybe_later.PNG'] | timeout=0s | confidence=0.8
2026-07-14 12:47:22 | INFO | my_functions.py:281 | [DEBUG] Click skipped, ninguna de las imágenes se encontró en el intento.
2026-07-14 12:47:23 | INFO | my_functions.py:247 | [DEBUG] Buscando en paralelo: ['maybe_later2.PNG'] | timeout=0s | confidence=0.8
2026-07-14 12:47:23 | INFO | my_functions.py:281 | [DEBUG] Click skipped, ninguna de las imágenes se encontró en el intento.
2026-07-14 12:47:24 | INFO | my_functions.py:169 | Searching go_to_shop.PNG (timeout=0s)
2026-07-14 12:47:25 | INFO | my_functions.py:213 | 
⛔ Not found: go_to_shop.PNG after 0.0s region=(0, 0, 765, 1038) confidence=0.8
2026-07-14 12:47:25 | INFO | my_functions.py:247 | [DEBUG] Buscando en paralelo: ['14_days_of_winterverse.PNG'] | timeout=0s | confidence=0.8
2026-07-14 12:47:25 | INFO | my_functions.py:281 | [DEBUG] Click skipped, ninguna de las imágenes se encontró en el intento.
2026-07-14 12:47:27 | INFO | my_functions.py:169 | Searching welcome_back_calendar.PNG (timeout=0s)
2026-07-14 12:47:28 | INFO | my_functions.py:213 | 
⛔ Not found: welcome_back_calendar.PNG after 0.52s region=(0, 0, 765, 1038) confidence=0.8
2026-07-14 12:47:28 | INFO | my_functions.py:247 | [DEBUG] Buscando en paralelo: ['start_the_countdown.PNG'] | timeout=0s | confidence=0.8
2026-07-14 12:47:28 | INFO | my_functions.py:281 | [DEBUG] Click skipped, ninguna de las imágenes se encontró en el intento.
2026-07-14 12:47:29 | INFO | my_functions.py:247 | [DEBUG] Buscando en paralelo: ['event_has_ended_sanctum.PNG'] | timeout=0s | confidence=0.8
2026-07-14 12:47:30 | INFO | my_functions.py:281 | [DEBUG] Click skipped, ninguna de las imágenes se encontró en el intento.
2026-07-14 12:47:31 | INFO | my_functions.py:247 | [DEBUG] Buscando en paralelo: ['event_has_ended_teamclash.PNG'] | timeout=0s | confidence=0.8
2026-07-14 12:47:32 | INFO | my_functions.py:281 | [DEBUG] Click skipped, ninguna de las imágenes se encontró en el intento.
2026-07-14 12:47:33 | INFO | my_functions.py:247 | [DEBUG] Buscando en paralelo: ['image_part_of_event_grand_arena_finished.PNG'] | timeout=0s | confidence=0.8
2026-07-14 12:47:33 | INFO | my_functions.py:281 | [DEBUG] Click skipped, ninguna de las imágenes se encontró en el intento.
2026-07-14 12:47:34 | INFO | my_functions.py:169 | Searching 28_day_event_login_rewards.PNG (timeout=0s)
2026-07-14 12:47:35 | INFO | my_functions.py:213 | 
⛔ Not found: 28_day_event_login_rewards.PNG after 0.46s region=(0, 0, 765, 1038) confidence=0.8
2026-07-14 12:47:35 | INFO | my_functions.py:169 | Searching 7_day_event_login.PNG (timeout=0s)
2026-07-14 12:47:36 | INFO | my_functions.py:213 | 
⛔ Not found: 7_day_event_login.PNG after 0.0s region=(0, 0, 765, 1038) confidence=0.8
2026-07-14 12:47:36 | INFO | my_functions.py:169 | Searching 14_days_event.PNG (timeout=0s)
2026-07-14 12:47:36 | INFO | my_functions.py:213 | 
⛔ Not found: 14_days_event.PNG after 0.0s region=(0, 0, 765, 1038) confidence=0.8
2026-07-14 12:47:36 | INFO | my_functions.py:247 | [DEBUG] Buscando en paralelo: ['lets_go.PNG'] | timeout=0s | confidence=0.8
2026-07-14 12:47:37 | INFO | my_functions.py:281 | [DEBUG] Click skipped, ninguna de las imágenes se encontró en el intento.
2026-07-14 12:47:39 | INFO | my_functions.py:169 | Searching shop_unselected.PNG (timeout=0s)
2026-07-14 12:47:39 | INFO | my_functions.py:213 | 
⛔ Not found: shop_unselected.PNG after 0.0s region=(0, 0, 765, 1038) confidence=0.8
2026-07-14 12:47:39 | INFO | my_functions.py:247 | [DEBUG] Buscando en paralelo: ['super_premium.PNG'] | timeout=0s | confidence=0.8
2026-07-14 12:47:41 | INFO | my_functions.py:134 | Haciendo click en la posición (480, 777)
2026-07-14 12:47:41 | INFO | my_functions.py:269 | 🖱️ Click OK (En paralelo): super_premium.PNG at (480, 777) delay=1s
2026-07-14 12:47:42 | INFO | my_functions.py:142 | Presionando ESC (1/1)
2026-07-14 12:47:51 | INFO | my_functions.py:169 | Searching shop_unselected.PNG (timeout=0s)
2026-07-14 12:47:51 | INFO | my_functions.py:199 | 
✅ Found: shop_unselected.PNG pos=(88, 961) time=0.71s confidence=0.8
2026-07-14 12:47:51 | INFO | my_functions.py:714 | Ya esta listo
2026-07-14 12:47:56 | INFO | my_functions.py:533 | AVAILABLE: 6
2026-07-14 12:47:56 | INFO | my_functions.py:555 | Misiones completadas: 0
2026-07-14 12:47:56 | INFO | my_functions.py:169 | Searching play.PNG (timeout=0s)
2026-07-14 12:47:56 | INFO | my_functions.py:199 | 
✅ Found: play.PNG pos=(384, 825) time=0.62s confidence=0.8
2026-07-14 12:47:57 | INFO | my_functions.py:1440 | [INFO] Click realizado donde se equipa el deck a jugar
2026-07-14 12:48:01 | INFO | my_functions.py:247 | [DEBUG] Buscando en paralelo: ['deck_666666.png'] | timeout=3s | confidence=0.8
2026-07-14 12:48:02 | INFO | my_functions.py:134 | Haciendo click en la posición (235, 546)
2026-07-14 12:48:03 | INFO | my_functions.py:269 | 🖱️ Click OK (En paralelo): deck_666666.png at (235, 546) delay=1s
2026-07-14 12:48:04 | INFO | my_functions.py:247 | [DEBUG] Buscando en paralelo: ['equip.png'] | timeout=3s | confidence=0.95
2026-07-14 12:48:05 | INFO | my_functions.py:134 | Haciendo click en la posición (548, 983)
2026-07-14 12:48:06 | INFO | my_functions.py:269 | 🖱️ Click OK (En paralelo): equip.png at (548, 983) delay=1s
2026-07-14 12:48:07 | INFO | each_eight_hours.py:134 | Deck selected: 6turns
2026-07-14 12:48:07 | INFO | my_functions.py:247 | [DEBUG] Buscando en paralelo: ['maybe_later.PNG'] | timeout=2s | confidence=0.8
2026-07-14 12:48:09 | INFO | my_functions.py:281 | [DEBUG] Click skipped, ninguna de las imágenes se encontró en el intento.
2026-07-14 12:48:10 | INFO | my_functions.py:247 | [DEBUG] Buscando en paralelo: ['maybe_later2.PNG'] | timeout=0.01s | confidence=0.8
2026-07-14 12:48:11 | INFO | my_functions.py:281 | [DEBUG] Click skipped, ninguna de las imágenes se encontró en el intento.
2026-07-14 12:48:12 | INFO | each_eight_hours.py:148 | Starting game loop 1
2026-07-14 12:48:12 | INFO | my_functions.py:247 | [DEBUG] Buscando en paralelo: ['play.PNG'] | timeout=20s | confidence=0.8
2026-07-14 12:48:15 | INFO | my_functions.py:134 | Haciendo click en la posición (384, 824)
2026-07-14 12:48:16 | INFO | my_functions.py:269 | 🖱️ Click OK (En paralelo): play.PNG at (384, 824) delay=3s
2026-07-14 12:48:40 | INFO | my_functions.py:199 | 
✅ Found: end_turn.PNG pos=(682, 945) time=0.63s confidence=0.8
2026-07-14 12:48:40 | INFO | my_functions.py:247 | [DEBUG] Buscando en paralelo: ['snap.PNG'] | timeout=0s | confidence=0.8
2026-07-14 12:48:42 | INFO | my_functions.py:134 | Haciendo click en la posición (386, 124)
2026-07-14 12:48:42 | INFO | my_functions.py:269 | 🖱️ Click OK (En paralelo): snap.PNG at (386, 124) delay=1s
2026-07-14 12:48:48 | INFO | my_functions.py:247 | [DEBUG] Buscando en paralelo: ['end_turn.PNG'] | timeout=0s | confidence=0.8
2026-07-14 12:48:49 | INFO | my_functions.py:281 | [DEBUG] Click skipped, ninguna de las imágenes se encontró en el intento.
2026-07-14 12:48:53 | INFO | my_functions.py:199 | 
✅ Found: end_turn.PNG pos=(682, 946) time=0.64s confidence=0.8
2026-07-14 12:48:53 | INFO | my_functions.py:247 | [DEBUG] Buscando en paralelo: ['snap.PNG'] | timeout=0s | confidence=0.8
2026-07-14 12:48:55 | INFO | my_functions.py:134 | Haciendo click en la posición (386, 123)
2026-07-14 12:48:55 | INFO | my_functions.py:269 | 🖱️ Click OK (En paralelo): snap.PNG at (386, 123) delay=1s
2026-07-14 12:49:01 | INFO | my_functions.py:247 | [DEBUG] Buscando en paralelo: ['end_turn.PNG'] | timeout=0s | confidence=0.8
2026-07-14 12:49:03 | INFO | my_functions.py:134 | Haciendo click en la posición (682, 945)
2026-07-14 12:49:03 | INFO | my_functions.py:269 | 🖱️ Click OK (En paralelo): end_turn.PNG at (682, 945) delay=1s
2026-07-14 12:49:04 | INFO | each_eight_hours.py:165 | End turn executed
2026-07-14 12:49:16 | INFO | my_functions.py:199 | 
✅ Found: end_turn.PNG pos=(681, 945) time=0.64s confidence=0.8
2026-07-14 12:49:16 | INFO | my_functions.py:247 | [DEBUG] Buscando en paralelo: ['snap.PNG'] | timeout=0s | confidence=0.8
2026-07-14 12:49:17 | INFO | my_functions.py:281 | [DEBUG] Click skipped, ninguna de las imágenes se encontró en el intento.
2026-07-14 12:49:23 | INFO | my_functions.py:247 | [DEBUG] Buscando en paralelo: ['end_turn.PNG'] | timeout=0s | confidence=0.8
2026-07-14 12:49:25 | INFO | my_functions.py:134 | Haciendo click en la posición (682, 946)
2026-07-14 12:49:25 | INFO | my_functions.py:269 | 🖱️ Click OK (En paralelo): end_turn.PNG at (682, 946) delay=1s
2026-07-14 12:49:26 | INFO | each_eight_hours.py:165 | End turn executed
2026-07-14 12:49:42 | INFO | my_functions.py:199 | 
✅ Found: end_turn.PNG pos=(681, 945) time=0.64s confidence=0.8
2026-07-14 12:49:42 | INFO | my_functions.py:247 | [DEBUG] Buscando en paralelo: ['snap.PNG'] | timeout=0s | confidence=0.8
2026-07-14 12:49:43 | INFO | my_functions.py:281 | [DEBUG] Click skipped, ninguna de las imágenes se encontró en el intento.
2026-07-14 12:49:49 | INFO | my_functions.py:247 | [DEBUG] Buscando en paralelo: ['end_turn.PNG'] | timeout=0s | confidence=0.8
2026-07-14 12:49:50 | INFO | my_functions.py:134 | Haciendo click en la posición (682, 945)
2026-07-14 12:49:51 | INFO | my_functions.py:269 | 🖱️ Click OK (En paralelo): end_turn.PNG at (682, 945) delay=1s
2026-07-14 12:49:52 | INFO | each_eight_hours.py:165 | End turn executed
2026-07-14 12:49:58 | INFO | my_functions.py:199 | 
✅ Found: never_seen_before.png pos=(395, 141) time=0.49s confidence=0.8
2026-07-14 12:49:59 | WARNING | each_eight_hours.py:178 | Unknown popup handled
2026-07-14 12:50:11 | INFO | my_functions.py:199 | 
✅ Found: end_turn.PNG pos=(681, 945) time=0.63s confidence=0.8
2026-07-14 12:50:11 | INFO | my_functions.py:247 | [DEBUG] Buscando en paralelo: ['snap.PNG'] | timeout=0s | confidence=0.8
2026-07-14 12:50:12 | INFO | my_functions.py:281 | [DEBUG] Click skipped, ninguna de las imágenes se encontró en el intento.
2026-07-14 12:50:18 | INFO | my_functions.py:247 | [DEBUG] Buscando en paralelo: ['end_turn.PNG'] | timeout=0s | confidence=0.8
2026-07-14 12:50:20 | INFO | my_functions.py:134 | Haciendo click en la posición (682, 945)
2026-07-14 12:50:20 | INFO | my_functions.py:269 | 🖱️ Click OK (En paralelo): end_turn.PNG at (682, 945) delay=1s
2026-07-14 12:50:21 | INFO | each_eight_hours.py:165 | End turn executed
2026-07-14 12:50:37 | INFO | my_functions.py:199 | 
✅ Found: end_turn.PNG pos=(681, 945) time=0.64s confidence=0.8
2026-07-14 12:50:37 | INFO | my_functions.py:247 | [DEBUG] Buscando en paralelo: ['snap.PNG'] | timeout=0s | confidence=0.8
2026-07-14 12:50:38 | INFO | my_functions.py:281 | [DEBUG] Click skipped, ninguna de las imágenes se encontró en el intento.
2026-07-14 12:50:44 | INFO | my_functions.py:247 | [DEBUG] Buscando en paralelo: ['end_turn.PNG'] | timeout=0s | confidence=0.8
2026-07-14 12:50:45 | INFO | my_functions.py:134 | Haciendo click en la posición (682, 945)
2026-07-14 12:50:46 | INFO | my_functions.py:269 | 🖱️ Click OK (En paralelo): end_turn.PNG at (682, 945) delay=1s
2026-07-14 12:50:47 | INFO | each_eight_hours.py:165 | End turn executed
2026-07-14 12:51:09 | INFO | my_functions.py:199 | 
✅ Found: end_turn.PNG pos=(681, 945) time=0.6s confidence=0.8
2026-07-14 12:51:09 | INFO | my_functions.py:247 | [DEBUG] Buscando en paralelo: ['snap.PNG'] | timeout=0s | confidence=0.8
2026-07-14 12:51:10 | INFO | my_functions.py:281 | [DEBUG] Click skipped, ninguna de las imágenes se encontró en el intento.
2026-07-14 12:51:16 | INFO | my_functions.py:247 | [DEBUG] Buscando en paralelo: ['end_turn.PNG'] | timeout=0s | confidence=0.8
2026-07-14 12:51:18 | INFO | my_functions.py:134 | Haciendo click en la posición (682, 945)
2026-07-14 12:51:18 | INFO | my_functions.py:269 | 🖱️ Click OK (En paralelo): end_turn.PNG at (682, 945) delay=1s
2026-07-14 12:51:19 | INFO | each_eight_hours.py:165 | End turn executed
2026-07-14 12:51:43 | INFO | my_functions.py:199 | 
✅ Found: collect_rewards.PNG pos=(679, 957) time=0.75s confidence=0.8
2026-07-14 12:51:43 | INFO | each_eight_hours.py:204 | Rewards detected, exiting match
2026-07-14 12:51:43 | INFO | my_functions.py:247 | [DEBUG] Buscando en paralelo: ['collect_rewards.PNG'] | timeout=20s | confidence=0.8
2026-07-14 12:51:45 | INFO | my_functions.py:134 | Haciendo click en la posición (679, 957)
2026-07-14 12:51:45 | INFO | my_functions.py:269 | 🖱️ Click OK (En paralelo): collect_rewards.PNG at (679, 957) delay=1s
2026-07-14 12:51:46 | INFO | my_functions.py:247 | [DEBUG] Buscando en paralelo: ['next.PNG'] | timeout=20s | confidence=0.8
2026-07-14 12:51:52 | INFO | my_functions.py:134 | Haciendo click en la posición (677, 973)
2026-07-14 12:51:52 | INFO | my_functions.py:269 | 🖱️ Click OK (En paralelo): next.PNG at (677, 973) delay=1s
2026-07-14 12:51:55 | INFO | my_functions.py:533 | AVAILABLE: 6
2026-07-14 12:51:55 | INFO | each_eight_hours.py:271 | Submissions after match: 6
2026-07-14 12:51:55 | INFO | my_functions.py:555 | Misiones completadas: 2
2026-07-14 12:51:55 | INFO | each_eight_hours.py:275 | Submission condition met, breaking loop
2026-07-14 12:51:55 | INFO | my_functions.py:247 | [DEBUG] Buscando en paralelo: ['missionsNotify2.png'] | timeout=20s | confidence=0.8
2026-07-14 12:51:58 | INFO | my_functions.py:134 | Haciendo click en la posición (538, 124)
2026-07-14 12:51:59 | INFO | my_functions.py:269 | 🖱️ Click OK (En paralelo): missionsNotify2.png at (538, 124) delay=3s
2026-07-14 12:52:00 | INFO | my_functions.py:1470 | [INFO] Iniciando click_missions_blue2
2026-07-14 12:52:00 | INFO | my_functions.py:134 | Haciendo click en la posición (150, 132)
2026-07-14 12:52:01 | INFO | my_functions.py:1473 | [ACTION] Click hecho en icono de calendario que me dirige a las misiones ordinarias
2026-07-14 12:52:01 | INFO | my_functions.py:169 | Searching bonus_challenge.png (timeout=0s)
2026-07-14 12:52:01 | INFO | my_functions.py:213 | 
⛔ Not found: bonus_challenge.png after 0.0s region=(0, 0, 765, 1038) confidence=0.8
2026-07-14 12:52:03 | INFO | my_functions.py:134 | Haciendo click en la posición (362, 493)
2026-07-14 12:52:05 | INFO | my_functions.py:1486 | [ACTION] Click 1/2 en misión azul
2026-07-14 12:52:05 | INFO | my_functions.py:134 | Haciendo click en la posición (362, 493)
2026-07-14 12:52:06 | INFO | my_functions.py:1486 | [ACTION] Click 2/2 en misión azul
2026-07-14 12:52:07 | INFO | my_functions.py:169 | Searching flechita_mission.PNG (timeout=0s)
2026-07-14 12:52:08 | INFO | my_functions.py:213 | 
⛔ Not found: flechita_mission.PNG after 0.0s region=(0, 0, 765, 1038) confidence=0.8
2026-07-14 12:52:08 | INFO | my_functions.py:247 | [DEBUG] Buscando en paralelo: ['weekly3.PNG'] | timeout=0s | confidence=0.8
2026-07-14 12:52:08 | INFO | my_functions.py:281 | [DEBUG] Click skipped, ninguna de las imágenes se encontró en el intento.
2026-07-14 12:52:10 | INFO | my_functions.py:247 | [DEBUG] Buscando en paralelo: ['weekly3.PNG'] | timeout=0s | confidence=0.8
2026-07-14 12:52:10 | INFO | my_functions.py:281 | [DEBUG] Click skipped, ninguna de las imágenes se encontró en el intento.
2026-07-14 12:52:11 | INFO | my_functions.py:134 | Haciendo click en la posición (557, 64)
2026-07-14 12:52:13 | INFO | my_functions.py:247 | [DEBUG] Buscando en paralelo: ['cards_shop.PNG'] | timeout=20s | confidence=0.8
2026-07-14 12:52:15 | INFO | my_functions.py:134 | Haciendo click en la posición (568, 121)
2026-07-14 12:52:15 | INFO | my_functions.py:269 | 🖱️ Click OK (En paralelo): cards_shop.PNG at (568, 121) delay=1s
2026-07-14 12:52:17 | INFO | my_functions.py:247 | [DEBUG] Buscando en paralelo: ['token_icon.PNG'] | timeout=20s | confidence=0.8
2026-07-14 12:52:18 | INFO | my_functions.py:134 | Haciendo click en la posición (531, 171)
2026-07-14 12:52:19 | INFO | my_functions.py:269 | 🖱️ Click OK (En paralelo): token_icon.PNG at (531, 171) delay=1s
2026-07-14 12:52:22 | INFO | my_functions.py:247 | [DEBUG] Buscando en paralelo: ['claim!_token_3.PNG'] | timeout=4s | confidence=0.8
2026-07-14 12:52:26 | INFO | my_functions.py:281 | [DEBUG] Click skipped, ninguna de las imágenes se encontró en el intento.
2026-07-14 12:52:27 | INFO | my_functions.py:247 | [DEBUG] Buscando en paralelo: ['cards_shop.PNG'] | timeout=20s | confidence=0.8
2026-07-14 12:52:29 | INFO | my_functions.py:134 | Haciendo click en la posición (568, 122)
2026-07-14 12:52:29 | INFO | my_functions.py:269 | 🖱️ Click OK (En paralelo): cards_shop.PNG at (568, 122) delay=1s
2026-07-14 12:52:30 | INFO | my_functions.py:247 | [DEBUG] Buscando en paralelo: ['offers.PNG'] | timeout=20s | confidence=0.8
2026-07-14 12:52:32 | INFO | my_functions.py:134 | Haciendo click en la posición (197, 121)
2026-07-14 12:52:32 | INFO | my_functions.py:269 | 🖱️ Click OK (En paralelo): offers.PNG at (197, 121) delay=1s
2026-07-14 12:52:33 | INFO | my_functions.py:1351 | [INFO] Iniciando mejora de cartas
2026-07-14 12:52:33 | INFO | my_functions.py:247 | [DEBUG] Buscando en paralelo: ['upgrade_cards_icon.PNG'] | timeout=3s | confidence=0.8
2026-07-14 12:52:35 | INFO | my_functions.py:134 | Haciendo click en la posición (322, 170)
2026-07-14 12:52:35 | INFO | my_functions.py:269 | 🖱️ Click OK (En paralelo): upgrade_cards_icon.PNG at (322, 170) delay=1s
2026-07-14 12:52:36 | INFO | my_functions.py:1358 | [INFO] Abriendo icono de upgrade_cards
2026-07-14 12:52:37 | INFO | my_functions.py:1365 | [STEP] Mejorando carta 1
2026-07-14 12:52:38 | INFO | my_functions.py:1369 | [ACTION] Click en carta 1
2026-07-14 12:52:39 | INFO | my_functions.py:1374 | [ACTION] Click en botón upgrade
2026-07-14 12:52:46 | INFO | my_functions.py:169 | Searching aw_snap.png (timeout=3s)
2026-07-14 12:52:50 | INFO | my_functions.py:213 | 
⛔ Not found: aw_snap.png after 3.32s region=(0, 0, 765, 1038) confidence=0.8
2026-07-14 12:52:50 | INFO | my_functions.py:247 | [DEBUG] Buscando en paralelo: ['you_need_more_credits!.png'] | timeout=3s | confidence=0.8
2026-07-14 12:52:51 | INFO | my_functions.py:134 | Haciendo click en la posición (381, 345)
2026-07-14 12:52:51 | INFO | my_functions.py:269 | 🖱️ Click OK (En paralelo): you_need_more_credits!.png at (381, 345) delay=1s
2026-07-14 12:52:52 | INFO | my_functions.py:142 | Presionando ESC (1/2)
2026-07-14 12:52:53 | INFO | my_functions.py:142 | Presionando ESC (2/2)
2026-07-14 12:52:56 | INFO | my_functions.py:1433 | [INFO] Mejora de cartas completada ✅
2026-07-14 12:52:56 | INFO | my_functions.py:142 | Presionando ESC (1/1)
2026-07-14 12:52:56 | INFO | my_functions.py:247 | [DEBUG] Buscando en paralelo: ['white_x.png'] | timeout=2s | confidence=0.8
2026-07-14 12:52:59 | INFO | my_functions.py:281 | [DEBUG] Click skipped, ninguna de las imágenes se encontró en el intento.
2026-07-14 12:53:00 | INFO | each_eight_hours.py:46 | [12:53:00.401] [DEBUG] === INICIANDO FUNCIÓN collect_cl_rewards ===
2026-07-14 12:53:00 | INFO | each_eight_hours.py:46 | [12:53:00.404] [DEBUG] Haciendo click inicial en (387, 166)...
2026-07-14 12:53:00 | INFO | my_functions.py:134 | Haciendo click en la posición (387, 166)
2026-07-14 12:53:06 | INFO | each_eight_hours.py:46 | [12:53:06.734] [DEBUG] Se omitió el cambio de tamaño de ventanas (resize=False)
2026-07-14 12:53:06 | INFO | each_eight_hours.py:46 | [12:53:06.755] [DEBUG] Recompensas iniciales detectadas por la API: 0
2026-07-14 12:53:06 | INFO | each_eight_hours.py:46 | Finished collecting rewards
2026-07-14 12:53:07 | INFO | my_functions.py:142 | Presionando ESC (1/1)
2026-07-14 12:53:08 | INFO | my_functions.py:247 | [DEBUG] Buscando en paralelo: ['nut.png'] | timeout=20s | confidence=0.8
2026-07-14 12:53:10 | INFO | my_functions.py:134 | Haciendo click en la posición (184, 78)
2026-07-14 12:53:10 | INFO | my_functions.py:269 | 🖱️ Click OK (En paralelo): nut.png at (184, 78) delay=1s
2026-07-14 12:53:11 | INFO | my_functions.py:247 | [DEBUG] Buscando en paralelo: ['graphics_quality.png'] | timeout=3s | confidence=0.8
2026-07-14 12:53:12 | INFO | my_functions.py:134 | Haciendo click en la posición (304, 644)
2026-07-14 12:53:13 | INFO | my_functions.py:269 | 🖱️ Click OK (En paralelo): graphics_quality.png at (304, 644) delay=1s
2026-07-14 12:53:15 | INFO | my_functions.py:247 | [DEBUG] Buscando en paralelo: ['sign_out.png'] | timeout=20s | confidence=0.8
2026-07-14 12:53:16 | INFO | my_functions.py:134 | Haciendo click en la posición (380, 796)
2026-07-14 12:53:17 | INFO | my_functions.py:269 | 🖱️ Click OK (En paralelo): sign_out.png at (380, 796) delay=1s
2026-07-14 12:53:19 | INFO | my_functions.py:247 | [DEBUG] Buscando en paralelo: ['sign_out_grande.png'] | timeout=20s | confidence=0.8
2026-07-14 12:53:20 | INFO | my_functions.py:134 | Haciendo click en la posición (359, 437)
2026-07-14 12:53:20 | INFO | my_functions.py:269 | 🖱️ Click OK (En paralelo): sign_out_grande.png at (359, 437) delay=1s
2026-07-14 12:53:22 | INFO | my_functions.py:247 | [DEBUG] Buscando en paralelo: ['sign_out2.png'] | timeout=20s | confidence=0.8
2026-07-14 12:53:23 | INFO | my_functions.py:134 | Haciendo click en la posición (383, 634)
2026-07-14 12:53:23 | INFO | my_functions.py:269 | 🖱️ Click OK (En paralelo): sign_out2.png at (383, 634) delay=1s
2026-07-14 12:53:24 | INFO | my_functions.py:1545 | ⏱ Esperando 0.1 segundos antes de empezar...
2026-07-14 12:53:25 | INFO | my_functions.py:1552 | 🔍 Esperando ventana que contenga alguna de: SNAP (máx 20s)
2026-07-14 12:53:25 | INFO | my_functions.py:1564 | ✅ Ventana encontrada: 'SNAP'
2026-07-14 12:53:25 | INFO | my_functions.py:1579 | ✅ Ventana seleccionada: 'SNAP'
2026-07-14 12:53:27 | INFO | my_functions.py:1602 | 🔁 Reajuste #1...
2026-07-14 12:53:29 | INFO | my_functions.py:1609 | ✔ Verificación completa. Se hicieron 1 reajustes.
2026-07-14 12:53:33 | INFO | each_eight_hours.py:113 | Processing account: reeps_vm
2026-07-14 12:53:33 | INFO | my_functions.py:1545 | ⏱ Esperando 0.1 segundos antes de empezar...
2026-07-14 12:53:33 | INFO | my_functions.py:1552 | 🔍 Esperando ventana que contenga alguna de: ['SNAP'] (máx 20s)
2026-07-14 12:53:35 | INFO | my_functions.py:1564 | ✅ Ventana encontrada: 'SNAP'
2026-07-14 12:53:35 | INFO | my_functions.py:1579 | ✅ Ventana seleccionada: 'SNAP'
2026-07-14 12:53:38 | INFO | my_functions.py:1611 | ✔ Verificación completa. No hubo cambios después del primer ajuste.
2026-07-14 12:53:38 | INFO | my_functions.py:1206 | [DEBUG] Resizing SNAP window...
2026-07-14 12:53:38 | INFO | my_functions.py:1545 | ⏱ Esperando 0.1 segundos antes de empezar...
2026-07-14 12:53:38 | INFO | my_functions.py:1552 | 🔍 Esperando ventana que contenga alguna de: ['SNAP'] (máx 20s)
2026-07-14 12:53:38 | INFO | my_functions.py:1564 | ✅ Ventana encontrada: 'SNAP'
2026-07-14 12:53:38 | INFO | my_functions.py:1579 | ✅ Ventana seleccionada: 'SNAP'
2026-07-14 12:53:45 | INFO | my_functions.py:1611 | ✔ Verificación completa. No hubo cambios después del primer ajuste.
2026-07-14 12:53:45 | INFO | my_functions.py:247 | [DEBUG] Buscando en paralelo: ['small_submit.PNG', 'small_submit_hover.png', 'submit_hover_2.png', 'small_submit_hover_2.png'] | timeout=90s | confidence=0.8
2026-07-14 12:53:46 | INFO | my_functions.py:134 | Haciendo click en la posición (380, 642)
2026-07-14 12:53:46 | INFO | my_functions.py:269 | 🖱️ Click OK (En paralelo): small_submit.PNG at (380, 642) delay=0.2s
2026-07-14 12:53:50 | INFO | my_functions.py:247 | [DEBUG] Buscando en paralelo: ['small_submit.PNG', 'small_submit_hover.png', 'submit_hover_2.png', 'small_submit_hover_2.png'] | timeout=20s | confidence=0.8
2026-07-14 12:53:51 | INFO | my_functions.py:134 | Haciendo click en la posición (380, 721)
2026-07-14 12:53:51 | INFO | my_functions.py:269 | 🖱️ Click OK (En paralelo): small_submit.PNG at (380, 721) delay=0.2s
2026-07-14 12:53:52 | INFO | my_functions.py:1545 | ⏱ Esperando 0.1 segundos antes de empezar...
2026-07-14 12:53:52 | INFO | my_functions.py:1552 | 🔍 Esperando ventana que contenga alguna de: ['SNAP'] (máx 20s)
2026-07-14 12:53:52 | INFO | my_functions.py:1564 | ✅ Ventana encontrada: 'SNAP'
2026-07-14 12:53:52 | INFO | my_functions.py:1579 | ✅ Ventana seleccionada: 'SNAP'
2026-07-14 12:53:54 | INFO | my_functions.py:1602 | 🔁 Reajuste #1...
2026-07-14 12:53:56 | INFO | my_functions.py:1609 | ✔ Verificación completa. Se hicieron 1 reajustes.
2026-07-14 12:53:56 | INFO | my_functions.py:169 | Searching please_sign.png (timeout=0s)
2026-07-14 12:53:56 | INFO | my_functions.py:199 | 
✅ Found: please_sign.png pos=(383, 438) time=0.45s confidence=0.8
2026-07-14 12:53:56 | INFO | my_functions.py:247 | [DEBUG] Buscando en paralelo: ['ok_btn.png'] | timeout=20s | confidence=0.8
2026-07-14 12:53:58 | INFO | my_functions.py:134 | Haciendo click en la posición (382, 634)
2026-07-14 12:53:58 | INFO | my_functions.py:269 | 🖱️ Click OK (En paralelo): ok_btn.png at (382, 634) delay=1s
2026-07-14 12:53:59 | INFO | my_functions.py:247 | [DEBUG] Buscando en paralelo: ['small_submit.PNG', 'small_submit_hover.png', 'submit_hover_2.png', 'small_submit_hover_2.png'] | timeout=30s | confidence=0.8
2026-07-14 12:54:02 | INFO | my_functions.py:134 | Haciendo click en la posición (383, 643)
2026-07-14 12:54:02 | INFO | my_functions.py:269 | 🖱️ Click OK (En paralelo): small_submit_hover_2.png at (383, 643) delay=0.2s
2026-07-14 12:54:03 | INFO | my_functions.py:247 | [DEBUG] Buscando en paralelo: ['small_submit.PNG', 'small_submit_hover.png', 'submit_hover_2.png', 'small_submit_hover_2.png'] | timeout=20s | confidence=0.8
2026-07-14 12:54:05 | INFO | my_functions.py:134 | Haciendo click en la posición (380, 721)
2026-07-14 12:54:05 | INFO | my_functions.py:269 | 🖱️ Click OK (En paralelo): small_submit.PNG at (380, 721) delay=0.2s
2026-07-14 12:54:06 | INFO | my_functions.py:247 | [DEBUG] Buscando en paralelo: ['sign_in_with_google2.PNG'] | timeout=20s | confidence=0.8
2026-07-14 12:54:07 | INFO | my_functions.py:134 | Haciendo click en la posición (406, 957)
2026-07-14 12:54:08 | INFO | my_functions.py:269 | 🖱️ Click OK (En paralelo): sign_in_with_google2.PNG at (406, 957) delay=1s
2026-07-14 12:54:09 | INFO | my_functions.py:169 | Searching pagina_cargada.png (timeout=60s)
2026-07-14 12:54:14 | INFO | my_functions.py:199 | 
✅ Found: pagina_cargada.png pos=(70, 24) time=5.38s confidence=0.8
2026-07-14 12:54:16 | INFO | my_functions.py:247 | [DEBUG] Buscando en paralelo: ['reeps_vm.png'] | timeout=0s | confidence=0.8
2026-07-14 12:54:20 | INFO | my_functions.py:134 | Haciendo click en la posición (1126, 534)
2026-07-14 12:54:20 | INFO | my_functions.py:269 | 🖱️ Click OK (En paralelo): reeps_vm.png at (1126, 534) delay=3s
2026-07-14 12:54:21 | INFO | my_functions.py:169 | Searching marvelsnap_web.png (timeout=30s)
2026-07-14 12:54:25 | INFO | my_functions.py:199 | 
✅ Found: marvelsnap_web.png pos=(258, 80) time=3.98s confidence=0.7
2026-07-14 12:54:26 | INFO | my_functions.py:169 | Searching shop_unselected.PNG (timeout=0s)
2026-07-14 12:54:26 | INFO | my_functions.py:213 | 
⛔ Not found: shop_unselected.PNG after 0.0s region=(0, 0, 765, 1038) confidence=0.8
2026-07-14 12:54:26 | INFO | my_functions.py:247 | [DEBUG] Buscando en paralelo: ['super_premium.PNG'] | timeout=0s | confidence=0.8
2026-07-14 12:54:27 | INFO | my_functions.py:281 | [DEBUG] Click skipped, ninguna de las imágenes se encontró en el intento.
2026-07-14 12:54:28 | INFO | my_functions.py:247 | [DEBUG] Buscando en paralelo: ['maybe_later.PNG'] | timeout=0s | confidence=0.8
2026-07-14 12:54:28 | INFO | my_functions.py:281 | [DEBUG] Click skipped, ninguna de las imágenes se encontró en el intento.
2026-07-14 12:54:30 | INFO | my_functions.py:247 | [DEBUG] Buscando en paralelo: ['maybe_later2.PNG'] | timeout=0s | confidence=0.8
2026-07-14 12:54:30 | INFO | my_functions.py:281 | [DEBUG] Click skipped, ninguna de las imágenes se encontró en el intento.
2026-07-14 12:54:31 | INFO | my_functions.py:169 | Searching go_to_shop.PNG (timeout=0s)
2026-07-14 12:54:32 | INFO | my_functions.py:213 | 
⛔ Not found: go_to_shop.PNG after 0.0s region=(0, 0, 765, 1038) confidence=0.8
2026-07-14 12:54:32 | INFO | my_functions.py:247 | [DEBUG] Buscando en paralelo: ['14_days_of_winterverse.PNG'] | timeout=0s | confidence=0.8
2026-07-14 12:54:32 | INFO | my_functions.py:281 | [DEBUG] Click skipped, ninguna de las imágenes se encontró en el intento.
2026-07-14 12:54:33 | INFO | my_functions.py:169 | Searching welcome_back_calendar.PNG (timeout=0s)
2026-07-14 12:54:34 | INFO | my_functions.py:213 | 
⛔ Not found: welcome_back_calendar.PNG after 0.0s region=(0, 0, 765, 1038) confidence=0.8
2026-07-14 12:54:34 | INFO | my_functions.py:247 | [DEBUG] Buscando en paralelo: ['start_the_countdown.PNG'] | timeout=0s | confidence=0.8
2026-07-14 12:54:34 | INFO | my_functions.py:281 | [DEBUG] Click skipped, ninguna de las imágenes se encontró en el intento.
2026-07-14 12:54:35 | INFO | my_functions.py:247 | [DEBUG] Buscando en paralelo: ['event_has_ended_sanctum.PNG'] | timeout=0s | confidence=0.8
2026-07-14 12:54:36 | INFO | my_functions.py:281 | [DEBUG] Click skipped, ninguna de las imágenes se encontró en el intento.
2026-07-14 12:54:37 | INFO | my_functions.py:247 | [DEBUG] Buscando en paralelo: ['event_has_ended_teamclash.PNG'] | timeout=0s | confidence=0.8
2026-07-14 12:54:38 | INFO | my_functions.py:281 | [DEBUG] Click skipped, ninguna de las imágenes se encontró en el intento.
2026-07-14 12:54:39 | INFO | my_functions.py:247 | [DEBUG] Buscando en paralelo: ['image_part_of_event_grand_arena_finished.PNG'] | timeout=0s | confidence=0.8
2026-07-14 12:54:39 | INFO | my_functions.py:281 | [DEBUG] Click skipped, ninguna de las imágenes se encontró en el intento.
2026-07-14 12:54:41 | INFO | my_functions.py:169 | Searching 28_day_event_login_rewards.PNG (timeout=0s)
2026-07-14 12:54:41 | INFO | my_functions.py:213 | 
⛔ Not found: 28_day_event_login_rewards.PNG after 0.0s region=(0, 0, 765, 1038) confidence=0.8
2026-07-14 12:54:41 | INFO | my_functions.py:169 | Searching 7_day_event_login.PNG (timeout=0s)
2026-07-14 12:54:41 | INFO | my_functions.py:213 | 
⛔ Not found: 7_day_event_login.PNG after 0.0s region=(0, 0, 765, 1038) confidence=0.8
2026-07-14 12:54:41 | INFO | my_functions.py:169 | Searching 14_days_event.PNG (timeout=0s)
2026-07-14 12:54:42 | INFO | my_functions.py:213 | 
⛔ Not found: 14_days_event.PNG after 0.0s region=(0, 0, 765, 1038) confidence=0.8
2026-07-14 12:54:42 | INFO | my_functions.py:247 | [DEBUG] Buscando en paralelo: ['lets_go.PNG'] | timeout=0s | confidence=0.8
2026-07-14 12:54:42 | INFO | my_functions.py:281 | [DEBUG] Click skipped, ninguna de las imágenes se encontró en el intento.
2026-07-14 12:54:44 | INFO | my_functions.py:169 | Searching shop_unselected.PNG (timeout=0s)
2026-07-14 12:54:45 | INFO | my_functions.py:213 | 
⛔ Not found: shop_unselected.PNG after 0.0s region=(0, 0, 765, 1038) confidence=0.8
2026-07-14 12:54:45 | INFO | my_functions.py:247 | [DEBUG] Buscando en paralelo: ['super_premium.PNG'] | timeout=0s | confidence=0.8
2026-07-14 12:54:47 | INFO | my_functions.py:134 | Haciendo click en la posición (480, 777)
2026-07-14 12:54:47 | INFO | my_functions.py:269 | 🖱️ Click OK (En paralelo): super_premium.PNG at (480, 777) delay=1s
2026-07-14 12:54:48 | INFO | my_functions.py:142 | Presionando ESC (1/1)
2026-07-14 12:54:57 | INFO | my_functions.py:169 | Searching shop_unselected.PNG (timeout=0s)
2026-07-14 12:54:57 | INFO | my_functions.py:199 | 
✅ Found: shop_unselected.PNG pos=(88, 961) time=0.7s confidence=0.8
2026-07-14 12:54:57 | INFO | my_functions.py:714 | Ya esta listo
2026-07-14 12:55:01 | INFO | my_functions.py:533 | AVAILABLE: 6
2026-07-14 12:55:01 | INFO | my_functions.py:555 | Misiones completadas: 0
2026-07-14 12:55:01 | INFO | my_functions.py:169 | Searching play.PNG (timeout=0s)
2026-07-14 12:55:02 | INFO | my_functions.py:199 | 
✅ Found: play.PNG pos=(384, 825) time=0.63s confidence=0.8
2026-07-14 12:55:02 | INFO | my_functions.py:1440 | [INFO] Click realizado donde se equipa el deck a jugar
2026-07-14 12:55:06 | INFO | my_functions.py:247 | [DEBUG] Buscando en paralelo: ['deck_666666.png'] | timeout=3s | confidence=0.8
2026-07-14 12:55:08 | INFO | my_functions.py:134 | Haciendo click en la posición (235, 547)
2026-07-14 12:55:08 | INFO | my_functions.py:269 | 🖱️ Click OK (En paralelo): deck_666666.png at (235, 547) delay=1s
2026-07-14 12:55:09 | INFO | my_functions.py:247 | [DEBUG] Buscando en paralelo: ['equip.png'] | timeout=3s | confidence=0.95
2026-07-14 12:55:13 | INFO | my_functions.py:281 | [DEBUG] Click skipped, ninguna de las imágenes se encontró en el intento.
2026-07-14 12:55:14 | INFO | my_functions.py:142 | Presionando ESC (1/1)
2026-07-14 12:55:15 | INFO | each_eight_hours.py:134 | Deck selected: 6turns
2026-07-14 12:55:15 | INFO | my_functions.py:247 | [DEBUG] Buscando en paralelo: ['maybe_later.PNG'] | timeout=2s | confidence=0.8
2026-07-14 12:55:17 | INFO | my_functions.py:281 | [DEBUG] Click skipped, ninguna de las imágenes se encontró en el intento.
2026-07-14 12:55:18 | INFO | my_functions.py:247 | [DEBUG] Buscando en paralelo: ['maybe_later2.PNG'] | timeout=0.01s | confidence=0.8
2026-07-14 12:55:18 | INFO | my_functions.py:281 | [DEBUG] Click skipped, ninguna de las imágenes se encontró en el intento.
2026-07-14 12:55:20 | INFO | each_eight_hours.py:148 | Starting game loop 1
2026-07-14 12:55:20 | INFO | my_functions.py:247 | [DEBUG] Buscando en paralelo: ['play.PNG'] | timeout=20s | confidence=0.8
2026-07-14 12:55:23 | INFO | my_functions.py:134 | Haciendo click en la posición (384, 824)
2026-07-14 12:55:23 | INFO | my_functions.py:269 | 🖱️ Click OK (En paralelo): play.PNG at (384, 824) delay=3s
2026-07-14 12:55:39 | INFO | my_functions.py:199 | 
✅ Found: end_turn.PNG pos=(681, 945) time=0.64s confidence=0.8
2026-07-14 12:55:39 | INFO | my_functions.py:247 | [DEBUG] Buscando en paralelo: ['snap.PNG'] | timeout=0s | confidence=0.8
2026-07-14 12:55:41 | INFO | my_functions.py:134 | Haciendo click en la posición (386, 122)
2026-07-14 12:55:41 | INFO | my_functions.py:269 | 🖱️ Click OK (En paralelo): snap.PNG at (386, 122) delay=1s
2026-07-14 12:55:47 | INFO | my_functions.py:247 | [DEBUG] Buscando en paralelo: ['end_turn.PNG'] | timeout=0s | confidence=0.8
2026-07-14 12:55:49 | INFO | my_functions.py:134 | Haciendo click en la posición (682, 946)
2026-07-14 12:55:49 | INFO | my_functions.py:269 | 🖱️ Click OK (En paralelo): end_turn.PNG at (682, 946) delay=1s
2026-07-14 12:55:50 | INFO | each_eight_hours.py:165 | End turn executed
2026-07-14 12:56:05 | INFO | my_functions.py:199 | 
✅ Found: end_turn.PNG pos=(681, 945) time=0.64s confidence=0.8
2026-07-14 12:56:05 | INFO | my_functions.py:247 | [DEBUG] Buscando en paralelo: ['snap.PNG'] | timeout=0s | confidence=0.8
2026-07-14 12:56:06 | INFO | my_functions.py:281 | [DEBUG] Click skipped, ninguna de las imágenes se encontró en el intento.
2026-07-14 12:56:12 | INFO | my_functions.py:247 | [DEBUG] Buscando en paralelo: ['end_turn.PNG'] | timeout=0s | confidence=0.8
2026-07-14 12:56:14 | INFO | my_functions.py:134 | Haciendo click en la posición (682, 946)
2026-07-14 12:56:14 | INFO | my_functions.py:269 | 🖱️ Click OK (En paralelo): end_turn.PNG at (682, 946) delay=1s
2026-07-14 12:56:15 | INFO | each_eight_hours.py:165 | End turn executed
2026-07-14 12:56:30 | INFO | my_functions.py:199 | 
✅ Found: end_turn.PNG pos=(681, 945) time=0.62s confidence=0.8
2026-07-14 12:56:30 | INFO | my_functions.py:247 | [DEBUG] Buscando en paralelo: ['snap.PNG'] | timeout=0s | confidence=0.8
2026-07-14 12:56:31 | INFO | my_functions.py:281 | [DEBUG] Click skipped, ninguna de las imágenes se encontró en el intento.
2026-07-14 12:56:37 | INFO | my_functions.py:247 | [DEBUG] Buscando en paralelo: ['end_turn.PNG'] | timeout=0s | confidence=0.8
2026-07-14 12:56:39 | INFO | my_functions.py:134 | Haciendo click en la posición (682, 945)
2026-07-14 12:56:39 | INFO | my_functions.py:269 | 🖱️ Click OK (En paralelo): end_turn.PNG at (682, 945) delay=1s
2026-07-14 12:56:40 | INFO | each_eight_hours.py:165 | End turn executed
2026-07-14 12:56:53 | INFO | my_functions.py:199 | 
✅ Found: end_turn.PNG pos=(681, 945) time=0.62s confidence=0.8
2026-07-14 12:56:53 | INFO | my_functions.py:247 | [DEBUG] Buscando en paralelo: ['snap.PNG'] | timeout=0s | confidence=0.8
2026-07-14 12:56:53 | INFO | my_functions.py:281 | [DEBUG] Click skipped, ninguna de las imágenes se encontró en el intento.
2026-07-14 12:56:59 | INFO | my_functions.py:247 | [DEBUG] Buscando en paralelo: ['end_turn.PNG'] | timeout=0s | confidence=0.8
2026-07-14 12:57:01 | INFO | my_functions.py:134 | Haciendo click en la posición (682, 945)
2026-07-14 12:57:01 | INFO | my_functions.py:269 | 🖱️ Click OK (En paralelo): end_turn.PNG at (682, 945) delay=1s
2026-07-14 12:57:02 | INFO | each_eight_hours.py:165 | End turn executed
2026-07-14 12:57:27 | INFO | my_functions.py:199 | 
✅ Found: end_turn.PNG pos=(681, 945) time=0.62s confidence=0.8
2026-07-14 12:57:27 | INFO | my_functions.py:247 | [DEBUG] Buscando en paralelo: ['snap.PNG'] | timeout=0s | confidence=0.8
2026-07-14 12:57:28 | INFO | my_functions.py:281 | [DEBUG] Click skipped, ninguna de las imágenes se encontró en el intento.
2026-07-14 12:57:34 | INFO | my_functions.py:247 | [DEBUG] Buscando en paralelo: ['end_turn.PNG'] | timeout=0s | confidence=0.8
2026-07-14 12:57:36 | INFO | my_functions.py:134 | Haciendo click en la posición (682, 945)
2026-07-14 12:57:36 | INFO | my_functions.py:269 | 🖱️ Click OK (En paralelo): end_turn.PNG at (682, 945) delay=1s
2026-07-14 12:57:37 | INFO | each_eight_hours.py:165 | End turn executed
2026-07-14 12:57:49 | INFO | my_functions.py:199 | 
✅ Found: end_turn.PNG pos=(681, 945) time=0.65s confidence=0.8
2026-07-14 12:57:49 | INFO | my_functions.py:247 | [DEBUG] Buscando en paralelo: ['snap.PNG'] | timeout=0s | confidence=0.8
2026-07-14 12:57:50 | INFO | my_functions.py:281 | [DEBUG] Click skipped, ninguna de las imágenes se encontró en el intento.
2026-07-14 12:57:56 | INFO | my_functions.py:247 | [DEBUG] Buscando en paralelo: ['end_turn.PNG'] | timeout=0s | confidence=0.8
2026-07-14 12:57:58 | INFO | my_functions.py:134 | Haciendo click en la posición (682, 945)
2026-07-14 12:57:58 | INFO | my_functions.py:269 | 🖱️ Click OK (En paralelo): end_turn.PNG at (682, 945) delay=1s
2026-07-14 12:57:59 | INFO | each_eight_hours.py:165 | End turn executed
2026-07-14 12:58:27 | INFO | my_functions.py:199 | 
✅ Found: collect_rewards.PNG pos=(679, 957) time=0.74s confidence=0.8
2026-07-14 12:58:27 | INFO | each_eight_hours.py:204 | Rewards detected, exiting match
2026-07-14 12:58:27 | INFO | my_functions.py:247 | [DEBUG] Buscando en paralelo: ['collect_rewards.PNG'] | timeout=20s | confidence=0.8
2026-07-14 12:58:29 | INFO | my_functions.py:134 | Haciendo click en la posición (679, 957)
2026-07-14 12:58:29 | INFO | my_functions.py:269 | 🖱️ Click OK (En paralelo): collect_rewards.PNG at (679, 957) delay=1s
2026-07-14 12:58:30 | INFO | my_functions.py:247 | [DEBUG] Buscando en paralelo: ['next.PNG'] | timeout=20s | confidence=0.8
2026-07-14 12:58:37 | INFO | my_functions.py:134 | Haciendo click en la posición (677, 973)
2026-07-14 12:58:37 | INFO | my_functions.py:269 | 🖱️ Click OK (En paralelo): next.PNG at (677, 973) delay=1s
2026-07-14 12:58:41 | INFO | my_functions.py:533 | AVAILABLE: 6
2026-07-14 12:58:41 | INFO | each_eight_hours.py:271 | Submissions after match: 6
2026-07-14 12:58:41 | INFO | my_functions.py:555 | Misiones completadas: 0
2026-07-14 12:58:41 | INFO | each_eight_hours.py:148 | Starting game loop 2
2026-07-14 12:58:41 | INFO | my_functions.py:247 | [DEBUG] Buscando en paralelo: ['play.PNG'] | timeout=20s | confidence=0.8
2026-07-14 12:58:44 | INFO | my_functions.py:134 | Haciendo click en la posición (384, 824)
2026-07-14 12:58:44 | INFO | my_functions.py:269 | 🖱️ Click OK (En paralelo): play.PNG at (384, 824) delay=3s
2026-07-14 12:59:09 | INFO | my_functions.py:199 | 
✅ Found: end_turn.PNG pos=(682, 945) time=0.63s confidence=0.8
2026-07-14 12:59:09 | INFO | my_functions.py:247 | [DEBUG] Buscando en paralelo: ['snap.PNG'] | timeout=0s | confidence=0.8
2026-07-14 12:59:11 | INFO | my_functions.py:134 | Haciendo click en la posición (386, 123)
2026-07-14 12:59:11 | INFO | my_functions.py:269 | 🖱️ Click OK (En paralelo): snap.PNG at (386, 123) delay=1s
2026-07-14 12:59:17 | INFO | my_functions.py:247 | [DEBUG] Buscando en paralelo: ['end_turn.PNG'] | timeout=0s | confidence=0.8
2026-07-14 12:59:19 | INFO | my_functions.py:134 | Haciendo click en la posición (682, 946)
2026-07-14 12:59:19 | INFO | my_functions.py:269 | 🖱️ Click OK (En paralelo): end_turn.PNG at (682, 946) delay=1s
2026-07-14 12:59:20 | INFO | each_eight_hours.py:165 | End turn executed
2026-07-14 12:59:35 | INFO | my_functions.py:199 | 
✅ Found: end_turn.PNG pos=(681, 945) time=0.63s confidence=0.8
2026-07-14 12:59:35 | INFO | my_functions.py:247 | [DEBUG] Buscando en paralelo: ['snap.PNG'] | timeout=0s | confidence=0.8
2026-07-14 12:59:36 | INFO | my_functions.py:281 | [DEBUG] Click skipped, ninguna de las imágenes se encontró en el intento.
2026-07-14 12:59:42 | INFO | my_functions.py:247 | [DEBUG] Buscando en paralelo: ['end_turn.PNG'] | timeout=0s | confidence=0.8
2026-07-14 12:59:44 | INFO | my_functions.py:134 | Haciendo click en la posición (682, 946)
2026-07-14 12:59:44 | INFO | my_functions.py:269 | 🖱️ Click OK (En paralelo): end_turn.PNG at (682, 946) delay=1s
2026-07-14 12:59:45 | INFO | each_eight_hours.py:165 | End turn executed
2026-07-14 12:59:58 | INFO | my_functions.py:199 | 
✅ Found: end_turn.PNG pos=(681, 945) time=0.64s confidence=0.8
2026-07-14 12:59:58 | INFO | my_functions.py:247 | [DEBUG] Buscando en paralelo: ['snap.PNG'] | timeout=0s | confidence=0.8
2026-07-14 12:59:58 | INFO | my_functions.py:281 | [DEBUG] Click skipped, ninguna de las imágenes se encontró en el intento.
2026-07-14 13:00:05 | INFO | my_functions.py:247 | [DEBUG] Buscando en paralelo: ['end_turn.PNG'] | timeout=0s | confidence=0.8
2026-07-14 13:00:06 | INFO | my_functions.py:134 | Haciendo click en la posición (682, 945)
2026-07-14 13:00:06 | INFO | my_functions.py:269 | 🖱️ Click OK (En paralelo): end_turn.PNG at (682, 945) delay=1s
2026-07-14 13:00:07 | INFO | each_eight_hours.py:165 | End turn executed
2026-07-14 13:00:20 | INFO | my_functions.py:199 | 
✅ Found: end_turn.PNG pos=(681, 945) time=0.63s confidence=0.8
2026-07-14 13:00:20 | INFO | my_functions.py:247 | [DEBUG] Buscando en paralelo: ['snap.PNG'] | timeout=0s | confidence=0.8
2026-07-14 13:00:21 | INFO | my_functions.py:281 | [DEBUG] Click skipped, ninguna de las imágenes se encontró en el intento.
2026-07-14 13:00:27 | INFO | my_functions.py:247 | [DEBUG] Buscando en paralelo: ['end_turn.PNG'] | timeout=0s | confidence=0.8
2026-07-14 13:00:28 | INFO | my_functions.py:134 | Haciendo click en la posición (682, 945)
2026-07-14 13:00:29 | INFO | my_functions.py:269 | 🖱️ Click OK (En paralelo): end_turn.PNG at (682, 945) delay=1s
2026-07-14 13:00:30 | INFO | each_eight_hours.py:165 | End turn executed
2026-07-14 13:00:42 | INFO | my_functions.py:199 | 
✅ Found: end_turn.PNG pos=(681, 945) time=0.65s confidence=0.8
2026-07-14 13:00:42 | INFO | my_functions.py:247 | [DEBUG] Buscando en paralelo: ['snap.PNG'] | timeout=0s | confidence=0.8
2026-07-14 13:00:43 | INFO | my_functions.py:281 | [DEBUG] Click skipped, ninguna de las imágenes se encontró en el intento.
2026-07-14 13:00:49 | INFO | my_functions.py:247 | [DEBUG] Buscando en paralelo: ['end_turn.PNG'] | timeout=0s | confidence=0.8
2026-07-14 13:00:51 | INFO | my_functions.py:134 | Haciendo click en la posición (682, 945)
2026-07-14 13:00:51 | INFO | my_functions.py:269 | 🖱️ Click OK (En paralelo): end_turn.PNG at (682, 945) delay=1s
2026-07-14 13:00:52 | INFO | each_eight_hours.py:165 | End turn executed
2026-07-14 13:01:18 | INFO | my_functions.py:199 | 
✅ Found: end_turn.PNG pos=(681, 945) time=0.65s confidence=0.8
2026-07-14 13:01:18 | INFO | my_functions.py:247 | [DEBUG] Buscando en paralelo: ['snap.PNG'] | timeout=0s | confidence=0.8
2026-07-14 13:01:19 | INFO | my_functions.py:281 | [DEBUG] Click skipped, ninguna de las imágenes se encontró en el intento.
2026-07-14 13:01:25 | INFO | my_functions.py:247 | [DEBUG] Buscando en paralelo: ['end_turn.PNG'] | timeout=0s | confidence=0.8
2026-07-14 13:01:27 | INFO | my_functions.py:134 | Haciendo click en la posición (682, 945)
2026-07-14 13:01:27 | INFO | my_functions.py:269 | 🖱️ Click OK (En paralelo): end_turn.PNG at (682, 945) delay=1s
2026-07-14 13:01:28 | INFO | each_eight_hours.py:165 | End turn executed
2026-07-14 13:01:50 | INFO | my_functions.py:199 | 
✅ Found: collect_rewards.PNG pos=(679, 957) time=0.77s confidence=0.8
2026-07-14 13:01:50 | INFO | each_eight_hours.py:204 | Rewards detected, exiting match
2026-07-14 13:01:50 | INFO | my_functions.py:247 | [DEBUG] Buscando en paralelo: ['collect_rewards.PNG'] | timeout=20s | confidence=0.8
2026-07-14 13:01:51 | INFO | my_functions.py:134 | Haciendo click en la posición (679, 957)
2026-07-14 13:01:52 | INFO | my_functions.py:269 | 🖱️ Click OK (En paralelo): collect_rewards.PNG at (679, 957) delay=1s
2026-07-14 13:01:53 | INFO | my_functions.py:247 | [DEBUG] Buscando en paralelo: ['next.PNG'] | timeout=20s | confidence=0.8
2026-07-14 13:02:00 | INFO | my_functions.py:134 | Haciendo click en la posición (677, 973)
2026-07-14 13:02:00 | INFO | my_functions.py:269 | 🖱️ Click OK (En paralelo): next.PNG at (677, 973) delay=1s
2026-07-14 13:02:03 | INFO | my_functions.py:533 | AVAILABLE: 6
2026-07-14 13:02:03 | INFO | each_eight_hours.py:271 | Submissions after match: 6
2026-07-14 13:02:03 | INFO | my_functions.py:555 | Misiones completadas: 0
2026-07-14 13:02:04 | INFO | each_eight_hours.py:148 | Starting game loop 3
2026-07-14 13:02:04 | INFO | my_functions.py:247 | [DEBUG] Buscando en paralelo: ['play.PNG'] | timeout=20s | confidence=0.8
2026-07-14 13:02:24 | INFO | my_functions.py:281 | [DEBUG] Click skipped, ninguna de las imágenes se encontró en el intento.
2026-07-14 13:02:25 | INFO | my_functions.py:169 | Searching 28_day_event_login_rewards.PNG (timeout=0s)
2026-07-14 13:02:26 | INFO | my_functions.py:213 | 
⛔ Not found: 28_day_event_login_rewards.PNG after 0.0s region=(0, 0, 765, 1038) confidence=0.8
2026-07-14 13:02:28 | INFO | my_functions.py:533 | AVAILABLE: 6
2026-07-14 13:02:28 | INFO | each_eight_hours.py:271 | Submissions after match: 6
2026-07-14 13:02:28 | INFO | my_functions.py:555 | Misiones completadas: 0
2026-07-14 13:02:28 | INFO | each_eight_hours.py:148 | Starting game loop 4
2026-07-14 13:02:28 | INFO | my_functions.py:247 | [DEBUG] Buscando en paralelo: ['play.PNG'] | timeout=20s | confidence=0.8
2026-07-14 13:02:48 | INFO | my_functions.py:281 | [DEBUG] Click skipped, ninguna de las imágenes se encontró en el intento.
2026-07-14 13:02:49 | INFO | my_functions.py:169 | Searching 28_day_event_login_rewards.PNG (timeout=0s)
2026-07-14 13:02:50 | INFO | my_functions.py:213 | 
⛔ Not found: 28_day_event_login_rewards.PNG after 0.0s region=(0, 0, 765, 1038) confidence=0.8
2026-07-14 13:02:52 | INFO | my_functions.py:533 | AVAILABLE: 6
2026-07-14 13:02:52 | INFO | each_eight_hours.py:271 | Submissions after match: 6
2026-07-14 13:02:52 | INFO | my_functions.py:555 | Misiones completadas: 0
2026-07-14 13:02:52 | INFO | each_eight_hours.py:148 | Starting game loop 5
2026-07-14 13:02:52 | INFO | my_functions.py:247 | [DEBUG] Buscando en paralelo: ['play.PNG'] | timeout=20s | confidence=0.8
2026-07-14 13:03:12 | INFO | my_functions.py:281 | [DEBUG] Click skipped, ninguna de las imágenes se encontró en el intento.
2026-07-14 13:03:13 | INFO | my_functions.py:169 | Searching 28_day_event_login_rewards.PNG (timeout=0s)
2026-07-14 13:03:13 | INFO | my_functions.py:213 | 
⛔ Not found: 28_day_event_login_rewards.PNG after 0.0s region=(0, 0, 765, 1038) confidence=0.8
2026-07-14 13:03:15 | INFO | my_functions.py:533 | AVAILABLE: 6
2026-07-14 13:03:15 | INFO | each_eight_hours.py:271 | Submissions after match: 6
2026-07-14 13:03:15 | INFO | my_functions.py:555 | Misiones completadas: 0
2026-07-14 13:03:15 | INFO | each_eight_hours.py:148 | Starting game loop 6
2026-07-14 13:03:15 | INFO | my_functions.py:247 | [DEBUG] Buscando en paralelo: ['play.PNG'] | timeout=20s | confidence=0.8
2026-07-14 13:03:35 | INFO | my_functions.py:281 | [DEBUG] Click skipped, ninguna de las imágenes se encontró en el intento.
2026-07-14 13:03:37 | INFO | my_functions.py:169 | Searching 28_day_event_login_rewards.PNG (timeout=0s)
2026-07-14 13:03:37 | INFO | my_functions.py:213 | 
⛔ Not found: 28_day_event_login_rewards.PNG after 0.0s region=(0, 0, 765, 1038) confidence=0.8
2026-07-14 13:03:39 | INFO | my_functions.py:533 | AVAILABLE: 6
2026-07-14 13:03:39 | INFO | each_eight_hours.py:271 | Submissions after match: 6
2026-07-14 13:03:39 | INFO | my_functions.py:555 | Misiones completadas: 0
2026-07-14 13:03:39 | INFO | each_eight_hours.py:148 | Starting game loop 7
2026-07-14 13:03:39 | INFO | my_functions.py:247 | [DEBUG] Buscando en paralelo: ['play.PNG'] | timeout=20s | confidence=0.8
2026-07-14 13:03:59 | INFO | my_functions.py:281 | [DEBUG] Click skipped, ninguna de las imágenes se encontró en el intento.
2026-07-14 13:04:01 | INFO | my_functions.py:169 | Searching 28_day_event_login_rewards.PNG (timeout=0s)
2026-07-14 13:04:01 | INFO | my_functions.py:213 | 
⛔ Not found: 28_day_event_login_rewards.PNG after 0.0s region=(0, 0, 765, 1038) confidence=0.8
2026-07-14 13:04:03 | INFO | my_functions.py:533 | AVAILABLE: 6
2026-07-14 13:04:03 | INFO | each_eight_hours.py:271 | Submissions after match: 6
2026-07-14 13:04:03 | INFO | my_functions.py:555 | Misiones completadas: 0
2026-07-14 13:04:03 | INFO | each_eight_hours.py:148 | Starting game loop 8
2026-07-14 13:04:03 | INFO | my_functions.py:247 | [DEBUG] Buscando en paralelo: ['play.PNG'] | timeout=20s | confidence=0.8
2026-07-14 13:04:23 | INFO | my_functions.py:281 | [DEBUG] Click skipped, ninguna de las imágenes se encontró en el intento.
2026-07-14 13:04:24 | INFO | my_functions.py:169 | Searching 28_day_event_login_rewards.PNG (timeout=0s)
2026-07-14 13:04:25 | INFO | my_functions.py:213 | 
⛔ Not found: 28_day_event_login_rewards.PNG after 0.0s region=(0, 0, 765, 1038) confidence=0.8
2026-07-14 13:04:27 | INFO | my_functions.py:533 | AVAILABLE: 6
2026-07-14 13:04:27 | INFO | each_eight_hours.py:271 | Submissions after match: 6
2026-07-14 13:04:27 | INFO | my_functions.py:555 | Misiones completadas: 0
2026-07-14 13:04:27 | INFO | each_eight_hours.py:148 | Starting game loop 9
2026-07-14 13:04:27 | INFO | my_functions.py:247 | [DEBUG] Buscando en paralelo: ['play.PNG'] | timeout=20s | confidence=0.8
2026-07-14 13:04:47 | INFO | my_functions.py:281 | [DEBUG] Click skipped, ninguna de las imágenes se encontró en el intento.
2026-07-14 13:04:48 | INFO | my_functions.py:169 | Searching 28_day_event_login_rewards.PNG (timeout=0s)
2026-07-14 13:04:49 | INFO | my_functions.py:213 | 
⛔ Not found: 28_day_event_login_rewards.PNG after 0.0s region=(0, 0, 765, 1038) confidence=0.8
2026-07-14 13:04:51 | INFO | my_functions.py:533 | AVAILABLE: 6
2026-07-14 13:04:51 | INFO | each_eight_hours.py:271 | Submissions after match: 6
2026-07-14 13:04:51 | INFO | my_functions.py:555 | Misiones completadas: 0
2026-07-14 13:04:51 | INFO | each_eight_hours.py:148 | Starting game loop 10
2026-07-14 13:04:51 | INFO | my_functions.py:247 | [DEBUG] Buscando en paralelo: ['play.PNG'] | timeout=20s | confidence=0.8
2026-07-14 13:05:11 | INFO | my_functions.py:281 | [DEBUG] Click skipped, ninguna de las imágenes se encontró en el intento.
2026-07-14 13:05:12 | INFO | my_functions.py:169 | Searching 28_day_event_login_rewards.PNG (timeout=0s)
2026-07-14 13:05:12 | INFO | my_functions.py:213 | 
⛔ Not found: 28_day_event_login_rewards.PNG after 0.0s region=(0, 0, 765, 1038) confidence=0.8
2026-07-14 13:05:14 | INFO | my_functions.py:533 | AVAILABLE: 6
2026-07-14 13:05:14 | INFO | each_eight_hours.py:271 | Submissions after match: 6
2026-07-14 13:05:14 | INFO | my_functions.py:555 | Misiones completadas: 0
2026-07-14 13:05:14 | INFO | each_eight_hours.py:148 | Starting game loop 11
2026-07-14 13:05:14 | INFO | my_functions.py:247 | [DEBUG] Buscando en paralelo: ['play.PNG'] | timeout=20s | confidence=0.8
2026-07-14 13:05:35 | INFO | my_functions.py:281 | [DEBUG] Click skipped, ninguna de las imágenes se encontró en el intento.
2026-07-14 13:05:36 | INFO | my_functions.py:169 | Searching 28_day_event_login_rewards.PNG (timeout=0s)
2026-07-14 13:05:36 | INFO | my_functions.py:213 | 
⛔ Not found: 28_day_event_login_rewards.PNG after 0.0s region=(0, 0, 765, 1038) confidence=0.8
2026-07-14 13:05:38 | INFO | my_functions.py:533 | AVAILABLE: 6
2026-07-14 13:05:38 | INFO | each_eight_hours.py:271 | Submissions after match: 6
2026-07-14 13:05:38 | INFO | my_functions.py:555 | Misiones completadas: 0
2026-07-14 13:05:38 | INFO | each_eight_hours.py:148 | Starting game loop 12
2026-07-14 13:05:38 | INFO | my_functions.py:247 | [DEBUG] Buscando en paralelo: ['play.PNG'] | timeout=20s | confidence=0.8
2026-07-14 13:05:59 | INFO | my_functions.py:281 | [DEBUG] Click skipped, ninguna de las imágenes se encontró en el intento.
2026-07-14 13:06:00 | INFO | my_functions.py:169 | Searching 28_day_event_login_rewards.PNG (timeout=0s)
2026-07-14 13:06:00 | INFO | my_functions.py:213 | 
⛔ Not found: 28_day_event_login_rewards.PNG after 0.0s region=(0, 0, 765, 1038) confidence=0.8
2026-07-14 13:06:02 | INFO | my_functions.py:533 | AVAILABLE: 6
2026-07-14 13:06:02 | INFO | each_eight_hours.py:271 | Submissions after match: 6
2026-07-14 13:06:02 | INFO | my_functions.py:555 | Misiones completadas: 0
2026-07-14 13:06:02 | INFO | each_eight_hours.py:148 | Starting game loop 13
2026-07-14 13:06:02 | INFO | my_functions.py:247 | [DEBUG] Buscando en paralelo: ['play.PNG'] | timeout=20s | confidence=0.8
2026-07-14 13:06:22 | INFO | my_functions.py:281 | [DEBUG] Click skipped, ninguna de las imágenes se encontró en el intento.
2026-07-14 13:06:24 | INFO | my_functions.py:169 | Searching 28_day_event_login_rewards.PNG (timeout=0s)
2026-07-14 13:06:24 | INFO | my_functions.py:213 | 
⛔ Not found: 28_day_event_login_rewards.PNG after 0.0s region=(0, 0, 765, 1038) confidence=0.8
2026-07-14 13:06:26 | INFO | my_functions.py:533 | AVAILABLE: 6
2026-07-14 13:06:26 | INFO | each_eight_hours.py:271 | Submissions after match: 6
2026-07-14 13:06:26 | INFO | my_functions.py:555 | Misiones completadas: 0
2026-07-14 13:06:26 | INFO | each_eight_hours.py:148 | Starting game loop 14
2026-07-14 13:06:26 | INFO | my_functions.py:247 | [DEBUG] Buscando en paralelo: ['play.PNG'] | timeout=20s | confidence=0.8
2026-07-14 13:06:46 | INFO | my_functions.py:281 | [DEBUG] Click skipped, ninguna de las imágenes se encontró en el intento.
2026-07-14 13:06:47 | INFO | my_functions.py:169 | Searching 28_day_event_login_rewards.PNG (timeout=0s)
2026-07-14 13:06:48 | INFO | my_functions.py:213 | 
⛔ Not found: 28_day_event_login_rewards.PNG after 0.0s region=(0, 0, 765, 1038) confidence=0.8
2026-07-14 13:06:50 | INFO | my_functions.py:533 | AVAILABLE: 6
2026-07-14 13:06:50 | INFO | each_eight_hours.py:271 | Submissions after match: 6
2026-07-14 13:06:50 | INFO | my_functions.py:555 | Misiones completadas: 0
2026-07-14 13:06:50 | INFO | each_eight_hours.py:148 | Starting game loop 15
2026-07-14 13:06:50 | INFO | my_functions.py:247 | [DEBUG] Buscando en paralelo: ['play.PNG'] | timeout=20s | confidence=0.8
2026-07-14 13:07:10 | INFO | my_functions.py:281 | [DEBUG] Click skipped, ninguna de las imágenes se encontró en el intento.
2026-07-14 13:07:11 | INFO | my_functions.py:169 | Searching 28_day_event_login_rewards.PNG (timeout=0s)
2026-07-14 13:07:12 | INFO | my_functions.py:213 | 
⛔ Not found: 28_day_event_login_rewards.PNG after 0.0s region=(0, 0, 765, 1038) confidence=0.8
2026-07-14 13:07:14 | INFO | my_functions.py:533 | AVAILABLE: 6
2026-07-14 13:07:14 | INFO | each_eight_hours.py:271 | Submissions after match: 6
2026-07-14 13:07:14 | INFO | my_functions.py:555 | Misiones completadas: 0
2026-07-14 13:07:14 | INFO | each_eight_hours.py:148 | Starting game loop 16
2026-07-14 13:07:14 | INFO | my_functions.py:247 | [DEBUG] Buscando en paralelo: ['play.PNG'] | timeout=20s | confidence=0.8
2026-07-14 13:07:34 | INFO | my_functions.py:281 | [DEBUG] Click skipped, ninguna de las imágenes se encontró en el intento.
2026-07-14 13:07:35 | INFO | my_functions.py:169 | Searching 28_day_event_login_rewards.PNG (timeout=0s)
2026-07-14 13:07:35 | INFO | my_functions.py:213 | 
⛔ Not found: 28_day_event_login_rewards.PNG after 0.0s region=(0, 0, 765, 1038) confidence=0.8
2026-07-14 13:07:37 | INFO | my_functions.py:533 | AVAILABLE: 6
2026-07-14 13:07:37 | INFO | each_eight_hours.py:271 | Submissions after match: 6
2026-07-14 13:07:37 | INFO | my_functions.py:555 | Misiones completadas: 0
2026-07-14 13:07:37 | INFO | each_eight_hours.py:148 | Starting game loop 17
2026-07-14 13:07:37 | INFO | my_functions.py:247 | [DEBUG] Buscando en paralelo: ['play.PNG'] | timeout=20s | confidence=0.8
2026-07-14 13:07:58 | INFO | my_functions.py:281 | [DEBUG] Click skipped, ninguna de las imágenes se encontró en el intento.
2026-07-14 13:07:59 | INFO | my_functions.py:169 | Searching 28_day_event_login_rewards.PNG (timeout=0s)
2026-07-14 13:07:59 | INFO | my_functions.py:213 | 
⛔ Not found: 28_day_event_login_rewards.PNG after 0.0s region=(0, 0, 765, 1038) confidence=0.8
2026-07-14 13:08:01 | INFO | my_functions.py:533 | AVAILABLE: 6
2026-07-14 13:08:01 | INFO | each_eight_hours.py:271 | Submissions after match: 6
2026-07-14 13:08:01 | INFO | my_functions.py:555 | Misiones completadas: 0
2026-07-14 13:08:01 | INFO | each_eight_hours.py:148 | Starting game loop 18
2026-07-14 13:08:01 | INFO | my_functions.py:247 | [DEBUG] Buscando en paralelo: ['play.PNG'] | timeout=20s | confidence=0.8
2026-07-14 13:08:22 | INFO | my_functions.py:281 | [DEBUG] Click skipped, ninguna de las imágenes se encontró en el intento.
2026-07-14 13:08:23 | INFO | my_functions.py:169 | Searching 28_day_event_login_rewards.PNG (timeout=0s)
2026-07-14 13:08:23 | INFO | my_functions.py:213 | 
⛔ Not found: 28_day_event_login_rewards.PNG after 0.0s region=(0, 0, 765, 1038) confidence=0.8
2026-07-14 13:08:25 | INFO | my_functions.py:533 | AVAILABLE: 6
2026-07-14 13:08:25 | INFO | each_eight_hours.py:271 | Submissions after match: 6
2026-07-14 13:08:25 | INFO | my_functions.py:555 | Misiones completadas: 0
2026-07-14 13:08:25 | INFO | each_eight_hours.py:148 | Starting game loop 19
2026-07-14 13:08:25 | INFO | my_functions.py:247 | [DEBUG] Buscando en paralelo: ['play.PNG'] | timeout=20s | confidence=0.8
2026-07-14 13:08:46 | INFO | my_functions.py:281 | [DEBUG] Click skipped, ninguna de las imágenes se encontró en el intento.
2026-07-14 13:08:47 | INFO | my_functions.py:169 | Searching 28_day_event_login_rewards.PNG (timeout=0s)
2026-07-14 13:08:47 | INFO | my_functions.py:213 | 
⛔ Not found: 28_day_event_login_rewards.PNG after 0.0s region=(0, 0, 765, 1038) confidence=0.8
2026-07-14 13:08:49 | INFO | my_functions.py:533 | AVAILABLE: 6
2026-07-14 13:08:49 | INFO | each_eight_hours.py:271 | Submissions after match: 6
2026-07-14 13:08:49 | INFO | my_functions.py:555 | Misiones completadas: 0
2026-07-14 13:08:49 | INFO | each_eight_hours.py:148 | Starting game loop 20
2026-07-14 13:08:49 | INFO | my_functions.py:247 | [DEBUG] Buscando en paralelo: ['play.PNG'] | timeout=20s | confidence=0.8
2026-07-14 13:09:10 | INFO | my_functions.py:281 | [DEBUG] Click skipped, ninguna de las imágenes se encontró en el intento.
2026-07-14 13:09:11 | INFO | my_functions.py:169 | Searching 28_day_event_login_rewards.PNG (timeout=0s)
2026-07-14 13:09:11 | INFO | my_functions.py:213 | 
⛔ Not found: 28_day_event_login_rewards.PNG after 0.0s region=(0, 0, 765, 1038) confidence=0.8
2026-07-14 13:09:13 | INFO | my_functions.py:533 | AVAILABLE: 6
2026-07-14 13:09:13 | INFO | each_eight_hours.py:271 | Submissions after match: 6
2026-07-14 13:09:13 | INFO | my_functions.py:555 | Misiones completadas: 0
2026-07-14 13:09:13 | INFO | my_functions.py:247 | [DEBUG] Buscando en paralelo: ['missionsNotify2.png'] | timeout=20s | confidence=0.8
2026-07-14 13:09:34 | INFO | my_functions.py:281 | [DEBUG] Click skipped, ninguna de las imágenes se encontró en el intento.
2026-07-14 13:09:35 | INFO | my_functions.py:1470 | [INFO] Iniciando click_missions_blue2
2026-07-14 13:09:35 | INFO | my_functions.py:134 | Haciendo click en la posición (150, 132)
2026-07-14 13:09:36 | INFO | my_functions.py:1473 | [ACTION] Click hecho en icono de calendario que me dirige a las misiones ordinarias
2026-07-14 13:09:36 | INFO | my_functions.py:169 | Searching bonus_challenge.png (timeout=0s)
2026-07-14 13:09:36 | INFO | my_functions.py:213 | 
⛔ Not found: bonus_challenge.png after 0.0s region=(0, 0, 765, 1038) confidence=0.8
2026-07-14 13:09:38 | INFO | my_functions.py:169 | Searching flechita_mission.PNG (timeout=0s)
2026-07-14 13:09:39 | INFO | my_functions.py:213 | 
⛔ Not found: flechita_mission.PNG after 0.0s region=(0, 0, 765, 1038) confidence=0.8
2026-07-14 13:09:39 | INFO | my_functions.py:247 | [DEBUG] Buscando en paralelo: ['weekly3.PNG'] | timeout=0s | confidence=0.8
2026-07-14 13:09:40 | INFO | my_functions.py:281 | [DEBUG] Click skipped, ninguna de las imágenes se encontró en el intento.
2026-07-14 13:09:41 | INFO | my_functions.py:247 | [DEBUG] Buscando en paralelo: ['weekly3.PNG'] | timeout=0s | confidence=0.8
2026-07-14 13:09:42 | INFO | my_functions.py:281 | [DEBUG] Click skipped, ninguna de las imágenes se encontró en el intento.
2026-07-14 13:09:43 | INFO | my_functions.py:134 | Haciendo click en la posición (557, 64)
2026-07-14 13:09:44 | INFO | my_functions.py:247 | [DEBUG] Buscando en paralelo: ['cards_shop.PNG'] | timeout=20s | confidence=0.8
2026-07-14 13:10:04 | INFO | my_functions.py:281 | [DEBUG] Click skipped, ninguna de las imágenes se encontró en el intento.
2026-07-14 13:10:06 | INFO | my_functions.py:247 | [DEBUG] Buscando en paralelo: ['token_icon.PNG'] | timeout=20s | confidence=0.8
2026-07-14 13:10:26 | INFO | my_functions.py:281 | [DEBUG] Click skipped, ninguna de las imágenes se encontró en el intento.
2026-07-14 13:10:29 | INFO | my_functions.py:247 | [DEBUG] Buscando en paralelo: ['claim!_token_3.PNG'] | timeout=4s | confidence=0.8
2026-07-14 13:10:34 | INFO | my_functions.py:281 | [DEBUG] Click skipped, ninguna de las imágenes se encontró en el intento.
2026-07-14 13:10:35 | INFO | my_functions.py:247 | [DEBUG] Buscando en paralelo: ['cards_shop.PNG'] | timeout=20s | confidence=0.8
2026-07-14 13:10:55 | INFO | my_functions.py:281 | [DEBUG] Click skipped, ninguna de las imágenes se encontró en el intento.
2026-07-14 13:10:56 | INFO | my_functions.py:247 | [DEBUG] Buscando en paralelo: ['offers.PNG'] | timeout=20s | confidence=0.8
2026-07-14 13:11:17 | INFO | my_functions.py:281 | [DEBUG] Click skipped, ninguna de las imágenes se encontró en el intento.
2026-07-14 13:11:18 | INFO | my_functions.py:1351 | [INFO] Iniciando mejora de cartas
2026-07-14 13:11:18 | INFO | my_functions.py:247 | [DEBUG] Buscando en paralelo: ['upgrade_cards_icon.PNG'] | timeout=3s | confidence=0.8
2026-07-14 13:11:22 | INFO | my_functions.py:281 | [DEBUG] Click skipped, ninguna de las imágenes se encontró en el intento.
2026-07-14 13:11:23 | WARNING | my_functions.py:1355 | [ALERT] No se encontró el ícono de upgrade_cards. Saltando función.
2026-07-14 13:11:23 | INFO | my_functions.py:142 | Presionando ESC (1/1)
2026-07-14 13:11:23 | INFO | my_functions.py:247 | [DEBUG] Buscando en paralelo: ['white_x.png'] | timeout=2s | confidence=0.8
2026-07-14 13:11:26 | INFO | my_functions.py:281 | [DEBUG] Click skipped, ninguna de las imágenes se encontró en el intento.
2026-07-14 13:11:27 | INFO | each_eight_hours.py:46 | [13:11:27.362] [DEBUG] === INICIANDO FUNCIÓN collect_cl_rewards ===
2026-07-14 13:11:27 | INFO | each_eight_hours.py:46 | [13:11:27.366] [DEBUG] Haciendo click inicial en (387, 166)...
2026-07-14 13:11:27 | INFO | my_functions.py:134 | Haciendo click en la posición (387, 166)
2026-07-14 13:11:33 | INFO | each_eight_hours.py:46 | [13:11:33.713] [DEBUG] Se omitió el cambio de tamaño de ventanas (resize=False)
2026-07-14 13:11:33 | INFO | each_eight_hours.py:46 | [13:11:33.736] [DEBUG] Recompensas iniciales detectadas por la API: 0
2026-07-14 13:11:33 | INFO | each_eight_hours.py:46 | Finished collecting rewards
2026-07-14 13:11:34 | INFO | my_functions.py:142 | Presionando ESC (1/1)
2026-07-14 13:11:35 | INFO | my_functions.py:247 | [DEBUG] Buscando en paralelo: ['nut.png'] | timeout=20s | confidence=0.8
2026-07-14 13:11:37 | INFO | my_functions.py:134 | Haciendo click en la posición (184, 78)
2026-07-14 13:11:37 | INFO | my_functions.py:269 | 🖱️ Click OK (En paralelo): nut.png at (184, 78) delay=1s
2026-07-14 13:11:38 | INFO | my_functions.py:247 | [DEBUG] Buscando en paralelo: ['graphics_quality.png'] | timeout=3s | confidence=0.8
2026-07-14 13:11:39 | INFO | my_functions.py:134 | Haciendo click en la posición (304, 644)
2026-07-14 13:11:40 | INFO | my_functions.py:269 | 🖱️ Click OK (En paralelo): graphics_quality.png at (304, 644) delay=1s
2026-07-14 13:11:42 | INFO | my_functions.py:247 | [DEBUG] Buscando en paralelo: ['sign_out.png'] | timeout=20s | confidence=0.8
2026-07-14 13:11:43 | INFO | my_functions.py:134 | Haciendo click en la posición (380, 796)
2026-07-14 13:11:44 | INFO | my_functions.py:269 | 🖱️ Click OK (En paralelo): sign_out.png at (380, 796) delay=1s
2026-07-14 13:11:46 | INFO | my_functions.py:247 | [DEBUG] Buscando en paralelo: ['sign_out_grande.png'] | timeout=20s | confidence=0.8
2026-07-14 13:11:47 | INFO | my_functions.py:134 | Haciendo click en la posición (359, 437)
2026-07-14 13:11:47 | INFO | my_functions.py:269 | 🖱️ Click OK (En paralelo): sign_out_grande.png at (359, 437) delay=1s
2026-07-14 13:11:49 | INFO | my_functions.py:247 | [DEBUG] Buscando en paralelo: ['sign_out2.png'] | timeout=20s | confidence=0.8
2026-07-14 13:11:50 | INFO | my_functions.py:134 | Haciendo click en la posición (383, 634)
2026-07-14 13:11:50 | INFO | my_functions.py:269 | 🖱️ Click OK (En paralelo): sign_out2.png at (383, 634) delay=1s
2026-07-14 13:11:51 | INFO | my_functions.py:1545 | ⏱ Esperando 0.1 segundos antes de empezar...
2026-07-14 13:11:52 | INFO | my_functions.py:1552 | 🔍 Esperando ventana que contenga alguna de: SNAP (máx 20s)
2026-07-14 13:11:52 | INFO | my_functions.py:1564 | ✅ Ventana encontrada: 'SNAP'
2026-07-14 13:11:52 | INFO | my_functions.py:1579 | ✅ Ventana seleccionada: 'SNAP'
2026-07-14 13:11:54 | INFO | my_functions.py:1602 | 🔁 Reajuste #1...
2026-07-14 13:11:56 | INFO | my_functions.py:1609 | ✔ Verificación completa. Se hicieron 1 reajustes.
2026-07-14 13:12:00 | INFO | each_eight_hours.py:113 | Processing account: overture_vm
2026-07-14 13:12:00 | INFO | my_functions.py:1545 | ⏱ Esperando 0.1 segundos antes de empezar...
2026-07-14 13:12:00 | INFO | my_functions.py:1552 | 🔍 Esperando ventana que contenga alguna de: ['SNAP'] (máx 20s)
2026-07-14 13:12:02 | INFO | my_functions.py:1564 | ✅ Ventana encontrada: 'SNAP'
2026-07-14 13:12:02 | INFO | my_functions.py:1579 | ✅ Ventana seleccionada: 'SNAP'
2026-07-14 13:12:04 | INFO | my_functions.py:1611 | ✔ Verificación completa. No hubo cambios después del primer ajuste.
2026-07-14 13:12:04 | INFO | my_functions.py:1206 | [DEBUG] Resizing SNAP window...
2026-07-14 13:12:04 | INFO | my_functions.py:1545 | ⏱ Esperando 0.1 segundos antes de empezar...
2026-07-14 13:12:04 | INFO | my_functions.py:1552 | 🔍 Esperando ventana que contenga alguna de: ['SNAP'] (máx 20s)
2026-07-14 13:12:04 | INFO | my_functions.py:1564 | ✅ Ventana encontrada: 'SNAP'
2026-07-14 13:12:05 | INFO | my_functions.py:1579 | ✅ Ventana seleccionada: 'SNAP'
2026-07-14 13:12:12 | INFO | my_functions.py:1611 | ✔ Verificación completa. No hubo cambios después del primer ajuste.
2026-07-14 13:12:12 | INFO | my_functions.py:247 | [DEBUG] Buscando en paralelo: ['small_submit.PNG', 'small_submit_hover.png', 'submit_hover_2.png', 'small_submit_hover_2.png'] | timeout=90s | confidence=0.8
2026-07-14 13:12:13 | INFO | my_functions.py:134 | Haciendo click en la posición (380, 642)
2026-07-14 13:12:13 | INFO | my_functions.py:269 | 🖱️ Click OK (En paralelo): small_submit.PNG at (380, 642) delay=0.2s
2026-07-14 13:12:16 | INFO | my_functions.py:247 | [DEBUG] Buscando en paralelo: ['small_submit.PNG', 'small_submit_hover.png', 'submit_hover_2.png', 'small_submit_hover_2.png'] | timeout=20s | confidence=0.8
2026-07-14 13:12:18 | INFO | my_functions.py:134 | Haciendo click en la posición (380, 721)
2026-07-14 13:12:18 | INFO | my_functions.py:269 | 🖱️ Click OK (En paralelo): small_submit.PNG at (380, 721) delay=0.2s
2026-07-14 13:12:19 | INFO | my_functions.py:1545 | ⏱ Esperando 0.1 segundos antes de empezar...
2026-07-14 13:12:19 | INFO | my_functions.py:1552 | 🔍 Esperando ventana que contenga alguna de: ['SNAP'] (máx 20s)
2026-07-14 13:12:19 | INFO | my_functions.py:1564 | ✅ Ventana encontrada: 'SNAP'
2026-07-14 13:12:19 | INFO | my_functions.py:1579 | ✅ Ventana seleccionada: 'SNAP'
2026-07-14 13:12:21 | INFO | my_functions.py:1602 | 🔁 Reajuste #1...
2026-07-14 13:12:22 | INFO | my_functions.py:1609 | ✔ Verificación completa. Se hicieron 1 reajustes.
2026-07-14 13:12:22 | INFO | my_functions.py:169 | Searching please_sign.png (timeout=0s)
2026-07-14 13:12:23 | INFO | my_functions.py:199 | 
✅ Found: please_sign.png pos=(383, 438) time=0.45s confidence=0.8
2026-07-14 13:12:23 | INFO | my_functions.py:247 | [DEBUG] Buscando en paralelo: ['ok_btn.png'] | timeout=20s | confidence=0.8
2026-07-14 13:12:24 | INFO | my_functions.py:134 | Haciendo click en la posición (382, 634)
2026-07-14 13:12:25 | INFO | my_functions.py:269 | 🖱️ Click OK (En paralelo): ok_btn.png at (382, 634) delay=1s
2026-07-14 13:12:26 | INFO | my_functions.py:247 | [DEBUG] Buscando en paralelo: ['small_submit.PNG', 'small_submit_hover.png', 'submit_hover_2.png', 'small_submit_hover_2.png'] | timeout=30s | confidence=0.8
2026-07-14 13:12:28 | INFO | my_functions.py:134 | Haciendo click en la posición (383, 643)
2026-07-14 13:12:29 | INFO | my_functions.py:269 | 🖱️ Click OK (En paralelo): small_submit_hover_2.png at (383, 643) delay=0.2s
2026-07-14 13:12:30 | INFO | my_functions.py:247 | [DEBUG] Buscando en paralelo: ['small_submit.PNG', 'small_submit_hover.png', 'submit_hover_2.png', 'small_submit_hover_2.png'] | timeout=20s | confidence=0.8
2026-07-14 13:12:31 | INFO | my_functions.py:134 | Haciendo click en la posición (380, 721)
2026-07-14 13:12:31 | INFO | my_functions.py:269 | 🖱️ Click OK (En paralelo): small_submit.PNG at (380, 721) delay=0.2s
2026-07-14 13:12:33 | INFO | my_functions.py:247 | [DEBUG] Buscando en paralelo: ['sign_in_with_google2.PNG'] | timeout=20s | confidence=0.8
2026-07-14 13:12:34 | INFO | my_functions.py:134 | Haciendo click en la posición (406, 957)
2026-07-14 13:12:34 | INFO | my_functions.py:269 | 🖱️ Click OK (En paralelo): sign_in_with_google2.PNG at (406, 957) delay=1s
2026-07-14 13:12:35 | INFO | my_functions.py:169 | Searching pagina_cargada.png (timeout=60s)
2026-07-14 13:12:40 | INFO | my_functions.py:199 | 
✅ Found: pagina_cargada.png pos=(70, 24) time=4.65s confidence=0.8
2026-07-14 13:12:42 | INFO | my_functions.py:247 | [DEBUG] Buscando en paralelo: ['overture_vm.png'] | timeout=0s | confidence=0.8
2026-07-14 13:12:46 | INFO | my_functions.py:134 | Haciendo click en la posición (1126, 447)
2026-07-14 13:12:46 | INFO | my_functions.py:269 | 🖱️ Click OK (En paralelo): overture_vm.png at (1126, 447) delay=3s
2026-07-14 13:12:47 | INFO | my_functions.py:169 | Searching marvelsnap_web.png (timeout=30s)
2026-07-14 13:12:50 | INFO | my_functions.py:199 | 
✅ Found: marvelsnap_web.png pos=(258, 80) time=3.21s confidence=0.7
2026-07-14 13:12:51 | INFO | my_functions.py:169 | Searching shop_unselected.PNG (timeout=0s)
2026-07-14 13:12:51 | INFO | my_functions.py:213 | 
⛔ Not found: shop_unselected.PNG after 0.0s region=(0, 0, 765, 1038) confidence=0.8
2026-07-14 13:12:51 | INFO | my_functions.py:247 | [DEBUG] Buscando en paralelo: ['super_premium.PNG'] | timeout=0s | confidence=0.8
2026-07-14 13:12:52 | INFO | my_functions.py:281 | [DEBUG] Click skipped, ninguna de las imágenes se encontró en el intento.
2026-07-14 13:12:53 | INFO | my_functions.py:247 | [DEBUG] Buscando en paralelo: ['maybe_later.PNG'] | timeout=0s | confidence=0.8
2026-07-14 13:12:54 | INFO | my_functions.py:281 | [DEBUG] Click skipped, ninguna de las imágenes se encontró en el intento.
2026-07-14 13:12:55 | INFO | my_functions.py:247 | [DEBUG] Buscando en paralelo: ['maybe_later2.PNG'] | timeout=0s | confidence=0.8
2026-07-14 13:12:55 | INFO | my_functions.py:281 | [DEBUG] Click skipped, ninguna de las imágenes se encontró en el intento.
2026-07-14 13:12:56 | INFO | my_functions.py:169 | Searching go_to_shop.PNG (timeout=0s)
2026-07-14 13:12:57 | INFO | my_functions.py:213 | 
⛔ Not found: go_to_shop.PNG after 0.0s region=(0, 0, 765, 1038) confidence=0.8
2026-07-14 13:12:57 | INFO | my_functions.py:247 | [DEBUG] Buscando en paralelo: ['14_days_of_winterverse.PNG'] | timeout=0s | confidence=0.8
2026-07-14 13:12:57 | INFO | my_functions.py:281 | [DEBUG] Click skipped, ninguna de las imágenes se encontró en el intento.
2026-07-14 13:12:58 | INFO | my_functions.py:169 | Searching welcome_back_calendar.PNG (timeout=0s)
2026-07-14 13:12:59 | INFO | my_functions.py:213 | 
⛔ Not found: welcome_back_calendar.PNG after 0.0s region=(0, 0, 765, 1038) confidence=0.8
2026-07-14 13:12:59 | INFO | my_functions.py:247 | [DEBUG] Buscando en paralelo: ['start_the_countdown.PNG'] | timeout=0s | confidence=0.8
2026-07-14 13:12:59 | INFO | my_functions.py:281 | [DEBUG] Click skipped, ninguna de las imágenes se encontró en el intento.
2026-07-14 13:13:01 | INFO | my_functions.py:247 | [DEBUG] Buscando en paralelo: ['event_has_ended_sanctum.PNG'] | timeout=0s | confidence=0.8
2026-07-14 13:13:01 | INFO | my_functions.py:281 | [DEBUG] Click skipped, ninguna de las imágenes se encontró en el intento.
2026-07-14 13:13:02 | INFO | my_functions.py:247 | [DEBUG] Buscando en paralelo: ['event_has_ended_teamclash.PNG'] | timeout=0s | confidence=0.8
2026-07-14 13:13:03 | INFO | my_functions.py:281 | [DEBUG] Click skipped, ninguna de las imágenes se encontró en el intento.
2026-07-14 13:13:04 | INFO | my_functions.py:247 | [DEBUG] Buscando en paralelo: ['image_part_of_event_grand_arena_finished.PNG'] | timeout=0s | confidence=0.8
2026-07-14 13:13:05 | INFO | my_functions.py:281 | [DEBUG] Click skipped, ninguna de las imágenes se encontró en el intento.
2026-07-14 13:13:06 | INFO | my_functions.py:169 | Searching 28_day_event_login_rewards.PNG (timeout=0s)
2026-07-14 13:13:06 | INFO | my_functions.py:213 | 
⛔ Not found: 28_day_event_login_rewards.PNG after 0.0s region=(0, 0, 765, 1038) confidence=0.8
2026-07-14 13:13:06 | INFO | my_functions.py:169 | Searching 7_day_event_login.PNG (timeout=0s)
2026-07-14 13:13:07 | INFO | my_functions.py:213 | 
⛔ Not found: 7_day_event_login.PNG after 0.0s region=(0, 0, 765, 1038) confidence=0.8
2026-07-14 13:13:07 | INFO | my_functions.py:169 | Searching 14_days_event.PNG (timeout=0s)
2026-07-14 13:13:07 | INFO | my_functions.py:213 | 
⛔ Not found: 14_days_event.PNG after 0.0s region=(0, 0, 765, 1038) confidence=0.8
2026-07-14 13:13:07 | INFO | my_functions.py:247 | [DEBUG] Buscando en paralelo: ['lets_go.PNG'] | timeout=0s | confidence=0.8
2026-07-14 13:13:08 | INFO | my_functions.py:281 | [DEBUG] Click skipped, ninguna de las imágenes se encontró en el intento.
2026-07-14 13:13:10 | INFO | my_functions.py:169 | Searching shop_unselected.PNG (timeout=0s)
2026-07-14 13:13:10 | INFO | my_functions.py:199 | 
✅ Found: shop_unselected.PNG pos=(88, 961) time=0.72s confidence=0.8
2026-07-14 13:13:18 | INFO | my_functions.py:169 | Searching shop_unselected.PNG (timeout=0s)
2026-07-14 13:13:19 | INFO | my_functions.py:199 | 
✅ Found: shop_unselected.PNG pos=(88, 961) time=0.72s confidence=0.8
2026-07-14 13:13:19 | INFO | my_functions.py:714 | Ya esta listo
2026-07-14 13:13:23 | INFO | my_functions.py:533 | AVAILABLE: 6
2026-07-14 13:13:23 | INFO | my_functions.py:555 | Misiones completadas: 0
2026-07-14 13:13:23 | INFO | my_functions.py:169 | Searching play.PNG (timeout=0s)
2026-07-14 13:13:24 | INFO | my_functions.py:199 | 
✅ Found: play.PNG pos=(384, 824) time=0.59s confidence=0.8
2026-07-14 13:13:24 | INFO | my_functions.py:1440 | [INFO] Click realizado donde se equipa el deck a jugar
2026-07-14 13:13:28 | INFO | my_functions.py:247 | [DEBUG] Buscando en paralelo: ['deck_666666.png'] | timeout=3s | confidence=0.8
2026-07-14 13:13:30 | INFO | my_functions.py:134 | Haciendo click en la posición (533, 546)
2026-07-14 13:13:30 | INFO | my_functions.py:269 | 🖱️ Click OK (En paralelo): deck_666666.png at (533, 546) delay=1s
2026-07-14 13:13:31 | INFO | my_functions.py:247 | [DEBUG] Buscando en paralelo: ['equip.png'] | timeout=3s | confidence=0.95
2026-07-14 13:13:33 | INFO | my_functions.py:134 | Haciendo click en la posición (548, 983)
2026-07-14 13:13:33 | INFO | my_functions.py:269 | 🖱️ Click OK (En paralelo): equip.png at (548, 983) delay=1s
2026-07-14 13:13:34 | INFO | each_eight_hours.py:134 | Deck selected: 6turns
2026-07-14 13:13:34 | INFO | my_functions.py:247 | [DEBUG] Buscando en paralelo: ['maybe_later.PNG'] | timeout=2s | confidence=0.8
2026-07-14 13:13:36 | INFO | my_functions.py:281 | [DEBUG] Click skipped, ninguna de las imágenes se encontró en el intento.
2026-07-14 13:13:38 | INFO | my_functions.py:247 | [DEBUG] Buscando en paralelo: ['maybe_later2.PNG'] | timeout=0.01s | confidence=0.8
2026-07-14 13:13:38 | INFO | my_functions.py:281 | [DEBUG] Click skipped, ninguna de las imágenes se encontró en el intento.
2026-07-14 13:13:39 | INFO | each_eight_hours.py:148 | Starting game loop 1
2026-07-14 13:13:39 | INFO | my_functions.py:247 | [DEBUG] Buscando en paralelo: ['play.PNG'] | timeout=20s | confidence=0.8
2026-07-14 13:13:43 | INFO | my_functions.py:134 | Haciendo click en la posición (384, 824)
2026-07-14 13:13:43 | INFO | my_functions.py:269 | 🖱️ Click OK (En paralelo): play.PNG at (384, 824) delay=3s
2026-07-14 13:13:55 | INFO | my_functions.py:199 | 
✅ Found: end_turn.PNG pos=(681, 945) time=0.68s confidence=0.8
2026-07-14 13:13:55 | INFO | my_functions.py:247 | [DEBUG] Buscando en paralelo: ['snap.PNG'] | timeout=0s | confidence=0.8
2026-07-14 13:13:57 | INFO | my_functions.py:134 | Haciendo click en la posición (386, 122)
2026-07-14 13:13:57 | INFO | my_functions.py:269 | 🖱️ Click OK (En paralelo): snap.PNG at (386, 122) delay=1s
2026-07-14 13:14:03 | INFO | my_functions.py:247 | [DEBUG] Buscando en paralelo: ['end_turn.PNG'] | timeout=0s | confidence=0.8
2026-07-14 13:14:05 | INFO | my_functions.py:134 | Haciendo click en la posición (682, 946)
2026-07-14 13:14:05 | INFO | my_functions.py:269 | 🖱️ Click OK (En paralelo): end_turn.PNG at (682, 946) delay=1s
2026-07-14 13:14:06 | INFO | each_eight_hours.py:165 | End turn executed
2026-07-14 13:14:22 | INFO | my_functions.py:199 | 
✅ Found: end_turn.PNG pos=(681, 945) time=0.62s confidence=0.8
2026-07-14 13:14:22 | INFO | my_functions.py:247 | [DEBUG] Buscando en paralelo: ['snap.PNG'] | timeout=0s | confidence=0.8
2026-07-14 13:14:22 | INFO | my_functions.py:281 | [DEBUG] Click skipped, ninguna de las imágenes se encontró en el intento.
2026-07-14 13:14:29 | INFO | my_functions.py:247 | [DEBUG] Buscando en paralelo: ['end_turn.PNG'] | timeout=0s | confidence=0.8
2026-07-14 13:14:30 | INFO | my_functions.py:134 | Haciendo click en la posición (682, 945)
2026-07-14 13:14:30 | INFO | my_functions.py:269 | 🖱️ Click OK (En paralelo): end_turn.PNG at (682, 945) delay=1s
2026-07-14 13:14:31 | INFO | each_eight_hours.py:165 | End turn executed
2026-07-14 13:14:56 | INFO | my_functions.py:199 | 
✅ Found: end_turn.PNG pos=(681, 945) time=0.65s confidence=0.8
2026-07-14 13:14:56 | INFO | my_functions.py:247 | [DEBUG] Buscando en paralelo: ['snap.PNG'] | timeout=0s | confidence=0.8
2026-07-14 13:14:57 | INFO | my_functions.py:281 | [DEBUG] Click skipped, ninguna de las imágenes se encontró en el intento.
2026-07-14 13:15:03 | INFO | my_functions.py:247 | [DEBUG] Buscando en paralelo: ['end_turn.PNG'] | timeout=0s | confidence=0.8
2026-07-14 13:15:05 | INFO | my_functions.py:134 | Haciendo click en la posición (682, 945)
2026-07-14 13:15:05 | INFO | my_functions.py:269 | 🖱️ Click OK (En paralelo): end_turn.PNG at (682, 945) delay=1s
2026-07-14 13:15:06 | INFO | each_eight_hours.py:165 | End turn executed
2026-07-14 13:15:22 | INFO | my_functions.py:199 | 
✅ Found: never_seen_before.png pos=(395, 141) time=0.46s confidence=0.8
2026-07-14 13:15:23 | WARNING | each_eight_hours.py:178 | Unknown popup handled
2026-07-14 13:15:35 | INFO | my_functions.py:199 | 
✅ Found: end_turn.PNG pos=(681, 945) time=0.65s confidence=0.8
2026-07-14 13:15:35 | INFO | my_functions.py:247 | [DEBUG] Buscando en paralelo: ['snap.PNG'] | timeout=0s | confidence=0.8
2026-07-14 13:15:36 | INFO | my_functions.py:281 | [DEBUG] Click skipped, ninguna de las imágenes se encontró en el intento.
2026-07-14 13:15:42 | INFO | my_functions.py:247 | [DEBUG] Buscando en paralelo: ['end_turn.PNG'] | timeout=0s | confidence=0.8
2026-07-14 13:15:43 | INFO | my_functions.py:134 | Haciendo click en la posición (682, 945)
2026-07-14 13:15:44 | INFO | my_functions.py:269 | 🖱️ Click OK (En paralelo): end_turn.PNG at (682, 945) delay=1s
2026-07-14 13:15:45 | INFO | each_eight_hours.py:165 | End turn executed
2026-07-14 13:16:06 | INFO | my_functions.py:199 | 
✅ Found: end_turn.PNG pos=(681, 945) time=0.64s confidence=0.8
2026-07-14 13:16:06 | INFO | my_functions.py:247 | [DEBUG] Buscando en paralelo: ['snap.PNG'] | timeout=0s | confidence=0.8
2026-07-14 13:16:07 | INFO | my_functions.py:281 | [DEBUG] Click skipped, ninguna de las imágenes se encontró en el intento.
2026-07-14 13:16:13 | INFO | my_functions.py:247 | [DEBUG] Buscando en paralelo: ['end_turn.PNG'] | timeout=0s | confidence=0.8
2026-07-14 13:16:15 | INFO | my_functions.py:134 | Haciendo click en la posición (682, 945)
2026-07-14 13:16:15 | INFO | my_functions.py:269 | 🖱️ Click OK (En paralelo): end_turn.PNG at (682, 945) delay=1s
2026-07-14 13:16:16 | INFO | each_eight_hours.py:165 | End turn executed
2026-07-14 13:16:44 | INFO | my_functions.py:199 | 
✅ Found: end_turn.PNG pos=(681, 945) time=0.68s confidence=0.8
2026-07-14 13:16:44 | INFO | my_functions.py:247 | [DEBUG] Buscando en paralelo: ['snap.PNG'] | timeout=0s | confidence=0.8
2026-07-14 13:16:45 | INFO | my_functions.py:281 | [DEBUG] Click skipped, ninguna de las imágenes se encontró en el intento.
2026-07-14 13:16:51 | INFO | my_functions.py:247 | [DEBUG] Buscando en paralelo: ['end_turn.PNG'] | timeout=0s | confidence=0.8
2026-07-14 13:16:53 | INFO | my_functions.py:134 | Haciendo click en la posición (681, 945)
2026-07-14 13:16:53 | INFO | my_functions.py:269 | 🖱️ Click OK (En paralelo): end_turn.PNG at (681, 945) delay=1s
2026-07-14 13:16:54 | INFO | each_eight_hours.py:165 | End turn executed
2026-07-14 13:17:25 | INFO | my_functions.py:199 | 
✅ Found: collect_rewards.PNG pos=(679, 957) time=0.75s confidence=0.8
2026-07-14 13:17:25 | INFO | each_eight_hours.py:204 | Rewards detected, exiting match
2026-07-14 13:17:25 | INFO | my_functions.py:247 | [DEBUG] Buscando en paralelo: ['collect_rewards.PNG'] | timeout=20s | confidence=0.8
2026-07-14 13:17:27 | INFO | my_functions.py:134 | Haciendo click en la posición (679, 957)
2026-07-14 13:17:27 | INFO | my_functions.py:269 | 🖱️ Click OK (En paralelo): collect_rewards.PNG at (679, 957) delay=1s
2026-07-14 13:17:28 | INFO | my_functions.py:247 | [DEBUG] Buscando en paralelo: ['next.PNG'] | timeout=20s | confidence=0.8
2026-07-14 13:17:36 | INFO | my_functions.py:134 | Haciendo click en la posición (677, 973)
2026-07-14 13:17:36 | INFO | my_functions.py:269 | 🖱️ Click OK (En paralelo): next.PNG at (677, 973) delay=1s
2026-07-14 13:17:39 | INFO | my_functions.py:533 | AVAILABLE: 6
2026-07-14 13:17:39 | INFO | each_eight_hours.py:271 | Submissions after match: 6
2026-07-14 13:17:39 | INFO | my_functions.py:555 | Misiones completadas: 2
2026-07-14 13:17:39 | INFO | each_eight_hours.py:275 | Submission condition met, breaking loop
2026-07-14 13:17:39 | INFO | my_functions.py:247 | [DEBUG] Buscando en paralelo: ['missionsNotify2.png'] | timeout=20s | confidence=0.8
2026-07-14 13:17:43 | INFO | my_functions.py:134 | Haciendo click en la posición (538, 124)
2026-07-14 13:17:43 | INFO | my_functions.py:269 | 🖱️ Click OK (En paralelo): missionsNotify2.png at (538, 124) delay=3s
2026-07-14 13:17:44 | INFO | my_functions.py:1470 | [INFO] Iniciando click_missions_blue2
2026-07-14 13:17:44 | INFO | my_functions.py:134 | Haciendo click en la posición (150, 132)
2026-07-14 13:17:45 | INFO | my_functions.py:1473 | [ACTION] Click hecho en icono de calendario que me dirige a las misiones ordinarias
2026-07-14 13:17:45 | INFO | my_functions.py:169 | Searching bonus_challenge.png (timeout=0s)
2026-07-14 13:17:46 | INFO | my_functions.py:213 | 
⛔ Not found: bonus_challenge.png after 0.0s region=(0, 0, 765, 1038) confidence=0.8
2026-07-14 13:17:48 | INFO | my_functions.py:134 | Haciendo click en la posición (362, 493)
2026-07-14 13:17:49 | INFO | my_functions.py:1486 | [ACTION] Click 1/2 en misión azul
2026-07-14 13:17:49 | INFO | my_functions.py:134 | Haciendo click en la posición (362, 493)
2026-07-14 13:17:51 | INFO | my_functions.py:1486 | [ACTION] Click 2/2 en misión azul
2026-07-14 13:17:51 | INFO | my_functions.py:169 | Searching flechita_mission.PNG (timeout=0s)
2026-07-14 13:17:52 | INFO | my_functions.py:213 | 
⛔ Not found: flechita_mission.PNG after 0.0s region=(0, 0, 765, 1038) confidence=0.8
2026-07-14 13:17:52 | INFO | my_functions.py:247 | [DEBUG] Buscando en paralelo: ['weekly3.PNG'] | timeout=0s | confidence=0.8
2026-07-14 13:17:53 | INFO | my_functions.py:281 | [DEBUG] Click skipped, ninguna de las imágenes se encontró en el intento.
2026-07-14 13:17:54 | INFO | my_functions.py:247 | [DEBUG] Buscando en paralelo: ['weekly3.PNG'] | timeout=0s | confidence=0.8
2026-07-14 13:17:55 | INFO | my_functions.py:281 | [DEBUG] Click skipped, ninguna de las imágenes se encontró en el intento.
2026-07-14 13:17:56 | INFO | my_functions.py:134 | Haciendo click en la posición (557, 64)
2026-07-14 13:17:57 | INFO | my_functions.py:247 | [DEBUG] Buscando en paralelo: ['cards_shop.PNG'] | timeout=20s | confidence=0.8
2026-07-14 13:17:59 | INFO | my_functions.py:134 | Haciendo click en la posición (568, 121)
2026-07-14 13:18:00 | INFO | my_functions.py:269 | 🖱️ Click OK (En paralelo): cards_shop.PNG at (568, 121) delay=1s
2026-07-14 13:18:01 | INFO | my_functions.py:247 | [DEBUG] Buscando en paralelo: ['token_icon.PNG'] | timeout=20s | confidence=0.8
2026-07-14 13:18:03 | INFO | my_functions.py:134 | Haciendo click en la posición (661, 171)
2026-07-14 13:18:03 | INFO | my_functions.py:269 | 🖱️ Click OK (En paralelo): token_icon.PNG at (661, 171) delay=1s
2026-07-14 13:18:06 | INFO | my_functions.py:247 | [DEBUG] Buscando en paralelo: ['claim!_token_3.PNG'] | timeout=4s | confidence=0.8
2026-07-14 13:18:10 | INFO | my_functions.py:281 | [DEBUG] Click skipped, ninguna de las imágenes se encontró en el intento.
2026-07-14 13:18:11 | INFO | my_functions.py:247 | [DEBUG] Buscando en paralelo: ['cards_shop.PNG'] | timeout=20s | confidence=0.8
2026-07-14 13:18:13 | INFO | my_functions.py:134 | Haciendo click en la posición (568, 122)
2026-07-14 13:18:13 | INFO | my_functions.py:269 | 🖱️ Click OK (En paralelo): cards_shop.PNG at (568, 122) delay=1s
2026-07-14 13:18:14 | INFO | my_functions.py:247 | [DEBUG] Buscando en paralelo: ['offers.PNG'] | timeout=20s | confidence=0.8
2026-07-14 13:18:16 | INFO | my_functions.py:134 | Haciendo click en la posición (197, 121)
2026-07-14 13:18:16 | INFO | my_functions.py:269 | 🖱️ Click OK (En paralelo): offers.PNG at (197, 121) delay=1s
2026-07-14 13:18:17 | INFO | my_functions.py:1351 | [INFO] Iniciando mejora de cartas
2026-07-14 13:18:17 | INFO | my_functions.py:247 | [DEBUG] Buscando en paralelo: ['upgrade_cards_icon.PNG'] | timeout=3s | confidence=0.8
2026-07-14 13:18:21 | INFO | my_functions.py:281 | [DEBUG] Click skipped, ninguna de las imágenes se encontró en el intento.
2026-07-14 13:18:22 | WARNING | my_functions.py:1355 | [ALERT] No se encontró el ícono de upgrade_cards. Saltando función.
2026-07-14 13:18:22 | INFO | my_functions.py:142 | Presionando ESC (1/1)
2026-07-14 13:18:23 | INFO | my_functions.py:247 | [DEBUG] Buscando en paralelo: ['white_x.png'] | timeout=2s | confidence=0.8
2026-07-14 13:18:25 | INFO | my_functions.py:281 | [DEBUG] Click skipped, ninguna de las imágenes se encontró en el intento.
2026-07-14 13:18:26 | INFO | each_eight_hours.py:46 | [13:18:26.666] [DEBUG] === INICIANDO FUNCIÓN collect_cl_rewards ===
2026-07-14 13:18:26 | INFO | each_eight_hours.py:46 | [13:18:26.668] [DEBUG] Haciendo click inicial en (387, 166)...
2026-07-14 13:18:26 | INFO | my_functions.py:134 | Haciendo click en la posición (387, 166)
2026-07-14 13:18:33 | INFO | each_eight_hours.py:46 | [13:18:33.036] [DEBUG] Se omitió el cambio de tamaño de ventanas (resize=False)
2026-07-14 13:18:33 | INFO | each_eight_hours.py:46 | [13:18:33.078] [DEBUG] Recompensas iniciales detectadas por la API: 0
2026-07-14 13:18:33 | INFO | each_eight_hours.py:46 | Finished collecting rewards
2026-07-14 13:18:34 | INFO | my_functions.py:142 | Presionando ESC (1/1)
2026-07-14 13:18:34 | INFO | my_functions.py:247 | [DEBUG] Buscando en paralelo: ['nut.png'] | timeout=20s | confidence=0.8
2026-07-14 13:18:36 | INFO | my_functions.py:134 | Haciendo click en la posición (184, 78)
2026-07-14 13:18:36 | INFO | my_functions.py:269 | 🖱️ Click OK (En paralelo): nut.png at (184, 78) delay=1s
2026-07-14 13:18:37 | INFO | my_functions.py:247 | [DEBUG] Buscando en paralelo: ['graphics_quality.png'] | timeout=3s | confidence=0.8
2026-07-14 13:18:39 | INFO | my_functions.py:134 | Haciendo click en la posición (304, 644)
2026-07-14 13:18:39 | INFO | my_functions.py:269 | 🖱️ Click OK (En paralelo): graphics_quality.png at (304, 644) delay=1s
2026-07-14 13:18:41 | INFO | my_functions.py:247 | [DEBUG] Buscando en paralelo: ['sign_out.png'] | timeout=20s | confidence=0.8
2026-07-14 13:18:43 | INFO | my_functions.py:134 | Haciendo click en la posición (380, 796)
2026-07-14 13:18:43 | INFO | my_functions.py:269 | 🖱️ Click OK (En paralelo): sign_out.png at (380, 796) delay=1s
2026-07-14 13:18:45 | INFO | my_functions.py:247 | [DEBUG] Buscando en paralelo: ['sign_out_grande.png'] | timeout=20s | confidence=0.8
2026-07-14 13:18:47 | INFO | my_functions.py:134 | Haciendo click en la posición (359, 437)
2026-07-14 13:18:47 | INFO | my_functions.py:269 | 🖱️ Click OK (En paralelo): sign_out_grande.png at (359, 437) delay=1s
2026-07-14 13:18:48 | INFO | my_functions.py:247 | [DEBUG] Buscando en paralelo: ['sign_out2.png'] | timeout=20s | confidence=0.8
2026-07-14 13:18:50 | INFO | my_functions.py:134 | Haciendo click en la posición (383, 634)
2026-07-14 13:18:50 | INFO | my_functions.py:269 | 🖱️ Click OK (En paralelo): sign_out2.png at (383, 634) delay=1s
2026-07-14 13:18:51 | INFO | my_functions.py:1545 | ⏱ Esperando 0.1 segundos antes de empezar...
2026-07-14 13:18:51 | INFO | my_functions.py:1552 | 🔍 Esperando ventana que contenga alguna de: SNAP (máx 20s)
2026-07-14 13:18:51 | INFO | my_functions.py:1564 | ✅ Ventana encontrada: 'SNAP'
2026-07-14 13:18:51 | INFO | my_functions.py:1579 | ✅ Ventana seleccionada: 'SNAP'
2026-07-14 13:18:53 | INFO | my_functions.py:1602 | 🔁 Reajuste #1...
2026-07-14 13:18:55 | INFO | my_functions.py:1609 | ✔ Verificación completa. Se hicieron 1 reajustes.
2026-07-14 13:18:59 | INFO | each_eight_hours.py:113 | Processing account: percy
2026-07-14 13:18:59 | INFO | my_functions.py:1545 | ⏱ Esperando 0.1 segundos antes de empezar...
2026-07-14 13:18:59 | INFO | my_functions.py:1552 | 🔍 Esperando ventana que contenga alguna de: ['SNAP'] (máx 20s)
2026-07-14 13:19:02 | INFO | my_functions.py:1564 | ✅ Ventana encontrada: 'SNAP'
2026-07-14 13:19:02 | INFO | my_functions.py:1579 | ✅ Ventana seleccionada: 'SNAP'
2026-07-14 13:19:04 | INFO | my_functions.py:1611 | ✔ Verificación completa. No hubo cambios después del primer ajuste.
2026-07-14 13:19:04 | INFO | my_functions.py:1206 | [DEBUG] Resizing SNAP window...
2026-07-14 13:19:04 | INFO | my_functions.py:1545 | ⏱ Esperando 0.1 segundos antes de empezar...
2026-07-14 13:19:04 | INFO | my_functions.py:1552 | 🔍 Esperando ventana que contenga alguna de: ['SNAP'] (máx 20s)
2026-07-14 13:19:04 | INFO | my_functions.py:1564 | ✅ Ventana encontrada: 'SNAP'
2026-07-14 13:19:04 | INFO | my_functions.py:1579 | ✅ Ventana seleccionada: 'SNAP'
2026-07-14 13:19:11 | INFO | my_functions.py:1611 | ✔ Verificación completa. No hubo cambios después del primer ajuste.
2026-07-14 13:19:11 | INFO | my_functions.py:247 | [DEBUG] Buscando en paralelo: ['small_submit.PNG', 'small_submit_hover.png', 'submit_hover_2.png', 'small_submit_hover_2.png'] | timeout=90s | confidence=0.8
2026-07-14 13:19:13 | INFO | my_functions.py:134 | Haciendo click en la posición (380, 642)
2026-07-14 13:19:13 | INFO | my_functions.py:269 | 🖱️ Click OK (En paralelo): small_submit.PNG at (380, 642) delay=0.2s
2026-07-14 13:19:16 | INFO | my_functions.py:247 | [DEBUG] Buscando en paralelo: ['small_submit.PNG', 'small_submit_hover.png', 'submit_hover_2.png', 'small_submit_hover_2.png'] | timeout=20s | confidence=0.8
2026-07-14 13:19:18 | INFO | my_functions.py:134 | Haciendo click en la posición (380, 721)
2026-07-14 13:19:18 | INFO | my_functions.py:269 | 🖱️ Click OK (En paralelo): small_submit.PNG at (380, 721) delay=0.2s
2026-07-14 13:19:19 | INFO | my_functions.py:1545 | ⏱ Esperando 0.1 segundos antes de empezar...
2026-07-14 13:19:19 | INFO | my_functions.py:1552 | 🔍 Esperando ventana que contenga alguna de: ['SNAP'] (máx 20s)
2026-07-14 13:19:19 | INFO | my_functions.py:1564 | ✅ Ventana encontrada: 'SNAP'
2026-07-14 13:19:19 | INFO | my_functions.py:1579 | ✅ Ventana seleccionada: 'SNAP'
2026-07-14 13:19:21 | INFO | my_functions.py:1602 | 🔁 Reajuste #1...
2026-07-14 13:19:22 | INFO | my_functions.py:1609 | ✔ Verificación completa. Se hicieron 1 reajustes.
2026-07-14 13:19:22 | INFO | my_functions.py:169 | Searching please_sign.png (timeout=0s)
2026-07-14 13:19:22 | INFO | my_functions.py:199 | 
✅ Found: please_sign.png pos=(383, 438) time=0.47s confidence=0.8
2026-07-14 13:19:22 | INFO | my_functions.py:247 | [DEBUG] Buscando en paralelo: ['ok_btn.png'] | timeout=20s | confidence=0.8
2026-07-14 13:19:24 | INFO | my_functions.py:134 | Haciendo click en la posición (382, 634)
2026-07-14 13:19:24 | INFO | my_functions.py:269 | 🖱️ Click OK (En paralelo): ok_btn.png at (382, 634) delay=1s
2026-07-14 13:19:26 | INFO | my_functions.py:247 | [DEBUG] Buscando en paralelo: ['small_submit.PNG', 'small_submit_hover.png', 'submit_hover_2.png', 'small_submit_hover_2.png'] | timeout=30s | confidence=0.8
2026-07-14 13:19:28 | INFO | my_functions.py:134 | Haciendo click en la posición (383, 643)
2026-07-14 13:19:28 | INFO | my_functions.py:269 | 🖱️ Click OK (En paralelo): small_submit_hover_2.png at (383, 643) delay=0.2s
2026-07-14 13:19:30 | INFO | my_functions.py:247 | [DEBUG] Buscando en paralelo: ['small_submit.PNG', 'small_submit_hover.png', 'submit_hover_2.png', 'small_submit_hover_2.png'] | timeout=20s | confidence=0.8
2026-07-14 13:19:31 | INFO | my_functions.py:134 | Haciendo click en la posición (380, 721)
2026-07-14 13:19:31 | INFO | my_functions.py:269 | 🖱️ Click OK (En paralelo): small_submit.PNG at (380, 721) delay=0.2s
2026-07-14 13:19:32 | INFO | my_functions.py:247 | [DEBUG] Buscando en paralelo: ['sign_in_with_google2.PNG'] | timeout=20s | confidence=0.8
2026-07-14 13:19:34 | INFO | my_functions.py:134 | Haciendo click en la posición (406, 957)
2026-07-14 13:19:34 | INFO | my_functions.py:269 | 🖱️ Click OK (En paralelo): sign_in_with_google2.PNG at (406, 957) delay=1s
2026-07-14 13:19:35 | INFO | my_functions.py:169 | Searching pagina_cargada.png (timeout=60s)
2026-07-14 13:19:40 | INFO | my_functions.py:199 | 
✅ Found: pagina_cargada.png pos=(70, 24) time=4.79s confidence=0.8
2026-07-14 13:19:42 | INFO | my_functions.py:247 | [DEBUG] Buscando en paralelo: ['percy.png'] | timeout=0s | confidence=0.8
2026-07-14 13:19:43 | INFO | my_functions.py:281 | [DEBUG] Click skipped, ninguna de las imágenes se encontró en el intento.
2026-07-14 13:19:45 | INFO | my_functions.py:247 | [DEBUG] Buscando en paralelo: ['percy.png'] | timeout=0s | confidence=0.8
2026-07-14 13:19:49 | INFO | my_functions.py:134 | Haciendo click en la posición (1132, 561)
2026-07-14 13:19:49 | INFO | my_functions.py:269 | 🖱️ Click OK (En paralelo): percy.png at (1132, 561) delay=3s
2026-07-14 13:19:51 | INFO | my_functions.py:169 | Searching marvelsnap_web.png (timeout=30s)
2026-07-14 13:19:54 | INFO | my_functions.py:199 | 
✅ Found: marvelsnap_web.png pos=(258, 80) time=3.29s confidence=0.7
2026-07-14 13:19:54 | INFO | my_functions.py:169 | Searching shop_unselected.PNG (timeout=0s)
2026-07-14 13:19:55 | INFO | my_functions.py:213 | 
⛔ Not found: shop_unselected.PNG after 0.0s region=(0, 0, 765, 1038) confidence=0.8
2026-07-14 13:19:55 | INFO | my_functions.py:247 | [DEBUG] Buscando en paralelo: ['super_premium.PNG'] | timeout=0s | confidence=0.8
2026-07-14 13:19:56 | INFO | my_functions.py:281 | [DEBUG] Click skipped, ninguna de las imágenes se encontró en el intento.
2026-07-14 13:19:57 | INFO | my_functions.py:247 | [DEBUG] Buscando en paralelo: ['maybe_later.PNG'] | timeout=0s | confidence=0.8
2026-07-14 13:19:57 | INFO | my_functions.py:281 | [DEBUG] Click skipped, ninguna de las imágenes se encontró en el intento.
2026-07-14 13:19:58 | INFO | my_functions.py:247 | [DEBUG] Buscando en paralelo: ['maybe_later2.PNG'] | timeout=0s | confidence=0.8
2026-07-14 13:19:59 | INFO | my_functions.py:281 | [DEBUG] Click skipped, ninguna de las imágenes se encontró en el intento.
2026-07-14 13:20:00 | INFO | my_functions.py:169 | Searching go_to_shop.PNG (timeout=0s)
2026-07-14 13:20:01 | INFO | my_functions.py:213 | 
⛔ Not found: go_to_shop.PNG after 0.0s region=(0, 0, 765, 1038) confidence=0.8
2026-07-14 13:20:01 | INFO | my_functions.py:247 | [DEBUG] Buscando en paralelo: ['14_days_of_winterverse.PNG'] | timeout=0s | confidence=0.8
2026-07-14 13:20:01 | INFO | my_functions.py:281 | [DEBUG] Click skipped, ninguna de las imágenes se encontró en el intento.
2026-07-14 13:20:02 | INFO | my_functions.py:169 | Searching welcome_back_calendar.PNG (timeout=0s)
2026-07-14 13:20:03 | INFO | my_functions.py:213 | 
⛔ Not found: welcome_back_calendar.PNG after 0.0s region=(0, 0, 765, 1038) confidence=0.8
2026-07-14 13:20:03 | INFO | my_functions.py:247 | [DEBUG] Buscando en paralelo: ['start_the_countdown.PNG'] | timeout=0s | confidence=0.8
2026-07-14 13:20:04 | INFO | my_functions.py:281 | [DEBUG] Click skipped, ninguna de las imágenes se encontró en el intento.
2026-07-14 13:20:05 | INFO | my_functions.py:247 | [DEBUG] Buscando en paralelo: ['event_has_ended_sanctum.PNG'] | timeout=0s | confidence=0.8
2026-07-14 13:20:05 | INFO | my_functions.py:281 | [DEBUG] Click skipped, ninguna de las imágenes se encontró en el intento.
2026-07-14 13:20:06 | INFO | my_functions.py:247 | [DEBUG] Buscando en paralelo: ['event_has_ended_teamclash.PNG'] | timeout=0s | confidence=0.8
2026-07-14 13:20:07 | INFO | my_functions.py:281 | [DEBUG] Click skipped, ninguna de las imágenes se encontró en el intento.
2026-07-14 13:20:08 | INFO | my_functions.py:247 | [DEBUG] Buscando en paralelo: ['image_part_of_event_grand_arena_finished.PNG'] | timeout=0s | confidence=0.8
2026-07-14 13:20:09 | INFO | my_functions.py:281 | [DEBUG] Click skipped, ninguna de las imágenes se encontró en el intento.
2026-07-14 13:20:10 | INFO | my_functions.py:169 | Searching 28_day_event_login_rewards.PNG (timeout=0s)
2026-07-14 13:20:10 | INFO | my_functions.py:213 | 
⛔ Not found: 28_day_event_login_rewards.PNG after 0.0s region=(0, 0, 765, 1038) confidence=0.8
2026-07-14 13:20:10 | INFO | my_functions.py:169 | Searching 7_day_event_login.PNG (timeout=0s)
2026-07-14 13:20:11 | INFO | my_functions.py:213 | 
⛔ Not found: 7_day_event_login.PNG after 0.0s region=(0, 0, 765, 1038) confidence=0.8
2026-07-14 13:20:11 | INFO | my_functions.py:169 | Searching 14_days_event.PNG (timeout=0s)
2026-07-14 13:20:11 | INFO | my_functions.py:213 | 
⛔ Not found: 14_days_event.PNG after 0.0s region=(0, 0, 765, 1038) confidence=0.8
2026-07-14 13:20:11 | INFO | my_functions.py:247 | [DEBUG] Buscando en paralelo: ['lets_go.PNG'] | timeout=0s | confidence=0.8
2026-07-14 13:20:12 | INFO | my_functions.py:281 | [DEBUG] Click skipped, ninguna de las imágenes se encontró en el intento.
2026-07-14 13:20:14 | INFO | my_functions.py:169 | Searching shop_unselected.PNG (timeout=0s)
2026-07-14 13:20:15 | INFO | my_functions.py:213 | 
⛔ Not found: shop_unselected.PNG after 0.0s region=(0, 0, 765, 1038) confidence=0.8
2026-07-14 13:20:15 | INFO | my_functions.py:247 | [DEBUG] Buscando en paralelo: ['super_premium.PNG'] | timeout=0s | confidence=0.8
2026-07-14 13:20:16 | INFO | my_functions.py:134 | Haciendo click en la posición (480, 777)
2026-07-14 13:20:16 | INFO | my_functions.py:269 | 🖱️ Click OK (En paralelo): super_premium.PNG at (480, 777) delay=1s
2026-07-14 13:20:17 | INFO | my_functions.py:142 | Presionando ESC (1/1)
2026-07-14 13:20:26 | INFO | my_functions.py:169 | Searching shop_unselected.PNG (timeout=0s)
2026-07-14 13:20:27 | INFO | my_functions.py:199 | 
✅ Found: shop_unselected.PNG pos=(88, 961) time=0.7s confidence=0.8
2026-07-14 13:20:27 | INFO | my_functions.py:714 | Ya esta listo
2026-07-14 13:20:31 | INFO | my_functions.py:533 | AVAILABLE: 5
2026-07-14 13:20:31 | INFO | my_functions.py:555 | Misiones completadas: 0
2026-07-14 13:20:31 | INFO | my_functions.py:169 | Searching play.PNG (timeout=0s)
2026-07-14 13:20:31 | INFO | my_functions.py:199 | 
✅ Found: play.PNG pos=(384, 825) time=0.61s confidence=0.8
2026-07-14 13:20:32 | INFO | my_functions.py:1440 | [INFO] Click realizado donde se equipa el deck a jugar
2026-07-14 13:20:36 | INFO | my_functions.py:247 | [DEBUG] Buscando en paralelo: ['deck_666666.png'] | timeout=3s | confidence=0.8
2026-07-14 13:20:37 | INFO | my_functions.py:134 | Haciendo click en la posición (384, 547)
2026-07-14 13:20:38 | INFO | my_functions.py:269 | 🖱️ Click OK (En paralelo): deck_666666.png at (384, 547) delay=1s
2026-07-14 13:20:39 | INFO | my_functions.py:247 | [DEBUG] Buscando en paralelo: ['equip.png'] | timeout=3s | confidence=0.95
2026-07-14 13:20:42 | INFO | my_functions.py:281 | [DEBUG] Click skipped, ninguna de las imágenes se encontró en el intento.
2026-07-14 13:20:43 | INFO | my_functions.py:142 | Presionando ESC (1/1)
2026-07-14 13:20:44 | INFO | each_eight_hours.py:134 | Deck selected: 6turns
2026-07-14 13:20:44 | INFO | my_functions.py:247 | [DEBUG] Buscando en paralelo: ['maybe_later.PNG'] | timeout=2s | confidence=0.8
2026-07-14 13:20:46 | INFO | my_functions.py:281 | [DEBUG] Click skipped, ninguna de las imágenes se encontró en el intento.
2026-07-14 13:20:47 | INFO | my_functions.py:247 | [DEBUG] Buscando en paralelo: ['maybe_later2.PNG'] | timeout=0.01s | confidence=0.8
2026-07-14 13:20:48 | INFO | my_functions.py:281 | [DEBUG] Click skipped, ninguna de las imágenes se encontró en el intento.
2026-07-14 13:20:49 | INFO | each_eight_hours.py:148 | Starting game loop 1
2026-07-14 13:20:49 | INFO | my_functions.py:247 | [DEBUG] Buscando en paralelo: ['play.PNG'] | timeout=20s | confidence=0.8
2026-07-14 13:20:53 | INFO | my_functions.py:134 | Haciendo click en la posición (384, 824)
2026-07-14 13:20:53 | INFO | my_functions.py:269 | 🖱️ Click OK (En paralelo): play.PNG at (384, 824) delay=3s
2026-07-14 13:21:21 | INFO | my_functions.py:199 | 
✅ Found: end_turn.PNG pos=(682, 945) time=0.63s confidence=0.8
2026-07-14 13:21:21 | INFO | my_functions.py:247 | [DEBUG] Buscando en paralelo: ['snap.PNG'] | timeout=0s | confidence=0.8
2026-07-14 13:21:22 | INFO | my_functions.py:134 | Haciendo click en la posición (386, 123)
2026-07-14 13:21:23 | INFO | my_functions.py:269 | 🖱️ Click OK (En paralelo): snap.PNG at (386, 123) delay=1s
2026-07-14 13:21:29 | INFO | my_functions.py:247 | [DEBUG] Buscando en paralelo: ['end_turn.PNG'] | timeout=0s | confidence=0.8
2026-07-14 13:21:30 | INFO | my_functions.py:134 | Haciendo click en la posición (682, 946)
2026-07-14 13:21:31 | INFO | my_functions.py:269 | 🖱️ Click OK (En paralelo): end_turn.PNG at (682, 946) delay=1s
2026-07-14 13:21:32 | INFO | each_eight_hours.py:165 | End turn executed
2026-07-14 13:21:41 | INFO | my_functions.py:199 | 
✅ Found: end_turn.PNG pos=(681, 945) time=0.63s confidence=0.8
2026-07-14 13:21:41 | INFO | my_functions.py:247 | [DEBUG] Buscando en paralelo: ['snap.PNG'] | timeout=0s | confidence=0.8
2026-07-14 13:21:42 | INFO | my_functions.py:281 | [DEBUG] Click skipped, ninguna de las imágenes se encontró en el intento.
2026-07-14 13:21:48 | INFO | my_functions.py:247 | [DEBUG] Buscando en paralelo: ['end_turn.PNG'] | timeout=0s | confidence=0.8
2026-07-14 13:21:49 | INFO | my_functions.py:134 | Haciendo click en la posición (682, 945)
2026-07-14 13:21:50 | INFO | my_functions.py:269 | 🖱️ Click OK (En paralelo): end_turn.PNG at (682, 945) delay=1s
2026-07-14 13:21:51 | INFO | each_eight_hours.py:165 | End turn executed
2026-07-14 13:22:03 | INFO | my_functions.py:199 | 
✅ Found: end_turn.PNG pos=(681, 945) time=0.64s confidence=0.8
2026-07-14 13:22:03 | INFO | my_functions.py:247 | [DEBUG] Buscando en paralelo: ['snap.PNG'] | timeout=0s | confidence=0.8
2026-07-14 13:22:04 | INFO | my_functions.py:281 | [DEBUG] Click skipped, ninguna de las imágenes se encontró en el intento.
2026-07-14 13:22:10 | INFO | my_functions.py:247 | [DEBUG] Buscando en paralelo: ['end_turn.PNG'] | timeout=0s | confidence=0.8
2026-07-14 13:22:12 | INFO | my_functions.py:134 | Haciendo click en la posición (682, 945)
2026-07-14 13:22:12 | INFO | my_functions.py:269 | 🖱️ Click OK (En paralelo): end_turn.PNG at (682, 945) delay=1s
2026-07-14 13:22:13 | INFO | each_eight_hours.py:165 | End turn executed
2026-07-14 13:22:22 | INFO | my_functions.py:199 | 
✅ Found: end_turn.PNG pos=(681, 945) time=0.61s confidence=0.8
2026-07-14 13:22:22 | INFO | my_functions.py:247 | [DEBUG] Buscando en paralelo: ['snap.PNG'] | timeout=0s | confidence=0.8
2026-07-14 13:22:23 | INFO | my_functions.py:281 | [DEBUG] Click skipped, ninguna de las imágenes se encontró en el intento.
2026-07-14 13:22:29 | INFO | my_functions.py:247 | [DEBUG] Buscando en paralelo: ['end_turn.PNG'] | timeout=0s | confidence=0.8
2026-07-14 13:22:31 | INFO | my_functions.py:134 | Haciendo click en la posición (682, 945)
2026-07-14 13:22:31 | INFO | my_functions.py:269 | 🖱️ Click OK (En paralelo): end_turn.PNG at (682, 945) delay=1s
2026-07-14 13:22:32 | INFO | each_eight_hours.py:165 | End turn executed
2026-07-14 13:22:45 | INFO | my_functions.py:199 | 
✅ Found: end_turn.PNG pos=(681, 945) time=0.65s confidence=0.8
2026-07-14 13:22:45 | INFO | my_functions.py:247 | [DEBUG] Buscando en paralelo: ['snap.PNG'] | timeout=0s | confidence=0.8
2026-07-14 13:22:45 | INFO | my_functions.py:281 | [DEBUG] Click skipped, ninguna de las imágenes se encontró en el intento.
2026-07-14 13:22:52 | INFO | my_functions.py:247 | [DEBUG] Buscando en paralelo: ['end_turn.PNG'] | timeout=0s | confidence=0.8
2026-07-14 13:22:53 | INFO | my_functions.py:134 | Haciendo click en la posición (682, 945)
2026-07-14 13:22:54 | INFO | my_functions.py:269 | 🖱️ Click OK (En paralelo): end_turn.PNG at (682, 945) delay=1s
2026-07-14 13:22:55 | INFO | each_eight_hours.py:165 | End turn executed
2026-07-14 13:23:17 | INFO | my_functions.py:199 | 
✅ Found: end_turn.PNG pos=(681, 945) time=0.66s confidence=0.8
2026-07-14 13:23:17 | INFO | my_functions.py:247 | [DEBUG] Buscando en paralelo: ['snap.PNG'] | timeout=0s | confidence=0.8
2026-07-14 13:23:18 | INFO | my_functions.py:281 | [DEBUG] Click skipped, ninguna de las imágenes se encontró en el intento.
2026-07-14 13:23:24 | INFO | my_functions.py:247 | [DEBUG] Buscando en paralelo: ['end_turn.PNG'] | timeout=0s | confidence=0.8
2026-07-14 13:23:25 | INFO | my_functions.py:134 | Haciendo click en la posición (681, 945)
2026-07-14 13:23:25 | INFO | my_functions.py:269 | 🖱️ Click OK (En paralelo): end_turn.PNG at (681, 945) delay=1s
2026-07-14 13:23:27 | INFO | each_eight_hours.py:165 | End turn executed
2026-07-14 13:23:48 | INFO | my_functions.py:199 | 
✅ Found: collect_rewards.PNG pos=(679, 957) time=0.74s confidence=0.8
2026-07-14 13:23:48 | INFO | each_eight_hours.py:204 | Rewards detected, exiting match
2026-07-14 13:23:48 | INFO | my_functions.py:247 | [DEBUG] Buscando en paralelo: ['collect_rewards.PNG'] | timeout=20s | confidence=0.8
2026-07-14 13:23:50 | INFO | my_functions.py:134 | Haciendo click en la posición (679, 957)
2026-07-14 13:23:50 | INFO | my_functions.py:269 | 🖱️ Click OK (En paralelo): collect_rewards.PNG at (679, 957) delay=1s
2026-07-14 13:23:51 | INFO | my_functions.py:247 | [DEBUG] Buscando en paralelo: ['next.PNG'] | timeout=20s | confidence=0.8
2026-07-14 13:23:56 | INFO | my_functions.py:134 | Haciendo click en la posición (677, 973)
2026-07-14 13:23:56 | INFO | my_functions.py:269 | 🖱️ Click OK (En paralelo): next.PNG at (677, 973) delay=1s
2026-07-14 13:24:00 | INFO | my_functions.py:533 | AVAILABLE: 5
2026-07-14 13:24:00 | INFO | each_eight_hours.py:271 | Submissions after match: 5
2026-07-14 13:24:00 | INFO | my_functions.py:555 | Misiones completadas: 0
2026-07-14 13:24:00 | INFO | each_eight_hours.py:148 | Starting game loop 2
2026-07-14 13:24:00 | INFO | my_functions.py:247 | [DEBUG] Buscando en paralelo: ['play.PNG'] | timeout=20s | confidence=0.8
2026-07-14 13:24:03 | INFO | my_functions.py:134 | Haciendo click en la posición (384, 824)
2026-07-14 13:24:03 | INFO | my_functions.py:269 | 🖱️ Click OK (En paralelo): play.PNG at (384, 824) delay=3s
2026-07-14 13:24:19 | INFO | my_functions.py:199 | 
✅ Found: end_turn.PNG pos=(681, 945) time=0.64s confidence=0.8
2026-07-14 13:24:19 | INFO | my_functions.py:247 | [DEBUG] Buscando en paralelo: ['snap.PNG'] | timeout=0s | confidence=0.8
2026-07-14 13:24:20 | INFO | my_functions.py:134 | Haciendo click en la posición (386, 123)
2026-07-14 13:24:21 | INFO | my_functions.py:269 | 🖱️ Click OK (En paralelo): snap.PNG at (386, 123) delay=1s
2026-07-14 13:24:27 | INFO | my_functions.py:247 | [DEBUG] Buscando en paralelo: ['end_turn.PNG'] | timeout=0s | confidence=0.8
2026-07-14 13:24:28 | INFO | my_functions.py:134 | Haciendo click en la posición (682, 946)
2026-07-14 13:24:29 | INFO | my_functions.py:269 | 🖱️ Click OK (En paralelo): end_turn.PNG at (682, 946) delay=1s
2026-07-14 13:24:30 | INFO | each_eight_hours.py:165 | End turn executed
2026-07-14 13:24:36 | INFO | my_functions.py:199 | 
✅ Found: end_turn.PNG pos=(681, 945) time=0.63s confidence=0.8
2026-07-14 13:24:36 | INFO | my_functions.py:247 | [DEBUG] Buscando en paralelo: ['snap.PNG'] | timeout=0s | confidence=0.8
2026-07-14 13:24:37 | INFO | my_functions.py:281 | [DEBUG] Click skipped, ninguna de las imágenes se encontró en el intento.
2026-07-14 13:24:43 | INFO | my_functions.py:247 | [DEBUG] Buscando en paralelo: ['end_turn.PNG'] | timeout=0s | confidence=0.8
2026-07-14 13:24:44 | INFO | my_functions.py:134 | Haciendo click en la posición (682, 945)
2026-07-14 13:24:45 | INFO | my_functions.py:269 | 🖱️ Click OK (En paralelo): end_turn.PNG at (682, 945) delay=1s
2026-07-14 13:24:46 | INFO | each_eight_hours.py:165 | End turn executed
2026-07-14 13:24:55 | INFO | my_functions.py:199 | 
✅ Found: end_turn.PNG pos=(681, 945) time=0.63s confidence=0.8
2026-07-14 13:24:55 | INFO | my_functions.py:247 | [DEBUG] Buscando en paralelo: ['snap.PNG'] | timeout=0s | confidence=0.8
2026-07-14 13:24:56 | INFO | my_functions.py:281 | [DEBUG] Click skipped, ninguna de las imágenes se encontró en el intento.
2026-07-14 13:25:02 | INFO | my_functions.py:247 | [DEBUG] Buscando en paralelo: ['end_turn.PNG'] | timeout=0s | confidence=0.8
2026-07-14 13:25:03 | INFO | my_functions.py:134 | Haciendo click en la posición (682, 945)
2026-07-14 13:25:04 | INFO | my_functions.py:269 | 🖱️ Click OK (En paralelo): end_turn.PNG at (682, 945) delay=1s
2026-07-14 13:25:05 | INFO | each_eight_hours.py:165 | End turn executed
2026-07-14 13:25:29 | INFO | my_functions.py:199 | 
✅ Found: end_turn.PNG pos=(681, 945) time=0.63s confidence=0.8
2026-07-14 13:25:29 | INFO | my_functions.py:247 | [DEBUG] Buscando en paralelo: ['snap.PNG'] | timeout=0s | confidence=0.8
2026-07-14 13:25:30 | INFO | my_functions.py:281 | [DEBUG] Click skipped, ninguna de las imágenes se encontró en el intento.
2026-07-14 13:25:36 | INFO | my_functions.py:247 | [DEBUG] Buscando en paralelo: ['end_turn.PNG'] | timeout=0s | confidence=0.8
2026-07-14 13:25:38 | INFO | my_functions.py:134 | Haciendo click en la posición (682, 945)
2026-07-14 13:25:38 | INFO | my_functions.py:269 | 🖱️ Click OK (En paralelo): end_turn.PNG at (682, 945) delay=1s
2026-07-14 13:25:39 | INFO | each_eight_hours.py:165 | End turn executed
2026-07-14 13:25:52 | INFO | my_functions.py:199 | 
✅ Found: end_turn.PNG pos=(681, 945) time=0.65s confidence=0.8
2026-07-14 13:25:52 | INFO | my_functions.py:247 | [DEBUG] Buscando en paralelo: ['snap.PNG'] | timeout=0s | confidence=0.8
2026-07-14 13:25:53 | INFO | my_functions.py:281 | [DEBUG] Click skipped, ninguna de las imágenes se encontró en el intento.
2026-07-14 13:25:59 | INFO | my_functions.py:247 | [DEBUG] Buscando en paralelo: ['end_turn.PNG'] | timeout=0s | confidence=0.8
2026-07-14 13:26:00 | INFO | my_functions.py:134 | Haciendo click en la posición (682, 945)
2026-07-14 13:26:01 | INFO | my_functions.py:269 | 🖱️ Click OK (En paralelo): end_turn.PNG at (682, 945) delay=1s
2026-07-14 13:26:02 | INFO | each_eight_hours.py:165 | End turn executed
2026-07-14 13:26:23 | INFO | my_functions.py:199 | 
✅ Found: end_turn.PNG pos=(681, 945) time=0.64s confidence=0.8
2026-07-14 13:26:23 | INFO | my_functions.py:247 | [DEBUG] Buscando en paralelo: ['snap.PNG'] | timeout=0s | confidence=0.8
2026-07-14 13:26:24 | INFO | my_functions.py:281 | [DEBUG] Click skipped, ninguna de las imágenes se encontró en el intento.
2026-07-14 13:26:30 | INFO | my_functions.py:247 | [DEBUG] Buscando en paralelo: ['end_turn.PNG'] | timeout=0s | confidence=0.8
2026-07-14 13:26:32 | INFO | my_functions.py:134 | Haciendo click en la posición (681, 945)
2026-07-14 13:26:32 | INFO | my_functions.py:269 | 🖱️ Click OK (En paralelo): end_turn.PNG at (681, 945) delay=1s
2026-07-14 13:26:33 | INFO | each_eight_hours.py:165 | End turn executed
2026-07-14 13:26:58 | INFO | my_functions.py:199 | 
✅ Found: collect_rewards.PNG pos=(679, 957) time=0.76s confidence=0.8
2026-07-14 13:26:58 | INFO | each_eight_hours.py:204 | Rewards detected, exiting match
2026-07-14 13:26:58 | INFO | my_functions.py:247 | [DEBUG] Buscando en paralelo: ['collect_rewards.PNG'] | timeout=20s | confidence=0.8
2026-07-14 13:27:00 | INFO | my_functions.py:134 | Haciendo click en la posición (679, 957)
2026-07-14 13:27:00 | INFO | my_functions.py:269 | 🖱️ Click OK (En paralelo): collect_rewards.PNG at (679, 957) delay=1s
2026-07-14 13:27:01 | INFO | my_functions.py:247 | [DEBUG] Buscando en paralelo: ['next.PNG'] | timeout=20s | confidence=0.8
2026-07-14 13:27:08 | INFO | my_functions.py:134 | Haciendo click en la posición (677, 973)
2026-07-14 13:27:09 | INFO | my_functions.py:269 | 🖱️ Click OK (En paralelo): next.PNG at (677, 973) delay=1s
2026-07-14 13:27:12 | INFO | my_functions.py:533 | AVAILABLE: 5
2026-07-14 13:27:12 | INFO | each_eight_hours.py:271 | Submissions after match: 5
2026-07-14 13:27:12 | INFO | my_functions.py:555 | Misiones completadas: 1
2026-07-14 13:27:12 | INFO | each_eight_hours.py:279 | Submission condition met, breaking loop
2026-07-14 13:27:12 | INFO | my_functions.py:247 | [DEBUG] Buscando en paralelo: ['missionsNotify2.png'] | timeout=20s | confidence=0.8
2026-07-14 13:27:15 | INFO | my_functions.py:134 | Haciendo click en la posición (538, 124)
2026-07-14 13:27:16 | INFO | my_functions.py:269 | 🖱️ Click OK (En paralelo): missionsNotify2.png at (538, 124) delay=3s
2026-07-14 13:27:17 | INFO | my_functions.py:1470 | [INFO] Iniciando click_missions_blue2
2026-07-14 13:27:17 | INFO | my_functions.py:134 | Haciendo click en la posición (150, 132)
2026-07-14 13:27:18 | INFO | my_functions.py:1473 | [ACTION] Click hecho en icono de calendario que me dirige a las misiones ordinarias
2026-07-14 13:27:18 | INFO | my_functions.py:169 | Searching bonus_challenge.png (timeout=0s)
2026-07-14 13:27:18 | INFO | my_functions.py:213 | 
⛔ Not found: bonus_challenge.png after 0.0s region=(0, 0, 765, 1038) confidence=0.8
2026-07-14 13:27:20 | INFO | my_functions.py:134 | Haciendo click en la posición (362, 493)
2026-07-14 13:27:22 | INFO | my_functions.py:1486 | [ACTION] Click 1/1 en misión azul
2026-07-14 13:27:22 | INFO | my_functions.py:169 | Searching flechita_mission.PNG (timeout=0s)
2026-07-14 13:27:23 | INFO | my_functions.py:213 | 
⛔ Not found: flechita_mission.PNG after 0.0s region=(0, 0, 765, 1038) confidence=0.8
2026-07-14 13:27:23 | INFO | my_functions.py:247 | [DEBUG] Buscando en paralelo: ['weekly3.PNG'] | timeout=0s | confidence=0.8
2026-07-14 13:27:24 | INFO | my_functions.py:281 | [DEBUG] Click skipped, ninguna de las imágenes se encontró en el intento.
2026-07-14 13:27:25 | INFO | my_functions.py:247 | [DEBUG] Buscando en paralelo: ['weekly3.PNG'] | timeout=0s | confidence=0.8
2026-07-14 13:27:25 | INFO | my_functions.py:281 | [DEBUG] Click skipped, ninguna de las imágenes se encontró en el intento.
2026-07-14 13:27:27 | INFO | my_functions.py:134 | Haciendo click en la posición (557, 64)
2026-07-14 13:27:28 | INFO | my_functions.py:247 | [DEBUG] Buscando en paralelo: ['cards_shop.PNG'] | timeout=20s | confidence=0.8
2026-07-14 13:27:30 | INFO | my_functions.py:134 | Haciendo click en la posición (568, 121)
2026-07-14 13:27:31 | INFO | my_functions.py:269 | 🖱️ Click OK (En paralelo): cards_shop.PNG at (568, 121) delay=1s
2026-07-14 13:27:32 | INFO | my_functions.py:247 | [DEBUG] Buscando en paralelo: ['token_icon.PNG'] | timeout=20s | confidence=0.8
2026-07-14 13:27:34 | INFO | my_functions.py:134 | Haciendo click en la posición (531, 171)
2026-07-14 13:27:34 | INFO | my_functions.py:269 | 🖱️ Click OK (En paralelo): token_icon.PNG at (531, 171) delay=1s
2026-07-14 13:27:37 | INFO | my_functions.py:247 | [DEBUG] Buscando en paralelo: ['claim!_token_3.PNG'] | timeout=4s | confidence=0.8
2026-07-14 13:27:41 | INFO | my_functions.py:281 | [DEBUG] Click skipped, ninguna de las imágenes se encontró en el intento.
2026-07-14 13:27:42 | INFO | my_functions.py:247 | [DEBUG] Buscando en paralelo: ['cards_shop.PNG'] | timeout=20s | confidence=0.8
2026-07-14 13:27:44 | INFO | my_functions.py:134 | Haciendo click en la posición (568, 122)
2026-07-14 13:27:44 | INFO | my_functions.py:269 | 🖱️ Click OK (En paralelo): cards_shop.PNG at (568, 122) delay=1s
2026-07-14 13:27:45 | INFO | my_functions.py:247 | [DEBUG] Buscando en paralelo: ['offers.PNG'] | timeout=20s | confidence=0.8
2026-07-14 13:27:47 | INFO | my_functions.py:134 | Haciendo click en la posición (197, 121)
2026-07-14 13:27:47 | INFO | my_functions.py:269 | 🖱️ Click OK (En paralelo): offers.PNG at (197, 121) delay=1s
2026-07-14 13:27:48 | INFO | my_functions.py:1351 | [INFO] Iniciando mejora de cartas
2026-07-14 13:27:48 | INFO | my_functions.py:247 | [DEBUG] Buscando en paralelo: ['upgrade_cards_icon.PNG'] | timeout=3s | confidence=0.8
2026-07-14 13:27:50 | INFO | my_functions.py:134 | Haciendo click en la posición (322, 170)
2026-07-14 13:27:50 | INFO | my_functions.py:269 | 🖱️ Click OK (En paralelo): upgrade_cards_icon.PNG at (322, 170) delay=1s
2026-07-14 13:27:52 | INFO | my_functions.py:1358 | [INFO] Abriendo icono de upgrade_cards
2026-07-14 13:27:53 | INFO | my_functions.py:1365 | [STEP] Mejorando carta 1
2026-07-14 13:27:53 | INFO | my_functions.py:1369 | [ACTION] Click en carta 1
2026-07-14 13:27:54 | INFO | my_functions.py:1374 | [ACTION] Click en botón upgrade
2026-07-14 13:28:01 | INFO | my_functions.py:169 | Searching aw_snap.png (timeout=3s)
2026-07-14 13:28:05 | INFO | my_functions.py:213 | 
⛔ Not found: aw_snap.png after 3.32s region=(0, 0, 765, 1038) confidence=0.8
2026-07-14 13:28:05 | INFO | my_functions.py:247 | [DEBUG] Buscando en paralelo: ['you_need_more_credits!.png'] | timeout=3s | confidence=0.8
2026-07-14 13:28:08 | INFO | my_functions.py:281 | [DEBUG] Click skipped, ninguna de las imágenes se encontró en el intento.
2026-07-14 13:28:14 | INFO | my_functions.py:1407 | [ACTION] Click para continuar a stage de nivel de coleccion
2026-07-14 13:28:19 | INFO | my_functions.py:142 | Presionando ESC (1/1)
2026-07-14 13:28:20 | INFO | my_functions.py:1415 | [ACTION] Saliendo de stage nivel de coleccion con ESC
2026-07-14 13:28:21 | INFO | my_functions.py:247 | [DEBUG] Buscando en paralelo: ['upgrade_cards_icon_selected.PNG'] | timeout=0s | confidence=0.8
2026-07-14 13:28:23 | INFO | my_functions.py:134 | Haciendo click en la posición (320, 173)
2026-07-14 13:28:23 | INFO | my_functions.py:269 | 🖱️ Click OK (En paralelo): upgrade_cards_icon_selected.PNG at (320, 173) delay=1s
2026-07-14 13:28:24 | INFO | my_functions.py:1427 | [INFO] Reabriendo icono de upgrade_cards
2026-07-14 13:28:25 | INFO | my_functions.py:1365 | [STEP] Mejorando carta 2
2026-07-14 13:28:25 | INFO | my_functions.py:1369 | [ACTION] Click en carta 2
2026-07-14 13:28:26 | INFO | my_functions.py:1374 | [ACTION] Click en botón upgrade
2026-07-14 13:28:33 | INFO | my_functions.py:169 | Searching aw_snap.png (timeout=3s)
2026-07-14 13:28:37 | INFO | my_functions.py:213 | 
⛔ Not found: aw_snap.png after 3.33s region=(0, 0, 765, 1038) confidence=0.8
2026-07-14 13:28:37 | INFO | my_functions.py:247 | [DEBUG] Buscando en paralelo: ['you_need_more_credits!.png'] | timeout=3s | confidence=0.8
2026-07-14 13:28:40 | INFO | my_functions.py:281 | [DEBUG] Click skipped, ninguna de las imágenes se encontró en el intento.
2026-07-14 13:28:47 | INFO | my_functions.py:1407 | [ACTION] Click para continuar a stage de nivel de coleccion
2026-07-14 13:28:52 | INFO | my_functions.py:142 | Presionando ESC (1/1)
2026-07-14 13:28:52 | INFO | my_functions.py:1415 | [ACTION] Saliendo de stage nivel de coleccion con ESC
2026-07-14 13:28:53 | INFO | my_functions.py:247 | [DEBUG] Buscando en paralelo: ['upgrade_cards_icon_selected.PNG'] | timeout=0s | confidence=0.8
2026-07-14 13:28:55 | INFO | my_functions.py:134 | Haciendo click en la posición (320, 173)
2026-07-14 13:28:55 | INFO | my_functions.py:269 | 🖱️ Click OK (En paralelo): upgrade_cards_icon_selected.PNG at (320, 173) delay=1s
2026-07-14 13:28:56 | INFO | my_functions.py:1427 | [INFO] Reabriendo icono de upgrade_cards
2026-07-14 13:28:57 | INFO | my_functions.py:1365 | [STEP] Mejorando carta 3
2026-07-14 13:28:57 | INFO | my_functions.py:1369 | [ACTION] Click en carta 3
2026-07-14 13:28:58 | INFO | my_functions.py:1374 | [ACTION] Click en botón upgrade
2026-07-14 13:29:06 | INFO | my_functions.py:169 | Searching aw_snap.png (timeout=3s)
2026-07-14 13:29:09 | INFO | my_functions.py:213 | 
⛔ Not found: aw_snap.png after 3.27s region=(0, 0, 765, 1038) confidence=0.8
2026-07-14 13:29:09 | INFO | my_functions.py:247 | [DEBUG] Buscando en paralelo: ['you_need_more_credits!.png'] | timeout=3s | confidence=0.8
2026-07-14 13:29:11 | INFO | my_functions.py:134 | Haciendo click en la posición (381, 345)
2026-07-14 13:29:11 | INFO | my_functions.py:269 | 🖱️ Click OK (En paralelo): you_need_more_credits!.png at (381, 345) delay=1s
2026-07-14 13:29:12 | INFO | my_functions.py:142 | Presionando ESC (1/2)
2026-07-14 13:29:13 | INFO | my_functions.py:142 | Presionando ESC (2/2)
2026-07-14 13:29:15 | INFO | my_functions.py:1433 | [INFO] Mejora de cartas completada ✅
2026-07-14 13:29:15 | INFO | my_functions.py:142 | Presionando ESC (1/1)
2026-07-14 13:29:16 | INFO | my_functions.py:247 | [DEBUG] Buscando en paralelo: ['white_x.png'] | timeout=2s | confidence=0.8
2026-07-14 13:29:19 | INFO | my_functions.py:281 | [DEBUG] Click skipped, ninguna de las imágenes se encontró en el intento.
2026-07-14 13:29:20 | INFO | each_eight_hours.py:46 | [13:29:20.131] [DEBUG] === INICIANDO FUNCIÓN collect_cl_rewards ===
2026-07-14 13:29:20 | INFO | each_eight_hours.py:46 | [13:29:20.133] [DEBUG] Haciendo click inicial en (387, 166)...
2026-07-14 13:29:20 | INFO | my_functions.py:134 | Haciendo click en la posición (387, 166)
2026-07-14 13:29:26 | INFO | each_eight_hours.py:46 | [13:29:26.470] [DEBUG] Se omitió el cambio de tamaño de ventanas (resize=False)
2026-07-14 13:29:26 | INFO | each_eight_hours.py:46 | [13:29:26.494] [DEBUG] Recompensas iniciales detectadas por la API: 2
2026-07-14 13:29:26 | INFO | each_eight_hours.py:46 | [13:29:26.496] [DEBUG] --------------------------------------------------
2026-07-14 13:29:26 | INFO | each_eight_hours.py:46 | [13:29:26.497] [DEBUG] Inicio de iteración. Recompensas restantes: 2
2026-07-14 13:29:26 | INFO | each_eight_hours.py:46 | [13:29:26.500] [DEBUG] Intentando hacer click en: (260, 580)
2026-07-14 13:29:27 | INFO | my_functions.py:169 | Searching claim!.PNG (timeout=3s)
2026-07-14 13:29:31 | INFO | my_functions.py:213 | 
⛔ Not found: claim!.PNG after 3.52s region=(0, 0, 765, 1038) confidence=0.8
2026-07-14 13:29:31 | INFO | each_eight_hours.py:46 | [13:29:31.914] [DEBUG] No se detectó 'Claim'. Buscando 'check.png' en región (228, 547, 65, 55)...
2026-07-14 13:29:31 | INFO | my_functions.py:169 | Searching check.png (timeout=1s)
2026-07-14 13:29:33 | INFO | my_functions.py:213 | 
⛔ Not found: check.png after 1.05s region=(228, 547, 65, 55) confidence=0.8
2026-07-14 13:29:33 | INFO | each_eight_hours.py:46 | [13:29:33.067] [DEBUG] -> [CORRECCIÓN] Primer click fallido. Cambiando de lado a X = 470
2026-07-14 13:29:33 | INFO | each_eight_hours.py:46 | [13:29:33.070] [DEBUG] --------------------------------------------------
2026-07-14 13:29:33 | INFO | each_eight_hours.py:46 | [13:29:33.077] [DEBUG] Inicio de iteración. Recompensas restantes: 2
2026-07-14 13:29:33 | INFO | each_eight_hours.py:46 | [13:29:33.084] [DEBUG] Intentando hacer click en: (470, 580)
2026-07-14 13:29:34 | INFO | my_functions.py:169 | Searching claim!.PNG (timeout=3s)
2026-07-14 13:29:34 | INFO | my_functions.py:199 | 
✅ Found: claim!.PNG pos=(381, 924) time=0.68s confidence=0.8
2026-07-14 13:29:34 | INFO | each_eight_hours.py:46 | [13:29:34.978] [DEBUG] -> ¡ÉXITO! Botón 'Claim' detectado.
2026-07-14 13:29:34 | INFO | my_functions.py:169 | Searching set.png (timeout=2s)
2026-07-14 13:29:38 | INFO | my_functions.py:213 | 
⛔ Not found: set.png after 2.39s region=(0, 0, 765, 1038) confidence=0.8
2026-07-14 13:29:38 | INFO | my_functions.py:247 | [DEBUG] Buscando en paralelo: ['claim!.PNG'] | timeout=0s | confidence=0.8
2026-07-14 13:29:39 | INFO | my_functions.py:134 | Haciendo click en la posición (381, 924)
2026-07-14 13:29:40 | INFO | my_functions.py:269 | 🖱️ Click OK (En paralelo): claim!.PNG at (381, 924) delay=1s
2026-07-14 13:29:41 | INFO | each_eight_hours.py:46 | [13:29:41.212] [DEBUG] Moviendo el mouse a la posición de scroll (350, 580)...
2026-07-14 13:29:42 | INFO | each_eight_hours.py:46 | [13:29:42.782] [DEBUG] Alternancia de coordenada X: Cambió de 470 a 260
2026-07-14 13:29:42 | INFO | each_eight_hours.py:46 | [13:29:42.786] [DEBUG] --------------------------------------------------
2026-07-14 13:29:42 | INFO | each_eight_hours.py:46 | [13:29:42.788] [DEBUG] Inicio de iteración. Recompensas restantes: 1
2026-07-14 13:29:42 | INFO | each_eight_hours.py:46 | [13:29:42.794] [DEBUG] Intentando hacer click en: (260, 580)
2026-07-14 13:29:44 | INFO | my_functions.py:169 | Searching claim!.PNG (timeout=3s)
2026-07-14 13:29:48 | INFO | my_functions.py:213 | 
⛔ Not found: claim!.PNG after 3.45s region=(0, 0, 765, 1038) confidence=0.8
2026-07-14 13:29:48 | INFO | each_eight_hours.py:46 | [13:29:48.149] [DEBUG] No se detectó 'Claim'. Buscando 'check.png' en región (228, 547, 65, 55)...
2026-07-14 13:29:48 | INFO | my_functions.py:169 | Searching check.png (timeout=1s)
2026-07-14 13:29:48 | INFO | my_functions.py:199 | 
✅ Found: check.png pos=(265, 579) time=0.11s confidence=0.8
2026-07-14 13:29:48 | INFO | each_eight_hours.py:46 | [13:29:48.281] [DEBUG] -> ¡ÉXITO! Crédito detectado por 'check.png'. Reclamado automáticamente por el click previo.
2026-07-14 13:29:48 | INFO | each_eight_hours.py:46 | [13:29:48.288] [DEBUG] Moviendo el mouse a la posición de scroll (350, 580)...
2026-07-14 13:29:49 | INFO | each_eight_hours.py:46 | [13:29:49.857] [DEBUG] Alternancia de coordenada X: Cambió de 260 a 470
2026-07-14 13:29:49 | INFO | each_eight_hours.py:46 | Finished collecting rewards
2026-07-14 13:29:50 | INFO | my_functions.py:142 | Presionando ESC (1/1)
2026-07-14 13:29:51 | INFO | my_functions.py:247 | [DEBUG] Buscando en paralelo: ['nut.png'] | timeout=20s | confidence=0.8
2026-07-14 13:29:53 | INFO | my_functions.py:134 | Haciendo click en la posición (184, 78)
2026-07-14 13:29:53 | INFO | my_functions.py:269 | 🖱️ Click OK (En paralelo): nut.png at (184, 78) delay=1s
2026-07-14 13:29:54 | INFO | my_functions.py:247 | [DEBUG] Buscando en paralelo: ['graphics_quality.png'] | timeout=3s | confidence=0.8
2026-07-14 13:29:56 | INFO | my_functions.py:134 | Haciendo click en la posición (304, 644)
2026-07-14 13:29:56 | INFO | my_functions.py:269 | 🖱️ Click OK (En paralelo): graphics_quality.png at (304, 644) delay=1s
2026-07-14 13:29:58 | INFO | my_functions.py:247 | [DEBUG] Buscando en paralelo: ['sign_out.png'] | timeout=20s | confidence=0.8
2026-07-14 13:30:00 | INFO | my_functions.py:134 | Haciendo click en la posición (380, 796)
2026-07-14 13:30:00 | INFO | my_functions.py:269 | 🖱️ Click OK (En paralelo): sign_out.png at (380, 796) delay=1s
2026-07-14 13:30:02 | INFO | my_functions.py:247 | [DEBUG] Buscando en paralelo: ['sign_out_grande.png'] | timeout=20s | confidence=0.8
2026-07-14 13:30:03 | INFO | my_functions.py:134 | Haciendo click en la posición (359, 437)
2026-07-14 13:30:04 | INFO | my_functions.py:269 | 🖱️ Click OK (En paralelo): sign_out_grande.png at (359, 437) delay=1s
2026-07-14 13:30:05 | INFO | my_functions.py:247 | [DEBUG] Buscando en paralelo: ['sign_out2.png'] | timeout=20s | confidence=0.8
2026-07-14 13:30:06 | INFO | my_functions.py:134 | Haciendo click en la posición (383, 634)
2026-07-14 13:30:06 | INFO | my_functions.py:269 | 🖱️ Click OK (En paralelo): sign_out2.png at (383, 634) delay=1s
2026-07-14 13:30:08 | INFO | my_functions.py:1545 | ⏱ Esperando 0.1 segundos antes de empezar...
2026-07-14 13:30:08 | INFO | my_functions.py:1552 | 🔍 Esperando ventana que contenga alguna de: SNAP (máx 20s)
2026-07-14 13:30:08 | INFO | my_functions.py:1564 | ✅ Ventana encontrada: 'SNAP'
2026-07-14 13:30:08 | INFO | my_functions.py:1579 | ✅ Ventana seleccionada: 'SNAP'
2026-07-14 13:30:10 | INFO | my_functions.py:1602 | 🔁 Reajuste #1...
2026-07-14 13:30:12 | INFO | my_functions.py:1609 | ✔ Verificación completa. Se hicieron 1 reajustes.
2026-07-14 13:30:16 | INFO | baseclient.py:33 | Connecting with parameters: host='localhost' port=4455 password='' subs=0 timeout=None
2026-07-14 13:30:16 | INFO | reqs.py:23 | Successfully identified ReqClient with the server using RPC version:1
2026-07-14 13:30:16 | INFO | my_functions.py:93 | Record stopped.
2026-07-14 13:30:28 | INFO | my_functions.py:123 | Archivo renombrado a: C:\Users\Farm\Videos\my_functions_2026-07-14_12-21-01.mkv
2026-07-14 13:30:28 | INFO | each_eight_hours.py:288 | OBS recording stopped
