2026-05-08 19:07:30 | INFO | each_eight_hours.py:39 | LOG FILE PATH: \\vmware-host\Shared Folders\SHARED FILES VM\MS\logs\each_eight_hours_2026-05-08_19-07-30.log
2026-05-08 19:07:30 | INFO | each_eight_hours.py:40 | Logger initialized
2026-05-08 19:07:30 | INFO | each_eight_hours.py:67 | Script initialized
2026-05-08 19:07:32 | INFO | each_eight_hours.py:117 | Execution started
2026-05-08 19:07:32 | INFO | each_eight_hours.py:120 | Mouse moved to initial position
2026-05-08 19:07:32 | INFO | each_eight_hours.py:127 | snap.exe terminated if it was running
2026-05-08 19:07:32 | INFO | my_functions.py:60 | ⏳ Esperando WebSocket de OBS...
2026-05-08 19:07:32 | INFO | baseclient.py:33 | Connecting with parameters: host='localhost' port=4455 password='' subs=0 timeout=None
2026-05-08 19:07:32 | INFO | reqs.py:23 | Successfully identified ReqClient with the server using RPC version:1
2026-05-08 19:07:32 | INFO | my_functions.py:66 | ✅ Conectado al OBS WebSocket
2026-05-08 19:07:32 | INFO | my_functions.py:82 | ⏹ Grabación ya estaba activa, deteniéndola...
2026-05-08 19:07:32 | INFO | baseclient.py:33 | Connecting with parameters: host='localhost' port=4455 password='' subs=0 timeout=None
2026-05-08 19:07:32 | INFO | reqs.py:23 | Successfully identified ReqClient with the server using RPC version:1
2026-05-08 19:07:32 | INFO | my_functions.py:97 | Record stopped.
2026-05-08 19:07:44 | INFO | my_functions.py:127 | Archivo renombrado a: C:\Users\Farm\Videos\my_functions_2026-05-08_19-07-44.mkv
2026-05-08 19:07:47 | INFO | my_functions.py:87 | 🎬 Nueva grabación iniciada
2026-05-08 19:07:47 | INFO | each_eight_hours.py:130 | OBS started and recording
2026-05-08 19:07:47 | INFO | my_functions.py:1668 | ⏱ Esperando 0.1 segundos antes de empezar...
2026-05-08 19:07:47 | INFO | my_functions.py:1675 | 🔍 Esperando ventana que contenga alguna de: ['py', 'eight_hours'] (máx 20s)
2026-05-08 19:07:47 | INFO | my_functions.py:1687 | ✅ Ventana encontrada: 'each_eight_hours - Acceso directo'
2026-05-08 19:07:47 | INFO | my_functions.py:1702 | ✅ Ventana seleccionada: 'each_eight_hours - Acceso directo'
2026-05-08 19:07:49 | INFO | my_functions.py:1725 | 🔁 Reajuste #1...
2026-05-08 19:07:50 | INFO | my_functions.py:1732 | ✔ Verificación completa. Se hicieron 1 reajustes.
2026-05-08 19:07:50 | INFO | each_eight_hours.py:136 | Console window resized
2026-05-08 19:07:50 | INFO | each_eight_hours.py:146 | Processing account: percy
2026-05-08 19:07:50 | INFO | each_eight_hours.py:149 | Game relaunched for account
2026-05-08 19:07:50 | INFO | my_functions.py:1668 | ⏱ Esperando 0.1 segundos antes de empezar...
2026-05-08 19:07:50 | INFO | my_functions.py:1675 | 🔍 Esperando ventana que contenga alguna de: ['SNAP'] (máx 20s)
2026-05-08 19:07:52 | INFO | my_functions.py:1687 | ✅ Ventana encontrada: 'SNAP'
2026-05-08 19:07:52 | INFO | my_functions.py:1702 | ✅ Ventana seleccionada: 'SNAP'
2026-05-08 19:07:54 | INFO | my_functions.py:1725 | 🔁 Reajuste #1...
2026-05-08 19:07:55 | INFO | my_functions.py:1732 | ✔ Verificación completa. Se hicieron 1 reajustes.
2026-05-08 19:07:55 | INFO | each_eight_hours.py:156 | Game window resized
2026-05-08 19:07:55 | INFO | my_functions.py:1207 | [DEBUG] Resizing SNAP window...
2026-05-08 19:07:55 | INFO | my_functions.py:1668 | ⏱ Esperando 0.1 segundos antes de empezar...
2026-05-08 19:07:55 | INFO | my_functions.py:1675 | 🔍 Esperando ventana que contenga alguna de: ['SNAP'] (máx 20s)
2026-05-08 19:07:55 | INFO | my_functions.py:1687 | ✅ Ventana encontrada: 'SNAP'
2026-05-08 19:07:55 | INFO | my_functions.py:1702 | ✅ Ventana seleccionada: 'SNAP'
2026-05-08 19:07:59 | INFO | my_functions.py:1734 | ✔ Verificación completa. No hubo cambios después del primer ajuste.
2026-05-08 19:07:59 | INFO | my_functions.py:231 | [DEBUG] wait_for_image_and_click -> submit.PNG timeout=90s delay_click=0.2s confidence=0.8
2026-05-08 19:07:59 | INFO | my_functions.py:172 | Searching submit.PNG (timeout=90s)
2026-05-08 19:08:00 | INFO | my_functions.py:198 | 
✅ Found: submit.PNG pos=(385, 781) time=1.79s confidence=0.8
2026-05-08 19:08:01 | INFO | my_functions.py:138 | Haciendo click en la posición (385, 781)
2026-05-08 19:08:01 | INFO | my_functions.py:251 | 🖱️ Click OK: submit.PNG at (385, 781) delay=0.2s
2026-05-08 19:08:01 | INFO | my_functions.py:1668 | ⏱ Esperando 0.1 segundos antes de empezar...
2026-05-08 19:08:01 | INFO | my_functions.py:1675 | 🔍 Esperando ventana que contenga alguna de: ['SNAP'] (máx 20s)
2026-05-08 19:08:01 | INFO | my_functions.py:1687 | ✅ Ventana encontrada: 'SNAP'
2026-05-08 19:08:01 | INFO | my_functions.py:1702 | ✅ Ventana seleccionada: 'SNAP'
2026-05-08 19:08:03 | INFO | my_functions.py:1725 | 🔁 Reajuste #1...
2026-05-08 19:08:04 | INFO | my_functions.py:1732 | ✔ Verificación completa. Se hicieron 1 reajustes.
2026-05-08 19:08:04 | INFO | my_functions.py:172 | Searching please_sign.png (timeout=0s)
2026-05-08 19:08:04 | INFO | my_functions.py:198 | 
✅ Found: please_sign.png pos=(383, 438) time=0.2s confidence=0.8
2026-05-08 19:08:04 | INFO | my_functions.py:231 | [DEBUG] wait_for_image_and_click -> ok_btn.png timeout=20s delay_click=1s confidence=0.8
2026-05-08 19:08:04 | INFO | my_functions.py:172 | Searching ok_btn.png (timeout=20s)
2026-05-08 19:08:04 | INFO | my_functions.py:198 | 
✅ Found: ok_btn.png pos=(382, 634) time=0.2s confidence=0.8
2026-05-08 19:08:05 | INFO | my_functions.py:138 | Haciendo click en la posición (382, 634)
2026-05-08 19:08:06 | INFO | my_functions.py:251 | 🖱️ Click OK: ok_btn.png at (382, 634) delay=1s
2026-05-08 19:08:06 | INFO | my_functions.py:231 | [DEBUG] wait_for_image_and_click -> submit.PNG timeout=90s delay_click=0.2s confidence=0.8
2026-05-08 19:08:06 | INFO | my_functions.py:172 | Searching submit.PNG (timeout=90s)
2026-05-08 19:08:07 | INFO | my_functions.py:198 | 
✅ Found: submit.PNG pos=(385, 779) time=1.39s confidence=0.8
2026-05-08 19:08:07 | INFO | my_functions.py:138 | Haciendo click en la posición (385, 779)
2026-05-08 19:08:07 | INFO | my_functions.py:251 | 🖱️ Click OK: submit.PNG at (385, 779) delay=0.2s
2026-05-08 19:08:07 | INFO | my_functions.py:172 | Searching sign_in_with_google2.PNG (timeout=90s)
2026-05-08 19:08:08 | INFO | my_functions.py:198 | 
✅ Found: sign_in_with_google2.PNG pos=(406, 957) time=1.09s confidence=0.8
2026-05-08 19:08:08 | INFO | my_functions.py:231 | [DEBUG] wait_for_image_and_click -> sign_in_with_google2.PNG timeout=20s delay_click=1s confidence=0.8
2026-05-08 19:08:08 | INFO | my_functions.py:172 | Searching sign_in_with_google2.PNG (timeout=20s)
2026-05-08 19:08:09 | INFO | my_functions.py:198 | 
✅ Found: sign_in_with_google2.PNG pos=(406, 957) time=0.18s confidence=0.8
2026-05-08 19:08:10 | INFO | my_functions.py:138 | Haciendo click en la posición (406, 957)
2026-05-08 19:08:10 | INFO | my_functions.py:251 | 🖱️ Click OK: sign_in_with_google2.PNG at (406, 957) delay=1s
2026-05-08 19:08:10 | INFO | my_functions.py:231 | [DEBUG] wait_for_image_and_click -> percy.png timeout=30s delay_click=3s confidence=0.8
2026-05-08 19:08:10 | INFO | my_functions.py:172 | Searching percy.png (timeout=30s)
2026-05-08 19:08:40 | INFO | my_functions.py:209 | 
⛔ Not found: percy.png after 30.12s region=None confidence=0.8
2026-05-08 19:08:40 | INFO | my_functions.py:258 | [DEBUG] Click skipped, image not found: percy.png
2026-05-08 19:08:41 | INFO | my_functions.py:231 | [DEBUG] wait_for_image_and_click -> percy.png timeout=0s delay_click=3s confidence=0.8
2026-05-08 19:08:41 | INFO | my_functions.py:172 | Searching percy.png (timeout=0s)
2026-05-08 19:08:41 | INFO | my_functions.py:198 | 
✅ Found: percy.png pos=(1132, 647) time=0.34s confidence=0.8
2026-05-08 19:08:44 | INFO | my_functions.py:138 | Haciendo click en la posición (1132, 647)
2026-05-08 19:08:45 | INFO | my_functions.py:251 | 🖱️ Click OK: percy.png at (1132, 647) delay=3s
2026-05-08 19:08:47 | INFO | my_functions.py:231 | [DEBUG] wait_for_image_and_click -> python_icon.PNG timeout=5s delay_click=1s confidence=0.8
2026-05-08 19:08:47 | INFO | my_functions.py:172 | Searching python_icon.PNG (timeout=5s)
2026-05-08 19:08:47 | INFO | my_functions.py:198 | 
✅ Found: python_icon.PNG pos=(709, 1054) time=0.35s confidence=0.8
2026-05-08 19:08:48 | INFO | my_functions.py:138 | Haciendo click en la posición (709, 1054)
2026-05-08 19:08:48 | INFO | my_functions.py:251 | 🖱️ Click OK: python_icon.PNG at (709, 1054) delay=1s
2026-05-08 19:08:48 | INFO | my_functions.py:231 | [DEBUG] wait_for_image_and_click -> snap_icon_task_bar.PNG timeout=20s delay_click=1s confidence=0.8
2026-05-08 19:08:48 | INFO | my_functions.py:172 | Searching snap_icon_task_bar.PNG (timeout=20s)
2026-05-08 19:08:49 | INFO | my_functions.py:198 | 
✅ Found: snap_icon_task_bar.PNG pos=(524, 1052) time=0.36s confidence=0.8
2026-05-08 19:08:50 | INFO | my_functions.py:138 | Haciendo click en la posición (524, 1052)
2026-05-08 19:08:50 | INFO | my_functions.py:251 | 🖱️ Click OK: snap_icon_task_bar.PNG at (524, 1052) delay=1s
2026-05-08 19:08:50 | INFO | my_functions.py:172 | Searching play.PNG (timeout=30s)
2026-05-08 19:09:00 | INFO | my_functions.py:198 | 
✅ Found: play.PNG pos=(384, 824) time=10.26s confidence=0.8
2026-05-08 19:09:00 | INFO | my_functions.py:1265 | [DEBUG] Login completado correctamente.
2026-05-08 19:09:00 | INFO | each_eight_hours.py:160 | Login executed
2026-05-08 19:09:00 | INFO | my_functions.py:172 | Searching shop_unselected.PNG (timeout=0s)
2026-05-08 19:09:00 | INFO | my_functions.py:198 | 
✅ Found: shop_unselected.PNG pos=(88, 961) time=0.27s confidence=0.8
2026-05-08 19:09:08 | INFO | my_functions.py:172 | Searching shop_unselected.PNG (timeout=0s)
2026-05-08 19:09:09 | INFO | my_functions.py:209 | 
⛔ Not found: shop_unselected.PNG after 0.0s region=(0, 0, 765, 1038) confidence=0.8
2026-05-08 19:09:10 | INFO | my_functions.py:172 | Searching shop_unselected.PNG (timeout=0s)
2026-05-08 19:09:10 | INFO | my_functions.py:209 | 
⛔ Not found: shop_unselected.PNG after 0.0s region=(0, 0, 765, 1038) confidence=0.8
2026-05-08 19:09:10 | INFO | my_functions.py:231 | [DEBUG] wait_for_image_and_click -> super_premium.PNG timeout=0s delay_click=1s confidence=0.8
2026-05-08 19:09:10 | INFO | my_functions.py:172 | Searching super_premium.PNG (timeout=0s)
2026-05-08 19:09:10 | INFO | my_functions.py:198 | 
✅ Found: super_premium.PNG pos=(480, 777) time=0.22s confidence=0.8
2026-05-08 19:09:11 | INFO | my_functions.py:138 | Haciendo click en la posición (480, 777)
2026-05-08 19:09:11 | INFO | my_functions.py:251 | 🖱️ Click OK: super_premium.PNG at (480, 777) delay=1s
2026-05-08 19:09:11 | INFO | my_functions.py:146 | Presionando ESC (1/1)
2026-05-08 19:09:20 | INFO | my_functions.py:172 | Searching shop_unselected.PNG (timeout=0s)
2026-05-08 19:09:20 | INFO | my_functions.py:198 | 
✅ Found: shop_unselected.PNG pos=(89, 961) time=0.23s confidence=0.8
2026-05-08 19:09:20 | INFO | my_functions.py:720 | Ya esta listo
2026-05-08 19:09:20 | INFO | each_eight_hours.py:163 | Initial images processed
2026-05-08 19:09:20 | INFO | each_eight_hours.py:166 | Chrome terminated
2026-05-08 19:09:20 | INFO | my_functions.py:231 | [DEBUG] wait_for_image_and_click -> missions_unnotified2.png timeout=20s delay_click=1s confidence=0.8
2026-05-08 19:09:20 | INFO | my_functions.py:172 | Searching missions_unnotified2.png (timeout=20s)
2026-05-08 19:09:21 | INFO | my_functions.py:198 | 
✅ Found: missions_unnotified2.png pos=(516, 127) time=0.27s confidence=0.8
2026-05-08 19:09:22 | INFO | my_functions.py:138 | Haciendo click en la posición (516, 127)
2026-05-08 19:09:22 | INFO | my_functions.py:251 | 🖱️ Click OK: missions_unnotified2.png at (516, 127) delay=1s
2026-05-08 19:09:22 | INFO | my_functions.py:231 | [DEBUG] wait_for_image_and_click -> calendar_missions_daily.png timeout=3s delay_click=1s confidence=0.8
2026-05-08 19:09:22 | INFO | my_functions.py:172 | Searching calendar_missions_daily.png (timeout=3s)
2026-05-08 19:09:23 | INFO | my_functions.py:198 | 
✅ Found: calendar_missions_daily.png pos=(189, 131) time=1.2s confidence=0.8
2026-05-08 19:09:24 | INFO | my_functions.py:138 | Haciendo click en la posición (189, 131)
2026-05-08 19:09:24 | INFO | my_functions.py:251 | 🖱️ Click OK: calendar_missions_daily.png at (189, 131) delay=1s
2026-05-08 19:09:24 | INFO | each_eight_hours.py:180 | Mission screens opened
2026-05-08 19:09:24 | INFO | my_functions.py:295 | JSON file located at C:\Users\Farm\AppData\LocalLow\Second Dinner\SNAP\Standalone\States\nvprod\MissionState.json
2026-05-08 19:09:27 | INFO | my_functions.py:434 | AVAILABLE: 4
2026-05-08 19:09:27 | INFO | my_functions.py:444 | [INFO] Waiting for Notepad++ process...
2026-05-08 19:09:27 | INFO | my_functions.py:458 | [INFO] Notepad++ detected PID=3520
2026-05-08 19:09:30 | INFO | my_functions.py:466 | [SUCCESS] Notepad++ closed successfully
2026-05-08 19:09:31 | INFO | my_functions.py:1593 | [INFO] Iniciando click_missions_blue2
2026-05-08 19:09:31 | INFO | my_functions.py:138 | Haciendo click en la posición (150, 132)
2026-05-08 19:09:33 | INFO | my_functions.py:1596 | [ACTION] Click hecho en icono de calendario que me dirige a las misiones ordinarias
2026-05-08 19:09:33 | INFO | my_functions.py:172 | Searching bonus_challenge.png (timeout=0s)
2026-05-08 19:09:33 | INFO | my_functions.py:209 | 
⛔ Not found: bonus_challenge.png after 0.0s region=(0, 0, 765, 1038) confidence=0.8
2026-05-08 19:09:35 | INFO | my_functions.py:172 | Searching flechita_mission.PNG (timeout=0s)
2026-05-08 19:09:35 | INFO | my_functions.py:209 | 
⛔ Not found: flechita_mission.PNG after 0.0s region=(0, 0, 765, 1038) confidence=0.8
2026-05-08 19:09:35 | INFO | my_functions.py:231 | [DEBUG] wait_for_image_and_click -> weekly3.PNG timeout=0s delay_click=0.1s confidence=0.8
2026-05-08 19:09:35 | INFO | my_functions.py:172 | Searching weekly3.PNG (timeout=0s)
2026-05-08 19:09:35 | INFO | my_functions.py:209 | 
⛔ Not found: weekly3.PNG after 0.0s region=(0, 0, 765, 1038) confidence=0.8
2026-05-08 19:09:35 | INFO | my_functions.py:258 | [DEBUG] Click skipped, image not found: weekly3.PNG
2026-05-08 19:09:35 | INFO | my_functions.py:231 | [DEBUG] wait_for_image_and_click -> weekly3.PNG timeout=0s delay_click=0.1s confidence=0.8
2026-05-08 19:09:35 | INFO | my_functions.py:172 | Searching weekly3.PNG (timeout=0s)
2026-05-08 19:09:35 | INFO | my_functions.py:209 | 
⛔ Not found: weekly3.PNG after 0.01s region=(0, 0, 765, 1038) confidence=0.8
2026-05-08 19:09:35 | INFO | my_functions.py:258 | [DEBUG] Click skipped, image not found: weekly3.PNG
2026-05-08 19:09:35 | INFO | my_functions.py:231 | [DEBUG] wait_for_image_and_click -> weekly3.PNG timeout=0s delay_click=0.1s confidence=0.8
2026-05-08 19:09:35 | INFO | my_functions.py:172 | Searching weekly3.PNG (timeout=0s)
2026-05-08 19:09:36 | INFO | my_functions.py:209 | 
⛔ Not found: weekly3.PNG after 0.01s region=(0, 0, 765, 1038) confidence=0.8
2026-05-08 19:09:36 | INFO | my_functions.py:258 | [DEBUG] Click skipped, image not found: weekly3.PNG
2026-05-08 19:09:36 | INFO | my_functions.py:231 | [DEBUG] wait_for_image_and_click -> weekly3.PNG timeout=0s delay_click=0.1s confidence=0.8
2026-05-08 19:09:36 | INFO | my_functions.py:172 | Searching weekly3.PNG (timeout=0s)
2026-05-08 19:09:36 | INFO | my_functions.py:209 | 
⛔ Not found: weekly3.PNG after 0.0s region=(0, 0, 765, 1038) confidence=0.8
2026-05-08 19:09:36 | INFO | my_functions.py:258 | [DEBUG] Click skipped, image not found: weekly3.PNG
2026-05-08 19:09:36 | INFO | my_functions.py:231 | [DEBUG] wait_for_image_and_click -> weekly3.PNG timeout=0s delay_click=0.1s confidence=0.8
2026-05-08 19:09:36 | INFO | my_functions.py:172 | Searching weekly3.PNG (timeout=0s)
2026-05-08 19:09:36 | INFO | my_functions.py:209 | 
⛔ Not found: weekly3.PNG after 0.0s region=(0, 0, 765, 1038) confidence=0.8
2026-05-08 19:09:36 | INFO | my_functions.py:258 | [DEBUG] Click skipped, image not found: weekly3.PNG
2026-05-08 19:09:36 | INFO | my_functions.py:231 | [DEBUG] wait_for_image_and_click -> weekly3.PNG timeout=0s delay_click=0.1s confidence=0.8
2026-05-08 19:09:36 | INFO | my_functions.py:172 | Searching weekly3.PNG (timeout=0s)
2026-05-08 19:09:36 | INFO | my_functions.py:209 | 
⛔ Not found: weekly3.PNG after 0.01s region=(0, 0, 765, 1038) confidence=0.8
2026-05-08 19:09:36 | INFO | my_functions.py:258 | [DEBUG] Click skipped, image not found: weekly3.PNG
2026-05-08 19:09:36 | INFO | my_functions.py:231 | [DEBUG] wait_for_image_and_click -> weekly3.PNG timeout=0s delay_click=0.1s confidence=0.8
2026-05-08 19:09:36 | INFO | my_functions.py:172 | Searching weekly3.PNG (timeout=0s)
2026-05-08 19:09:36 | INFO | my_functions.py:209 | 
⛔ Not found: weekly3.PNG after 0.01s region=(0, 0, 765, 1038) confidence=0.8
2026-05-08 19:09:36 | INFO | my_functions.py:258 | [DEBUG] Click skipped, image not found: weekly3.PNG
2026-05-08 19:09:36 | INFO | my_functions.py:231 | [DEBUG] wait_for_image_and_click -> weekly3.PNG timeout=0s delay_click=0.1s confidence=0.8
2026-05-08 19:09:36 | INFO | my_functions.py:172 | Searching weekly3.PNG (timeout=0s)
2026-05-08 19:09:37 | INFO | my_functions.py:209 | 
⛔ Not found: weekly3.PNG after 0.01s region=(0, 0, 765, 1038) confidence=0.8
2026-05-08 19:09:37 | INFO | my_functions.py:258 | [DEBUG] Click skipped, image not found: weekly3.PNG
2026-05-08 19:09:37 | INFO | my_functions.py:231 | [DEBUG] wait_for_image_and_click -> weekly3.PNG timeout=0s delay_click=0.1s confidence=0.8
2026-05-08 19:09:37 | INFO | my_functions.py:172 | Searching weekly3.PNG (timeout=0s)
2026-05-08 19:09:37 | INFO | my_functions.py:209 | 
⛔ Not found: weekly3.PNG after 0.0s region=(0, 0, 765, 1038) confidence=0.8
2026-05-08 19:09:37 | INFO | my_functions.py:258 | [DEBUG] Click skipped, image not found: weekly3.PNG
2026-05-08 19:09:37 | INFO | my_functions.py:231 | [DEBUG] wait_for_image_and_click -> weekly3.PNG timeout=0s delay_click=0.1s confidence=0.8
2026-05-08 19:09:37 | INFO | my_functions.py:172 | Searching weekly3.PNG (timeout=0s)
2026-05-08 19:09:37 | INFO | my_functions.py:209 | 
⛔ Not found: weekly3.PNG after 0.01s region=(0, 0, 765, 1038) confidence=0.8
2026-05-08 19:09:37 | INFO | my_functions.py:258 | [DEBUG] Click skipped, image not found: weekly3.PNG
2026-05-08 19:09:37 | INFO | my_functions.py:295 | JSON file located at C:\Users\Farm\AppData\LocalLow\Second Dinner\SNAP\Standalone\States\nvprod\MissionState.json
2026-05-08 19:09:40 | INFO | my_functions.py:434 | AVAILABLE: 4
2026-05-08 19:09:40 | INFO | my_functions.py:444 | [INFO] Waiting for Notepad++ process...
2026-05-08 19:09:40 | INFO | my_functions.py:458 | [INFO] Notepad++ detected PID=5780
2026-05-08 19:09:43 | INFO | my_functions.py:466 | [SUCCESS] Notepad++ closed successfully
2026-05-08 19:09:44 | INFO | each_eight_hours.py:219 | Entering shop to claim credits
2026-05-08 19:09:44 | INFO | my_functions.py:138 | Haciendo click en la posición (557, 64)
2026-05-08 19:09:45 | INFO | my_functions.py:231 | [DEBUG] wait_for_image_and_click -> offers.PNG timeout=0s delay_click=1s confidence=0.8
2026-05-08 19:09:45 | INFO | my_functions.py:172 | Searching offers.PNG (timeout=0s)
2026-05-08 19:09:45 | INFO | my_functions.py:209 | 
⛔ Not found: offers.PNG after 0.0s region=(0, 0, 765, 1038) confidence=0.8
2026-05-08 19:09:45 | INFO | my_functions.py:258 | [DEBUG] Click skipped, image not found: offers.PNG
2026-05-08 19:09:45 | INFO | my_functions.py:231 | [DEBUG] wait_for_image_and_click -> offers_selected.PNG timeout=0s delay_click=1s confidence=0.8
2026-05-08 19:09:45 | INFO | my_functions.py:172 | Searching offers_selected.PNG (timeout=0s)
2026-05-08 19:09:46 | INFO | my_functions.py:209 | 
⛔ Not found: offers_selected.PNG after 0.0s region=(0, 0, 765, 1038) confidence=0.8
2026-05-08 19:09:46 | INFO | my_functions.py:258 | [DEBUG] Click skipped, image not found: offers_selected.PNG
2026-05-08 19:09:46 | INFO | my_functions.py:231 | [DEBUG] wait_for_image_and_click -> offers.PNG timeout=0s delay_click=1s confidence=0.8
2026-05-08 19:09:46 | INFO | my_functions.py:172 | Searching offers.PNG (timeout=0s)
2026-05-08 19:09:46 | INFO | my_functions.py:198 | 
✅ Found: offers.PNG pos=(197, 121) time=0.23s confidence=0.8
2026-05-08 19:09:47 | INFO | my_functions.py:138 | Haciendo click en la posición (197, 121)
2026-05-08 19:09:47 | INFO | my_functions.py:251 | 🖱️ Click OK: offers.PNG at (197, 121) delay=1s
2026-05-08 19:09:47 | INFO | each_eight_hours.py:229 | Offers screen opened
2026-05-08 19:09:47 | INFO | my_functions.py:231 | [DEBUG] wait_for_image_and_click -> credits_selected.png timeout=0s delay_click=1s confidence=0.8
2026-05-08 19:09:47 | INFO | my_functions.py:172 | Searching credits_selected.png (timeout=0s)
2026-05-08 19:09:47 | INFO | my_functions.py:198 | 
✅ Found: credits_selected.png pos=(443, 167) time=0.22s confidence=0.8
2026-05-08 19:09:48 | INFO | my_functions.py:138 | Haciendo click en la posición (443, 167)
2026-05-08 19:09:49 | INFO | my_functions.py:251 | 🖱️ Click OK: credits_selected.png at (443, 167) delay=1s
2026-05-08 19:09:50 | INFO | my_functions.py:231 | [DEBUG] wait_for_image_and_click -> claim_25_credits.png timeout=3s delay_click=1s confidence=0.8
2026-05-08 19:09:50 | INFO | my_functions.py:172 | Searching claim_25_credits.png (timeout=3s)
2026-05-08 19:09:50 | INFO | my_functions.py:198 | 
✅ Found: claim_25_credits.png pos=(236, 328) time=0.25s confidence=0.8
2026-05-08 19:09:51 | INFO | my_functions.py:138 | Haciendo click en la posición (236, 328)
2026-05-08 19:09:52 | INFO | my_functions.py:251 | 🖱️ Click OK: claim_25_credits.png at (236, 328) delay=1s
2026-05-08 19:09:52 | INFO | each_eight_hours.py:258 | Credits claimed
2026-05-08 19:09:52 | INFO | my_functions.py:146 | Presionando ESC (1/1)
2026-05-08 19:09:52 | INFO | my_functions.py:231 | [DEBUG] wait_for_image_and_click -> white_x.png timeout=2s delay_click=1s confidence=0.8
2026-05-08 19:09:52 | INFO | my_functions.py:172 | Searching white_x.png (timeout=2s)
2026-05-08 19:09:55 | INFO | my_functions.py:209 | 
⛔ Not found: white_x.png after 2.14s region=(0, 0, 765, 1038) confidence=0.8
2026-05-08 19:09:55 | INFO | my_functions.py:258 | [DEBUG] Click skipped, image not found: white_x.png
2026-05-08 19:09:55 | INFO | my_functions.py:1443 | [DEBUG] Starting logout process...
2026-05-08 19:09:55 | INFO | my_functions.py:1445 | [DEBUG] Clicking nut icon...
2026-05-08 19:09:55 | INFO | my_functions.py:231 | [DEBUG] wait_for_image_and_click -> nut.png timeout=20s delay_click=1s confidence=0.8
2026-05-08 19:09:55 | INFO | my_functions.py:172 | Searching nut.png (timeout=20s)
2026-05-08 19:09:55 | INFO | my_functions.py:198 | 
✅ Found: nut.png pos=(184, 78) time=0.22s confidence=0.8
2026-05-08 19:09:56 | INFO | my_functions.py:138 | Haciendo click en la posición (184, 78)
2026-05-08 19:09:56 | INFO | my_functions.py:251 | 🖱️ Click OK: nut.png at (184, 78) delay=1s
2026-05-08 19:09:56 | INFO | my_functions.py:1448 | [DEBUG] Waiting for graphics quality image...
2026-05-08 19:09:56 | INFO | my_functions.py:172 | Searching graphics_quality.png (timeout=3s)
2026-05-08 19:09:57 | INFO | my_functions.py:198 | 
✅ Found: graphics_quality.png pos=(304, 644) time=0.93s confidence=0.8
2026-05-08 19:09:57 | INFO | my_functions.py:1450 | [DEBUG] graphics_quality result: Point(x=304, y=644)
2026-05-08 19:09:57 | INFO | my_functions.py:1456 | [DEBUG] Clicking graphics quality...
2026-05-08 19:09:58 | INFO | my_functions.py:1461 | [DEBUG] Scrolling down...
2026-05-08 19:09:58 | INFO | my_functions.py:1464 | [DEBUG] Clicking sign_out...
2026-05-08 19:09:58 | INFO | my_functions.py:231 | [DEBUG] wait_for_image_and_click -> sign_out.png timeout=20s delay_click=1s confidence=0.8
2026-05-08 19:09:58 | INFO | my_functions.py:172 | Searching sign_out.png (timeout=20s)
2026-05-08 19:09:58 | INFO | my_functions.py:198 | 
✅ Found: sign_out.png pos=(380, 796) time=0.21s confidence=0.8
2026-05-08 19:09:59 | INFO | my_functions.py:138 | Haciendo click en la posición (380, 796)
2026-05-08 19:10:00 | INFO | my_functions.py:251 | 🖱️ Click OK: sign_out.png at (380, 796) delay=1s
2026-05-08 19:10:01 | INFO | my_functions.py:1469 | [DEBUG] Clicking big sign_out...
2026-05-08 19:10:01 | INFO | my_functions.py:231 | [DEBUG] wait_for_image_and_click -> sign_out_grande.png timeout=20s delay_click=1s confidence=0.8
2026-05-08 19:10:01 | INFO | my_functions.py:172 | Searching sign_out_grande.png (timeout=20s)
2026-05-08 19:10:01 | INFO | my_functions.py:198 | 
✅ Found: sign_out_grande.png pos=(359, 437) time=0.21s confidence=0.8
2026-05-08 19:10:02 | INFO | my_functions.py:138 | Haciendo click en la posición (359, 437)
2026-05-08 19:10:02 | INFO | my_functions.py:251 | 🖱️ Click OK: sign_out_grande.png at (359, 437) delay=1s
2026-05-08 19:10:02 | INFO | my_functions.py:1472 | [DEBUG] Clicking sign_out2...
2026-05-08 19:10:02 | INFO | my_functions.py:231 | [DEBUG] wait_for_image_and_click -> sign_out2.png timeout=20s delay_click=1s confidence=0.8
2026-05-08 19:10:02 | INFO | my_functions.py:172 | Searching sign_out2.png (timeout=20s)
2026-05-08 19:10:02 | INFO | my_functions.py:198 | 
✅ Found: sign_out2.png pos=(383, 634) time=0.2s confidence=0.8
2026-05-08 19:10:03 | INFO | my_functions.py:138 | Haciendo click en la posición (383, 634)
2026-05-08 19:10:03 | INFO | my_functions.py:251 | 🖱️ Click OK: sign_out2.png at (383, 634) delay=1s
2026-05-08 19:10:03 | INFO | my_functions.py:1475 | [DEBUG] Resizing SNAP window...
2026-05-08 19:10:03 | INFO | my_functions.py:1668 | ⏱ Esperando 0.1 segundos antes de empezar...
2026-05-08 19:10:04 | INFO | my_functions.py:1675 | 🔍 Esperando ventana que contenga alguna de: SNAP (máx 20s)
2026-05-08 19:10:04 | INFO | my_functions.py:1687 | ✅ Ventana encontrada: 'SNAP'
2026-05-08 19:10:04 | INFO | my_functions.py:1702 | ✅ Ventana seleccionada: 'SNAP'
2026-05-08 19:10:06 | INFO | my_functions.py:1725 | 🔁 Reajuste #1...
2026-05-08 19:10:08 | INFO | my_functions.py:1732 | ✔ Verificación completa. Se hicieron 1 reajustes.
2026-05-08 19:10:09 | INFO | my_functions.py:1484 | snap.exe closed
2026-05-08 19:10:12 | INFO | my_functions.py:1487 | [DEBUG] Logout completed successfully.
2026-05-08 19:10:12 | INFO | each_eight_hours.py:269 | Logged out due to insufficient submissions
2026-05-08 19:10:13 | INFO | each_eight_hours.py:273 | snap.exe closed
2026-05-08 19:10:16 | INFO | each_eight_hours.py:146 | Processing account: john
2026-05-08 19:10:16 | INFO | each_eight_hours.py:149 | Game relaunched for account
2026-05-08 19:10:16 | INFO | my_functions.py:1668 | ⏱ Esperando 0.1 segundos antes de empezar...
2026-05-08 19:10:16 | INFO | my_functions.py:1675 | 🔍 Esperando ventana que contenga alguna de: ['SNAP'] (máx 20s)
2026-05-08 19:10:18 | INFO | my_functions.py:1687 | ✅ Ventana encontrada: 'SNAP'
2026-05-08 19:10:18 | INFO | my_functions.py:1702 | ✅ Ventana seleccionada: 'SNAP'
2026-05-08 19:10:21 | INFO | my_functions.py:1734 | ✔ Verificación completa. No hubo cambios después del primer ajuste.
2026-05-08 19:10:21 | INFO | each_eight_hours.py:156 | Game window resized
2026-05-08 19:10:21 | INFO | my_functions.py:1207 | [DEBUG] Resizing SNAP window...
2026-05-08 19:10:21 | INFO | my_functions.py:1668 | ⏱ Esperando 0.1 segundos antes de empezar...
2026-05-08 19:10:21 | INFO | my_functions.py:1675 | 🔍 Esperando ventana que contenga alguna de: ['SNAP'] (máx 20s)
2026-05-08 19:10:21 | INFO | my_functions.py:1687 | ✅ Ventana encontrada: 'SNAP'
2026-05-08 19:10:21 | INFO | my_functions.py:1702 | ✅ Ventana seleccionada: 'SNAP'
2026-05-08 19:10:24 | INFO | my_functions.py:1734 | ✔ Verificación completa. No hubo cambios después del primer ajuste.
2026-05-08 19:10:24 | INFO | my_functions.py:231 | [DEBUG] wait_for_image_and_click -> submit.PNG timeout=90s delay_click=0.2s confidence=0.8
2026-05-08 19:10:24 | INFO | my_functions.py:172 | Searching submit.PNG (timeout=90s)
2026-05-08 19:10:27 | INFO | my_functions.py:198 | 
✅ Found: submit.PNG pos=(385, 779) time=3.27s confidence=0.8
2026-05-08 19:10:27 | INFO | my_functions.py:138 | Haciendo click en la posición (385, 779)
2026-05-08 19:10:27 | INFO | my_functions.py:251 | 🖱️ Click OK: submit.PNG at (385, 779) delay=0.2s
2026-05-08 19:10:27 | INFO | my_functions.py:1668 | ⏱ Esperando 0.1 segundos antes de empezar...
2026-05-08 19:10:28 | INFO | my_functions.py:1675 | 🔍 Esperando ventana que contenga alguna de: ['SNAP'] (máx 20s)
2026-05-08 19:10:28 | INFO | my_functions.py:1687 | ✅ Ventana encontrada: 'SNAP'
2026-05-08 19:10:28 | INFO | my_functions.py:1702 | ✅ Ventana seleccionada: 'SNAP'
2026-05-08 19:10:30 | INFO | my_functions.py:1725 | 🔁 Reajuste #1...
2026-05-08 19:10:31 | INFO | my_functions.py:1732 | ✔ Verificación completa. Se hicieron 1 reajustes.
2026-05-08 19:10:31 | INFO | my_functions.py:172 | Searching please_sign.png (timeout=0s)
2026-05-08 19:10:31 | INFO | my_functions.py:198 | 
✅ Found: please_sign.png pos=(383, 438) time=0.21s confidence=0.8
2026-05-08 19:10:31 | INFO | my_functions.py:231 | [DEBUG] wait_for_image_and_click -> ok_btn.png timeout=20s delay_click=1s confidence=0.8
2026-05-08 19:10:31 | INFO | my_functions.py:172 | Searching ok_btn.png (timeout=20s)
2026-05-08 19:10:31 | INFO | my_functions.py:198 | 
✅ Found: ok_btn.png pos=(382, 634) time=0.2s confidence=0.8
2026-05-08 19:10:32 | INFO | my_functions.py:138 | Haciendo click en la posición (382, 634)
2026-05-08 19:10:32 | INFO | my_functions.py:251 | 🖱️ Click OK: ok_btn.png at (382, 634) delay=1s
2026-05-08 19:10:32 | INFO | my_functions.py:231 | [DEBUG] wait_for_image_and_click -> submit.PNG timeout=90s delay_click=0.2s confidence=0.8
2026-05-08 19:10:32 | INFO | my_functions.py:172 | Searching submit.PNG (timeout=90s)
2026-05-08 19:10:34 | INFO | my_functions.py:198 | 
✅ Found: submit.PNG pos=(385, 780) time=1.34s confidence=0.8
2026-05-08 19:10:34 | INFO | my_functions.py:138 | Haciendo click en la posición (385, 780)
2026-05-08 19:10:34 | INFO | my_functions.py:251 | 🖱️ Click OK: submit.PNG at (385, 780) delay=0.2s
2026-05-08 19:10:34 | INFO | my_functions.py:172 | Searching sign_in_with_google2.PNG (timeout=90s)
2026-05-08 19:10:35 | INFO | my_functions.py:198 | 
✅ Found: sign_in_with_google2.PNG pos=(406, 957) time=0.86s confidence=0.8
2026-05-08 19:10:35 | INFO | my_functions.py:231 | [DEBUG] wait_for_image_and_click -> sign_in_with_google2.PNG timeout=20s delay_click=1s confidence=0.8
2026-05-08 19:10:35 | INFO | my_functions.py:172 | Searching sign_in_with_google2.PNG (timeout=20s)
2026-05-08 19:10:35 | INFO | my_functions.py:198 | 
✅ Found: sign_in_with_google2.PNG pos=(406, 957) time=0.37s confidence=0.8
2026-05-08 19:10:36 | INFO | my_functions.py:138 | Haciendo click en la posición (406, 957)
2026-05-08 19:10:36 | INFO | my_functions.py:251 | 🖱️ Click OK: sign_in_with_google2.PNG at (406, 957) delay=1s
2026-05-08 19:10:36 | INFO | my_functions.py:231 | [DEBUG] wait_for_image_and_click -> john.png timeout=30s delay_click=3s confidence=0.8
2026-05-08 19:10:36 | INFO | my_functions.py:172 | Searching john.png (timeout=30s)
2026-05-08 19:10:42 | INFO | my_functions.py:198 | 
✅ Found: john.png pos=(1143, 619) time=5.12s confidence=0.8
2026-05-08 19:10:45 | INFO | my_functions.py:138 | Haciendo click en la posición (1143, 619)
2026-05-08 19:10:45 | INFO | my_functions.py:251 | 🖱️ Click OK: john.png at (1143, 619) delay=3s
2026-05-08 19:10:47 | INFO | my_functions.py:231 | [DEBUG] wait_for_image_and_click -> python_icon.PNG timeout=5s delay_click=1s confidence=0.8
2026-05-08 19:10:47 | INFO | my_functions.py:172 | Searching python_icon.PNG (timeout=5s)
2026-05-08 19:10:47 | INFO | my_functions.py:198 | 
✅ Found: python_icon.PNG pos=(709, 1054) time=0.33s confidence=0.8
2026-05-08 19:10:48 | INFO | my_functions.py:138 | Haciendo click en la posición (709, 1054)
2026-05-08 19:10:48 | INFO | my_functions.py:251 | 🖱️ Click OK: python_icon.PNG at (709, 1054) delay=1s
2026-05-08 19:10:48 | INFO | my_functions.py:231 | [DEBUG] wait_for_image_and_click -> snap_icon_task_bar.PNG timeout=20s delay_click=1s confidence=0.8
2026-05-08 19:10:48 | INFO | my_functions.py:172 | Searching snap_icon_task_bar.PNG (timeout=20s)
2026-05-08 19:10:49 | INFO | my_functions.py:198 | 
✅ Found: snap_icon_task_bar.PNG pos=(524, 1052) time=0.4s confidence=0.8
2026-05-08 19:10:50 | INFO | my_functions.py:138 | Haciendo click en la posición (524, 1052)
2026-05-08 19:10:50 | INFO | my_functions.py:251 | 🖱️ Click OK: snap_icon_task_bar.PNG at (524, 1052) delay=1s
2026-05-08 19:10:50 | INFO | my_functions.py:172 | Searching play.PNG (timeout=30s)
2026-05-08 19:11:04 | INFO | my_functions.py:198 | 
✅ Found: play.PNG pos=(384, 824) time=13.93s confidence=0.8
2026-05-08 19:11:04 | INFO | my_functions.py:1265 | [DEBUG] Login completado correctamente.
2026-05-08 19:11:04 | INFO | each_eight_hours.py:160 | Login executed
2026-05-08 19:11:04 | INFO | my_functions.py:172 | Searching shop_unselected.PNG (timeout=0s)
2026-05-08 19:11:04 | INFO | my_functions.py:198 | 
✅ Found: shop_unselected.PNG pos=(88, 961) time=0.25s confidence=0.8
2026-05-08 19:11:12 | INFO | my_functions.py:172 | Searching shop_unselected.PNG (timeout=0s)
2026-05-08 19:11:12 | INFO | my_functions.py:198 | 
✅ Found: shop_unselected.PNG pos=(88, 961) time=0.21s confidence=0.8
2026-05-08 19:11:12 | INFO | my_functions.py:720 | Ya esta listo
2026-05-08 19:11:12 | INFO | each_eight_hours.py:163 | Initial images processed
2026-05-08 19:11:13 | INFO | each_eight_hours.py:166 | Chrome terminated
2026-05-08 19:11:13 | INFO | my_functions.py:231 | [DEBUG] wait_for_image_and_click -> missions_unnotified2.png timeout=20s delay_click=1s confidence=0.8
2026-05-08 19:11:13 | INFO | my_functions.py:172 | Searching missions_unnotified2.png (timeout=20s)
2026-05-08 19:11:13 | INFO | my_functions.py:198 | 
✅ Found: missions_unnotified2.png pos=(516, 127) time=0.2s confidence=0.8
2026-05-08 19:11:14 | INFO | my_functions.py:138 | Haciendo click en la posición (516, 127)
2026-05-08 19:11:14 | INFO | my_functions.py:251 | 🖱️ Click OK: missions_unnotified2.png at (516, 127) delay=1s
2026-05-08 19:11:14 | INFO | my_functions.py:231 | [DEBUG] wait_for_image_and_click -> calendar_missions_daily.png timeout=3s delay_click=1s confidence=0.8
2026-05-08 19:11:14 | INFO | my_functions.py:172 | Searching calendar_missions_daily.png (timeout=3s)
2026-05-08 19:11:15 | INFO | my_functions.py:198 | 
✅ Found: calendar_missions_daily.png pos=(189, 131) time=1.36s confidence=0.8
2026-05-08 19:11:16 | INFO | my_functions.py:138 | Haciendo click en la posición (189, 131)
2026-05-08 19:11:17 | INFO | my_functions.py:251 | 🖱️ Click OK: calendar_missions_daily.png at (189, 131) delay=1s
2026-05-08 19:11:17 | INFO | each_eight_hours.py:180 | Mission screens opened
2026-05-08 19:11:17 | INFO | my_functions.py:295 | JSON file located at C:\Users\Farm\AppData\LocalLow\Second Dinner\SNAP\Standalone\States\nvprod\MissionState.json
2026-05-08 19:11:20 | INFO | my_functions.py:434 | AVAILABLE: 6
2026-05-08 19:11:20 | INFO | my_functions.py:444 | [INFO] Waiting for Notepad++ process...
2026-05-08 19:11:20 | INFO | my_functions.py:458 | [INFO] Notepad++ detected PID=6412
2026-05-08 19:11:23 | INFO | my_functions.py:466 | [SUCCESS] Notepad++ closed successfully
2026-05-08 19:11:24 | INFO | my_functions.py:1593 | [INFO] Iniciando click_missions_blue2
2026-05-08 19:11:24 | INFO | my_functions.py:138 | Haciendo click en la posición (150, 132)
2026-05-08 19:11:25 | INFO | my_functions.py:1596 | [ACTION] Click hecho en icono de calendario que me dirige a las misiones ordinarias
2026-05-08 19:11:25 | INFO | my_functions.py:172 | Searching bonus_challenge.png (timeout=0s)
2026-05-08 19:11:25 | INFO | my_functions.py:209 | 
⛔ Not found: bonus_challenge.png after 0.0s region=(0, 0, 765, 1038) confidence=0.8
2026-05-08 19:11:27 | INFO | my_functions.py:172 | Searching flechita_mission.PNG (timeout=0s)
2026-05-08 19:11:27 | INFO | my_functions.py:209 | 
⛔ Not found: flechita_mission.PNG after 0.0s region=(0, 0, 765, 1038) confidence=0.8
2026-05-08 19:11:27 | INFO | my_functions.py:231 | [DEBUG] wait_for_image_and_click -> weekly3.PNG timeout=0s delay_click=0.1s confidence=0.8
2026-05-08 19:11:27 | INFO | my_functions.py:172 | Searching weekly3.PNG (timeout=0s)
2026-05-08 19:11:27 | INFO | my_functions.py:209 | 
⛔ Not found: weekly3.PNG after 0.01s region=(0, 0, 765, 1038) confidence=0.8
2026-05-08 19:11:27 | INFO | my_functions.py:258 | [DEBUG] Click skipped, image not found: weekly3.PNG
2026-05-08 19:11:27 | INFO | my_functions.py:231 | [DEBUG] wait_for_image_and_click -> weekly3.PNG timeout=0s delay_click=0.1s confidence=0.8
2026-05-08 19:11:27 | INFO | my_functions.py:172 | Searching weekly3.PNG (timeout=0s)
2026-05-08 19:11:28 | INFO | my_functions.py:209 | 
⛔ Not found: weekly3.PNG after 0.01s region=(0, 0, 765, 1038) confidence=0.8
2026-05-08 19:11:28 | INFO | my_functions.py:258 | [DEBUG] Click skipped, image not found: weekly3.PNG
2026-05-08 19:11:28 | INFO | my_functions.py:231 | [DEBUG] wait_for_image_and_click -> weekly3.PNG timeout=0s delay_click=0.1s confidence=0.8
2026-05-08 19:11:28 | INFO | my_functions.py:172 | Searching weekly3.PNG (timeout=0s)
2026-05-08 19:11:28 | INFO | my_functions.py:209 | 
⛔ Not found: weekly3.PNG after 0.01s region=(0, 0, 765, 1038) confidence=0.8
2026-05-08 19:11:28 | INFO | my_functions.py:258 | [DEBUG] Click skipped, image not found: weekly3.PNG
2026-05-08 19:11:28 | INFO | my_functions.py:231 | [DEBUG] wait_for_image_and_click -> weekly3.PNG timeout=0s delay_click=0.1s confidence=0.8
2026-05-08 19:11:28 | INFO | my_functions.py:172 | Searching weekly3.PNG (timeout=0s)
2026-05-08 19:11:28 | INFO | my_functions.py:209 | 
⛔ Not found: weekly3.PNG after 0.01s region=(0, 0, 765, 1038) confidence=0.8
2026-05-08 19:11:28 | INFO | my_functions.py:258 | [DEBUG] Click skipped, image not found: weekly3.PNG
2026-05-08 19:11:28 | INFO | my_functions.py:231 | [DEBUG] wait_for_image_and_click -> weekly3.PNG timeout=0s delay_click=0.1s confidence=0.8
2026-05-08 19:11:28 | INFO | my_functions.py:172 | Searching weekly3.PNG (timeout=0s)
2026-05-08 19:11:28 | INFO | my_functions.py:209 | 
⛔ Not found: weekly3.PNG after 0.0s region=(0, 0, 765, 1038) confidence=0.8
2026-05-08 19:11:28 | INFO | my_functions.py:258 | [DEBUG] Click skipped, image not found: weekly3.PNG
2026-05-08 19:11:28 | INFO | my_functions.py:231 | [DEBUG] wait_for_image_and_click -> weekly3.PNG timeout=0s delay_click=0.1s confidence=0.8
2026-05-08 19:11:28 | INFO | my_functions.py:172 | Searching weekly3.PNG (timeout=0s)
2026-05-08 19:11:28 | INFO | my_functions.py:209 | 
⛔ Not found: weekly3.PNG after 0.01s region=(0, 0, 765, 1038) confidence=0.8
2026-05-08 19:11:28 | INFO | my_functions.py:258 | [DEBUG] Click skipped, image not found: weekly3.PNG
2026-05-08 19:11:28 | INFO | my_functions.py:231 | [DEBUG] wait_for_image_and_click -> weekly3.PNG timeout=0s delay_click=0.1s confidence=0.8
2026-05-08 19:11:28 | INFO | my_functions.py:172 | Searching weekly3.PNG (timeout=0s)
2026-05-08 19:11:29 | INFO | my_functions.py:209 | 
⛔ Not found: weekly3.PNG after 0.01s region=(0, 0, 765, 1038) confidence=0.8
2026-05-08 19:11:29 | INFO | my_functions.py:258 | [DEBUG] Click skipped, image not found: weekly3.PNG
2026-05-08 19:11:29 | INFO | my_functions.py:231 | [DEBUG] wait_for_image_and_click -> weekly3.PNG timeout=0s delay_click=0.1s confidence=0.8
2026-05-08 19:11:29 | INFO | my_functions.py:172 | Searching weekly3.PNG (timeout=0s)
2026-05-08 19:11:29 | INFO | my_functions.py:209 | 
⛔ Not found: weekly3.PNG after 0.01s region=(0, 0, 765, 1038) confidence=0.8
2026-05-08 19:11:29 | INFO | my_functions.py:258 | [DEBUG] Click skipped, image not found: weekly3.PNG
2026-05-08 19:11:29 | INFO | my_functions.py:231 | [DEBUG] wait_for_image_and_click -> weekly3.PNG timeout=0s delay_click=0.1s confidence=0.8
2026-05-08 19:11:29 | INFO | my_functions.py:172 | Searching weekly3.PNG (timeout=0s)
2026-05-08 19:11:29 | INFO | my_functions.py:209 | 
⛔ Not found: weekly3.PNG after 0.0s region=(0, 0, 765, 1038) confidence=0.8
2026-05-08 19:11:29 | INFO | my_functions.py:258 | [DEBUG] Click skipped, image not found: weekly3.PNG
2026-05-08 19:11:29 | INFO | my_functions.py:231 | [DEBUG] wait_for_image_and_click -> weekly3.PNG timeout=0s delay_click=0.1s confidence=0.8
2026-05-08 19:11:29 | INFO | my_functions.py:172 | Searching weekly3.PNG (timeout=0s)
2026-05-08 19:11:29 | INFO | my_functions.py:209 | 
⛔ Not found: weekly3.PNG after 0.0s region=(0, 0, 765, 1038) confidence=0.8
2026-05-08 19:11:29 | INFO | my_functions.py:258 | [DEBUG] Click skipped, image not found: weekly3.PNG
2026-05-08 19:11:29 | INFO | my_functions.py:295 | JSON file located at C:\Users\Farm\AppData\LocalLow\Second Dinner\SNAP\Standalone\States\nvprod\MissionState.json
2026-05-08 19:11:32 | INFO | my_functions.py:434 | AVAILABLE: 6
2026-05-08 19:11:32 | INFO | my_functions.py:444 | [INFO] Waiting for Notepad++ process...
2026-05-08 19:11:32 | INFO | my_functions.py:458 | [INFO] Notepad++ detected PID=3700
2026-05-08 19:11:35 | INFO | my_functions.py:466 | [SUCCESS] Notepad++ closed successfully
2026-05-08 19:11:36 | INFO | my_functions.py:146 | Presionando ESC (1/1)
2026-05-08 19:11:37 | INFO | my_functions.py:231 | [DEBUG] wait_for_image_and_click -> white_x.png timeout=2s delay_click=1s confidence=0.8
2026-05-08 19:11:37 | INFO | my_functions.py:172 | Searching white_x.png (timeout=2s)
2026-05-08 19:11:39 | INFO | my_functions.py:209 | 
⛔ Not found: white_x.png after 2.1s region=(0, 0, 765, 1038) confidence=0.8
2026-05-08 19:11:39 | INFO | my_functions.py:258 | [DEBUG] Click skipped, image not found: white_x.png
2026-05-08 19:11:39 | INFO | my_functions.py:172 | Searching play.PNG (timeout=0s)
2026-05-08 19:11:39 | INFO | my_functions.py:198 | 
✅ Found: play.PNG pos=(384, 824) time=0.23s confidence=0.8
2026-05-08 19:11:40 | INFO | my_functions.py:1563 | [INFO] Click realizado donde se equipa el deck a jugar
2026-05-08 19:11:44 | INFO | my_functions.py:231 | [DEBUG] wait_for_image_and_click -> deck_666666.png timeout=3s delay_click=1s confidence=0.8
2026-05-08 19:11:44 | INFO | my_functions.py:172 | Searching deck_666666.png (timeout=3s)
2026-05-08 19:11:44 | INFO | my_functions.py:198 | 
✅ Found: deck_666666.png pos=(384, 546) time=0.2s confidence=0.8
2026-05-08 19:11:45 | INFO | my_functions.py:138 | Haciendo click en la posición (384, 546)
2026-05-08 19:11:45 | INFO | my_functions.py:251 | 🖱️ Click OK: deck_666666.png at (384, 546) delay=1s
2026-05-08 19:11:45 | INFO | my_functions.py:231 | [DEBUG] wait_for_image_and_click -> equip.png timeout=3s delay_click=1s confidence=0.95
2026-05-08 19:11:45 | INFO | my_functions.py:172 | Searching equip.png (timeout=3s)
2026-05-08 19:11:45 | INFO | my_functions.py:198 | 
✅ Found: equip.png pos=(548, 983) time=0.23s confidence=0.95
2026-05-08 19:11:46 | INFO | my_functions.py:138 | Haciendo click en la posición (548, 983)
2026-05-08 19:11:47 | INFO | my_functions.py:251 | 🖱️ Click OK: equip.png at (548, 983) delay=1s
2026-05-08 19:11:47 | INFO | each_eight_hours.py:217 | Deck selected: 6turns
2026-05-08 19:11:47 | INFO | my_functions.py:231 | [DEBUG] wait_for_image_and_click -> maybe_later.PNG timeout=2s delay_click=1s confidence=0.8
2026-05-08 19:11:47 | INFO | my_functions.py:172 | Searching maybe_later.PNG (timeout=2s)
2026-05-08 19:11:49 | INFO | my_functions.py:209 | 
⛔ Not found: maybe_later.PNG after 2.14s region=(0, 0, 765, 1038) confidence=0.8
2026-05-08 19:11:49 | INFO | my_functions.py:258 | [DEBUG] Click skipped, image not found: maybe_later.PNG
2026-05-08 19:11:49 | INFO | my_functions.py:231 | [DEBUG] wait_for_image_and_click -> maybe_later2.PNG timeout=2s delay_click=1s confidence=0.8
2026-05-08 19:11:49 | INFO | my_functions.py:172 | Searching maybe_later2.PNG (timeout=2s)
2026-05-08 19:11:51 | INFO | my_functions.py:209 | 
⛔ Not found: maybe_later2.PNG after 2.14s region=(0, 0, 765, 1038) confidence=0.8
2026-05-08 19:11:51 | INFO | my_functions.py:258 | [DEBUG] Click skipped, image not found: maybe_later2.PNG
2026-05-08 19:11:51 | INFO | each_eight_hours.py:287 | Starting game loop 1
2026-05-08 19:11:51 | INFO | my_functions.py:231 | [DEBUG] wait_for_image_and_click -> play.PNG timeout=20s delay_click=3s confidence=0.8
2026-05-08 19:11:51 | INFO | my_functions.py:172 | Searching play.PNG (timeout=20s)
2026-05-08 19:11:52 | INFO | my_functions.py:198 | 
✅ Found: play.PNG pos=(384, 824) time=0.22s confidence=0.8
2026-05-08 19:11:55 | INFO | my_functions.py:138 | Haciendo click en la posición (384, 824)
2026-05-08 19:11:55 | INFO | my_functions.py:251 | 🖱️ Click OK: play.PNG at (384, 824) delay=3s
2026-05-08 19:11:55 | INFO | each_eight_hours.py:293 | Play button clicked
2026-05-08 19:12:19 | INFO | my_functions.py:198 | 
✅ Found: end_turn.PNG pos=(681, 945) time=0.21s confidence=0.8
2026-05-08 19:12:19 | INFO | my_functions.py:231 | [DEBUG] wait_for_image_and_click -> snap.PNG timeout=0s delay_click=1s confidence=0.8
2026-05-08 19:12:20 | INFO | my_functions.py:198 | 
✅ Found: snap.PNG pos=(386, 123) time=0.25s confidence=0.8
2026-05-08 19:12:21 | INFO | my_functions.py:138 | Haciendo click en la posición (386, 123)
2026-05-08 19:12:21 | INFO | my_functions.py:251 | 🖱️ Click OK: snap.PNG at (386, 123) delay=1s
2026-05-08 19:12:26 | INFO | my_functions.py:138 | Haciendo click en la posición (681, 945)
2026-05-08 19:12:27 | INFO | each_eight_hours.py:314 | End turn executed
2026-05-08 19:12:41 | INFO | my_functions.py:198 | 
✅ Found: end_turn.PNG pos=(682, 945) time=0.22s confidence=0.8
2026-05-08 19:12:41 | INFO | my_functions.py:231 | [DEBUG] wait_for_image_and_click -> snap.PNG timeout=0s delay_click=1s confidence=0.8
2026-05-08 19:12:41 | INFO | my_functions.py:258 | [DEBUG] Click skipped, image not found: snap.PNG
2026-05-08 19:12:46 | INFO | my_functions.py:138 | Haciendo click en la posición (682, 945)
2026-05-08 19:12:48 | INFO | each_eight_hours.py:314 | End turn executed
2026-05-08 19:13:00 | INFO | my_functions.py:198 | 
✅ Found: end_turn.PNG pos=(681, 945) time=0.23s confidence=0.8
2026-05-08 19:13:00 | INFO | my_functions.py:231 | [DEBUG] wait_for_image_and_click -> snap.PNG timeout=0s delay_click=1s confidence=0.8
2026-05-08 19:13:00 | INFO | my_functions.py:258 | [DEBUG] Click skipped, image not found: snap.PNG
2026-05-08 19:13:05 | INFO | my_functions.py:138 | Haciendo click en la posición (681, 945)
2026-05-08 19:13:06 | INFO | each_eight_hours.py:314 | End turn executed
2026-05-08 19:13:17 | INFO | my_functions.py:198 | 
✅ Found: end_turn.PNG pos=(681, 945) time=0.24s confidence=0.8
2026-05-08 19:13:17 | INFO | my_functions.py:231 | [DEBUG] wait_for_image_and_click -> snap.PNG timeout=0s delay_click=1s confidence=0.8
2026-05-08 19:13:18 | INFO | my_functions.py:258 | [DEBUG] Click skipped, image not found: snap.PNG
2026-05-08 19:13:23 | INFO | my_functions.py:138 | Haciendo click en la posición (681, 945)
2026-05-08 19:13:24 | INFO | each_eight_hours.py:314 | End turn executed
2026-05-08 19:13:34 | INFO | my_functions.py:198 | 
✅ Found: end_turn.PNG pos=(681, 945) time=0.2s confidence=0.8
2026-05-08 19:13:34 | INFO | my_functions.py:231 | [DEBUG] wait_for_image_and_click -> snap.PNG timeout=0s delay_click=1s confidence=0.8
2026-05-08 19:13:34 | INFO | my_functions.py:258 | [DEBUG] Click skipped, image not found: snap.PNG
2026-05-08 19:13:39 | INFO | my_functions.py:138 | Haciendo click en la posición (681, 945)
2026-05-08 19:13:41 | INFO | each_eight_hours.py:314 | End turn executed
2026-05-08 19:13:54 | INFO | my_functions.py:198 | 
✅ Found: end_turn.PNG pos=(681, 945) time=0.2s confidence=0.8
2026-05-08 19:13:54 | INFO | my_functions.py:231 | [DEBUG] wait_for_image_and_click -> snap.PNG timeout=0s delay_click=1s confidence=0.8
2026-05-08 19:13:54 | INFO | my_functions.py:258 | [DEBUG] Click skipped, image not found: snap.PNG
2026-05-08 19:13:59 | INFO | my_functions.py:138 | Haciendo click en la posición (681, 945)
2026-05-08 19:14:00 | INFO | each_eight_hours.py:314 | End turn executed
2026-05-08 19:14:23 | INFO | my_functions.py:198 | 
✅ Found: collect_rewards.PNG pos=(679, 957) time=0.25s confidence=0.8
2026-05-08 19:14:23 | INFO | each_eight_hours.py:353 | Rewards detected, exiting match
2026-05-08 19:14:23 | INFO | my_functions.py:231 | [DEBUG] wait_for_image_and_click -> collect_rewards.PNG timeout=20s delay_click=1s confidence=0.8
2026-05-08 19:14:23 | INFO | my_functions.py:172 | Searching collect_rewards.PNG (timeout=20s)
2026-05-08 19:14:23 | INFO | my_functions.py:198 | 
✅ Found: collect_rewards.PNG pos=(679, 957) time=0.26s confidence=0.8
2026-05-08 19:14:24 | INFO | my_functions.py:138 | Haciendo click en la posición (679, 957)
2026-05-08 19:14:24 | INFO | my_functions.py:251 | 🖱️ Click OK: collect_rewards.PNG at (679, 957) delay=1s
2026-05-08 19:14:24 | INFO | my_functions.py:231 | [DEBUG] wait_for_image_and_click -> next.PNG timeout=20s delay_click=1s confidence=0.8
2026-05-08 19:14:24 | INFO | my_functions.py:172 | Searching next.PNG (timeout=20s)
2026-05-08 19:14:27 | INFO | my_functions.py:198 | 
✅ Found: next.PNG pos=(677, 973) time=3.37s confidence=0.8
2026-05-08 19:14:28 | INFO | my_functions.py:138 | Haciendo click en la posición (677, 973)
2026-05-08 19:14:29 | INFO | my_functions.py:251 | 🖱️ Click OK: next.PNG at (677, 973) delay=1s
2026-05-08 19:14:33 | INFO | my_functions.py:434 | AVAILABLE: 6
2026-05-08 19:14:33 | INFO | my_functions.py:444 | [INFO] Waiting for Notepad++ process...
2026-05-08 19:14:33 | INFO | my_functions.py:458 | [INFO] Notepad++ detected PID=6856
2026-05-08 19:14:36 | INFO | my_functions.py:466 | [SUCCESS] Notepad++ closed successfully
2026-05-08 19:14:37 | INFO | each_eight_hours.py:421 | Submissions after match: 6
2026-05-08 19:14:37 | INFO | my_functions.py:378 | Misiones completadas: 0
2026-05-08 19:14:37 | INFO | each_eight_hours.py:287 | Starting game loop 2
2026-05-08 19:14:37 | INFO | my_functions.py:231 | [DEBUG] wait_for_image_and_click -> play.PNG timeout=20s delay_click=3s confidence=0.8
2026-05-08 19:14:37 | INFO | my_functions.py:172 | Searching play.PNG (timeout=20s)
2026-05-08 19:14:37 | INFO | my_functions.py:198 | 
✅ Found: play.PNG pos=(384, 824) time=0.24s confidence=0.8
2026-05-08 19:14:40 | INFO | my_functions.py:138 | Haciendo click en la posición (384, 824)
2026-05-08 19:14:40 | INFO | my_functions.py:251 | 🖱️ Click OK: play.PNG at (384, 824) delay=3s
2026-05-08 19:14:40 | INFO | each_eight_hours.py:293 | Play button clicked
2026-05-08 19:14:53 | INFO | my_functions.py:198 | 
✅ Found: end_turn.PNG pos=(682, 945) time=0.21s confidence=0.8
2026-05-08 19:14:53 | INFO | my_functions.py:231 | [DEBUG] wait_for_image_and_click -> snap.PNG timeout=0s delay_click=1s confidence=0.8
2026-05-08 19:14:53 | INFO | my_functions.py:198 | 
✅ Found: snap.PNG pos=(386, 122) time=0.21s confidence=0.8
2026-05-08 19:14:54 | INFO | my_functions.py:138 | Haciendo click en la posición (386, 122)
2026-05-08 19:14:54 | INFO | my_functions.py:251 | 🖱️ Click OK: snap.PNG at (386, 122) delay=1s
2026-05-08 19:14:59 | INFO | my_functions.py:138 | Haciendo click en la posición (682, 945)
2026-05-08 19:15:01 | INFO | each_eight_hours.py:314 | End turn executed
2026-05-08 19:15:18 | INFO | my_functions.py:198 | 
✅ Found: end_turn.PNG pos=(681, 945) time=0.2s confidence=0.8
2026-05-08 19:15:18 | INFO | my_functions.py:231 | [DEBUG] wait_for_image_and_click -> snap.PNG timeout=0s delay_click=1s confidence=0.8
2026-05-08 19:15:19 | INFO | my_functions.py:258 | [DEBUG] Click skipped, image not found: snap.PNG
2026-05-08 19:15:24 | INFO | my_functions.py:138 | Haciendo click en la posición (681, 945)
2026-05-08 19:15:25 | INFO | each_eight_hours.py:314 | End turn executed
2026-05-08 19:15:39 | INFO | my_functions.py:198 | 
✅ Found: end_turn.PNG pos=(681, 945) time=0.21s confidence=0.8
2026-05-08 19:15:39 | INFO | my_functions.py:231 | [DEBUG] wait_for_image_and_click -> snap.PNG timeout=0s delay_click=1s confidence=0.8
2026-05-08 19:15:39 | INFO | my_functions.py:258 | [DEBUG] Click skipped, image not found: snap.PNG
2026-05-08 19:15:44 | INFO | my_functions.py:138 | Haciendo click en la posición (681, 945)
2026-05-08 19:15:46 | INFO | each_eight_hours.py:314 | End turn executed
2026-05-08 19:16:07 | INFO | my_functions.py:198 | 
✅ Found: end_turn.PNG pos=(681, 945) time=0.21s confidence=0.8
2026-05-08 19:16:07 | INFO | my_functions.py:231 | [DEBUG] wait_for_image_and_click -> snap.PNG timeout=0s delay_click=1s confidence=0.8
2026-05-08 19:16:07 | INFO | my_functions.py:258 | [DEBUG] Click skipped, image not found: snap.PNG
2026-05-08 19:16:12 | INFO | my_functions.py:138 | Haciendo click en la posición (681, 945)
2026-05-08 19:16:13 | INFO | each_eight_hours.py:314 | End turn executed
2026-05-08 19:16:39 | INFO | my_functions.py:198 | 
✅ Found: end_turn.PNG pos=(681, 945) time=0.23s confidence=0.8
2026-05-08 19:16:39 | INFO | my_functions.py:231 | [DEBUG] wait_for_image_and_click -> snap.PNG timeout=0s delay_click=1s confidence=0.8
2026-05-08 19:16:39 | INFO | my_functions.py:258 | [DEBUG] Click skipped, image not found: snap.PNG
2026-05-08 19:16:44 | INFO | my_functions.py:138 | Haciendo click en la posición (681, 945)
2026-05-08 19:16:45 | INFO | each_eight_hours.py:314 | End turn executed
2026-05-08 19:17:08 | INFO | my_functions.py:198 | 
✅ Found: end_turn.PNG pos=(681, 945) time=0.21s confidence=0.8
2026-05-08 19:17:08 | INFO | my_functions.py:231 | [DEBUG] wait_for_image_and_click -> snap.PNG timeout=0s delay_click=1s confidence=0.8
2026-05-08 19:17:09 | INFO | my_functions.py:258 | [DEBUG] Click skipped, image not found: snap.PNG
2026-05-08 19:17:14 | INFO | my_functions.py:138 | Haciendo click en la posición (681, 945)
2026-05-08 19:17:15 | INFO | each_eight_hours.py:314 | End turn executed
2026-05-08 19:17:15 | INFO | my_functions.py:198 | 
✅ Found: flechas.png pos=(42, 912) time=0.2s confidence=0.8
2026-05-08 19:17:17 | INFO | my_functions.py:146 | Presionando ESC (1/1)
2026-05-08 19:17:18 | INFO | my_functions.py:231 | [DEBUG] wait_for_image_and_click -> end_turn.PNG timeout=0s delay_click=1s confidence=0.8
2026-05-08 19:17:18 | INFO | my_functions.py:198 | 
✅ Found: end_turn.PNG pos=(682, 945) time=0.2s confidence=0.8
2026-05-08 19:17:19 | INFO | my_functions.py:138 | Haciendo click en la posición (682, 945)
2026-05-08 19:17:19 | INFO | my_functions.py:251 | 🖱️ Click OK: end_turn.PNG at (682, 945) delay=1s
2026-05-08 19:17:19 | WARNING | each_eight_hours.py:351 | Arrow overlay handled
2026-05-08 19:17:49 | INFO | my_functions.py:198 | 
✅ Found: collect_rewards.PNG pos=(680, 985) time=0.24s confidence=0.8
2026-05-08 19:17:49 | INFO | each_eight_hours.py:353 | Rewards detected, exiting match
2026-05-08 19:17:49 | INFO | my_functions.py:231 | [DEBUG] wait_for_image_and_click -> collect_rewards.PNG timeout=20s delay_click=1s confidence=0.8
2026-05-08 19:17:49 | INFO | my_functions.py:172 | Searching collect_rewards.PNG (timeout=20s)
2026-05-08 19:17:49 | INFO | my_functions.py:198 | 
✅ Found: collect_rewards.PNG pos=(679, 960) time=0.24s confidence=0.8
2026-05-08 19:17:50 | INFO | my_functions.py:138 | Haciendo click en la posición (679, 960)
2026-05-08 19:17:50 | INFO | my_functions.py:251 | 🖱️ Click OK: collect_rewards.PNG at (679, 960) delay=1s
2026-05-08 19:17:50 | INFO | my_functions.py:231 | [DEBUG] wait_for_image_and_click -> next.PNG timeout=20s delay_click=1s confidence=0.8
2026-05-08 19:17:50 | INFO | my_functions.py:172 | Searching next.PNG (timeout=20s)
2026-05-08 19:17:56 | INFO | my_functions.py:198 | 
✅ Found: next.PNG pos=(677, 973) time=5.16s confidence=0.8
2026-05-08 19:17:57 | INFO | my_functions.py:138 | Haciendo click en la posición (677, 973)
2026-05-08 19:17:57 | INFO | my_functions.py:251 | 🖱️ Click OK: next.PNG at (677, 973) delay=1s
2026-05-08 19:18:01 | INFO | my_functions.py:434 | AVAILABLE: 6
2026-05-08 19:18:01 | INFO | my_functions.py:444 | [INFO] Waiting for Notepad++ process...
2026-05-08 19:18:01 | INFO | my_functions.py:458 | [INFO] Notepad++ detected PID=5784
2026-05-08 19:18:04 | INFO | my_functions.py:466 | [SUCCESS] Notepad++ closed successfully
2026-05-08 19:18:05 | INFO | each_eight_hours.py:421 | Submissions after match: 6
2026-05-08 19:18:05 | INFO | my_functions.py:378 | Misiones completadas: 1
2026-05-08 19:18:05 | INFO | each_eight_hours.py:287 | Starting game loop 3
2026-05-08 19:18:05 | INFO | my_functions.py:231 | [DEBUG] wait_for_image_and_click -> play.PNG timeout=20s delay_click=3s confidence=0.8
2026-05-08 19:18:05 | INFO | my_functions.py:172 | Searching play.PNG (timeout=20s)
2026-05-08 19:18:05 | INFO | my_functions.py:198 | 
✅ Found: play.PNG pos=(384, 824) time=0.25s confidence=0.8
2026-05-08 19:18:08 | INFO | my_functions.py:138 | Haciendo click en la posición (384, 824)
2026-05-08 19:18:09 | INFO | my_functions.py:251 | 🖱️ Click OK: play.PNG at (384, 824) delay=3s
2026-05-08 19:18:09 | INFO | each_eight_hours.py:293 | Play button clicked
2026-05-08 19:18:31 | INFO | my_functions.py:198 | 
✅ Found: end_turn.PNG pos=(681, 945) time=0.19s confidence=0.8
2026-05-08 19:18:31 | INFO | my_functions.py:231 | [DEBUG] wait_for_image_and_click -> snap.PNG timeout=0s delay_click=1s confidence=0.8
2026-05-08 19:18:31 | INFO | my_functions.py:198 | 
✅ Found: snap.PNG pos=(386, 122) time=0.23s confidence=0.8
2026-05-08 19:18:32 | INFO | my_functions.py:138 | Haciendo click en la posición (386, 122)
2026-05-08 19:18:33 | INFO | my_functions.py:251 | 🖱️ Click OK: snap.PNG at (386, 122) delay=1s
2026-05-08 19:18:38 | INFO | my_functions.py:138 | Haciendo click en la posición (681, 945)
2026-05-08 19:18:39 | INFO | each_eight_hours.py:314 | End turn executed
2026-05-08 19:18:57 | INFO | my_functions.py:198 | 
✅ Found: end_turn.PNG pos=(681, 945) time=0.21s confidence=0.8
2026-05-08 19:18:57 | INFO | my_functions.py:231 | [DEBUG] wait_for_image_and_click -> snap.PNG timeout=0s delay_click=1s confidence=0.8
2026-05-08 19:18:58 | INFO | my_functions.py:258 | [DEBUG] Click skipped, image not found: snap.PNG
2026-05-08 19:19:03 | INFO | my_functions.py:138 | Haciendo click en la posición (681, 945)
2026-05-08 19:19:04 | INFO | each_eight_hours.py:314 | End turn executed
2026-05-08 19:19:16 | INFO | my_functions.py:198 | 
✅ Found: end_turn.PNG pos=(681, 945) time=0.2s confidence=0.8
2026-05-08 19:19:17 | INFO | my_functions.py:231 | [DEBUG] wait_for_image_and_click -> snap.PNG timeout=0s delay_click=1s confidence=0.8
2026-05-08 19:19:17 | INFO | my_functions.py:258 | [DEBUG] Click skipped, image not found: snap.PNG
2026-05-08 19:19:22 | INFO | my_functions.py:138 | Haciendo click en la posición (681, 945)
2026-05-08 19:19:23 | INFO | each_eight_hours.py:314 | End turn executed
2026-05-08 19:19:38 | INFO | my_functions.py:198 | 
✅ Found: end_turn.PNG pos=(681, 945) time=0.21s confidence=0.8
2026-05-08 19:19:38 | INFO | my_functions.py:231 | [DEBUG] wait_for_image_and_click -> snap.PNG timeout=0s delay_click=1s confidence=0.8
2026-05-08 19:19:38 | INFO | my_functions.py:258 | [DEBUG] Click skipped, image not found: snap.PNG
2026-05-08 19:19:43 | INFO | my_functions.py:138 | Haciendo click en la posición (681, 945)
2026-05-08 19:19:44 | INFO | each_eight_hours.py:314 | End turn executed
2026-05-08 19:19:57 | INFO | my_functions.py:198 | 
✅ Found: end_turn.PNG pos=(681, 945) time=0.22s confidence=0.8
2026-05-08 19:19:57 | INFO | my_functions.py:231 | [DEBUG] wait_for_image_and_click -> snap.PNG timeout=0s delay_click=1s confidence=0.8
2026-05-08 19:19:57 | INFO | my_functions.py:258 | [DEBUG] Click skipped, image not found: snap.PNG
2026-05-08 19:20:03 | INFO | my_functions.py:138 | Haciendo click en la posición (681, 945)
2026-05-08 19:20:04 | INFO | each_eight_hours.py:314 | End turn executed
2026-05-08 19:20:23 | INFO | my_functions.py:198 | 
✅ Found: end_turn.PNG pos=(681, 945) time=0.2s confidence=0.8
2026-05-08 19:20:23 | INFO | my_functions.py:231 | [DEBUG] wait_for_image_and_click -> snap.PNG timeout=0s delay_click=1s confidence=0.8
2026-05-08 19:20:24 | INFO | my_functions.py:258 | [DEBUG] Click skipped, image not found: snap.PNG
2026-05-08 19:20:29 | INFO | my_functions.py:138 | Haciendo click en la posición (681, 945)
2026-05-08 19:20:30 | INFO | each_eight_hours.py:314 | End turn executed
2026-05-08 19:20:48 | INFO | my_functions.py:198 | 
✅ Found: collect_rewards.PNG pos=(680, 957) time=0.26s confidence=0.8
2026-05-08 19:20:48 | INFO | each_eight_hours.py:353 | Rewards detected, exiting match
2026-05-08 19:20:48 | INFO | my_functions.py:231 | [DEBUG] wait_for_image_and_click -> collect_rewards.PNG timeout=20s delay_click=1s confidence=0.8
2026-05-08 19:20:48 | INFO | my_functions.py:172 | Searching collect_rewards.PNG (timeout=20s)
2026-05-08 19:20:49 | INFO | my_functions.py:198 | 
✅ Found: collect_rewards.PNG pos=(679, 957) time=0.25s confidence=0.8
2026-05-08 19:20:50 | INFO | my_functions.py:138 | Haciendo click en la posición (679, 957)
2026-05-08 19:20:50 | INFO | my_functions.py:251 | 🖱️ Click OK: collect_rewards.PNG at (679, 957) delay=1s
2026-05-08 19:20:50 | INFO | my_functions.py:231 | [DEBUG] wait_for_image_and_click -> next.PNG timeout=20s delay_click=1s confidence=0.8
2026-05-08 19:20:50 | INFO | my_functions.py:172 | Searching next.PNG (timeout=20s)
2026-05-08 19:20:54 | INFO | my_functions.py:198 | 
✅ Found: next.PNG pos=(677, 973) time=4.39s confidence=0.8
2026-05-08 19:20:55 | INFO | my_functions.py:138 | Haciendo click en la posición (677, 973)
2026-05-08 19:20:55 | INFO | my_functions.py:251 | 🖱️ Click OK: next.PNG at (677, 973) delay=1s
2026-05-08 19:20:59 | INFO | my_functions.py:434 | AVAILABLE: 6
2026-05-08 19:20:59 | INFO | my_functions.py:444 | [INFO] Waiting for Notepad++ process...
2026-05-08 19:21:00 | INFO | my_functions.py:458 | [INFO] Notepad++ detected PID=4980
2026-05-08 19:21:03 | INFO | my_functions.py:466 | [SUCCESS] Notepad++ closed successfully
2026-05-08 19:21:04 | INFO | each_eight_hours.py:421 | Submissions after match: 6
2026-05-08 19:21:04 | INFO | my_functions.py:378 | Misiones completadas: 3
2026-05-08 19:21:04 | INFO | each_eight_hours.py:425 | Submission condition met, breaking loop
2026-05-08 19:21:04 | INFO | my_functions.py:231 | [DEBUG] wait_for_image_and_click -> missionsNotify2.png timeout=20s delay_click=3s confidence=0.8
2026-05-08 19:21:04 | INFO | my_functions.py:172 | Searching missionsNotify2.png (timeout=20s)
2026-05-08 19:21:04 | INFO | my_functions.py:198 | 
✅ Found: missionsNotify2.png pos=(538, 124) time=0.21s confidence=0.8
2026-05-08 19:21:07 | INFO | my_functions.py:138 | Haciendo click en la posición (538, 124)
2026-05-08 19:21:07 | INFO | my_functions.py:251 | 🖱️ Click OK: missionsNotify2.png at (538, 124) delay=3s
2026-05-08 19:21:07 | INFO | my_functions.py:1593 | [INFO] Iniciando click_missions_blue2
2026-05-08 19:21:07 | INFO | my_functions.py:138 | Haciendo click en la posición (150, 132)
2026-05-08 19:21:08 | INFO | my_functions.py:1596 | [ACTION] Click hecho en icono de calendario que me dirige a las misiones ordinarias
2026-05-08 19:21:08 | INFO | my_functions.py:172 | Searching bonus_challenge.png (timeout=0s)
2026-05-08 19:21:09 | INFO | my_functions.py:209 | 
⛔ Not found: bonus_challenge.png after 0.01s region=(0, 0, 765, 1038) confidence=0.8
2026-05-08 19:21:11 | INFO | my_functions.py:138 | Haciendo click en la posición (362, 493)
2026-05-08 19:21:12 | INFO | my_functions.py:1609 | [ACTION] Click 1/3 en misión azul
2026-05-08 19:21:12 | INFO | my_functions.py:138 | Haciendo click en la posición (362, 493)
2026-05-08 19:21:14 | INFO | my_functions.py:1609 | [ACTION] Click 2/3 en misión azul
2026-05-08 19:21:14 | INFO | my_functions.py:138 | Haciendo click en la posición (362, 493)
2026-05-08 19:21:15 | INFO | my_functions.py:1609 | [ACTION] Click 3/3 en misión azul
2026-05-08 19:21:16 | INFO | my_functions.py:172 | Searching flechita_mission.PNG (timeout=0s)
2026-05-08 19:21:16 | INFO | my_functions.py:209 | 
⛔ Not found: flechita_mission.PNG after 0.0s region=(0, 0, 765, 1038) confidence=0.8
2026-05-08 19:21:16 | INFO | my_functions.py:231 | [DEBUG] wait_for_image_and_click -> weekly3.PNG timeout=0s delay_click=0.1s confidence=0.8
2026-05-08 19:21:16 | INFO | my_functions.py:172 | Searching weekly3.PNG (timeout=0s)
2026-05-08 19:21:16 | INFO | my_functions.py:209 | 
⛔ Not found: weekly3.PNG after 0.01s region=(0, 0, 765, 1038) confidence=0.8
2026-05-08 19:21:16 | INFO | my_functions.py:258 | [DEBUG] Click skipped, image not found: weekly3.PNG
2026-05-08 19:21:16 | INFO | my_functions.py:231 | [DEBUG] wait_for_image_and_click -> weekly3.PNG timeout=0s delay_click=0.1s confidence=0.8
2026-05-08 19:21:16 | INFO | my_functions.py:172 | Searching weekly3.PNG (timeout=0s)
2026-05-08 19:21:16 | INFO | my_functions.py:209 | 
⛔ Not found: weekly3.PNG after 0.01s region=(0, 0, 765, 1038) confidence=0.8
2026-05-08 19:21:16 | INFO | my_functions.py:258 | [DEBUG] Click skipped, image not found: weekly3.PNG
2026-05-08 19:21:16 | INFO | my_functions.py:231 | [DEBUG] wait_for_image_and_click -> weekly3.PNG timeout=0s delay_click=0.1s confidence=0.8
2026-05-08 19:21:16 | INFO | my_functions.py:172 | Searching weekly3.PNG (timeout=0s)
2026-05-08 19:21:17 | INFO | my_functions.py:198 | 
✅ Found: weekly3.PNG pos=(396, 266) time=0.21s confidence=0.8
2026-05-08 19:21:17 | INFO | my_functions.py:138 | Haciendo click en la posición (396, 266)
2026-05-08 19:21:17 | INFO | my_functions.py:251 | 🖱️ Click OK: weekly3.PNG at (396, 266) delay=0.1s
2026-05-08 19:21:17 | INFO | my_functions.py:231 | [DEBUG] wait_for_image_and_click -> claim!.PNG timeout=0s delay_click=0.2s confidence=0.8
2026-05-08 19:21:17 | INFO | my_functions.py:172 | Searching claim!.PNG (timeout=0s)
2026-05-08 19:21:17 | INFO | my_functions.py:198 | 
✅ Found: claim!.PNG pos=(381, 924) time=0.33s confidence=0.8
2026-05-08 19:21:17 | INFO | my_functions.py:138 | Haciendo click en la posición (381, 924)
2026-05-08 19:21:18 | INFO | my_functions.py:251 | 🖱️ Click OK: claim!.PNG at (381, 924) delay=0.2s
2026-05-08 19:21:18 | INFO | my_functions.py:231 | [DEBUG] wait_for_image_and_click -> claim_hover.PNG timeout=0s delay_click=0.2s confidence=0.8
2026-05-08 19:21:18 | INFO | my_functions.py:172 | Searching claim_hover.PNG (timeout=0s)
2026-05-08 19:21:18 | INFO | my_functions.py:198 | 
✅ Found: claim_hover.PNG pos=(383, 921) time=0.27s confidence=0.8
2026-05-08 19:21:18 | INFO | my_functions.py:138 | Haciendo click en la posición (383, 921)
2026-05-08 19:21:18 | INFO | my_functions.py:251 | 🖱️ Click OK: claim_hover.PNG at (383, 921) delay=0.2s
2026-05-08 19:21:18 | INFO | my_functions.py:231 | [DEBUG] wait_for_image_and_click -> claim!.PNG timeout=0s delay_click=0.2s confidence=0.8
2026-05-08 19:21:18 | INFO | my_functions.py:172 | Searching claim!.PNG (timeout=0s)
2026-05-08 19:21:19 | INFO | my_functions.py:209 | 
⛔ Not found: claim!.PNG after 0.01s region=(0, 0, 765, 1038) confidence=0.8
2026-05-08 19:21:19 | INFO | my_functions.py:258 | [DEBUG] Click skipped, image not found: claim!.PNG
2026-05-08 19:21:19 | INFO | my_functions.py:231 | [DEBUG] wait_for_image_and_click -> claim_hover.PNG timeout=0s delay_click=0.2s confidence=0.8
2026-05-08 19:21:19 | INFO | my_functions.py:172 | Searching claim_hover.PNG (timeout=0s)
2026-05-08 19:21:19 | INFO | my_functions.py:198 | 
✅ Found: claim_hover.PNG pos=(383, 921) time=0.23s confidence=0.8
2026-05-08 19:21:19 | INFO | my_functions.py:138 | Haciendo click en la posición (383, 921)
2026-05-08 19:21:19 | INFO | my_functions.py:251 | 🖱️ Click OK: claim_hover.PNG at (383, 921) delay=0.2s
2026-05-08 19:21:19 | INFO | my_functions.py:231 | [DEBUG] wait_for_image_and_click -> claim!.PNG timeout=0s delay_click=0.2s confidence=0.8
2026-05-08 19:21:19 | INFO | my_functions.py:172 | Searching claim!.PNG (timeout=0s)
2026-05-08 19:21:20 | INFO | my_functions.py:209 | 
⛔ Not found: claim!.PNG after 0.01s region=(0, 0, 765, 1038) confidence=0.8
2026-05-08 19:21:20 | INFO | my_functions.py:258 | [DEBUG] Click skipped, image not found: claim!.PNG
2026-05-08 19:21:20 | INFO | my_functions.py:231 | [DEBUG] wait_for_image_and_click -> claim_hover.PNG timeout=0s delay_click=0.2s confidence=0.8
2026-05-08 19:21:20 | INFO | my_functions.py:172 | Searching claim_hover.PNG (timeout=0s)
2026-05-08 19:21:20 | INFO | my_functions.py:209 | 
⛔ Not found: claim_hover.PNG after 0.01s region=(0, 0, 765, 1038) confidence=0.8
2026-05-08 19:21:20 | INFO | my_functions.py:258 | [DEBUG] Click skipped, image not found: claim_hover.PNG
2026-05-08 19:21:20 | INFO | my_functions.py:231 | [DEBUG] wait_for_image_and_click -> claim!.PNG timeout=0s delay_click=0.2s confidence=0.8
2026-05-08 19:21:20 | INFO | my_functions.py:172 | Searching claim!.PNG (timeout=0s)
2026-05-08 19:21:20 | INFO | my_functions.py:209 | 
⛔ Not found: claim!.PNG after 0.01s region=(0, 0, 765, 1038) confidence=0.8
2026-05-08 19:21:20 | INFO | my_functions.py:258 | [DEBUG] Click skipped, image not found: claim!.PNG
2026-05-08 19:21:20 | INFO | my_functions.py:231 | [DEBUG] wait_for_image_and_click -> claim_hover.PNG timeout=0s delay_click=0.2s confidence=0.8
2026-05-08 19:21:20 | INFO | my_functions.py:172 | Searching claim_hover.PNG (timeout=0s)
2026-05-08 19:21:20 | INFO | my_functions.py:209 | 
⛔ Not found: claim_hover.PNG after 0.0s region=(0, 0, 765, 1038) confidence=0.8
2026-05-08 19:21:20 | INFO | my_functions.py:258 | [DEBUG] Click skipped, image not found: claim_hover.PNG
2026-05-08 19:21:20 | INFO | my_functions.py:231 | [DEBUG] wait_for_image_and_click -> claim!.PNG timeout=0s delay_click=0.2s confidence=0.8
2026-05-08 19:21:20 | INFO | my_functions.py:172 | Searching claim!.PNG (timeout=0s)
2026-05-08 19:21:21 | INFO | my_functions.py:209 | 
⛔ Not found: claim!.PNG after 0.0s region=(0, 0, 765, 1038) confidence=0.8
2026-05-08 19:21:21 | INFO | my_functions.py:258 | [DEBUG] Click skipped, image not found: claim!.PNG
2026-05-08 19:21:21 | INFO | my_functions.py:231 | [DEBUG] wait_for_image_and_click -> claim_hover.PNG timeout=0s delay_click=0.2s confidence=0.8
2026-05-08 19:21:21 | INFO | my_functions.py:172 | Searching claim_hover.PNG (timeout=0s)
2026-05-08 19:21:21 | INFO | my_functions.py:209 | 
⛔ Not found: claim_hover.PNG after 0.01s region=(0, 0, 765, 1038) confidence=0.8
2026-05-08 19:21:21 | INFO | my_functions.py:258 | [DEBUG] Click skipped, image not found: claim_hover.PNG
2026-05-08 19:21:21 | INFO | my_functions.py:231 | [DEBUG] wait_for_image_and_click -> claim!.PNG timeout=0s delay_click=0.2s confidence=0.8
2026-05-08 19:21:21 | INFO | my_functions.py:172 | Searching claim!.PNG (timeout=0s)
2026-05-08 19:21:21 | INFO | my_functions.py:209 | 
⛔ Not found: claim!.PNG after 0.01s region=(0, 0, 765, 1038) confidence=0.8
2026-05-08 19:21:21 | INFO | my_functions.py:258 | [DEBUG] Click skipped, image not found: claim!.PNG
2026-05-08 19:21:21 | INFO | my_functions.py:231 | [DEBUG] wait_for_image_and_click -> claim_hover.PNG timeout=0s delay_click=0.2s confidence=0.8
2026-05-08 19:21:21 | INFO | my_functions.py:172 | Searching claim_hover.PNG (timeout=0s)
2026-05-08 19:21:21 | INFO | my_functions.py:209 | 
⛔ Not found: claim_hover.PNG after 0.0s region=(0, 0, 765, 1038) confidence=0.8
2026-05-08 19:21:21 | INFO | my_functions.py:258 | [DEBUG] Click skipped, image not found: claim_hover.PNG
2026-05-08 19:21:21 | INFO | my_functions.py:231 | [DEBUG] wait_for_image_and_click -> claim!.PNG timeout=0s delay_click=0.2s confidence=0.8
2026-05-08 19:21:21 | INFO | my_functions.py:172 | Searching claim!.PNG (timeout=0s)
2026-05-08 19:21:22 | INFO | my_functions.py:209 | 
⛔ Not found: claim!.PNG after 0.01s region=(0, 0, 765, 1038) confidence=0.8
2026-05-08 19:21:22 | INFO | my_functions.py:258 | [DEBUG] Click skipped, image not found: claim!.PNG
2026-05-08 19:21:22 | INFO | my_functions.py:231 | [DEBUG] wait_for_image_and_click -> claim_hover.PNG timeout=0s delay_click=0.2s confidence=0.8
2026-05-08 19:21:22 | INFO | my_functions.py:172 | Searching claim_hover.PNG (timeout=0s)
2026-05-08 19:21:22 | INFO | my_functions.py:209 | 
⛔ Not found: claim_hover.PNG after 0.0s region=(0, 0, 765, 1038) confidence=0.8
2026-05-08 19:21:22 | INFO | my_functions.py:258 | [DEBUG] Click skipped, image not found: claim_hover.PNG
2026-05-08 19:21:22 | INFO | my_functions.py:231 | [DEBUG] wait_for_image_and_click -> claim!.PNG timeout=0s delay_click=0.2s confidence=0.8
2026-05-08 19:21:22 | INFO | my_functions.py:172 | Searching claim!.PNG (timeout=0s)
2026-05-08 19:21:22 | INFO | my_functions.py:209 | 
⛔ Not found: claim!.PNG after 0.01s region=(0, 0, 765, 1038) confidence=0.8
2026-05-08 19:21:22 | INFO | my_functions.py:258 | [DEBUG] Click skipped, image not found: claim!.PNG
2026-05-08 19:21:22 | INFO | my_functions.py:231 | [DEBUG] wait_for_image_and_click -> claim_hover.PNG timeout=0s delay_click=0.2s confidence=0.8
2026-05-08 19:21:22 | INFO | my_functions.py:172 | Searching claim_hover.PNG (timeout=0s)
2026-05-08 19:21:22 | INFO | my_functions.py:209 | 
⛔ Not found: claim_hover.PNG after 0.01s region=(0, 0, 765, 1038) confidence=0.8
2026-05-08 19:21:22 | INFO | my_functions.py:258 | [DEBUG] Click skipped, image not found: claim_hover.PNG
2026-05-08 19:21:22 | INFO | my_functions.py:231 | [DEBUG] wait_for_image_and_click -> weekly3.PNG timeout=0s delay_click=0.1s confidence=0.8
2026-05-08 19:21:22 | INFO | my_functions.py:172 | Searching weekly3.PNG (timeout=0s)
2026-05-08 19:21:23 | INFO | my_functions.py:209 | 
⛔ Not found: weekly3.PNG after 0.0s region=(0, 0, 765, 1038) confidence=0.8
2026-05-08 19:21:23 | INFO | my_functions.py:258 | [DEBUG] Click skipped, image not found: weekly3.PNG
2026-05-08 19:21:23 | INFO | my_functions.py:231 | [DEBUG] wait_for_image_and_click -> weekly3.PNG timeout=0s delay_click=0.1s confidence=0.8
2026-05-08 19:21:23 | INFO | my_functions.py:172 | Searching weekly3.PNG (timeout=0s)
2026-05-08 19:21:23 | INFO | my_functions.py:209 | 
⛔ Not found: weekly3.PNG after 0.01s region=(0, 0, 765, 1038) confidence=0.8
2026-05-08 19:21:23 | INFO | my_functions.py:258 | [DEBUG] Click skipped, image not found: weekly3.PNG
2026-05-08 19:21:23 | INFO | my_functions.py:231 | [DEBUG] wait_for_image_and_click -> weekly3.PNG timeout=0s delay_click=0.1s confidence=0.8
2026-05-08 19:21:23 | INFO | my_functions.py:172 | Searching weekly3.PNG (timeout=0s)
2026-05-08 19:21:23 | INFO | my_functions.py:209 | 
⛔ Not found: weekly3.PNG after 0.01s region=(0, 0, 765, 1038) confidence=0.8
2026-05-08 19:21:23 | INFO | my_functions.py:258 | [DEBUG] Click skipped, image not found: weekly3.PNG
2026-05-08 19:21:23 | INFO | my_functions.py:231 | [DEBUG] wait_for_image_and_click -> weekly3.PNG timeout=0s delay_click=0.1s confidence=0.8
2026-05-08 19:21:23 | INFO | my_functions.py:172 | Searching weekly3.PNG (timeout=0s)
2026-05-08 19:21:23 | INFO | my_functions.py:209 | 
⛔ Not found: weekly3.PNG after 0.01s region=(0, 0, 765, 1038) confidence=0.8
2026-05-08 19:21:23 | INFO | my_functions.py:258 | [DEBUG] Click skipped, image not found: weekly3.PNG
2026-05-08 19:21:23 | INFO | my_functions.py:231 | [DEBUG] wait_for_image_and_click -> weekly3.PNG timeout=0s delay_click=0.1s confidence=0.8
2026-05-08 19:21:23 | INFO | my_functions.py:172 | Searching weekly3.PNG (timeout=0s)
2026-05-08 19:21:23 | INFO | my_functions.py:209 | 
⛔ Not found: weekly3.PNG after 0.01s region=(0, 0, 765, 1038) confidence=0.8
2026-05-08 19:21:23 | INFO | my_functions.py:258 | [DEBUG] Click skipped, image not found: weekly3.PNG
2026-05-08 19:21:23 | INFO | my_functions.py:231 | [DEBUG] wait_for_image_and_click -> weekly3.PNG timeout=0s delay_click=0.1s confidence=0.8
2026-05-08 19:21:23 | INFO | my_functions.py:172 | Searching weekly3.PNG (timeout=0s)
2026-05-08 19:21:24 | INFO | my_functions.py:209 | 
⛔ Not found: weekly3.PNG after 0.0s region=(0, 0, 765, 1038) confidence=0.8
2026-05-08 19:21:24 | INFO | my_functions.py:258 | [DEBUG] Click skipped, image not found: weekly3.PNG
2026-05-08 19:21:24 | INFO | my_functions.py:231 | [DEBUG] wait_for_image_and_click -> weekly3.PNG timeout=0s delay_click=0.1s confidence=0.8
2026-05-08 19:21:24 | INFO | my_functions.py:172 | Searching weekly3.PNG (timeout=0s)
2026-05-08 19:21:24 | INFO | my_functions.py:209 | 
⛔ Not found: weekly3.PNG after 0.0s region=(0, 0, 765, 1038) confidence=0.8
2026-05-08 19:21:24 | INFO | my_functions.py:258 | [DEBUG] Click skipped, image not found: weekly3.PNG
2026-05-08 19:21:24 | INFO | my_functions.py:231 | [DEBUG] wait_for_image_and_click -> weekly3.PNG timeout=0s delay_click=0.1s confidence=0.8
2026-05-08 19:21:24 | INFO | my_functions.py:172 | Searching weekly3.PNG (timeout=0s)
2026-05-08 19:21:24 | INFO | my_functions.py:209 | 
⛔ Not found: weekly3.PNG after 0.0s region=(0, 0, 765, 1038) confidence=0.8
2026-05-08 19:21:24 | INFO | my_functions.py:258 | [DEBUG] Click skipped, image not found: weekly3.PNG
2026-05-08 19:21:24 | INFO | my_functions.py:231 | [DEBUG] wait_for_image_and_click -> weekly3.PNG timeout=0s delay_click=0.1s confidence=0.8
2026-05-08 19:21:24 | INFO | my_functions.py:172 | Searching weekly3.PNG (timeout=0s)
2026-05-08 19:21:24 | INFO | my_functions.py:209 | 
⛔ Not found: weekly3.PNG after 0.0s region=(0, 0, 765, 1038) confidence=0.8
2026-05-08 19:21:24 | INFO | my_functions.py:258 | [DEBUG] Click skipped, image not found: weekly3.PNG
2026-05-08 19:21:24 | INFO | my_functions.py:231 | [DEBUG] wait_for_image_and_click -> weekly3.PNG timeout=0s delay_click=0.1s confidence=0.8
2026-05-08 19:21:24 | INFO | my_functions.py:172 | Searching weekly3.PNG (timeout=0s)
2026-05-08 19:21:24 | INFO | my_functions.py:209 | 
⛔ Not found: weekly3.PNG after 0.01s region=(0, 0, 765, 1038) confidence=0.8
2026-05-08 19:21:24 | INFO | my_functions.py:258 | [DEBUG] Click skipped, image not found: weekly3.PNG
2026-05-08 19:21:24 | INFO | my_functions.py:138 | Haciendo click en la posición (557, 64)
2026-05-08 19:21:26 | INFO | my_functions.py:231 | [DEBUG] wait_for_image_and_click -> cards_shop.PNG timeout=20s delay_click=1s confidence=0.8
2026-05-08 19:21:26 | INFO | my_functions.py:172 | Searching cards_shop.PNG (timeout=20s)
2026-05-08 19:21:26 | INFO | my_functions.py:198 | 
✅ Found: cards_shop.PNG pos=(568, 121) time=0.66s confidence=0.8
2026-05-08 19:21:27 | INFO | my_functions.py:138 | Haciendo click en la posición (568, 121)
2026-05-08 19:21:27 | INFO | my_functions.py:251 | 🖱️ Click OK: cards_shop.PNG at (568, 121) delay=1s
2026-05-08 19:21:27 | INFO | my_functions.py:231 | [DEBUG] wait_for_image_and_click -> token_icon.PNG timeout=20s delay_click=1s confidence=0.8
2026-05-08 19:21:27 | INFO | my_functions.py:172 | Searching token_icon.PNG (timeout=20s)
2026-05-08 19:21:30 | INFO | my_functions.py:198 | 
✅ Found: token_icon.PNG pos=(531, 171) time=2.13s confidence=0.8
2026-05-08 19:21:31 | INFO | my_functions.py:138 | Haciendo click en la posición (531, 171)
2026-05-08 19:21:31 | INFO | my_functions.py:251 | 🖱️ Click OK: token_icon.PNG at (531, 171) delay=1s
2026-05-08 19:21:33 | INFO | my_functions.py:231 | [DEBUG] wait_for_image_and_click -> claim!_token_3.PNG timeout=4s delay_click=1s confidence=0.8
2026-05-08 19:21:33 | INFO | my_functions.py:172 | Searching claim!_token_3.PNG (timeout=4s)
2026-05-08 19:21:33 | INFO | my_functions.py:198 | 
✅ Found: claim!_token_3.PNG pos=(231, 573) time=0.29s confidence=0.8
2026-05-08 19:21:34 | INFO | my_functions.py:138 | Haciendo click en la posición (231, 573)
2026-05-08 19:21:34 | INFO | my_functions.py:251 | 🖱️ Click OK: claim!_token_3.PNG at (231, 573) delay=1s
2026-05-08 19:21:34 | INFO | my_functions.py:231 | [DEBUG] wait_for_image_and_click -> offers.PNG timeout=0.1s delay_click=1s confidence=0.8
2026-05-08 19:21:34 | INFO | my_functions.py:172 | Searching offers.PNG (timeout=0.1s)
2026-05-08 19:21:35 | INFO | my_functions.py:198 | 
✅ Found: offers.PNG pos=(197, 121) time=0.25s confidence=0.8
2026-05-08 19:21:36 | INFO | my_functions.py:138 | Haciendo click en la posición (197, 121)
2026-05-08 19:21:36 | INFO | my_functions.py:251 | 🖱️ Click OK: offers.PNG at (197, 121) delay=1s
2026-05-08 19:21:36 | INFO | my_functions.py:231 | [DEBUG] wait_for_image_and_click -> credits_selected.png timeout=0.1s delay_click=1s confidence=0.8
2026-05-08 19:21:36 | INFO | my_functions.py:172 | Searching credits_selected.png (timeout=0.1s)
2026-05-08 19:21:36 | INFO | my_functions.py:198 | 
✅ Found: credits_selected.png pos=(173, 61) time=0.23s confidence=0.8
2026-05-08 19:21:37 | INFO | my_functions.py:138 | Haciendo click en la posición (173, 61)
2026-05-08 19:21:37 | INFO | my_functions.py:251 | 🖱️ Click OK: credits_selected.png at (173, 61) delay=1s
2026-05-08 19:21:39 | INFO | my_functions.py:231 | [DEBUG] wait_for_image_and_click -> claim_25_credits.png timeout=2s delay_click=1s confidence=0.8
2026-05-08 19:21:39 | INFO | my_functions.py:172 | Searching claim_25_credits.png (timeout=2s)
2026-05-08 19:21:39 | INFO | my_functions.py:198 | 
✅ Found: claim_25_credits.png pos=(236, 328) time=0.22s confidence=0.8
2026-05-08 19:21:40 | INFO | my_functions.py:138 | Haciendo click en la posición (236, 328)
2026-05-08 19:21:40 | INFO | my_functions.py:251 | 🖱️ Click OK: claim_25_credits.png at (236, 328) delay=1s
2026-05-08 19:21:40 | INFO | my_functions.py:231 | [DEBUG] wait_for_image_and_click -> cards_shop.PNG timeout=20s delay_click=1s confidence=0.8
2026-05-08 19:21:40 | INFO | my_functions.py:172 | Searching cards_shop.PNG (timeout=20s)
2026-05-08 19:21:40 | INFO | my_functions.py:198 | 
✅ Found: cards_shop.PNG pos=(568, 121) time=0.22s confidence=0.8
2026-05-08 19:21:41 | INFO | my_functions.py:138 | Haciendo click en la posición (568, 121)
2026-05-08 19:21:42 | INFO | my_functions.py:251 | 🖱️ Click OK: cards_shop.PNG at (568, 121) delay=1s
2026-05-08 19:21:42 | INFO | my_functions.py:231 | [DEBUG] wait_for_image_and_click -> offers.PNG timeout=20s delay_click=1s confidence=0.8
2026-05-08 19:21:42 | INFO | my_functions.py:172 | Searching offers.PNG (timeout=20s)
2026-05-08 19:21:42 | INFO | my_functions.py:198 | 
✅ Found: offers.PNG pos=(197, 122) time=0.2s confidence=0.8
2026-05-08 19:21:43 | INFO | my_functions.py:138 | Haciendo click en la posición (197, 122)
2026-05-08 19:21:43 | INFO | my_functions.py:251 | 🖱️ Click OK: offers.PNG at (197, 122) delay=1s
2026-05-08 19:21:43 | INFO | my_functions.py:1491 | [INFO] Iniciando mejora de cartas
2026-05-08 19:21:43 | INFO | my_functions.py:231 | [DEBUG] wait_for_image_and_click -> upgrade_cards_icon.PNG timeout=20s delay_click=1s confidence=0.8
2026-05-08 19:21:43 | INFO | my_functions.py:172 | Searching upgrade_cards_icon.PNG (timeout=20s)
2026-05-08 19:21:43 | INFO | my_functions.py:198 | 
✅ Found: upgrade_cards_icon.PNG pos=(322, 170) time=0.21s confidence=0.8
2026-05-08 19:21:44 | INFO | my_functions.py:138 | Haciendo click en la posición (322, 170)
2026-05-08 19:21:45 | INFO | my_functions.py:251 | 🖱️ Click OK: upgrade_cards_icon.PNG at (322, 170) delay=1s
2026-05-08 19:21:45 | INFO | my_functions.py:1495 | [INFO] Abriendo icono de upgrade_cards
2026-05-08 19:21:46 | INFO | my_functions.py:1501 | [STEP] Mejorando carta 1
2026-05-08 19:21:46 | INFO | my_functions.py:1505 | [ACTION] Click en carta 1
2026-05-08 19:21:47 | INFO | my_functions.py:1510 | [ACTION] Click en botón upgrade
2026-05-08 19:21:54 | INFO | my_functions.py:231 | [DEBUG] wait_for_image_and_click -> you_need_more_credits!.png timeout=3s delay_click=1s confidence=0.8
2026-05-08 19:21:54 | INFO | my_functions.py:172 | Searching you_need_more_credits!.png (timeout=3s)
2026-05-08 19:21:57 | INFO | my_functions.py:209 | 
⛔ Not found: you_need_more_credits!.png after 3.0s region=(0, 0, 765, 1038) confidence=0.8
2026-05-08 19:21:57 | INFO | my_functions.py:258 | [DEBUG] Click skipped, image not found: you_need_more_credits!.png
2026-05-08 19:22:02 | INFO | my_functions.py:1525 | [ACTION] Click para continuar a stage de nivel de coleccion
2026-05-08 19:22:07 | INFO | my_functions.py:146 | Presionando ESC (1/1)
2026-05-08 19:22:08 | INFO | my_functions.py:1530 | [ACTION] Saliendo de stage nivel de coleccion con ESC
2026-05-08 19:22:09 | INFO | my_functions.py:231 | [DEBUG] wait_for_image_and_click -> upgrade_cards_icon_selected.PNG timeout=0s delay_click=1s confidence=0.8
2026-05-08 19:22:09 | INFO | my_functions.py:172 | Searching upgrade_cards_icon_selected.PNG (timeout=0s)
2026-05-08 19:22:09 | INFO | my_functions.py:198 | 
✅ Found: upgrade_cards_icon_selected.PNG pos=(320, 173) time=0.25s confidence=0.8
2026-05-08 19:22:10 | INFO | my_functions.py:138 | Haciendo click en la posición (320, 173)
2026-05-08 19:22:10 | INFO | my_functions.py:251 | 🖱️ Click OK: upgrade_cards_icon_selected.PNG at (320, 173) delay=1s
2026-05-08 19:22:10 | INFO | my_functions.py:1550 | [INFO] Reabriendo icono de upgrade_cards
2026-05-08 19:22:11 | INFO | my_functions.py:1501 | [STEP] Mejorando carta 2
2026-05-08 19:22:11 | INFO | my_functions.py:1505 | [ACTION] Click en carta 2
2026-05-08 19:22:13 | INFO | my_functions.py:1510 | [ACTION] Click en botón upgrade
2026-05-08 19:22:20 | INFO | my_functions.py:231 | [DEBUG] wait_for_image_and_click -> you_need_more_credits!.png timeout=3s delay_click=1s confidence=0.8
2026-05-08 19:22:20 | INFO | my_functions.py:172 | Searching you_need_more_credits!.png (timeout=3s)
2026-05-08 19:22:23 | INFO | my_functions.py:209 | 
⛔ Not found: you_need_more_credits!.png after 3.03s region=(0, 0, 765, 1038) confidence=0.8
2026-05-08 19:22:23 | INFO | my_functions.py:258 | [DEBUG] Click skipped, image not found: you_need_more_credits!.png
2026-05-08 19:22:28 | INFO | my_functions.py:1525 | [ACTION] Click para continuar a stage de nivel de coleccion
2026-05-08 19:22:33 | INFO | my_functions.py:146 | Presionando ESC (1/1)
2026-05-08 19:22:34 | INFO | my_functions.py:1530 | [ACTION] Saliendo de stage nivel de coleccion con ESC
2026-05-08 19:22:35 | INFO | my_functions.py:231 | [DEBUG] wait_for_image_and_click -> upgrade_cards_icon_selected.PNG timeout=0s delay_click=1s confidence=0.8
2026-05-08 19:22:35 | INFO | my_functions.py:172 | Searching upgrade_cards_icon_selected.PNG (timeout=0s)
2026-05-08 19:22:35 | INFO | my_functions.py:198 | 
✅ Found: upgrade_cards_icon_selected.PNG pos=(320, 173) time=0.24s confidence=0.8
2026-05-08 19:22:36 | INFO | my_functions.py:138 | Haciendo click en la posición (320, 173)
2026-05-08 19:22:36 | INFO | my_functions.py:251 | 🖱️ Click OK: upgrade_cards_icon_selected.PNG at (320, 173) delay=1s
2026-05-08 19:22:36 | INFO | my_functions.py:1550 | [INFO] Reabriendo icono de upgrade_cards
2026-05-08 19:22:37 | INFO | my_functions.py:1501 | [STEP] Mejorando carta 3
2026-05-08 19:22:37 | INFO | my_functions.py:1505 | [ACTION] Click en carta 3
2026-05-08 19:22:38 | INFO | my_functions.py:1510 | [ACTION] Click en botón upgrade
2026-05-08 19:22:45 | INFO | my_functions.py:231 | [DEBUG] wait_for_image_and_click -> you_need_more_credits!.png timeout=3s delay_click=1s confidence=0.8
2026-05-08 19:22:45 | INFO | my_functions.py:172 | Searching you_need_more_credits!.png (timeout=3s)
2026-05-08 19:22:49 | INFO | my_functions.py:209 | 
⛔ Not found: you_need_more_credits!.png after 3.2s region=(0, 0, 765, 1038) confidence=0.8
2026-05-08 19:22:49 | INFO | my_functions.py:258 | [DEBUG] Click skipped, image not found: you_need_more_credits!.png
2026-05-08 19:22:54 | INFO | my_functions.py:1525 | [ACTION] Click para continuar a stage de nivel de coleccion
2026-05-08 19:22:59 | INFO | my_functions.py:146 | Presionando ESC (1/1)
2026-05-08 19:23:00 | INFO | my_functions.py:1530 | [ACTION] Saliendo de stage nivel de coleccion con ESC
2026-05-08 19:23:01 | INFO | my_functions.py:1553 | [INFO] Mejora de cartas completada ✅
2026-05-08 19:23:01 | INFO | my_functions.py:146 | Presionando ESC (1/1)
2026-05-08 19:23:01 | INFO | each_eight_hours.py:437 | Finished all games
2026-05-08 19:23:01 | INFO | my_functions.py:1443 | [DEBUG] Starting logout process...
2026-05-08 19:23:01 | INFO | my_functions.py:1445 | [DEBUG] Clicking nut icon...
2026-05-08 19:23:01 | INFO | my_functions.py:231 | [DEBUG] wait_for_image_and_click -> nut.png timeout=20s delay_click=1s confidence=0.8
2026-05-08 19:23:01 | INFO | my_functions.py:172 | Searching nut.png (timeout=20s)
2026-05-08 19:23:01 | INFO | my_functions.py:198 | 
✅ Found: nut.png pos=(184, 78) time=0.23s confidence=0.8
2026-05-08 19:23:02 | INFO | my_functions.py:138 | Haciendo click en la posición (184, 78)
2026-05-08 19:23:03 | INFO | my_functions.py:251 | 🖱️ Click OK: nut.png at (184, 78) delay=1s
2026-05-08 19:23:03 | INFO | my_functions.py:1448 | [DEBUG] Waiting for graphics quality image...
2026-05-08 19:23:03 | INFO | my_functions.py:172 | Searching graphics_quality.png (timeout=3s)
2026-05-08 19:23:04 | INFO | my_functions.py:198 | 
✅ Found: graphics_quality.png pos=(304, 644) time=0.94s confidence=0.8
2026-05-08 19:23:04 | INFO | my_functions.py:1450 | [DEBUG] graphics_quality result: Point(x=304, y=644)
2026-05-08 19:23:04 | INFO | my_functions.py:1456 | [DEBUG] Clicking graphics quality...
2026-05-08 19:23:05 | INFO | my_functions.py:1461 | [DEBUG] Scrolling down...
2026-05-08 19:23:05 | INFO | my_functions.py:1464 | [DEBUG] Clicking sign_out...
2026-05-08 19:23:05 | INFO | my_functions.py:231 | [DEBUG] wait_for_image_and_click -> sign_out.png timeout=20s delay_click=1s confidence=0.8
2026-05-08 19:23:05 | INFO | my_functions.py:172 | Searching sign_out.png (timeout=20s)
2026-05-08 19:23:05 | INFO | my_functions.py:198 | 
✅ Found: sign_out.png pos=(380, 796) time=0.22s confidence=0.8
2026-05-08 19:23:06 | INFO | my_functions.py:138 | Haciendo click en la posición (380, 796)
2026-05-08 19:23:06 | INFO | my_functions.py:251 | 🖱️ Click OK: sign_out.png at (380, 796) delay=1s
2026-05-08 19:23:07 | INFO | my_functions.py:1469 | [DEBUG] Clicking big sign_out...
2026-05-08 19:23:07 | INFO | my_functions.py:231 | [DEBUG] wait_for_image_and_click -> sign_out_grande.png timeout=20s delay_click=1s confidence=0.8
2026-05-08 19:23:07 | INFO | my_functions.py:172 | Searching sign_out_grande.png (timeout=20s)
2026-05-08 19:23:07 | INFO | my_functions.py:198 | 
✅ Found: sign_out_grande.png pos=(359, 437) time=0.2s confidence=0.8
2026-05-08 19:23:08 | INFO | my_functions.py:138 | Haciendo click en la posición (359, 437)
2026-05-08 19:23:09 | INFO | my_functions.py:251 | 🖱️ Click OK: sign_out_grande.png at (359, 437) delay=1s
2026-05-08 19:23:09 | INFO | my_functions.py:1472 | [DEBUG] Clicking sign_out2...
2026-05-08 19:23:09 | INFO | my_functions.py:231 | [DEBUG] wait_for_image_and_click -> sign_out2.png timeout=20s delay_click=1s confidence=0.8
2026-05-08 19:23:09 | INFO | my_functions.py:172 | Searching sign_out2.png (timeout=20s)
2026-05-08 19:23:09 | INFO | my_functions.py:198 | 
✅ Found: sign_out2.png pos=(383, 634) time=0.23s confidence=0.8
2026-05-08 19:23:10 | INFO | my_functions.py:138 | Haciendo click en la posición (383, 634)
2026-05-08 19:23:10 | INFO | my_functions.py:251 | 🖱️ Click OK: sign_out2.png at (383, 634) delay=1s
2026-05-08 19:23:10 | INFO | my_functions.py:1475 | [DEBUG] Resizing SNAP window...
2026-05-08 19:23:10 | INFO | my_functions.py:1668 | ⏱ Esperando 0.1 segundos antes de empezar...
2026-05-08 19:23:10 | INFO | my_functions.py:1675 | 🔍 Esperando ventana que contenga alguna de: SNAP (máx 20s)
2026-05-08 19:23:10 | INFO | my_functions.py:1687 | ✅ Ventana encontrada: 'SNAP'
2026-05-08 19:23:10 | INFO | my_functions.py:1702 | ✅ Ventana seleccionada: 'SNAP'
2026-05-08 19:23:12 | INFO | my_functions.py:1725 | 🔁 Reajuste #1...
2026-05-08 19:23:14 | INFO | my_functions.py:1732 | ✔ Verificación completa. Se hicieron 1 reajustes.
2026-05-08 19:23:16 | INFO | my_functions.py:1484 | snap.exe closed
2026-05-08 19:23:19 | INFO | my_functions.py:1487 | [DEBUG] Logout completed successfully.
2026-05-08 19:23:19 | INFO | each_eight_hours.py:146 | Processing account: guille
2026-05-08 19:23:19 | INFO | each_eight_hours.py:149 | Game relaunched for account
2026-05-08 19:23:19 | INFO | my_functions.py:1668 | ⏱ Esperando 0.1 segundos antes de empezar...
2026-05-08 19:23:19 | INFO | my_functions.py:1675 | 🔍 Esperando ventana que contenga alguna de: ['SNAP'] (máx 20s)
2026-05-08 19:23:22 | INFO | my_functions.py:1687 | ✅ Ventana encontrada: 'SNAP'
2026-05-08 19:23:22 | INFO | my_functions.py:1702 | ✅ Ventana seleccionada: 'SNAP'
2026-05-08 19:23:24 | INFO | my_functions.py:1734 | ✔ Verificación completa. No hubo cambios después del primer ajuste.
2026-05-08 19:23:24 | INFO | each_eight_hours.py:156 | Game window resized
2026-05-08 19:23:24 | INFO | my_functions.py:1207 | [DEBUG] Resizing SNAP window...
2026-05-08 19:23:24 | INFO | my_functions.py:1668 | ⏱ Esperando 0.1 segundos antes de empezar...
2026-05-08 19:23:24 | INFO | my_functions.py:1675 | 🔍 Esperando ventana que contenga alguna de: ['SNAP'] (máx 20s)
2026-05-08 19:23:24 | INFO | my_functions.py:1687 | ✅ Ventana encontrada: 'SNAP'
2026-05-08 19:23:24 | INFO | my_functions.py:1702 | ✅ Ventana seleccionada: 'SNAP'
2026-05-08 19:23:27 | INFO | my_functions.py:1734 | ✔ Verificación completa. No hubo cambios después del primer ajuste.
2026-05-08 19:23:27 | INFO | my_functions.py:231 | [DEBUG] wait_for_image_and_click -> submit.PNG timeout=90s delay_click=0.2s confidence=0.8
2026-05-08 19:23:27 | INFO | my_functions.py:172 | Searching submit.PNG (timeout=90s)
2026-05-08 19:23:31 | INFO | my_functions.py:198 | 
✅ Found: submit.PNG pos=(385, 779) time=3.98s confidence=0.8
2026-05-08 19:23:32 | INFO | my_functions.py:138 | Haciendo click en la posición (385, 779)
2026-05-08 19:23:32 | INFO | my_functions.py:251 | 🖱️ Click OK: submit.PNG at (385, 779) delay=0.2s
2026-05-08 19:23:32 | INFO | my_functions.py:1668 | ⏱ Esperando 0.1 segundos antes de empezar...
2026-05-08 19:23:32 | INFO | my_functions.py:1675 | 🔍 Esperando ventana que contenga alguna de: ['SNAP'] (máx 20s)
2026-05-08 19:23:32 | INFO | my_functions.py:1687 | ✅ Ventana encontrada: 'SNAP'
2026-05-08 19:23:32 | INFO | my_functions.py:1702 | ✅ Ventana seleccionada: 'SNAP'
2026-05-08 19:23:35 | INFO | my_functions.py:1734 | ✔ Verificación completa. No hubo cambios después del primer ajuste.
2026-05-08 19:23:35 | INFO | my_functions.py:172 | Searching please_sign.png (timeout=0s)
2026-05-08 19:23:35 | INFO | my_functions.py:209 | 
⛔ Not found: please_sign.png after 0.01s region=(0, 0, 765, 1038) confidence=0.8
2026-05-08 19:23:35 | INFO | my_functions.py:172 | Searching sign_in_with_google2.PNG (timeout=90s)
2026-05-08 19:23:35 | INFO | my_functions.py:198 | 
✅ Found: sign_in_with_google2.PNG pos=(406, 957) time=0.18s confidence=0.8
2026-05-08 19:23:35 | INFO | my_functions.py:231 | [DEBUG] wait_for_image_and_click -> sign_in_with_google2.PNG timeout=20s delay_click=1s confidence=0.8
2026-05-08 19:23:35 | INFO | my_functions.py:172 | Searching sign_in_with_google2.PNG (timeout=20s)
2026-05-08 19:23:36 | INFO | my_functions.py:198 | 
✅ Found: sign_in_with_google2.PNG pos=(406, 957) time=0.21s confidence=0.8
2026-05-08 19:23:37 | INFO | my_functions.py:138 | Haciendo click en la posición (406, 957)
2026-05-08 19:23:37 | INFO | my_functions.py:251 | 🖱️ Click OK: sign_in_with_google2.PNG at (406, 957) delay=1s
2026-05-08 19:23:37 | INFO | my_functions.py:231 | [DEBUG] wait_for_image_and_click -> guille.png timeout=30s delay_click=3s confidence=0.8
2026-05-08 19:23:37 | INFO | my_functions.py:172 | Searching guille.png (timeout=30s)
2026-05-08 19:23:43 | INFO | my_functions.py:198 | 
✅ Found: guille.png pos=(1147, 704) time=6.19s confidence=0.8
2026-05-08 19:23:46 | INFO | my_functions.py:138 | Haciendo click en la posición (1147, 704)
2026-05-08 19:23:46 | INFO | my_functions.py:251 | 🖱️ Click OK: guille.png at (1147, 704) delay=3s
2026-05-08 19:23:48 | INFO | my_functions.py:231 | [DEBUG] wait_for_image_and_click -> python_icon.PNG timeout=5s delay_click=1s confidence=0.8
2026-05-08 19:23:48 | INFO | my_functions.py:172 | Searching python_icon.PNG (timeout=5s)
2026-05-08 19:23:49 | INFO | my_functions.py:198 | 
✅ Found: python_icon.PNG pos=(709, 1054) time=0.38s confidence=0.8
2026-05-08 19:23:50 | INFO | my_functions.py:138 | Haciendo click en la posición (709, 1054)
2026-05-08 19:23:50 | INFO | my_functions.py:251 | 🖱️ Click OK: python_icon.PNG at (709, 1054) delay=1s
2026-05-08 19:23:50 | INFO | my_functions.py:231 | [DEBUG] wait_for_image_and_click -> snap_icon_task_bar.PNG timeout=20s delay_click=1s confidence=0.8
2026-05-08 19:23:50 | INFO | my_functions.py:172 | Searching snap_icon_task_bar.PNG (timeout=20s)
2026-05-08 19:23:50 | INFO | my_functions.py:198 | 
✅ Found: snap_icon_task_bar.PNG pos=(524, 1052) time=0.54s confidence=0.8
2026-05-08 19:23:51 | INFO | my_functions.py:138 | Haciendo click en la posición (524, 1052)
2026-05-08 19:23:52 | INFO | my_functions.py:251 | 🖱️ Click OK: snap_icon_task_bar.PNG at (524, 1052) delay=1s
2026-05-08 19:23:52 | INFO | my_functions.py:172 | Searching play.PNG (timeout=30s)
2026-05-08 19:24:01 | INFO | my_functions.py:198 | 
✅ Found: play.PNG pos=(384, 824) time=9.45s confidence=0.8
2026-05-08 19:24:01 | INFO | my_functions.py:1265 | [DEBUG] Login completado correctamente.
2026-05-08 19:24:01 | INFO | each_eight_hours.py:160 | Login executed
2026-05-08 19:24:01 | INFO | my_functions.py:172 | Searching shop_unselected.PNG (timeout=0s)
2026-05-08 19:24:01 | INFO | my_functions.py:198 | 
✅ Found: shop_unselected.PNG pos=(89, 961) time=0.27s confidence=0.8
2026-05-08 19:24:09 | INFO | my_functions.py:172 | Searching shop_unselected.PNG (timeout=0s)
2026-05-08 19:24:10 | INFO | my_functions.py:209 | 
⛔ Not found: shop_unselected.PNG after 0.0s region=(0, 0, 765, 1038) confidence=0.8
2026-05-08 19:24:11 | INFO | my_functions.py:172 | Searching shop_unselected.PNG (timeout=0s)
2026-05-08 19:24:11 | INFO | my_functions.py:209 | 
⛔ Not found: shop_unselected.PNG after 0.0s region=(0, 0, 765, 1038) confidence=0.8
2026-05-08 19:24:11 | INFO | my_functions.py:231 | [DEBUG] wait_for_image_and_click -> super_premium.PNG timeout=0s delay_click=1s confidence=0.8
2026-05-08 19:24:11 | INFO | my_functions.py:172 | Searching super_premium.PNG (timeout=0s)
2026-05-08 19:24:11 | INFO | my_functions.py:198 | 
✅ Found: super_premium.PNG pos=(480, 777) time=0.21s confidence=0.8
2026-05-08 19:24:12 | INFO | my_functions.py:138 | Haciendo click en la posición (480, 777)
2026-05-08 19:24:12 | INFO | my_functions.py:251 | 🖱️ Click OK: super_premium.PNG at (480, 777) delay=1s
2026-05-08 19:24:12 | INFO | my_functions.py:146 | Presionando ESC (1/1)
2026-05-08 19:24:21 | INFO | my_functions.py:172 | Searching shop_unselected.PNG (timeout=0s)
2026-05-08 19:24:21 | INFO | my_functions.py:198 | 
✅ Found: shop_unselected.PNG pos=(88, 961) time=0.21s confidence=0.8
2026-05-08 19:24:21 | INFO | my_functions.py:720 | Ya esta listo
2026-05-08 19:24:21 | INFO | each_eight_hours.py:163 | Initial images processed
2026-05-08 19:24:21 | INFO | each_eight_hours.py:166 | Chrome terminated
2026-05-08 19:24:21 | INFO | my_functions.py:231 | [DEBUG] wait_for_image_and_click -> missions_unnotified2.png timeout=20s delay_click=1s confidence=0.8
2026-05-08 19:24:21 | INFO | my_functions.py:172 | Searching missions_unnotified2.png (timeout=20s)
2026-05-08 19:24:22 | INFO | my_functions.py:198 | 
✅ Found: missions_unnotified2.png pos=(516, 127) time=0.24s confidence=0.8
2026-05-08 19:24:23 | INFO | my_functions.py:138 | Haciendo click en la posición (516, 127)
2026-05-08 19:24:23 | INFO | my_functions.py:251 | 🖱️ Click OK: missions_unnotified2.png at (516, 127) delay=1s
2026-05-08 19:24:23 | INFO | my_functions.py:231 | [DEBUG] wait_for_image_and_click -> calendar_missions_daily.png timeout=3s delay_click=1s confidence=0.8
2026-05-08 19:24:23 | INFO | my_functions.py:172 | Searching calendar_missions_daily.png (timeout=3s)
2026-05-08 19:24:24 | INFO | my_functions.py:198 | 
✅ Found: calendar_missions_daily.png pos=(189, 131) time=1.43s confidence=0.8
2026-05-08 19:24:25 | INFO | my_functions.py:138 | Haciendo click en la posición (189, 131)
2026-05-08 19:24:26 | INFO | my_functions.py:251 | 🖱️ Click OK: calendar_missions_daily.png at (189, 131) delay=1s
2026-05-08 19:24:26 | INFO | each_eight_hours.py:180 | Mission screens opened
2026-05-08 19:24:26 | INFO | my_functions.py:295 | JSON file located at C:\Users\Farm\AppData\LocalLow\Second Dinner\SNAP\Standalone\States\nvprod\MissionState.json
2026-05-08 19:24:29 | INFO | my_functions.py:434 | AVAILABLE: 6
2026-05-08 19:24:29 | INFO | my_functions.py:444 | [INFO] Waiting for Notepad++ process...
2026-05-08 19:24:29 | INFO | my_functions.py:458 | [INFO] Notepad++ detected PID=344
2026-05-08 19:24:32 | INFO | my_functions.py:466 | [SUCCESS] Notepad++ closed successfully
2026-05-08 19:24:33 | INFO | my_functions.py:1593 | [INFO] Iniciando click_missions_blue2
2026-05-08 19:24:33 | INFO | my_functions.py:138 | Haciendo click en la posición (150, 132)
2026-05-08 19:24:34 | INFO | my_functions.py:1596 | [ACTION] Click hecho en icono de calendario que me dirige a las misiones ordinarias
2026-05-08 19:24:34 | INFO | my_functions.py:172 | Searching bonus_challenge.png (timeout=0s)
2026-05-08 19:24:34 | INFO | my_functions.py:209 | 
⛔ Not found: bonus_challenge.png after 0.0s region=(0, 0, 765, 1038) confidence=0.8
2026-05-08 19:24:36 | INFO | my_functions.py:172 | Searching flechita_mission.PNG (timeout=0s)
2026-05-08 19:24:36 | INFO | my_functions.py:209 | 
⛔ Not found: flechita_mission.PNG after 0.0s region=(0, 0, 765, 1038) confidence=0.8
2026-05-08 19:24:36 | INFO | my_functions.py:231 | [DEBUG] wait_for_image_and_click -> weekly3.PNG timeout=0s delay_click=0.1s confidence=0.8
2026-05-08 19:24:36 | INFO | my_functions.py:172 | Searching weekly3.PNG (timeout=0s)
2026-05-08 19:24:37 | INFO | my_functions.py:209 | 
⛔ Not found: weekly3.PNG after 0.0s region=(0, 0, 765, 1038) confidence=0.8
2026-05-08 19:24:37 | INFO | my_functions.py:258 | [DEBUG] Click skipped, image not found: weekly3.PNG
2026-05-08 19:24:37 | INFO | my_functions.py:231 | [DEBUG] wait_for_image_and_click -> weekly3.PNG timeout=0s delay_click=0.1s confidence=0.8
2026-05-08 19:24:37 | INFO | my_functions.py:172 | Searching weekly3.PNG (timeout=0s)
2026-05-08 19:24:37 | INFO | my_functions.py:209 | 
⛔ Not found: weekly3.PNG after 0.0s region=(0, 0, 765, 1038) confidence=0.8
2026-05-08 19:24:37 | INFO | my_functions.py:258 | [DEBUG] Click skipped, image not found: weekly3.PNG
2026-05-08 19:24:37 | INFO | my_functions.py:231 | [DEBUG] wait_for_image_and_click -> weekly3.PNG timeout=0s delay_click=0.1s confidence=0.8
2026-05-08 19:24:37 | INFO | my_functions.py:172 | Searching weekly3.PNG (timeout=0s)
2026-05-08 19:24:37 | INFO | my_functions.py:209 | 
⛔ Not found: weekly3.PNG after 0.01s region=(0, 0, 765, 1038) confidence=0.8
2026-05-08 19:24:37 | INFO | my_functions.py:258 | [DEBUG] Click skipped, image not found: weekly3.PNG
2026-05-08 19:24:37 | INFO | my_functions.py:231 | [DEBUG] wait_for_image_and_click -> weekly3.PNG timeout=0s delay_click=0.1s confidence=0.8
2026-05-08 19:24:37 | INFO | my_functions.py:172 | Searching weekly3.PNG (timeout=0s)
2026-05-08 19:24:37 | INFO | my_functions.py:209 | 
⛔ Not found: weekly3.PNG after 0.0s region=(0, 0, 765, 1038) confidence=0.8
2026-05-08 19:24:37 | INFO | my_functions.py:258 | [DEBUG] Click skipped, image not found: weekly3.PNG
2026-05-08 19:24:37 | INFO | my_functions.py:231 | [DEBUG] wait_for_image_and_click -> weekly3.PNG timeout=0s delay_click=0.1s confidence=0.8
2026-05-08 19:24:37 | INFO | my_functions.py:172 | Searching weekly3.PNG (timeout=0s)
2026-05-08 19:24:37 | INFO | my_functions.py:209 | 
⛔ Not found: weekly3.PNG after 0.01s region=(0, 0, 765, 1038) confidence=0.8
2026-05-08 19:24:37 | INFO | my_functions.py:258 | [DEBUG] Click skipped, image not found: weekly3.PNG
2026-05-08 19:24:37 | INFO | my_functions.py:231 | [DEBUG] wait_for_image_and_click -> weekly3.PNG timeout=0s delay_click=0.1s confidence=0.8
2026-05-08 19:24:37 | INFO | my_functions.py:172 | Searching weekly3.PNG (timeout=0s)
2026-05-08 19:24:38 | INFO | my_functions.py:209 | 
⛔ Not found: weekly3.PNG after 0.0s region=(0, 0, 765, 1038) confidence=0.8
2026-05-08 19:24:38 | INFO | my_functions.py:258 | [DEBUG] Click skipped, image not found: weekly3.PNG
2026-05-08 19:24:38 | INFO | my_functions.py:231 | [DEBUG] wait_for_image_and_click -> weekly3.PNG timeout=0s delay_click=0.1s confidence=0.8
2026-05-08 19:24:38 | INFO | my_functions.py:172 | Searching weekly3.PNG (timeout=0s)
2026-05-08 19:24:38 | INFO | my_functions.py:209 | 
⛔ Not found: weekly3.PNG after 0.0s region=(0, 0, 765, 1038) confidence=0.8
2026-05-08 19:24:38 | INFO | my_functions.py:258 | [DEBUG] Click skipped, image not found: weekly3.PNG
2026-05-08 19:24:38 | INFO | my_functions.py:231 | [DEBUG] wait_for_image_and_click -> weekly3.PNG timeout=0s delay_click=0.1s confidence=0.8
2026-05-08 19:24:38 | INFO | my_functions.py:172 | Searching weekly3.PNG (timeout=0s)
2026-05-08 19:24:38 | INFO | my_functions.py:209 | 
⛔ Not found: weekly3.PNG after 0.0s region=(0, 0, 765, 1038) confidence=0.8
2026-05-08 19:24:38 | INFO | my_functions.py:258 | [DEBUG] Click skipped, image not found: weekly3.PNG
2026-05-08 19:24:38 | INFO | my_functions.py:231 | [DEBUG] wait_for_image_and_click -> weekly3.PNG timeout=0s delay_click=0.1s confidence=0.8
2026-05-08 19:24:38 | INFO | my_functions.py:172 | Searching weekly3.PNG (timeout=0s)
2026-05-08 19:24:38 | INFO | my_functions.py:209 | 
⛔ Not found: weekly3.PNG after 0.0s region=(0, 0, 765, 1038) confidence=0.8
2026-05-08 19:24:38 | INFO | my_functions.py:258 | [DEBUG] Click skipped, image not found: weekly3.PNG
2026-05-08 19:24:38 | INFO | my_functions.py:295 | JSON file located at C:\Users\Farm\AppData\LocalLow\Second Dinner\SNAP\Standalone\States\nvprod\MissionState.json
2026-05-08 19:24:41 | INFO | my_functions.py:434 | AVAILABLE: 6
2026-05-08 19:24:41 | INFO | my_functions.py:444 | [INFO] Waiting for Notepad++ process...
2026-05-08 19:24:41 | INFO | my_functions.py:458 | [INFO] Notepad++ detected PID=8816
2026-05-08 19:24:44 | INFO | my_functions.py:466 | [SUCCESS] Notepad++ closed successfully
2026-05-08 19:24:45 | INFO | my_functions.py:146 | Presionando ESC (1/1)
2026-05-08 19:24:46 | INFO | my_functions.py:231 | [DEBUG] wait_for_image_and_click -> white_x.png timeout=2s delay_click=1s confidence=0.8
2026-05-08 19:24:46 | INFO | my_functions.py:172 | Searching white_x.png (timeout=2s)
2026-05-08 19:24:48 | INFO | my_functions.py:209 | 
⛔ Not found: white_x.png after 2.02s region=(0, 0, 765, 1038) confidence=0.8
2026-05-08 19:24:48 | INFO | my_functions.py:258 | [DEBUG] Click skipped, image not found: white_x.png
2026-05-08 19:24:48 | INFO | my_functions.py:172 | Searching play.PNG (timeout=0s)
2026-05-08 19:24:48 | INFO | my_functions.py:198 | 
✅ Found: play.PNG pos=(384, 824) time=0.2s confidence=0.8
2026-05-08 19:24:49 | INFO | my_functions.py:1563 | [INFO] Click realizado donde se equipa el deck a jugar
2026-05-08 19:24:53 | INFO | my_functions.py:231 | [DEBUG] wait_for_image_and_click -> deck_666666.png timeout=3s delay_click=1s confidence=0.8
2026-05-08 19:24:53 | INFO | my_functions.py:172 | Searching deck_666666.png (timeout=3s)
2026-05-08 19:24:53 | INFO | my_functions.py:198 | 
✅ Found: deck_666666.png pos=(235, 546) time=0.22s confidence=0.8
2026-05-08 19:24:54 | INFO | my_functions.py:138 | Haciendo click en la posición (235, 546)
2026-05-08 19:24:54 | INFO | my_functions.py:251 | 🖱️ Click OK: deck_666666.png at (235, 546) delay=1s
2026-05-08 19:24:54 | INFO | my_functions.py:231 | [DEBUG] wait_for_image_and_click -> equip.png timeout=3s delay_click=1s confidence=0.95
2026-05-08 19:24:54 | INFO | my_functions.py:172 | Searching equip.png (timeout=3s)
2026-05-08 19:24:54 | INFO | my_functions.py:198 | 
✅ Found: equip.png pos=(548, 983) time=0.22s confidence=0.95
2026-05-08 19:24:55 | INFO | my_functions.py:138 | Haciendo click en la posición (548, 983)
2026-05-08 19:24:56 | INFO | my_functions.py:251 | 🖱️ Click OK: equip.png at (548, 983) delay=1s
2026-05-08 19:24:56 | INFO | each_eight_hours.py:217 | Deck selected: 6turns
2026-05-08 19:24:56 | INFO | my_functions.py:231 | [DEBUG] wait_for_image_and_click -> maybe_later.PNG timeout=2s delay_click=1s confidence=0.8
2026-05-08 19:24:56 | INFO | my_functions.py:172 | Searching maybe_later.PNG (timeout=2s)
2026-05-08 19:24:58 | INFO | my_functions.py:209 | 
⛔ Not found: maybe_later.PNG after 2.04s region=(0, 0, 765, 1038) confidence=0.8
2026-05-08 19:24:58 | INFO | my_functions.py:258 | [DEBUG] Click skipped, image not found: maybe_later.PNG
2026-05-08 19:24:58 | INFO | my_functions.py:231 | [DEBUG] wait_for_image_and_click -> maybe_later2.PNG timeout=2s delay_click=1s confidence=0.8
2026-05-08 19:24:58 | INFO | my_functions.py:172 | Searching maybe_later2.PNG (timeout=2s)
2026-05-08 19:25:00 | INFO | my_functions.py:209 | 
⛔ Not found: maybe_later2.PNG after 2.23s region=(0, 0, 765, 1038) confidence=0.8
2026-05-08 19:25:00 | INFO | my_functions.py:258 | [DEBUG] Click skipped, image not found: maybe_later2.PNG
2026-05-08 19:25:00 | INFO | each_eight_hours.py:287 | Starting game loop 1
2026-05-08 19:25:00 | INFO | my_functions.py:231 | [DEBUG] wait_for_image_and_click -> play.PNG timeout=20s delay_click=3s confidence=0.8
2026-05-08 19:25:00 | INFO | my_functions.py:172 | Searching play.PNG (timeout=20s)
2026-05-08 19:25:01 | INFO | my_functions.py:198 | 
✅ Found: play.PNG pos=(384, 824) time=0.22s confidence=0.8
2026-05-08 19:25:04 | INFO | my_functions.py:138 | Haciendo click en la posición (384, 824)
2026-05-08 19:25:04 | INFO | my_functions.py:251 | 🖱️ Click OK: play.PNG at (384, 824) delay=3s
2026-05-08 19:25:04 | INFO | each_eight_hours.py:293 | Play button clicked
2026-05-08 19:25:18 | INFO | my_functions.py:198 | 
✅ Found: end_turn.PNG pos=(682, 945) time=0.22s confidence=0.8
2026-05-08 19:25:18 | INFO | my_functions.py:231 | [DEBUG] wait_for_image_and_click -> snap.PNG timeout=0s delay_click=1s confidence=0.8
2026-05-08 19:25:18 | INFO | my_functions.py:198 | 
✅ Found: snap.PNG pos=(386, 123) time=0.21s confidence=0.8
2026-05-08 19:25:19 | INFO | my_functions.py:138 | Haciendo click en la posición (386, 123)
2026-05-08 19:25:20 | INFO | my_functions.py:251 | 🖱️ Click OK: snap.PNG at (386, 123) delay=1s
2026-05-08 19:25:25 | INFO | my_functions.py:138 | Haciendo click en la posición (682, 945)
2026-05-08 19:25:26 | INFO | each_eight_hours.py:314 | End turn executed
2026-05-08 19:25:37 | INFO | my_functions.py:198 | 
✅ Found: end_turn.PNG pos=(681, 945) time=0.21s confidence=0.8
2026-05-08 19:25:37 | INFO | my_functions.py:231 | [DEBUG] wait_for_image_and_click -> snap.PNG timeout=0s delay_click=1s confidence=0.8
2026-05-08 19:25:37 | INFO | my_functions.py:258 | [DEBUG] Click skipped, image not found: snap.PNG
2026-05-08 19:25:42 | INFO | my_functions.py:138 | Haciendo click en la posición (681, 945)
2026-05-08 19:25:43 | INFO | each_eight_hours.py:314 | End turn executed
2026-05-08 19:25:56 | INFO | my_functions.py:198 | 
✅ Found: end_turn.PNG pos=(681, 945) time=0.2s confidence=0.8
2026-05-08 19:25:56 | INFO | my_functions.py:231 | [DEBUG] wait_for_image_and_click -> snap.PNG timeout=0s delay_click=1s confidence=0.8
2026-05-08 19:25:56 | INFO | my_functions.py:258 | [DEBUG] Click skipped, image not found: snap.PNG
2026-05-08 19:26:02 | INFO | my_functions.py:138 | Haciendo click en la posición (681, 945)
2026-05-08 19:26:03 | INFO | each_eight_hours.py:314 | End turn executed
2026-05-08 19:26:20 | INFO | my_functions.py:198 | 
✅ Found: end_turn.PNG pos=(681, 945) time=0.21s confidence=0.8
2026-05-08 19:26:20 | INFO | my_functions.py:231 | [DEBUG] wait_for_image_and_click -> snap.PNG timeout=0s delay_click=1s confidence=0.8
2026-05-08 19:26:20 | INFO | my_functions.py:258 | [DEBUG] Click skipped, image not found: snap.PNG
2026-05-08 19:26:25 | INFO | my_functions.py:138 | Haciendo click en la posición (681, 945)
2026-05-08 19:26:26 | INFO | each_eight_hours.py:314 | End turn executed
2026-05-08 19:26:45 | INFO | my_functions.py:198 | 
✅ Found: end_turn.PNG pos=(681, 945) time=0.2s confidence=0.8
2026-05-08 19:26:45 | INFO | my_functions.py:231 | [DEBUG] wait_for_image_and_click -> snap.PNG timeout=0s delay_click=1s confidence=0.8
2026-05-08 19:26:45 | INFO | my_functions.py:258 | [DEBUG] Click skipped, image not found: snap.PNG
2026-05-08 19:26:51 | INFO | my_functions.py:138 | Haciendo click en la posición (681, 945)
2026-05-08 19:26:52 | INFO | each_eight_hours.py:314 | End turn executed
2026-05-08 19:27:14 | INFO | my_functions.py:198 | 
✅ Found: end_turn.PNG pos=(681, 945) time=0.24s confidence=0.8
2026-05-08 19:27:14 | INFO | my_functions.py:231 | [DEBUG] wait_for_image_and_click -> snap.PNG timeout=0s delay_click=1s confidence=0.8
2026-05-08 19:27:14 | INFO | my_functions.py:258 | [DEBUG] Click skipped, image not found: snap.PNG
2026-05-08 19:27:19 | INFO | my_functions.py:138 | Haciendo click en la posición (681, 945)
2026-05-08 19:27:21 | INFO | each_eight_hours.py:314 | End turn executed
2026-05-08 19:27:53 | INFO | my_functions.py:198 | 
✅ Found: collect_rewards.PNG pos=(679, 957) time=0.25s confidence=0.8
2026-05-08 19:27:53 | INFO | each_eight_hours.py:353 | Rewards detected, exiting match
2026-05-08 19:27:53 | INFO | my_functions.py:231 | [DEBUG] wait_for_image_and_click -> collect_rewards.PNG timeout=20s delay_click=1s confidence=0.8
2026-05-08 19:27:53 | INFO | my_functions.py:172 | Searching collect_rewards.PNG (timeout=20s)
2026-05-08 19:27:53 | INFO | my_functions.py:198 | 
✅ Found: collect_rewards.PNG pos=(679, 957) time=0.25s confidence=0.8
2026-05-08 19:27:54 | INFO | my_functions.py:138 | Haciendo click en la posición (679, 957)
2026-05-08 19:27:55 | INFO | my_functions.py:251 | 🖱️ Click OK: collect_rewards.PNG at (679, 957) delay=1s
2026-05-08 19:27:55 | INFO | my_functions.py:231 | [DEBUG] wait_for_image_and_click -> next.PNG timeout=20s delay_click=1s confidence=0.8
2026-05-08 19:27:55 | INFO | my_functions.py:172 | Searching next.PNG (timeout=20s)
2026-05-08 19:28:00 | INFO | my_functions.py:198 | 
✅ Found: next.PNG pos=(677, 973) time=5.21s confidence=0.8
2026-05-08 19:28:01 | INFO | my_functions.py:138 | Haciendo click en la posición (677, 973)
2026-05-08 19:28:01 | INFO | my_functions.py:251 | 🖱️ Click OK: next.PNG at (677, 973) delay=1s
2026-05-08 19:28:05 | INFO | my_functions.py:434 | AVAILABLE: 6
2026-05-08 19:28:05 | INFO | my_functions.py:444 | [INFO] Waiting for Notepad++ process...
2026-05-08 19:28:05 | INFO | my_functions.py:458 | [INFO] Notepad++ detected PID=9512
2026-05-08 19:28:08 | INFO | my_functions.py:466 | [SUCCESS] Notepad++ closed successfully
2026-05-08 19:28:09 | INFO | each_eight_hours.py:421 | Submissions after match: 6
2026-05-08 19:28:09 | INFO | my_functions.py:378 | Misiones completadas: 0
2026-05-08 19:28:09 | INFO | each_eight_hours.py:287 | Starting game loop 2
2026-05-08 19:28:09 | INFO | my_functions.py:231 | [DEBUG] wait_for_image_and_click -> play.PNG timeout=20s delay_click=3s confidence=0.8
2026-05-08 19:28:09 | INFO | my_functions.py:172 | Searching play.PNG (timeout=20s)
2026-05-08 19:28:10 | INFO | my_functions.py:198 | 
✅ Found: play.PNG pos=(384, 824) time=0.24s confidence=0.8
2026-05-08 19:28:13 | INFO | my_functions.py:138 | Haciendo click en la posición (384, 824)
2026-05-08 19:28:13 | INFO | my_functions.py:251 | 🖱️ Click OK: play.PNG at (384, 824) delay=3s
2026-05-08 19:28:13 | INFO | each_eight_hours.py:293 | Play button clicked
2026-05-08 19:28:31 | INFO | my_functions.py:198 | 
✅ Found: end_turn.PNG pos=(682, 945) time=0.2s confidence=0.8
2026-05-08 19:28:31 | INFO | my_functions.py:231 | [DEBUG] wait_for_image_and_click -> snap.PNG timeout=0s delay_click=1s confidence=0.8
2026-05-08 19:28:32 | INFO | my_functions.py:198 | 
✅ Found: snap.PNG pos=(386, 122) time=0.21s confidence=0.8
2026-05-08 19:28:33 | INFO | my_functions.py:138 | Haciendo click en la posición (386, 122)
2026-05-08 19:28:33 | INFO | my_functions.py:251 | 🖱️ Click OK: snap.PNG at (386, 122) delay=1s
2026-05-08 19:28:38 | INFO | my_functions.py:138 | Haciendo click en la posición (682, 945)
2026-05-08 19:28:39 | INFO | each_eight_hours.py:314 | End turn executed
2026-05-08 19:28:52 | INFO | my_functions.py:198 | 
✅ Found: end_turn.PNG pos=(681, 945) time=0.21s confidence=0.8
2026-05-08 19:28:52 | INFO | my_functions.py:231 | [DEBUG] wait_for_image_and_click -> snap.PNG timeout=0s delay_click=1s confidence=0.8
2026-05-08 19:28:52 | INFO | my_functions.py:258 | [DEBUG] Click skipped, image not found: snap.PNG
2026-05-08 19:28:58 | INFO | my_functions.py:138 | Haciendo click en la posición (681, 945)
2026-05-08 19:28:59 | INFO | each_eight_hours.py:314 | End turn executed
2026-05-08 19:29:08 | INFO | my_functions.py:198 | 
✅ Found: end_turn.PNG pos=(681, 945) time=0.21s confidence=0.8
2026-05-08 19:29:08 | INFO | my_functions.py:231 | [DEBUG] wait_for_image_and_click -> snap.PNG timeout=0s delay_click=1s confidence=0.8
2026-05-08 19:29:09 | INFO | my_functions.py:258 | [DEBUG] Click skipped, image not found: snap.PNG
2026-05-08 19:29:14 | INFO | my_functions.py:138 | Haciendo click en la posición (681, 945)
2026-05-08 19:29:15 | INFO | each_eight_hours.py:314 | End turn executed
2026-05-08 19:29:21 | INFO | my_functions.py:198 | 
✅ Found: end_turn.PNG pos=(681, 945) time=0.2s confidence=0.8
2026-05-08 19:29:21 | INFO | my_functions.py:231 | [DEBUG] wait_for_image_and_click -> snap.PNG timeout=0s delay_click=1s confidence=0.8
2026-05-08 19:29:21 | INFO | my_functions.py:258 | [DEBUG] Click skipped, image not found: snap.PNG
2026-05-08 19:29:26 | INFO | my_functions.py:138 | Haciendo click en la posición (681, 945)
2026-05-08 19:29:28 | INFO | each_eight_hours.py:314 | End turn executed
2026-05-08 19:29:43 | INFO | my_functions.py:198 | 
✅ Found: end_turn.PNG pos=(681, 945) time=0.22s confidence=0.8
2026-05-08 19:29:43 | INFO | my_functions.py:231 | [DEBUG] wait_for_image_and_click -> snap.PNG timeout=0s delay_click=1s confidence=0.8
2026-05-08 19:29:43 | INFO | my_functions.py:258 | [DEBUG] Click skipped, image not found: snap.PNG
2026-05-08 19:29:49 | INFO | my_functions.py:138 | Haciendo click en la posición (681, 945)
2026-05-08 19:29:50 | INFO | each_eight_hours.py:314 | End turn executed
2026-05-08 19:30:10 | INFO | my_functions.py:198 | 
✅ Found: end_turn.PNG pos=(681, 945) time=0.21s confidence=0.8
2026-05-08 19:30:10 | INFO | my_functions.py:231 | [DEBUG] wait_for_image_and_click -> snap.PNG timeout=0s delay_click=1s confidence=0.8
2026-05-08 19:30:10 | INFO | my_functions.py:258 | [DEBUG] Click skipped, image not found: snap.PNG
2026-05-08 19:30:15 | INFO | my_functions.py:138 | Haciendo click en la posición (681, 945)
2026-05-08 19:30:16 | INFO | each_eight_hours.py:314 | End turn executed
2026-05-08 19:30:43 | INFO | my_functions.py:198 | 
✅ Found: collect_rewards.PNG pos=(679, 957) time=0.25s confidence=0.8
2026-05-08 19:30:43 | INFO | each_eight_hours.py:353 | Rewards detected, exiting match
2026-05-08 19:30:43 | INFO | my_functions.py:231 | [DEBUG] wait_for_image_and_click -> collect_rewards.PNG timeout=20s delay_click=1s confidence=0.8
2026-05-08 19:30:43 | INFO | my_functions.py:172 | Searching collect_rewards.PNG (timeout=20s)
2026-05-08 19:30:44 | INFO | my_functions.py:198 | 
✅ Found: collect_rewards.PNG pos=(679, 957) time=0.26s confidence=0.8
2026-05-08 19:30:45 | INFO | my_functions.py:138 | Haciendo click en la posición (679, 957)
2026-05-08 19:30:45 | INFO | my_functions.py:251 | 🖱️ Click OK: collect_rewards.PNG at (679, 957) delay=1s
2026-05-08 19:30:45 | INFO | my_functions.py:231 | [DEBUG] wait_for_image_and_click -> next.PNG timeout=20s delay_click=1s confidence=0.8
2026-05-08 19:30:45 | INFO | my_functions.py:172 | Searching next.PNG (timeout=20s)
2026-05-08 19:30:48 | INFO | my_functions.py:198 | 
✅ Found: next.PNG pos=(677, 973) time=3.39s confidence=0.8
2026-05-08 19:30:49 | INFO | my_functions.py:138 | Haciendo click en la posición (677, 973)
2026-05-08 19:30:50 | INFO | my_functions.py:251 | 🖱️ Click OK: next.PNG at (677, 973) delay=1s
2026-05-08 19:30:54 | INFO | my_functions.py:434 | AVAILABLE: 6
2026-05-08 19:30:54 | INFO | my_functions.py:444 | [INFO] Waiting for Notepad++ process...
2026-05-08 19:30:54 | INFO | my_functions.py:458 | [INFO] Notepad++ detected PID=4312
2026-05-08 19:30:57 | INFO | my_functions.py:466 | [SUCCESS] Notepad++ closed successfully
2026-05-08 19:30:58 | INFO | each_eight_hours.py:421 | Submissions after match: 6
2026-05-08 19:30:58 | INFO | my_functions.py:378 | Misiones completadas: 1
2026-05-08 19:30:58 | INFO | each_eight_hours.py:287 | Starting game loop 3
2026-05-08 19:30:58 | INFO | my_functions.py:231 | [DEBUG] wait_for_image_and_click -> play.PNG timeout=20s delay_click=3s confidence=0.8
2026-05-08 19:30:58 | INFO | my_functions.py:172 | Searching play.PNG (timeout=20s)
2026-05-08 19:30:58 | INFO | my_functions.py:198 | 
✅ Found: play.PNG pos=(384, 824) time=0.23s confidence=0.8
2026-05-08 19:31:01 | INFO | my_functions.py:138 | Haciendo click en la posición (384, 824)
2026-05-08 19:31:01 | INFO | my_functions.py:251 | 🖱️ Click OK: play.PNG at (384, 824) delay=3s
2026-05-08 19:31:01 | INFO | each_eight_hours.py:293 | Play button clicked
2026-05-08 19:31:20 | INFO | my_functions.py:198 | 
✅ Found: end_turn.PNG pos=(681, 945) time=0.21s confidence=0.8
2026-05-08 19:31:20 | INFO | my_functions.py:231 | [DEBUG] wait_for_image_and_click -> snap.PNG timeout=0s delay_click=1s confidence=0.8
2026-05-08 19:31:20 | INFO | my_functions.py:198 | 
✅ Found: snap.PNG pos=(386, 122) time=0.22s confidence=0.8
2026-05-08 19:31:21 | INFO | my_functions.py:138 | Haciendo click en la posición (386, 122)
2026-05-08 19:31:22 | INFO | my_functions.py:251 | 🖱️ Click OK: snap.PNG at (386, 122) delay=1s
2026-05-08 19:31:27 | INFO | my_functions.py:138 | Haciendo click en la posición (681, 945)
2026-05-08 19:31:28 | INFO | each_eight_hours.py:314 | End turn executed
2026-05-08 19:31:41 | INFO | my_functions.py:198 | 
✅ Found: end_turn.PNG pos=(681, 945) time=0.2s confidence=0.8
2026-05-08 19:31:41 | INFO | my_functions.py:231 | [DEBUG] wait_for_image_and_click -> snap.PNG timeout=0s delay_click=1s confidence=0.8
2026-05-08 19:31:41 | INFO | my_functions.py:258 | [DEBUG] Click skipped, image not found: snap.PNG
2026-05-08 19:31:46 | INFO | my_functions.py:138 | Haciendo click en la posición (681, 945)
2026-05-08 19:31:47 | INFO | each_eight_hours.py:314 | End turn executed
2026-05-08 19:32:01 | INFO | my_functions.py:198 | 
✅ Found: end_turn.PNG pos=(681, 945) time=0.19s confidence=0.8
2026-05-08 19:32:01 | INFO | my_functions.py:231 | [DEBUG] wait_for_image_and_click -> snap.PNG timeout=0s delay_click=1s confidence=0.8
2026-05-08 19:32:01 | INFO | my_functions.py:258 | [DEBUG] Click skipped, image not found: snap.PNG
2026-05-08 19:32:06 | INFO | my_functions.py:138 | Haciendo click en la posición (681, 945)
2026-05-08 19:32:07 | INFO | each_eight_hours.py:314 | End turn executed
2026-05-08 19:32:38 | INFO | my_functions.py:198 | 
✅ Found: end_turn.PNG pos=(681, 945) time=0.21s confidence=0.8
2026-05-08 19:32:38 | INFO | my_functions.py:231 | [DEBUG] wait_for_image_and_click -> snap.PNG timeout=0s delay_click=1s confidence=0.8
2026-05-08 19:32:38 | INFO | my_functions.py:258 | [DEBUG] Click skipped, image not found: snap.PNG
2026-05-08 19:32:43 | INFO | my_functions.py:138 | Haciendo click en la posición (681, 945)
2026-05-08 19:32:44 | INFO | each_eight_hours.py:314 | End turn executed
2026-05-08 19:32:50 | INFO | my_functions.py:198 | 
✅ Found: never_seen_before.png pos=(395, 141) time=0.24s confidence=0.8
2026-05-08 19:32:50 | WARNING | each_eight_hours.py:327 | Unknown popup handled
2026-05-08 19:33:07 | INFO | my_functions.py:198 | 
✅ Found: end_turn.PNG pos=(681, 945) time=0.2s confidence=0.8
2026-05-08 19:33:07 | INFO | my_functions.py:231 | [DEBUG] wait_for_image_and_click -> snap.PNG timeout=0s delay_click=1s confidence=0.8
2026-05-08 19:33:07 | INFO | my_functions.py:258 | [DEBUG] Click skipped, image not found: snap.PNG
2026-05-08 19:33:12 | INFO | my_functions.py:138 | Haciendo click en la posición (681, 945)
2026-05-08 19:33:13 | INFO | each_eight_hours.py:314 | End turn executed
2026-05-08 19:33:26 | INFO | my_functions.py:198 | 
✅ Found: end_turn.PNG pos=(681, 945) time=0.23s confidence=0.8
2026-05-08 19:33:26 | INFO | my_functions.py:231 | [DEBUG] wait_for_image_and_click -> snap.PNG timeout=0s delay_click=1s confidence=0.8
2026-05-08 19:33:27 | INFO | my_functions.py:258 | [DEBUG] Click skipped, image not found: snap.PNG
2026-05-08 19:33:32 | INFO | my_functions.py:138 | Haciendo click en la posición (681, 945)
2026-05-08 19:33:33 | INFO | each_eight_hours.py:314 | End turn executed
2026-05-08 19:34:04 | INFO | my_functions.py:198 | 
✅ Found: collect_rewards.PNG pos=(679, 957) time=0.25s confidence=0.8
2026-05-08 19:34:04 | INFO | each_eight_hours.py:353 | Rewards detected, exiting match
2026-05-08 19:34:04 | INFO | my_functions.py:231 | [DEBUG] wait_for_image_and_click -> collect_rewards.PNG timeout=20s delay_click=1s confidence=0.8
2026-05-08 19:34:04 | INFO | my_functions.py:172 | Searching collect_rewards.PNG (timeout=20s)
2026-05-08 19:34:05 | INFO | my_functions.py:198 | 
✅ Found: collect_rewards.PNG pos=(679, 957) time=0.23s confidence=0.8
2026-05-08 19:34:06 | INFO | my_functions.py:138 | Haciendo click en la posición (679, 957)
2026-05-08 19:34:06 | INFO | my_functions.py:251 | 🖱️ Click OK: collect_rewards.PNG at (679, 957) delay=1s
2026-05-08 19:34:06 | INFO | my_functions.py:231 | [DEBUG] wait_for_image_and_click -> next.PNG timeout=20s delay_click=1s confidence=0.8
2026-05-08 19:34:06 | INFO | my_functions.py:172 | Searching next.PNG (timeout=20s)
2026-05-08 19:34:09 | INFO | my_functions.py:198 | 
✅ Found: next.PNG pos=(677, 973) time=3.39s confidence=0.8
2026-05-08 19:34:10 | INFO | my_functions.py:138 | Haciendo click en la posición (677, 973)
2026-05-08 19:34:10 | INFO | my_functions.py:251 | 🖱️ Click OK: next.PNG at (677, 973) delay=1s
2026-05-08 19:34:14 | INFO | my_functions.py:434 | AVAILABLE: 6
2026-05-08 19:34:14 | INFO | my_functions.py:444 | [INFO] Waiting for Notepad++ process...
2026-05-08 19:34:15 | INFO | my_functions.py:458 | [INFO] Notepad++ detected PID=9580
2026-05-08 19:34:18 | INFO | my_functions.py:466 | [SUCCESS] Notepad++ closed successfully
2026-05-08 19:34:19 | INFO | each_eight_hours.py:421 | Submissions after match: 6
2026-05-08 19:34:19 | INFO | my_functions.py:378 | Misiones completadas: 3
2026-05-08 19:34:19 | INFO | each_eight_hours.py:425 | Submission condition met, breaking loop
2026-05-08 19:34:19 | INFO | my_functions.py:231 | [DEBUG] wait_for_image_and_click -> missionsNotify2.png timeout=20s delay_click=3s confidence=0.8
2026-05-08 19:34:19 | INFO | my_functions.py:172 | Searching missionsNotify2.png (timeout=20s)
2026-05-08 19:34:19 | INFO | my_functions.py:198 | 
✅ Found: missionsNotify2.png pos=(538, 124) time=0.24s confidence=0.8
2026-05-08 19:34:22 | INFO | my_functions.py:138 | Haciendo click en la posición (538, 124)
2026-05-08 19:34:22 | INFO | my_functions.py:251 | 🖱️ Click OK: missionsNotify2.png at (538, 124) delay=3s
2026-05-08 19:34:22 | INFO | my_functions.py:1593 | [INFO] Iniciando click_missions_blue2
2026-05-08 19:34:22 | INFO | my_functions.py:138 | Haciendo click en la posición (150, 132)
2026-05-08 19:34:23 | INFO | my_functions.py:1596 | [ACTION] Click hecho en icono de calendario que me dirige a las misiones ordinarias
2026-05-08 19:34:23 | INFO | my_functions.py:172 | Searching bonus_challenge.png (timeout=0s)
2026-05-08 19:34:24 | INFO | my_functions.py:209 | 
⛔ Not found: bonus_challenge.png after 0.0s region=(0, 0, 765, 1038) confidence=0.8
2026-05-08 19:34:26 | INFO | my_functions.py:138 | Haciendo click en la posición (362, 493)
2026-05-08 19:34:27 | INFO | my_functions.py:1609 | [ACTION] Click 1/3 en misión azul
2026-05-08 19:34:27 | INFO | my_functions.py:138 | Haciendo click en la posición (362, 493)
2026-05-08 19:34:29 | INFO | my_functions.py:1609 | [ACTION] Click 2/3 en misión azul
2026-05-08 19:34:29 | INFO | my_functions.py:138 | Haciendo click en la posición (362, 493)
2026-05-08 19:34:30 | INFO | my_functions.py:1609 | [ACTION] Click 3/3 en misión azul
2026-05-08 19:34:31 | INFO | my_functions.py:172 | Searching flechita_mission.PNG (timeout=0s)
2026-05-08 19:34:31 | INFO | my_functions.py:209 | 
⛔ Not found: flechita_mission.PNG after 0.0s region=(0, 0, 765, 1038) confidence=0.8
2026-05-08 19:34:31 | INFO | my_functions.py:231 | [DEBUG] wait_for_image_and_click -> weekly3.PNG timeout=0s delay_click=0.1s confidence=0.8
2026-05-08 19:34:31 | INFO | my_functions.py:172 | Searching weekly3.PNG (timeout=0s)
2026-05-08 19:34:31 | INFO | my_functions.py:209 | 
⛔ Not found: weekly3.PNG after 0.01s region=(0, 0, 765, 1038) confidence=0.8
2026-05-08 19:34:31 | INFO | my_functions.py:258 | [DEBUG] Click skipped, image not found: weekly3.PNG
2026-05-08 19:34:31 | INFO | my_functions.py:231 | [DEBUG] wait_for_image_and_click -> weekly3.PNG timeout=0s delay_click=0.1s confidence=0.8
2026-05-08 19:34:31 | INFO | my_functions.py:172 | Searching weekly3.PNG (timeout=0s)
2026-05-08 19:34:31 | INFO | my_functions.py:209 | 
⛔ Not found: weekly3.PNG after 0.0s region=(0, 0, 765, 1038) confidence=0.8
2026-05-08 19:34:31 | INFO | my_functions.py:258 | [DEBUG] Click skipped, image not found: weekly3.PNG
2026-05-08 19:34:31 | INFO | my_functions.py:231 | [DEBUG] wait_for_image_and_click -> weekly3.PNG timeout=0s delay_click=0.1s confidence=0.8
2026-05-08 19:34:31 | INFO | my_functions.py:172 | Searching weekly3.PNG (timeout=0s)
2026-05-08 19:34:32 | INFO | my_functions.py:209 | 
⛔ Not found: weekly3.PNG after 0.0s region=(0, 0, 765, 1038) confidence=0.8
2026-05-08 19:34:32 | INFO | my_functions.py:258 | [DEBUG] Click skipped, image not found: weekly3.PNG
2026-05-08 19:34:32 | INFO | my_functions.py:231 | [DEBUG] wait_for_image_and_click -> weekly3.PNG timeout=0s delay_click=0.1s confidence=0.8
2026-05-08 19:34:32 | INFO | my_functions.py:172 | Searching weekly3.PNG (timeout=0s)
2026-05-08 19:34:32 | INFO | my_functions.py:209 | 
⛔ Not found: weekly3.PNG after 0.0s region=(0, 0, 765, 1038) confidence=0.8
2026-05-08 19:34:32 | INFO | my_functions.py:258 | [DEBUG] Click skipped, image not found: weekly3.PNG
2026-05-08 19:34:32 | INFO | my_functions.py:231 | [DEBUG] wait_for_image_and_click -> weekly3.PNG timeout=0s delay_click=0.1s confidence=0.8
2026-05-08 19:34:32 | INFO | my_functions.py:172 | Searching weekly3.PNG (timeout=0s)
2026-05-08 19:34:32 | INFO | my_functions.py:209 | 
⛔ Not found: weekly3.PNG after 0.0s region=(0, 0, 765, 1038) confidence=0.8
2026-05-08 19:34:32 | INFO | my_functions.py:258 | [DEBUG] Click skipped, image not found: weekly3.PNG
2026-05-08 19:34:32 | INFO | my_functions.py:231 | [DEBUG] wait_for_image_and_click -> weekly3.PNG timeout=0s delay_click=0.1s confidence=0.8
2026-05-08 19:34:32 | INFO | my_functions.py:172 | Searching weekly3.PNG (timeout=0s)
2026-05-08 19:34:32 | INFO | my_functions.py:209 | 
⛔ Not found: weekly3.PNG after 0.0s region=(0, 0, 765, 1038) confidence=0.8
2026-05-08 19:34:32 | INFO | my_functions.py:258 | [DEBUG] Click skipped, image not found: weekly3.PNG
2026-05-08 19:34:32 | INFO | my_functions.py:231 | [DEBUG] wait_for_image_and_click -> weekly3.PNG timeout=0s delay_click=0.1s confidence=0.8
2026-05-08 19:34:32 | INFO | my_functions.py:172 | Searching weekly3.PNG (timeout=0s)
2026-05-08 19:34:33 | INFO | my_functions.py:209 | 
⛔ Not found: weekly3.PNG after 0.0s region=(0, 0, 765, 1038) confidence=0.8
2026-05-08 19:34:33 | INFO | my_functions.py:258 | [DEBUG] Click skipped, image not found: weekly3.PNG
2026-05-08 19:34:33 | INFO | my_functions.py:231 | [DEBUG] wait_for_image_and_click -> weekly3.PNG timeout=0s delay_click=0.1s confidence=0.8
2026-05-08 19:34:33 | INFO | my_functions.py:172 | Searching weekly3.PNG (timeout=0s)
2026-05-08 19:34:33 | INFO | my_functions.py:209 | 
⛔ Not found: weekly3.PNG after 0.0s region=(0, 0, 765, 1038) confidence=0.8
2026-05-08 19:34:33 | INFO | my_functions.py:258 | [DEBUG] Click skipped, image not found: weekly3.PNG
2026-05-08 19:34:33 | INFO | my_functions.py:231 | [DEBUG] wait_for_image_and_click -> weekly3.PNG timeout=0s delay_click=0.1s confidence=0.8
2026-05-08 19:34:33 | INFO | my_functions.py:172 | Searching weekly3.PNG (timeout=0s)
2026-05-08 19:34:33 | INFO | my_functions.py:209 | 
⛔ Not found: weekly3.PNG after 0.0s region=(0, 0, 765, 1038) confidence=0.8
2026-05-08 19:34:33 | INFO | my_functions.py:258 | [DEBUG] Click skipped, image not found: weekly3.PNG
2026-05-08 19:34:33 | INFO | my_functions.py:231 | [DEBUG] wait_for_image_and_click -> weekly3.PNG timeout=0s delay_click=0.1s confidence=0.8
2026-05-08 19:34:33 | INFO | my_functions.py:172 | Searching weekly3.PNG (timeout=0s)
2026-05-08 19:34:33 | INFO | my_functions.py:209 | 
⛔ Not found: weekly3.PNG after 0.01s region=(0, 0, 765, 1038) confidence=0.8
2026-05-08 19:34:33 | INFO | my_functions.py:258 | [DEBUG] Click skipped, image not found: weekly3.PNG
2026-05-08 19:34:33 | INFO | my_functions.py:138 | Haciendo click en la posición (557, 64)
2026-05-08 19:34:34 | INFO | my_functions.py:231 | [DEBUG] wait_for_image_and_click -> cards_shop.PNG timeout=20s delay_click=1s confidence=0.8
2026-05-08 19:34:34 | INFO | my_functions.py:172 | Searching cards_shop.PNG (timeout=20s)
2026-05-08 19:34:35 | INFO | my_functions.py:198 | 
✅ Found: cards_shop.PNG pos=(568, 121) time=0.74s confidence=0.8
2026-05-08 19:34:36 | INFO | my_functions.py:138 | Haciendo click en la posición (568, 121)
2026-05-08 19:34:36 | INFO | my_functions.py:251 | 🖱️ Click OK: cards_shop.PNG at (568, 121) delay=1s
2026-05-08 19:34:36 | INFO | my_functions.py:231 | [DEBUG] wait_for_image_and_click -> token_icon.PNG timeout=20s delay_click=1s confidence=0.8
2026-05-08 19:34:36 | INFO | my_functions.py:172 | Searching token_icon.PNG (timeout=20s)
2026-05-08 19:34:39 | INFO | my_functions.py:198 | 
✅ Found: token_icon.PNG pos=(531, 171) time=2.25s confidence=0.8
2026-05-08 19:34:40 | INFO | my_functions.py:138 | Haciendo click en la posición (531, 171)
2026-05-08 19:34:40 | INFO | my_functions.py:251 | 🖱️ Click OK: token_icon.PNG at (531, 171) delay=1s
2026-05-08 19:34:42 | INFO | my_functions.py:231 | [DEBUG] wait_for_image_and_click -> claim!_token_3.PNG timeout=4s delay_click=1s confidence=0.8
2026-05-08 19:34:42 | INFO | my_functions.py:172 | Searching claim!_token_3.PNG (timeout=4s)
2026-05-08 19:34:42 | INFO | my_functions.py:198 | 
✅ Found: claim!_token_3.PNG pos=(231, 573) time=0.27s confidence=0.8
2026-05-08 19:34:43 | INFO | my_functions.py:138 | Haciendo click en la posición (231, 573)
2026-05-08 19:34:43 | INFO | my_functions.py:251 | 🖱️ Click OK: claim!_token_3.PNG at (231, 573) delay=1s
2026-05-08 19:34:43 | INFO | my_functions.py:231 | [DEBUG] wait_for_image_and_click -> offers.PNG timeout=0.1s delay_click=1s confidence=0.8
2026-05-08 19:34:43 | INFO | my_functions.py:172 | Searching offers.PNG (timeout=0.1s)
2026-05-08 19:34:44 | INFO | my_functions.py:198 | 
✅ Found: offers.PNG pos=(197, 121) time=0.25s confidence=0.8
2026-05-08 19:34:45 | INFO | my_functions.py:138 | Haciendo click en la posición (197, 121)
2026-05-08 19:34:45 | INFO | my_functions.py:251 | 🖱️ Click OK: offers.PNG at (197, 121) delay=1s
2026-05-08 19:34:45 | INFO | my_functions.py:231 | [DEBUG] wait_for_image_and_click -> credits_selected.png timeout=0.1s delay_click=1s confidence=0.8
2026-05-08 19:34:45 | INFO | my_functions.py:172 | Searching credits_selected.png (timeout=0.1s)
2026-05-08 19:34:45 | INFO | my_functions.py:209 | 
⛔ Not found: credits_selected.png after 0.21s region=(0, 0, 765, 1038) confidence=0.8
2026-05-08 19:34:45 | INFO | my_functions.py:258 | [DEBUG] Click skipped, image not found: credits_selected.png
2026-05-08 19:34:45 | INFO | my_functions.py:231 | [DEBUG] wait_for_image_and_click -> credits.PNG timeout=0.1s delay_click=1s confidence=0.95
2026-05-08 19:34:45 | INFO | my_functions.py:172 | Searching credits.PNG (timeout=0.1s)
2026-05-08 19:34:45 | INFO | my_functions.py:198 | 
✅ Found: credits.PNG pos=(442, 172) time=0.21s confidence=0.95
2026-05-08 19:34:46 | INFO | my_functions.py:138 | Haciendo click en la posición (442, 172)
2026-05-08 19:34:47 | INFO | my_functions.py:251 | 🖱️ Click OK: credits.PNG at (442, 172) delay=1s
2026-05-08 19:34:48 | INFO | my_functions.py:231 | [DEBUG] wait_for_image_and_click -> claim_25_credits.png timeout=2s delay_click=1s confidence=0.8
2026-05-08 19:34:48 | INFO | my_functions.py:172 | Searching claim_25_credits.png (timeout=2s)
2026-05-08 19:34:48 | INFO | my_functions.py:198 | 
✅ Found: claim_25_credits.png pos=(236, 328) time=0.21s confidence=0.8
2026-05-08 19:34:49 | INFO | my_functions.py:138 | Haciendo click en la posición (236, 328)
2026-05-08 19:34:50 | INFO | my_functions.py:251 | 🖱️ Click OK: claim_25_credits.png at (236, 328) delay=1s
2026-05-08 19:34:50 | INFO | my_functions.py:231 | [DEBUG] wait_for_image_and_click -> cards_shop.PNG timeout=20s delay_click=1s confidence=0.8
2026-05-08 19:34:50 | INFO | my_functions.py:172 | Searching cards_shop.PNG (timeout=20s)
2026-05-08 19:34:50 | INFO | my_functions.py:198 | 
✅ Found: cards_shop.PNG pos=(568, 121) time=0.22s confidence=0.8
2026-05-08 19:34:51 | INFO | my_functions.py:138 | Haciendo click en la posición (568, 121)
2026-05-08 19:34:51 | INFO | my_functions.py:251 | 🖱️ Click OK: cards_shop.PNG at (568, 121) delay=1s
2026-05-08 19:34:51 | INFO | my_functions.py:231 | [DEBUG] wait_for_image_and_click -> offers.PNG timeout=20s delay_click=1s confidence=0.8
2026-05-08 19:34:51 | INFO | my_functions.py:172 | Searching offers.PNG (timeout=20s)
2026-05-08 19:34:51 | INFO | my_functions.py:198 | 
✅ Found: offers.PNG pos=(197, 122) time=0.19s confidence=0.8
2026-05-08 19:34:52 | INFO | my_functions.py:138 | Haciendo click en la posición (197, 122)
2026-05-08 19:34:52 | INFO | my_functions.py:251 | 🖱️ Click OK: offers.PNG at (197, 122) delay=1s
2026-05-08 19:34:52 | INFO | my_functions.py:1491 | [INFO] Iniciando mejora de cartas
2026-05-08 19:34:52 | INFO | my_functions.py:231 | [DEBUG] wait_for_image_and_click -> upgrade_cards_icon.PNG timeout=20s delay_click=1s confidence=0.8
2026-05-08 19:34:52 | INFO | my_functions.py:172 | Searching upgrade_cards_icon.PNG (timeout=20s)
2026-05-08 19:34:53 | INFO | my_functions.py:198 | 
✅ Found: upgrade_cards_icon.PNG pos=(322, 170) time=0.43s confidence=0.8
2026-05-08 19:34:54 | INFO | my_functions.py:138 | Haciendo click en la posición (322, 170)
2026-05-08 19:34:54 | INFO | my_functions.py:251 | 🖱️ Click OK: upgrade_cards_icon.PNG at (322, 170) delay=1s
2026-05-08 19:34:54 | INFO | my_functions.py:1495 | [INFO] Abriendo icono de upgrade_cards
2026-05-08 19:34:55 | INFO | my_functions.py:1501 | [STEP] Mejorando carta 1
2026-05-08 19:34:55 | INFO | my_functions.py:1505 | [ACTION] Click en carta 1
2026-05-08 19:34:56 | INFO | my_functions.py:1510 | [ACTION] Click en botón upgrade
2026-05-08 19:35:03 | INFO | my_functions.py:231 | [DEBUG] wait_for_image_and_click -> you_need_more_credits!.png timeout=3s delay_click=1s confidence=0.8
2026-05-08 19:35:03 | INFO | my_functions.py:172 | Searching you_need_more_credits!.png (timeout=3s)
2026-05-08 19:35:07 | INFO | my_functions.py:209 | 
⛔ Not found: you_need_more_credits!.png after 3.14s region=(0, 0, 765, 1038) confidence=0.8
2026-05-08 19:35:07 | INFO | my_functions.py:258 | [DEBUG] Click skipped, image not found: you_need_more_credits!.png
2026-05-08 19:35:12 | INFO | my_functions.py:1525 | [ACTION] Click para continuar a stage de nivel de coleccion
2026-05-08 19:35:17 | INFO | my_functions.py:146 | Presionando ESC (1/1)
2026-05-08 19:35:17 | INFO | my_functions.py:1530 | [ACTION] Saliendo de stage nivel de coleccion con ESC
2026-05-08 19:35:18 | INFO | my_functions.py:231 | [DEBUG] wait_for_image_and_click -> upgrade_cards_icon_selected.PNG timeout=0s delay_click=1s confidence=0.8
2026-05-08 19:35:18 | INFO | my_functions.py:172 | Searching upgrade_cards_icon_selected.PNG (timeout=0s)
2026-05-08 19:35:19 | INFO | my_functions.py:198 | 
✅ Found: upgrade_cards_icon_selected.PNG pos=(320, 173) time=0.22s confidence=0.8
2026-05-08 19:35:20 | INFO | my_functions.py:138 | Haciendo click en la posición (320, 173)
2026-05-08 19:35:20 | INFO | my_functions.py:251 | 🖱️ Click OK: upgrade_cards_icon_selected.PNG at (320, 173) delay=1s
2026-05-08 19:35:20 | INFO | my_functions.py:1550 | [INFO] Reabriendo icono de upgrade_cards
2026-05-08 19:35:21 | INFO | my_functions.py:1501 | [STEP] Mejorando carta 2
2026-05-08 19:35:21 | INFO | my_functions.py:1505 | [ACTION] Click en carta 2
2026-05-08 19:35:22 | INFO | my_functions.py:1510 | [ACTION] Click en botón upgrade
2026-05-08 19:35:29 | INFO | my_functions.py:231 | [DEBUG] wait_for_image_and_click -> you_need_more_credits!.png timeout=3s delay_click=1s confidence=0.8
2026-05-08 19:35:29 | INFO | my_functions.py:172 | Searching you_need_more_credits!.png (timeout=3s)
2026-05-08 19:35:32 | INFO | my_functions.py:209 | 
⛔ Not found: you_need_more_credits!.png after 3.02s region=(0, 0, 765, 1038) confidence=0.8
2026-05-08 19:35:32 | INFO | my_functions.py:258 | [DEBUG] Click skipped, image not found: you_need_more_credits!.png
2026-05-08 19:35:38 | INFO | my_functions.py:1525 | [ACTION] Click para continuar a stage de nivel de coleccion
2026-05-08 19:35:43 | INFO | my_functions.py:146 | Presionando ESC (1/1)
2026-05-08 19:35:43 | INFO | my_functions.py:1530 | [ACTION] Saliendo de stage nivel de coleccion con ESC
2026-05-08 19:35:44 | INFO | my_functions.py:231 | [DEBUG] wait_for_image_and_click -> upgrade_cards_icon_selected.PNG timeout=0s delay_click=1s confidence=0.8
2026-05-08 19:35:44 | INFO | my_functions.py:172 | Searching upgrade_cards_icon_selected.PNG (timeout=0s)
2026-05-08 19:35:44 | INFO | my_functions.py:198 | 
✅ Found: upgrade_cards_icon_selected.PNG pos=(320, 173) time=0.21s confidence=0.8
2026-05-08 19:35:45 | INFO | my_functions.py:138 | Haciendo click en la posición (320, 173)
2026-05-08 19:35:46 | INFO | my_functions.py:251 | 🖱️ Click OK: upgrade_cards_icon_selected.PNG at (320, 173) delay=1s
2026-05-08 19:35:46 | INFO | my_functions.py:1550 | [INFO] Reabriendo icono de upgrade_cards
2026-05-08 19:35:47 | INFO | my_functions.py:1501 | [STEP] Mejorando carta 3
2026-05-08 19:35:47 | INFO | my_functions.py:1505 | [ACTION] Click en carta 3
2026-05-08 19:35:48 | INFO | my_functions.py:1510 | [ACTION] Click en botón upgrade
2026-05-08 19:35:55 | INFO | my_functions.py:231 | [DEBUG] wait_for_image_and_click -> you_need_more_credits!.png timeout=3s delay_click=1s confidence=0.8
2026-05-08 19:35:55 | INFO | my_functions.py:172 | Searching you_need_more_credits!.png (timeout=3s)
2026-05-08 19:35:58 | INFO | my_functions.py:209 | 
⛔ Not found: you_need_more_credits!.png after 3.17s region=(0, 0, 765, 1038) confidence=0.8
2026-05-08 19:35:58 | INFO | my_functions.py:258 | [DEBUG] Click skipped, image not found: you_need_more_credits!.png
2026-05-08 19:36:03 | INFO | my_functions.py:1525 | [ACTION] Click para continuar a stage de nivel de coleccion
2026-05-08 19:36:08 | INFO | my_functions.py:146 | Presionando ESC (1/1)
2026-05-08 19:36:09 | INFO | my_functions.py:1530 | [ACTION] Saliendo de stage nivel de coleccion con ESC
2026-05-08 19:36:10 | INFO | my_functions.py:1553 | [INFO] Mejora de cartas completada ✅
2026-05-08 19:36:10 | INFO | my_functions.py:146 | Presionando ESC (1/1)
2026-05-08 19:36:11 | INFO | each_eight_hours.py:437 | Finished all games
2026-05-08 19:36:11 | INFO | my_functions.py:1443 | [DEBUG] Starting logout process...
2026-05-08 19:36:11 | INFO | my_functions.py:1445 | [DEBUG] Clicking nut icon...
2026-05-08 19:36:11 | INFO | my_functions.py:231 | [DEBUG] wait_for_image_and_click -> nut.png timeout=20s delay_click=1s confidence=0.8
2026-05-08 19:36:11 | INFO | my_functions.py:172 | Searching nut.png (timeout=20s)
2026-05-08 19:36:11 | INFO | my_functions.py:198 | 
✅ Found: nut.png pos=(184, 78) time=0.18s confidence=0.8
2026-05-08 19:36:12 | INFO | my_functions.py:138 | Haciendo click en la posición (184, 78)
2026-05-08 19:36:12 | INFO | my_functions.py:251 | 🖱️ Click OK: nut.png at (184, 78) delay=1s
2026-05-08 19:36:12 | INFO | my_functions.py:1448 | [DEBUG] Waiting for graphics quality image...
2026-05-08 19:36:12 | INFO | my_functions.py:172 | Searching graphics_quality.png (timeout=3s)
2026-05-08 19:36:13 | INFO | my_functions.py:198 | 
✅ Found: graphics_quality.png pos=(303, 646) time=0.91s confidence=0.8
2026-05-08 19:36:13 | INFO | my_functions.py:1450 | [DEBUG] graphics_quality result: Point(x=303, y=646)
2026-05-08 19:36:13 | INFO | my_functions.py:1456 | [DEBUG] Clicking graphics quality...
2026-05-08 19:36:14 | INFO | my_functions.py:1461 | [DEBUG] Scrolling down...
2026-05-08 19:36:14 | INFO | my_functions.py:1464 | [DEBUG] Clicking sign_out...
2026-05-08 19:36:14 | INFO | my_functions.py:231 | [DEBUG] wait_for_image_and_click -> sign_out.png timeout=20s delay_click=1s confidence=0.8
2026-05-08 19:36:14 | INFO | my_functions.py:172 | Searching sign_out.png (timeout=20s)
2026-05-08 19:36:14 | INFO | my_functions.py:198 | 
✅ Found: sign_out.png pos=(380, 796) time=0.22s confidence=0.8
2026-05-08 19:36:15 | INFO | my_functions.py:138 | Haciendo click en la posición (380, 796)
2026-05-08 19:36:16 | INFO | my_functions.py:251 | 🖱️ Click OK: sign_out.png at (380, 796) delay=1s
2026-05-08 19:36:17 | INFO | my_functions.py:1469 | [DEBUG] Clicking big sign_out...
2026-05-08 19:36:17 | INFO | my_functions.py:231 | [DEBUG] wait_for_image_and_click -> sign_out_grande.png timeout=20s delay_click=1s confidence=0.8
2026-05-08 19:36:17 | INFO | my_functions.py:172 | Searching sign_out_grande.png (timeout=20s)
2026-05-08 19:36:17 | INFO | my_functions.py:198 | 
✅ Found: sign_out_grande.png pos=(359, 437) time=0.2s confidence=0.8
2026-05-08 19:36:18 | INFO | my_functions.py:138 | Haciendo click en la posición (359, 437)
2026-05-08 19:36:18 | INFO | my_functions.py:251 | 🖱️ Click OK: sign_out_grande.png at (359, 437) delay=1s
2026-05-08 19:36:18 | INFO | my_functions.py:1472 | [DEBUG] Clicking sign_out2...
2026-05-08 19:36:18 | INFO | my_functions.py:231 | [DEBUG] wait_for_image_and_click -> sign_out2.png timeout=20s delay_click=1s confidence=0.8
2026-05-08 19:36:18 | INFO | my_functions.py:172 | Searching sign_out2.png (timeout=20s)
2026-05-08 19:36:18 | INFO | my_functions.py:198 | 
✅ Found: sign_out2.png pos=(383, 634) time=0.19s confidence=0.8
2026-05-08 19:36:19 | INFO | my_functions.py:138 | Haciendo click en la posición (383, 634)
2026-05-08 19:36:19 | INFO | my_functions.py:251 | 🖱️ Click OK: sign_out2.png at (383, 634) delay=1s
2026-05-08 19:36:19 | INFO | my_functions.py:1475 | [DEBUG] Resizing SNAP window...
2026-05-08 19:36:19 | INFO | my_functions.py:1668 | ⏱ Esperando 0.1 segundos antes de empezar...
2026-05-08 19:36:20 | INFO | my_functions.py:1675 | 🔍 Esperando ventana que contenga alguna de: SNAP (máx 20s)
2026-05-08 19:36:20 | INFO | my_functions.py:1687 | ✅ Ventana encontrada: 'SNAP'
2026-05-08 19:36:20 | INFO | my_functions.py:1702 | ✅ Ventana seleccionada: 'SNAP'
2026-05-08 19:36:22 | INFO | my_functions.py:1725 | 🔁 Reajuste #1...
2026-05-08 19:36:24 | INFO | my_functions.py:1732 | ✔ Verificación completa. Se hicieron 1 reajustes.
2026-05-08 19:36:25 | INFO | my_functions.py:1484 | snap.exe closed
2026-05-08 19:36:29 | INFO | my_functions.py:1487 | [DEBUG] Logout completed successfully.
2026-05-08 19:36:29 | INFO | each_eight_hours.py:146 | Processing account: robert
2026-05-08 19:36:29 | INFO | each_eight_hours.py:149 | Game relaunched for account
2026-05-08 19:36:29 | INFO | my_functions.py:1668 | ⏱ Esperando 0.1 segundos antes de empezar...
2026-05-08 19:36:29 | INFO | my_functions.py:1675 | 🔍 Esperando ventana que contenga alguna de: ['SNAP'] (máx 20s)
2026-05-08 19:36:31 | INFO | my_functions.py:1687 | ✅ Ventana encontrada: 'SNAP'
2026-05-08 19:36:31 | INFO | my_functions.py:1702 | ✅ Ventana seleccionada: 'SNAP'
2026-05-08 19:36:34 | INFO | my_functions.py:1734 | ✔ Verificación completa. No hubo cambios después del primer ajuste.
2026-05-08 19:36:34 | INFO | each_eight_hours.py:156 | Game window resized
2026-05-08 19:36:34 | INFO | my_functions.py:1207 | [DEBUG] Resizing SNAP window...
2026-05-08 19:36:34 | INFO | my_functions.py:1668 | ⏱ Esperando 0.1 segundos antes de empezar...
2026-05-08 19:36:34 | INFO | my_functions.py:1675 | 🔍 Esperando ventana que contenga alguna de: ['SNAP'] (máx 20s)
2026-05-08 19:36:34 | INFO | my_functions.py:1687 | ✅ Ventana encontrada: 'SNAP'
2026-05-08 19:36:34 | INFO | my_functions.py:1702 | ✅ Ventana seleccionada: 'SNAP'
2026-05-08 19:36:37 | INFO | my_functions.py:1734 | ✔ Verificación completa. No hubo cambios después del primer ajuste.
2026-05-08 19:36:37 | INFO | my_functions.py:231 | [DEBUG] wait_for_image_and_click -> submit.PNG timeout=90s delay_click=0.2s confidence=0.8
2026-05-08 19:36:37 | INFO | my_functions.py:172 | Searching submit.PNG (timeout=90s)
2026-05-08 19:36:40 | INFO | my_functions.py:198 | 
✅ Found: submit.PNG pos=(386, 770) time=3.6s confidence=0.8
2026-05-08 19:36:41 | INFO | my_functions.py:138 | Haciendo click en la posición (386, 770)
2026-05-08 19:36:41 | INFO | my_functions.py:251 | 🖱️ Click OK: submit.PNG at (386, 770) delay=0.2s
2026-05-08 19:36:41 | INFO | my_functions.py:1668 | ⏱ Esperando 0.1 segundos antes de empezar...
2026-05-08 19:36:41 | INFO | my_functions.py:1675 | 🔍 Esperando ventana que contenga alguna de: ['SNAP'] (máx 20s)
2026-05-08 19:36:41 | INFO | my_functions.py:1687 | ✅ Ventana encontrada: 'SNAP'
2026-05-08 19:36:41 | INFO | my_functions.py:1702 | ✅ Ventana seleccionada: 'SNAP'
2026-05-08 19:36:44 | INFO | my_functions.py:1734 | ✔ Verificación completa. No hubo cambios después del primer ajuste.
2026-05-08 19:36:44 | INFO | my_functions.py:172 | Searching please_sign.png (timeout=0s)
2026-05-08 19:36:44 | INFO | my_functions.py:209 | 
⛔ Not found: please_sign.png after 0.0s region=(0, 0, 765, 1038) confidence=0.8
2026-05-08 19:36:44 | INFO | my_functions.py:172 | Searching sign_in_with_google2.PNG (timeout=90s)
2026-05-08 19:36:44 | INFO | my_functions.py:198 | 
✅ Found: sign_in_with_google2.PNG pos=(406, 957) time=0.19s confidence=0.8
2026-05-08 19:36:44 | INFO | my_functions.py:231 | [DEBUG] wait_for_image_and_click -> sign_in_with_google2.PNG timeout=20s delay_click=1s confidence=0.8
2026-05-08 19:36:44 | INFO | my_functions.py:172 | Searching sign_in_with_google2.PNG (timeout=20s)
2026-05-08 19:36:44 | INFO | my_functions.py:198 | 
✅ Found: sign_in_with_google2.PNG pos=(406, 957) time=0.18s confidence=0.8
2026-05-08 19:36:45 | INFO | my_functions.py:138 | Haciendo click en la posición (406, 957)
2026-05-08 19:36:46 | INFO | my_functions.py:251 | 🖱️ Click OK: sign_in_with_google2.PNG at (406, 957) delay=1s
2026-05-08 19:36:46 | INFO | my_functions.py:231 | [DEBUG] wait_for_image_and_click -> robert.png timeout=30s delay_click=3s confidence=0.8
2026-05-08 19:36:46 | INFO | my_functions.py:172 | Searching robert.png (timeout=30s)
2026-05-08 19:36:51 | INFO | my_functions.py:198 | 
✅ Found: robert.png pos=(1152, 794) time=5.72s confidence=0.8
2026-05-08 19:36:54 | INFO | my_functions.py:138 | Haciendo click en la posición (1152, 794)
2026-05-08 19:36:55 | INFO | my_functions.py:251 | 🖱️ Click OK: robert.png at (1152, 794) delay=3s
2026-05-08 19:36:57 | INFO | my_functions.py:231 | [DEBUG] wait_for_image_and_click -> python_icon.PNG timeout=5s delay_click=1s confidence=0.8
2026-05-08 19:36:57 | INFO | my_functions.py:172 | Searching python_icon.PNG (timeout=5s)
2026-05-08 19:36:57 | INFO | my_functions.py:198 | 
✅ Found: python_icon.PNG pos=(709, 1054) time=0.57s confidence=0.8
2026-05-08 19:36:58 | INFO | my_functions.py:138 | Haciendo click en la posición (709, 1054)
2026-05-08 19:36:58 | INFO | my_functions.py:251 | 🖱️ Click OK: python_icon.PNG at (709, 1054) delay=1s
2026-05-08 19:36:58 | INFO | my_functions.py:231 | [DEBUG] wait_for_image_and_click -> snap_icon_task_bar.PNG timeout=20s delay_click=1s confidence=0.8
2026-05-08 19:36:58 | INFO | my_functions.py:172 | Searching snap_icon_task_bar.PNG (timeout=20s)
2026-05-08 19:36:59 | INFO | my_functions.py:198 | 
✅ Found: snap_icon_task_bar.PNG pos=(524, 1052) time=0.34s confidence=0.8
2026-05-08 19:37:00 | INFO | my_functions.py:138 | Haciendo click en la posición (524, 1052)
2026-05-08 19:37:00 | INFO | my_functions.py:251 | 🖱️ Click OK: snap_icon_task_bar.PNG at (524, 1052) delay=1s
2026-05-08 19:37:00 | INFO | my_functions.py:172 | Searching play.PNG (timeout=30s)
2026-05-08 19:37:10 | INFO | my_functions.py:198 | 
✅ Found: play.PNG pos=(384, 824) time=9.99s confidence=0.8
2026-05-08 19:37:10 | INFO | my_functions.py:1265 | [DEBUG] Login completado correctamente.
2026-05-08 19:37:10 | INFO | each_eight_hours.py:160 | Login executed
2026-05-08 19:37:10 | INFO | my_functions.py:172 | Searching shop_unselected.PNG (timeout=0s)
2026-05-08 19:37:10 | INFO | my_functions.py:198 | 
✅ Found: shop_unselected.PNG pos=(89, 961) time=0.25s confidence=0.8
2026-05-08 19:37:18 | INFO | my_functions.py:172 | Searching shop_unselected.PNG (timeout=0s)
2026-05-08 19:37:18 | INFO | my_functions.py:209 | 
⛔ Not found: shop_unselected.PNG after 0.0s region=(0, 0, 765, 1038) confidence=0.8
2026-05-08 19:37:19 | INFO | my_functions.py:172 | Searching shop_unselected.PNG (timeout=0s)
2026-05-08 19:37:20 | INFO | my_functions.py:209 | 
⛔ Not found: shop_unselected.PNG after 0.0s region=(0, 0, 765, 1038) confidence=0.8
2026-05-08 19:37:20 | INFO | my_functions.py:231 | [DEBUG] wait_for_image_and_click -> super_premium.PNG timeout=0s delay_click=1s confidence=0.8
2026-05-08 19:37:20 | INFO | my_functions.py:172 | Searching super_premium.PNG (timeout=0s)
2026-05-08 19:37:20 | INFO | my_functions.py:198 | 
✅ Found: super_premium.PNG pos=(480, 777) time=0.2s confidence=0.8
2026-05-08 19:37:21 | INFO | my_functions.py:138 | Haciendo click en la posición (480, 777)
2026-05-08 19:37:21 | INFO | my_functions.py:251 | 🖱️ Click OK: super_premium.PNG at (480, 777) delay=1s
2026-05-08 19:37:21 | INFO | my_functions.py:146 | Presionando ESC (1/1)
2026-05-08 19:37:30 | INFO | my_functions.py:172 | Searching shop_unselected.PNG (timeout=0s)
2026-05-08 19:37:30 | INFO | my_functions.py:198 | 
✅ Found: shop_unselected.PNG pos=(88, 961) time=0.19s confidence=0.8
2026-05-08 19:37:30 | INFO | my_functions.py:720 | Ya esta listo
2026-05-08 19:37:30 | INFO | each_eight_hours.py:163 | Initial images processed
2026-05-08 19:37:30 | INFO | each_eight_hours.py:166 | Chrome terminated
2026-05-08 19:37:30 | INFO | my_functions.py:231 | [DEBUG] wait_for_image_and_click -> missions_unnotified2.png timeout=20s delay_click=1s confidence=0.8
2026-05-08 19:37:30 | INFO | my_functions.py:172 | Searching missions_unnotified2.png (timeout=20s)
2026-05-08 19:37:30 | INFO | my_functions.py:198 | 
✅ Found: missions_unnotified2.png pos=(516, 127) time=0.18s confidence=0.8
2026-05-08 19:37:31 | INFO | my_functions.py:138 | Haciendo click en la posición (516, 127)
2026-05-08 19:37:32 | INFO | my_functions.py:251 | 🖱️ Click OK: missions_unnotified2.png at (516, 127) delay=1s
2026-05-08 19:37:32 | INFO | my_functions.py:231 | [DEBUG] wait_for_image_and_click -> calendar_missions_daily.png timeout=3s delay_click=1s confidence=0.8
2026-05-08 19:37:32 | INFO | my_functions.py:172 | Searching calendar_missions_daily.png (timeout=3s)
2026-05-08 19:37:33 | INFO | my_functions.py:198 | 
✅ Found: calendar_missions_daily.png pos=(189, 131) time=1.22s confidence=0.8
2026-05-08 19:37:34 | INFO | my_functions.py:138 | Haciendo click en la posición (189, 131)
2026-05-08 19:37:34 | INFO | my_functions.py:251 | 🖱️ Click OK: calendar_missions_daily.png at (189, 131) delay=1s
2026-05-08 19:37:34 | INFO | each_eight_hours.py:180 | Mission screens opened
2026-05-08 19:37:34 | INFO | my_functions.py:295 | JSON file located at C:\Users\Farm\AppData\LocalLow\Second Dinner\SNAP\Standalone\States\nvprod\MissionState.json
2026-05-08 19:37:37 | INFO | my_functions.py:434 | AVAILABLE: 4
2026-05-08 19:37:37 | INFO | my_functions.py:444 | [INFO] Waiting for Notepad++ process...
2026-05-08 19:37:37 | INFO | my_functions.py:458 | [INFO] Notepad++ detected PID=5312
2026-05-08 19:37:40 | INFO | my_functions.py:466 | [SUCCESS] Notepad++ closed successfully
2026-05-08 19:37:41 | INFO | my_functions.py:1593 | [INFO] Iniciando click_missions_blue2
2026-05-08 19:37:41 | INFO | my_functions.py:138 | Haciendo click en la posición (150, 132)
2026-05-08 19:37:42 | INFO | my_functions.py:1596 | [ACTION] Click hecho en icono de calendario que me dirige a las misiones ordinarias
2026-05-08 19:37:42 | INFO | my_functions.py:172 | Searching bonus_challenge.png (timeout=0s)
2026-05-08 19:37:43 | INFO | my_functions.py:209 | 
⛔ Not found: bonus_challenge.png after 0.0s region=(0, 0, 765, 1038) confidence=0.8
2026-05-08 19:37:45 | INFO | my_functions.py:172 | Searching flechita_mission.PNG (timeout=0s)
2026-05-08 19:37:45 | INFO | my_functions.py:209 | 
⛔ Not found: flechita_mission.PNG after 0.0s region=(0, 0, 765, 1038) confidence=0.8
2026-05-08 19:37:45 | INFO | my_functions.py:231 | [DEBUG] wait_for_image_and_click -> weekly3.PNG timeout=0s delay_click=0.1s confidence=0.8
2026-05-08 19:37:45 | INFO | my_functions.py:172 | Searching weekly3.PNG (timeout=0s)
2026-05-08 19:37:45 | INFO | my_functions.py:209 | 
⛔ Not found: weekly3.PNG after 0.0s region=(0, 0, 765, 1038) confidence=0.8
2026-05-08 19:37:45 | INFO | my_functions.py:258 | [DEBUG] Click skipped, image not found: weekly3.PNG
2026-05-08 19:37:45 | INFO | my_functions.py:231 | [DEBUG] wait_for_image_and_click -> weekly3.PNG timeout=0s delay_click=0.1s confidence=0.8
2026-05-08 19:37:45 | INFO | my_functions.py:172 | Searching weekly3.PNG (timeout=0s)
2026-05-08 19:37:45 | INFO | my_functions.py:209 | 
⛔ Not found: weekly3.PNG after 0.0s region=(0, 0, 765, 1038) confidence=0.8
2026-05-08 19:37:45 | INFO | my_functions.py:258 | [DEBUG] Click skipped, image not found: weekly3.PNG
2026-05-08 19:37:45 | INFO | my_functions.py:231 | [DEBUG] wait_for_image_and_click -> weekly3.PNG timeout=0s delay_click=0.1s confidence=0.8
2026-05-08 19:37:45 | INFO | my_functions.py:172 | Searching weekly3.PNG (timeout=0s)
2026-05-08 19:37:45 | INFO | my_functions.py:209 | 
⛔ Not found: weekly3.PNG after 0.0s region=(0, 0, 765, 1038) confidence=0.8
2026-05-08 19:37:45 | INFO | my_functions.py:258 | [DEBUG] Click skipped, image not found: weekly3.PNG
2026-05-08 19:37:45 | INFO | my_functions.py:231 | [DEBUG] wait_for_image_and_click -> weekly3.PNG timeout=0s delay_click=0.1s confidence=0.8
2026-05-08 19:37:45 | INFO | my_functions.py:172 | Searching weekly3.PNG (timeout=0s)
2026-05-08 19:37:46 | INFO | my_functions.py:209 | 
⛔ Not found: weekly3.PNG after 0.0s region=(0, 0, 765, 1038) confidence=0.8
2026-05-08 19:37:46 | INFO | my_functions.py:258 | [DEBUG] Click skipped, image not found: weekly3.PNG
2026-05-08 19:37:46 | INFO | my_functions.py:231 | [DEBUG] wait_for_image_and_click -> weekly3.PNG timeout=0s delay_click=0.1s confidence=0.8
2026-05-08 19:37:46 | INFO | my_functions.py:172 | Searching weekly3.PNG (timeout=0s)
2026-05-08 19:37:46 | INFO | my_functions.py:209 | 
⛔ Not found: weekly3.PNG after 0.0s region=(0, 0, 765, 1038) confidence=0.8
2026-05-08 19:37:46 | INFO | my_functions.py:258 | [DEBUG] Click skipped, image not found: weekly3.PNG
2026-05-08 19:37:46 | INFO | my_functions.py:231 | [DEBUG] wait_for_image_and_click -> weekly3.PNG timeout=0s delay_click=0.1s confidence=0.8
2026-05-08 19:37:46 | INFO | my_functions.py:172 | Searching weekly3.PNG (timeout=0s)
2026-05-08 19:37:46 | INFO | my_functions.py:209 | 
⛔ Not found: weekly3.PNG after 0.0s region=(0, 0, 765, 1038) confidence=0.8
2026-05-08 19:37:46 | INFO | my_functions.py:258 | [DEBUG] Click skipped, image not found: weekly3.PNG
2026-05-08 19:37:46 | INFO | my_functions.py:231 | [DEBUG] wait_for_image_and_click -> weekly3.PNG timeout=0s delay_click=0.1s confidence=0.8
2026-05-08 19:37:46 | INFO | my_functions.py:172 | Searching weekly3.PNG (timeout=0s)
2026-05-08 19:37:46 | INFO | my_functions.py:209 | 
⛔ Not found: weekly3.PNG after 0.0s region=(0, 0, 765, 1038) confidence=0.8
2026-05-08 19:37:46 | INFO | my_functions.py:258 | [DEBUG] Click skipped, image not found: weekly3.PNG
2026-05-08 19:37:46 | INFO | my_functions.py:231 | [DEBUG] wait_for_image_and_click -> weekly3.PNG timeout=0s delay_click=0.1s confidence=0.8
2026-05-08 19:37:46 | INFO | my_functions.py:172 | Searching weekly3.PNG (timeout=0s)
2026-05-08 19:37:46 | INFO | my_functions.py:209 | 
⛔ Not found: weekly3.PNG after 0.0s region=(0, 0, 765, 1038) confidence=0.8
2026-05-08 19:37:46 | INFO | my_functions.py:258 | [DEBUG] Click skipped, image not found: weekly3.PNG
2026-05-08 19:37:46 | INFO | my_functions.py:231 | [DEBUG] wait_for_image_and_click -> weekly3.PNG timeout=0s delay_click=0.1s confidence=0.8
2026-05-08 19:37:46 | INFO | my_functions.py:172 | Searching weekly3.PNG (timeout=0s)
2026-05-08 19:37:47 | INFO | my_functions.py:209 | 
⛔ Not found: weekly3.PNG after 0.0s region=(0, 0, 765, 1038) confidence=0.8
2026-05-08 19:37:47 | INFO | my_functions.py:258 | [DEBUG] Click skipped, image not found: weekly3.PNG
2026-05-08 19:37:47 | INFO | my_functions.py:231 | [DEBUG] wait_for_image_and_click -> weekly3.PNG timeout=0s delay_click=0.1s confidence=0.8
2026-05-08 19:37:47 | INFO | my_functions.py:172 | Searching weekly3.PNG (timeout=0s)
2026-05-08 19:37:47 | INFO | my_functions.py:209 | 
⛔ Not found: weekly3.PNG after 0.0s region=(0, 0, 765, 1038) confidence=0.8
2026-05-08 19:37:47 | INFO | my_functions.py:258 | [DEBUG] Click skipped, image not found: weekly3.PNG
2026-05-08 19:37:47 | INFO | my_functions.py:231 | [DEBUG] wait_for_image_and_click -> weekly3.PNG timeout=0s delay_click=0.1s confidence=0.8
2026-05-08 19:37:47 | INFO | my_functions.py:172 | Searching weekly3.PNG (timeout=0s)
2026-05-08 19:37:47 | INFO | my_functions.py:209 | 
⛔ Not found: weekly3.PNG after 0.0s region=(0, 0, 765, 1038) confidence=0.8
2026-05-08 19:37:47 | INFO | my_functions.py:258 | [DEBUG] Click skipped, image not found: weekly3.PNG
2026-05-08 19:37:47 | INFO | my_functions.py:295 | JSON file located at C:\Users\Farm\AppData\LocalLow\Second Dinner\SNAP\Standalone\States\nvprod\MissionState.json
2026-05-08 19:37:50 | INFO | my_functions.py:434 | AVAILABLE: 4
2026-05-08 19:37:50 | INFO | my_functions.py:444 | [INFO] Waiting for Notepad++ process...
2026-05-08 19:37:50 | INFO | my_functions.py:458 | [INFO] Notepad++ detected PID=6484
2026-05-08 19:37:53 | INFO | my_functions.py:466 | [SUCCESS] Notepad++ closed successfully
2026-05-08 19:37:54 | INFO | each_eight_hours.py:219 | Entering shop to claim credits
2026-05-08 19:37:54 | INFO | my_functions.py:138 | Haciendo click en la posición (557, 64)
2026-05-08 19:37:55 | INFO | my_functions.py:231 | [DEBUG] wait_for_image_and_click -> offers.PNG timeout=0s delay_click=1s confidence=0.8
2026-05-08 19:37:55 | INFO | my_functions.py:172 | Searching offers.PNG (timeout=0s)
2026-05-08 19:37:55 | INFO | my_functions.py:209 | 
⛔ Not found: offers.PNG after 0.0s region=(0, 0, 765, 1038) confidence=0.8
2026-05-08 19:37:55 | INFO | my_functions.py:258 | [DEBUG] Click skipped, image not found: offers.PNG
2026-05-08 19:37:55 | INFO | my_functions.py:231 | [DEBUG] wait_for_image_and_click -> offers_selected.PNG timeout=0s delay_click=1s confidence=0.8
2026-05-08 19:37:55 | INFO | my_functions.py:172 | Searching offers_selected.PNG (timeout=0s)
2026-05-08 19:37:56 | INFO | my_functions.py:209 | 
⛔ Not found: offers_selected.PNG after 0.0s region=(0, 0, 765, 1038) confidence=0.8
2026-05-08 19:37:56 | INFO | my_functions.py:258 | [DEBUG] Click skipped, image not found: offers_selected.PNG
2026-05-08 19:37:56 | INFO | my_functions.py:231 | [DEBUG] wait_for_image_and_click -> offers.PNG timeout=0s delay_click=1s confidence=0.8
2026-05-08 19:37:56 | INFO | my_functions.py:172 | Searching offers.PNG (timeout=0s)
2026-05-08 19:37:56 | INFO | my_functions.py:198 | 
✅ Found: offers.PNG pos=(197, 122) time=0.2s confidence=0.8
2026-05-08 19:37:57 | INFO | my_functions.py:138 | Haciendo click en la posición (197, 122)
2026-05-08 19:37:57 | INFO | my_functions.py:251 | 🖱️ Click OK: offers.PNG at (197, 122) delay=1s
2026-05-08 19:37:57 | INFO | each_eight_hours.py:229 | Offers screen opened
2026-05-08 19:37:57 | INFO | my_functions.py:231 | [DEBUG] wait_for_image_and_click -> credits_selected.png timeout=0s delay_click=1s confidence=0.8
2026-05-08 19:37:57 | INFO | my_functions.py:172 | Searching credits_selected.png (timeout=0s)
2026-05-08 19:37:57 | INFO | my_functions.py:198 | 
✅ Found: credits_selected.png pos=(443, 167) time=0.2s confidence=0.8
2026-05-08 19:37:58 | INFO | my_functions.py:138 | Haciendo click en la posición (443, 167)
2026-05-08 19:37:58 | INFO | my_functions.py:251 | 🖱️ Click OK: credits_selected.png at (443, 167) delay=1s
2026-05-08 19:38:00 | INFO | my_functions.py:231 | [DEBUG] wait_for_image_and_click -> claim_25_credits.png timeout=3s delay_click=1s confidence=0.8
2026-05-08 19:38:00 | INFO | my_functions.py:172 | Searching claim_25_credits.png (timeout=3s)
2026-05-08 19:38:00 | INFO | my_functions.py:198 | 
✅ Found: claim_25_credits.png pos=(236, 328) time=0.18s confidence=0.8
2026-05-08 19:38:01 | INFO | my_functions.py:138 | Haciendo click en la posición (236, 328)
2026-05-08 19:38:01 | INFO | my_functions.py:251 | 🖱️ Click OK: claim_25_credits.png at (236, 328) delay=1s
2026-05-08 19:38:01 | INFO | each_eight_hours.py:258 | Credits claimed
2026-05-08 19:38:01 | INFO | my_functions.py:146 | Presionando ESC (1/1)
2026-05-08 19:38:02 | INFO | my_functions.py:231 | [DEBUG] wait_for_image_and_click -> white_x.png timeout=2s delay_click=1s confidence=0.8
2026-05-08 19:38:02 | INFO | my_functions.py:172 | Searching white_x.png (timeout=2s)
2026-05-08 19:38:04 | INFO | my_functions.py:209 | 
⛔ Not found: white_x.png after 2.12s region=(0, 0, 765, 1038) confidence=0.8
2026-05-08 19:38:04 | INFO | my_functions.py:258 | [DEBUG] Click skipped, image not found: white_x.png
2026-05-08 19:38:04 | INFO | my_functions.py:1443 | [DEBUG] Starting logout process...
2026-05-08 19:38:04 | INFO | my_functions.py:1445 | [DEBUG] Clicking nut icon...
2026-05-08 19:38:04 | INFO | my_functions.py:231 | [DEBUG] wait_for_image_and_click -> nut.png timeout=20s delay_click=1s confidence=0.8
2026-05-08 19:38:04 | INFO | my_functions.py:172 | Searching nut.png (timeout=20s)
2026-05-08 19:38:04 | INFO | my_functions.py:198 | 
✅ Found: nut.png pos=(184, 78) time=0.17s confidence=0.8
2026-05-08 19:38:05 | INFO | my_functions.py:138 | Haciendo click en la posición (184, 78)
2026-05-08 19:38:06 | INFO | my_functions.py:251 | 🖱️ Click OK: nut.png at (184, 78) delay=1s
2026-05-08 19:38:06 | INFO | my_functions.py:1448 | [DEBUG] Waiting for graphics quality image...
2026-05-08 19:38:06 | INFO | my_functions.py:172 | Searching graphics_quality.png (timeout=3s)
2026-05-08 19:38:07 | INFO | my_functions.py:198 | 
✅ Found: graphics_quality.png pos=(304, 644) time=0.95s confidence=0.8
2026-05-08 19:38:07 | INFO | my_functions.py:1450 | [DEBUG] graphics_quality result: Point(x=304, y=644)
2026-05-08 19:38:07 | INFO | my_functions.py:1456 | [DEBUG] Clicking graphics quality...
2026-05-08 19:38:08 | INFO | my_functions.py:1461 | [DEBUG] Scrolling down...
2026-05-08 19:38:08 | INFO | my_functions.py:1464 | [DEBUG] Clicking sign_out...
2026-05-08 19:38:08 | INFO | my_functions.py:231 | [DEBUG] wait_for_image_and_click -> sign_out.png timeout=20s delay_click=1s confidence=0.8
2026-05-08 19:38:08 | INFO | my_functions.py:172 | Searching sign_out.png (timeout=20s)
2026-05-08 19:38:08 | INFO | my_functions.py:198 | 
✅ Found: sign_out.png pos=(380, 796) time=0.27s confidence=0.8
2026-05-08 19:38:09 | INFO | my_functions.py:138 | Haciendo click en la posición (380, 796)
2026-05-08 19:38:09 | INFO | my_functions.py:251 | 🖱️ Click OK: sign_out.png at (380, 796) delay=1s
2026-05-08 19:38:10 | INFO | my_functions.py:1469 | [DEBUG] Clicking big sign_out...
2026-05-08 19:38:10 | INFO | my_functions.py:231 | [DEBUG] wait_for_image_and_click -> sign_out_grande.png timeout=20s delay_click=1s confidence=0.8
2026-05-08 19:38:10 | INFO | my_functions.py:172 | Searching sign_out_grande.png (timeout=20s)
2026-05-08 19:38:11 | INFO | my_functions.py:198 | 
✅ Found: sign_out_grande.png pos=(359, 437) time=0.28s confidence=0.8
2026-05-08 19:38:12 | INFO | my_functions.py:138 | Haciendo click en la posición (359, 437)
2026-05-08 19:38:12 | INFO | my_functions.py:251 | 🖱️ Click OK: sign_out_grande.png at (359, 437) delay=1s
2026-05-08 19:38:12 | INFO | my_functions.py:1472 | [DEBUG] Clicking sign_out2...
2026-05-08 19:38:12 | INFO | my_functions.py:231 | [DEBUG] wait_for_image_and_click -> sign_out2.png timeout=20s delay_click=1s confidence=0.8
2026-05-08 19:38:12 | INFO | my_functions.py:172 | Searching sign_out2.png (timeout=20s)
2026-05-08 19:38:12 | INFO | my_functions.py:198 | 
✅ Found: sign_out2.png pos=(383, 634) time=0.19s confidence=0.8
2026-05-08 19:38:13 | INFO | my_functions.py:138 | Haciendo click en la posición (383, 634)
2026-05-08 19:38:13 | INFO | my_functions.py:251 | 🖱️ Click OK: sign_out2.png at (383, 634) delay=1s
2026-05-08 19:38:13 | INFO | my_functions.py:1475 | [DEBUG] Resizing SNAP window...
2026-05-08 19:38:13 | INFO | my_functions.py:1668 | ⏱ Esperando 0.1 segundos antes de empezar...
2026-05-08 19:38:13 | INFO | my_functions.py:1675 | 🔍 Esperando ventana que contenga alguna de: SNAP (máx 20s)
2026-05-08 19:38:13 | INFO | my_functions.py:1687 | ✅ Ventana encontrada: 'SNAP'
2026-05-08 19:38:13 | INFO | my_functions.py:1702 | ✅ Ventana seleccionada: 'SNAP'
2026-05-08 19:38:15 | INFO | my_functions.py:1725 | 🔁 Reajuste #1...
2026-05-08 19:38:18 | INFO | my_functions.py:1732 | ✔ Verificación completa. Se hicieron 1 reajustes.
2026-05-08 19:38:19 | INFO | my_functions.py:1484 | snap.exe closed
2026-05-08 19:38:22 | INFO | my_functions.py:1487 | [DEBUG] Logout completed successfully.
2026-05-08 19:38:22 | INFO | each_eight_hours.py:269 | Logged out due to insufficient submissions
2026-05-08 19:38:23 | INFO | each_eight_hours.py:273 | snap.exe closed
2026-05-08 19:38:26 | INFO | each_eight_hours.py:146 | Processing account: michael
2026-05-08 19:38:26 | INFO | each_eight_hours.py:149 | Game relaunched for account
2026-05-08 19:38:26 | INFO | my_functions.py:1668 | ⏱ Esperando 0.1 segundos antes de empezar...
2026-05-08 19:38:26 | INFO | my_functions.py:1675 | 🔍 Esperando ventana que contenga alguna de: ['SNAP'] (máx 20s)
2026-05-08 19:38:28 | INFO | my_functions.py:1687 | ✅ Ventana encontrada: 'SNAP'
2026-05-08 19:38:28 | INFO | my_functions.py:1702 | ✅ Ventana seleccionada: 'SNAP'
2026-05-08 19:38:30 | INFO | my_functions.py:1734 | ✔ Verificación completa. No hubo cambios después del primer ajuste.
2026-05-08 19:38:30 | INFO | each_eight_hours.py:156 | Game window resized
2026-05-08 19:38:30 | INFO | my_functions.py:1207 | [DEBUG] Resizing SNAP window...
2026-05-08 19:38:30 | INFO | my_functions.py:1668 | ⏱ Esperando 0.1 segundos antes de empezar...
2026-05-08 19:38:31 | INFO | my_functions.py:1675 | 🔍 Esperando ventana que contenga alguna de: ['SNAP'] (máx 20s)
2026-05-08 19:38:31 | INFO | my_functions.py:1687 | ✅ Ventana encontrada: 'SNAP'
2026-05-08 19:38:31 | INFO | my_functions.py:1702 | ✅ Ventana seleccionada: 'SNAP'
2026-05-08 19:38:34 | INFO | my_functions.py:1734 | ✔ Verificación completa. No hubo cambios después del primer ajuste.
2026-05-08 19:38:34 | INFO | my_functions.py:231 | [DEBUG] wait_for_image_and_click -> submit.PNG timeout=90s delay_click=0.2s confidence=0.8
2026-05-08 19:38:34 | INFO | my_functions.py:172 | Searching submit.PNG (timeout=90s)
2026-05-08 19:38:36 | INFO | my_functions.py:198 | 
✅ Found: submit.PNG pos=(385, 779) time=2.68s confidence=0.8
2026-05-08 19:38:36 | INFO | my_functions.py:138 | Haciendo click en la posición (385, 779)
2026-05-08 19:38:37 | INFO | my_functions.py:251 | 🖱️ Click OK: submit.PNG at (385, 779) delay=0.2s
2026-05-08 19:38:37 | INFO | my_functions.py:1668 | ⏱ Esperando 0.1 segundos antes de empezar...
2026-05-08 19:38:37 | INFO | my_functions.py:1675 | 🔍 Esperando ventana que contenga alguna de: ['SNAP'] (máx 20s)
2026-05-08 19:38:37 | INFO | my_functions.py:1687 | ✅ Ventana encontrada: 'SNAP'
2026-05-08 19:38:37 | INFO | my_functions.py:1702 | ✅ Ventana seleccionada: 'SNAP'
2026-05-08 19:38:39 | INFO | my_functions.py:1725 | 🔁 Reajuste #1...
2026-05-08 19:38:40 | INFO | my_functions.py:1732 | ✔ Verificación completa. Se hicieron 1 reajustes.
2026-05-08 19:38:40 | INFO | my_functions.py:172 | Searching please_sign.png (timeout=0s)
2026-05-08 19:38:40 | INFO | my_functions.py:198 | 
✅ Found: please_sign.png pos=(383, 438) time=0.22s confidence=0.8
2026-05-08 19:38:40 | INFO | my_functions.py:231 | [DEBUG] wait_for_image_and_click -> ok_btn.png timeout=20s delay_click=1s confidence=0.8
2026-05-08 19:38:40 | INFO | my_functions.py:172 | Searching ok_btn.png (timeout=20s)
2026-05-08 19:38:40 | INFO | my_functions.py:198 | 
✅ Found: ok_btn.png pos=(382, 634) time=0.18s confidence=0.8
2026-05-08 19:38:41 | INFO | my_functions.py:138 | Haciendo click en la posición (382, 634)
2026-05-08 19:38:41 | INFO | my_functions.py:251 | 🖱️ Click OK: ok_btn.png at (382, 634) delay=1s
2026-05-08 19:38:41 | INFO | my_functions.py:231 | [DEBUG] wait_for_image_and_click -> submit.PNG timeout=90s delay_click=0.2s confidence=0.8
2026-05-08 19:38:41 | INFO | my_functions.py:172 | Searching submit.PNG (timeout=90s)
2026-05-08 19:38:42 | INFO | my_functions.py:198 | 
✅ Found: submit.PNG pos=(386, 773) time=0.9s confidence=0.8
2026-05-08 19:38:43 | INFO | my_functions.py:138 | Haciendo click en la posición (386, 773)
2026-05-08 19:38:43 | INFO | my_functions.py:251 | 🖱️ Click OK: submit.PNG at (386, 773) delay=0.2s
2026-05-08 19:38:43 | INFO | my_functions.py:172 | Searching sign_in_with_google2.PNG (timeout=90s)
2026-05-08 19:38:44 | INFO | my_functions.py:198 | 
✅ Found: sign_in_with_google2.PNG pos=(406, 958) time=0.77s confidence=0.8
2026-05-08 19:38:44 | INFO | my_functions.py:231 | [DEBUG] wait_for_image_and_click -> sign_in_with_google2.PNG timeout=20s delay_click=1s confidence=0.8
2026-05-08 19:38:44 | INFO | my_functions.py:172 | Searching sign_in_with_google2.PNG (timeout=20s)
2026-05-08 19:38:44 | INFO | my_functions.py:198 | 
✅ Found: sign_in_with_google2.PNG pos=(406, 957) time=0.34s confidence=0.8
2026-05-08 19:38:45 | INFO | my_functions.py:138 | Haciendo click en la posición (406, 957)
2026-05-08 19:38:45 | INFO | my_functions.py:251 | 🖱️ Click OK: sign_in_with_google2.PNG at (406, 957) delay=1s
2026-05-08 19:38:45 | INFO | my_functions.py:231 | [DEBUG] wait_for_image_and_click -> michael.png timeout=30s delay_click=3s confidence=0.8
2026-05-08 19:38:45 | INFO | my_functions.py:172 | Searching michael.png (timeout=30s)
2026-05-08 19:38:51 | INFO | my_functions.py:198 | 
✅ Found: michael.png pos=(1156, 878) time=5.78s confidence=0.8
2026-05-08 19:38:54 | INFO | my_functions.py:138 | Haciendo click en la posición (1156, 878)
2026-05-08 19:38:54 | INFO | my_functions.py:251 | 🖱️ Click OK: michael.png at (1156, 878) delay=3s
2026-05-08 19:38:56 | INFO | my_functions.py:231 | [DEBUG] wait_for_image_and_click -> python_icon.PNG timeout=5s delay_click=1s confidence=0.8
2026-05-08 19:38:56 | INFO | my_functions.py:172 | Searching python_icon.PNG (timeout=5s)
2026-05-08 19:38:57 | INFO | my_functions.py:198 | 
✅ Found: python_icon.PNG pos=(709, 1054) time=0.39s confidence=0.8
2026-05-08 19:38:58 | INFO | my_functions.py:138 | Haciendo click en la posición (709, 1054)
2026-05-08 19:38:58 | INFO | my_functions.py:251 | 🖱️ Click OK: python_icon.PNG at (709, 1054) delay=1s
2026-05-08 19:38:58 | INFO | my_functions.py:231 | [DEBUG] wait_for_image_and_click -> snap_icon_task_bar.PNG timeout=20s delay_click=1s confidence=0.8
2026-05-08 19:38:58 | INFO | my_functions.py:172 | Searching snap_icon_task_bar.PNG (timeout=20s)
2026-05-08 19:38:58 | INFO | my_functions.py:198 | 
✅ Found: snap_icon_task_bar.PNG pos=(524, 1052) time=0.56s confidence=0.8
2026-05-08 19:38:59 | INFO | my_functions.py:138 | Haciendo click en la posición (524, 1052)
2026-05-08 19:39:00 | INFO | my_functions.py:251 | 🖱️ Click OK: snap_icon_task_bar.PNG at (524, 1052) delay=1s
2026-05-08 19:39:00 | INFO | my_functions.py:172 | Searching play.PNG (timeout=30s)
2026-05-08 19:39:08 | INFO | my_functions.py:198 | 
✅ Found: play.PNG pos=(384, 824) time=8.73s confidence=0.8
2026-05-08 19:39:08 | INFO | my_functions.py:1265 | [DEBUG] Login completado correctamente.
2026-05-08 19:39:08 | INFO | each_eight_hours.py:160 | Login executed
2026-05-08 19:39:08 | INFO | my_functions.py:172 | Searching shop_unselected.PNG (timeout=0s)
2026-05-08 19:39:09 | INFO | my_functions.py:198 | 
✅ Found: shop_unselected.PNG pos=(88, 961) time=0.23s confidence=0.8
2026-05-08 19:39:17 | INFO | my_functions.py:172 | Searching shop_unselected.PNG (timeout=0s)
2026-05-08 19:39:17 | INFO | my_functions.py:209 | 
⛔ Not found: shop_unselected.PNG after 0.0s region=(0, 0, 765, 1038) confidence=0.8
2026-05-08 19:39:18 | INFO | my_functions.py:172 | Searching shop_unselected.PNG (timeout=0s)
2026-05-08 19:39:18 | INFO | my_functions.py:209 | 
⛔ Not found: shop_unselected.PNG after 0.0s region=(0, 0, 765, 1038) confidence=0.8
2026-05-08 19:39:18 | INFO | my_functions.py:231 | [DEBUG] wait_for_image_and_click -> super_premium.PNG timeout=0s delay_click=1s confidence=0.8
2026-05-08 19:39:18 | INFO | my_functions.py:172 | Searching super_premium.PNG (timeout=0s)
2026-05-08 19:39:18 | INFO | my_functions.py:198 | 
✅ Found: super_premium.PNG pos=(480, 777) time=0.24s confidence=0.8
2026-05-08 19:39:19 | INFO | my_functions.py:138 | Haciendo click en la posición (480, 777)
2026-05-08 19:39:19 | INFO | my_functions.py:251 | 🖱️ Click OK: super_premium.PNG at (480, 777) delay=1s
2026-05-08 19:39:19 | INFO | my_functions.py:146 | Presionando ESC (1/1)
2026-05-08 19:39:28 | INFO | my_functions.py:172 | Searching shop_unselected.PNG (timeout=0s)
2026-05-08 19:39:28 | INFO | my_functions.py:198 | 
✅ Found: shop_unselected.PNG pos=(88, 961) time=0.18s confidence=0.8
2026-05-08 19:39:28 | INFO | my_functions.py:720 | Ya esta listo
2026-05-08 19:39:28 | INFO | each_eight_hours.py:163 | Initial images processed
2026-05-08 19:39:28 | INFO | each_eight_hours.py:166 | Chrome terminated
2026-05-08 19:39:28 | INFO | my_functions.py:231 | [DEBUG] wait_for_image_and_click -> missions_unnotified2.png timeout=20s delay_click=1s confidence=0.8
2026-05-08 19:39:28 | INFO | my_functions.py:172 | Searching missions_unnotified2.png (timeout=20s)
2026-05-08 19:39:29 | INFO | my_functions.py:198 | 
✅ Found: missions_unnotified2.png pos=(516, 127) time=0.19s confidence=0.8
2026-05-08 19:39:30 | INFO | my_functions.py:138 | Haciendo click en la posición (516, 127)
2026-05-08 19:39:30 | INFO | my_functions.py:251 | 🖱️ Click OK: missions_unnotified2.png at (516, 127) delay=1s
2026-05-08 19:39:30 | INFO | my_functions.py:231 | [DEBUG] wait_for_image_and_click -> calendar_missions_daily.png timeout=3s delay_click=1s confidence=0.8
2026-05-08 19:39:30 | INFO | my_functions.py:172 | Searching calendar_missions_daily.png (timeout=3s)
2026-05-08 19:39:31 | INFO | my_functions.py:198 | 
✅ Found: calendar_missions_daily.png pos=(189, 131) time=1.3s confidence=0.8
2026-05-08 19:39:32 | INFO | my_functions.py:138 | Haciendo click en la posición (189, 131)
2026-05-08 19:39:32 | INFO | my_functions.py:251 | 🖱️ Click OK: calendar_missions_daily.png at (189, 131) delay=1s
2026-05-08 19:39:32 | INFO | each_eight_hours.py:180 | Mission screens opened
2026-05-08 19:39:32 | INFO | my_functions.py:295 | JSON file located at C:\Users\Farm\AppData\LocalLow\Second Dinner\SNAP\Standalone\States\nvprod\MissionState.json
2026-05-08 19:39:35 | INFO | my_functions.py:434 | AVAILABLE: 6
2026-05-08 19:39:35 | INFO | my_functions.py:444 | [INFO] Waiting for Notepad++ process...
2026-05-08 19:39:35 | INFO | my_functions.py:458 | [INFO] Notepad++ detected PID=9888
2026-05-08 19:39:38 | INFO | my_functions.py:466 | [SUCCESS] Notepad++ closed successfully
2026-05-08 19:39:39 | INFO | my_functions.py:1593 | [INFO] Iniciando click_missions_blue2
2026-05-08 19:39:39 | INFO | my_functions.py:138 | Haciendo click en la posición (150, 132)
2026-05-08 19:39:41 | INFO | my_functions.py:1596 | [ACTION] Click hecho en icono de calendario que me dirige a las misiones ordinarias
2026-05-08 19:39:41 | INFO | my_functions.py:172 | Searching bonus_challenge.png (timeout=0s)
2026-05-08 19:39:41 | INFO | my_functions.py:209 | 
⛔ Not found: bonus_challenge.png after 0.0s region=(0, 0, 765, 1038) confidence=0.8
2026-05-08 19:39:43 | INFO | my_functions.py:172 | Searching flechita_mission.PNG (timeout=0s)
2026-05-08 19:39:43 | INFO | my_functions.py:209 | 
⛔ Not found: flechita_mission.PNG after 0.0s region=(0, 0, 765, 1038) confidence=0.8
2026-05-08 19:39:43 | INFO | my_functions.py:231 | [DEBUG] wait_for_image_and_click -> weekly3.PNG timeout=0s delay_click=0.1s confidence=0.8
2026-05-08 19:39:43 | INFO | my_functions.py:172 | Searching weekly3.PNG (timeout=0s)
2026-05-08 19:39:43 | INFO | my_functions.py:209 | 
⛔ Not found: weekly3.PNG after 0.0s region=(0, 0, 765, 1038) confidence=0.8
2026-05-08 19:39:43 | INFO | my_functions.py:258 | [DEBUG] Click skipped, image not found: weekly3.PNG
2026-05-08 19:39:43 | INFO | my_functions.py:231 | [DEBUG] wait_for_image_and_click -> weekly3.PNG timeout=0s delay_click=0.1s confidence=0.8
2026-05-08 19:39:43 | INFO | my_functions.py:172 | Searching weekly3.PNG (timeout=0s)
2026-05-08 19:39:43 | INFO | my_functions.py:209 | 
⛔ Not found: weekly3.PNG after 0.01s region=(0, 0, 765, 1038) confidence=0.8
2026-05-08 19:39:43 | INFO | my_functions.py:258 | [DEBUG] Click skipped, image not found: weekly3.PNG
2026-05-08 19:39:43 | INFO | my_functions.py:231 | [DEBUG] wait_for_image_and_click -> weekly3.PNG timeout=0s delay_click=0.1s confidence=0.8
2026-05-08 19:39:43 | INFO | my_functions.py:172 | Searching weekly3.PNG (timeout=0s)
2026-05-08 19:39:43 | INFO | my_functions.py:209 | 
⛔ Not found: weekly3.PNG after 0.0s region=(0, 0, 765, 1038) confidence=0.8
2026-05-08 19:39:43 | INFO | my_functions.py:258 | [DEBUG] Click skipped, image not found: weekly3.PNG
2026-05-08 19:39:43 | INFO | my_functions.py:231 | [DEBUG] wait_for_image_and_click -> weekly3.PNG timeout=0s delay_click=0.1s confidence=0.8
2026-05-08 19:39:43 | INFO | my_functions.py:172 | Searching weekly3.PNG (timeout=0s)
2026-05-08 19:39:44 | INFO | my_functions.py:209 | 
⛔ Not found: weekly3.PNG after 0.0s region=(0, 0, 765, 1038) confidence=0.8
2026-05-08 19:39:44 | INFO | my_functions.py:258 | [DEBUG] Click skipped, image not found: weekly3.PNG
2026-05-08 19:39:44 | INFO | my_functions.py:231 | [DEBUG] wait_for_image_and_click -> weekly3.PNG timeout=0s delay_click=0.1s confidence=0.8
2026-05-08 19:39:44 | INFO | my_functions.py:172 | Searching weekly3.PNG (timeout=0s)
2026-05-08 19:39:44 | INFO | my_functions.py:209 | 
⛔ Not found: weekly3.PNG after 0.0s region=(0, 0, 765, 1038) confidence=0.8
2026-05-08 19:39:44 | INFO | my_functions.py:258 | [DEBUG] Click skipped, image not found: weekly3.PNG
2026-05-08 19:39:44 | INFO | my_functions.py:231 | [DEBUG] wait_for_image_and_click -> weekly3.PNG timeout=0s delay_click=0.1s confidence=0.8
2026-05-08 19:39:44 | INFO | my_functions.py:172 | Searching weekly3.PNG (timeout=0s)
2026-05-08 19:39:44 | INFO | my_functions.py:209 | 
⛔ Not found: weekly3.PNG after 0.0s region=(0, 0, 765, 1038) confidence=0.8
2026-05-08 19:39:44 | INFO | my_functions.py:258 | [DEBUG] Click skipped, image not found: weekly3.PNG
2026-05-08 19:39:44 | INFO | my_functions.py:231 | [DEBUG] wait_for_image_and_click -> weekly3.PNG timeout=0s delay_click=0.1s confidence=0.8
2026-05-08 19:39:44 | INFO | my_functions.py:172 | Searching weekly3.PNG (timeout=0s)
2026-05-08 19:39:44 | INFO | my_functions.py:209 | 
⛔ Not found: weekly3.PNG after 0.0s region=(0, 0, 765, 1038) confidence=0.8
2026-05-08 19:39:44 | INFO | my_functions.py:258 | [DEBUG] Click skipped, image not found: weekly3.PNG
2026-05-08 19:39:44 | INFO | my_functions.py:231 | [DEBUG] wait_for_image_and_click -> weekly3.PNG timeout=0s delay_click=0.1s confidence=0.8
2026-05-08 19:39:44 | INFO | my_functions.py:172 | Searching weekly3.PNG (timeout=0s)
2026-05-08 19:39:44 | INFO | my_functions.py:209 | 
⛔ Not found: weekly3.PNG after 0.0s region=(0, 0, 765, 1038) confidence=0.8
2026-05-08 19:39:44 | INFO | my_functions.py:258 | [DEBUG] Click skipped, image not found: weekly3.PNG
2026-05-08 19:39:44 | INFO | my_functions.py:231 | [DEBUG] wait_for_image_and_click -> weekly3.PNG timeout=0s delay_click=0.1s confidence=0.8
2026-05-08 19:39:44 | INFO | my_functions.py:172 | Searching weekly3.PNG (timeout=0s)
2026-05-08 19:39:45 | INFO | my_functions.py:209 | 
⛔ Not found: weekly3.PNG after 0.0s region=(0, 0, 765, 1038) confidence=0.8
2026-05-08 19:39:45 | INFO | my_functions.py:258 | [DEBUG] Click skipped, image not found: weekly3.PNG
2026-05-08 19:39:45 | INFO | my_functions.py:231 | [DEBUG] wait_for_image_and_click -> weekly3.PNG timeout=0s delay_click=0.1s confidence=0.8
2026-05-08 19:39:45 | INFO | my_functions.py:172 | Searching weekly3.PNG (timeout=0s)
2026-05-08 19:39:45 | INFO | my_functions.py:209 | 
⛔ Not found: weekly3.PNG after 0.0s region=(0, 0, 765, 1038) confidence=0.8
2026-05-08 19:39:45 | INFO | my_functions.py:258 | [DEBUG] Click skipped, image not found: weekly3.PNG
2026-05-08 19:39:45 | INFO | my_functions.py:231 | [DEBUG] wait_for_image_and_click -> weekly3.PNG timeout=0s delay_click=0.1s confidence=0.8
2026-05-08 19:39:45 | INFO | my_functions.py:172 | Searching weekly3.PNG (timeout=0s)
2026-05-08 19:39:45 | INFO | my_functions.py:209 | 
⛔ Not found: weekly3.PNG after 0.0s region=(0, 0, 765, 1038) confidence=0.8
2026-05-08 19:39:45 | INFO | my_functions.py:258 | [DEBUG] Click skipped, image not found: weekly3.PNG
2026-05-08 19:39:45 | INFO | my_functions.py:295 | JSON file located at C:\Users\Farm\AppData\LocalLow\Second Dinner\SNAP\Standalone\States\nvprod\MissionState.json
2026-05-08 19:39:48 | INFO | my_functions.py:434 | AVAILABLE: 6
2026-05-08 19:39:48 | INFO | my_functions.py:444 | [INFO] Waiting for Notepad++ process...
2026-05-08 19:39:48 | INFO | my_functions.py:458 | [INFO] Notepad++ detected PID=9048
2026-05-08 19:39:51 | INFO | my_functions.py:466 | [SUCCESS] Notepad++ closed successfully
2026-05-08 19:39:52 | INFO | my_functions.py:146 | Presionando ESC (1/1)
2026-05-08 19:39:53 | INFO | my_functions.py:231 | [DEBUG] wait_for_image_and_click -> white_x.png timeout=2s delay_click=1s confidence=0.8
2026-05-08 19:39:53 | INFO | my_functions.py:172 | Searching white_x.png (timeout=2s)
2026-05-08 19:39:55 | INFO | my_functions.py:209 | 
⛔ Not found: white_x.png after 2.05s region=(0, 0, 765, 1038) confidence=0.8
2026-05-08 19:39:55 | INFO | my_functions.py:258 | [DEBUG] Click skipped, image not found: white_x.png
2026-05-08 19:39:55 | INFO | my_functions.py:172 | Searching play.PNG (timeout=0s)
2026-05-08 19:39:55 | INFO | my_functions.py:198 | 
✅ Found: play.PNG pos=(384, 824) time=0.2s confidence=0.8
2026-05-08 19:39:55 | INFO | my_functions.py:1563 | [INFO] Click realizado donde se equipa el deck a jugar
2026-05-08 19:39:59 | INFO | my_functions.py:231 | [DEBUG] wait_for_image_and_click -> deck_666666.png timeout=3s delay_click=1s confidence=0.8
2026-05-08 19:39:59 | INFO | my_functions.py:172 | Searching deck_666666.png (timeout=3s)
2026-05-08 19:39:59 | INFO | my_functions.py:198 | 
✅ Found: deck_666666.png pos=(234, 702) time=0.2s confidence=0.8
2026-05-08 19:40:00 | INFO | my_functions.py:138 | Haciendo click en la posición (234, 702)
2026-05-08 19:40:01 | INFO | my_functions.py:251 | 🖱️ Click OK: deck_666666.png at (234, 702) delay=1s
2026-05-08 19:40:01 | INFO | my_functions.py:231 | [DEBUG] wait_for_image_and_click -> equip.png timeout=3s delay_click=1s confidence=0.95
2026-05-08 19:40:01 | INFO | my_functions.py:172 | Searching equip.png (timeout=3s)
2026-05-08 19:40:01 | INFO | my_functions.py:198 | 
✅ Found: equip.png pos=(548, 983) time=0.19s confidence=0.95
2026-05-08 19:40:02 | INFO | my_functions.py:138 | Haciendo click en la posición (548, 983)
2026-05-08 19:40:02 | INFO | my_functions.py:251 | 🖱️ Click OK: equip.png at (548, 983) delay=1s
2026-05-08 19:40:02 | INFO | each_eight_hours.py:217 | Deck selected: 6turns
2026-05-08 19:40:02 | INFO | my_functions.py:231 | [DEBUG] wait_for_image_and_click -> maybe_later.PNG timeout=2s delay_click=1s confidence=0.8
2026-05-08 19:40:02 | INFO | my_functions.py:172 | Searching maybe_later.PNG (timeout=2s)
2026-05-08 19:40:04 | INFO | my_functions.py:209 | 
⛔ Not found: maybe_later.PNG after 2.15s region=(0, 0, 765, 1038) confidence=0.8
2026-05-08 19:40:04 | INFO | my_functions.py:258 | [DEBUG] Click skipped, image not found: maybe_later.PNG
2026-05-08 19:40:04 | INFO | my_functions.py:231 | [DEBUG] wait_for_image_and_click -> maybe_later2.PNG timeout=2s delay_click=1s confidence=0.8
2026-05-08 19:40:04 | INFO | my_functions.py:172 | Searching maybe_later2.PNG (timeout=2s)
2026-05-08 19:40:07 | INFO | my_functions.py:209 | 
⛔ Not found: maybe_later2.PNG after 2.14s region=(0, 0, 765, 1038) confidence=0.8
2026-05-08 19:40:07 | INFO | my_functions.py:258 | [DEBUG] Click skipped, image not found: maybe_later2.PNG
2026-05-08 19:40:07 | INFO | each_eight_hours.py:287 | Starting game loop 1
2026-05-08 19:40:07 | INFO | my_functions.py:231 | [DEBUG] wait_for_image_and_click -> play.PNG timeout=20s delay_click=3s confidence=0.8
2026-05-08 19:40:07 | INFO | my_functions.py:172 | Searching play.PNG (timeout=20s)
2026-05-08 19:40:07 | INFO | my_functions.py:198 | 
✅ Found: play.PNG pos=(384, 824) time=0.22s confidence=0.8
2026-05-08 19:40:10 | INFO | my_functions.py:138 | Haciendo click en la posición (384, 824)
2026-05-08 19:40:10 | INFO | my_functions.py:251 | 🖱️ Click OK: play.PNG at (384, 824) delay=3s
2026-05-08 19:40:10 | INFO | each_eight_hours.py:293 | Play button clicked
2026-05-08 19:40:32 | INFO | my_functions.py:198 | 
✅ Found: end_turn.PNG pos=(681, 945) time=0.17s confidence=0.8
2026-05-08 19:40:32 | INFO | my_functions.py:231 | [DEBUG] wait_for_image_and_click -> snap.PNG timeout=0s delay_click=1s confidence=0.8
2026-05-08 19:40:32 | INFO | my_functions.py:198 | 
✅ Found: snap.PNG pos=(386, 122) time=0.18s confidence=0.8
2026-05-08 19:40:33 | INFO | my_functions.py:138 | Haciendo click en la posición (386, 122)
2026-05-08 19:40:34 | INFO | my_functions.py:251 | 🖱️ Click OK: snap.PNG at (386, 122) delay=1s
2026-05-08 19:40:39 | INFO | my_functions.py:138 | Haciendo click en la posición (681, 945)
2026-05-08 19:40:40 | INFO | each_eight_hours.py:314 | End turn executed
2026-05-08 19:40:57 | INFO | my_functions.py:198 | 
✅ Found: end_turn.PNG pos=(681, 945) time=0.19s confidence=0.8
2026-05-08 19:40:57 | INFO | my_functions.py:231 | [DEBUG] wait_for_image_and_click -> snap.PNG timeout=0s delay_click=1s confidence=0.8
2026-05-08 19:40:57 | INFO | my_functions.py:258 | [DEBUG] Click skipped, image not found: snap.PNG
2026-05-08 19:41:02 | INFO | my_functions.py:138 | Haciendo click en la posición (681, 945)
2026-05-08 19:41:03 | INFO | each_eight_hours.py:314 | End turn executed
2026-05-08 19:41:12 | INFO | my_functions.py:198 | 
✅ Found: end_turn.PNG pos=(681, 945) time=0.26s confidence=0.8
2026-05-08 19:41:12 | INFO | my_functions.py:231 | [DEBUG] wait_for_image_and_click -> snap.PNG timeout=0s delay_click=1s confidence=0.8
2026-05-08 19:41:12 | INFO | my_functions.py:258 | [DEBUG] Click skipped, image not found: snap.PNG
2026-05-08 19:41:17 | INFO | my_functions.py:138 | Haciendo click en la posición (681, 945)
2026-05-08 19:41:19 | INFO | each_eight_hours.py:314 | End turn executed
2026-05-08 19:41:36 | INFO | my_functions.py:198 | 
✅ Found: end_turn.PNG pos=(681, 945) time=0.19s confidence=0.8
2026-05-08 19:41:36 | INFO | my_functions.py:231 | [DEBUG] wait_for_image_and_click -> snap.PNG timeout=0s delay_click=1s confidence=0.8
2026-05-08 19:41:36 | INFO | my_functions.py:258 | [DEBUG] Click skipped, image not found: snap.PNG
2026-05-08 19:41:41 | INFO | my_functions.py:138 | Haciendo click en la posición (681, 945)
2026-05-08 19:41:42 | INFO | each_eight_hours.py:314 | End turn executed
2026-05-08 19:41:52 | INFO | my_functions.py:198 | 
✅ Found: never_seen_before.png pos=(394, 141) time=0.21s confidence=0.8
2026-05-08 19:41:52 | WARNING | each_eight_hours.py:327 | Unknown popup handled
2026-05-08 19:42:03 | INFO | my_functions.py:198 | 
✅ Found: end_turn.PNG pos=(681, 945) time=0.23s confidence=0.8
2026-05-08 19:42:03 | INFO | my_functions.py:231 | [DEBUG] wait_for_image_and_click -> snap.PNG timeout=0s delay_click=1s confidence=0.8
2026-05-08 19:42:04 | INFO | my_functions.py:258 | [DEBUG] Click skipped, image not found: snap.PNG
2026-05-08 19:42:09 | INFO | my_functions.py:138 | Haciendo click en la posición (681, 945)
2026-05-08 19:42:10 | INFO | each_eight_hours.py:314 | End turn executed
2026-05-08 19:42:19 | INFO | my_functions.py:198 | 
✅ Found: end_turn.PNG pos=(681, 945) time=0.2s confidence=0.8
2026-05-08 19:42:19 | INFO | my_functions.py:231 | [DEBUG] wait_for_image_and_click -> snap.PNG timeout=0s delay_click=1s confidence=0.8
2026-05-08 19:42:20 | INFO | my_functions.py:258 | [DEBUG] Click skipped, image not found: snap.PNG
2026-05-08 19:42:25 | INFO | my_functions.py:138 | Haciendo click en la posición (681, 945)
2026-05-08 19:42:26 | INFO | each_eight_hours.py:314 | End turn executed
2026-05-08 19:42:52 | INFO | my_functions.py:198 | 
✅ Found: collect_rewards.PNG pos=(680, 977) time=0.25s confidence=0.8
2026-05-08 19:42:52 | INFO | each_eight_hours.py:353 | Rewards detected, exiting match
2026-05-08 19:42:52 | INFO | my_functions.py:231 | [DEBUG] wait_for_image_and_click -> collect_rewards.PNG timeout=20s delay_click=1s confidence=0.8
2026-05-08 19:42:52 | INFO | my_functions.py:172 | Searching collect_rewards.PNG (timeout=20s)
2026-05-08 19:42:52 | INFO | my_functions.py:198 | 
✅ Found: collect_rewards.PNG pos=(679, 959) time=0.26s confidence=0.8
2026-05-08 19:42:53 | INFO | my_functions.py:138 | Haciendo click en la posición (679, 959)
2026-05-08 19:42:53 | INFO | my_functions.py:251 | 🖱️ Click OK: collect_rewards.PNG at (679, 959) delay=1s
2026-05-08 19:42:53 | INFO | my_functions.py:231 | [DEBUG] wait_for_image_and_click -> next.PNG timeout=20s delay_click=1s confidence=0.8
2026-05-08 19:42:53 | INFO | my_functions.py:172 | Searching next.PNG (timeout=20s)
2026-05-08 19:42:57 | INFO | my_functions.py:198 | 
✅ Found: next.PNG pos=(677, 973) time=3.06s confidence=0.8
2026-05-08 19:42:58 | INFO | my_functions.py:138 | Haciendo click en la posición (677, 973)
2026-05-08 19:42:58 | INFO | my_functions.py:251 | 🖱️ Click OK: next.PNG at (677, 973) delay=1s
2026-05-08 19:43:02 | INFO | my_functions.py:434 | AVAILABLE: 6
2026-05-08 19:43:02 | INFO | my_functions.py:444 | [INFO] Waiting for Notepad++ process...
2026-05-08 19:43:02 | INFO | my_functions.py:458 | [INFO] Notepad++ detected PID=7732
2026-05-08 19:43:05 | INFO | my_functions.py:466 | [SUCCESS] Notepad++ closed successfully
2026-05-08 19:43:06 | INFO | each_eight_hours.py:421 | Submissions after match: 6
2026-05-08 19:43:06 | INFO | my_functions.py:378 | Misiones completadas: 0
2026-05-08 19:43:06 | INFO | each_eight_hours.py:287 | Starting game loop 2
2026-05-08 19:43:06 | INFO | my_functions.py:231 | [DEBUG] wait_for_image_and_click -> play.PNG timeout=20s delay_click=3s confidence=0.8
2026-05-08 19:43:06 | INFO | my_functions.py:172 | Searching play.PNG (timeout=20s)
2026-05-08 19:43:06 | INFO | my_functions.py:198 | 
✅ Found: play.PNG pos=(384, 824) time=0.24s confidence=0.8
2026-05-08 19:43:09 | INFO | my_functions.py:138 | Haciendo click en la posición (384, 824)
2026-05-08 19:43:10 | INFO | my_functions.py:251 | 🖱️ Click OK: play.PNG at (384, 824) delay=3s
2026-05-08 19:43:10 | INFO | each_eight_hours.py:293 | Play button clicked
2026-05-08 19:43:23 | INFO | my_functions.py:198 | 
✅ Found: end_turn.PNG pos=(681, 945) time=0.21s confidence=0.8
2026-05-08 19:43:23 | INFO | my_functions.py:231 | [DEBUG] wait_for_image_and_click -> snap.PNG timeout=0s delay_click=1s confidence=0.8
2026-05-08 19:43:23 | INFO | my_functions.py:198 | 
✅ Found: snap.PNG pos=(386, 122) time=0.2s confidence=0.8
2026-05-08 19:43:24 | INFO | my_functions.py:138 | Haciendo click en la posición (386, 122)
2026-05-08 19:43:25 | INFO | my_functions.py:251 | 🖱️ Click OK: snap.PNG at (386, 122) delay=1s
2026-05-08 19:43:30 | INFO | my_functions.py:138 | Haciendo click en la posición (681, 945)
2026-05-08 19:43:31 | INFO | each_eight_hours.py:314 | End turn executed
2026-05-08 19:43:38 | INFO | my_functions.py:198 | 
✅ Found: end_turn.PNG pos=(681, 945) time=0.21s confidence=0.8
2026-05-08 19:43:38 | INFO | my_functions.py:231 | [DEBUG] wait_for_image_and_click -> snap.PNG timeout=0s delay_click=1s confidence=0.8
2026-05-08 19:43:38 | INFO | my_functions.py:258 | [DEBUG] Click skipped, image not found: snap.PNG
2026-05-08 19:43:44 | INFO | my_functions.py:138 | Haciendo click en la posición (681, 945)
2026-05-08 19:43:45 | INFO | each_eight_hours.py:314 | End turn executed
2026-05-08 19:43:59 | INFO | my_functions.py:198 | 
✅ Found: end_turn.PNG pos=(681, 945) time=0.22s confidence=0.8
2026-05-08 19:43:59 | INFO | my_functions.py:231 | [DEBUG] wait_for_image_and_click -> snap.PNG timeout=0s delay_click=1s confidence=0.8
2026-05-08 19:43:59 | INFO | my_functions.py:258 | [DEBUG] Click skipped, image not found: snap.PNG
2026-05-08 19:44:04 | INFO | my_functions.py:138 | Haciendo click en la posición (681, 945)
2026-05-08 19:44:05 | INFO | each_eight_hours.py:314 | End turn executed
2026-05-08 19:44:18 | INFO | my_functions.py:198 | 
✅ Found: end_turn.PNG pos=(681, 945) time=0.2s confidence=0.8
2026-05-08 19:44:18 | INFO | my_functions.py:231 | [DEBUG] wait_for_image_and_click -> snap.PNG timeout=0s delay_click=1s confidence=0.8
2026-05-08 19:44:18 | INFO | my_functions.py:258 | [DEBUG] Click skipped, image not found: snap.PNG
2026-05-08 19:44:23 | INFO | my_functions.py:138 | Haciendo click en la posición (681, 945)
2026-05-08 19:44:25 | INFO | each_eight_hours.py:314 | End turn executed
2026-05-08 19:44:37 | INFO | my_functions.py:198 | 
✅ Found: end_turn.PNG pos=(681, 945) time=0.21s confidence=0.8
2026-05-08 19:44:37 | INFO | my_functions.py:231 | [DEBUG] wait_for_image_and_click -> snap.PNG timeout=0s delay_click=1s confidence=0.8
2026-05-08 19:44:37 | INFO | my_functions.py:258 | [DEBUG] Click skipped, image not found: snap.PNG
2026-05-08 19:44:42 | INFO | my_functions.py:138 | Haciendo click en la posición (681, 945)
2026-05-08 19:44:43 | INFO | each_eight_hours.py:314 | End turn executed
2026-05-08 19:45:06 | INFO | my_functions.py:198 | 
✅ Found: end_turn.PNG pos=(681, 945) time=0.19s confidence=0.8
2026-05-08 19:45:06 | INFO | my_functions.py:231 | [DEBUG] wait_for_image_and_click -> snap.PNG timeout=0s delay_click=1s confidence=0.8
2026-05-08 19:45:06 | INFO | my_functions.py:258 | [DEBUG] Click skipped, image not found: snap.PNG
2026-05-08 19:45:11 | INFO | my_functions.py:138 | Haciendo click en la posición (681, 945)
2026-05-08 19:45:12 | INFO | each_eight_hours.py:314 | End turn executed
2026-05-08 19:45:29 | INFO | my_functions.py:198 | 
✅ Found: never_seen_before.png pos=(384, 141) time=0.2s confidence=0.8
2026-05-08 19:45:30 | WARNING | each_eight_hours.py:327 | Unknown popup handled
2026-05-08 19:45:44 | INFO | my_functions.py:198 | 
✅ Found: collect_rewards.PNG pos=(679, 965) time=0.23s confidence=0.8
2026-05-08 19:45:44 | INFO | each_eight_hours.py:353 | Rewards detected, exiting match
2026-05-08 19:45:44 | INFO | my_functions.py:231 | [DEBUG] wait_for_image_and_click -> collect_rewards.PNG timeout=20s delay_click=1s confidence=0.8
2026-05-08 19:45:44 | INFO | my_functions.py:172 | Searching collect_rewards.PNG (timeout=20s)
2026-05-08 19:45:44 | INFO | my_functions.py:198 | 
✅ Found: collect_rewards.PNG pos=(679, 958) time=0.24s confidence=0.8
2026-05-08 19:45:45 | INFO | my_functions.py:138 | Haciendo click en la posición (679, 958)
2026-05-08 19:45:45 | INFO | my_functions.py:251 | 🖱️ Click OK: collect_rewards.PNG at (679, 958) delay=1s
2026-05-08 19:45:45 | INFO | my_functions.py:231 | [DEBUG] wait_for_image_and_click -> next.PNG timeout=20s delay_click=1s confidence=0.8
2026-05-08 19:45:45 | INFO | my_functions.py:172 | Searching next.PNG (timeout=20s)
2026-05-08 19:45:50 | INFO | my_functions.py:198 | 
✅ Found: next.PNG pos=(677, 973) time=5.33s confidence=0.8
2026-05-08 19:45:51 | INFO | my_functions.py:138 | Haciendo click en la posición (677, 973)
2026-05-08 19:45:52 | INFO | my_functions.py:251 | 🖱️ Click OK: next.PNG at (677, 973) delay=1s
2026-05-08 19:45:56 | INFO | my_functions.py:434 | AVAILABLE: 6
2026-05-08 19:45:56 | INFO | my_functions.py:444 | [INFO] Waiting for Notepad++ process...
2026-05-08 19:45:56 | INFO | my_functions.py:458 | [INFO] Notepad++ detected PID=8048
2026-05-08 19:45:59 | INFO | my_functions.py:466 | [SUCCESS] Notepad++ closed successfully
2026-05-08 19:46:00 | INFO | each_eight_hours.py:421 | Submissions after match: 6
2026-05-08 19:46:00 | INFO | my_functions.py:378 | Misiones completadas: 2
2026-05-08 19:46:00 | INFO | each_eight_hours.py:425 | Submission condition met, breaking loop
2026-05-08 19:46:00 | INFO | my_functions.py:231 | [DEBUG] wait_for_image_and_click -> missionsNotify2.png timeout=20s delay_click=3s confidence=0.8
2026-05-08 19:46:00 | INFO | my_functions.py:172 | Searching missionsNotify2.png (timeout=20s)
2026-05-08 19:46:00 | INFO | my_functions.py:198 | 
✅ Found: missionsNotify2.png pos=(538, 124) time=0.22s confidence=0.8
2026-05-08 19:46:03 | INFO | my_functions.py:138 | Haciendo click en la posición (538, 124)
2026-05-08 19:46:03 | INFO | my_functions.py:251 | 🖱️ Click OK: missionsNotify2.png at (538, 124) delay=3s
2026-05-08 19:46:03 | INFO | my_functions.py:1593 | [INFO] Iniciando click_missions_blue2
2026-05-08 19:46:03 | INFO | my_functions.py:138 | Haciendo click en la posición (150, 132)
2026-05-08 19:46:05 | INFO | my_functions.py:1596 | [ACTION] Click hecho en icono de calendario que me dirige a las misiones ordinarias
2026-05-08 19:46:05 | INFO | my_functions.py:172 | Searching bonus_challenge.png (timeout=0s)
2026-05-08 19:46:05 | INFO | my_functions.py:209 | 
⛔ Not found: bonus_challenge.png after 0.0s region=(0, 0, 765, 1038) confidence=0.8
2026-05-08 19:46:07 | INFO | my_functions.py:138 | Haciendo click en la posición (362, 493)
2026-05-08 19:46:08 | INFO | my_functions.py:1609 | [ACTION] Click 1/2 en misión azul
2026-05-08 19:46:08 | INFO | my_functions.py:138 | Haciendo click en la posición (362, 493)
2026-05-08 19:46:10 | INFO | my_functions.py:1609 | [ACTION] Click 2/2 en misión azul
2026-05-08 19:46:10 | INFO | my_functions.py:172 | Searching flechita_mission.PNG (timeout=0s)
2026-05-08 19:46:10 | INFO | my_functions.py:209 | 
⛔ Not found: flechita_mission.PNG after 0.0s region=(0, 0, 765, 1038) confidence=0.8
2026-05-08 19:46:10 | INFO | my_functions.py:231 | [DEBUG] wait_for_image_and_click -> weekly3.PNG timeout=0s delay_click=0.1s confidence=0.8
2026-05-08 19:46:10 | INFO | my_functions.py:172 | Searching weekly3.PNG (timeout=0s)
2026-05-08 19:46:11 | INFO | my_functions.py:209 | 
⛔ Not found: weekly3.PNG after 0.0s region=(0, 0, 765, 1038) confidence=0.8
2026-05-08 19:46:11 | INFO | my_functions.py:258 | [DEBUG] Click skipped, image not found: weekly3.PNG
2026-05-08 19:46:11 | INFO | my_functions.py:231 | [DEBUG] wait_for_image_and_click -> weekly3.PNG timeout=0s delay_click=0.1s confidence=0.8
2026-05-08 19:46:11 | INFO | my_functions.py:172 | Searching weekly3.PNG (timeout=0s)
2026-05-08 19:46:11 | INFO | my_functions.py:209 | 
⛔ Not found: weekly3.PNG after 0.0s region=(0, 0, 765, 1038) confidence=0.8
2026-05-08 19:46:11 | INFO | my_functions.py:258 | [DEBUG] Click skipped, image not found: weekly3.PNG
2026-05-08 19:46:11 | INFO | my_functions.py:231 | [DEBUG] wait_for_image_and_click -> weekly3.PNG timeout=0s delay_click=0.1s confidence=0.8
2026-05-08 19:46:11 | INFO | my_functions.py:172 | Searching weekly3.PNG (timeout=0s)
2026-05-08 19:46:11 | INFO | my_functions.py:209 | 
⛔ Not found: weekly3.PNG after 0.0s region=(0, 0, 765, 1038) confidence=0.8
2026-05-08 19:46:11 | INFO | my_functions.py:258 | [DEBUG] Click skipped, image not found: weekly3.PNG
2026-05-08 19:46:11 | INFO | my_functions.py:231 | [DEBUG] wait_for_image_and_click -> weekly3.PNG timeout=0s delay_click=0.1s confidence=0.8
2026-05-08 19:46:11 | INFO | my_functions.py:172 | Searching weekly3.PNG (timeout=0s)
2026-05-08 19:46:11 | INFO | my_functions.py:209 | 
⛔ Not found: weekly3.PNG after 0.0s region=(0, 0, 765, 1038) confidence=0.8
2026-05-08 19:46:11 | INFO | my_functions.py:258 | [DEBUG] Click skipped, image not found: weekly3.PNG
2026-05-08 19:46:11 | INFO | my_functions.py:231 | [DEBUG] wait_for_image_and_click -> weekly3.PNG timeout=0s delay_click=0.1s confidence=0.8
2026-05-08 19:46:11 | INFO | my_functions.py:172 | Searching weekly3.PNG (timeout=0s)
2026-05-08 19:46:11 | INFO | my_functions.py:209 | 
⛔ Not found: weekly3.PNG after 0.0s region=(0, 0, 765, 1038) confidence=0.8
2026-05-08 19:46:11 | INFO | my_functions.py:258 | [DEBUG] Click skipped, image not found: weekly3.PNG
2026-05-08 19:46:11 | INFO | my_functions.py:231 | [DEBUG] wait_for_image_and_click -> weekly3.PNG timeout=0s delay_click=0.1s confidence=0.8
2026-05-08 19:46:11 | INFO | my_functions.py:172 | Searching weekly3.PNG (timeout=0s)
2026-05-08 19:46:12 | INFO | my_functions.py:209 | 
⛔ Not found: weekly3.PNG after 0.0s region=(0, 0, 765, 1038) confidence=0.8
2026-05-08 19:46:12 | INFO | my_functions.py:258 | [DEBUG] Click skipped, image not found: weekly3.PNG
2026-05-08 19:46:12 | INFO | my_functions.py:231 | [DEBUG] wait_for_image_and_click -> weekly3.PNG timeout=0s delay_click=0.1s confidence=0.8
2026-05-08 19:46:12 | INFO | my_functions.py:172 | Searching weekly3.PNG (timeout=0s)
2026-05-08 19:46:12 | INFO | my_functions.py:209 | 
⛔ Not found: weekly3.PNG after 0.0s region=(0, 0, 765, 1038) confidence=0.8
2026-05-08 19:46:12 | INFO | my_functions.py:258 | [DEBUG] Click skipped, image not found: weekly3.PNG
2026-05-08 19:46:12 | INFO | my_functions.py:231 | [DEBUG] wait_for_image_and_click -> weekly3.PNG timeout=0s delay_click=0.1s confidence=0.8
2026-05-08 19:46:12 | INFO | my_functions.py:172 | Searching weekly3.PNG (timeout=0s)
2026-05-08 19:46:12 | INFO | my_functions.py:209 | 
⛔ Not found: weekly3.PNG after 0.0s region=(0, 0, 765, 1038) confidence=0.8
2026-05-08 19:46:12 | INFO | my_functions.py:258 | [DEBUG] Click skipped, image not found: weekly3.PNG
2026-05-08 19:46:12 | INFO | my_functions.py:231 | [DEBUG] wait_for_image_and_click -> weekly3.PNG timeout=0s delay_click=0.1s confidence=0.8
2026-05-08 19:46:12 | INFO | my_functions.py:172 | Searching weekly3.PNG (timeout=0s)
2026-05-08 19:46:12 | INFO | my_functions.py:209 | 
⛔ Not found: weekly3.PNG after 0.0s region=(0, 0, 765, 1038) confidence=0.8
2026-05-08 19:46:12 | INFO | my_functions.py:258 | [DEBUG] Click skipped, image not found: weekly3.PNG
2026-05-08 19:46:12 | INFO | my_functions.py:231 | [DEBUG] wait_for_image_and_click -> weekly3.PNG timeout=0s delay_click=0.1s confidence=0.8
2026-05-08 19:46:12 | INFO | my_functions.py:172 | Searching weekly3.PNG (timeout=0s)
2026-05-08 19:46:13 | INFO | my_functions.py:209 | 
⛔ Not found: weekly3.PNG after 0.0s region=(0, 0, 765, 1038) confidence=0.8
2026-05-08 19:46:13 | INFO | my_functions.py:258 | [DEBUG] Click skipped, image not found: weekly3.PNG
2026-05-08 19:46:13 | INFO | my_functions.py:138 | Haciendo click en la posición (557, 64)
2026-05-08 19:46:14 | INFO | my_functions.py:231 | [DEBUG] wait_for_image_and_click -> cards_shop.PNG timeout=20s delay_click=1s confidence=0.8
2026-05-08 19:46:14 | INFO | my_functions.py:172 | Searching cards_shop.PNG (timeout=20s)
2026-05-08 19:46:14 | INFO | my_functions.py:198 | 
✅ Found: cards_shop.PNG pos=(568, 121) time=0.66s confidence=0.8
2026-05-08 19:46:15 | INFO | my_functions.py:138 | Haciendo click en la posición (568, 121)
2026-05-08 19:46:16 | INFO | my_functions.py:251 | 🖱️ Click OK: cards_shop.PNG at (568, 121) delay=1s
2026-05-08 19:46:16 | INFO | my_functions.py:231 | [DEBUG] wait_for_image_and_click -> token_icon.PNG timeout=20s delay_click=1s confidence=0.8
2026-05-08 19:46:16 | INFO | my_functions.py:172 | Searching token_icon.PNG (timeout=20s)
2026-05-08 19:46:18 | INFO | my_functions.py:198 | 
✅ Found: token_icon.PNG pos=(531, 171) time=1.9s confidence=0.8
2026-05-08 19:46:19 | INFO | my_functions.py:138 | Haciendo click en la posición (531, 171)
2026-05-08 19:46:19 | INFO | my_functions.py:251 | 🖱️ Click OK: token_icon.PNG at (531, 171) delay=1s
2026-05-08 19:46:21 | INFO | my_functions.py:231 | [DEBUG] wait_for_image_and_click -> claim!_token_3.PNG timeout=4s delay_click=1s confidence=0.8
2026-05-08 19:46:21 | INFO | my_functions.py:172 | Searching claim!_token_3.PNG (timeout=4s)
2026-05-08 19:46:21 | INFO | my_functions.py:198 | 
✅ Found: claim!_token_3.PNG pos=(231, 573) time=0.26s confidence=0.8
2026-05-08 19:46:22 | INFO | my_functions.py:138 | Haciendo click en la posición (231, 573)
2026-05-08 19:46:22 | INFO | my_functions.py:251 | 🖱️ Click OK: claim!_token_3.PNG at (231, 573) delay=1s
2026-05-08 19:46:22 | INFO | my_functions.py:231 | [DEBUG] wait_for_image_and_click -> offers.PNG timeout=0.1s delay_click=1s confidence=0.8
2026-05-08 19:46:22 | INFO | my_functions.py:172 | Searching offers.PNG (timeout=0.1s)
2026-05-08 19:46:22 | INFO | my_functions.py:198 | 
✅ Found: offers.PNG pos=(197, 121) time=0.25s confidence=0.8
2026-05-08 19:46:23 | INFO | my_functions.py:138 | Haciendo click en la posición (197, 121)
2026-05-08 19:46:24 | INFO | my_functions.py:251 | 🖱️ Click OK: offers.PNG at (197, 121) delay=1s
2026-05-08 19:46:24 | INFO | my_functions.py:231 | [DEBUG] wait_for_image_and_click -> credits_selected.png timeout=0.1s delay_click=1s confidence=0.8
2026-05-08 19:46:24 | INFO | my_functions.py:172 | Searching credits_selected.png (timeout=0.1s)
2026-05-08 19:46:24 | INFO | my_functions.py:198 | 
✅ Found: credits_selected.png pos=(173, 62) time=0.22s confidence=0.8
2026-05-08 19:46:25 | INFO | my_functions.py:138 | Haciendo click en la posición (173, 62)
2026-05-08 19:46:25 | INFO | my_functions.py:251 | 🖱️ Click OK: credits_selected.png at (173, 62) delay=1s
2026-05-08 19:46:27 | INFO | my_functions.py:231 | [DEBUG] wait_for_image_and_click -> claim_25_credits.png timeout=2s delay_click=1s confidence=0.8
2026-05-08 19:46:27 | INFO | my_functions.py:172 | Searching claim_25_credits.png (timeout=2s)
2026-05-08 19:46:27 | INFO | my_functions.py:198 | 
✅ Found: claim_25_credits.png pos=(236, 328) time=0.22s confidence=0.8
2026-05-08 19:46:28 | INFO | my_functions.py:138 | Haciendo click en la posición (236, 328)
2026-05-08 19:46:28 | INFO | my_functions.py:251 | 🖱️ Click OK: claim_25_credits.png at (236, 328) delay=1s
2026-05-08 19:46:28 | INFO | my_functions.py:231 | [DEBUG] wait_for_image_and_click -> cards_shop.PNG timeout=20s delay_click=1s confidence=0.8
2026-05-08 19:46:28 | INFO | my_functions.py:172 | Searching cards_shop.PNG (timeout=20s)
2026-05-08 19:46:28 | INFO | my_functions.py:198 | 
✅ Found: cards_shop.PNG pos=(568, 121) time=0.22s confidence=0.8
2026-05-08 19:46:29 | INFO | my_functions.py:138 | Haciendo click en la posición (568, 121)
2026-05-08 19:46:29 | INFO | my_functions.py:251 | 🖱️ Click OK: cards_shop.PNG at (568, 121) delay=1s
2026-05-08 19:46:29 | INFO | my_functions.py:231 | [DEBUG] wait_for_image_and_click -> offers.PNG timeout=20s delay_click=1s confidence=0.8
2026-05-08 19:46:29 | INFO | my_functions.py:172 | Searching offers.PNG (timeout=20s)
2026-05-08 19:46:30 | INFO | my_functions.py:198 | 
✅ Found: offers.PNG pos=(197, 122) time=0.18s confidence=0.8
2026-05-08 19:46:31 | INFO | my_functions.py:138 | Haciendo click en la posición (197, 122)
2026-05-08 19:46:31 | INFO | my_functions.py:251 | 🖱️ Click OK: offers.PNG at (197, 122) delay=1s
2026-05-08 19:46:31 | INFO | my_functions.py:1491 | [INFO] Iniciando mejora de cartas
2026-05-08 19:46:31 | INFO | my_functions.py:231 | [DEBUG] wait_for_image_and_click -> upgrade_cards_icon.PNG timeout=20s delay_click=1s confidence=0.8
2026-05-08 19:46:31 | INFO | my_functions.py:172 | Searching upgrade_cards_icon.PNG (timeout=20s)
2026-05-08 19:46:31 | INFO | my_functions.py:198 | 
✅ Found: upgrade_cards_icon.PNG pos=(322, 170) time=0.24s confidence=0.8
2026-05-08 19:46:32 | INFO | my_functions.py:138 | Haciendo click en la posición (322, 170)
2026-05-08 19:46:32 | INFO | my_functions.py:251 | 🖱️ Click OK: upgrade_cards_icon.PNG at (322, 170) delay=1s
2026-05-08 19:46:32 | INFO | my_functions.py:1495 | [INFO] Abriendo icono de upgrade_cards
2026-05-08 19:46:33 | INFO | my_functions.py:1501 | [STEP] Mejorando carta 1
2026-05-08 19:46:33 | INFO | my_functions.py:1505 | [ACTION] Click en carta 1
2026-05-08 19:46:35 | INFO | my_functions.py:1510 | [ACTION] Click en botón upgrade
2026-05-08 19:46:42 | INFO | my_functions.py:231 | [DEBUG] wait_for_image_and_click -> you_need_more_credits!.png timeout=3s delay_click=1s confidence=0.8
2026-05-08 19:46:42 | INFO | my_functions.py:172 | Searching you_need_more_credits!.png (timeout=3s)
2026-05-08 19:46:45 | INFO | my_functions.py:209 | 
⛔ Not found: you_need_more_credits!.png after 3.19s region=(0, 0, 765, 1038) confidence=0.8
2026-05-08 19:46:45 | INFO | my_functions.py:258 | [DEBUG] Click skipped, image not found: you_need_more_credits!.png
2026-05-08 19:46:50 | INFO | my_functions.py:1525 | [ACTION] Click para continuar a stage de nivel de coleccion
2026-05-08 19:46:55 | INFO | my_functions.py:146 | Presionando ESC (1/1)
2026-05-08 19:46:56 | INFO | my_functions.py:1530 | [ACTION] Saliendo de stage nivel de coleccion con ESC
2026-05-08 19:46:57 | INFO | my_functions.py:231 | [DEBUG] wait_for_image_and_click -> upgrade_cards_icon_selected.PNG timeout=0s delay_click=1s confidence=0.8
2026-05-08 19:46:57 | INFO | my_functions.py:172 | Searching upgrade_cards_icon_selected.PNG (timeout=0s)
2026-05-08 19:46:57 | INFO | my_functions.py:198 | 
✅ Found: upgrade_cards_icon_selected.PNG pos=(320, 173) time=0.22s confidence=0.8
2026-05-08 19:46:58 | INFO | my_functions.py:138 | Haciendo click en la posición (320, 173)
2026-05-08 19:46:58 | INFO | my_functions.py:251 | 🖱️ Click OK: upgrade_cards_icon_selected.PNG at (320, 173) delay=1s
2026-05-08 19:46:58 | INFO | my_functions.py:1550 | [INFO] Reabriendo icono de upgrade_cards
2026-05-08 19:46:59 | INFO | my_functions.py:1501 | [STEP] Mejorando carta 2
2026-05-08 19:46:59 | INFO | my_functions.py:1505 | [ACTION] Click en carta 2
2026-05-08 19:47:00 | INFO | my_functions.py:1510 | [ACTION] Click en botón upgrade
2026-05-08 19:47:08 | INFO | my_functions.py:231 | [DEBUG] wait_for_image_and_click -> you_need_more_credits!.png timeout=3s delay_click=1s confidence=0.8
2026-05-08 19:47:08 | INFO | my_functions.py:172 | Searching you_need_more_credits!.png (timeout=3s)
2026-05-08 19:47:11 | INFO | my_functions.py:209 | 
⛔ Not found: you_need_more_credits!.png after 3.13s region=(0, 0, 765, 1038) confidence=0.8
2026-05-08 19:47:11 | INFO | my_functions.py:258 | [DEBUG] Click skipped, image not found: you_need_more_credits!.png
2026-05-08 19:47:16 | INFO | my_functions.py:1525 | [ACTION] Click para continuar a stage de nivel de coleccion
2026-05-08 19:47:21 | INFO | my_functions.py:146 | Presionando ESC (1/1)
2026-05-08 19:47:22 | INFO | my_functions.py:1530 | [ACTION] Saliendo de stage nivel de coleccion con ESC
2026-05-08 19:47:23 | INFO | my_functions.py:231 | [DEBUG] wait_for_image_and_click -> upgrade_cards_icon_selected.PNG timeout=0s delay_click=1s confidence=0.8
2026-05-08 19:47:23 | INFO | my_functions.py:172 | Searching upgrade_cards_icon_selected.PNG (timeout=0s)
2026-05-08 19:47:23 | INFO | my_functions.py:198 | 
✅ Found: upgrade_cards_icon_selected.PNG pos=(320, 173) time=0.23s confidence=0.8
2026-05-08 19:47:24 | INFO | my_functions.py:138 | Haciendo click en la posición (320, 173)
2026-05-08 19:47:24 | INFO | my_functions.py:251 | 🖱️ Click OK: upgrade_cards_icon_selected.PNG at (320, 173) delay=1s
2026-05-08 19:47:24 | INFO | my_functions.py:1550 | [INFO] Reabriendo icono de upgrade_cards
2026-05-08 19:47:25 | INFO | my_functions.py:1501 | [STEP] Mejorando carta 3
2026-05-08 19:47:25 | INFO | my_functions.py:1505 | [ACTION] Click en carta 3
2026-05-08 19:47:26 | INFO | my_functions.py:1510 | [ACTION] Click en botón upgrade
2026-05-08 19:47:33 | INFO | my_functions.py:231 | [DEBUG] wait_for_image_and_click -> you_need_more_credits!.png timeout=3s delay_click=1s confidence=0.8
2026-05-08 19:47:33 | INFO | my_functions.py:172 | Searching you_need_more_credits!.png (timeout=3s)
2026-05-08 19:47:37 | INFO | my_functions.py:209 | 
⛔ Not found: you_need_more_credits!.png after 3.12s region=(0, 0, 765, 1038) confidence=0.8
2026-05-08 19:47:37 | INFO | my_functions.py:258 | [DEBUG] Click skipped, image not found: you_need_more_credits!.png
2026-05-08 19:47:42 | INFO | my_functions.py:1525 | [ACTION] Click para continuar a stage de nivel de coleccion
2026-05-08 19:47:47 | INFO | my_functions.py:146 | Presionando ESC (1/1)
2026-05-08 19:47:47 | INFO | my_functions.py:1530 | [ACTION] Saliendo de stage nivel de coleccion con ESC
2026-05-08 19:47:48 | INFO | my_functions.py:1553 | [INFO] Mejora de cartas completada ✅
2026-05-08 19:47:48 | INFO | my_functions.py:146 | Presionando ESC (1/1)
2026-05-08 19:47:49 | INFO | each_eight_hours.py:437 | Finished all games
2026-05-08 19:47:49 | INFO | my_functions.py:1443 | [DEBUG] Starting logout process...
2026-05-08 19:47:49 | INFO | my_functions.py:1445 | [DEBUG] Clicking nut icon...
2026-05-08 19:47:49 | INFO | my_functions.py:231 | [DEBUG] wait_for_image_and_click -> nut.png timeout=20s delay_click=1s confidence=0.8
2026-05-08 19:47:49 | INFO | my_functions.py:172 | Searching nut.png (timeout=20s)
2026-05-08 19:47:49 | INFO | my_functions.py:198 | 
✅ Found: nut.png pos=(184, 78) time=0.23s confidence=0.8
2026-05-08 19:47:50 | INFO | my_functions.py:138 | Haciendo click en la posición (184, 78)
2026-05-08 19:47:51 | INFO | my_functions.py:251 | 🖱️ Click OK: nut.png at (184, 78) delay=1s
2026-05-08 19:47:51 | INFO | my_functions.py:1448 | [DEBUG] Waiting for graphics quality image...
2026-05-08 19:47:51 | INFO | my_functions.py:172 | Searching graphics_quality.png (timeout=3s)
2026-05-08 19:47:51 | INFO | my_functions.py:198 | 
✅ Found: graphics_quality.png pos=(303, 646) time=0.8s confidence=0.8
2026-05-08 19:47:51 | INFO | my_functions.py:1450 | [DEBUG] graphics_quality result: Point(x=303, y=646)
2026-05-08 19:47:51 | INFO | my_functions.py:1456 | [DEBUG] Clicking graphics quality...
2026-05-08 19:47:52 | INFO | my_functions.py:1461 | [DEBUG] Scrolling down...
2026-05-08 19:47:53 | INFO | my_functions.py:1464 | [DEBUG] Clicking sign_out...
2026-05-08 19:47:53 | INFO | my_functions.py:231 | [DEBUG] wait_for_image_and_click -> sign_out.png timeout=20s delay_click=1s confidence=0.8
2026-05-08 19:47:53 | INFO | my_functions.py:172 | Searching sign_out.png (timeout=20s)
2026-05-08 19:47:53 | INFO | my_functions.py:198 | 
✅ Found: sign_out.png pos=(380, 796) time=0.21s confidence=0.8
2026-05-08 19:47:54 | INFO | my_functions.py:138 | Haciendo click en la posición (380, 796)
2026-05-08 19:47:54 | INFO | my_functions.py:251 | 🖱️ Click OK: sign_out.png at (380, 796) delay=1s
2026-05-08 19:47:55 | INFO | my_functions.py:1469 | [DEBUG] Clicking big sign_out...
2026-05-08 19:47:55 | INFO | my_functions.py:231 | [DEBUG] wait_for_image_and_click -> sign_out_grande.png timeout=20s delay_click=1s confidence=0.8
2026-05-08 19:47:55 | INFO | my_functions.py:172 | Searching sign_out_grande.png (timeout=20s)
2026-05-08 19:47:55 | INFO | my_functions.py:198 | 
✅ Found: sign_out_grande.png pos=(359, 437) time=0.21s confidence=0.8
2026-05-08 19:47:56 | INFO | my_functions.py:138 | Haciendo click en la posición (359, 437)
2026-05-08 19:47:56 | INFO | my_functions.py:251 | 🖱️ Click OK: sign_out_grande.png at (359, 437) delay=1s
2026-05-08 19:47:56 | INFO | my_functions.py:1472 | [DEBUG] Clicking sign_out2...
2026-05-08 19:47:56 | INFO | my_functions.py:231 | [DEBUG] wait_for_image_and_click -> sign_out2.png timeout=20s delay_click=1s confidence=0.8
2026-05-08 19:47:56 | INFO | my_functions.py:172 | Searching sign_out2.png (timeout=20s)
2026-05-08 19:47:57 | INFO | my_functions.py:198 | 
✅ Found: sign_out2.png pos=(383, 634) time=0.21s confidence=0.8
2026-05-08 19:47:58 | INFO | my_functions.py:138 | Haciendo click en la posición (383, 634)
2026-05-08 19:47:58 | INFO | my_functions.py:251 | 🖱️ Click OK: sign_out2.png at (383, 634) delay=1s
2026-05-08 19:47:58 | INFO | my_functions.py:1475 | [DEBUG] Resizing SNAP window...
2026-05-08 19:47:58 | INFO | my_functions.py:1668 | ⏱ Esperando 0.1 segundos antes de empezar...
2026-05-08 19:47:58 | INFO | my_functions.py:1675 | 🔍 Esperando ventana que contenga alguna de: SNAP (máx 20s)
2026-05-08 19:47:58 | INFO | my_functions.py:1687 | ✅ Ventana encontrada: 'SNAP'
2026-05-08 19:47:58 | INFO | my_functions.py:1702 | ✅ Ventana seleccionada: 'SNAP'
2026-05-08 19:48:00 | INFO | my_functions.py:1725 | 🔁 Reajuste #1...
2026-05-08 19:48:02 | INFO | my_functions.py:1732 | ✔ Verificación completa. Se hicieron 1 reajustes.
2026-05-08 19:48:03 | INFO | my_functions.py:1484 | snap.exe closed
2026-05-08 19:48:06 | INFO | my_functions.py:1487 | [DEBUG] Logout completed successfully.
2026-05-08 19:48:06 | INFO | each_eight_hours.py:146 | Processing account: william
2026-05-08 19:48:06 | INFO | each_eight_hours.py:149 | Game relaunched for account
2026-05-08 19:48:06 | INFO | my_functions.py:1668 | ⏱ Esperando 0.1 segundos antes de empezar...
2026-05-08 19:48:06 | INFO | my_functions.py:1675 | 🔍 Esperando ventana que contenga alguna de: ['SNAP'] (máx 20s)
2026-05-08 19:48:09 | INFO | my_functions.py:1687 | ✅ Ventana encontrada: 'SNAP'
2026-05-08 19:48:09 | INFO | my_functions.py:1702 | ✅ Ventana seleccionada: 'SNAP'
2026-05-08 19:48:11 | INFO | my_functions.py:1734 | ✔ Verificación completa. No hubo cambios después del primer ajuste.
2026-05-08 19:48:11 | INFO | each_eight_hours.py:156 | Game window resized
2026-05-08 19:48:11 | INFO | my_functions.py:1207 | [DEBUG] Resizing SNAP window...
2026-05-08 19:48:11 | INFO | my_functions.py:1668 | ⏱ Esperando 0.1 segundos antes de empezar...
2026-05-08 19:48:11 | INFO | my_functions.py:1675 | 🔍 Esperando ventana que contenga alguna de: ['SNAP'] (máx 20s)
2026-05-08 19:48:11 | INFO | my_functions.py:1687 | ✅ Ventana encontrada: 'SNAP'
2026-05-08 19:48:11 | INFO | my_functions.py:1702 | ✅ Ventana seleccionada: 'SNAP'
2026-05-08 19:48:14 | INFO | my_functions.py:1734 | ✔ Verificación completa. No hubo cambios después del primer ajuste.
2026-05-08 19:48:14 | INFO | my_functions.py:231 | [DEBUG] wait_for_image_and_click -> submit.PNG timeout=90s delay_click=0.2s confidence=0.8
2026-05-08 19:48:14 | INFO | my_functions.py:172 | Searching submit.PNG (timeout=90s)
2026-05-08 19:48:19 | INFO | my_functions.py:198 | 
✅ Found: submit.PNG pos=(385, 786) time=4.26s confidence=0.8
2026-05-08 19:48:19 | INFO | my_functions.py:138 | Haciendo click en la posición (385, 786)
2026-05-08 19:48:19 | INFO | my_functions.py:251 | 🖱️ Click OK: submit.PNG at (385, 786) delay=0.2s
2026-05-08 19:48:19 | INFO | my_functions.py:1668 | ⏱ Esperando 0.1 segundos antes de empezar...
2026-05-08 19:48:19 | INFO | my_functions.py:1675 | 🔍 Esperando ventana que contenga alguna de: ['SNAP'] (máx 20s)
2026-05-08 19:48:19 | INFO | my_functions.py:1687 | ✅ Ventana encontrada: 'SNAP'
2026-05-08 19:48:19 | INFO | my_functions.py:1702 | ✅ Ventana seleccionada: 'SNAP'
2026-05-08 19:48:21 | INFO | my_functions.py:1725 | 🔁 Reajuste #1...
2026-05-08 19:48:22 | INFO | my_functions.py:1732 | ✔ Verificación completa. Se hicieron 1 reajustes.
2026-05-08 19:48:22 | INFO | my_functions.py:172 | Searching please_sign.png (timeout=0s)
2026-05-08 19:48:22 | INFO | my_functions.py:198 | 
✅ Found: please_sign.png pos=(383, 438) time=0.22s confidence=0.8
2026-05-08 19:48:22 | INFO | my_functions.py:231 | [DEBUG] wait_for_image_and_click -> ok_btn.png timeout=20s delay_click=1s confidence=0.8
2026-05-08 19:48:22 | INFO | my_functions.py:172 | Searching ok_btn.png (timeout=20s)
2026-05-08 19:48:23 | INFO | my_functions.py:198 | 
✅ Found: ok_btn.png pos=(382, 634) time=0.18s confidence=0.8
2026-05-08 19:48:24 | INFO | my_functions.py:138 | Haciendo click en la posición (382, 634)
2026-05-08 19:48:24 | INFO | my_functions.py:251 | 🖱️ Click OK: ok_btn.png at (382, 634) delay=1s
2026-05-08 19:48:24 | INFO | my_functions.py:231 | [DEBUG] wait_for_image_and_click -> submit.PNG timeout=90s delay_click=0.2s confidence=0.8
2026-05-08 19:48:24 | INFO | my_functions.py:172 | Searching submit.PNG (timeout=90s)
2026-05-08 19:48:25 | INFO | my_functions.py:198 | 
✅ Found: submit.PNG pos=(385, 779) time=1.3s confidence=0.8
2026-05-08 19:48:25 | INFO | my_functions.py:138 | Haciendo click en la posición (385, 779)
2026-05-08 19:48:26 | INFO | my_functions.py:251 | 🖱️ Click OK: submit.PNG at (385, 779) delay=0.2s
2026-05-08 19:48:26 | INFO | my_functions.py:172 | Searching sign_in_with_google2.PNG (timeout=90s)
2026-05-08 19:48:27 | INFO | my_functions.py:198 | 
✅ Found: sign_in_with_google2.PNG pos=(406, 957) time=1.2s confidence=0.8
2026-05-08 19:48:27 | INFO | my_functions.py:231 | [DEBUG] wait_for_image_and_click -> sign_in_with_google2.PNG timeout=20s delay_click=1s confidence=0.8
2026-05-08 19:48:27 | INFO | my_functions.py:172 | Searching sign_in_with_google2.PNG (timeout=20s)
2026-05-08 19:48:27 | INFO | my_functions.py:198 | 
✅ Found: sign_in_with_google2.PNG pos=(406, 957) time=0.17s confidence=0.8
2026-05-08 19:48:28 | INFO | my_functions.py:138 | Haciendo click en la posición (406, 957)
2026-05-08 19:48:28 | INFO | my_functions.py:251 | 🖱️ Click OK: sign_in_with_google2.PNG at (406, 957) delay=1s
2026-05-08 19:48:28 | INFO | my_functions.py:231 | [DEBUG] wait_for_image_and_click -> william.png timeout=30s delay_click=3s confidence=0.8
2026-05-08 19:48:28 | INFO | my_functions.py:172 | Searching william.png (timeout=30s)
2026-05-08 19:48:34 | INFO | my_functions.py:198 | 
✅ Found: william.png pos=(1150, 961) time=6.0s confidence=0.8
2026-05-08 19:48:37 | INFO | my_functions.py:138 | Haciendo click en la posición (1150, 961)
2026-05-08 19:48:37 | INFO | my_functions.py:251 | 🖱️ Click OK: william.png at (1150, 961) delay=3s
2026-05-08 19:48:39 | INFO | my_functions.py:231 | [DEBUG] wait_for_image_and_click -> python_icon.PNG timeout=5s delay_click=1s confidence=0.8
2026-05-08 19:48:39 | INFO | my_functions.py:172 | Searching python_icon.PNG (timeout=5s)
2026-05-08 19:48:40 | INFO | my_functions.py:198 | 
✅ Found: python_icon.PNG pos=(709, 1054) time=0.54s confidence=0.8
2026-05-08 19:48:41 | INFO | my_functions.py:138 | Haciendo click en la posición (709, 1054)
2026-05-08 19:48:41 | INFO | my_functions.py:251 | 🖱️ Click OK: python_icon.PNG at (709, 1054) delay=1s
2026-05-08 19:48:41 | INFO | my_functions.py:231 | [DEBUG] wait_for_image_and_click -> snap_icon_task_bar.PNG timeout=20s delay_click=1s confidence=0.8
2026-05-08 19:48:41 | INFO | my_functions.py:172 | Searching snap_icon_task_bar.PNG (timeout=20s)
2026-05-08 19:48:42 | INFO | my_functions.py:198 | 
✅ Found: snap_icon_task_bar.PNG pos=(524, 1052) time=0.58s confidence=0.8
2026-05-08 19:48:43 | INFO | my_functions.py:138 | Haciendo click en la posición (524, 1052)
2026-05-08 19:48:43 | INFO | my_functions.py:251 | 🖱️ Click OK: snap_icon_task_bar.PNG at (524, 1052) delay=1s
2026-05-08 19:48:43 | INFO | my_functions.py:172 | Searching play.PNG (timeout=30s)
2026-05-08 19:48:51 | INFO | my_functions.py:198 | 
✅ Found: play.PNG pos=(384, 824) time=8.29s confidence=0.8
2026-05-08 19:48:51 | INFO | my_functions.py:1265 | [DEBUG] Login completado correctamente.
2026-05-08 19:48:51 | INFO | each_eight_hours.py:160 | Login executed
2026-05-08 19:48:51 | INFO | my_functions.py:172 | Searching shop_unselected.PNG (timeout=0s)
2026-05-08 19:48:52 | INFO | my_functions.py:198 | 
✅ Found: shop_unselected.PNG pos=(88, 961) time=0.24s confidence=0.8
2026-05-08 19:49:00 | INFO | my_functions.py:172 | Searching shop_unselected.PNG (timeout=0s)
2026-05-08 19:49:00 | INFO | my_functions.py:209 | 
⛔ Not found: shop_unselected.PNG after 0.0s region=(0, 0, 765, 1038) confidence=0.8
2026-05-08 19:49:01 | INFO | my_functions.py:172 | Searching shop_unselected.PNG (timeout=0s)
2026-05-08 19:49:01 | INFO | my_functions.py:209 | 
⛔ Not found: shop_unselected.PNG after 0.0s region=(0, 0, 765, 1038) confidence=0.8
2026-05-08 19:49:01 | INFO | my_functions.py:231 | [DEBUG] wait_for_image_and_click -> super_premium.PNG timeout=0s delay_click=1s confidence=0.8
2026-05-08 19:49:01 | INFO | my_functions.py:172 | Searching super_premium.PNG (timeout=0s)
2026-05-08 19:49:01 | INFO | my_functions.py:209 | 
⛔ Not found: super_premium.PNG after 0.0s region=(0, 0, 765, 1038) confidence=0.8
2026-05-08 19:49:01 | INFO | my_functions.py:258 | [DEBUG] Click skipped, image not found: super_premium.PNG
2026-05-08 19:49:01 | INFO | my_functions.py:231 | [DEBUG] wait_for_image_and_click -> maybe_later.PNG timeout=0s delay_click=1s confidence=0.8
2026-05-08 19:49:01 | INFO | my_functions.py:172 | Searching maybe_later.PNG (timeout=0s)
2026-05-08 19:49:02 | INFO | my_functions.py:209 | 
⛔ Not found: maybe_later.PNG after 0.0s region=(0, 0, 765, 1038) confidence=0.8
2026-05-08 19:49:02 | INFO | my_functions.py:258 | [DEBUG] Click skipped, image not found: maybe_later.PNG
2026-05-08 19:49:02 | INFO | my_functions.py:231 | [DEBUG] wait_for_image_and_click -> maybe_later2.PNG timeout=0s delay_click=1s confidence=0.8
2026-05-08 19:49:02 | INFO | my_functions.py:172 | Searching maybe_later2.PNG (timeout=0s)
2026-05-08 19:49:02 | INFO | my_functions.py:209 | 
⛔ Not found: maybe_later2.PNG after 0.0s region=(0, 0, 765, 1038) confidence=0.8
2026-05-08 19:49:02 | INFO | my_functions.py:258 | [DEBUG] Click skipped, image not found: maybe_later2.PNG
2026-05-08 19:49:02 | INFO | my_functions.py:172 | Searching go_to_shop.PNG (timeout=0s)
2026-05-08 19:49:02 | INFO | my_functions.py:209 | 
⛔ Not found: go_to_shop.PNG after 0.0s region=(0, 0, 765, 1038) confidence=0.8
2026-05-08 19:49:02 | INFO | my_functions.py:231 | [DEBUG] wait_for_image_and_click -> 14_days_of_winterverse.PNG timeout=0s delay_click=1s confidence=0.8
2026-05-08 19:49:02 | INFO | my_functions.py:172 | Searching 14_days_of_winterverse.PNG (timeout=0s)
2026-05-08 19:49:02 | INFO | my_functions.py:209 | 
⛔ Not found: 14_days_of_winterverse.PNG after 0.0s region=(0, 0, 765, 1038) confidence=0.8
2026-05-08 19:49:02 | INFO | my_functions.py:258 | [DEBUG] Click skipped, image not found: 14_days_of_winterverse.PNG
2026-05-08 19:49:02 | INFO | my_functions.py:172 | Searching welcome_back_calendar.PNG (timeout=0s)
2026-05-08 19:49:02 | INFO | my_functions.py:209 | 
⛔ Not found: welcome_back_calendar.PNG after 0.0s region=(0, 0, 765, 1038) confidence=0.8
2026-05-08 19:49:02 | INFO | my_functions.py:231 | [DEBUG] wait_for_image_and_click -> start_the_countdown.PNG timeout=0s delay_click=1s confidence=0.8
2026-05-08 19:49:02 | INFO | my_functions.py:172 | Searching start_the_countdown.PNG (timeout=0s)
2026-05-08 19:49:03 | INFO | my_functions.py:209 | 
⛔ Not found: start_the_countdown.PNG after 0.01s region=(0, 0, 765, 1038) confidence=0.8
2026-05-08 19:49:03 | INFO | my_functions.py:258 | [DEBUG] Click skipped, image not found: start_the_countdown.PNG
2026-05-08 19:49:03 | INFO | my_functions.py:231 | [DEBUG] wait_for_image_and_click -> event_has_ended_sanctum.PNG timeout=0s delay_click=1s confidence=0.8
2026-05-08 19:49:03 | INFO | my_functions.py:172 | Searching event_has_ended_sanctum.PNG (timeout=0s)
2026-05-08 19:49:03 | INFO | my_functions.py:209 | 
⛔ Not found: event_has_ended_sanctum.PNG after 0.0s region=(0, 0, 765, 1038) confidence=0.8
2026-05-08 19:49:03 | INFO | my_functions.py:258 | [DEBUG] Click skipped, image not found: event_has_ended_sanctum.PNG
2026-05-08 19:49:03 | INFO | my_functions.py:231 | [DEBUG] wait_for_image_and_click -> image_part_of_event_grand_arena_finished.PNG timeout=0s delay_click=1s confidence=0.8
2026-05-08 19:49:03 | INFO | my_functions.py:172 | Searching image_part_of_event_grand_arena_finished.PNG (timeout=0s)
2026-05-08 19:49:03 | INFO | my_functions.py:209 | 
⛔ Not found: image_part_of_event_grand_arena_finished.PNG after 0.0s region=(0, 0, 765, 1038) confidence=0.8
2026-05-08 19:49:03 | INFO | my_functions.py:258 | [DEBUG] Click skipped, image not found: image_part_of_event_grand_arena_finished.PNG
2026-05-08 19:49:03 | INFO | my_functions.py:172 | Searching 28_day_event_login_rewards.PNG (timeout=0s)
2026-05-08 19:49:03 | INFO | my_functions.py:198 | 
✅ Found: 28_day_event_login_rewards.PNG pos=(382, 131) time=0.22s confidence=0.8
2026-05-08 19:49:03 | INFO | my_functions.py:146 | Presionando ESC (1/1)
2026-05-08 19:49:04 | INFO | my_functions.py:172 | Searching claim!.PNG (timeout=5s)
2026-05-08 19:49:05 | INFO | my_functions.py:198 | 
✅ Found: claim!.PNG pos=(381, 924) time=1.05s confidence=0.8
2026-05-08 19:49:08 | INFO | my_functions.py:138 | Haciendo click en la posición (381, 924)
2026-05-08 19:49:09 | INFO | my_functions.py:231 | [DEBUG] wait_for_image_and_click -> nice!.PNG timeout=0s delay_click=1s confidence=0.8
2026-05-08 19:49:09 | INFO | my_functions.py:172 | Searching nice!.PNG (timeout=0s)
2026-05-08 19:49:10 | INFO | my_functions.py:209 | 
⛔ Not found: nice!.PNG after 0.0s region=(0, 0, 765, 1038) confidence=0.8
2026-05-08 19:49:10 | INFO | my_functions.py:258 | [DEBUG] Click skipped, image not found: nice!.PNG
2026-05-08 19:49:10 | INFO | my_functions.py:231 | [DEBUG] wait_for_image_and_click -> claim!.PNG timeout=0s delay_click=1s confidence=0.8
2026-05-08 19:49:10 | INFO | my_functions.py:172 | Searching claim!.PNG (timeout=0s)
2026-05-08 19:49:10 | INFO | my_functions.py:209 | 
⛔ Not found: claim!.PNG after 0.0s region=(0, 0, 765, 1038) confidence=0.8
2026-05-08 19:49:10 | INFO | my_functions.py:258 | [DEBUG] Click skipped, image not found: claim!.PNG
2026-05-08 19:49:10 | INFO | my_functions.py:231 | [DEBUG] wait_for_image_and_click -> claim_hover.PNG timeout=0s delay_click=1s confidence=0.8
2026-05-08 19:49:10 | INFO | my_functions.py:172 | Searching claim_hover.PNG (timeout=0s)
2026-05-08 19:49:10 | INFO | my_functions.py:209 | 
⛔ Not found: claim_hover.PNG after 0.0s region=(0, 0, 765, 1038) confidence=0.8
2026-05-08 19:49:10 | INFO | my_functions.py:258 | [DEBUG] Click skipped, image not found: claim_hover.PNG
2026-05-08 19:49:10 | INFO | my_functions.py:231 | [DEBUG] wait_for_image_and_click -> nice_hover_half.PNG timeout=0s delay_click=1s confidence=0.8
2026-05-08 19:49:10 | INFO | my_functions.py:172 | Searching nice_hover_half.PNG (timeout=0s)
2026-05-08 19:49:10 | INFO | my_functions.py:209 | 
⛔ Not found: nice_hover_half.PNG after 0.0s region=(0, 0, 765, 1038) confidence=0.8
2026-05-08 19:49:10 | INFO | my_functions.py:258 | [DEBUG] Click skipped, image not found: nice_hover_half.PNG
2026-05-08 19:49:10 | INFO | my_functions.py:231 | [DEBUG] wait_for_image_and_click -> claim_After_receive_new_deck.PNG timeout=0s delay_click=1s confidence=0.8
2026-05-08 19:49:10 | INFO | my_functions.py:172 | Searching claim_After_receive_new_deck.PNG (timeout=0s)
2026-05-08 19:49:11 | INFO | my_functions.py:209 | 
⛔ Not found: claim_After_receive_new_deck.PNG after 0.0s region=(0, 0, 765, 1038) confidence=0.8
2026-05-08 19:49:11 | INFO | my_functions.py:258 | [DEBUG] Click skipped, image not found: claim_After_receive_new_deck.PNG
2026-05-08 19:49:11 | INFO | my_functions.py:231 | [DEBUG] wait_for_image_and_click -> nice!.PNG timeout=0s delay_click=1s confidence=0.8
2026-05-08 19:49:11 | INFO | my_functions.py:172 | Searching nice!.PNG (timeout=0s)
2026-05-08 19:49:11 | INFO | my_functions.py:209 | 
⛔ Not found: nice!.PNG after 0.01s region=(0, 0, 765, 1038) confidence=0.8
2026-05-08 19:49:11 | INFO | my_functions.py:258 | [DEBUG] Click skipped, image not found: nice!.PNG
2026-05-08 19:49:11 | INFO | my_functions.py:231 | [DEBUG] wait_for_image_and_click -> claim!.PNG timeout=0s delay_click=1s confidence=0.8
2026-05-08 19:49:11 | INFO | my_functions.py:172 | Searching claim!.PNG (timeout=0s)
2026-05-08 19:49:11 | INFO | my_functions.py:209 | 
⛔ Not found: claim!.PNG after 0.0s region=(0, 0, 765, 1038) confidence=0.8
2026-05-08 19:49:11 | INFO | my_functions.py:258 | [DEBUG] Click skipped, image not found: claim!.PNG
2026-05-08 19:49:11 | INFO | my_functions.py:231 | [DEBUG] wait_for_image_and_click -> claim_hover.PNG timeout=0s delay_click=1s confidence=0.8
2026-05-08 19:49:11 | INFO | my_functions.py:172 | Searching claim_hover.PNG (timeout=0s)
2026-05-08 19:49:11 | INFO | my_functions.py:209 | 
⛔ Not found: claim_hover.PNG after 0.0s region=(0, 0, 765, 1038) confidence=0.8
2026-05-08 19:49:11 | INFO | my_functions.py:258 | [DEBUG] Click skipped, image not found: claim_hover.PNG
2026-05-08 19:49:11 | INFO | my_functions.py:231 | [DEBUG] wait_for_image_and_click -> nice_hover_half.PNG timeout=0s delay_click=1s confidence=0.8
2026-05-08 19:49:11 | INFO | my_functions.py:172 | Searching nice_hover_half.PNG (timeout=0s)
2026-05-08 19:49:12 | INFO | my_functions.py:198 | 
✅ Found: nice_hover_half.PNG pos=(380, 905) time=0.23s confidence=0.8
2026-05-08 19:49:13 | INFO | my_functions.py:138 | Haciendo click en la posición (380, 905)
2026-05-08 19:49:13 | INFO | my_functions.py:251 | 🖱️ Click OK: nice_hover_half.PNG at (380, 905) delay=1s
2026-05-08 19:49:13 | INFO | my_functions.py:231 | [DEBUG] wait_for_image_and_click -> claim_After_receive_new_deck.PNG timeout=0s delay_click=1s confidence=0.8
2026-05-08 19:49:13 | INFO | my_functions.py:172 | Searching claim_After_receive_new_deck.PNG (timeout=0s)
2026-05-08 19:49:13 | INFO | my_functions.py:209 | 
⛔ Not found: claim_After_receive_new_deck.PNG after 0.0s region=(0, 0, 765, 1038) confidence=0.8
2026-05-08 19:49:13 | INFO | my_functions.py:258 | [DEBUG] Click skipped, image not found: claim_After_receive_new_deck.PNG
2026-05-08 19:49:13 | INFO | my_functions.py:231 | [DEBUG] wait_for_image_and_click -> nice!.PNG timeout=0s delay_click=1s confidence=0.8
2026-05-08 19:49:13 | INFO | my_functions.py:172 | Searching nice!.PNG (timeout=0s)
2026-05-08 19:49:14 | INFO | my_functions.py:209 | 
⛔ Not found: nice!.PNG after 0.0s region=(0, 0, 765, 1038) confidence=0.8
2026-05-08 19:49:14 | INFO | my_functions.py:258 | [DEBUG] Click skipped, image not found: nice!.PNG
2026-05-08 19:49:14 | INFO | my_functions.py:231 | [DEBUG] wait_for_image_and_click -> claim!.PNG timeout=0s delay_click=1s confidence=0.8
2026-05-08 19:49:14 | INFO | my_functions.py:172 | Searching claim!.PNG (timeout=0s)
2026-05-08 19:49:14 | INFO | my_functions.py:209 | 
⛔ Not found: claim!.PNG after 0.0s region=(0, 0, 765, 1038) confidence=0.8
2026-05-08 19:49:14 | INFO | my_functions.py:258 | [DEBUG] Click skipped, image not found: claim!.PNG
2026-05-08 19:49:14 | INFO | my_functions.py:231 | [DEBUG] wait_for_image_and_click -> claim_hover.PNG timeout=0s delay_click=1s confidence=0.8
2026-05-08 19:49:14 | INFO | my_functions.py:172 | Searching claim_hover.PNG (timeout=0s)
2026-05-08 19:49:14 | INFO | my_functions.py:209 | 
⛔ Not found: claim_hover.PNG after 0.0s region=(0, 0, 765, 1038) confidence=0.8
2026-05-08 19:49:14 | INFO | my_functions.py:258 | [DEBUG] Click skipped, image not found: claim_hover.PNG
2026-05-08 19:49:14 | INFO | my_functions.py:231 | [DEBUG] wait_for_image_and_click -> nice_hover_half.PNG timeout=0s delay_click=1s confidence=0.8
2026-05-08 19:49:14 | INFO | my_functions.py:172 | Searching nice_hover_half.PNG (timeout=0s)
2026-05-08 19:49:15 | INFO | my_functions.py:209 | 
⛔ Not found: nice_hover_half.PNG after 0.0s region=(0, 0, 765, 1038) confidence=0.8
2026-05-08 19:49:15 | INFO | my_functions.py:258 | [DEBUG] Click skipped, image not found: nice_hover_half.PNG
2026-05-08 19:49:15 | INFO | my_functions.py:231 | [DEBUG] wait_for_image_and_click -> claim_After_receive_new_deck.PNG timeout=0s delay_click=1s confidence=0.8
2026-05-08 19:49:15 | INFO | my_functions.py:172 | Searching claim_After_receive_new_deck.PNG (timeout=0s)
2026-05-08 19:49:15 | INFO | my_functions.py:209 | 
⛔ Not found: claim_After_receive_new_deck.PNG after 0.0s region=(0, 0, 765, 1038) confidence=0.8
2026-05-08 19:49:15 | INFO | my_functions.py:258 | [DEBUG] Click skipped, image not found: claim_After_receive_new_deck.PNG
2026-05-08 19:49:15 | INFO | my_functions.py:231 | [DEBUG] wait_for_image_and_click -> nice!.PNG timeout=0s delay_click=1s confidence=0.8
2026-05-08 19:49:15 | INFO | my_functions.py:172 | Searching nice!.PNG (timeout=0s)
2026-05-08 19:49:15 | INFO | my_functions.py:209 | 
⛔ Not found: nice!.PNG after 0.01s region=(0, 0, 765, 1038) confidence=0.8
2026-05-08 19:49:15 | INFO | my_functions.py:258 | [DEBUG] Click skipped, image not found: nice!.PNG
2026-05-08 19:49:15 | INFO | my_functions.py:231 | [DEBUG] wait_for_image_and_click -> claim!.PNG timeout=0s delay_click=1s confidence=0.8
2026-05-08 19:49:15 | INFO | my_functions.py:172 | Searching claim!.PNG (timeout=0s)
2026-05-08 19:49:15 | INFO | my_functions.py:209 | 
⛔ Not found: claim!.PNG after 0.01s region=(0, 0, 765, 1038) confidence=0.8
2026-05-08 19:49:15 | INFO | my_functions.py:258 | [DEBUG] Click skipped, image not found: claim!.PNG
2026-05-08 19:49:15 | INFO | my_functions.py:231 | [DEBUG] wait_for_image_and_click -> claim_hover.PNG timeout=0s delay_click=1s confidence=0.8
2026-05-08 19:49:15 | INFO | my_functions.py:172 | Searching claim_hover.PNG (timeout=0s)
2026-05-08 19:49:16 | INFO | my_functions.py:209 | 
⛔ Not found: claim_hover.PNG after 0.01s region=(0, 0, 765, 1038) confidence=0.8
2026-05-08 19:49:16 | INFO | my_functions.py:258 | [DEBUG] Click skipped, image not found: claim_hover.PNG
2026-05-08 19:49:16 | INFO | my_functions.py:231 | [DEBUG] wait_for_image_and_click -> nice_hover_half.PNG timeout=0s delay_click=1s confidence=0.8
2026-05-08 19:49:16 | INFO | my_functions.py:172 | Searching nice_hover_half.PNG (timeout=0s)
2026-05-08 19:49:16 | INFO | my_functions.py:209 | 
⛔ Not found: nice_hover_half.PNG after 0.0s region=(0, 0, 765, 1038) confidence=0.8
2026-05-08 19:49:16 | INFO | my_functions.py:258 | [DEBUG] Click skipped, image not found: nice_hover_half.PNG
2026-05-08 19:49:16 | INFO | my_functions.py:231 | [DEBUG] wait_for_image_and_click -> claim_After_receive_new_deck.PNG timeout=0s delay_click=1s confidence=0.8
2026-05-08 19:49:16 | INFO | my_functions.py:172 | Searching claim_After_receive_new_deck.PNG (timeout=0s)
2026-05-08 19:49:16 | INFO | my_functions.py:209 | 
⛔ Not found: claim_After_receive_new_deck.PNG after 0.0s region=(0, 0, 765, 1038) confidence=0.8
2026-05-08 19:49:16 | INFO | my_functions.py:258 | [DEBUG] Click skipped, image not found: claim_After_receive_new_deck.PNG
2026-05-08 19:49:16 | INFO | my_functions.py:231 | [DEBUG] wait_for_image_and_click -> nice!.PNG timeout=0s delay_click=1s confidence=0.8
2026-05-08 19:49:16 | INFO | my_functions.py:172 | Searching nice!.PNG (timeout=0s)
2026-05-08 19:49:17 | INFO | my_functions.py:209 | 
⛔ Not found: nice!.PNG after 0.24s region=(0, 0, 765, 1038) confidence=0.8
2026-05-08 19:49:17 | INFO | my_functions.py:258 | [DEBUG] Click skipped, image not found: nice!.PNG
2026-05-08 19:49:17 | INFO | my_functions.py:231 | [DEBUG] wait_for_image_and_click -> claim!.PNG timeout=0s delay_click=1s confidence=0.8
2026-05-08 19:49:17 | INFO | my_functions.py:172 | Searching claim!.PNG (timeout=0s)
2026-05-08 19:49:17 | INFO | my_functions.py:209 | 
⛔ Not found: claim!.PNG after 0.0s region=(0, 0, 765, 1038) confidence=0.8
2026-05-08 19:49:17 | INFO | my_functions.py:258 | [DEBUG] Click skipped, image not found: claim!.PNG
2026-05-08 19:49:17 | INFO | my_functions.py:231 | [DEBUG] wait_for_image_and_click -> claim_hover.PNG timeout=0s delay_click=1s confidence=0.8
2026-05-08 19:49:17 | INFO | my_functions.py:172 | Searching claim_hover.PNG (timeout=0s)
2026-05-08 19:49:17 | INFO | my_functions.py:209 | 
⛔ Not found: claim_hover.PNG after 0.0s region=(0, 0, 765, 1038) confidence=0.8
2026-05-08 19:49:17 | INFO | my_functions.py:258 | [DEBUG] Click skipped, image not found: claim_hover.PNG
2026-05-08 19:49:17 | INFO | my_functions.py:231 | [DEBUG] wait_for_image_and_click -> nice_hover_half.PNG timeout=0s delay_click=1s confidence=0.8
2026-05-08 19:49:17 | INFO | my_functions.py:172 | Searching nice_hover_half.PNG (timeout=0s)
2026-05-08 19:49:17 | INFO | my_functions.py:209 | 
⛔ Not found: nice_hover_half.PNG after 0.0s region=(0, 0, 765, 1038) confidence=0.8
2026-05-08 19:49:17 | INFO | my_functions.py:258 | [DEBUG] Click skipped, image not found: nice_hover_half.PNG
2026-05-08 19:49:17 | INFO | my_functions.py:231 | [DEBUG] wait_for_image_and_click -> claim_After_receive_new_deck.PNG timeout=0s delay_click=1s confidence=0.8
2026-05-08 19:49:17 | INFO | my_functions.py:172 | Searching claim_After_receive_new_deck.PNG (timeout=0s)
2026-05-08 19:49:18 | INFO | my_functions.py:209 | 
⛔ Not found: claim_After_receive_new_deck.PNG after 0.0s region=(0, 0, 765, 1038) confidence=0.8
2026-05-08 19:49:18 | INFO | my_functions.py:258 | [DEBUG] Click skipped, image not found: claim_After_receive_new_deck.PNG
2026-05-08 19:49:18 | INFO | my_functions.py:231 | [DEBUG] wait_for_image_and_click -> nice!.PNG timeout=0s delay_click=1s confidence=0.8
2026-05-08 19:49:18 | INFO | my_functions.py:172 | Searching nice!.PNG (timeout=0s)
2026-05-08 19:49:18 | INFO | my_functions.py:209 | 
⛔ Not found: nice!.PNG after 0.0s region=(0, 0, 765, 1038) confidence=0.8
2026-05-08 19:49:18 | INFO | my_functions.py:258 | [DEBUG] Click skipped, image not found: nice!.PNG
2026-05-08 19:49:18 | INFO | my_functions.py:231 | [DEBUG] wait_for_image_and_click -> claim!.PNG timeout=0s delay_click=1s confidence=0.8
2026-05-08 19:49:18 | INFO | my_functions.py:172 | Searching claim!.PNG (timeout=0s)
2026-05-08 19:49:18 | INFO | my_functions.py:209 | 
⛔ Not found: claim!.PNG after 0.0s region=(0, 0, 765, 1038) confidence=0.8
2026-05-08 19:49:18 | INFO | my_functions.py:258 | [DEBUG] Click skipped, image not found: claim!.PNG
2026-05-08 19:49:18 | INFO | my_functions.py:231 | [DEBUG] wait_for_image_and_click -> claim_hover.PNG timeout=0s delay_click=1s confidence=0.8
2026-05-08 19:49:18 | INFO | my_functions.py:172 | Searching claim_hover.PNG (timeout=0s)
2026-05-08 19:49:19 | INFO | my_functions.py:209 | 
⛔ Not found: claim_hover.PNG after 0.0s region=(0, 0, 765, 1038) confidence=0.8
2026-05-08 19:49:19 | INFO | my_functions.py:258 | [DEBUG] Click skipped, image not found: claim_hover.PNG
2026-05-08 19:49:19 | INFO | my_functions.py:231 | [DEBUG] wait_for_image_and_click -> nice_hover_half.PNG timeout=0s delay_click=1s confidence=0.8
2026-05-08 19:49:19 | INFO | my_functions.py:172 | Searching nice_hover_half.PNG (timeout=0s)
2026-05-08 19:49:19 | INFO | my_functions.py:209 | 
⛔ Not found: nice_hover_half.PNG after 0.0s region=(0, 0, 765, 1038) confidence=0.8
2026-05-08 19:49:19 | INFO | my_functions.py:258 | [DEBUG] Click skipped, image not found: nice_hover_half.PNG
2026-05-08 19:49:19 | INFO | my_functions.py:231 | [DEBUG] wait_for_image_and_click -> claim_After_receive_new_deck.PNG timeout=0s delay_click=1s confidence=0.8
2026-05-08 19:49:19 | INFO | my_functions.py:172 | Searching claim_After_receive_new_deck.PNG (timeout=0s)
2026-05-08 19:49:19 | INFO | my_functions.py:209 | 
⛔ Not found: claim_After_receive_new_deck.PNG after 0.0s region=(0, 0, 765, 1038) confidence=0.8
2026-05-08 19:49:19 | INFO | my_functions.py:258 | [DEBUG] Click skipped, image not found: claim_After_receive_new_deck.PNG
2026-05-08 19:49:19 | INFO | my_functions.py:231 | [DEBUG] wait_for_image_and_click -> nice!.PNG timeout=0s delay_click=1s confidence=0.8
2026-05-08 19:49:19 | INFO | my_functions.py:172 | Searching nice!.PNG (timeout=0s)
2026-05-08 19:49:19 | INFO | my_functions.py:209 | 
⛔ Not found: nice!.PNG after 0.0s region=(0, 0, 765, 1038) confidence=0.8
2026-05-08 19:49:19 | INFO | my_functions.py:258 | [DEBUG] Click skipped, image not found: nice!.PNG
2026-05-08 19:49:19 | INFO | my_functions.py:231 | [DEBUG] wait_for_image_and_click -> claim!.PNG timeout=0s delay_click=1s confidence=0.8
2026-05-08 19:49:19 | INFO | my_functions.py:172 | Searching claim!.PNG (timeout=0s)
2026-05-08 19:49:20 | INFO | my_functions.py:209 | 
⛔ Not found: claim!.PNG after 0.0s region=(0, 0, 765, 1038) confidence=0.8
2026-05-08 19:49:20 | INFO | my_functions.py:258 | [DEBUG] Click skipped, image not found: claim!.PNG
2026-05-08 19:49:20 | INFO | my_functions.py:231 | [DEBUG] wait_for_image_and_click -> claim_hover.PNG timeout=0s delay_click=1s confidence=0.8
2026-05-08 19:49:20 | INFO | my_functions.py:172 | Searching claim_hover.PNG (timeout=0s)
2026-05-08 19:49:20 | INFO | my_functions.py:209 | 
⛔ Not found: claim_hover.PNG after 0.01s region=(0, 0, 765, 1038) confidence=0.8
2026-05-08 19:49:20 | INFO | my_functions.py:258 | [DEBUG] Click skipped, image not found: claim_hover.PNG
2026-05-08 19:49:20 | INFO | my_functions.py:231 | [DEBUG] wait_for_image_and_click -> nice_hover_half.PNG timeout=0s delay_click=1s confidence=0.8
2026-05-08 19:49:20 | INFO | my_functions.py:172 | Searching nice_hover_half.PNG (timeout=0s)
2026-05-08 19:49:20 | INFO | my_functions.py:209 | 
⛔ Not found: nice_hover_half.PNG after 0.0s region=(0, 0, 765, 1038) confidence=0.8
2026-05-08 19:49:20 | INFO | my_functions.py:258 | [DEBUG] Click skipped, image not found: nice_hover_half.PNG
2026-05-08 19:49:20 | INFO | my_functions.py:231 | [DEBUG] wait_for_image_and_click -> claim_After_receive_new_deck.PNG timeout=0s delay_click=1s confidence=0.8
2026-05-08 19:49:20 | INFO | my_functions.py:172 | Searching claim_After_receive_new_deck.PNG (timeout=0s)
2026-05-08 19:49:20 | INFO | my_functions.py:209 | 
⛔ Not found: claim_After_receive_new_deck.PNG after 0.01s region=(0, 0, 765, 1038) confidence=0.8
2026-05-08 19:49:20 | INFO | my_functions.py:258 | [DEBUG] Click skipped, image not found: claim_After_receive_new_deck.PNG
2026-05-08 19:49:20 | INFO | my_functions.py:231 | [DEBUG] wait_for_image_and_click -> nice!.PNG timeout=0s delay_click=1s confidence=0.8
2026-05-08 19:49:20 | INFO | my_functions.py:172 | Searching nice!.PNG (timeout=0s)
2026-05-08 19:49:20 | INFO | my_functions.py:209 | 
⛔ Not found: nice!.PNG after 0.0s region=(0, 0, 765, 1038) confidence=0.8
2026-05-08 19:49:20 | INFO | my_functions.py:258 | [DEBUG] Click skipped, image not found: nice!.PNG
2026-05-08 19:49:20 | INFO | my_functions.py:231 | [DEBUG] wait_for_image_and_click -> claim!.PNG timeout=0s delay_click=1s confidence=0.8
2026-05-08 19:49:20 | INFO | my_functions.py:172 | Searching claim!.PNG (timeout=0s)
2026-05-08 19:49:21 | INFO | my_functions.py:209 | 
⛔ Not found: claim!.PNG after 0.0s region=(0, 0, 765, 1038) confidence=0.8
2026-05-08 19:49:21 | INFO | my_functions.py:258 | [DEBUG] Click skipped, image not found: claim!.PNG
2026-05-08 19:49:21 | INFO | my_functions.py:231 | [DEBUG] wait_for_image_and_click -> claim_hover.PNG timeout=0s delay_click=1s confidence=0.8
2026-05-08 19:49:21 | INFO | my_functions.py:172 | Searching claim_hover.PNG (timeout=0s)
2026-05-08 19:49:21 | INFO | my_functions.py:209 | 
⛔ Not found: claim_hover.PNG after 0.0s region=(0, 0, 765, 1038) confidence=0.8
2026-05-08 19:49:21 | INFO | my_functions.py:258 | [DEBUG] Click skipped, image not found: claim_hover.PNG
2026-05-08 19:49:21 | INFO | my_functions.py:231 | [DEBUG] wait_for_image_and_click -> nice_hover_half.PNG timeout=0s delay_click=1s confidence=0.8
2026-05-08 19:49:21 | INFO | my_functions.py:172 | Searching nice_hover_half.PNG (timeout=0s)
2026-05-08 19:49:21 | INFO | my_functions.py:209 | 
⛔ Not found: nice_hover_half.PNG after 0.01s region=(0, 0, 765, 1038) confidence=0.8
2026-05-08 19:49:21 | INFO | my_functions.py:258 | [DEBUG] Click skipped, image not found: nice_hover_half.PNG
2026-05-08 19:49:21 | INFO | my_functions.py:231 | [DEBUG] wait_for_image_and_click -> claim_After_receive_new_deck.PNG timeout=0s delay_click=1s confidence=0.8
2026-05-08 19:49:21 | INFO | my_functions.py:172 | Searching claim_After_receive_new_deck.PNG (timeout=0s)
2026-05-08 19:49:21 | INFO | my_functions.py:209 | 
⛔ Not found: claim_After_receive_new_deck.PNG after 0.0s region=(0, 0, 765, 1038) confidence=0.8
2026-05-08 19:49:21 | INFO | my_functions.py:258 | [DEBUG] Click skipped, image not found: claim_After_receive_new_deck.PNG
2026-05-08 19:49:21 | INFO | my_functions.py:231 | [DEBUG] wait_for_image_and_click -> nice!.PNG timeout=0s delay_click=1s confidence=0.8
2026-05-08 19:49:21 | INFO | my_functions.py:172 | Searching nice!.PNG (timeout=0s)
2026-05-08 19:49:22 | INFO | my_functions.py:209 | 
⛔ Not found: nice!.PNG after 0.0s region=(0, 0, 765, 1038) confidence=0.8
2026-05-08 19:49:22 | INFO | my_functions.py:258 | [DEBUG] Click skipped, image not found: nice!.PNG
2026-05-08 19:49:22 | INFO | my_functions.py:231 | [DEBUG] wait_for_image_and_click -> claim!.PNG timeout=0s delay_click=1s confidence=0.8
2026-05-08 19:49:22 | INFO | my_functions.py:172 | Searching claim!.PNG (timeout=0s)
2026-05-08 19:49:22 | INFO | my_functions.py:209 | 
⛔ Not found: claim!.PNG after 0.0s region=(0, 0, 765, 1038) confidence=0.8
2026-05-08 19:49:22 | INFO | my_functions.py:258 | [DEBUG] Click skipped, image not found: claim!.PNG
2026-05-08 19:49:22 | INFO | my_functions.py:231 | [DEBUG] wait_for_image_and_click -> claim_hover.PNG timeout=0s delay_click=1s confidence=0.8
2026-05-08 19:49:22 | INFO | my_functions.py:172 | Searching claim_hover.PNG (timeout=0s)
2026-05-08 19:49:22 | INFO | my_functions.py:209 | 
⛔ Not found: claim_hover.PNG after 0.0s region=(0, 0, 765, 1038) confidence=0.8
2026-05-08 19:49:22 | INFO | my_functions.py:258 | [DEBUG] Click skipped, image not found: claim_hover.PNG
2026-05-08 19:49:22 | INFO | my_functions.py:231 | [DEBUG] wait_for_image_and_click -> nice_hover_half.PNG timeout=0s delay_click=1s confidence=0.8
2026-05-08 19:49:22 | INFO | my_functions.py:172 | Searching nice_hover_half.PNG (timeout=0s)
2026-05-08 19:49:23 | INFO | my_functions.py:209 | 
⛔ Not found: nice_hover_half.PNG after 0.01s region=(0, 0, 765, 1038) confidence=0.8
2026-05-08 19:49:23 | INFO | my_functions.py:258 | [DEBUG] Click skipped, image not found: nice_hover_half.PNG
2026-05-08 19:49:23 | INFO | my_functions.py:231 | [DEBUG] wait_for_image_and_click -> claim_After_receive_new_deck.PNG timeout=0s delay_click=1s confidence=0.8
2026-05-08 19:49:23 | INFO | my_functions.py:172 | Searching claim_After_receive_new_deck.PNG (timeout=0s)
2026-05-08 19:49:23 | INFO | my_functions.py:209 | 
⛔ Not found: claim_After_receive_new_deck.PNG after 0.01s region=(0, 0, 765, 1038) confidence=0.8
2026-05-08 19:49:23 | INFO | my_functions.py:258 | [DEBUG] Click skipped, image not found: claim_After_receive_new_deck.PNG
2026-05-08 19:49:23 | INFO | my_functions.py:231 | [DEBUG] wait_for_image_and_click -> nice!.PNG timeout=0s delay_click=1s confidence=0.8
2026-05-08 19:49:23 | INFO | my_functions.py:172 | Searching nice!.PNG (timeout=0s)
2026-05-08 19:49:23 | INFO | my_functions.py:209 | 
⛔ Not found: nice!.PNG after 0.0s region=(0, 0, 765, 1038) confidence=0.8
2026-05-08 19:49:23 | INFO | my_functions.py:258 | [DEBUG] Click skipped, image not found: nice!.PNG
2026-05-08 19:49:23 | INFO | my_functions.py:231 | [DEBUG] wait_for_image_and_click -> claim!.PNG timeout=0s delay_click=1s confidence=0.8
2026-05-08 19:49:23 | INFO | my_functions.py:172 | Searching claim!.PNG (timeout=0s)
2026-05-08 19:49:24 | INFO | my_functions.py:209 | 
⛔ Not found: claim!.PNG after 0.0s region=(0, 0, 765, 1038) confidence=0.8
2026-05-08 19:49:24 | INFO | my_functions.py:258 | [DEBUG] Click skipped, image not found: claim!.PNG
2026-05-08 19:49:24 | INFO | my_functions.py:231 | [DEBUG] wait_for_image_and_click -> claim_hover.PNG timeout=0s delay_click=1s confidence=0.8
2026-05-08 19:49:24 | INFO | my_functions.py:172 | Searching claim_hover.PNG (timeout=0s)
2026-05-08 19:49:24 | INFO | my_functions.py:209 | 
⛔ Not found: claim_hover.PNG after 0.0s region=(0, 0, 765, 1038) confidence=0.8
2026-05-08 19:49:24 | INFO | my_functions.py:258 | [DEBUG] Click skipped, image not found: claim_hover.PNG
2026-05-08 19:49:24 | INFO | my_functions.py:231 | [DEBUG] wait_for_image_and_click -> nice_hover_half.PNG timeout=0s delay_click=1s confidence=0.8
2026-05-08 19:49:24 | INFO | my_functions.py:172 | Searching nice_hover_half.PNG (timeout=0s)
2026-05-08 19:49:24 | INFO | my_functions.py:209 | 
⛔ Not found: nice_hover_half.PNG after 0.0s region=(0, 0, 765, 1038) confidence=0.8
2026-05-08 19:49:24 | INFO | my_functions.py:258 | [DEBUG] Click skipped, image not found: nice_hover_half.PNG
2026-05-08 19:49:24 | INFO | my_functions.py:231 | [DEBUG] wait_for_image_and_click -> claim_After_receive_new_deck.PNG timeout=0s delay_click=1s confidence=0.8
2026-05-08 19:49:24 | INFO | my_functions.py:172 | Searching claim_After_receive_new_deck.PNG (timeout=0s)
2026-05-08 19:49:25 | INFO | my_functions.py:209 | 
⛔ Not found: claim_After_receive_new_deck.PNG after 0.0s region=(0, 0, 765, 1038) confidence=0.8
2026-05-08 19:49:25 | INFO | my_functions.py:258 | [DEBUG] Click skipped, image not found: claim_After_receive_new_deck.PNG
2026-05-08 19:49:25 | INFO | my_functions.py:231 | [DEBUG] wait_for_image_and_click -> nice!.PNG timeout=0s delay_click=1s confidence=0.8
2026-05-08 19:49:25 | INFO | my_functions.py:172 | Searching nice!.PNG (timeout=0s)
2026-05-08 19:49:25 | INFO | my_functions.py:209 | 
⛔ Not found: nice!.PNG after 0.0s region=(0, 0, 765, 1038) confidence=0.8
2026-05-08 19:49:25 | INFO | my_functions.py:258 | [DEBUG] Click skipped, image not found: nice!.PNG
2026-05-08 19:49:25 | INFO | my_functions.py:231 | [DEBUG] wait_for_image_and_click -> claim!.PNG timeout=0s delay_click=1s confidence=0.8
2026-05-08 19:49:25 | INFO | my_functions.py:172 | Searching claim!.PNG (timeout=0s)
2026-05-08 19:49:25 | INFO | my_functions.py:209 | 
⛔ Not found: claim!.PNG after 0.0s region=(0, 0, 765, 1038) confidence=0.8
2026-05-08 19:49:25 | INFO | my_functions.py:258 | [DEBUG] Click skipped, image not found: claim!.PNG
2026-05-08 19:49:25 | INFO | my_functions.py:231 | [DEBUG] wait_for_image_and_click -> claim_hover.PNG timeout=0s delay_click=1s confidence=0.8
2026-05-08 19:49:25 | INFO | my_functions.py:172 | Searching claim_hover.PNG (timeout=0s)
2026-05-08 19:49:25 | INFO | my_functions.py:209 | 
⛔ Not found: claim_hover.PNG after 0.0s region=(0, 0, 765, 1038) confidence=0.8
2026-05-08 19:49:25 | INFO | my_functions.py:258 | [DEBUG] Click skipped, image not found: claim_hover.PNG
2026-05-08 19:49:25 | INFO | my_functions.py:231 | [DEBUG] wait_for_image_and_click -> nice_hover_half.PNG timeout=0s delay_click=1s confidence=0.8
2026-05-08 19:49:25 | INFO | my_functions.py:172 | Searching nice_hover_half.PNG (timeout=0s)
2026-05-08 19:49:26 | INFO | my_functions.py:209 | 
⛔ Not found: nice_hover_half.PNG after 0.0s region=(0, 0, 765, 1038) confidence=0.8
2026-05-08 19:49:26 | INFO | my_functions.py:258 | [DEBUG] Click skipped, image not found: nice_hover_half.PNG
2026-05-08 19:49:26 | INFO | my_functions.py:231 | [DEBUG] wait_for_image_and_click -> claim_After_receive_new_deck.PNG timeout=0s delay_click=1s confidence=0.8
2026-05-08 19:49:26 | INFO | my_functions.py:172 | Searching claim_After_receive_new_deck.PNG (timeout=0s)
2026-05-08 19:49:26 | INFO | my_functions.py:209 | 
⛔ Not found: claim_After_receive_new_deck.PNG after 0.0s region=(0, 0, 765, 1038) confidence=0.8
2026-05-08 19:49:26 | INFO | my_functions.py:258 | [DEBUG] Click skipped, image not found: claim_After_receive_new_deck.PNG
2026-05-08 19:49:26 | INFO | my_functions.py:231 | [DEBUG] wait_for_image_and_click -> nice!.PNG timeout=0s delay_click=1s confidence=0.8
2026-05-08 19:49:26 | INFO | my_functions.py:172 | Searching nice!.PNG (timeout=0s)
2026-05-08 19:49:26 | INFO | my_functions.py:209 | 
⛔ Not found: nice!.PNG after 0.0s region=(0, 0, 765, 1038) confidence=0.8
2026-05-08 19:49:26 | INFO | my_functions.py:258 | [DEBUG] Click skipped, image not found: nice!.PNG
2026-05-08 19:49:26 | INFO | my_functions.py:231 | [DEBUG] wait_for_image_and_click -> claim!.PNG timeout=0s delay_click=1s confidence=0.8
2026-05-08 19:49:26 | INFO | my_functions.py:172 | Searching claim!.PNG (timeout=0s)
2026-05-08 19:49:26 | INFO | my_functions.py:209 | 
⛔ Not found: claim!.PNG after 0.0s region=(0, 0, 765, 1038) confidence=0.8
2026-05-08 19:49:26 | INFO | my_functions.py:258 | [DEBUG] Click skipped, image not found: claim!.PNG
2026-05-08 19:49:26 | INFO | my_functions.py:231 | [DEBUG] wait_for_image_and_click -> claim_hover.PNG timeout=0s delay_click=1s confidence=0.8
2026-05-08 19:49:26 | INFO | my_functions.py:172 | Searching claim_hover.PNG (timeout=0s)
2026-05-08 19:49:27 | INFO | my_functions.py:209 | 
⛔ Not found: claim_hover.PNG after 0.0s region=(0, 0, 765, 1038) confidence=0.8
2026-05-08 19:49:27 | INFO | my_functions.py:258 | [DEBUG] Click skipped, image not found: claim_hover.PNG
2026-05-08 19:49:27 | INFO | my_functions.py:231 | [DEBUG] wait_for_image_and_click -> nice_hover_half.PNG timeout=0s delay_click=1s confidence=0.8
2026-05-08 19:49:27 | INFO | my_functions.py:172 | Searching nice_hover_half.PNG (timeout=0s)
2026-05-08 19:49:27 | INFO | my_functions.py:209 | 
⛔ Not found: nice_hover_half.PNG after 0.01s region=(0, 0, 765, 1038) confidence=0.8
2026-05-08 19:49:27 | INFO | my_functions.py:258 | [DEBUG] Click skipped, image not found: nice_hover_half.PNG
2026-05-08 19:49:27 | INFO | my_functions.py:231 | [DEBUG] wait_for_image_and_click -> claim_After_receive_new_deck.PNG timeout=0s delay_click=1s confidence=0.8
2026-05-08 19:49:27 | INFO | my_functions.py:172 | Searching claim_After_receive_new_deck.PNG (timeout=0s)
2026-05-08 19:49:27 | INFO | my_functions.py:209 | 
⛔ Not found: claim_After_receive_new_deck.PNG after 0.0s region=(0, 0, 765, 1038) confidence=0.8
2026-05-08 19:49:27 | INFO | my_functions.py:258 | [DEBUG] Click skipped, image not found: claim_After_receive_new_deck.PNG
2026-05-08 19:49:27 | INFO | my_functions.py:231 | [DEBUG] wait_for_image_and_click -> nice!.PNG timeout=0s delay_click=1s confidence=0.8
2026-05-08 19:49:27 | INFO | my_functions.py:172 | Searching nice!.PNG (timeout=0s)
2026-05-08 19:49:27 | INFO | my_functions.py:209 | 
⛔ Not found: nice!.PNG after 0.0s region=(0, 0, 765, 1038) confidence=0.8
2026-05-08 19:49:27 | INFO | my_functions.py:258 | [DEBUG] Click skipped, image not found: nice!.PNG
2026-05-08 19:49:27 | INFO | my_functions.py:231 | [DEBUG] wait_for_image_and_click -> claim!.PNG timeout=0s delay_click=1s confidence=0.8
2026-05-08 19:49:27 | INFO | my_functions.py:172 | Searching claim!.PNG (timeout=0s)
2026-05-08 19:49:28 | INFO | my_functions.py:209 | 
⛔ Not found: claim!.PNG after 0.0s region=(0, 0, 765, 1038) confidence=0.8
2026-05-08 19:49:28 | INFO | my_functions.py:258 | [DEBUG] Click skipped, image not found: claim!.PNG
2026-05-08 19:49:28 | INFO | my_functions.py:231 | [DEBUG] wait_for_image_and_click -> claim_hover.PNG timeout=0s delay_click=1s confidence=0.8
2026-05-08 19:49:28 | INFO | my_functions.py:172 | Searching claim_hover.PNG (timeout=0s)
2026-05-08 19:49:28 | INFO | my_functions.py:209 | 
⛔ Not found: claim_hover.PNG after 0.0s region=(0, 0, 765, 1038) confidence=0.8
2026-05-08 19:49:28 | INFO | my_functions.py:258 | [DEBUG] Click skipped, image not found: claim_hover.PNG
2026-05-08 19:49:28 | INFO | my_functions.py:231 | [DEBUG] wait_for_image_and_click -> nice_hover_half.PNG timeout=0s delay_click=1s confidence=0.8
2026-05-08 19:49:28 | INFO | my_functions.py:172 | Searching nice_hover_half.PNG (timeout=0s)
2026-05-08 19:49:28 | INFO | my_functions.py:209 | 
⛔ Not found: nice_hover_half.PNG after 0.0s region=(0, 0, 765, 1038) confidence=0.8
2026-05-08 19:49:28 | INFO | my_functions.py:258 | [DEBUG] Click skipped, image not found: nice_hover_half.PNG
2026-05-08 19:49:28 | INFO | my_functions.py:231 | [DEBUG] wait_for_image_and_click -> claim_After_receive_new_deck.PNG timeout=0s delay_click=1s confidence=0.8
2026-05-08 19:49:28 | INFO | my_functions.py:172 | Searching claim_After_receive_new_deck.PNG (timeout=0s)
2026-05-08 19:49:29 | INFO | my_functions.py:209 | 
⛔ Not found: claim_After_receive_new_deck.PNG after 0.0s region=(0, 0, 765, 1038) confidence=0.8
2026-05-08 19:49:29 | INFO | my_functions.py:258 | [DEBUG] Click skipped, image not found: claim_After_receive_new_deck.PNG
2026-05-08 19:49:29 | INFO | my_functions.py:231 | [DEBUG] wait_for_image_and_click -> nice!.PNG timeout=0s delay_click=1s confidence=0.8
2026-05-08 19:49:29 | INFO | my_functions.py:172 | Searching nice!.PNG (timeout=0s)
2026-05-08 19:49:29 | INFO | my_functions.py:209 | 
⛔ Not found: nice!.PNG after 0.0s region=(0, 0, 765, 1038) confidence=0.8
2026-05-08 19:49:29 | INFO | my_functions.py:258 | [DEBUG] Click skipped, image not found: nice!.PNG
2026-05-08 19:49:29 | INFO | my_functions.py:231 | [DEBUG] wait_for_image_and_click -> claim!.PNG timeout=0s delay_click=1s confidence=0.8
2026-05-08 19:49:29 | INFO | my_functions.py:172 | Searching claim!.PNG (timeout=0s)
2026-05-08 19:49:29 | INFO | my_functions.py:209 | 
⛔ Not found: claim!.PNG after 0.0s region=(0, 0, 765, 1038) confidence=0.8
2026-05-08 19:49:29 | INFO | my_functions.py:258 | [DEBUG] Click skipped, image not found: claim!.PNG
2026-05-08 19:49:29 | INFO | my_functions.py:231 | [DEBUG] wait_for_image_and_click -> claim_hover.PNG timeout=0s delay_click=1s confidence=0.8
2026-05-08 19:49:29 | INFO | my_functions.py:172 | Searching claim_hover.PNG (timeout=0s)
2026-05-08 19:49:30 | INFO | my_functions.py:209 | 
⛔ Not found: claim_hover.PNG after 0.22s region=(0, 0, 765, 1038) confidence=0.8
2026-05-08 19:49:30 | INFO | my_functions.py:258 | [DEBUG] Click skipped, image not found: claim_hover.PNG
2026-05-08 19:49:30 | INFO | my_functions.py:231 | [DEBUG] wait_for_image_and_click -> nice_hover_half.PNG timeout=0s delay_click=1s confidence=0.8
2026-05-08 19:49:30 | INFO | my_functions.py:172 | Searching nice_hover_half.PNG (timeout=0s)
2026-05-08 19:49:30 | INFO | my_functions.py:209 | 
⛔ Not found: nice_hover_half.PNG after 0.0s region=(0, 0, 765, 1038) confidence=0.8
2026-05-08 19:49:30 | INFO | my_functions.py:258 | [DEBUG] Click skipped, image not found: nice_hover_half.PNG
2026-05-08 19:49:30 | INFO | my_functions.py:231 | [DEBUG] wait_for_image_and_click -> claim_After_receive_new_deck.PNG timeout=0s delay_click=1s confidence=0.8
2026-05-08 19:49:30 | INFO | my_functions.py:172 | Searching claim_After_receive_new_deck.PNG (timeout=0s)
2026-05-08 19:49:30 | INFO | my_functions.py:209 | 
⛔ Not found: claim_After_receive_new_deck.PNG after 0.0s region=(0, 0, 765, 1038) confidence=0.8
2026-05-08 19:49:30 | INFO | my_functions.py:258 | [DEBUG] Click skipped, image not found: claim_After_receive_new_deck.PNG
2026-05-08 19:49:30 | INFO | my_functions.py:231 | [DEBUG] wait_for_image_and_click -> nice!.PNG timeout=0s delay_click=1s confidence=0.8
2026-05-08 19:49:30 | INFO | my_functions.py:172 | Searching nice!.PNG (timeout=0s)
2026-05-08 19:49:30 | INFO | my_functions.py:209 | 
⛔ Not found: nice!.PNG after 0.0s region=(0, 0, 765, 1038) confidence=0.8
2026-05-08 19:49:30 | INFO | my_functions.py:258 | [DEBUG] Click skipped, image not found: nice!.PNG
2026-05-08 19:49:30 | INFO | my_functions.py:231 | [DEBUG] wait_for_image_and_click -> claim!.PNG timeout=0s delay_click=1s confidence=0.8
2026-05-08 19:49:30 | INFO | my_functions.py:172 | Searching claim!.PNG (timeout=0s)
2026-05-08 19:49:30 | INFO | my_functions.py:209 | 
⛔ Not found: claim!.PNG after 0.01s region=(0, 0, 765, 1038) confidence=0.8
2026-05-08 19:49:30 | INFO | my_functions.py:258 | [DEBUG] Click skipped, image not found: claim!.PNG
2026-05-08 19:49:30 | INFO | my_functions.py:231 | [DEBUG] wait_for_image_and_click -> claim_hover.PNG timeout=0s delay_click=1s confidence=0.8
2026-05-08 19:49:30 | INFO | my_functions.py:172 | Searching claim_hover.PNG (timeout=0s)
2026-05-08 19:49:31 | INFO | my_functions.py:209 | 
⛔ Not found: claim_hover.PNG after 0.0s region=(0, 0, 765, 1038) confidence=0.8
2026-05-08 19:49:31 | INFO | my_functions.py:258 | [DEBUG] Click skipped, image not found: claim_hover.PNG
2026-05-08 19:49:31 | INFO | my_functions.py:231 | [DEBUG] wait_for_image_and_click -> nice_hover_half.PNG timeout=0s delay_click=1s confidence=0.8
2026-05-08 19:49:31 | INFO | my_functions.py:172 | Searching nice_hover_half.PNG (timeout=0s)
2026-05-08 19:49:31 | INFO | my_functions.py:209 | 
⛔ Not found: nice_hover_half.PNG after 0.0s region=(0, 0, 765, 1038) confidence=0.8
2026-05-08 19:49:31 | INFO | my_functions.py:258 | [DEBUG] Click skipped, image not found: nice_hover_half.PNG
2026-05-08 19:49:31 | INFO | my_functions.py:231 | [DEBUG] wait_for_image_and_click -> claim_After_receive_new_deck.PNG timeout=0s delay_click=1s confidence=0.8
2026-05-08 19:49:31 | INFO | my_functions.py:172 | Searching claim_After_receive_new_deck.PNG (timeout=0s)
2026-05-08 19:49:31 | INFO | my_functions.py:209 | 
⛔ Not found: claim_After_receive_new_deck.PNG after 0.0s region=(0, 0, 765, 1038) confidence=0.8
2026-05-08 19:49:31 | INFO | my_functions.py:258 | [DEBUG] Click skipped, image not found: claim_After_receive_new_deck.PNG
2026-05-08 19:49:31 | INFO | my_functions.py:231 | [DEBUG] wait_for_image_and_click -> nice!.PNG timeout=0s delay_click=1s confidence=0.8
2026-05-08 19:49:31 | INFO | my_functions.py:172 | Searching nice!.PNG (timeout=0s)
2026-05-08 19:49:32 | INFO | my_functions.py:209 | 
⛔ Not found: nice!.PNG after 0.0s region=(0, 0, 765, 1038) confidence=0.8
2026-05-08 19:49:32 | INFO | my_functions.py:258 | [DEBUG] Click skipped, image not found: nice!.PNG
2026-05-08 19:49:32 | INFO | my_functions.py:231 | [DEBUG] wait_for_image_and_click -> claim!.PNG timeout=0s delay_click=1s confidence=0.8
2026-05-08 19:49:32 | INFO | my_functions.py:172 | Searching claim!.PNG (timeout=0s)
2026-05-08 19:49:32 | INFO | my_functions.py:209 | 
⛔ Not found: claim!.PNG after 0.0s region=(0, 0, 765, 1038) confidence=0.8
2026-05-08 19:49:32 | INFO | my_functions.py:258 | [DEBUG] Click skipped, image not found: claim!.PNG
2026-05-08 19:49:32 | INFO | my_functions.py:231 | [DEBUG] wait_for_image_and_click -> claim_hover.PNG timeout=0s delay_click=1s confidence=0.8
2026-05-08 19:49:32 | INFO | my_functions.py:172 | Searching claim_hover.PNG (timeout=0s)
2026-05-08 19:49:32 | INFO | my_functions.py:209 | 
⛔ Not found: claim_hover.PNG after 0.0s region=(0, 0, 765, 1038) confidence=0.8
2026-05-08 19:49:32 | INFO | my_functions.py:258 | [DEBUG] Click skipped, image not found: claim_hover.PNG
2026-05-08 19:49:32 | INFO | my_functions.py:231 | [DEBUG] wait_for_image_and_click -> nice_hover_half.PNG timeout=0s delay_click=1s confidence=0.8
2026-05-08 19:49:32 | INFO | my_functions.py:172 | Searching nice_hover_half.PNG (timeout=0s)
2026-05-08 19:49:32 | INFO | my_functions.py:209 | 
⛔ Not found: nice_hover_half.PNG after 0.0s region=(0, 0, 765, 1038) confidence=0.8
2026-05-08 19:49:32 | INFO | my_functions.py:258 | [DEBUG] Click skipped, image not found: nice_hover_half.PNG
2026-05-08 19:49:32 | INFO | my_functions.py:231 | [DEBUG] wait_for_image_and_click -> claim_After_receive_new_deck.PNG timeout=0s delay_click=1s confidence=0.8
2026-05-08 19:49:32 | INFO | my_functions.py:172 | Searching claim_After_receive_new_deck.PNG (timeout=0s)
2026-05-08 19:49:32 | INFO | my_functions.py:209 | 
⛔ Not found: claim_After_receive_new_deck.PNG after 0.0s region=(0, 0, 765, 1038) confidence=0.8
2026-05-08 19:49:32 | INFO | my_functions.py:258 | [DEBUG] Click skipped, image not found: claim_After_receive_new_deck.PNG
2026-05-08 19:49:32 | INFO | my_functions.py:231 | [DEBUG] wait_for_image_and_click -> nice!.PNG timeout=0s delay_click=1s confidence=0.8
2026-05-08 19:49:33 | INFO | my_functions.py:172 | Searching nice!.PNG (timeout=0s)
2026-05-08 19:49:33 | INFO | my_functions.py:209 | 
⛔ Not found: nice!.PNG after 0.0s region=(0, 0, 765, 1038) confidence=0.8
2026-05-08 19:49:33 | INFO | my_functions.py:258 | [DEBUG] Click skipped, image not found: nice!.PNG
2026-05-08 19:49:33 | INFO | my_functions.py:231 | [DEBUG] wait_for_image_and_click -> claim!.PNG timeout=0s delay_click=1s confidence=0.8
2026-05-08 19:49:33 | INFO | my_functions.py:172 | Searching claim!.PNG (timeout=0s)
2026-05-08 19:49:33 | INFO | my_functions.py:209 | 
⛔ Not found: claim!.PNG after 0.0s region=(0, 0, 765, 1038) confidence=0.8
2026-05-08 19:49:33 | INFO | my_functions.py:258 | [DEBUG] Click skipped, image not found: claim!.PNG
2026-05-08 19:49:33 | INFO | my_functions.py:231 | [DEBUG] wait_for_image_and_click -> claim_hover.PNG timeout=0s delay_click=1s confidence=0.8
2026-05-08 19:49:33 | INFO | my_functions.py:172 | Searching claim_hover.PNG (timeout=0s)
2026-05-08 19:49:33 | INFO | my_functions.py:209 | 
⛔ Not found: claim_hover.PNG after 0.0s region=(0, 0, 765, 1038) confidence=0.8
2026-05-08 19:49:33 | INFO | my_functions.py:258 | [DEBUG] Click skipped, image not found: claim_hover.PNG
2026-05-08 19:49:33 | INFO | my_functions.py:231 | [DEBUG] wait_for_image_and_click -> nice_hover_half.PNG timeout=0s delay_click=1s confidence=0.8
2026-05-08 19:49:33 | INFO | my_functions.py:172 | Searching nice_hover_half.PNG (timeout=0s)
2026-05-08 19:49:33 | INFO | my_functions.py:209 | 
⛔ Not found: nice_hover_half.PNG after 0.0s region=(0, 0, 765, 1038) confidence=0.8
2026-05-08 19:49:33 | INFO | my_functions.py:258 | [DEBUG] Click skipped, image not found: nice_hover_half.PNG
2026-05-08 19:49:33 | INFO | my_functions.py:231 | [DEBUG] wait_for_image_and_click -> claim_After_receive_new_deck.PNG timeout=0s delay_click=1s confidence=0.8
2026-05-08 19:49:33 | INFO | my_functions.py:172 | Searching claim_After_receive_new_deck.PNG (timeout=0s)
2026-05-08 19:49:34 | INFO | my_functions.py:209 | 
⛔ Not found: claim_After_receive_new_deck.PNG after 0.0s region=(0, 0, 765, 1038) confidence=0.8
2026-05-08 19:49:34 | INFO | my_functions.py:258 | [DEBUG] Click skipped, image not found: claim_After_receive_new_deck.PNG
2026-05-08 19:49:34 | INFO | my_functions.py:231 | [DEBUG] wait_for_image_and_click -> nice!.PNG timeout=0s delay_click=1s confidence=0.8
2026-05-08 19:49:34 | INFO | my_functions.py:172 | Searching nice!.PNG (timeout=0s)
2026-05-08 19:49:34 | INFO | my_functions.py:209 | 
⛔ Not found: nice!.PNG after 0.0s region=(0, 0, 765, 1038) confidence=0.8
2026-05-08 19:49:34 | INFO | my_functions.py:258 | [DEBUG] Click skipped, image not found: nice!.PNG
2026-05-08 19:49:34 | INFO | my_functions.py:231 | [DEBUG] wait_for_image_and_click -> claim!.PNG timeout=0s delay_click=1s confidence=0.8
2026-05-08 19:49:34 | INFO | my_functions.py:172 | Searching claim!.PNG (timeout=0s)
2026-05-08 19:49:34 | INFO | my_functions.py:209 | 
⛔ Not found: claim!.PNG after 0.0s region=(0, 0, 765, 1038) confidence=0.8
2026-05-08 19:49:34 | INFO | my_functions.py:258 | [DEBUG] Click skipped, image not found: claim!.PNG
2026-05-08 19:49:34 | INFO | my_functions.py:231 | [DEBUG] wait_for_image_and_click -> claim_hover.PNG timeout=0s delay_click=1s confidence=0.8
2026-05-08 19:49:34 | INFO | my_functions.py:172 | Searching claim_hover.PNG (timeout=0s)
2026-05-08 19:49:34 | INFO | my_functions.py:209 | 
⛔ Not found: claim_hover.PNG after 0.01s region=(0, 0, 765, 1038) confidence=0.8
2026-05-08 19:49:34 | INFO | my_functions.py:258 | [DEBUG] Click skipped, image not found: claim_hover.PNG
2026-05-08 19:49:34 | INFO | my_functions.py:231 | [DEBUG] wait_for_image_and_click -> nice_hover_half.PNG timeout=0s delay_click=1s confidence=0.8
2026-05-08 19:49:34 | INFO | my_functions.py:172 | Searching nice_hover_half.PNG (timeout=0s)
2026-05-08 19:49:35 | INFO | my_functions.py:209 | 
⛔ Not found: nice_hover_half.PNG after 0.01s region=(0, 0, 765, 1038) confidence=0.8
2026-05-08 19:49:35 | INFO | my_functions.py:258 | [DEBUG] Click skipped, image not found: nice_hover_half.PNG
2026-05-08 19:49:35 | INFO | my_functions.py:231 | [DEBUG] wait_for_image_and_click -> claim_After_receive_new_deck.PNG timeout=0s delay_click=1s confidence=0.8
2026-05-08 19:49:35 | INFO | my_functions.py:172 | Searching claim_After_receive_new_deck.PNG (timeout=0s)
2026-05-08 19:49:35 | INFO | my_functions.py:209 | 
⛔ Not found: claim_After_receive_new_deck.PNG after 0.0s region=(0, 0, 765, 1038) confidence=0.8
2026-05-08 19:49:35 | INFO | my_functions.py:258 | [DEBUG] Click skipped, image not found: claim_After_receive_new_deck.PNG
2026-05-08 19:49:35 | INFO | my_functions.py:231 | [DEBUG] wait_for_image_and_click -> nice!.PNG timeout=0s delay_click=1s confidence=0.8
2026-05-08 19:49:35 | INFO | my_functions.py:172 | Searching nice!.PNG (timeout=0s)
2026-05-08 19:49:35 | INFO | my_functions.py:209 | 
⛔ Not found: nice!.PNG after 0.0s region=(0, 0, 765, 1038) confidence=0.8
2026-05-08 19:49:35 | INFO | my_functions.py:258 | [DEBUG] Click skipped, image not found: nice!.PNG
2026-05-08 19:49:35 | INFO | my_functions.py:231 | [DEBUG] wait_for_image_and_click -> claim!.PNG timeout=0s delay_click=1s confidence=0.8
2026-05-08 19:49:35 | INFO | my_functions.py:172 | Searching claim!.PNG (timeout=0s)
2026-05-08 19:49:35 | INFO | my_functions.py:209 | 
⛔ Not found: claim!.PNG after 0.0s region=(0, 0, 765, 1038) confidence=0.8
2026-05-08 19:49:35 | INFO | my_functions.py:258 | [DEBUG] Click skipped, image not found: claim!.PNG
2026-05-08 19:49:35 | INFO | my_functions.py:231 | [DEBUG] wait_for_image_and_click -> claim_hover.PNG timeout=0s delay_click=1s confidence=0.8
2026-05-08 19:49:35 | INFO | my_functions.py:172 | Searching claim_hover.PNG (timeout=0s)
2026-05-08 19:49:35 | INFO | my_functions.py:209 | 
⛔ Not found: claim_hover.PNG after 0.01s region=(0, 0, 765, 1038) confidence=0.8
2026-05-08 19:49:35 | INFO | my_functions.py:258 | [DEBUG] Click skipped, image not found: claim_hover.PNG
2026-05-08 19:49:35 | INFO | my_functions.py:231 | [DEBUG] wait_for_image_and_click -> nice_hover_half.PNG timeout=0s delay_click=1s confidence=0.8
2026-05-08 19:49:35 | INFO | my_functions.py:172 | Searching nice_hover_half.PNG (timeout=0s)
2026-05-08 19:49:36 | INFO | my_functions.py:209 | 
⛔ Not found: nice_hover_half.PNG after 0.0s region=(0, 0, 765, 1038) confidence=0.8
2026-05-08 19:49:36 | INFO | my_functions.py:258 | [DEBUG] Click skipped, image not found: nice_hover_half.PNG
2026-05-08 19:49:36 | INFO | my_functions.py:231 | [DEBUG] wait_for_image_and_click -> claim_After_receive_new_deck.PNG timeout=0s delay_click=1s confidence=0.8
2026-05-08 19:49:36 | INFO | my_functions.py:172 | Searching claim_After_receive_new_deck.PNG (timeout=0s)
2026-05-08 19:49:36 | INFO | my_functions.py:209 | 
⛔ Not found: claim_After_receive_new_deck.PNG after 0.0s region=(0, 0, 765, 1038) confidence=0.8
2026-05-08 19:49:36 | INFO | my_functions.py:258 | [DEBUG] Click skipped, image not found: claim_After_receive_new_deck.PNG
2026-05-08 19:49:36 | INFO | my_functions.py:231 | [DEBUG] wait_for_image_and_click -> nice!.PNG timeout=0s delay_click=1s confidence=0.8
2026-05-08 19:49:36 | INFO | my_functions.py:172 | Searching nice!.PNG (timeout=0s)
2026-05-08 19:49:36 | INFO | my_functions.py:209 | 
⛔ Not found: nice!.PNG after 0.0s region=(0, 0, 765, 1038) confidence=0.8
2026-05-08 19:49:36 | INFO | my_functions.py:258 | [DEBUG] Click skipped, image not found: nice!.PNG
2026-05-08 19:49:36 | INFO | my_functions.py:231 | [DEBUG] wait_for_image_and_click -> claim!.PNG timeout=0s delay_click=1s confidence=0.8
2026-05-08 19:49:36 | INFO | my_functions.py:172 | Searching claim!.PNG (timeout=0s)
2026-05-08 19:49:36 | INFO | my_functions.py:209 | 
⛔ Not found: claim!.PNG after 0.0s region=(0, 0, 765, 1038) confidence=0.8
2026-05-08 19:49:36 | INFO | my_functions.py:258 | [DEBUG] Click skipped, image not found: claim!.PNG
2026-05-08 19:49:36 | INFO | my_functions.py:231 | [DEBUG] wait_for_image_and_click -> claim_hover.PNG timeout=0s delay_click=1s confidence=0.8
2026-05-08 19:49:36 | INFO | my_functions.py:172 | Searching claim_hover.PNG (timeout=0s)
2026-05-08 19:49:37 | INFO | my_functions.py:209 | 
⛔ Not found: claim_hover.PNG after 0.0s region=(0, 0, 765, 1038) confidence=0.8
2026-05-08 19:49:37 | INFO | my_functions.py:258 | [DEBUG] Click skipped, image not found: claim_hover.PNG
2026-05-08 19:49:37 | INFO | my_functions.py:231 | [DEBUG] wait_for_image_and_click -> nice_hover_half.PNG timeout=0s delay_click=1s confidence=0.8
2026-05-08 19:49:37 | INFO | my_functions.py:172 | Searching nice_hover_half.PNG (timeout=0s)
2026-05-08 19:49:37 | INFO | my_functions.py:209 | 
⛔ Not found: nice_hover_half.PNG after 0.0s region=(0, 0, 765, 1038) confidence=0.8
2026-05-08 19:49:37 | INFO | my_functions.py:258 | [DEBUG] Click skipped, image not found: nice_hover_half.PNG
2026-05-08 19:49:37 | INFO | my_functions.py:231 | [DEBUG] wait_for_image_and_click -> claim_After_receive_new_deck.PNG timeout=0s delay_click=1s confidence=0.8
2026-05-08 19:49:37 | INFO | my_functions.py:172 | Searching claim_After_receive_new_deck.PNG (timeout=0s)
2026-05-08 19:49:37 | INFO | my_functions.py:209 | 
⛔ Not found: claim_After_receive_new_deck.PNG after 0.0s region=(0, 0, 765, 1038) confidence=0.8
2026-05-08 19:49:37 | INFO | my_functions.py:258 | [DEBUG] Click skipped, image not found: claim_After_receive_new_deck.PNG
2026-05-08 19:49:37 | INFO | my_functions.py:231 | [DEBUG] wait_for_image_and_click -> nice!.PNG timeout=0s delay_click=1s confidence=0.8
2026-05-08 19:49:37 | INFO | my_functions.py:172 | Searching nice!.PNG (timeout=0s)
2026-05-08 19:49:37 | INFO | my_functions.py:209 | 
⛔ Not found: nice!.PNG after 0.0s region=(0, 0, 765, 1038) confidence=0.8
2026-05-08 19:49:37 | INFO | my_functions.py:258 | [DEBUG] Click skipped, image not found: nice!.PNG
2026-05-08 19:49:37 | INFO | my_functions.py:231 | [DEBUG] wait_for_image_and_click -> claim!.PNG timeout=0s delay_click=1s confidence=0.8
2026-05-08 19:49:37 | INFO | my_functions.py:172 | Searching claim!.PNG (timeout=0s)
2026-05-08 19:49:37 | INFO | my_functions.py:209 | 
⛔ Not found: claim!.PNG after 0.0s region=(0, 0, 765, 1038) confidence=0.8
2026-05-08 19:49:37 | INFO | my_functions.py:258 | [DEBUG] Click skipped, image not found: claim!.PNG
2026-05-08 19:49:37 | INFO | my_functions.py:231 | [DEBUG] wait_for_image_and_click -> claim_hover.PNG timeout=0s delay_click=1s confidence=0.8
2026-05-08 19:49:38 | INFO | my_functions.py:172 | Searching claim_hover.PNG (timeout=0s)
2026-05-08 19:49:38 | INFO | my_functions.py:209 | 
⛔ Not found: claim_hover.PNG after 0.0s region=(0, 0, 765, 1038) confidence=0.8
2026-05-08 19:49:38 | INFO | my_functions.py:258 | [DEBUG] Click skipped, image not found: claim_hover.PNG
2026-05-08 19:49:38 | INFO | my_functions.py:231 | [DEBUG] wait_for_image_and_click -> nice_hover_half.PNG timeout=0s delay_click=1s confidence=0.8
2026-05-08 19:49:38 | INFO | my_functions.py:172 | Searching nice_hover_half.PNG (timeout=0s)
2026-05-08 19:49:38 | INFO | my_functions.py:209 | 
⛔ Not found: nice_hover_half.PNG after 0.0s region=(0, 0, 765, 1038) confidence=0.8
2026-05-08 19:49:38 | INFO | my_functions.py:258 | [DEBUG] Click skipped, image not found: nice_hover_half.PNG
2026-05-08 19:49:38 | INFO | my_functions.py:231 | [DEBUG] wait_for_image_and_click -> claim_After_receive_new_deck.PNG timeout=0s delay_click=1s confidence=0.8
2026-05-08 19:49:38 | INFO | my_functions.py:172 | Searching claim_After_receive_new_deck.PNG (timeout=0s)
2026-05-08 19:49:38 | INFO | my_functions.py:209 | 
⛔ Not found: claim_After_receive_new_deck.PNG after 0.0s region=(0, 0, 765, 1038) confidence=0.8
2026-05-08 19:49:38 | INFO | my_functions.py:258 | [DEBUG] Click skipped, image not found: claim_After_receive_new_deck.PNG
2026-05-08 19:49:38 | INFO | my_functions.py:231 | [DEBUG] wait_for_image_and_click -> nice!.PNG timeout=0s delay_click=1s confidence=0.8
2026-05-08 19:49:38 | INFO | my_functions.py:172 | Searching nice!.PNG (timeout=0s)
2026-05-08 19:49:38 | INFO | my_functions.py:209 | 
⛔ Not found: nice!.PNG after 0.0s region=(0, 0, 765, 1038) confidence=0.8
2026-05-08 19:49:38 | INFO | my_functions.py:258 | [DEBUG] Click skipped, image not found: nice!.PNG
2026-05-08 19:49:38 | INFO | my_functions.py:231 | [DEBUG] wait_for_image_and_click -> claim!.PNG timeout=0s delay_click=1s confidence=0.8
2026-05-08 19:49:38 | INFO | my_functions.py:172 | Searching claim!.PNG (timeout=0s)
2026-05-08 19:49:38 | INFO | my_functions.py:209 | 
⛔ Not found: claim!.PNG after 0.0s region=(0, 0, 765, 1038) confidence=0.8
2026-05-08 19:49:38 | INFO | my_functions.py:258 | [DEBUG] Click skipped, image not found: claim!.PNG
2026-05-08 19:49:38 | INFO | my_functions.py:231 | [DEBUG] wait_for_image_and_click -> claim_hover.PNG timeout=0s delay_click=1s confidence=0.8
2026-05-08 19:49:38 | INFO | my_functions.py:172 | Searching claim_hover.PNG (timeout=0s)
2026-05-08 19:49:39 | INFO | my_functions.py:209 | 
⛔ Not found: claim_hover.PNG after 0.0s region=(0, 0, 765, 1038) confidence=0.8
2026-05-08 19:49:39 | INFO | my_functions.py:258 | [DEBUG] Click skipped, image not found: claim_hover.PNG
2026-05-08 19:49:39 | INFO | my_functions.py:231 | [DEBUG] wait_for_image_and_click -> nice_hover_half.PNG timeout=0s delay_click=1s confidence=0.8
2026-05-08 19:49:39 | INFO | my_functions.py:172 | Searching nice_hover_half.PNG (timeout=0s)
2026-05-08 19:49:39 | INFO | my_functions.py:209 | 
⛔ Not found: nice_hover_half.PNG after 0.0s region=(0, 0, 765, 1038) confidence=0.8
2026-05-08 19:49:39 | INFO | my_functions.py:258 | [DEBUG] Click skipped, image not found: nice_hover_half.PNG
2026-05-08 19:49:39 | INFO | my_functions.py:231 | [DEBUG] wait_for_image_and_click -> claim_After_receive_new_deck.PNG timeout=0s delay_click=1s confidence=0.8
2026-05-08 19:49:39 | INFO | my_functions.py:172 | Searching claim_After_receive_new_deck.PNG (timeout=0s)
2026-05-08 19:49:39 | INFO | my_functions.py:209 | 
⛔ Not found: claim_After_receive_new_deck.PNG after 0.0s region=(0, 0, 765, 1038) confidence=0.8
2026-05-08 19:49:39 | INFO | my_functions.py:258 | [DEBUG] Click skipped, image not found: claim_After_receive_new_deck.PNG
2026-05-08 19:49:39 | INFO | my_functions.py:231 | [DEBUG] wait_for_image_and_click -> nice!.PNG timeout=0s delay_click=1s confidence=0.8
2026-05-08 19:49:39 | INFO | my_functions.py:172 | Searching nice!.PNG (timeout=0s)
2026-05-08 19:49:39 | INFO | my_functions.py:209 | 
⛔ Not found: nice!.PNG after 0.0s region=(0, 0, 765, 1038) confidence=0.8
2026-05-08 19:49:39 | INFO | my_functions.py:258 | [DEBUG] Click skipped, image not found: nice!.PNG
2026-05-08 19:49:39 | INFO | my_functions.py:231 | [DEBUG] wait_for_image_and_click -> claim!.PNG timeout=0s delay_click=1s confidence=0.8
2026-05-08 19:49:39 | INFO | my_functions.py:172 | Searching claim!.PNG (timeout=0s)
2026-05-08 19:49:40 | INFO | my_functions.py:209 | 
⛔ Not found: claim!.PNG after 0.01s region=(0, 0, 765, 1038) confidence=0.8
2026-05-08 19:49:40 | INFO | my_functions.py:258 | [DEBUG] Click skipped, image not found: claim!.PNG
2026-05-08 19:49:40 | INFO | my_functions.py:231 | [DEBUG] wait_for_image_and_click -> claim_hover.PNG timeout=0s delay_click=1s confidence=0.8
2026-05-08 19:49:40 | INFO | my_functions.py:172 | Searching claim_hover.PNG (timeout=0s)
2026-05-08 19:49:40 | INFO | my_functions.py:209 | 
⛔ Not found: claim_hover.PNG after 0.0s region=(0, 0, 765, 1038) confidence=0.8
2026-05-08 19:49:40 | INFO | my_functions.py:258 | [DEBUG] Click skipped, image not found: claim_hover.PNG
2026-05-08 19:49:40 | INFO | my_functions.py:231 | [DEBUG] wait_for_image_and_click -> nice_hover_half.PNG timeout=0s delay_click=1s confidence=0.8
2026-05-08 19:49:40 | INFO | my_functions.py:172 | Searching nice_hover_half.PNG (timeout=0s)
2026-05-08 19:49:40 | INFO | my_functions.py:209 | 
⛔ Not found: nice_hover_half.PNG after 0.0s region=(0, 0, 765, 1038) confidence=0.8
2026-05-08 19:49:40 | INFO | my_functions.py:258 | [DEBUG] Click skipped, image not found: nice_hover_half.PNG
2026-05-08 19:49:40 | INFO | my_functions.py:231 | [DEBUG] wait_for_image_and_click -> claim_After_receive_new_deck.PNG timeout=0s delay_click=1s confidence=0.8
2026-05-08 19:49:40 | INFO | my_functions.py:172 | Searching claim_After_receive_new_deck.PNG (timeout=0s)
2026-05-08 19:49:40 | INFO | my_functions.py:209 | 
⛔ Not found: claim_After_receive_new_deck.PNG after 0.0s region=(0, 0, 765, 1038) confidence=0.8
2026-05-08 19:49:40 | INFO | my_functions.py:258 | [DEBUG] Click skipped, image not found: claim_After_receive_new_deck.PNG
2026-05-08 19:49:49 | INFO | my_functions.py:172 | Searching shop_unselected.PNG (timeout=0s)
2026-05-08 19:49:49 | INFO | my_functions.py:209 | 
⛔ Not found: shop_unselected.PNG after 0.19s region=(0, 0, 765, 1038) confidence=0.8
2026-05-08 19:49:50 | INFO | my_functions.py:172 | Searching shop_unselected.PNG (timeout=0s)
2026-05-08 19:49:50 | INFO | my_functions.py:209 | 
⛔ Not found: shop_unselected.PNG after 0.0s region=(0, 0, 765, 1038) confidence=0.8
2026-05-08 19:49:50 | INFO | my_functions.py:231 | [DEBUG] wait_for_image_and_click -> super_premium.PNG timeout=0s delay_click=1s confidence=0.8
2026-05-08 19:49:50 | INFO | my_functions.py:172 | Searching super_premium.PNG (timeout=0s)
2026-05-08 19:49:50 | INFO | my_functions.py:198 | 
✅ Found: super_premium.PNG pos=(480, 777) time=0.18s confidence=0.8
2026-05-08 19:49:51 | INFO | my_functions.py:138 | Haciendo click en la posición (480, 777)
2026-05-08 19:49:52 | INFO | my_functions.py:251 | 🖱️ Click OK: super_premium.PNG at (480, 777) delay=1s
2026-05-08 19:49:52 | INFO | my_functions.py:146 | Presionando ESC (1/1)
2026-05-08 19:50:00 | INFO | my_functions.py:172 | Searching shop_unselected.PNG (timeout=0s)
2026-05-08 19:50:00 | INFO | my_functions.py:198 | 
✅ Found: shop_unselected.PNG pos=(89, 961) time=0.21s confidence=0.8
2026-05-08 19:50:00 | INFO | my_functions.py:720 | Ya esta listo
2026-05-08 19:50:00 | INFO | each_eight_hours.py:163 | Initial images processed
2026-05-08 19:50:01 | INFO | each_eight_hours.py:166 | Chrome terminated
2026-05-08 19:50:01 | INFO | my_functions.py:231 | [DEBUG] wait_for_image_and_click -> missions_unnotified2.png timeout=20s delay_click=1s confidence=0.8
2026-05-08 19:50:01 | INFO | my_functions.py:172 | Searching missions_unnotified2.png (timeout=20s)
2026-05-08 19:50:01 | INFO | my_functions.py:198 | 
✅ Found: missions_unnotified2.png pos=(516, 127) time=0.21s confidence=0.8
2026-05-08 19:50:02 | INFO | my_functions.py:138 | Haciendo click en la posición (516, 127)
2026-05-08 19:50:02 | INFO | my_functions.py:251 | 🖱️ Click OK: missions_unnotified2.png at (516, 127) delay=1s
2026-05-08 19:50:02 | INFO | my_functions.py:231 | [DEBUG] wait_for_image_and_click -> calendar_missions_daily.png timeout=3s delay_click=1s confidence=0.8
2026-05-08 19:50:02 | INFO | my_functions.py:172 | Searching calendar_missions_daily.png (timeout=3s)
2026-05-08 19:50:03 | INFO | my_functions.py:198 | 
✅ Found: calendar_missions_daily.png pos=(189, 131) time=1.06s confidence=0.8
2026-05-08 19:50:04 | INFO | my_functions.py:138 | Haciendo click en la posición (189, 131)
2026-05-08 19:50:04 | INFO | my_functions.py:251 | 🖱️ Click OK: calendar_missions_daily.png at (189, 131) delay=1s
2026-05-08 19:50:04 | INFO | each_eight_hours.py:180 | Mission screens opened
2026-05-08 19:50:04 | INFO | my_functions.py:295 | JSON file located at C:\Users\Farm\AppData\LocalLow\Second Dinner\SNAP\Standalone\States\nvprod\MissionState.json
2026-05-08 19:50:07 | INFO | my_functions.py:434 | AVAILABLE: 5
2026-05-08 19:50:07 | INFO | my_functions.py:444 | [INFO] Waiting for Notepad++ process...
2026-05-08 19:50:07 | INFO | my_functions.py:458 | [INFO] Notepad++ detected PID=9372
2026-05-08 19:50:10 | INFO | my_functions.py:466 | [SUCCESS] Notepad++ closed successfully
2026-05-08 19:50:11 | INFO | my_functions.py:1593 | [INFO] Iniciando click_missions_blue2
2026-05-08 19:50:11 | INFO | my_functions.py:138 | Haciendo click en la posición (150, 132)
2026-05-08 19:50:13 | INFO | my_functions.py:1596 | [ACTION] Click hecho en icono de calendario que me dirige a las misiones ordinarias
2026-05-08 19:50:13 | INFO | my_functions.py:172 | Searching bonus_challenge.png (timeout=0s)
2026-05-08 19:50:13 | INFO | my_functions.py:209 | 
⛔ Not found: bonus_challenge.png after 0.0s region=(0, 0, 765, 1038) confidence=0.8
2026-05-08 19:50:15 | INFO | my_functions.py:172 | Searching flechita_mission.PNG (timeout=0s)
2026-05-08 19:50:15 | INFO | my_functions.py:209 | 
⛔ Not found: flechita_mission.PNG after 0.0s region=(0, 0, 765, 1038) confidence=0.8
2026-05-08 19:50:15 | INFO | my_functions.py:231 | [DEBUG] wait_for_image_and_click -> weekly3.PNG timeout=0s delay_click=0.1s confidence=0.8
2026-05-08 19:50:15 | INFO | my_functions.py:172 | Searching weekly3.PNG (timeout=0s)
2026-05-08 19:50:15 | INFO | my_functions.py:209 | 
⛔ Not found: weekly3.PNG after 0.0s region=(0, 0, 765, 1038) confidence=0.8
2026-05-08 19:50:15 | INFO | my_functions.py:258 | [DEBUG] Click skipped, image not found: weekly3.PNG
2026-05-08 19:50:15 | INFO | my_functions.py:231 | [DEBUG] wait_for_image_and_click -> weekly3.PNG timeout=0s delay_click=0.1s confidence=0.8
2026-05-08 19:50:15 | INFO | my_functions.py:172 | Searching weekly3.PNG (timeout=0s)
2026-05-08 19:50:15 | INFO | my_functions.py:209 | 
⛔ Not found: weekly3.PNG after 0.0s region=(0, 0, 765, 1038) confidence=0.8
2026-05-08 19:50:15 | INFO | my_functions.py:258 | [DEBUG] Click skipped, image not found: weekly3.PNG
2026-05-08 19:50:15 | INFO | my_functions.py:231 | [DEBUG] wait_for_image_and_click -> weekly3.PNG timeout=0s delay_click=0.1s confidence=0.8
2026-05-08 19:50:15 | INFO | my_functions.py:172 | Searching weekly3.PNG (timeout=0s)
2026-05-08 19:50:16 | INFO | my_functions.py:209 | 
⛔ Not found: weekly3.PNG after 0.0s region=(0, 0, 765, 1038) confidence=0.8
2026-05-08 19:50:16 | INFO | my_functions.py:258 | [DEBUG] Click skipped, image not found: weekly3.PNG
2026-05-08 19:50:16 | INFO | my_functions.py:231 | [DEBUG] wait_for_image_and_click -> weekly3.PNG timeout=0s delay_click=0.1s confidence=0.8
2026-05-08 19:50:16 | INFO | my_functions.py:172 | Searching weekly3.PNG (timeout=0s)
2026-05-08 19:50:16 | INFO | my_functions.py:209 | 
⛔ Not found: weekly3.PNG after 0.0s region=(0, 0, 765, 1038) confidence=0.8
2026-05-08 19:50:16 | INFO | my_functions.py:258 | [DEBUG] Click skipped, image not found: weekly3.PNG
2026-05-08 19:50:16 | INFO | my_functions.py:231 | [DEBUG] wait_for_image_and_click -> weekly3.PNG timeout=0s delay_click=0.1s confidence=0.8
2026-05-08 19:50:16 | INFO | my_functions.py:172 | Searching weekly3.PNG (timeout=0s)
2026-05-08 19:50:16 | INFO | my_functions.py:209 | 
⛔ Not found: weekly3.PNG after 0.0s region=(0, 0, 765, 1038) confidence=0.8
2026-05-08 19:50:16 | INFO | my_functions.py:258 | [DEBUG] Click skipped, image not found: weekly3.PNG
2026-05-08 19:50:16 | INFO | my_functions.py:231 | [DEBUG] wait_for_image_and_click -> weekly3.PNG timeout=0s delay_click=0.1s confidence=0.8
2026-05-08 19:50:16 | INFO | my_functions.py:172 | Searching weekly3.PNG (timeout=0s)
2026-05-08 19:50:16 | INFO | my_functions.py:209 | 
⛔ Not found: weekly3.PNG after 0.0s region=(0, 0, 765, 1038) confidence=0.8
2026-05-08 19:50:16 | INFO | my_functions.py:258 | [DEBUG] Click skipped, image not found: weekly3.PNG
2026-05-08 19:50:16 | INFO | my_functions.py:231 | [DEBUG] wait_for_image_and_click -> weekly3.PNG timeout=0s delay_click=0.1s confidence=0.8
2026-05-08 19:50:16 | INFO | my_functions.py:172 | Searching weekly3.PNG (timeout=0s)
2026-05-08 19:50:16 | INFO | my_functions.py:209 | 
⛔ Not found: weekly3.PNG after 0.0s region=(0, 0, 765, 1038) confidence=0.8
2026-05-08 19:50:16 | INFO | my_functions.py:258 | [DEBUG] Click skipped, image not found: weekly3.PNG
2026-05-08 19:50:16 | INFO | my_functions.py:231 | [DEBUG] wait_for_image_and_click -> weekly3.PNG timeout=0s delay_click=0.1s confidence=0.8
2026-05-08 19:50:16 | INFO | my_functions.py:172 | Searching weekly3.PNG (timeout=0s)
2026-05-08 19:50:17 | INFO | my_functions.py:209 | 
⛔ Not found: weekly3.PNG after 0.0s region=(0, 0, 765, 1038) confidence=0.8
2026-05-08 19:50:17 | INFO | my_functions.py:258 | [DEBUG] Click skipped, image not found: weekly3.PNG
2026-05-08 19:50:17 | INFO | my_functions.py:231 | [DEBUG] wait_for_image_and_click -> weekly3.PNG timeout=0s delay_click=0.1s confidence=0.8
2026-05-08 19:50:17 | INFO | my_functions.py:172 | Searching weekly3.PNG (timeout=0s)
2026-05-08 19:50:17 | INFO | my_functions.py:209 | 
⛔ Not found: weekly3.PNG after 0.0s region=(0, 0, 765, 1038) confidence=0.8
2026-05-08 19:50:17 | INFO | my_functions.py:258 | [DEBUG] Click skipped, image not found: weekly3.PNG
2026-05-08 19:50:17 | INFO | my_functions.py:231 | [DEBUG] wait_for_image_and_click -> weekly3.PNG timeout=0s delay_click=0.1s confidence=0.8
2026-05-08 19:50:17 | INFO | my_functions.py:172 | Searching weekly3.PNG (timeout=0s)
2026-05-08 19:50:17 | INFO | my_functions.py:209 | 
⛔ Not found: weekly3.PNG after 0.01s region=(0, 0, 765, 1038) confidence=0.8
2026-05-08 19:50:17 | INFO | my_functions.py:258 | [DEBUG] Click skipped, image not found: weekly3.PNG
2026-05-08 19:50:17 | INFO | my_functions.py:231 | [DEBUG] wait_for_image_and_click -> weekly3.PNG timeout=0s delay_click=0.1s confidence=0.8
2026-05-08 19:50:17 | INFO | my_functions.py:172 | Searching weekly3.PNG (timeout=0s)
2026-05-08 19:50:17 | INFO | my_functions.py:209 | 
⛔ Not found: weekly3.PNG after 0.0s region=(0, 0, 765, 1038) confidence=0.8
2026-05-08 19:50:17 | INFO | my_functions.py:258 | [DEBUG] Click skipped, image not found: weekly3.PNG
2026-05-08 19:50:17 | INFO | my_functions.py:295 | JSON file located at C:\Users\Farm\AppData\LocalLow\Second Dinner\SNAP\Standalone\States\nvprod\MissionState.json
2026-05-08 19:50:20 | INFO | my_functions.py:434 | AVAILABLE: 5
2026-05-08 19:50:20 | INFO | my_functions.py:444 | [INFO] Waiting for Notepad++ process...
2026-05-08 19:50:20 | INFO | my_functions.py:458 | [INFO] Notepad++ detected PID=4120
2026-05-08 19:50:23 | INFO | my_functions.py:466 | [SUCCESS] Notepad++ closed successfully
2026-05-08 19:50:24 | INFO | my_functions.py:146 | Presionando ESC (1/1)
2026-05-08 19:50:25 | INFO | my_functions.py:231 | [DEBUG] wait_for_image_and_click -> white_x.png timeout=2s delay_click=1s confidence=0.8
2026-05-08 19:50:25 | INFO | my_functions.py:172 | Searching white_x.png (timeout=2s)
2026-05-08 19:50:27 | INFO | my_functions.py:209 | 
⛔ Not found: white_x.png after 2.09s region=(0, 0, 765, 1038) confidence=0.8
2026-05-08 19:50:27 | INFO | my_functions.py:258 | [DEBUG] Click skipped, image not found: white_x.png
2026-05-08 19:50:27 | INFO | my_functions.py:172 | Searching play.PNG (timeout=0s)
2026-05-08 19:50:27 | INFO | my_functions.py:198 | 
✅ Found: play.PNG pos=(384, 824) time=0.19s confidence=0.8
2026-05-08 19:50:28 | INFO | my_functions.py:1563 | [INFO] Click realizado donde se equipa el deck a jugar
2026-05-08 19:50:32 | INFO | my_functions.py:231 | [DEBUG] wait_for_image_and_click -> deck_666666.png timeout=3s delay_click=1s confidence=0.8
2026-05-08 19:50:32 | INFO | my_functions.py:172 | Searching deck_666666.png (timeout=3s)
2026-05-08 19:50:32 | INFO | my_functions.py:198 | 
✅ Found: deck_666666.png pos=(384, 546) time=0.19s confidence=0.8
2026-05-08 19:50:33 | INFO | my_functions.py:138 | Haciendo click en la posición (384, 546)
2026-05-08 19:50:33 | INFO | my_functions.py:251 | 🖱️ Click OK: deck_666666.png at (384, 546) delay=1s
2026-05-08 19:50:33 | INFO | my_functions.py:231 | [DEBUG] wait_for_image_and_click -> equip.png timeout=3s delay_click=1s confidence=0.95
2026-05-08 19:50:33 | INFO | my_functions.py:172 | Searching equip.png (timeout=3s)
2026-05-08 19:50:33 | INFO | my_functions.py:198 | 
✅ Found: equip.png pos=(548, 983) time=0.19s confidence=0.95
2026-05-08 19:50:34 | INFO | my_functions.py:138 | Haciendo click en la posición (548, 983)
2026-05-08 19:50:34 | INFO | my_functions.py:251 | 🖱️ Click OK: equip.png at (548, 983) delay=1s
2026-05-08 19:50:34 | INFO | each_eight_hours.py:217 | Deck selected: 6turns
2026-05-08 19:50:34 | INFO | my_functions.py:231 | [DEBUG] wait_for_image_and_click -> maybe_later.PNG timeout=2s delay_click=1s confidence=0.8
2026-05-08 19:50:34 | INFO | my_functions.py:172 | Searching maybe_later.PNG (timeout=2s)
2026-05-08 19:50:37 | INFO | my_functions.py:209 | 
⛔ Not found: maybe_later.PNG after 2.07s region=(0, 0, 765, 1038) confidence=0.8
2026-05-08 19:50:37 | INFO | my_functions.py:258 | [DEBUG] Click skipped, image not found: maybe_later.PNG
2026-05-08 19:50:37 | INFO | my_functions.py:231 | [DEBUG] wait_for_image_and_click -> maybe_later2.PNG timeout=2s delay_click=1s confidence=0.8
2026-05-08 19:50:37 | INFO | my_functions.py:172 | Searching maybe_later2.PNG (timeout=2s)
2026-05-08 19:50:39 | INFO | my_functions.py:209 | 
⛔ Not found: maybe_later2.PNG after 2.0s region=(0, 0, 765, 1038) confidence=0.8
2026-05-08 19:50:39 | INFO | my_functions.py:258 | [DEBUG] Click skipped, image not found: maybe_later2.PNG
2026-05-08 19:50:39 | INFO | each_eight_hours.py:287 | Starting game loop 1
2026-05-08 19:50:39 | INFO | my_functions.py:231 | [DEBUG] wait_for_image_and_click -> play.PNG timeout=20s delay_click=3s confidence=0.8
2026-05-08 19:50:39 | INFO | my_functions.py:172 | Searching play.PNG (timeout=20s)
2026-05-08 19:50:39 | INFO | my_functions.py:198 | 
✅ Found: play.PNG pos=(384, 824) time=0.24s confidence=0.8
2026-05-08 19:50:42 | INFO | my_functions.py:138 | Haciendo click en la posición (384, 824)
2026-05-08 19:50:42 | INFO | my_functions.py:251 | 🖱️ Click OK: play.PNG at (384, 824) delay=3s
2026-05-08 19:50:42 | INFO | each_eight_hours.py:293 | Play button clicked
2026-05-08 19:50:59 | INFO | my_functions.py:198 | 
✅ Found: end_turn.PNG pos=(682, 945) time=0.22s confidence=0.8
2026-05-08 19:50:59 | INFO | my_functions.py:231 | [DEBUG] wait_for_image_and_click -> snap.PNG timeout=0s delay_click=1s confidence=0.8
2026-05-08 19:50:59 | INFO | my_functions.py:198 | 
✅ Found: snap.PNG pos=(386, 122) time=0.19s confidence=0.8
2026-05-08 19:51:00 | INFO | my_functions.py:138 | Haciendo click en la posición (386, 122)
2026-05-08 19:51:00 | INFO | my_functions.py:251 | 🖱️ Click OK: snap.PNG at (386, 122) delay=1s
2026-05-08 19:51:05 | INFO | my_functions.py:138 | Haciendo click en la posición (682, 945)
2026-05-08 19:51:07 | INFO | each_eight_hours.py:314 | End turn executed
2026-05-08 19:51:25 | INFO | my_functions.py:198 | 
✅ Found: end_turn.PNG pos=(681, 945) time=0.18s confidence=0.8
2026-05-08 19:51:25 | INFO | my_functions.py:231 | [DEBUG] wait_for_image_and_click -> snap.PNG timeout=0s delay_click=1s confidence=0.8
2026-05-08 19:51:25 | INFO | my_functions.py:258 | [DEBUG] Click skipped, image not found: snap.PNG
2026-05-08 19:51:30 | INFO | my_functions.py:138 | Haciendo click en la posición (681, 945)
2026-05-08 19:51:32 | INFO | each_eight_hours.py:314 | End turn executed
2026-05-08 19:51:42 | INFO | my_functions.py:198 | 
✅ Found: end_turn.PNG pos=(681, 945) time=0.22s confidence=0.8
2026-05-08 19:51:42 | INFO | my_functions.py:231 | [DEBUG] wait_for_image_and_click -> snap.PNG timeout=0s delay_click=1s confidence=0.8
2026-05-08 19:51:42 | INFO | my_functions.py:258 | [DEBUG] Click skipped, image not found: snap.PNG
2026-05-08 19:51:47 | INFO | my_functions.py:138 | Haciendo click en la posición (681, 945)
2026-05-08 19:51:49 | INFO | each_eight_hours.py:314 | End turn executed
2026-05-08 19:52:29 | INFO | my_functions.py:198 | 
✅ Found: never_seen_before.png pos=(395, 141) time=0.2s confidence=0.8
2026-05-08 19:52:30 | WARNING | each_eight_hours.py:327 | Unknown popup handled
2026-05-08 19:52:34 | INFO | my_functions.py:198 | 
✅ Found: end_turn.PNG pos=(681, 945) time=0.18s confidence=0.8
2026-05-08 19:52:34 | INFO | my_functions.py:231 | [DEBUG] wait_for_image_and_click -> snap.PNG timeout=0s delay_click=1s confidence=0.8
2026-05-08 19:52:35 | INFO | my_functions.py:258 | [DEBUG] Click skipped, image not found: snap.PNG
2026-05-08 19:52:40 | INFO | my_functions.py:138 | Haciendo click en la posición (681, 945)
2026-05-08 19:52:41 | INFO | each_eight_hours.py:314 | End turn executed
2026-05-08 19:53:09 | INFO | my_functions.py:198 | 
✅ Found: end_turn.PNG pos=(681, 945) time=0.2s confidence=0.8
2026-05-08 19:53:09 | INFO | my_functions.py:231 | [DEBUG] wait_for_image_and_click -> snap.PNG timeout=0s delay_click=1s confidence=0.8
2026-05-08 19:53:10 | INFO | my_functions.py:258 | [DEBUG] Click skipped, image not found: snap.PNG
2026-05-08 19:53:15 | INFO | my_functions.py:138 | Haciendo click en la posición (681, 945)
2026-05-08 19:53:16 | INFO | each_eight_hours.py:314 | End turn executed
2026-05-08 19:53:59 | INFO | my_functions.py:198 | 
✅ Found: end_turn.PNG pos=(681, 945) time=0.24s confidence=0.8
2026-05-08 19:53:59 | INFO | my_functions.py:231 | [DEBUG] wait_for_image_and_click -> snap.PNG timeout=0s delay_click=1s confidence=0.8
2026-05-08 19:53:59 | INFO | my_functions.py:258 | [DEBUG] Click skipped, image not found: snap.PNG
2026-05-08 19:54:04 | INFO | my_functions.py:138 | Haciendo click en la posición (681, 945)
2026-05-08 19:54:06 | INFO | each_eight_hours.py:314 | End turn executed
2026-05-08 19:54:41 | INFO | my_functions.py:198 | 
✅ Found: collect_rewards.PNG pos=(679, 957) time=0.26s confidence=0.8
2026-05-08 19:54:41 | INFO | each_eight_hours.py:353 | Rewards detected, exiting match
2026-05-08 19:54:41 | INFO | my_functions.py:231 | [DEBUG] wait_for_image_and_click -> collect_rewards.PNG timeout=20s delay_click=1s confidence=0.8
2026-05-08 19:54:41 | INFO | my_functions.py:172 | Searching collect_rewards.PNG (timeout=20s)
2026-05-08 19:54:41 | INFO | my_functions.py:198 | 
✅ Found: collect_rewards.PNG pos=(679, 957) time=0.26s confidence=0.8
2026-05-08 19:54:42 | INFO | my_functions.py:138 | Haciendo click en la posición (679, 957)
2026-05-08 19:54:42 | INFO | my_functions.py:251 | 🖱️ Click OK: collect_rewards.PNG at (679, 957) delay=1s
2026-05-08 19:54:42 | INFO | my_functions.py:231 | [DEBUG] wait_for_image_and_click -> next.PNG timeout=20s delay_click=1s confidence=0.8
2026-05-08 19:54:42 | INFO | my_functions.py:172 | Searching next.PNG (timeout=20s)
2026-05-08 19:54:46 | INFO | my_functions.py:198 | 
✅ Found: next.PNG pos=(678, 1004) time=3.25s confidence=0.8
2026-05-08 19:54:47 | INFO | my_functions.py:138 | Haciendo click en la posición (678, 1004)
2026-05-08 19:54:47 | INFO | my_functions.py:251 | 🖱️ Click OK: next.PNG at (678, 1004) delay=1s
2026-05-08 19:54:51 | INFO | my_functions.py:434 | AVAILABLE: 5
2026-05-08 19:54:51 | INFO | my_functions.py:444 | [INFO] Waiting for Notepad++ process...
2026-05-08 19:54:51 | INFO | my_functions.py:458 | [INFO] Notepad++ detected PID=7432
2026-05-08 19:54:54 | INFO | my_functions.py:466 | [SUCCESS] Notepad++ closed successfully
2026-05-08 19:54:55 | INFO | each_eight_hours.py:421 | Submissions after match: 5
2026-05-08 19:54:55 | INFO | my_functions.py:378 | Misiones completadas: 0
2026-05-08 19:54:55 | INFO | each_eight_hours.py:287 | Starting game loop 2
2026-05-08 19:54:55 | INFO | my_functions.py:231 | [DEBUG] wait_for_image_and_click -> play.PNG timeout=20s delay_click=3s confidence=0.8
2026-05-08 19:54:55 | INFO | my_functions.py:172 | Searching play.PNG (timeout=20s)
2026-05-08 19:54:56 | INFO | my_functions.py:198 | 
✅ Found: play.PNG pos=(384, 824) time=0.43s confidence=0.8
2026-05-08 19:54:59 | INFO | my_functions.py:138 | Haciendo click en la posición (384, 824)
2026-05-08 19:54:59 | INFO | my_functions.py:251 | 🖱️ Click OK: play.PNG at (384, 824) delay=3s
2026-05-08 19:54:59 | INFO | each_eight_hours.py:293 | Play button clicked
2026-05-08 19:55:18 | INFO | my_functions.py:198 | 
✅ Found: end_turn.PNG pos=(681, 945) time=0.2s confidence=0.8
2026-05-08 19:55:18 | INFO | my_functions.py:231 | [DEBUG] wait_for_image_and_click -> snap.PNG timeout=0s delay_click=1s confidence=0.8
2026-05-08 19:55:18 | INFO | my_functions.py:198 | 
✅ Found: snap.PNG pos=(386, 122) time=0.2s confidence=0.8
2026-05-08 19:55:19 | INFO | my_functions.py:138 | Haciendo click en la posición (386, 122)
2026-05-08 19:55:19 | INFO | my_functions.py:251 | 🖱️ Click OK: snap.PNG at (386, 122) delay=1s
2026-05-08 19:55:24 | INFO | my_functions.py:138 | Haciendo click en la posición (681, 945)
2026-05-08 19:55:25 | INFO | each_eight_hours.py:314 | End turn executed
2026-05-08 19:55:33 | INFO | my_functions.py:198 | 
✅ Found: never_seen_before.png pos=(395, 141) time=0.18s confidence=0.8
2026-05-08 19:55:34 | WARNING | each_eight_hours.py:327 | Unknown popup handled
2026-05-08 19:55:43 | INFO | my_functions.py:198 | 
✅ Found: end_turn.PNG pos=(681, 945) time=0.19s confidence=0.8
2026-05-08 19:55:43 | INFO | my_functions.py:231 | [DEBUG] wait_for_image_and_click -> snap.PNG timeout=0s delay_click=1s confidence=0.8
2026-05-08 19:55:44 | INFO | my_functions.py:258 | [DEBUG] Click skipped, image not found: snap.PNG
2026-05-08 19:55:49 | INFO | my_functions.py:138 | Haciendo click en la posición (681, 945)
2026-05-08 19:55:50 | INFO | each_eight_hours.py:314 | End turn executed
2026-05-08 19:56:05 | INFO | my_functions.py:198 | 
✅ Found: never_seen_before.png pos=(395, 141) time=0.18s confidence=0.8
2026-05-08 19:56:06 | WARNING | each_eight_hours.py:327 | Unknown popup handled
2026-05-08 19:56:13 | INFO | my_functions.py:198 | 
✅ Found: end_turn.PNG pos=(681, 945) time=0.18s confidence=0.8
2026-05-08 19:56:13 | INFO | my_functions.py:231 | [DEBUG] wait_for_image_and_click -> snap.PNG timeout=0s delay_click=1s confidence=0.8
2026-05-08 19:56:14 | INFO | my_functions.py:258 | [DEBUG] Click skipped, image not found: snap.PNG
2026-05-08 19:56:19 | INFO | my_functions.py:138 | Haciendo click en la posición (681, 945)
2026-05-08 19:56:20 | INFO | each_eight_hours.py:314 | End turn executed
2026-05-08 19:56:41 | INFO | my_functions.py:198 | 
✅ Found: end_turn.PNG pos=(681, 945) time=0.18s confidence=0.8
2026-05-08 19:56:41 | INFO | my_functions.py:231 | [DEBUG] wait_for_image_and_click -> snap.PNG timeout=0s delay_click=1s confidence=0.8
2026-05-08 19:56:41 | INFO | my_functions.py:258 | [DEBUG] Click skipped, image not found: snap.PNG
2026-05-08 19:56:46 | INFO | my_functions.py:138 | Haciendo click en la posición (681, 945)
2026-05-08 19:56:47 | INFO | each_eight_hours.py:314 | End turn executed
2026-05-08 19:57:04 | INFO | my_functions.py:198 | 
✅ Found: never_seen_before.png pos=(395, 141) time=0.22s confidence=0.8
2026-05-08 19:57:05 | WARNING | each_eight_hours.py:327 | Unknown popup handled
2026-05-08 19:57:27 | INFO | my_functions.py:198 | 
✅ Found: end_turn.PNG pos=(681, 945) time=0.2s confidence=0.8
2026-05-08 19:57:27 | INFO | my_functions.py:231 | [DEBUG] wait_for_image_and_click -> snap.PNG timeout=0s delay_click=1s confidence=0.8
2026-05-08 19:57:28 | INFO | my_functions.py:258 | [DEBUG] Click skipped, image not found: snap.PNG
2026-05-08 19:57:33 | INFO | my_functions.py:138 | Haciendo click en la posición (681, 945)
2026-05-08 19:57:34 | INFO | each_eight_hours.py:314 | End turn executed
2026-05-08 19:57:50 | INFO | my_functions.py:198 | 
✅ Found: never_seen_before.png pos=(395, 141) time=0.2s confidence=0.8
2026-05-08 19:57:51 | WARNING | each_eight_hours.py:327 | Unknown popup handled
2026-05-08 19:58:09 | INFO | my_functions.py:198 | 
✅ Found: end_turn.PNG pos=(681, 945) time=0.22s confidence=0.8
2026-05-08 19:58:09 | INFO | my_functions.py:231 | [DEBUG] wait_for_image_and_click -> snap.PNG timeout=0s delay_click=1s confidence=0.8
2026-05-08 19:58:09 | INFO | my_functions.py:258 | [DEBUG] Click skipped, image not found: snap.PNG
2026-05-08 19:58:14 | INFO | my_functions.py:138 | Haciendo click en la posición (681, 945)
2026-05-08 19:58:16 | INFO | each_eight_hours.py:314 | End turn executed
2026-05-08 19:58:35 | INFO | my_functions.py:198 | 
✅ Found: never_seen_before.png pos=(395, 141) time=0.19s confidence=0.8
2026-05-08 19:58:36 | WARNING | each_eight_hours.py:327 | Unknown popup handled
2026-05-08 19:58:39 | INFO | my_functions.py:198 | 
✅ Found: never_seen_before.png pos=(395, 141) time=0.18s confidence=0.8
2026-05-08 19:58:39 | WARNING | each_eight_hours.py:327 | Unknown popup handled
2026-05-08 19:58:53 | INFO | my_functions.py:198 | 
✅ Found: collect_rewards.PNG pos=(679, 963) time=0.23s confidence=0.8
2026-05-08 19:58:53 | INFO | each_eight_hours.py:353 | Rewards detected, exiting match
2026-05-08 19:58:53 | INFO | my_functions.py:231 | [DEBUG] wait_for_image_and_click -> collect_rewards.PNG timeout=20s delay_click=1s confidence=0.8
2026-05-08 19:58:53 | INFO | my_functions.py:172 | Searching collect_rewards.PNG (timeout=20s)
2026-05-08 19:58:53 | INFO | my_functions.py:198 | 
✅ Found: collect_rewards.PNG pos=(680, 957) time=0.23s confidence=0.8
2026-05-08 19:58:54 | INFO | my_functions.py:138 | Haciendo click en la posición (680, 957)
2026-05-08 19:58:54 | INFO | my_functions.py:251 | 🖱️ Click OK: collect_rewards.PNG at (680, 957) delay=1s
2026-05-08 19:58:54 | INFO | my_functions.py:231 | [DEBUG] wait_for_image_and_click -> next.PNG timeout=20s delay_click=1s confidence=0.8
2026-05-08 19:58:54 | INFO | my_functions.py:172 | Searching next.PNG (timeout=20s)
2026-05-08 19:58:57 | INFO | my_functions.py:198 | 
✅ Found: next.PNG pos=(677, 973) time=3.22s confidence=0.8
2026-05-08 19:58:58 | INFO | my_functions.py:138 | Haciendo click en la posición (677, 973)
2026-05-08 19:58:59 | INFO | my_functions.py:251 | 🖱️ Click OK: next.PNG at (677, 973) delay=1s
2026-05-08 19:59:03 | INFO | my_functions.py:434 | AVAILABLE: 5
2026-05-08 19:59:03 | INFO | my_functions.py:444 | [INFO] Waiting for Notepad++ process...
2026-05-08 19:59:03 | INFO | my_functions.py:458 | [INFO] Notepad++ detected PID=4956
2026-05-08 19:59:06 | INFO | my_functions.py:466 | [SUCCESS] Notepad++ closed successfully
2026-05-08 19:59:07 | INFO | each_eight_hours.py:421 | Submissions after match: 5
2026-05-08 19:59:07 | INFO | my_functions.py:378 | Misiones completadas: 1
2026-05-08 19:59:07 | INFO | each_eight_hours.py:430 | Submission condition met, breaking loop
2026-05-08 19:59:07 | INFO | my_functions.py:231 | [DEBUG] wait_for_image_and_click -> missionsNotify2.png timeout=20s delay_click=3s confidence=0.8
2026-05-08 19:59:07 | INFO | my_functions.py:172 | Searching missionsNotify2.png (timeout=20s)
2026-05-08 19:59:07 | INFO | my_functions.py:198 | 
✅ Found: missionsNotify2.png pos=(538, 124) time=0.2s confidence=0.8
2026-05-08 19:59:10 | INFO | my_functions.py:138 | Haciendo click en la posición (538, 124)
2026-05-08 19:59:10 | INFO | my_functions.py:251 | 🖱️ Click OK: missionsNotify2.png at (538, 124) delay=3s
2026-05-08 19:59:10 | INFO | my_functions.py:1593 | [INFO] Iniciando click_missions_blue2
2026-05-08 19:59:10 | INFO | my_functions.py:138 | Haciendo click en la posición (150, 132)
2026-05-08 19:59:12 | INFO | my_functions.py:1596 | [ACTION] Click hecho en icono de calendario que me dirige a las misiones ordinarias
2026-05-08 19:59:12 | INFO | my_functions.py:172 | Searching bonus_challenge.png (timeout=0s)
2026-05-08 19:59:12 | INFO | my_functions.py:209 | 
⛔ Not found: bonus_challenge.png after 0.0s region=(0, 0, 765, 1038) confidence=0.8
2026-05-08 19:59:14 | INFO | my_functions.py:138 | Haciendo click en la posición (362, 493)
2026-05-08 19:59:15 | INFO | my_functions.py:1609 | [ACTION] Click 1/1 en misión azul
2026-05-08 19:59:15 | INFO | my_functions.py:172 | Searching flechita_mission.PNG (timeout=0s)
2026-05-08 19:59:16 | INFO | my_functions.py:209 | 
⛔ Not found: flechita_mission.PNG after 0.0s region=(0, 0, 765, 1038) confidence=0.8
2026-05-08 19:59:16 | INFO | my_functions.py:231 | [DEBUG] wait_for_image_and_click -> weekly3.PNG timeout=0s delay_click=0.1s confidence=0.8
2026-05-08 19:59:16 | INFO | my_functions.py:172 | Searching weekly3.PNG (timeout=0s)
2026-05-08 19:59:16 | INFO | my_functions.py:209 | 
⛔ Not found: weekly3.PNG after 0.0s region=(0, 0, 765, 1038) confidence=0.8
2026-05-08 19:59:16 | INFO | my_functions.py:258 | [DEBUG] Click skipped, image not found: weekly3.PNG
2026-05-08 19:59:16 | INFO | my_functions.py:231 | [DEBUG] wait_for_image_and_click -> weekly3.PNG timeout=0s delay_click=0.1s confidence=0.8
2026-05-08 19:59:16 | INFO | my_functions.py:172 | Searching weekly3.PNG (timeout=0s)
2026-05-08 19:59:16 | INFO | my_functions.py:209 | 
⛔ Not found: weekly3.PNG after 0.0s region=(0, 0, 765, 1038) confidence=0.8
2026-05-08 19:59:16 | INFO | my_functions.py:258 | [DEBUG] Click skipped, image not found: weekly3.PNG
2026-05-08 19:59:16 | INFO | my_functions.py:231 | [DEBUG] wait_for_image_and_click -> weekly3.PNG timeout=0s delay_click=0.1s confidence=0.8
2026-05-08 19:59:16 | INFO | my_functions.py:172 | Searching weekly3.PNG (timeout=0s)
2026-05-08 19:59:16 | INFO | my_functions.py:209 | 
⛔ Not found: weekly3.PNG after 0.0s region=(0, 0, 765, 1038) confidence=0.8
2026-05-08 19:59:16 | INFO | my_functions.py:258 | [DEBUG] Click skipped, image not found: weekly3.PNG
2026-05-08 19:59:16 | INFO | my_functions.py:231 | [DEBUG] wait_for_image_and_click -> weekly3.PNG timeout=0s delay_click=0.1s confidence=0.8
2026-05-08 19:59:16 | INFO | my_functions.py:172 | Searching weekly3.PNG (timeout=0s)
2026-05-08 19:59:16 | INFO | my_functions.py:209 | 
⛔ Not found: weekly3.PNG after 0.0s region=(0, 0, 765, 1038) confidence=0.8
2026-05-08 19:59:16 | INFO | my_functions.py:258 | [DEBUG] Click skipped, image not found: weekly3.PNG
2026-05-08 19:59:16 | INFO | my_functions.py:231 | [DEBUG] wait_for_image_and_click -> weekly3.PNG timeout=0s delay_click=0.1s confidence=0.8
2026-05-08 19:59:16 | INFO | my_functions.py:172 | Searching weekly3.PNG (timeout=0s)
2026-05-08 19:59:17 | INFO | my_functions.py:209 | 
⛔ Not found: weekly3.PNG after 0.0s region=(0, 0, 765, 1038) confidence=0.8
2026-05-08 19:59:17 | INFO | my_functions.py:258 | [DEBUG] Click skipped, image not found: weekly3.PNG
2026-05-08 19:59:17 | INFO | my_functions.py:231 | [DEBUG] wait_for_image_and_click -> weekly3.PNG timeout=0s delay_click=0.1s confidence=0.8
2026-05-08 19:59:17 | INFO | my_functions.py:172 | Searching weekly3.PNG (timeout=0s)
2026-05-08 19:59:17 | INFO | my_functions.py:209 | 
⛔ Not found: weekly3.PNG after 0.0s region=(0, 0, 765, 1038) confidence=0.8
2026-05-08 19:59:17 | INFO | my_functions.py:258 | [DEBUG] Click skipped, image not found: weekly3.PNG
2026-05-08 19:59:17 | INFO | my_functions.py:231 | [DEBUG] wait_for_image_and_click -> weekly3.PNG timeout=0s delay_click=0.1s confidence=0.8
2026-05-08 19:59:17 | INFO | my_functions.py:172 | Searching weekly3.PNG (timeout=0s)
2026-05-08 19:59:17 | INFO | my_functions.py:209 | 
⛔ Not found: weekly3.PNG after 0.01s region=(0, 0, 765, 1038) confidence=0.8
2026-05-08 19:59:17 | INFO | my_functions.py:258 | [DEBUG] Click skipped, image not found: weekly3.PNG
2026-05-08 19:59:17 | INFO | my_functions.py:231 | [DEBUG] wait_for_image_and_click -> weekly3.PNG timeout=0s delay_click=0.1s confidence=0.8
2026-05-08 19:59:17 | INFO | my_functions.py:172 | Searching weekly3.PNG (timeout=0s)
2026-05-08 19:59:17 | INFO | my_functions.py:209 | 
⛔ Not found: weekly3.PNG after 0.0s region=(0, 0, 765, 1038) confidence=0.8
2026-05-08 19:59:17 | INFO | my_functions.py:258 | [DEBUG] Click skipped, image not found: weekly3.PNG
2026-05-08 19:59:17 | INFO | my_functions.py:231 | [DEBUG] wait_for_image_and_click -> weekly3.PNG timeout=0s delay_click=0.1s confidence=0.8
2026-05-08 19:59:17 | INFO | my_functions.py:172 | Searching weekly3.PNG (timeout=0s)
2026-05-08 19:59:17 | INFO | my_functions.py:209 | 
⛔ Not found: weekly3.PNG after 0.0s region=(0, 0, 765, 1038) confidence=0.8
2026-05-08 19:59:17 | INFO | my_functions.py:258 | [DEBUG] Click skipped, image not found: weekly3.PNG
2026-05-08 19:59:17 | INFO | my_functions.py:231 | [DEBUG] wait_for_image_and_click -> weekly3.PNG timeout=0s delay_click=0.1s confidence=0.8
2026-05-08 19:59:17 | INFO | my_functions.py:172 | Searching weekly3.PNG (timeout=0s)
2026-05-08 19:59:18 | INFO | my_functions.py:209 | 
⛔ Not found: weekly3.PNG after 0.0s region=(0, 0, 765, 1038) confidence=0.8
2026-05-08 19:59:18 | INFO | my_functions.py:258 | [DEBUG] Click skipped, image not found: weekly3.PNG
2026-05-08 19:59:18 | INFO | my_functions.py:231 | [DEBUG] wait_for_image_and_click -> weekly3.PNG timeout=0s delay_click=0.1s confidence=0.8
2026-05-08 19:59:18 | INFO | my_functions.py:172 | Searching weekly3.PNG (timeout=0s)
2026-05-08 19:59:18 | INFO | my_functions.py:209 | 
⛔ Not found: weekly3.PNG after 0.0s region=(0, 0, 765, 1038) confidence=0.8
2026-05-08 19:59:18 | INFO | my_functions.py:258 | [DEBUG] Click skipped, image not found: weekly3.PNG
2026-05-08 19:59:18 | INFO | my_functions.py:138 | Haciendo click en la posición (557, 64)
2026-05-08 19:59:19 | INFO | my_functions.py:231 | [DEBUG] wait_for_image_and_click -> cards_shop.PNG timeout=20s delay_click=1s confidence=0.8
2026-05-08 19:59:19 | INFO | my_functions.py:172 | Searching cards_shop.PNG (timeout=20s)
2026-05-08 19:59:20 | INFO | my_functions.py:198 | 
✅ Found: cards_shop.PNG pos=(568, 121) time=0.65s confidence=0.8
2026-05-08 19:59:21 | INFO | my_functions.py:138 | Haciendo click en la posición (568, 121)
2026-05-08 19:59:21 | INFO | my_functions.py:251 | 🖱️ Click OK: cards_shop.PNG at (568, 121) delay=1s
2026-05-08 19:59:21 | INFO | my_functions.py:231 | [DEBUG] wait_for_image_and_click -> token_icon.PNG timeout=20s delay_click=1s confidence=0.8
2026-05-08 19:59:21 | INFO | my_functions.py:172 | Searching token_icon.PNG (timeout=20s)
2026-05-08 19:59:23 | INFO | my_functions.py:198 | 
✅ Found: token_icon.PNG pos=(531, 171) time=2.07s confidence=0.8
2026-05-08 19:59:24 | INFO | my_functions.py:138 | Haciendo click en la posición (531, 171)
2026-05-08 19:59:24 | INFO | my_functions.py:251 | 🖱️ Click OK: token_icon.PNG at (531, 171) delay=1s
2026-05-08 19:59:26 | INFO | my_functions.py:231 | [DEBUG] wait_for_image_and_click -> claim!_token_3.PNG timeout=4s delay_click=1s confidence=0.8
2026-05-08 19:59:26 | INFO | my_functions.py:172 | Searching claim!_token_3.PNG (timeout=4s)
2026-05-08 19:59:26 | INFO | my_functions.py:198 | 
✅ Found: claim!_token_3.PNG pos=(231, 573) time=0.23s confidence=0.8
2026-05-08 19:59:27 | INFO | my_functions.py:138 | Haciendo click en la posición (231, 573)
2026-05-08 19:59:28 | INFO | my_functions.py:251 | 🖱️ Click OK: claim!_token_3.PNG at (231, 573) delay=1s
2026-05-08 19:59:28 | INFO | my_functions.py:231 | [DEBUG] wait_for_image_and_click -> offers.PNG timeout=0.1s delay_click=1s confidence=0.8
2026-05-08 19:59:28 | INFO | my_functions.py:172 | Searching offers.PNG (timeout=0.1s)
2026-05-08 19:59:28 | INFO | my_functions.py:198 | 
✅ Found: offers.PNG pos=(197, 121) time=0.23s confidence=0.8
2026-05-08 19:59:29 | INFO | my_functions.py:138 | Haciendo click en la posición (197, 121)
2026-05-08 19:59:29 | INFO | my_functions.py:251 | 🖱️ Click OK: offers.PNG at (197, 121) delay=1s
2026-05-08 19:59:29 | INFO | my_functions.py:231 | [DEBUG] wait_for_image_and_click -> credits_selected.png timeout=0.1s delay_click=1s confidence=0.8
2026-05-08 19:59:29 | INFO | my_functions.py:172 | Searching credits_selected.png (timeout=0.1s)
2026-05-08 19:59:29 | INFO | my_functions.py:209 | 
⛔ Not found: credits_selected.png after 0.23s region=(0, 0, 765, 1038) confidence=0.8
2026-05-08 19:59:29 | INFO | my_functions.py:258 | [DEBUG] Click skipped, image not found: credits_selected.png
2026-05-08 19:59:29 | INFO | my_functions.py:231 | [DEBUG] wait_for_image_and_click -> credits.PNG timeout=0.1s delay_click=1s confidence=0.95
2026-05-08 19:59:29 | INFO | my_functions.py:172 | Searching credits.PNG (timeout=0.1s)
2026-05-08 19:59:30 | INFO | my_functions.py:198 | 
✅ Found: credits.PNG pos=(442, 172) time=0.21s confidence=0.95
2026-05-08 19:59:31 | INFO | my_functions.py:138 | Haciendo click en la posición (442, 172)
2026-05-08 19:59:31 | INFO | my_functions.py:251 | 🖱️ Click OK: credits.PNG at (442, 172) delay=1s
2026-05-08 19:59:32 | INFO | my_functions.py:231 | [DEBUG] wait_for_image_and_click -> claim_25_credits.png timeout=2s delay_click=1s confidence=0.8
2026-05-08 19:59:32 | INFO | my_functions.py:172 | Searching claim_25_credits.png (timeout=2s)
2026-05-08 19:59:33 | INFO | my_functions.py:198 | 
✅ Found: claim_25_credits.png pos=(236, 328) time=0.2s confidence=0.8
2026-05-08 19:59:34 | INFO | my_functions.py:138 | Haciendo click en la posición (236, 328)
2026-05-08 19:59:34 | INFO | my_functions.py:251 | 🖱️ Click OK: claim_25_credits.png at (236, 328) delay=1s
2026-05-08 19:59:34 | INFO | my_functions.py:231 | [DEBUG] wait_for_image_and_click -> cards_shop.PNG timeout=20s delay_click=1s confidence=0.8
2026-05-08 19:59:34 | INFO | my_functions.py:172 | Searching cards_shop.PNG (timeout=20s)
2026-05-08 19:59:34 | INFO | my_functions.py:198 | 
✅ Found: cards_shop.PNG pos=(568, 121) time=0.21s confidence=0.8
2026-05-08 19:59:35 | INFO | my_functions.py:138 | Haciendo click en la posición (568, 121)
2026-05-08 19:59:35 | INFO | my_functions.py:251 | 🖱️ Click OK: cards_shop.PNG at (568, 121) delay=1s
2026-05-08 19:59:35 | INFO | my_functions.py:231 | [DEBUG] wait_for_image_and_click -> offers.PNG timeout=20s delay_click=1s confidence=0.8
2026-05-08 19:59:35 | INFO | my_functions.py:172 | Searching offers.PNG (timeout=20s)
2026-05-08 19:59:35 | INFO | my_functions.py:198 | 
✅ Found: offers.PNG pos=(197, 122) time=0.17s confidence=0.8
2026-05-08 19:59:36 | INFO | my_functions.py:138 | Haciendo click en la posición (197, 122)
2026-05-08 19:59:37 | INFO | my_functions.py:251 | 🖱️ Click OK: offers.PNG at (197, 122) delay=1s
2026-05-08 19:59:37 | INFO | my_functions.py:1491 | [INFO] Iniciando mejora de cartas
2026-05-08 19:59:37 | INFO | my_functions.py:231 | [DEBUG] wait_for_image_and_click -> upgrade_cards_icon.PNG timeout=20s delay_click=1s confidence=0.8
2026-05-08 19:59:37 | INFO | my_functions.py:172 | Searching upgrade_cards_icon.PNG (timeout=20s)
2026-05-08 19:59:37 | INFO | my_functions.py:198 | 
✅ Found: upgrade_cards_icon.PNG pos=(322, 170) time=0.21s confidence=0.8
2026-05-08 19:59:38 | INFO | my_functions.py:138 | Haciendo click en la posición (322, 170)
2026-05-08 19:59:38 | INFO | my_functions.py:251 | 🖱️ Click OK: upgrade_cards_icon.PNG at (322, 170) delay=1s
2026-05-08 19:59:38 | INFO | my_functions.py:1495 | [INFO] Abriendo icono de upgrade_cards
2026-05-08 19:59:39 | INFO | my_functions.py:1501 | [STEP] Mejorando carta 1
2026-05-08 19:59:39 | INFO | my_functions.py:1505 | [ACTION] Click en carta 1
2026-05-08 19:59:40 | INFO | my_functions.py:1510 | [ACTION] Click en botón upgrade
2026-05-08 19:59:47 | INFO | my_functions.py:231 | [DEBUG] wait_for_image_and_click -> you_need_more_credits!.png timeout=3s delay_click=1s confidence=0.8
2026-05-08 19:59:47 | INFO | my_functions.py:172 | Searching you_need_more_credits!.png (timeout=3s)
2026-05-08 19:59:51 | INFO | my_functions.py:209 | 
⛔ Not found: you_need_more_credits!.png after 3.18s region=(0, 0, 765, 1038) confidence=0.8
2026-05-08 19:59:51 | INFO | my_functions.py:258 | [DEBUG] Click skipped, image not found: you_need_more_credits!.png
2026-05-08 19:59:56 | INFO | my_functions.py:1525 | [ACTION] Click para continuar a stage de nivel de coleccion
2026-05-08 20:00:01 | INFO | my_functions.py:146 | Presionando ESC (1/1)
2026-05-08 20:00:01 | INFO | my_functions.py:1530 | [ACTION] Saliendo de stage nivel de coleccion con ESC
2026-05-08 20:00:02 | INFO | my_functions.py:231 | [DEBUG] wait_for_image_and_click -> upgrade_cards_icon_selected.PNG timeout=0s delay_click=1s confidence=0.8
2026-05-08 20:00:02 | INFO | my_functions.py:172 | Searching upgrade_cards_icon_selected.PNG (timeout=0s)
2026-05-08 20:00:03 | INFO | my_functions.py:198 | 
✅ Found: upgrade_cards_icon_selected.PNG pos=(320, 173) time=0.19s confidence=0.8
2026-05-08 20:00:04 | INFO | my_functions.py:138 | Haciendo click en la posición (320, 173)
2026-05-08 20:00:04 | INFO | my_functions.py:251 | 🖱️ Click OK: upgrade_cards_icon_selected.PNG at (320, 173) delay=1s
2026-05-08 20:00:04 | INFO | my_functions.py:1550 | [INFO] Reabriendo icono de upgrade_cards
2026-05-08 20:00:05 | INFO | my_functions.py:1501 | [STEP] Mejorando carta 2
2026-05-08 20:00:05 | INFO | my_functions.py:1505 | [ACTION] Click en carta 2
2026-05-08 20:00:06 | INFO | my_functions.py:1510 | [ACTION] Click en botón upgrade
2026-05-08 20:00:13 | INFO | my_functions.py:231 | [DEBUG] wait_for_image_and_click -> you_need_more_credits!.png timeout=3s delay_click=1s confidence=0.8
2026-05-08 20:00:13 | INFO | my_functions.py:172 | Searching you_need_more_credits!.png (timeout=3s)
2026-05-08 20:00:17 | INFO | my_functions.py:209 | 
⛔ Not found: you_need_more_credits!.png after 3.1s region=(0, 0, 765, 1038) confidence=0.8
2026-05-08 20:00:17 | INFO | my_functions.py:258 | [DEBUG] Click skipped, image not found: you_need_more_credits!.png
2026-05-08 20:00:22 | INFO | my_functions.py:1525 | [ACTION] Click para continuar a stage de nivel de coleccion
2026-05-08 20:00:27 | INFO | my_functions.py:146 | Presionando ESC (1/1)
2026-05-08 20:00:27 | INFO | my_functions.py:1530 | [ACTION] Saliendo de stage nivel de coleccion con ESC
2026-05-08 20:00:28 | INFO | my_functions.py:231 | [DEBUG] wait_for_image_and_click -> upgrade_cards_icon_selected.PNG timeout=0s delay_click=1s confidence=0.8
2026-05-08 20:00:28 | INFO | my_functions.py:172 | Searching upgrade_cards_icon_selected.PNG (timeout=0s)
2026-05-08 20:00:28 | INFO | my_functions.py:198 | 
✅ Found: upgrade_cards_icon_selected.PNG pos=(320, 173) time=0.19s confidence=0.8
2026-05-08 20:00:29 | INFO | my_functions.py:138 | Haciendo click en la posición (320, 173)
2026-05-08 20:00:30 | INFO | my_functions.py:251 | 🖱️ Click OK: upgrade_cards_icon_selected.PNG at (320, 173) delay=1s
2026-05-08 20:00:30 | INFO | my_functions.py:1550 | [INFO] Reabriendo icono de upgrade_cards
2026-05-08 20:00:31 | INFO | my_functions.py:1501 | [STEP] Mejorando carta 3
2026-05-08 20:00:31 | INFO | my_functions.py:1505 | [ACTION] Click en carta 3
2026-05-08 20:00:32 | INFO | my_functions.py:1510 | [ACTION] Click en botón upgrade
2026-05-08 20:00:39 | INFO | my_functions.py:231 | [DEBUG] wait_for_image_and_click -> you_need_more_credits!.png timeout=3s delay_click=1s confidence=0.8
2026-05-08 20:00:39 | INFO | my_functions.py:172 | Searching you_need_more_credits!.png (timeout=3s)
2026-05-08 20:00:42 | INFO | my_functions.py:209 | 
⛔ Not found: you_need_more_credits!.png after 3.11s region=(0, 0, 765, 1038) confidence=0.8
2026-05-08 20:00:42 | INFO | my_functions.py:258 | [DEBUG] Click skipped, image not found: you_need_more_credits!.png
2026-05-08 20:00:47 | INFO | my_functions.py:1525 | [ACTION] Click para continuar a stage de nivel de coleccion
2026-05-08 20:00:52 | INFO | my_functions.py:146 | Presionando ESC (1/1)
2026-05-08 20:00:53 | INFO | my_functions.py:1530 | [ACTION] Saliendo de stage nivel de coleccion con ESC
2026-05-08 20:00:54 | INFO | my_functions.py:1553 | [INFO] Mejora de cartas completada ✅
2026-05-08 20:00:54 | INFO | my_functions.py:146 | Presionando ESC (1/1)
2026-05-08 20:00:55 | INFO | each_eight_hours.py:437 | Finished all games
2026-05-08 20:00:55 | INFO | my_functions.py:1443 | [DEBUG] Starting logout process...
2026-05-08 20:00:55 | INFO | my_functions.py:1445 | [DEBUG] Clicking nut icon...
2026-05-08 20:00:55 | INFO | my_functions.py:231 | [DEBUG] wait_for_image_and_click -> nut.png timeout=20s delay_click=1s confidence=0.8
2026-05-08 20:00:55 | INFO | my_functions.py:172 | Searching nut.png (timeout=20s)
2026-05-08 20:00:55 | INFO | my_functions.py:198 | 
✅ Found: nut.png pos=(184, 78) time=0.23s confidence=0.8
2026-05-08 20:00:56 | INFO | my_functions.py:138 | Haciendo click en la posición (184, 78)
2026-05-08 20:00:56 | INFO | my_functions.py:251 | 🖱️ Click OK: nut.png at (184, 78) delay=1s
2026-05-08 20:00:56 | INFO | my_functions.py:1448 | [DEBUG] Waiting for graphics quality image...
2026-05-08 20:00:56 | INFO | my_functions.py:172 | Searching graphics_quality.png (timeout=3s)
2026-05-08 20:00:57 | INFO | my_functions.py:198 | 
✅ Found: graphics_quality.png pos=(303, 646) time=1.13s confidence=0.8
2026-05-08 20:00:57 | INFO | my_functions.py:1450 | [DEBUG] graphics_quality result: Point(x=303, y=646)
2026-05-08 20:00:57 | INFO | my_functions.py:1456 | [DEBUG] Clicking graphics quality...
2026-05-08 20:00:58 | INFO | my_functions.py:1461 | [DEBUG] Scrolling down...
2026-05-08 20:00:58 | INFO | my_functions.py:1464 | [DEBUG] Clicking sign_out...
2026-05-08 20:00:58 | INFO | my_functions.py:231 | [DEBUG] wait_for_image_and_click -> sign_out.png timeout=20s delay_click=1s confidence=0.8
2026-05-08 20:00:58 | INFO | my_functions.py:172 | Searching sign_out.png (timeout=20s)
2026-05-08 20:00:59 | INFO | my_functions.py:198 | 
✅ Found: sign_out.png pos=(380, 796) time=0.18s confidence=0.8
2026-05-08 20:01:00 | INFO | my_functions.py:138 | Haciendo click en la posición (380, 796)
2026-05-08 20:01:00 | INFO | my_functions.py:251 | 🖱️ Click OK: sign_out.png at (380, 796) delay=1s
2026-05-08 20:01:01 | INFO | my_functions.py:1469 | [DEBUG] Clicking big sign_out...
2026-05-08 20:01:01 | INFO | my_functions.py:231 | [DEBUG] wait_for_image_and_click -> sign_out_grande.png timeout=20s delay_click=1s confidence=0.8
2026-05-08 20:01:01 | INFO | my_functions.py:172 | Searching sign_out_grande.png (timeout=20s)
2026-05-08 20:01:01 | INFO | my_functions.py:198 | 
✅ Found: sign_out_grande.png pos=(359, 437) time=0.19s confidence=0.8
2026-05-08 20:01:02 | INFO | my_functions.py:138 | Haciendo click en la posición (359, 437)
2026-05-08 20:01:02 | INFO | my_functions.py:251 | 🖱️ Click OK: sign_out_grande.png at (359, 437) delay=1s
2026-05-08 20:01:02 | INFO | my_functions.py:1472 | [DEBUG] Clicking sign_out2...
2026-05-08 20:01:02 | INFO | my_functions.py:231 | [DEBUG] wait_for_image_and_click -> sign_out2.png timeout=20s delay_click=1s confidence=0.8
2026-05-08 20:01:02 | INFO | my_functions.py:172 | Searching sign_out2.png (timeout=20s)
2026-05-08 20:01:02 | INFO | my_functions.py:198 | 
✅ Found: sign_out2.png pos=(383, 634) time=0.18s confidence=0.8
2026-05-08 20:01:03 | INFO | my_functions.py:138 | Haciendo click en la posición (383, 634)
2026-05-08 20:01:04 | INFO | my_functions.py:251 | 🖱️ Click OK: sign_out2.png at (383, 634) delay=1s
2026-05-08 20:01:04 | INFO | my_functions.py:1475 | [DEBUG] Resizing SNAP window...
2026-05-08 20:01:04 | INFO | my_functions.py:1668 | ⏱ Esperando 0.1 segundos antes de empezar...
2026-05-08 20:01:04 | INFO | my_functions.py:1675 | 🔍 Esperando ventana que contenga alguna de: SNAP (máx 20s)
2026-05-08 20:01:04 | INFO | my_functions.py:1687 | ✅ Ventana encontrada: 'SNAP'
2026-05-08 20:01:04 | INFO | my_functions.py:1702 | ✅ Ventana seleccionada: 'SNAP'
2026-05-08 20:01:06 | INFO | my_functions.py:1725 | 🔁 Reajuste #1...
2026-05-08 20:01:08 | INFO | my_functions.py:1732 | ✔ Verificación completa. Se hicieron 1 reajustes.
2026-05-08 20:01:09 | INFO | my_functions.py:1484 | snap.exe closed
2026-05-08 20:01:12 | INFO | my_functions.py:1487 | [DEBUG] Logout completed successfully.
2026-05-08 20:01:12 | INFO | each_eight_hours.py:146 | Processing account: reeps_vm
2026-05-08 20:01:12 | INFO | each_eight_hours.py:149 | Game relaunched for account
2026-05-08 20:01:12 | INFO | my_functions.py:1668 | ⏱ Esperando 0.1 segundos antes de empezar...
2026-05-08 20:01:12 | INFO | my_functions.py:1675 | 🔍 Esperando ventana que contenga alguna de: ['SNAP'] (máx 20s)
2026-05-08 20:01:15 | INFO | my_functions.py:1687 | ✅ Ventana encontrada: 'SNAP'
2026-05-08 20:01:15 | INFO | my_functions.py:1702 | ✅ Ventana seleccionada: 'SNAP'
2026-05-08 20:01:17 | INFO | my_functions.py:1734 | ✔ Verificación completa. No hubo cambios después del primer ajuste.
2026-05-08 20:01:17 | INFO | each_eight_hours.py:156 | Game window resized
2026-05-08 20:01:17 | INFO | my_functions.py:1207 | [DEBUG] Resizing SNAP window...
2026-05-08 20:01:17 | INFO | my_functions.py:1668 | ⏱ Esperando 0.1 segundos antes de empezar...
2026-05-08 20:01:17 | INFO | my_functions.py:1675 | 🔍 Esperando ventana que contenga alguna de: ['SNAP'] (máx 20s)
2026-05-08 20:01:17 | INFO | my_functions.py:1687 | ✅ Ventana encontrada: 'SNAP'
2026-05-08 20:01:17 | INFO | my_functions.py:1702 | ✅ Ventana seleccionada: 'SNAP'
2026-05-08 20:01:20 | INFO | my_functions.py:1734 | ✔ Verificación completa. No hubo cambios después del primer ajuste.
2026-05-08 20:01:20 | INFO | my_functions.py:231 | [DEBUG] wait_for_image_and_click -> submit.PNG timeout=90s delay_click=0.2s confidence=0.8
2026-05-08 20:01:20 | INFO | my_functions.py:172 | Searching submit.PNG (timeout=90s)
2026-05-08 20:01:24 | INFO | my_functions.py:198 | 
✅ Found: submit.PNG pos=(385, 779) time=3.42s confidence=0.8
2026-05-08 20:01:24 | INFO | my_functions.py:138 | Haciendo click en la posición (385, 779)
2026-05-08 20:01:24 | INFO | my_functions.py:251 | 🖱️ Click OK: submit.PNG at (385, 779) delay=0.2s
2026-05-08 20:01:24 | INFO | my_functions.py:1668 | ⏱ Esperando 0.1 segundos antes de empezar...
2026-05-08 20:01:24 | INFO | my_functions.py:1675 | 🔍 Esperando ventana que contenga alguna de: ['SNAP'] (máx 20s)
2026-05-08 20:01:24 | INFO | my_functions.py:1687 | ✅ Ventana encontrada: 'SNAP'
2026-05-08 20:01:24 | INFO | my_functions.py:1702 | ✅ Ventana seleccionada: 'SNAP'
2026-05-08 20:01:26 | INFO | my_functions.py:1725 | 🔁 Reajuste #1...
2026-05-08 20:01:27 | INFO | my_functions.py:1732 | ✔ Verificación completa. Se hicieron 1 reajustes.
2026-05-08 20:01:27 | INFO | my_functions.py:172 | Searching please_sign.png (timeout=0s)
2026-05-08 20:01:27 | INFO | my_functions.py:198 | 
✅ Found: please_sign.png pos=(383, 438) time=0.18s confidence=0.8
2026-05-08 20:01:27 | INFO | my_functions.py:231 | [DEBUG] wait_for_image_and_click -> ok_btn.png timeout=20s delay_click=1s confidence=0.8
2026-05-08 20:01:27 | INFO | my_functions.py:172 | Searching ok_btn.png (timeout=20s)
2026-05-08 20:01:27 | INFO | my_functions.py:198 | 
✅ Found: ok_btn.png pos=(382, 634) time=0.18s confidence=0.8
2026-05-08 20:01:28 | INFO | my_functions.py:138 | Haciendo click en la posición (382, 634)
2026-05-08 20:01:29 | INFO | my_functions.py:251 | 🖱️ Click OK: ok_btn.png at (382, 634) delay=1s
2026-05-08 20:01:29 | INFO | my_functions.py:231 | [DEBUG] wait_for_image_and_click -> submit.PNG timeout=90s delay_click=0.2s confidence=0.8
2026-05-08 20:01:29 | INFO | my_functions.py:172 | Searching submit.PNG (timeout=90s)
2026-05-08 20:01:30 | INFO | my_functions.py:198 | 
✅ Found: submit.PNG pos=(386, 786) time=1.2s confidence=0.8
2026-05-08 20:01:30 | INFO | my_functions.py:138 | Haciendo click en la posición (386, 786)
2026-05-08 20:01:30 | INFO | my_functions.py:251 | 🖱️ Click OK: submit.PNG at (386, 786) delay=0.2s
2026-05-08 20:01:30 | INFO | my_functions.py:172 | Searching sign_in_with_google2.PNG (timeout=90s)
2026-05-08 20:01:31 | INFO | my_functions.py:198 | 
✅ Found: sign_in_with_google2.PNG pos=(406, 957) time=0.84s confidence=0.8
2026-05-08 20:01:31 | INFO | my_functions.py:231 | [DEBUG] wait_for_image_and_click -> sign_in_with_google2.PNG timeout=20s delay_click=1s confidence=0.8
2026-05-08 20:01:31 | INFO | my_functions.py:172 | Searching sign_in_with_google2.PNG (timeout=20s)
2026-05-08 20:01:32 | INFO | my_functions.py:198 | 
✅ Found: sign_in_with_google2.PNG pos=(406, 957) time=0.41s confidence=0.8
2026-05-08 20:01:33 | INFO | my_functions.py:138 | Haciendo click en la posición (406, 957)
2026-05-08 20:01:33 | INFO | my_functions.py:251 | 🖱️ Click OK: sign_in_with_google2.PNG at (406, 957) delay=1s
2026-05-08 20:01:33 | INFO | my_functions.py:231 | [DEBUG] wait_for_image_and_click -> reeps_vm.png timeout=30s delay_click=3s confidence=0.8
2026-05-08 20:01:33 | INFO | my_functions.py:172 | Searching reeps_vm.png (timeout=30s)
2026-05-08 20:01:38 | INFO | my_functions.py:198 | 
✅ Found: reeps_vm.png pos=(1126, 534) time=5.44s confidence=0.8
2026-05-08 20:01:41 | INFO | my_functions.py:138 | Haciendo click en la posición (1126, 534)
2026-05-08 20:01:41 | INFO | my_functions.py:251 | 🖱️ Click OK: reeps_vm.png at (1126, 534) delay=3s
2026-05-08 20:01:43 | INFO | my_functions.py:231 | [DEBUG] wait_for_image_and_click -> python_icon.PNG timeout=5s delay_click=1s confidence=0.8
2026-05-08 20:01:43 | INFO | my_functions.py:172 | Searching python_icon.PNG (timeout=5s)
2026-05-08 20:01:44 | INFO | my_functions.py:198 | 
✅ Found: python_icon.PNG pos=(709, 1054) time=0.52s confidence=0.8
2026-05-08 20:01:45 | INFO | my_functions.py:138 | Haciendo click en la posición (709, 1054)
2026-05-08 20:01:45 | INFO | my_functions.py:251 | 🖱️ Click OK: python_icon.PNG at (709, 1054) delay=1s
2026-05-08 20:01:45 | INFO | my_functions.py:231 | [DEBUG] wait_for_image_and_click -> snap_icon_task_bar.PNG timeout=20s delay_click=1s confidence=0.8
2026-05-08 20:01:45 | INFO | my_functions.py:172 | Searching snap_icon_task_bar.PNG (timeout=20s)
2026-05-08 20:01:46 | INFO | my_functions.py:198 | 
✅ Found: snap_icon_task_bar.PNG pos=(524, 1052) time=0.65s confidence=0.8
2026-05-08 20:01:47 | INFO | my_functions.py:138 | Haciendo click en la posición (524, 1052)
2026-05-08 20:01:47 | INFO | my_functions.py:251 | 🖱️ Click OK: snap_icon_task_bar.PNG at (524, 1052) delay=1s
2026-05-08 20:01:47 | INFO | my_functions.py:172 | Searching play.PNG (timeout=30s)
2026-05-08 20:01:56 | INFO | my_functions.py:198 | 
✅ Found: play.PNG pos=(384, 824) time=8.48s confidence=0.8
2026-05-08 20:01:56 | INFO | my_functions.py:1265 | [DEBUG] Login completado correctamente.
2026-05-08 20:01:56 | INFO | each_eight_hours.py:160 | Login executed
2026-05-08 20:01:56 | INFO | my_functions.py:172 | Searching shop_unselected.PNG (timeout=0s)
2026-05-08 20:01:56 | INFO | my_functions.py:198 | 
✅ Found: shop_unselected.PNG pos=(88, 961) time=0.25s confidence=0.8
2026-05-08 20:02:04 | INFO | my_functions.py:172 | Searching shop_unselected.PNG (timeout=0s)
2026-05-08 20:02:04 | INFO | my_functions.py:209 | 
⛔ Not found: shop_unselected.PNG after 0.0s region=(0, 0, 765, 1038) confidence=0.8
2026-05-08 20:02:05 | INFO | my_functions.py:172 | Searching shop_unselected.PNG (timeout=0s)
2026-05-08 20:02:05 | INFO | my_functions.py:209 | 
⛔ Not found: shop_unselected.PNG after 0.0s region=(0, 0, 765, 1038) confidence=0.8
2026-05-08 20:02:05 | INFO | my_functions.py:231 | [DEBUG] wait_for_image_and_click -> super_premium.PNG timeout=0s delay_click=1s confidence=0.8
2026-05-08 20:02:05 | INFO | my_functions.py:172 | Searching super_premium.PNG (timeout=0s)
2026-05-08 20:02:05 | INFO | my_functions.py:209 | 
⛔ Not found: super_premium.PNG after 0.0s region=(0, 0, 765, 1038) confidence=0.8
2026-05-08 20:02:05 | INFO | my_functions.py:258 | [DEBUG] Click skipped, image not found: super_premium.PNG
2026-05-08 20:02:05 | INFO | my_functions.py:231 | [DEBUG] wait_for_image_and_click -> maybe_later.PNG timeout=0s delay_click=1s confidence=0.8
2026-05-08 20:02:05 | INFO | my_functions.py:172 | Searching maybe_later.PNG (timeout=0s)
2026-05-08 20:02:06 | INFO | my_functions.py:209 | 
⛔ Not found: maybe_later.PNG after 0.0s region=(0, 0, 765, 1038) confidence=0.8
2026-05-08 20:02:06 | INFO | my_functions.py:258 | [DEBUG] Click skipped, image not found: maybe_later.PNG
2026-05-08 20:02:06 | INFO | my_functions.py:231 | [DEBUG] wait_for_image_and_click -> maybe_later2.PNG timeout=0s delay_click=1s confidence=0.8
2026-05-08 20:02:06 | INFO | my_functions.py:172 | Searching maybe_later2.PNG (timeout=0s)
2026-05-08 20:02:06 | INFO | my_functions.py:209 | 
⛔ Not found: maybe_later2.PNG after 0.0s region=(0, 0, 765, 1038) confidence=0.8
2026-05-08 20:02:06 | INFO | my_functions.py:258 | [DEBUG] Click skipped, image not found: maybe_later2.PNG
2026-05-08 20:02:06 | INFO | my_functions.py:172 | Searching go_to_shop.PNG (timeout=0s)
2026-05-08 20:02:06 | INFO | my_functions.py:209 | 
⛔ Not found: go_to_shop.PNG after 0.0s region=(0, 0, 765, 1038) confidence=0.8
2026-05-08 20:02:06 | INFO | my_functions.py:231 | [DEBUG] wait_for_image_and_click -> 14_days_of_winterverse.PNG timeout=0s delay_click=1s confidence=0.8
2026-05-08 20:02:06 | INFO | my_functions.py:172 | Searching 14_days_of_winterverse.PNG (timeout=0s)
2026-05-08 20:02:06 | INFO | my_functions.py:209 | 
⛔ Not found: 14_days_of_winterverse.PNG after 0.0s region=(0, 0, 765, 1038) confidence=0.8
2026-05-08 20:02:06 | INFO | my_functions.py:258 | [DEBUG] Click skipped, image not found: 14_days_of_winterverse.PNG
2026-05-08 20:02:06 | INFO | my_functions.py:172 | Searching welcome_back_calendar.PNG (timeout=0s)
2026-05-08 20:02:06 | INFO | my_functions.py:209 | 
⛔ Not found: welcome_back_calendar.PNG after 0.0s region=(0, 0, 765, 1038) confidence=0.8
2026-05-08 20:02:06 | INFO | my_functions.py:231 | [DEBUG] wait_for_image_and_click -> start_the_countdown.PNG timeout=0s delay_click=1s confidence=0.8
2026-05-08 20:02:07 | INFO | my_functions.py:172 | Searching start_the_countdown.PNG (timeout=0s)
2026-05-08 20:02:07 | INFO | my_functions.py:209 | 
⛔ Not found: start_the_countdown.PNG after 0.0s region=(0, 0, 765, 1038) confidence=0.8
2026-05-08 20:02:07 | INFO | my_functions.py:258 | [DEBUG] Click skipped, image not found: start_the_countdown.PNG
2026-05-08 20:02:07 | INFO | my_functions.py:231 | [DEBUG] wait_for_image_and_click -> event_has_ended_sanctum.PNG timeout=0s delay_click=1s confidence=0.8
2026-05-08 20:02:07 | INFO | my_functions.py:172 | Searching event_has_ended_sanctum.PNG (timeout=0s)
2026-05-08 20:02:07 | INFO | my_functions.py:209 | 
⛔ Not found: event_has_ended_sanctum.PNG after 0.0s region=(0, 0, 765, 1038) confidence=0.8
2026-05-08 20:02:07 | INFO | my_functions.py:258 | [DEBUG] Click skipped, image not found: event_has_ended_sanctum.PNG
2026-05-08 20:02:07 | INFO | my_functions.py:231 | [DEBUG] wait_for_image_and_click -> image_part_of_event_grand_arena_finished.PNG timeout=0s delay_click=1s confidence=0.8
2026-05-08 20:02:07 | INFO | my_functions.py:172 | Searching image_part_of_event_grand_arena_finished.PNG (timeout=0s)
2026-05-08 20:02:07 | INFO | my_functions.py:209 | 
⛔ Not found: image_part_of_event_grand_arena_finished.PNG after 0.0s region=(0, 0, 765, 1038) confidence=0.8
2026-05-08 20:02:07 | INFO | my_functions.py:258 | [DEBUG] Click skipped, image not found: image_part_of_event_grand_arena_finished.PNG
2026-05-08 20:02:07 | INFO | my_functions.py:172 | Searching 28_day_event_login_rewards.PNG (timeout=0s)
2026-05-08 20:02:07 | INFO | my_functions.py:198 | 
✅ Found: 28_day_event_login_rewards.PNG pos=(382, 131) time=0.18s confidence=0.8
2026-05-08 20:02:07 | INFO | my_functions.py:146 | Presionando ESC (1/1)
2026-05-08 20:02:08 | INFO | my_functions.py:172 | Searching claim!.PNG (timeout=5s)
2026-05-08 20:02:08 | INFO | my_functions.py:198 | 
✅ Found: claim!.PNG pos=(381, 924) time=0.45s confidence=0.8
2026-05-08 20:02:11 | INFO | my_functions.py:138 | Haciendo click en la posición (381, 924)
2026-05-08 20:02:13 | INFO | my_functions.py:231 | [DEBUG] wait_for_image_and_click -> nice!.PNG timeout=0s delay_click=1s confidence=0.8
2026-05-08 20:02:13 | INFO | my_functions.py:172 | Searching nice!.PNG (timeout=0s)
2026-05-08 20:02:13 | INFO | my_functions.py:209 | 
⛔ Not found: nice!.PNG after 0.0s region=(0, 0, 765, 1038) confidence=0.8
2026-05-08 20:02:13 | INFO | my_functions.py:258 | [DEBUG] Click skipped, image not found: nice!.PNG
2026-05-08 20:02:13 | INFO | my_functions.py:231 | [DEBUG] wait_for_image_and_click -> claim!.PNG timeout=0s delay_click=1s confidence=0.8
2026-05-08 20:02:13 | INFO | my_functions.py:172 | Searching claim!.PNG (timeout=0s)
2026-05-08 20:02:13 | INFO | my_functions.py:209 | 
⛔ Not found: claim!.PNG after 0.02s region=(0, 0, 765, 1038) confidence=0.8
2026-05-08 20:02:13 | INFO | my_functions.py:258 | [DEBUG] Click skipped, image not found: claim!.PNG
2026-05-08 20:02:13 | INFO | my_functions.py:231 | [DEBUG] wait_for_image_and_click -> claim_hover.PNG timeout=0s delay_click=1s confidence=0.8
2026-05-08 20:02:13 | INFO | my_functions.py:172 | Searching claim_hover.PNG (timeout=0s)
2026-05-08 20:02:13 | INFO | my_functions.py:209 | 
⛔ Not found: claim_hover.PNG after 0.0s region=(0, 0, 765, 1038) confidence=0.8
2026-05-08 20:02:14 | INFO | my_functions.py:258 | [DEBUG] Click skipped, image not found: claim_hover.PNG
2026-05-08 20:02:14 | INFO | my_functions.py:231 | [DEBUG] wait_for_image_and_click -> nice_hover_half.PNG timeout=0s delay_click=1s confidence=0.8
2026-05-08 20:02:14 | INFO | my_functions.py:172 | Searching nice_hover_half.PNG (timeout=0s)
2026-05-08 20:02:14 | INFO | my_functions.py:209 | 
⛔ Not found: nice_hover_half.PNG after 0.0s region=(0, 0, 765, 1038) confidence=0.8
2026-05-08 20:02:14 | INFO | my_functions.py:258 | [DEBUG] Click skipped, image not found: nice_hover_half.PNG
2026-05-08 20:02:14 | INFO | my_functions.py:231 | [DEBUG] wait_for_image_and_click -> claim_After_receive_new_deck.PNG timeout=0s delay_click=1s confidence=0.8
2026-05-08 20:02:14 | INFO | my_functions.py:172 | Searching claim_After_receive_new_deck.PNG (timeout=0s)
2026-05-08 20:02:14 | INFO | my_functions.py:209 | 
⛔ Not found: claim_After_receive_new_deck.PNG after 0.01s region=(0, 0, 765, 1038) confidence=0.8
2026-05-08 20:02:14 | INFO | my_functions.py:258 | [DEBUG] Click skipped, image not found: claim_After_receive_new_deck.PNG
2026-05-08 20:02:14 | INFO | my_functions.py:231 | [DEBUG] wait_for_image_and_click -> nice!.PNG timeout=0s delay_click=1s confidence=0.8
2026-05-08 20:02:14 | INFO | my_functions.py:172 | Searching nice!.PNG (timeout=0s)
2026-05-08 20:02:14 | INFO | my_functions.py:209 | 
⛔ Not found: nice!.PNG after 0.0s region=(0, 0, 765, 1038) confidence=0.8
2026-05-08 20:02:14 | INFO | my_functions.py:258 | [DEBUG] Click skipped, image not found: nice!.PNG
2026-05-08 20:02:14 | INFO | my_functions.py:231 | [DEBUG] wait_for_image_and_click -> claim!.PNG timeout=0s delay_click=1s confidence=0.8
2026-05-08 20:02:14 | INFO | my_functions.py:172 | Searching claim!.PNG (timeout=0s)
2026-05-08 20:02:15 | INFO | my_functions.py:209 | 
⛔ Not found: claim!.PNG after 0.01s region=(0, 0, 765, 1038) confidence=0.8
2026-05-08 20:02:15 | INFO | my_functions.py:258 | [DEBUG] Click skipped, image not found: claim!.PNG
2026-05-08 20:02:15 | INFO | my_functions.py:231 | [DEBUG] wait_for_image_and_click -> claim_hover.PNG timeout=0s delay_click=1s confidence=0.8
2026-05-08 20:02:15 | INFO | my_functions.py:172 | Searching claim_hover.PNG (timeout=0s)
2026-05-08 20:02:15 | INFO | my_functions.py:209 | 
⛔ Not found: claim_hover.PNG after 0.0s region=(0, 0, 765, 1038) confidence=0.8
2026-05-08 20:02:15 | INFO | my_functions.py:258 | [DEBUG] Click skipped, image not found: claim_hover.PNG
2026-05-08 20:02:15 | INFO | my_functions.py:231 | [DEBUG] wait_for_image_and_click -> nice_hover_half.PNG timeout=0s delay_click=1s confidence=0.8
2026-05-08 20:02:15 | INFO | my_functions.py:172 | Searching nice_hover_half.PNG (timeout=0s)
2026-05-08 20:02:15 | INFO | my_functions.py:209 | 
⛔ Not found: nice_hover_half.PNG after 0.0s region=(0, 0, 765, 1038) confidence=0.8
2026-05-08 20:02:15 | INFO | my_functions.py:258 | [DEBUG] Click skipped, image not found: nice_hover_half.PNG
2026-05-08 20:02:15 | INFO | my_functions.py:231 | [DEBUG] wait_for_image_and_click -> claim_After_receive_new_deck.PNG timeout=0s delay_click=1s confidence=0.8
2026-05-08 20:02:15 | INFO | my_functions.py:172 | Searching claim_After_receive_new_deck.PNG (timeout=0s)
2026-05-08 20:02:15 | INFO | my_functions.py:209 | 
⛔ Not found: claim_After_receive_new_deck.PNG after 0.0s region=(0, 0, 765, 1038) confidence=0.8
2026-05-08 20:02:15 | INFO | my_functions.py:258 | [DEBUG] Click skipped, image not found: claim_After_receive_new_deck.PNG
2026-05-08 20:02:15 | INFO | my_functions.py:231 | [DEBUG] wait_for_image_and_click -> nice!.PNG timeout=0s delay_click=1s confidence=0.8
2026-05-08 20:02:15 | INFO | my_functions.py:172 | Searching nice!.PNG (timeout=0s)
2026-05-08 20:02:15 | INFO | my_functions.py:209 | 
⛔ Not found: nice!.PNG after 0.0s region=(0, 0, 765, 1038) confidence=0.8
2026-05-08 20:02:15 | INFO | my_functions.py:258 | [DEBUG] Click skipped, image not found: nice!.PNG
2026-05-08 20:02:15 | INFO | my_functions.py:231 | [DEBUG] wait_for_image_and_click -> claim!.PNG timeout=0s delay_click=1s confidence=0.8
2026-05-08 20:02:15 | INFO | my_functions.py:172 | Searching claim!.PNG (timeout=0s)
2026-05-08 20:02:16 | INFO | my_functions.py:209 | 
⛔ Not found: claim!.PNG after 0.0s region=(0, 0, 765, 1038) confidence=0.8
2026-05-08 20:02:16 | INFO | my_functions.py:258 | [DEBUG] Click skipped, image not found: claim!.PNG
2026-05-08 20:02:16 | INFO | my_functions.py:231 | [DEBUG] wait_for_image_and_click -> claim_hover.PNG timeout=0s delay_click=1s confidence=0.8
2026-05-08 20:02:16 | INFO | my_functions.py:172 | Searching claim_hover.PNG (timeout=0s)
2026-05-08 20:02:16 | INFO | my_functions.py:209 | 
⛔ Not found: claim_hover.PNG after 0.0s region=(0, 0, 765, 1038) confidence=0.8
2026-05-08 20:02:16 | INFO | my_functions.py:258 | [DEBUG] Click skipped, image not found: claim_hover.PNG
2026-05-08 20:02:16 | INFO | my_functions.py:231 | [DEBUG] wait_for_image_and_click -> nice_hover_half.PNG timeout=0s delay_click=1s confidence=0.8
2026-05-08 20:02:16 | INFO | my_functions.py:172 | Searching nice_hover_half.PNG (timeout=0s)
2026-05-08 20:02:16 | INFO | my_functions.py:209 | 
⛔ Not found: nice_hover_half.PNG after 0.0s region=(0, 0, 765, 1038) confidence=0.8
2026-05-08 20:02:16 | INFO | my_functions.py:258 | [DEBUG] Click skipped, image not found: nice_hover_half.PNG
2026-05-08 20:02:16 | INFO | my_functions.py:231 | [DEBUG] wait_for_image_and_click -> claim_After_receive_new_deck.PNG timeout=0s delay_click=1s confidence=0.8
2026-05-08 20:02:16 | INFO | my_functions.py:172 | Searching claim_After_receive_new_deck.PNG (timeout=0s)
2026-05-08 20:02:16 | INFO | my_functions.py:209 | 
⛔ Not found: claim_After_receive_new_deck.PNG after 0.0s region=(0, 0, 765, 1038) confidence=0.8
2026-05-08 20:02:16 | INFO | my_functions.py:258 | [DEBUG] Click skipped, image not found: claim_After_receive_new_deck.PNG
2026-05-08 20:02:16 | INFO | my_functions.py:231 | [DEBUG] wait_for_image_and_click -> nice!.PNG timeout=0s delay_click=1s confidence=0.8
2026-05-08 20:02:16 | INFO | my_functions.py:172 | Searching nice!.PNG (timeout=0s)
2026-05-08 20:02:16 | INFO | my_functions.py:209 | 
⛔ Not found: nice!.PNG after 0.0s region=(0, 0, 765, 1038) confidence=0.8
2026-05-08 20:02:17 | INFO | my_functions.py:258 | [DEBUG] Click skipped, image not found: nice!.PNG
2026-05-08 20:02:17 | INFO | my_functions.py:231 | [DEBUG] wait_for_image_and_click -> claim!.PNG timeout=0s delay_click=1s confidence=0.8
2026-05-08 20:02:17 | INFO | my_functions.py:172 | Searching claim!.PNG (timeout=0s)
2026-05-08 20:02:17 | INFO | my_functions.py:209 | 
⛔ Not found: claim!.PNG after 0.0s region=(0, 0, 765, 1038) confidence=0.8
2026-05-08 20:02:17 | INFO | my_functions.py:258 | [DEBUG] Click skipped, image not found: claim!.PNG
2026-05-08 20:02:17 | INFO | my_functions.py:231 | [DEBUG] wait_for_image_and_click -> claim_hover.PNG timeout=0s delay_click=1s confidence=0.8
2026-05-08 20:02:17 | INFO | my_functions.py:172 | Searching claim_hover.PNG (timeout=0s)
2026-05-08 20:02:17 | INFO | my_functions.py:209 | 
⛔ Not found: claim_hover.PNG after 0.0s region=(0, 0, 765, 1038) confidence=0.8
2026-05-08 20:02:17 | INFO | my_functions.py:258 | [DEBUG] Click skipped, image not found: claim_hover.PNG
2026-05-08 20:02:17 | INFO | my_functions.py:231 | [DEBUG] wait_for_image_and_click -> nice_hover_half.PNG timeout=0s delay_click=1s confidence=0.8
2026-05-08 20:02:17 | INFO | my_functions.py:172 | Searching nice_hover_half.PNG (timeout=0s)
2026-05-08 20:02:17 | INFO | my_functions.py:209 | 
⛔ Not found: nice_hover_half.PNG after 0.0s region=(0, 0, 765, 1038) confidence=0.8
2026-05-08 20:02:17 | INFO | my_functions.py:258 | [DEBUG] Click skipped, image not found: nice_hover_half.PNG
2026-05-08 20:02:17 | INFO | my_functions.py:231 | [DEBUG] wait_for_image_and_click -> claim_After_receive_new_deck.PNG timeout=0s delay_click=1s confidence=0.8
2026-05-08 20:02:17 | INFO | my_functions.py:172 | Searching claim_After_receive_new_deck.PNG (timeout=0s)
2026-05-08 20:02:17 | INFO | my_functions.py:209 | 
⛔ Not found: claim_After_receive_new_deck.PNG after 0.01s region=(0, 0, 765, 1038) confidence=0.8
2026-05-08 20:02:17 | INFO | my_functions.py:258 | [DEBUG] Click skipped, image not found: claim_After_receive_new_deck.PNG
2026-05-08 20:02:17 | INFO | my_functions.py:231 | [DEBUG] wait_for_image_and_click -> nice!.PNG timeout=0s delay_click=1s confidence=0.8
2026-05-08 20:02:17 | INFO | my_functions.py:172 | Searching nice!.PNG (timeout=0s)
2026-05-08 20:02:18 | INFO | my_functions.py:209 | 
⛔ Not found: nice!.PNG after 0.0s region=(0, 0, 765, 1038) confidence=0.8
2026-05-08 20:02:18 | INFO | my_functions.py:258 | [DEBUG] Click skipped, image not found: nice!.PNG
2026-05-08 20:02:18 | INFO | my_functions.py:231 | [DEBUG] wait_for_image_and_click -> claim!.PNG timeout=0s delay_click=1s confidence=0.8
2026-05-08 20:02:18 | INFO | my_functions.py:172 | Searching claim!.PNG (timeout=0s)
2026-05-08 20:02:18 | INFO | my_functions.py:209 | 
⛔ Not found: claim!.PNG after 0.0s region=(0, 0, 765, 1038) confidence=0.8
2026-05-08 20:02:18 | INFO | my_functions.py:258 | [DEBUG] Click skipped, image not found: claim!.PNG
2026-05-08 20:02:18 | INFO | my_functions.py:231 | [DEBUG] wait_for_image_and_click -> claim_hover.PNG timeout=0s delay_click=1s confidence=0.8
2026-05-08 20:02:18 | INFO | my_functions.py:172 | Searching claim_hover.PNG (timeout=0s)
2026-05-08 20:02:18 | INFO | my_functions.py:209 | 
⛔ Not found: claim_hover.PNG after 0.0s region=(0, 0, 765, 1038) confidence=0.8
2026-05-08 20:02:18 | INFO | my_functions.py:258 | [DEBUG] Click skipped, image not found: claim_hover.PNG
2026-05-08 20:02:18 | INFO | my_functions.py:231 | [DEBUG] wait_for_image_and_click -> nice_hover_half.PNG timeout=0s delay_click=1s confidence=0.8
2026-05-08 20:02:18 | INFO | my_functions.py:172 | Searching nice_hover_half.PNG (timeout=0s)
2026-05-08 20:02:18 | INFO | my_functions.py:209 | 
⛔ Not found: nice_hover_half.PNG after 0.0s region=(0, 0, 765, 1038) confidence=0.8
2026-05-08 20:02:18 | INFO | my_functions.py:258 | [DEBUG] Click skipped, image not found: nice_hover_half.PNG
2026-05-08 20:02:18 | INFO | my_functions.py:231 | [DEBUG] wait_for_image_and_click -> claim_After_receive_new_deck.PNG timeout=0s delay_click=1s confidence=0.8
2026-05-08 20:02:18 | INFO | my_functions.py:172 | Searching claim_After_receive_new_deck.PNG (timeout=0s)
2026-05-08 20:02:19 | INFO | my_functions.py:209 | 
⛔ Not found: claim_After_receive_new_deck.PNG after 0.0s region=(0, 0, 765, 1038) confidence=0.8
2026-05-08 20:02:19 | INFO | my_functions.py:258 | [DEBUG] Click skipped, image not found: claim_After_receive_new_deck.PNG
2026-05-08 20:02:19 | INFO | my_functions.py:231 | [DEBUG] wait_for_image_and_click -> nice!.PNG timeout=0s delay_click=1s confidence=0.8
2026-05-08 20:02:19 | INFO | my_functions.py:172 | Searching nice!.PNG (timeout=0s)
2026-05-08 20:02:19 | INFO | my_functions.py:209 | 
⛔ Not found: nice!.PNG after 0.0s region=(0, 0, 765, 1038) confidence=0.8
2026-05-08 20:02:19 | INFO | my_functions.py:258 | [DEBUG] Click skipped, image not found: nice!.PNG
2026-05-08 20:02:19 | INFO | my_functions.py:231 | [DEBUG] wait_for_image_and_click -> claim!.PNG timeout=0s delay_click=1s confidence=0.8
2026-05-08 20:02:19 | INFO | my_functions.py:172 | Searching claim!.PNG (timeout=0s)
2026-05-08 20:02:19 | INFO | my_functions.py:209 | 
⛔ Not found: claim!.PNG after 0.0s region=(0, 0, 765, 1038) confidence=0.8
2026-05-08 20:02:19 | INFO | my_functions.py:258 | [DEBUG] Click skipped, image not found: claim!.PNG
2026-05-08 20:02:19 | INFO | my_functions.py:231 | [DEBUG] wait_for_image_and_click -> claim_hover.PNG timeout=0s delay_click=1s confidence=0.8
2026-05-08 20:02:19 | INFO | my_functions.py:172 | Searching claim_hover.PNG (timeout=0s)
2026-05-08 20:02:19 | INFO | my_functions.py:209 | 
⛔ Not found: claim_hover.PNG after 0.01s region=(0, 0, 765, 1038) confidence=0.8
2026-05-08 20:02:19 | INFO | my_functions.py:258 | [DEBUG] Click skipped, image not found: claim_hover.PNG
2026-05-08 20:02:19 | INFO | my_functions.py:231 | [DEBUG] wait_for_image_and_click -> nice_hover_half.PNG timeout=0s delay_click=1s confidence=0.8
2026-05-08 20:02:19 | INFO | my_functions.py:172 | Searching nice_hover_half.PNG (timeout=0s)
2026-05-08 20:02:20 | INFO | my_functions.py:209 | 
⛔ Not found: nice_hover_half.PNG after 0.0s region=(0, 0, 765, 1038) confidence=0.8
2026-05-08 20:02:20 | INFO | my_functions.py:258 | [DEBUG] Click skipped, image not found: nice_hover_half.PNG
2026-05-08 20:02:20 | INFO | my_functions.py:231 | [DEBUG] wait_for_image_and_click -> claim_After_receive_new_deck.PNG timeout=0s delay_click=1s confidence=0.8
2026-05-08 20:02:20 | INFO | my_functions.py:172 | Searching claim_After_receive_new_deck.PNG (timeout=0s)
2026-05-08 20:02:20 | INFO | my_functions.py:209 | 
⛔ Not found: claim_After_receive_new_deck.PNG after 0.0s region=(0, 0, 765, 1038) confidence=0.8
2026-05-08 20:02:20 | INFO | my_functions.py:258 | [DEBUG] Click skipped, image not found: claim_After_receive_new_deck.PNG
2026-05-08 20:02:20 | INFO | my_functions.py:231 | [DEBUG] wait_for_image_and_click -> nice!.PNG timeout=0s delay_click=1s confidence=0.8
2026-05-08 20:02:20 | INFO | my_functions.py:172 | Searching nice!.PNG (timeout=0s)
2026-05-08 20:02:20 | INFO | my_functions.py:209 | 
⛔ Not found: nice!.PNG after 0.01s region=(0, 0, 765, 1038) confidence=0.8
2026-05-08 20:02:20 | INFO | my_functions.py:258 | [DEBUG] Click skipped, image not found: nice!.PNG
2026-05-08 20:02:20 | INFO | my_functions.py:231 | [DEBUG] wait_for_image_and_click -> claim!.PNG timeout=0s delay_click=1s confidence=0.8
2026-05-08 20:02:20 | INFO | my_functions.py:172 | Searching claim!.PNG (timeout=0s)
2026-05-08 20:02:20 | INFO | my_functions.py:209 | 
⛔ Not found: claim!.PNG after 0.0s region=(0, 0, 765, 1038) confidence=0.8
2026-05-08 20:02:20 | INFO | my_functions.py:258 | [DEBUG] Click skipped, image not found: claim!.PNG
2026-05-08 20:02:20 | INFO | my_functions.py:231 | [DEBUG] wait_for_image_and_click -> claim_hover.PNG timeout=0s delay_click=1s confidence=0.8
2026-05-08 20:02:20 | INFO | my_functions.py:172 | Searching claim_hover.PNG (timeout=0s)
2026-05-08 20:02:21 | INFO | my_functions.py:209 | 
⛔ Not found: claim_hover.PNG after 0.0s region=(0, 0, 765, 1038) confidence=0.8
2026-05-08 20:02:21 | INFO | my_functions.py:258 | [DEBUG] Click skipped, image not found: claim_hover.PNG
2026-05-08 20:02:21 | INFO | my_functions.py:231 | [DEBUG] wait_for_image_and_click -> nice_hover_half.PNG timeout=0s delay_click=1s confidence=0.8
2026-05-08 20:02:21 | INFO | my_functions.py:172 | Searching nice_hover_half.PNG (timeout=0s)
2026-05-08 20:02:21 | INFO | my_functions.py:209 | 
⛔ Not found: nice_hover_half.PNG after 0.0s region=(0, 0, 765, 1038) confidence=0.8
2026-05-08 20:02:21 | INFO | my_functions.py:258 | [DEBUG] Click skipped, image not found: nice_hover_half.PNG
2026-05-08 20:02:21 | INFO | my_functions.py:231 | [DEBUG] wait_for_image_and_click -> claim_After_receive_new_deck.PNG timeout=0s delay_click=1s confidence=0.8
2026-05-08 20:02:21 | INFO | my_functions.py:172 | Searching claim_After_receive_new_deck.PNG (timeout=0s)
2026-05-08 20:02:21 | INFO | my_functions.py:209 | 
⛔ Not found: claim_After_receive_new_deck.PNG after 0.0s region=(0, 0, 765, 1038) confidence=0.8
2026-05-08 20:02:21 | INFO | my_functions.py:258 | [DEBUG] Click skipped, image not found: claim_After_receive_new_deck.PNG
2026-05-08 20:02:21 | INFO | my_functions.py:231 | [DEBUG] wait_for_image_and_click -> nice!.PNG timeout=0s delay_click=1s confidence=0.8
2026-05-08 20:02:21 | INFO | my_functions.py:172 | Searching nice!.PNG (timeout=0s)
2026-05-08 20:02:21 | INFO | my_functions.py:209 | 
⛔ Not found: nice!.PNG after 0.0s region=(0, 0, 765, 1038) confidence=0.8
2026-05-08 20:02:21 | INFO | my_functions.py:258 | [DEBUG] Click skipped, image not found: nice!.PNG
2026-05-08 20:02:21 | INFO | my_functions.py:231 | [DEBUG] wait_for_image_and_click -> claim!.PNG timeout=0s delay_click=1s confidence=0.8
2026-05-08 20:02:21 | INFO | my_functions.py:172 | Searching claim!.PNG (timeout=0s)
2026-05-08 20:02:22 | INFO | my_functions.py:209 | 
⛔ Not found: claim!.PNG after 0.0s region=(0, 0, 765, 1038) confidence=0.8
2026-05-08 20:02:22 | INFO | my_functions.py:258 | [DEBUG] Click skipped, image not found: claim!.PNG
2026-05-08 20:02:22 | INFO | my_functions.py:231 | [DEBUG] wait_for_image_and_click -> claim_hover.PNG timeout=0s delay_click=1s confidence=0.8
2026-05-08 20:02:22 | INFO | my_functions.py:172 | Searching claim_hover.PNG (timeout=0s)
2026-05-08 20:02:22 | INFO | my_functions.py:209 | 
⛔ Not found: claim_hover.PNG after 0.0s region=(0, 0, 765, 1038) confidence=0.8
2026-05-08 20:02:22 | INFO | my_functions.py:258 | [DEBUG] Click skipped, image not found: claim_hover.PNG
2026-05-08 20:02:22 | INFO | my_functions.py:231 | [DEBUG] wait_for_image_and_click -> nice_hover_half.PNG timeout=0s delay_click=1s confidence=0.8
2026-05-08 20:02:22 | INFO | my_functions.py:172 | Searching nice_hover_half.PNG (timeout=0s)
2026-05-08 20:02:22 | INFO | my_functions.py:209 | 
⛔ Not found: nice_hover_half.PNG after 0.01s region=(0, 0, 765, 1038) confidence=0.8
2026-05-08 20:02:22 | INFO | my_functions.py:258 | [DEBUG] Click skipped, image not found: nice_hover_half.PNG
2026-05-08 20:02:22 | INFO | my_functions.py:231 | [DEBUG] wait_for_image_and_click -> claim_After_receive_new_deck.PNG timeout=0s delay_click=1s confidence=0.8
2026-05-08 20:02:22 | INFO | my_functions.py:172 | Searching claim_After_receive_new_deck.PNG (timeout=0s)
2026-05-08 20:02:22 | INFO | my_functions.py:209 | 
⛔ Not found: claim_After_receive_new_deck.PNG after 0.0s region=(0, 0, 765, 1038) confidence=0.8
2026-05-08 20:02:22 | INFO | my_functions.py:258 | [DEBUG] Click skipped, image not found: claim_After_receive_new_deck.PNG
2026-05-08 20:02:22 | INFO | my_functions.py:231 | [DEBUG] wait_for_image_and_click -> nice!.PNG timeout=0s delay_click=1s confidence=0.8
2026-05-08 20:02:22 | INFO | my_functions.py:172 | Searching nice!.PNG (timeout=0s)
2026-05-08 20:02:22 | INFO | my_functions.py:209 | 
⛔ Not found: nice!.PNG after 0.0s region=(0, 0, 765, 1038) confidence=0.8
2026-05-08 20:02:22 | INFO | my_functions.py:258 | [DEBUG] Click skipped, image not found: nice!.PNG
2026-05-08 20:02:22 | INFO | my_functions.py:231 | [DEBUG] wait_for_image_and_click -> claim!.PNG timeout=0s delay_click=1s confidence=0.8
2026-05-08 20:02:22 | INFO | my_functions.py:172 | Searching claim!.PNG (timeout=0s)
2026-05-08 20:02:23 | INFO | my_functions.py:209 | 
⛔ Not found: claim!.PNG after 0.0s region=(0, 0, 765, 1038) confidence=0.8
2026-05-08 20:02:23 | INFO | my_functions.py:258 | [DEBUG] Click skipped, image not found: claim!.PNG
2026-05-08 20:02:23 | INFO | my_functions.py:231 | [DEBUG] wait_for_image_and_click -> claim_hover.PNG timeout=0s delay_click=1s confidence=0.8
2026-05-08 20:02:23 | INFO | my_functions.py:172 | Searching claim_hover.PNG (timeout=0s)
2026-05-08 20:02:23 | INFO | my_functions.py:209 | 
⛔ Not found: claim_hover.PNG after 0.0s region=(0, 0, 765, 1038) confidence=0.8
2026-05-08 20:02:23 | INFO | my_functions.py:258 | [DEBUG] Click skipped, image not found: claim_hover.PNG
2026-05-08 20:02:23 | INFO | my_functions.py:231 | [DEBUG] wait_for_image_and_click -> nice_hover_half.PNG timeout=0s delay_click=1s confidence=0.8
2026-05-08 20:02:23 | INFO | my_functions.py:172 | Searching nice_hover_half.PNG (timeout=0s)
2026-05-08 20:02:23 | INFO | my_functions.py:209 | 
⛔ Not found: nice_hover_half.PNG after 0.0s region=(0, 0, 765, 1038) confidence=0.8
2026-05-08 20:02:23 | INFO | my_functions.py:258 | [DEBUG] Click skipped, image not found: nice_hover_half.PNG
2026-05-08 20:02:23 | INFO | my_functions.py:231 | [DEBUG] wait_for_image_and_click -> claim_After_receive_new_deck.PNG timeout=0s delay_click=1s confidence=0.8
2026-05-08 20:02:23 | INFO | my_functions.py:172 | Searching claim_After_receive_new_deck.PNG (timeout=0s)
2026-05-08 20:02:23 | INFO | my_functions.py:209 | 
⛔ Not found: claim_After_receive_new_deck.PNG after 0.0s region=(0, 0, 765, 1038) confidence=0.8
2026-05-08 20:02:23 | INFO | my_functions.py:258 | [DEBUG] Click skipped, image not found: claim_After_receive_new_deck.PNG
2026-05-08 20:02:23 | INFO | my_functions.py:231 | [DEBUG] wait_for_image_and_click -> nice!.PNG timeout=0s delay_click=1s confidence=0.8
2026-05-08 20:02:23 | INFO | my_functions.py:172 | Searching nice!.PNG (timeout=0s)
2026-05-08 20:02:24 | INFO | my_functions.py:209 | 
⛔ Not found: nice!.PNG after 0.01s region=(0, 0, 765, 1038) confidence=0.8
2026-05-08 20:02:24 | INFO | my_functions.py:258 | [DEBUG] Click skipped, image not found: nice!.PNG
2026-05-08 20:02:24 | INFO | my_functions.py:231 | [DEBUG] wait_for_image_and_click -> claim!.PNG timeout=0s delay_click=1s confidence=0.8
2026-05-08 20:02:24 | INFO | my_functions.py:172 | Searching claim!.PNG (timeout=0s)
2026-05-08 20:02:24 | INFO | my_functions.py:209 | 
⛔ Not found: claim!.PNG after 0.0s region=(0, 0, 765, 1038) confidence=0.8
2026-05-08 20:02:24 | INFO | my_functions.py:258 | [DEBUG] Click skipped, image not found: claim!.PNG
2026-05-08 20:02:24 | INFO | my_functions.py:231 | [DEBUG] wait_for_image_and_click -> claim_hover.PNG timeout=0s delay_click=1s confidence=0.8
2026-05-08 20:02:24 | INFO | my_functions.py:172 | Searching claim_hover.PNG (timeout=0s)
2026-05-08 20:02:24 | INFO | my_functions.py:209 | 
⛔ Not found: claim_hover.PNG after 0.0s region=(0, 0, 765, 1038) confidence=0.8
2026-05-08 20:02:24 | INFO | my_functions.py:258 | [DEBUG] Click skipped, image not found: claim_hover.PNG
2026-05-08 20:02:24 | INFO | my_functions.py:231 | [DEBUG] wait_for_image_and_click -> nice_hover_half.PNG timeout=0s delay_click=1s confidence=0.8
2026-05-08 20:02:24 | INFO | my_functions.py:172 | Searching nice_hover_half.PNG (timeout=0s)
2026-05-08 20:02:24 | INFO | my_functions.py:209 | 
⛔ Not found: nice_hover_half.PNG after 0.21s region=(0, 0, 765, 1038) confidence=0.8
2026-05-08 20:02:24 | INFO | my_functions.py:258 | [DEBUG] Click skipped, image not found: nice_hover_half.PNG
2026-05-08 20:02:24 | INFO | my_functions.py:231 | [DEBUG] wait_for_image_and_click -> claim_After_receive_new_deck.PNG timeout=0s delay_click=1s confidence=0.8
2026-05-08 20:02:24 | INFO | my_functions.py:172 | Searching claim_After_receive_new_deck.PNG (timeout=0s)
2026-05-08 20:02:25 | INFO | my_functions.py:209 | 
⛔ Not found: claim_After_receive_new_deck.PNG after 0.0s region=(0, 0, 765, 1038) confidence=0.8
2026-05-08 20:02:25 | INFO | my_functions.py:258 | [DEBUG] Click skipped, image not found: claim_After_receive_new_deck.PNG
2026-05-08 20:02:25 | INFO | my_functions.py:231 | [DEBUG] wait_for_image_and_click -> nice!.PNG timeout=0s delay_click=1s confidence=0.8
2026-05-08 20:02:25 | INFO | my_functions.py:172 | Searching nice!.PNG (timeout=0s)
2026-05-08 20:02:25 | INFO | my_functions.py:209 | 
⛔ Not found: nice!.PNG after 0.0s region=(0, 0, 765, 1038) confidence=0.8
2026-05-08 20:02:25 | INFO | my_functions.py:258 | [DEBUG] Click skipped, image not found: nice!.PNG
2026-05-08 20:02:25 | INFO | my_functions.py:231 | [DEBUG] wait_for_image_and_click -> claim!.PNG timeout=0s delay_click=1s confidence=0.8
2026-05-08 20:02:25 | INFO | my_functions.py:172 | Searching claim!.PNG (timeout=0s)
2026-05-08 20:02:25 | INFO | my_functions.py:209 | 
⛔ Not found: claim!.PNG after 0.0s region=(0, 0, 765, 1038) confidence=0.8
2026-05-08 20:02:25 | INFO | my_functions.py:258 | [DEBUG] Click skipped, image not found: claim!.PNG
2026-05-08 20:02:25 | INFO | my_functions.py:231 | [DEBUG] wait_for_image_and_click -> claim_hover.PNG timeout=0s delay_click=1s confidence=0.8
2026-05-08 20:02:25 | INFO | my_functions.py:172 | Searching claim_hover.PNG (timeout=0s)
2026-05-08 20:02:25 | INFO | my_functions.py:209 | 
⛔ Not found: claim_hover.PNG after 0.0s region=(0, 0, 765, 1038) confidence=0.8
2026-05-08 20:02:25 | INFO | my_functions.py:258 | [DEBUG] Click skipped, image not found: claim_hover.PNG
2026-05-08 20:02:25 | INFO | my_functions.py:231 | [DEBUG] wait_for_image_and_click -> nice_hover_half.PNG timeout=0s delay_click=1s confidence=0.8
2026-05-08 20:02:25 | INFO | my_functions.py:172 | Searching nice_hover_half.PNG (timeout=0s)
2026-05-08 20:02:26 | INFO | my_functions.py:209 | 
⛔ Not found: nice_hover_half.PNG after 0.0s region=(0, 0, 765, 1038) confidence=0.8
2026-05-08 20:02:26 | INFO | my_functions.py:258 | [DEBUG] Click skipped, image not found: nice_hover_half.PNG
2026-05-08 20:02:26 | INFO | my_functions.py:231 | [DEBUG] wait_for_image_and_click -> claim_After_receive_new_deck.PNG timeout=0s delay_click=1s confidence=0.8
2026-05-08 20:02:26 | INFO | my_functions.py:172 | Searching claim_After_receive_new_deck.PNG (timeout=0s)
2026-05-08 20:02:26 | INFO | my_functions.py:209 | 
⛔ Not found: claim_After_receive_new_deck.PNG after 0.0s region=(0, 0, 765, 1038) confidence=0.8
2026-05-08 20:02:26 | INFO | my_functions.py:258 | [DEBUG] Click skipped, image not found: claim_After_receive_new_deck.PNG
2026-05-08 20:02:26 | INFO | my_functions.py:231 | [DEBUG] wait_for_image_and_click -> nice!.PNG timeout=0s delay_click=1s confidence=0.8
2026-05-08 20:02:26 | INFO | my_functions.py:172 | Searching nice!.PNG (timeout=0s)
2026-05-08 20:02:26 | INFO | my_functions.py:209 | 
⛔ Not found: nice!.PNG after 0.0s region=(0, 0, 765, 1038) confidence=0.8
2026-05-08 20:02:26 | INFO | my_functions.py:258 | [DEBUG] Click skipped, image not found: nice!.PNG
2026-05-08 20:02:26 | INFO | my_functions.py:231 | [DEBUG] wait_for_image_and_click -> claim!.PNG timeout=0s delay_click=1s confidence=0.8
2026-05-08 20:02:26 | INFO | my_functions.py:172 | Searching claim!.PNG (timeout=0s)
2026-05-08 20:02:26 | INFO | my_functions.py:209 | 
⛔ Not found: claim!.PNG after 0.0s region=(0, 0, 765, 1038) confidence=0.8
2026-05-08 20:02:26 | INFO | my_functions.py:258 | [DEBUG] Click skipped, image not found: claim!.PNG
2026-05-08 20:02:26 | INFO | my_functions.py:231 | [DEBUG] wait_for_image_and_click -> claim_hover.PNG timeout=0s delay_click=1s confidence=0.8
2026-05-08 20:02:26 | INFO | my_functions.py:172 | Searching claim_hover.PNG (timeout=0s)
2026-05-08 20:02:27 | INFO | my_functions.py:209 | 
⛔ Not found: claim_hover.PNG after 0.0s region=(0, 0, 765, 1038) confidence=0.8
2026-05-08 20:02:27 | INFO | my_functions.py:258 | [DEBUG] Click skipped, image not found: claim_hover.PNG
2026-05-08 20:02:27 | INFO | my_functions.py:231 | [DEBUG] wait_for_image_and_click -> nice_hover_half.PNG timeout=0s delay_click=1s confidence=0.8
2026-05-08 20:02:27 | INFO | my_functions.py:172 | Searching nice_hover_half.PNG (timeout=0s)
2026-05-08 20:02:27 | INFO | my_functions.py:209 | 
⛔ Not found: nice_hover_half.PNG after 0.0s region=(0, 0, 765, 1038) confidence=0.8
2026-05-08 20:02:27 | INFO | my_functions.py:258 | [DEBUG] Click skipped, image not found: nice_hover_half.PNG
2026-05-08 20:02:27 | INFO | my_functions.py:231 | [DEBUG] wait_for_image_and_click -> claim_After_receive_new_deck.PNG timeout=0s delay_click=1s confidence=0.8
2026-05-08 20:02:27 | INFO | my_functions.py:172 | Searching claim_After_receive_new_deck.PNG (timeout=0s)
2026-05-08 20:02:27 | INFO | my_functions.py:209 | 
⛔ Not found: claim_After_receive_new_deck.PNG after 0.0s region=(0, 0, 765, 1038) confidence=0.8
2026-05-08 20:02:27 | INFO | my_functions.py:258 | [DEBUG] Click skipped, image not found: claim_After_receive_new_deck.PNG
2026-05-08 20:02:27 | INFO | my_functions.py:231 | [DEBUG] wait_for_image_and_click -> nice!.PNG timeout=0s delay_click=1s confidence=0.8
2026-05-08 20:02:27 | INFO | my_functions.py:172 | Searching nice!.PNG (timeout=0s)
2026-05-08 20:02:27 | INFO | my_functions.py:209 | 
⛔ Not found: nice!.PNG after 0.0s region=(0, 0, 765, 1038) confidence=0.8
2026-05-08 20:02:27 | INFO | my_functions.py:258 | [DEBUG] Click skipped, image not found: nice!.PNG
2026-05-08 20:02:27 | INFO | my_functions.py:231 | [DEBUG] wait_for_image_and_click -> claim!.PNG timeout=0s delay_click=1s confidence=0.8
2026-05-08 20:02:27 | INFO | my_functions.py:172 | Searching claim!.PNG (timeout=0s)
2026-05-08 20:02:27 | INFO | my_functions.py:209 | 
⛔ Not found: claim!.PNG after 0.0s region=(0, 0, 765, 1038) confidence=0.8
2026-05-08 20:02:27 | INFO | my_functions.py:258 | [DEBUG] Click skipped, image not found: claim!.PNG
2026-05-08 20:02:27 | INFO | my_functions.py:231 | [DEBUG] wait_for_image_and_click -> claim_hover.PNG timeout=0s delay_click=1s confidence=0.8
2026-05-08 20:02:27 | INFO | my_functions.py:172 | Searching claim_hover.PNG (timeout=0s)
2026-05-08 20:02:28 | INFO | my_functions.py:209 | 
⛔ Not found: claim_hover.PNG after 0.0s region=(0, 0, 765, 1038) confidence=0.8
2026-05-08 20:02:28 | INFO | my_functions.py:258 | [DEBUG] Click skipped, image not found: claim_hover.PNG
2026-05-08 20:02:28 | INFO | my_functions.py:231 | [DEBUG] wait_for_image_and_click -> nice_hover_half.PNG timeout=0s delay_click=1s confidence=0.8
2026-05-08 20:02:28 | INFO | my_functions.py:172 | Searching nice_hover_half.PNG (timeout=0s)
2026-05-08 20:02:28 | INFO | my_functions.py:209 | 
⛔ Not found: nice_hover_half.PNG after 0.0s region=(0, 0, 765, 1038) confidence=0.8
2026-05-08 20:02:28 | INFO | my_functions.py:258 | [DEBUG] Click skipped, image not found: nice_hover_half.PNG
2026-05-08 20:02:28 | INFO | my_functions.py:231 | [DEBUG] wait_for_image_and_click -> claim_After_receive_new_deck.PNG timeout=0s delay_click=1s confidence=0.8
2026-05-08 20:02:28 | INFO | my_functions.py:172 | Searching claim_After_receive_new_deck.PNG (timeout=0s)
2026-05-08 20:02:28 | INFO | my_functions.py:209 | 
⛔ Not found: claim_After_receive_new_deck.PNG after 0.0s region=(0, 0, 765, 1038) confidence=0.8
2026-05-08 20:02:28 | INFO | my_functions.py:258 | [DEBUG] Click skipped, image not found: claim_After_receive_new_deck.PNG
2026-05-08 20:02:28 | INFO | my_functions.py:231 | [DEBUG] wait_for_image_and_click -> nice!.PNG timeout=0s delay_click=1s confidence=0.8
2026-05-08 20:02:28 | INFO | my_functions.py:172 | Searching nice!.PNG (timeout=0s)
2026-05-08 20:02:28 | INFO | my_functions.py:209 | 
⛔ Not found: nice!.PNG after 0.0s region=(0, 0, 765, 1038) confidence=0.8
2026-05-08 20:02:28 | INFO | my_functions.py:258 | [DEBUG] Click skipped, image not found: nice!.PNG
2026-05-08 20:02:28 | INFO | my_functions.py:231 | [DEBUG] wait_for_image_and_click -> claim!.PNG timeout=0s delay_click=1s confidence=0.8
2026-05-08 20:02:28 | INFO | my_functions.py:172 | Searching claim!.PNG (timeout=0s)
2026-05-08 20:02:29 | INFO | my_functions.py:209 | 
⛔ Not found: claim!.PNG after 0.0s region=(0, 0, 765, 1038) confidence=0.8
2026-05-08 20:02:29 | INFO | my_functions.py:258 | [DEBUG] Click skipped, image not found: claim!.PNG
2026-05-08 20:02:29 | INFO | my_functions.py:231 | [DEBUG] wait_for_image_and_click -> claim_hover.PNG timeout=0s delay_click=1s confidence=0.8
2026-05-08 20:02:29 | INFO | my_functions.py:172 | Searching claim_hover.PNG (timeout=0s)
2026-05-08 20:02:29 | INFO | my_functions.py:209 | 
⛔ Not found: claim_hover.PNG after 0.0s region=(0, 0, 765, 1038) confidence=0.8
2026-05-08 20:02:29 | INFO | my_functions.py:258 | [DEBUG] Click skipped, image not found: claim_hover.PNG
2026-05-08 20:02:29 | INFO | my_functions.py:231 | [DEBUG] wait_for_image_and_click -> nice_hover_half.PNG timeout=0s delay_click=1s confidence=0.8
2026-05-08 20:02:29 | INFO | my_functions.py:172 | Searching nice_hover_half.PNG (timeout=0s)
2026-05-08 20:02:29 | INFO | my_functions.py:209 | 
⛔ Not found: nice_hover_half.PNG after 0.0s region=(0, 0, 765, 1038) confidence=0.8
2026-05-08 20:02:29 | INFO | my_functions.py:258 | [DEBUG] Click skipped, image not found: nice_hover_half.PNG
2026-05-08 20:02:29 | INFO | my_functions.py:231 | [DEBUG] wait_for_image_and_click -> claim_After_receive_new_deck.PNG timeout=0s delay_click=1s confidence=0.8
2026-05-08 20:02:29 | INFO | my_functions.py:172 | Searching claim_After_receive_new_deck.PNG (timeout=0s)
2026-05-08 20:02:29 | INFO | my_functions.py:209 | 
⛔ Not found: claim_After_receive_new_deck.PNG after 0.0s region=(0, 0, 765, 1038) confidence=0.8
2026-05-08 20:02:29 | INFO | my_functions.py:258 | [DEBUG] Click skipped, image not found: claim_After_receive_new_deck.PNG
2026-05-08 20:02:29 | INFO | my_functions.py:231 | [DEBUG] wait_for_image_and_click -> nice!.PNG timeout=0s delay_click=1s confidence=0.8
2026-05-08 20:02:29 | INFO | my_functions.py:172 | Searching nice!.PNG (timeout=0s)
2026-05-08 20:02:30 | INFO | my_functions.py:209 | 
⛔ Not found: nice!.PNG after 0.0s region=(0, 0, 765, 1038) confidence=0.8
2026-05-08 20:02:30 | INFO | my_functions.py:258 | [DEBUG] Click skipped, image not found: nice!.PNG
2026-05-08 20:02:30 | INFO | my_functions.py:231 | [DEBUG] wait_for_image_and_click -> claim!.PNG timeout=0s delay_click=1s confidence=0.8
2026-05-08 20:02:30 | INFO | my_functions.py:172 | Searching claim!.PNG (timeout=0s)
2026-05-08 20:02:30 | INFO | my_functions.py:209 | 
⛔ Not found: claim!.PNG after 0.0s region=(0, 0, 765, 1038) confidence=0.8
2026-05-08 20:02:30 | INFO | my_functions.py:258 | [DEBUG] Click skipped, image not found: claim!.PNG
2026-05-08 20:02:30 | INFO | my_functions.py:231 | [DEBUG] wait_for_image_and_click -> claim_hover.PNG timeout=0s delay_click=1s confidence=0.8
2026-05-08 20:02:30 | INFO | my_functions.py:172 | Searching claim_hover.PNG (timeout=0s)
2026-05-08 20:02:30 | INFO | my_functions.py:209 | 
⛔ Not found: claim_hover.PNG after 0.0s region=(0, 0, 765, 1038) confidence=0.8
2026-05-08 20:02:30 | INFO | my_functions.py:258 | [DEBUG] Click skipped, image not found: claim_hover.PNG
2026-05-08 20:02:30 | INFO | my_functions.py:231 | [DEBUG] wait_for_image_and_click -> nice_hover_half.PNG timeout=0s delay_click=1s confidence=0.8
2026-05-08 20:02:30 | INFO | my_functions.py:172 | Searching nice_hover_half.PNG (timeout=0s)
2026-05-08 20:02:30 | INFO | my_functions.py:209 | 
⛔ Not found: nice_hover_half.PNG after 0.01s region=(0, 0, 765, 1038) confidence=0.8
2026-05-08 20:02:30 | INFO | my_functions.py:258 | [DEBUG] Click skipped, image not found: nice_hover_half.PNG
2026-05-08 20:02:30 | INFO | my_functions.py:231 | [DEBUG] wait_for_image_and_click -> claim_After_receive_new_deck.PNG timeout=0s delay_click=1s confidence=0.8
2026-05-08 20:02:30 | INFO | my_functions.py:172 | Searching claim_After_receive_new_deck.PNG (timeout=0s)
2026-05-08 20:02:30 | INFO | my_functions.py:209 | 
⛔ Not found: claim_After_receive_new_deck.PNG after 0.0s region=(0, 0, 765, 1038) confidence=0.8
2026-05-08 20:02:30 | INFO | my_functions.py:258 | [DEBUG] Click skipped, image not found: claim_After_receive_new_deck.PNG
2026-05-08 20:02:30 | INFO | my_functions.py:231 | [DEBUG] wait_for_image_and_click -> nice!.PNG timeout=0s delay_click=1s confidence=0.8
2026-05-08 20:02:30 | INFO | my_functions.py:172 | Searching nice!.PNG (timeout=0s)
2026-05-08 20:02:31 | INFO | my_functions.py:209 | 
⛔ Not found: nice!.PNG after 0.01s region=(0, 0, 765, 1038) confidence=0.8
2026-05-08 20:02:31 | INFO | my_functions.py:258 | [DEBUG] Click skipped, image not found: nice!.PNG
2026-05-08 20:02:31 | INFO | my_functions.py:231 | [DEBUG] wait_for_image_and_click -> claim!.PNG timeout=0s delay_click=1s confidence=0.8
2026-05-08 20:02:31 | INFO | my_functions.py:172 | Searching claim!.PNG (timeout=0s)
2026-05-08 20:02:31 | INFO | my_functions.py:209 | 
⛔ Not found: claim!.PNG after 0.0s region=(0, 0, 765, 1038) confidence=0.8
2026-05-08 20:02:31 | INFO | my_functions.py:258 | [DEBUG] Click skipped, image not found: claim!.PNG
2026-05-08 20:02:31 | INFO | my_functions.py:231 | [DEBUG] wait_for_image_and_click -> claim_hover.PNG timeout=0s delay_click=1s confidence=0.8
2026-05-08 20:02:31 | INFO | my_functions.py:172 | Searching claim_hover.PNG (timeout=0s)
2026-05-08 20:02:31 | INFO | my_functions.py:209 | 
⛔ Not found: claim_hover.PNG after 0.0s region=(0, 0, 765, 1038) confidence=0.8
2026-05-08 20:02:31 | INFO | my_functions.py:258 | [DEBUG] Click skipped, image not found: claim_hover.PNG
2026-05-08 20:02:31 | INFO | my_functions.py:231 | [DEBUG] wait_for_image_and_click -> nice_hover_half.PNG timeout=0s delay_click=1s confidence=0.8
2026-05-08 20:02:31 | INFO | my_functions.py:172 | Searching nice_hover_half.PNG (timeout=0s)
2026-05-08 20:02:31 | INFO | my_functions.py:209 | 
⛔ Not found: nice_hover_half.PNG after 0.0s region=(0, 0, 765, 1038) confidence=0.8
2026-05-08 20:02:31 | INFO | my_functions.py:258 | [DEBUG] Click skipped, image not found: nice_hover_half.PNG
2026-05-08 20:02:31 | INFO | my_functions.py:231 | [DEBUG] wait_for_image_and_click -> claim_After_receive_new_deck.PNG timeout=0s delay_click=1s confidence=0.8
2026-05-08 20:02:31 | INFO | my_functions.py:172 | Searching claim_After_receive_new_deck.PNG (timeout=0s)
2026-05-08 20:02:32 | INFO | my_functions.py:209 | 
⛔ Not found: claim_After_receive_new_deck.PNG after 0.0s region=(0, 0, 765, 1038) confidence=0.8
2026-05-08 20:02:32 | INFO | my_functions.py:258 | [DEBUG] Click skipped, image not found: claim_After_receive_new_deck.PNG
2026-05-08 20:02:32 | INFO | my_functions.py:231 | [DEBUG] wait_for_image_and_click -> nice!.PNG timeout=0s delay_click=1s confidence=0.8
2026-05-08 20:02:32 | INFO | my_functions.py:172 | Searching nice!.PNG (timeout=0s)
2026-05-08 20:02:32 | INFO | my_functions.py:209 | 
⛔ Not found: nice!.PNG after 0.03s region=(0, 0, 765, 1038) confidence=0.8
2026-05-08 20:02:32 | INFO | my_functions.py:258 | [DEBUG] Click skipped, image not found: nice!.PNG
2026-05-08 20:02:32 | INFO | my_functions.py:231 | [DEBUG] wait_for_image_and_click -> claim!.PNG timeout=0s delay_click=1s confidence=0.8
2026-05-08 20:02:32 | INFO | my_functions.py:172 | Searching claim!.PNG (timeout=0s)
2026-05-08 20:02:32 | INFO | my_functions.py:209 | 
⛔ Not found: claim!.PNG after 0.0s region=(0, 0, 765, 1038) confidence=0.8
2026-05-08 20:02:32 | INFO | my_functions.py:258 | [DEBUG] Click skipped, image not found: claim!.PNG
2026-05-08 20:02:32 | INFO | my_functions.py:231 | [DEBUG] wait_for_image_and_click -> claim_hover.PNG timeout=0s delay_click=1s confidence=0.8
2026-05-08 20:02:32 | INFO | my_functions.py:172 | Searching claim_hover.PNG (timeout=0s)
2026-05-08 20:02:32 | INFO | my_functions.py:209 | 
⛔ Not found: claim_hover.PNG after 0.0s region=(0, 0, 765, 1038) confidence=0.8
2026-05-08 20:02:32 | INFO | my_functions.py:258 | [DEBUG] Click skipped, image not found: claim_hover.PNG
2026-05-08 20:02:32 | INFO | my_functions.py:231 | [DEBUG] wait_for_image_and_click -> nice_hover_half.PNG timeout=0s delay_click=1s confidence=0.8
2026-05-08 20:02:32 | INFO | my_functions.py:172 | Searching nice_hover_half.PNG (timeout=0s)
2026-05-08 20:02:32 | INFO | my_functions.py:209 | 
⛔ Not found: nice_hover_half.PNG after 0.0s region=(0, 0, 765, 1038) confidence=0.8
2026-05-08 20:02:32 | INFO | my_functions.py:258 | [DEBUG] Click skipped, image not found: nice_hover_half.PNG
2026-05-08 20:02:32 | INFO | my_functions.py:231 | [DEBUG] wait_for_image_and_click -> claim_After_receive_new_deck.PNG timeout=0s delay_click=1s confidence=0.8
2026-05-08 20:02:32 | INFO | my_functions.py:172 | Searching claim_After_receive_new_deck.PNG (timeout=0s)
2026-05-08 20:02:33 | INFO | my_functions.py:209 | 
⛔ Not found: claim_After_receive_new_deck.PNG after 0.0s region=(0, 0, 765, 1038) confidence=0.8
2026-05-08 20:02:33 | INFO | my_functions.py:258 | [DEBUG] Click skipped, image not found: claim_After_receive_new_deck.PNG
2026-05-08 20:02:33 | INFO | my_functions.py:231 | [DEBUG] wait_for_image_and_click -> nice!.PNG timeout=0s delay_click=1s confidence=0.8
2026-05-08 20:02:33 | INFO | my_functions.py:172 | Searching nice!.PNG (timeout=0s)
2026-05-08 20:02:33 | INFO | my_functions.py:209 | 
⛔ Not found: nice!.PNG after 0.01s region=(0, 0, 765, 1038) confidence=0.8
2026-05-08 20:02:33 | INFO | my_functions.py:258 | [DEBUG] Click skipped, image not found: nice!.PNG
2026-05-08 20:02:33 | INFO | my_functions.py:231 | [DEBUG] wait_for_image_and_click -> claim!.PNG timeout=0s delay_click=1s confidence=0.8
2026-05-08 20:02:33 | INFO | my_functions.py:172 | Searching claim!.PNG (timeout=0s)
2026-05-08 20:02:33 | INFO | my_functions.py:209 | 
⛔ Not found: claim!.PNG after 0.0s region=(0, 0, 765, 1038) confidence=0.8
2026-05-08 20:02:33 | INFO | my_functions.py:258 | [DEBUG] Click skipped, image not found: claim!.PNG
2026-05-08 20:02:33 | INFO | my_functions.py:231 | [DEBUG] wait_for_image_and_click -> claim_hover.PNG timeout=0s delay_click=1s confidence=0.8
2026-05-08 20:02:33 | INFO | my_functions.py:172 | Searching claim_hover.PNG (timeout=0s)
2026-05-08 20:02:33 | INFO | my_functions.py:209 | 
⛔ Not found: claim_hover.PNG after 0.0s region=(0, 0, 765, 1038) confidence=0.8
2026-05-08 20:02:33 | INFO | my_functions.py:258 | [DEBUG] Click skipped, image not found: claim_hover.PNG
2026-05-08 20:02:33 | INFO | my_functions.py:231 | [DEBUG] wait_for_image_and_click -> nice_hover_half.PNG timeout=0s delay_click=1s confidence=0.8
2026-05-08 20:02:33 | INFO | my_functions.py:172 | Searching nice_hover_half.PNG (timeout=0s)
2026-05-08 20:02:33 | INFO | my_functions.py:209 | 
⛔ Not found: nice_hover_half.PNG after 0.0s region=(0, 0, 765, 1038) confidence=0.8
2026-05-08 20:02:33 | INFO | my_functions.py:258 | [DEBUG] Click skipped, image not found: nice_hover_half.PNG
2026-05-08 20:02:33 | INFO | my_functions.py:231 | [DEBUG] wait_for_image_and_click -> claim_After_receive_new_deck.PNG timeout=0s delay_click=1s confidence=0.8
2026-05-08 20:02:33 | INFO | my_functions.py:172 | Searching claim_After_receive_new_deck.PNG (timeout=0s)
2026-05-08 20:02:34 | INFO | my_functions.py:209 | 
⛔ Not found: claim_After_receive_new_deck.PNG after 0.0s region=(0, 0, 765, 1038) confidence=0.8
2026-05-08 20:02:34 | INFO | my_functions.py:258 | [DEBUG] Click skipped, image not found: claim_After_receive_new_deck.PNG
2026-05-08 20:02:34 | INFO | my_functions.py:231 | [DEBUG] wait_for_image_and_click -> nice!.PNG timeout=0s delay_click=1s confidence=0.8
2026-05-08 20:02:34 | INFO | my_functions.py:172 | Searching nice!.PNG (timeout=0s)
2026-05-08 20:02:34 | INFO | my_functions.py:209 | 
⛔ Not found: nice!.PNG after 0.0s region=(0, 0, 765, 1038) confidence=0.8
2026-05-08 20:02:34 | INFO | my_functions.py:258 | [DEBUG] Click skipped, image not found: nice!.PNG
2026-05-08 20:02:34 | INFO | my_functions.py:231 | [DEBUG] wait_for_image_and_click -> claim!.PNG timeout=0s delay_click=1s confidence=0.8
2026-05-08 20:02:34 | INFO | my_functions.py:172 | Searching claim!.PNG (timeout=0s)
2026-05-08 20:02:34 | INFO | my_functions.py:209 | 
⛔ Not found: claim!.PNG after 0.01s region=(0, 0, 765, 1038) confidence=0.8
2026-05-08 20:02:34 | INFO | my_functions.py:258 | [DEBUG] Click skipped, image not found: claim!.PNG
2026-05-08 20:02:34 | INFO | my_functions.py:231 | [DEBUG] wait_for_image_and_click -> claim_hover.PNG timeout=0s delay_click=1s confidence=0.8
2026-05-08 20:02:34 | INFO | my_functions.py:172 | Searching claim_hover.PNG (timeout=0s)
2026-05-08 20:02:34 | INFO | my_functions.py:209 | 
⛔ Not found: claim_hover.PNG after 0.01s region=(0, 0, 765, 1038) confidence=0.8
2026-05-08 20:02:34 | INFO | my_functions.py:258 | [DEBUG] Click skipped, image not found: claim_hover.PNG
2026-05-08 20:02:34 | INFO | my_functions.py:231 | [DEBUG] wait_for_image_and_click -> nice_hover_half.PNG timeout=0s delay_click=1s confidence=0.8
2026-05-08 20:02:34 | INFO | my_functions.py:172 | Searching nice_hover_half.PNG (timeout=0s)
2026-05-08 20:02:35 | INFO | my_functions.py:209 | 
⛔ Not found: nice_hover_half.PNG after 0.17s region=(0, 0, 765, 1038) confidence=0.8
2026-05-08 20:02:35 | INFO | my_functions.py:258 | [DEBUG] Click skipped, image not found: nice_hover_half.PNG
2026-05-08 20:02:35 | INFO | my_functions.py:231 | [DEBUG] wait_for_image_and_click -> claim_After_receive_new_deck.PNG timeout=0s delay_click=1s confidence=0.8
2026-05-08 20:02:35 | INFO | my_functions.py:172 | Searching claim_After_receive_new_deck.PNG (timeout=0s)
2026-05-08 20:02:35 | INFO | my_functions.py:209 | 
⛔ Not found: claim_After_receive_new_deck.PNG after 0.0s region=(0, 0, 765, 1038) confidence=0.8
2026-05-08 20:02:35 | INFO | my_functions.py:258 | [DEBUG] Click skipped, image not found: claim_After_receive_new_deck.PNG
2026-05-08 20:02:35 | INFO | my_functions.py:231 | [DEBUG] wait_for_image_and_click -> nice!.PNG timeout=0s delay_click=1s confidence=0.8
2026-05-08 20:02:35 | INFO | my_functions.py:172 | Searching nice!.PNG (timeout=0s)
2026-05-08 20:02:35 | INFO | my_functions.py:209 | 
⛔ Not found: nice!.PNG after 0.01s region=(0, 0, 765, 1038) confidence=0.8
2026-05-08 20:02:35 | INFO | my_functions.py:258 | [DEBUG] Click skipped, image not found: nice!.PNG
2026-05-08 20:02:35 | INFO | my_functions.py:231 | [DEBUG] wait_for_image_and_click -> claim!.PNG timeout=0s delay_click=1s confidence=0.8
2026-05-08 20:02:35 | INFO | my_functions.py:172 | Searching claim!.PNG (timeout=0s)
2026-05-08 20:02:36 | INFO | my_functions.py:209 | 
⛔ Not found: claim!.PNG after 0.0s region=(0, 0, 765, 1038) confidence=0.8
2026-05-08 20:02:36 | INFO | my_functions.py:258 | [DEBUG] Click skipped, image not found: claim!.PNG
2026-05-08 20:02:36 | INFO | my_functions.py:231 | [DEBUG] wait_for_image_and_click -> claim_hover.PNG timeout=0s delay_click=1s confidence=0.8
2026-05-08 20:02:36 | INFO | my_functions.py:172 | Searching claim_hover.PNG (timeout=0s)
2026-05-08 20:02:36 | INFO | my_functions.py:209 | 
⛔ Not found: claim_hover.PNG after 0.0s region=(0, 0, 765, 1038) confidence=0.8
2026-05-08 20:02:36 | INFO | my_functions.py:258 | [DEBUG] Click skipped, image not found: claim_hover.PNG
2026-05-08 20:02:36 | INFO | my_functions.py:231 | [DEBUG] wait_for_image_and_click -> nice_hover_half.PNG timeout=0s delay_click=1s confidence=0.8
2026-05-08 20:02:36 | INFO | my_functions.py:172 | Searching nice_hover_half.PNG (timeout=0s)
2026-05-08 20:02:36 | INFO | my_functions.py:209 | 
⛔ Not found: nice_hover_half.PNG after 0.0s region=(0, 0, 765, 1038) confidence=0.8
2026-05-08 20:02:36 | INFO | my_functions.py:258 | [DEBUG] Click skipped, image not found: nice_hover_half.PNG
2026-05-08 20:02:36 | INFO | my_functions.py:231 | [DEBUG] wait_for_image_and_click -> claim_After_receive_new_deck.PNG timeout=0s delay_click=1s confidence=0.8
2026-05-08 20:02:36 | INFO | my_functions.py:172 | Searching claim_After_receive_new_deck.PNG (timeout=0s)
2026-05-08 20:02:36 | INFO | my_functions.py:209 | 
⛔ Not found: claim_After_receive_new_deck.PNG after 0.0s region=(0, 0, 765, 1038) confidence=0.8
2026-05-08 20:02:36 | INFO | my_functions.py:258 | [DEBUG] Click skipped, image not found: claim_After_receive_new_deck.PNG
2026-05-08 20:02:36 | INFO | my_functions.py:231 | [DEBUG] wait_for_image_and_click -> nice!.PNG timeout=0s delay_click=1s confidence=0.8
2026-05-08 20:02:36 | INFO | my_functions.py:172 | Searching nice!.PNG (timeout=0s)
2026-05-08 20:02:36 | INFO | my_functions.py:209 | 
⛔ Not found: nice!.PNG after 0.0s region=(0, 0, 765, 1038) confidence=0.8
2026-05-08 20:02:36 | INFO | my_functions.py:258 | [DEBUG] Click skipped, image not found: nice!.PNG
2026-05-08 20:02:36 | INFO | my_functions.py:231 | [DEBUG] wait_for_image_and_click -> claim!.PNG timeout=0s delay_click=1s confidence=0.8
2026-05-08 20:02:36 | INFO | my_functions.py:172 | Searching claim!.PNG (timeout=0s)
2026-05-08 20:02:37 | INFO | my_functions.py:209 | 
⛔ Not found: claim!.PNG after 0.0s region=(0, 0, 765, 1038) confidence=0.8
2026-05-08 20:02:37 | INFO | my_functions.py:258 | [DEBUG] Click skipped, image not found: claim!.PNG
2026-05-08 20:02:37 | INFO | my_functions.py:231 | [DEBUG] wait_for_image_and_click -> claim_hover.PNG timeout=0s delay_click=1s confidence=0.8
2026-05-08 20:02:37 | INFO | my_functions.py:172 | Searching claim_hover.PNG (timeout=0s)
2026-05-08 20:02:37 | INFO | my_functions.py:209 | 
⛔ Not found: claim_hover.PNG after 0.0s region=(0, 0, 765, 1038) confidence=0.8
2026-05-08 20:02:37 | INFO | my_functions.py:258 | [DEBUG] Click skipped, image not found: claim_hover.PNG
2026-05-08 20:02:37 | INFO | my_functions.py:231 | [DEBUG] wait_for_image_and_click -> nice_hover_half.PNG timeout=0s delay_click=1s confidence=0.8
2026-05-08 20:02:37 | INFO | my_functions.py:172 | Searching nice_hover_half.PNG (timeout=0s)
2026-05-08 20:02:37 | INFO | my_functions.py:209 | 
⛔ Not found: nice_hover_half.PNG after 0.03s region=(0, 0, 765, 1038) confidence=0.8
2026-05-08 20:02:37 | INFO | my_functions.py:258 | [DEBUG] Click skipped, image not found: nice_hover_half.PNG
2026-05-08 20:02:37 | INFO | my_functions.py:231 | [DEBUG] wait_for_image_and_click -> claim_After_receive_new_deck.PNG timeout=0s delay_click=1s confidence=0.8
2026-05-08 20:02:37 | INFO | my_functions.py:172 | Searching claim_After_receive_new_deck.PNG (timeout=0s)
2026-05-08 20:02:38 | INFO | my_functions.py:209 | 
⛔ Not found: claim_After_receive_new_deck.PNG after 0.01s region=(0, 0, 765, 1038) confidence=0.8
2026-05-08 20:02:38 | INFO | my_functions.py:258 | [DEBUG] Click skipped, image not found: claim_After_receive_new_deck.PNG
2026-05-08 20:02:38 | INFO | my_functions.py:231 | [DEBUG] wait_for_image_and_click -> nice!.PNG timeout=0s delay_click=1s confidence=0.8
2026-05-08 20:02:38 | INFO | my_functions.py:172 | Searching nice!.PNG (timeout=0s)
2026-05-08 20:02:38 | INFO | my_functions.py:209 | 
⛔ Not found: nice!.PNG after 0.01s region=(0, 0, 765, 1038) confidence=0.8
2026-05-08 20:02:38 | INFO | my_functions.py:258 | [DEBUG] Click skipped, image not found: nice!.PNG
2026-05-08 20:02:38 | INFO | my_functions.py:231 | [DEBUG] wait_for_image_and_click -> claim!.PNG timeout=0s delay_click=1s confidence=0.8
2026-05-08 20:02:38 | INFO | my_functions.py:172 | Searching claim!.PNG (timeout=0s)
2026-05-08 20:02:38 | INFO | my_functions.py:209 | 
⛔ Not found: claim!.PNG after 0.01s region=(0, 0, 765, 1038) confidence=0.8
2026-05-08 20:02:38 | INFO | my_functions.py:258 | [DEBUG] Click skipped, image not found: claim!.PNG
2026-05-08 20:02:38 | INFO | my_functions.py:231 | [DEBUG] wait_for_image_and_click -> claim_hover.PNG timeout=0s delay_click=1s confidence=0.8
2026-05-08 20:02:38 | INFO | my_functions.py:172 | Searching claim_hover.PNG (timeout=0s)
2026-05-08 20:02:39 | INFO | my_functions.py:209 | 
⛔ Not found: claim_hover.PNG after 0.0s region=(0, 0, 765, 1038) confidence=0.8
2026-05-08 20:02:39 | INFO | my_functions.py:258 | [DEBUG] Click skipped, image not found: claim_hover.PNG
2026-05-08 20:02:39 | INFO | my_functions.py:231 | [DEBUG] wait_for_image_and_click -> nice_hover_half.PNG timeout=0s delay_click=1s confidence=0.8
2026-05-08 20:02:39 | INFO | my_functions.py:172 | Searching nice_hover_half.PNG (timeout=0s)
2026-05-08 20:02:39 | INFO | my_functions.py:209 | 
⛔ Not found: nice_hover_half.PNG after 0.0s region=(0, 0, 765, 1038) confidence=0.8
2026-05-08 20:02:39 | INFO | my_functions.py:258 | [DEBUG] Click skipped, image not found: nice_hover_half.PNG
2026-05-08 20:02:39 | INFO | my_functions.py:231 | [DEBUG] wait_for_image_and_click -> claim_After_receive_new_deck.PNG timeout=0s delay_click=1s confidence=0.8
2026-05-08 20:02:39 | INFO | my_functions.py:172 | Searching claim_After_receive_new_deck.PNG (timeout=0s)
2026-05-08 20:02:39 | INFO | my_functions.py:209 | 
⛔ Not found: claim_After_receive_new_deck.PNG after 0.0s region=(0, 0, 765, 1038) confidence=0.8
2026-05-08 20:02:39 | INFO | my_functions.py:258 | [DEBUG] Click skipped, image not found: claim_After_receive_new_deck.PNG
2026-05-08 20:02:39 | INFO | my_functions.py:231 | [DEBUG] wait_for_image_and_click -> nice!.PNG timeout=0s delay_click=1s confidence=0.8
2026-05-08 20:02:39 | INFO | my_functions.py:172 | Searching nice!.PNG (timeout=0s)
2026-05-08 20:02:39 | INFO | my_functions.py:209 | 
⛔ Not found: nice!.PNG after 0.0s region=(0, 0, 765, 1038) confidence=0.8
2026-05-08 20:02:39 | INFO | my_functions.py:258 | [DEBUG] Click skipped, image not found: nice!.PNG
2026-05-08 20:02:39 | INFO | my_functions.py:231 | [DEBUG] wait_for_image_and_click -> claim!.PNG timeout=0s delay_click=1s confidence=0.8
2026-05-08 20:02:39 | INFO | my_functions.py:172 | Searching claim!.PNG (timeout=0s)
2026-05-08 20:02:40 | INFO | my_functions.py:209 | 
⛔ Not found: claim!.PNG after 0.0s region=(0, 0, 765, 1038) confidence=0.8
2026-05-08 20:02:40 | INFO | my_functions.py:258 | [DEBUG] Click skipped, image not found: claim!.PNG
2026-05-08 20:02:40 | INFO | my_functions.py:231 | [DEBUG] wait_for_image_and_click -> claim_hover.PNG timeout=0s delay_click=1s confidence=0.8
2026-05-08 20:02:40 | INFO | my_functions.py:172 | Searching claim_hover.PNG (timeout=0s)
2026-05-08 20:02:40 | INFO | my_functions.py:209 | 
⛔ Not found: claim_hover.PNG after 0.0s region=(0, 0, 765, 1038) confidence=0.8
2026-05-08 20:02:40 | INFO | my_functions.py:258 | [DEBUG] Click skipped, image not found: claim_hover.PNG
2026-05-08 20:02:40 | INFO | my_functions.py:231 | [DEBUG] wait_for_image_and_click -> nice_hover_half.PNG timeout=0s delay_click=1s confidence=0.8
2026-05-08 20:02:40 | INFO | my_functions.py:172 | Searching nice_hover_half.PNG (timeout=0s)
2026-05-08 20:02:40 | INFO | my_functions.py:209 | 
⛔ Not found: nice_hover_half.PNG after 0.0s region=(0, 0, 765, 1038) confidence=0.8
2026-05-08 20:02:40 | INFO | my_functions.py:258 | [DEBUG] Click skipped, image not found: nice_hover_half.PNG
2026-05-08 20:02:40 | INFO | my_functions.py:231 | [DEBUG] wait_for_image_and_click -> claim_After_receive_new_deck.PNG timeout=0s delay_click=1s confidence=0.8
2026-05-08 20:02:40 | INFO | my_functions.py:172 | Searching claim_After_receive_new_deck.PNG (timeout=0s)
2026-05-08 20:02:40 | INFO | my_functions.py:209 | 
⛔ Not found: claim_After_receive_new_deck.PNG after 0.0s region=(0, 0, 765, 1038) confidence=0.8
2026-05-08 20:02:40 | INFO | my_functions.py:258 | [DEBUG] Click skipped, image not found: claim_After_receive_new_deck.PNG
2026-05-08 20:02:40 | INFO | my_functions.py:231 | [DEBUG] wait_for_image_and_click -> nice!.PNG timeout=0s delay_click=1s confidence=0.8
2026-05-08 20:02:40 | INFO | my_functions.py:172 | Searching nice!.PNG (timeout=0s)
2026-05-08 20:02:41 | INFO | my_functions.py:209 | 
⛔ Not found: nice!.PNG after 0.0s region=(0, 0, 765, 1038) confidence=0.8
2026-05-08 20:02:41 | INFO | my_functions.py:258 | [DEBUG] Click skipped, image not found: nice!.PNG
2026-05-08 20:02:41 | INFO | my_functions.py:231 | [DEBUG] wait_for_image_and_click -> claim!.PNG timeout=0s delay_click=1s confidence=0.8
2026-05-08 20:02:41 | INFO | my_functions.py:172 | Searching claim!.PNG (timeout=0s)
2026-05-08 20:02:41 | INFO | my_functions.py:209 | 
⛔ Not found: claim!.PNG after 0.0s region=(0, 0, 765, 1038) confidence=0.8
2026-05-08 20:02:41 | INFO | my_functions.py:258 | [DEBUG] Click skipped, image not found: claim!.PNG
2026-05-08 20:02:41 | INFO | my_functions.py:231 | [DEBUG] wait_for_image_and_click -> claim_hover.PNG timeout=0s delay_click=1s confidence=0.8
2026-05-08 20:02:41 | INFO | my_functions.py:172 | Searching claim_hover.PNG (timeout=0s)
2026-05-08 20:02:41 | INFO | my_functions.py:209 | 
⛔ Not found: claim_hover.PNG after 0.0s region=(0, 0, 765, 1038) confidence=0.8
2026-05-08 20:02:41 | INFO | my_functions.py:258 | [DEBUG] Click skipped, image not found: claim_hover.PNG
2026-05-08 20:02:41 | INFO | my_functions.py:231 | [DEBUG] wait_for_image_and_click -> nice_hover_half.PNG timeout=0s delay_click=1s confidence=0.8
2026-05-08 20:02:41 | INFO | my_functions.py:172 | Searching nice_hover_half.PNG (timeout=0s)
2026-05-08 20:02:42 | INFO | my_functions.py:209 | 
⛔ Not found: nice_hover_half.PNG after 0.01s region=(0, 0, 765, 1038) confidence=0.8
2026-05-08 20:02:42 | INFO | my_functions.py:258 | [DEBUG] Click skipped, image not found: nice_hover_half.PNG
2026-05-08 20:02:42 | INFO | my_functions.py:231 | [DEBUG] wait_for_image_and_click -> claim_After_receive_new_deck.PNG timeout=0s delay_click=1s confidence=0.8
2026-05-08 20:02:42 | INFO | my_functions.py:172 | Searching claim_After_receive_new_deck.PNG (timeout=0s)
2026-05-08 20:02:42 | INFO | my_functions.py:209 | 
⛔ Not found: claim_After_receive_new_deck.PNG after 0.0s region=(0, 0, 765, 1038) confidence=0.8
2026-05-08 20:02:42 | INFO | my_functions.py:258 | [DEBUG] Click skipped, image not found: claim_After_receive_new_deck.PNG
2026-05-08 20:02:42 | INFO | my_functions.py:231 | [DEBUG] wait_for_image_and_click -> nice!.PNG timeout=0s delay_click=1s confidence=0.8
2026-05-08 20:02:42 | INFO | my_functions.py:172 | Searching nice!.PNG (timeout=0s)
2026-05-08 20:02:42 | INFO | my_functions.py:209 | 
⛔ Not found: nice!.PNG after 0.0s region=(0, 0, 765, 1038) confidence=0.8
2026-05-08 20:02:42 | INFO | my_functions.py:258 | [DEBUG] Click skipped, image not found: nice!.PNG
2026-05-08 20:02:42 | INFO | my_functions.py:231 | [DEBUG] wait_for_image_and_click -> claim!.PNG timeout=0s delay_click=1s confidence=0.8
2026-05-08 20:02:42 | INFO | my_functions.py:172 | Searching claim!.PNG (timeout=0s)
2026-05-08 20:02:42 | INFO | my_functions.py:209 | 
⛔ Not found: claim!.PNG after 0.01s region=(0, 0, 765, 1038) confidence=0.8
2026-05-08 20:02:42 | INFO | my_functions.py:258 | [DEBUG] Click skipped, image not found: claim!.PNG
2026-05-08 20:02:42 | INFO | my_functions.py:231 | [DEBUG] wait_for_image_and_click -> claim_hover.PNG timeout=0s delay_click=1s confidence=0.8
2026-05-08 20:02:42 | INFO | my_functions.py:172 | Searching claim_hover.PNG (timeout=0s)
2026-05-08 20:02:43 | INFO | my_functions.py:209 | 
⛔ Not found: claim_hover.PNG after 0.0s region=(0, 0, 765, 1038) confidence=0.8
2026-05-08 20:02:43 | INFO | my_functions.py:258 | [DEBUG] Click skipped, image not found: claim_hover.PNG
2026-05-08 20:02:43 | INFO | my_functions.py:231 | [DEBUG] wait_for_image_and_click -> nice_hover_half.PNG timeout=0s delay_click=1s confidence=0.8
2026-05-08 20:02:43 | INFO | my_functions.py:172 | Searching nice_hover_half.PNG (timeout=0s)
2026-05-08 20:02:43 | INFO | my_functions.py:209 | 
⛔ Not found: nice_hover_half.PNG after 0.01s region=(0, 0, 765, 1038) confidence=0.8
2026-05-08 20:02:43 | INFO | my_functions.py:258 | [DEBUG] Click skipped, image not found: nice_hover_half.PNG
2026-05-08 20:02:43 | INFO | my_functions.py:231 | [DEBUG] wait_for_image_and_click -> claim_After_receive_new_deck.PNG timeout=0s delay_click=1s confidence=0.8
2026-05-08 20:02:43 | INFO | my_functions.py:172 | Searching claim_After_receive_new_deck.PNG (timeout=0s)
2026-05-08 20:02:43 | INFO | my_functions.py:209 | 
⛔ Not found: claim_After_receive_new_deck.PNG after 0.01s region=(0, 0, 765, 1038) confidence=0.8
2026-05-08 20:02:43 | INFO | my_functions.py:258 | [DEBUG] Click skipped, image not found: claim_After_receive_new_deck.PNG
2026-05-08 20:02:51 | INFO | my_functions.py:172 | Searching shop_unselected.PNG (timeout=0s)
2026-05-08 20:02:51 | INFO | my_functions.py:209 | 
⛔ Not found: shop_unselected.PNG after 0.0s region=(0, 0, 765, 1038) confidence=0.8
2026-05-08 20:02:52 | INFO | my_functions.py:172 | Searching shop_unselected.PNG (timeout=0s)
2026-05-08 20:02:53 | INFO | my_functions.py:209 | 
⛔ Not found: shop_unselected.PNG after 0.19s region=(0, 0, 765, 1038) confidence=0.8
2026-05-08 20:02:53 | INFO | my_functions.py:231 | [DEBUG] wait_for_image_and_click -> super_premium.PNG timeout=0s delay_click=1s confidence=0.8
2026-05-08 20:02:53 | INFO | my_functions.py:172 | Searching super_premium.PNG (timeout=0s)
2026-05-08 20:02:53 | INFO | my_functions.py:198 | 
✅ Found: super_premium.PNG pos=(480, 777) time=0.17s confidence=0.8
2026-05-08 20:02:54 | INFO | my_functions.py:138 | Haciendo click en la posición (480, 777)
2026-05-08 20:02:54 | INFO | my_functions.py:251 | 🖱️ Click OK: super_premium.PNG at (480, 777) delay=1s
2026-05-08 20:02:54 | INFO | my_functions.py:146 | Presionando ESC (1/1)
2026-05-08 20:03:03 | INFO | my_functions.py:172 | Searching shop_unselected.PNG (timeout=0s)
2026-05-08 20:03:03 | INFO | my_functions.py:198 | 
✅ Found: shop_unselected.PNG pos=(88, 961) time=0.19s confidence=0.8
2026-05-08 20:03:03 | INFO | my_functions.py:720 | Ya esta listo
2026-05-08 20:03:03 | INFO | each_eight_hours.py:163 | Initial images processed
2026-05-08 20:03:03 | INFO | each_eight_hours.py:166 | Chrome terminated
2026-05-08 20:03:03 | INFO | my_functions.py:231 | [DEBUG] wait_for_image_and_click -> missions_unnotified2.png timeout=20s delay_click=1s confidence=0.8
2026-05-08 20:03:03 | INFO | my_functions.py:172 | Searching missions_unnotified2.png (timeout=20s)
2026-05-08 20:03:03 | INFO | my_functions.py:198 | 
✅ Found: missions_unnotified2.png pos=(516, 127) time=0.2s confidence=0.8
2026-05-08 20:03:04 | INFO | my_functions.py:138 | Haciendo click en la posición (516, 127)
2026-05-08 20:03:05 | INFO | my_functions.py:251 | 🖱️ Click OK: missions_unnotified2.png at (516, 127) delay=1s
2026-05-08 20:03:05 | INFO | my_functions.py:231 | [DEBUG] wait_for_image_and_click -> calendar_missions_daily.png timeout=3s delay_click=1s confidence=0.8
2026-05-08 20:03:05 | INFO | my_functions.py:172 | Searching calendar_missions_daily.png (timeout=3s)
2026-05-08 20:03:06 | INFO | my_functions.py:198 | 
✅ Found: calendar_missions_daily.png pos=(189, 131) time=1.16s confidence=0.8
2026-05-08 20:03:07 | INFO | my_functions.py:138 | Haciendo click en la posición (189, 131)
2026-05-08 20:03:07 | INFO | my_functions.py:251 | 🖱️ Click OK: calendar_missions_daily.png at (189, 131) delay=1s
2026-05-08 20:03:07 | INFO | each_eight_hours.py:180 | Mission screens opened
2026-05-08 20:03:07 | INFO | my_functions.py:295 | JSON file located at C:\Users\Farm\AppData\LocalLow\Second Dinner\SNAP\Standalone\States\nvprod\MissionState.json
2026-05-08 20:03:10 | INFO | my_functions.py:434 | AVAILABLE: 6
2026-05-08 20:03:10 | INFO | my_functions.py:444 | [INFO] Waiting for Notepad++ process...
2026-05-08 20:03:10 | INFO | my_functions.py:458 | [INFO] Notepad++ detected PID=7008
2026-05-08 20:03:13 | INFO | my_functions.py:466 | [SUCCESS] Notepad++ closed successfully
2026-05-08 20:03:14 | INFO | my_functions.py:1593 | [INFO] Iniciando click_missions_blue2
2026-05-08 20:03:14 | INFO | my_functions.py:138 | Haciendo click en la posición (150, 132)
2026-05-08 20:03:15 | INFO | my_functions.py:1596 | [ACTION] Click hecho en icono de calendario que me dirige a las misiones ordinarias
2026-05-08 20:03:15 | INFO | my_functions.py:172 | Searching bonus_challenge.png (timeout=0s)
2026-05-08 20:03:15 | INFO | my_functions.py:209 | 
⛔ Not found: bonus_challenge.png after 0.0s region=(0, 0, 765, 1038) confidence=0.8
2026-05-08 20:03:17 | INFO | my_functions.py:172 | Searching flechita_mission.PNG (timeout=0s)
2026-05-08 20:03:18 | INFO | my_functions.py:209 | 
⛔ Not found: flechita_mission.PNG after 0.0s region=(0, 0, 765, 1038) confidence=0.8
2026-05-08 20:03:18 | INFO | my_functions.py:231 | [DEBUG] wait_for_image_and_click -> weekly3.PNG timeout=0s delay_click=0.1s confidence=0.8
2026-05-08 20:03:18 | INFO | my_functions.py:172 | Searching weekly3.PNG (timeout=0s)
2026-05-08 20:03:18 | INFO | my_functions.py:209 | 
⛔ Not found: weekly3.PNG after 0.0s region=(0, 0, 765, 1038) confidence=0.8
2026-05-08 20:03:18 | INFO | my_functions.py:258 | [DEBUG] Click skipped, image not found: weekly3.PNG
2026-05-08 20:03:18 | INFO | my_functions.py:231 | [DEBUG] wait_for_image_and_click -> weekly3.PNG timeout=0s delay_click=0.1s confidence=0.8
2026-05-08 20:03:18 | INFO | my_functions.py:172 | Searching weekly3.PNG (timeout=0s)
2026-05-08 20:03:18 | INFO | my_functions.py:209 | 
⛔ Not found: weekly3.PNG after 0.0s region=(0, 0, 765, 1038) confidence=0.8
2026-05-08 20:03:18 | INFO | my_functions.py:258 | [DEBUG] Click skipped, image not found: weekly3.PNG
2026-05-08 20:03:18 | INFO | my_functions.py:231 | [DEBUG] wait_for_image_and_click -> weekly3.PNG timeout=0s delay_click=0.1s confidence=0.8
2026-05-08 20:03:18 | INFO | my_functions.py:172 | Searching weekly3.PNG (timeout=0s)
2026-05-08 20:03:18 | INFO | my_functions.py:209 | 
⛔ Not found: weekly3.PNG after 0.0s region=(0, 0, 765, 1038) confidence=0.8
2026-05-08 20:03:18 | INFO | my_functions.py:258 | [DEBUG] Click skipped, image not found: weekly3.PNG
2026-05-08 20:03:18 | INFO | my_functions.py:231 | [DEBUG] wait_for_image_and_click -> weekly3.PNG timeout=0s delay_click=0.1s confidence=0.8
2026-05-08 20:03:18 | INFO | my_functions.py:172 | Searching weekly3.PNG (timeout=0s)
2026-05-08 20:03:18 | INFO | my_functions.py:209 | 
⛔ Not found: weekly3.PNG after 0.0s region=(0, 0, 765, 1038) confidence=0.8
2026-05-08 20:03:18 | INFO | my_functions.py:258 | [DEBUG] Click skipped, image not found: weekly3.PNG
2026-05-08 20:03:18 | INFO | my_functions.py:231 | [DEBUG] wait_for_image_and_click -> weekly3.PNG timeout=0s delay_click=0.1s confidence=0.8
2026-05-08 20:03:18 | INFO | my_functions.py:172 | Searching weekly3.PNG (timeout=0s)
2026-05-08 20:03:18 | INFO | my_functions.py:209 | 
⛔ Not found: weekly3.PNG after 0.0s region=(0, 0, 765, 1038) confidence=0.8
2026-05-08 20:03:18 | INFO | my_functions.py:258 | [DEBUG] Click skipped, image not found: weekly3.PNG
2026-05-08 20:03:18 | INFO | my_functions.py:231 | [DEBUG] wait_for_image_and_click -> weekly3.PNG timeout=0s delay_click=0.1s confidence=0.8
2026-05-08 20:03:18 | INFO | my_functions.py:172 | Searching weekly3.PNG (timeout=0s)
2026-05-08 20:03:19 | INFO | my_functions.py:209 | 
⛔ Not found: weekly3.PNG after 0.0s region=(0, 0, 765, 1038) confidence=0.8
2026-05-08 20:03:19 | INFO | my_functions.py:258 | [DEBUG] Click skipped, image not found: weekly3.PNG
2026-05-08 20:03:19 | INFO | my_functions.py:231 | [DEBUG] wait_for_image_and_click -> weekly3.PNG timeout=0s delay_click=0.1s confidence=0.8
2026-05-08 20:03:19 | INFO | my_functions.py:172 | Searching weekly3.PNG (timeout=0s)
2026-05-08 20:03:19 | INFO | my_functions.py:209 | 
⛔ Not found: weekly3.PNG after 0.0s region=(0, 0, 765, 1038) confidence=0.8
2026-05-08 20:03:19 | INFO | my_functions.py:258 | [DEBUG] Click skipped, image not found: weekly3.PNG
2026-05-08 20:03:19 | INFO | my_functions.py:231 | [DEBUG] wait_for_image_and_click -> weekly3.PNG timeout=0s delay_click=0.1s confidence=0.8
2026-05-08 20:03:19 | INFO | my_functions.py:172 | Searching weekly3.PNG (timeout=0s)
2026-05-08 20:03:19 | INFO | my_functions.py:209 | 
⛔ Not found: weekly3.PNG after 0.0s region=(0, 0, 765, 1038) confidence=0.8
2026-05-08 20:03:19 | INFO | my_functions.py:258 | [DEBUG] Click skipped, image not found: weekly3.PNG
2026-05-08 20:03:19 | INFO | my_functions.py:231 | [DEBUG] wait_for_image_and_click -> weekly3.PNG timeout=0s delay_click=0.1s confidence=0.8
2026-05-08 20:03:19 | INFO | my_functions.py:172 | Searching weekly3.PNG (timeout=0s)
2026-05-08 20:03:19 | INFO | my_functions.py:209 | 
⛔ Not found: weekly3.PNG after 0.0s region=(0, 0, 765, 1038) confidence=0.8
2026-05-08 20:03:19 | INFO | my_functions.py:258 | [DEBUG] Click skipped, image not found: weekly3.PNG
2026-05-08 20:03:19 | INFO | my_functions.py:231 | [DEBUG] wait_for_image_and_click -> weekly3.PNG timeout=0s delay_click=0.1s confidence=0.8
2026-05-08 20:03:19 | INFO | my_functions.py:172 | Searching weekly3.PNG (timeout=0s)
2026-05-08 20:03:19 | INFO | my_functions.py:209 | 
⛔ Not found: weekly3.PNG after 0.0s region=(0, 0, 765, 1038) confidence=0.8
2026-05-08 20:03:19 | INFO | my_functions.py:258 | [DEBUG] Click skipped, image not found: weekly3.PNG
2026-05-08 20:03:19 | INFO | my_functions.py:231 | [DEBUG] wait_for_image_and_click -> weekly3.PNG timeout=0s delay_click=0.1s confidence=0.8
2026-05-08 20:03:19 | INFO | my_functions.py:172 | Searching weekly3.PNG (timeout=0s)
2026-05-08 20:03:20 | INFO | my_functions.py:209 | 
⛔ Not found: weekly3.PNG after 0.0s region=(0, 0, 765, 1038) confidence=0.8
2026-05-08 20:03:20 | INFO | my_functions.py:258 | [DEBUG] Click skipped, image not found: weekly3.PNG
2026-05-08 20:03:20 | INFO | my_functions.py:231 | [DEBUG] wait_for_image_and_click -> weekly3.PNG timeout=0s delay_click=0.1s confidence=0.8
2026-05-08 20:03:20 | INFO | my_functions.py:172 | Searching weekly3.PNG (timeout=0s)
2026-05-08 20:03:20 | INFO | my_functions.py:209 | 
⛔ Not found: weekly3.PNG after 0.0s region=(0, 0, 765, 1038) confidence=0.8
2026-05-08 20:03:20 | INFO | my_functions.py:258 | [DEBUG] Click skipped, image not found: weekly3.PNG
2026-05-08 20:03:20 | INFO | my_functions.py:295 | JSON file located at C:\Users\Farm\AppData\LocalLow\Second Dinner\SNAP\Standalone\States\nvprod\MissionState.json
2026-05-08 20:03:23 | INFO | my_functions.py:434 | AVAILABLE: 6
2026-05-08 20:03:23 | INFO | my_functions.py:444 | [INFO] Waiting for Notepad++ process...
2026-05-08 20:03:23 | INFO | my_functions.py:458 | [INFO] Notepad++ detected PID=7100
2026-05-08 20:03:26 | INFO | my_functions.py:466 | [SUCCESS] Notepad++ closed successfully
2026-05-08 20:03:27 | INFO | my_functions.py:146 | Presionando ESC (1/1)
2026-05-08 20:03:27 | INFO | my_functions.py:231 | [DEBUG] wait_for_image_and_click -> white_x.png timeout=2s delay_click=1s confidence=0.8
2026-05-08 20:03:27 | INFO | my_functions.py:172 | Searching white_x.png (timeout=2s)
2026-05-08 20:03:30 | INFO | my_functions.py:209 | 
⛔ Not found: white_x.png after 2.1s region=(0, 0, 765, 1038) confidence=0.8
2026-05-08 20:03:30 | INFO | my_functions.py:258 | [DEBUG] Click skipped, image not found: white_x.png
2026-05-08 20:03:30 | INFO | my_functions.py:172 | Searching play.PNG (timeout=0s)
2026-05-08 20:03:30 | INFO | my_functions.py:198 | 
✅ Found: play.PNG pos=(384, 824) time=0.2s confidence=0.8
2026-05-08 20:03:30 | INFO | my_functions.py:1563 | [INFO] Click realizado donde se equipa el deck a jugar
2026-05-08 20:03:34 | INFO | my_functions.py:231 | [DEBUG] wait_for_image_and_click -> deck_666666.png timeout=3s delay_click=1s confidence=0.8
2026-05-08 20:03:34 | INFO | my_functions.py:172 | Searching deck_666666.png (timeout=3s)
2026-05-08 20:03:34 | INFO | my_functions.py:198 | 
✅ Found: deck_666666.png pos=(235, 547) time=0.21s confidence=0.8
2026-05-08 20:03:35 | INFO | my_functions.py:138 | Haciendo click en la posición (235, 547)
2026-05-08 20:03:36 | INFO | my_functions.py:251 | 🖱️ Click OK: deck_666666.png at (235, 547) delay=1s
2026-05-08 20:03:36 | INFO | my_functions.py:231 | [DEBUG] wait_for_image_and_click -> equip.png timeout=3s delay_click=1s confidence=0.95
2026-05-08 20:03:36 | INFO | my_functions.py:172 | Searching equip.png (timeout=3s)
2026-05-08 20:03:39 | INFO | my_functions.py:209 | 
⛔ Not found: equip.png after 3.06s region=(0, 0, 765, 1038) confidence=0.95
2026-05-08 20:03:39 | INFO | my_functions.py:258 | [DEBUG] Click skipped, image not found: equip.png
2026-05-08 20:03:39 | INFO | my_functions.py:146 | Presionando ESC (1/1)
2026-05-08 20:03:39 | INFO | each_eight_hours.py:217 | Deck selected: 6turns
2026-05-08 20:03:39 | INFO | my_functions.py:231 | [DEBUG] wait_for_image_and_click -> maybe_later.PNG timeout=2s delay_click=1s confidence=0.8
2026-05-08 20:03:39 | INFO | my_functions.py:172 | Searching maybe_later.PNG (timeout=2s)
2026-05-08 20:03:42 | INFO | my_functions.py:209 | 
⛔ Not found: maybe_later.PNG after 2.18s region=(0, 0, 765, 1038) confidence=0.8
2026-05-08 20:03:42 | INFO | my_functions.py:258 | [DEBUG] Click skipped, image not found: maybe_later.PNG
2026-05-08 20:03:42 | INFO | my_functions.py:231 | [DEBUG] wait_for_image_and_click -> maybe_later2.PNG timeout=2s delay_click=1s confidence=0.8
2026-05-08 20:03:42 | INFO | my_functions.py:172 | Searching maybe_later2.PNG (timeout=2s)
2026-05-08 20:03:44 | INFO | my_functions.py:209 | 
⛔ Not found: maybe_later2.PNG after 2.08s region=(0, 0, 765, 1038) confidence=0.8
2026-05-08 20:03:44 | INFO | my_functions.py:258 | [DEBUG] Click skipped, image not found: maybe_later2.PNG
2026-05-08 20:03:44 | INFO | each_eight_hours.py:287 | Starting game loop 1
2026-05-08 20:03:44 | INFO | my_functions.py:231 | [DEBUG] wait_for_image_and_click -> play.PNG timeout=20s delay_click=3s confidence=0.8
2026-05-08 20:03:44 | INFO | my_functions.py:172 | Searching play.PNG (timeout=20s)
2026-05-08 20:03:44 | INFO | my_functions.py:198 | 
✅ Found: play.PNG pos=(384, 824) time=0.19s confidence=0.8
2026-05-08 20:03:47 | INFO | my_functions.py:138 | Haciendo click en la posición (384, 824)
2026-05-08 20:03:47 | INFO | my_functions.py:251 | 🖱️ Click OK: play.PNG at (384, 824) delay=3s
2026-05-08 20:03:47 | INFO | each_eight_hours.py:293 | Play button clicked
2026-05-08 20:04:08 | INFO | my_functions.py:198 | 
✅ Found: end_turn.PNG pos=(681, 945) time=0.17s confidence=0.8
2026-05-08 20:04:08 | INFO | my_functions.py:231 | [DEBUG] wait_for_image_and_click -> snap.PNG timeout=0s delay_click=1s confidence=0.8
2026-05-08 20:04:08 | INFO | my_functions.py:198 | 
✅ Found: snap.PNG pos=(386, 122) time=0.19s confidence=0.8
2026-05-08 20:04:09 | INFO | my_functions.py:138 | Haciendo click en la posición (386, 122)
2026-05-08 20:04:10 | INFO | my_functions.py:251 | 🖱️ Click OK: snap.PNG at (386, 122) delay=1s
2026-05-08 20:04:15 | INFO | my_functions.py:138 | Haciendo click en la posición (681, 945)
2026-05-08 20:04:16 | INFO | each_eight_hours.py:314 | End turn executed
2026-05-08 20:04:28 | INFO | my_functions.py:198 | 
✅ Found: end_turn.PNG pos=(681, 945) time=0.2s confidence=0.8
2026-05-08 20:04:28 | INFO | my_functions.py:231 | [DEBUG] wait_for_image_and_click -> snap.PNG timeout=0s delay_click=1s confidence=0.8
2026-05-08 20:04:29 | INFO | my_functions.py:258 | [DEBUG] Click skipped, image not found: snap.PNG
2026-05-08 20:04:34 | INFO | my_functions.py:138 | Haciendo click en la posición (681, 945)
2026-05-08 20:04:35 | INFO | each_eight_hours.py:314 | End turn executed
2026-05-08 20:04:48 | INFO | my_functions.py:198 | 
✅ Found: end_turn.PNG pos=(681, 945) time=0.18s confidence=0.8
2026-05-08 20:04:48 | INFO | my_functions.py:231 | [DEBUG] wait_for_image_and_click -> snap.PNG timeout=0s delay_click=1s confidence=0.8
2026-05-08 20:04:48 | INFO | my_functions.py:258 | [DEBUG] Click skipped, image not found: snap.PNG
2026-05-08 20:04:53 | INFO | my_functions.py:138 | Haciendo click en la posición (681, 945)
2026-05-08 20:04:55 | INFO | each_eight_hours.py:314 | End turn executed
2026-05-08 20:05:03 | INFO | my_functions.py:198 | 
✅ Found: never_seen_before.png pos=(395, 141) time=0.19s confidence=0.8
2026-05-08 20:05:03 | WARNING | each_eight_hours.py:327 | Unknown popup handled
2026-05-08 20:05:10 | INFO | my_functions.py:198 | 
✅ Found: end_turn.PNG pos=(681, 945) time=0.18s confidence=0.8
2026-05-08 20:05:10 | INFO | my_functions.py:231 | [DEBUG] wait_for_image_and_click -> snap.PNG timeout=0s delay_click=1s confidence=0.8
2026-05-08 20:05:10 | INFO | my_functions.py:258 | [DEBUG] Click skipped, image not found: snap.PNG
2026-05-08 20:05:15 | INFO | my_functions.py:138 | Haciendo click en la posición (681, 945)
2026-05-08 20:05:16 | INFO | each_eight_hours.py:314 | End turn executed
2026-05-08 20:05:30 | INFO | my_functions.py:198 | 
✅ Found: end_turn.PNG pos=(681, 945) time=0.2s confidence=0.8
2026-05-08 20:05:30 | INFO | my_functions.py:231 | [DEBUG] wait_for_image_and_click -> snap.PNG timeout=0s delay_click=1s confidence=0.8
2026-05-08 20:05:31 | INFO | my_functions.py:258 | [DEBUG] Click skipped, image not found: snap.PNG
2026-05-08 20:05:36 | INFO | my_functions.py:138 | Haciendo click en la posición (681, 945)
2026-05-08 20:05:37 | INFO | each_eight_hours.py:314 | End turn executed
2026-05-08 20:05:56 | INFO | my_functions.py:198 | 
✅ Found: end_turn.PNG pos=(681, 945) time=0.2s confidence=0.8
2026-05-08 20:05:56 | INFO | my_functions.py:231 | [DEBUG] wait_for_image_and_click -> snap.PNG timeout=0s delay_click=1s confidence=0.8
2026-05-08 20:05:56 | INFO | my_functions.py:258 | [DEBUG] Click skipped, image not found: snap.PNG
2026-05-08 20:06:01 | INFO | my_functions.py:138 | Haciendo click en la posición (681, 945)
2026-05-08 20:06:02 | INFO | each_eight_hours.py:314 | End turn executed
2026-05-08 20:06:17 | INFO | my_functions.py:198 | 
✅ Found: end_turn.PNG pos=(681, 945) time=0.2s confidence=0.8
2026-05-08 20:06:17 | INFO | my_functions.py:231 | [DEBUG] wait_for_image_and_click -> snap.PNG timeout=0s delay_click=1s confidence=0.8
2026-05-08 20:06:18 | INFO | my_functions.py:258 | [DEBUG] Click skipped, image not found: snap.PNG
2026-05-08 20:06:23 | INFO | my_functions.py:138 | Haciendo click en la posición (681, 945)
2026-05-08 20:06:24 | INFO | each_eight_hours.py:314 | End turn executed
2026-05-08 20:06:31 | INFO | my_functions.py:198 | 
✅ Found: collect_rewards.PNG pos=(679, 957) time=0.23s confidence=0.8
2026-05-08 20:06:31 | INFO | each_eight_hours.py:353 | Rewards detected, exiting match
2026-05-08 20:06:31 | INFO | my_functions.py:231 | [DEBUG] wait_for_image_and_click -> collect_rewards.PNG timeout=20s delay_click=1s confidence=0.8
2026-05-08 20:06:31 | INFO | my_functions.py:172 | Searching collect_rewards.PNG (timeout=20s)
2026-05-08 20:06:31 | INFO | my_functions.py:198 | 
✅ Found: collect_rewards.PNG pos=(679, 957) time=0.23s confidence=0.8
2026-05-08 20:06:32 | INFO | my_functions.py:138 | Haciendo click en la posición (679, 957)
2026-05-08 20:06:32 | INFO | my_functions.py:251 | 🖱️ Click OK: collect_rewards.PNG at (679, 957) delay=1s
2026-05-08 20:06:32 | INFO | my_functions.py:231 | [DEBUG] wait_for_image_and_click -> next.PNG timeout=20s delay_click=1s confidence=0.8
2026-05-08 20:06:32 | INFO | my_functions.py:172 | Searching next.PNG (timeout=20s)
2026-05-08 20:06:36 | INFO | my_functions.py:198 | 
✅ Found: next.PNG pos=(677, 973) time=3.99s confidence=0.8
2026-05-08 20:06:37 | INFO | my_functions.py:138 | Haciendo click en la posición (677, 973)
2026-05-08 20:06:37 | INFO | my_functions.py:251 | 🖱️ Click OK: next.PNG at (677, 973) delay=1s
2026-05-08 20:06:41 | INFO | my_functions.py:434 | AVAILABLE: 6
2026-05-08 20:06:41 | INFO | my_functions.py:444 | [INFO] Waiting for Notepad++ process...
2026-05-08 20:06:42 | INFO | my_functions.py:458 | [INFO] Notepad++ detected PID=9964
2026-05-08 20:06:45 | INFO | my_functions.py:466 | [SUCCESS] Notepad++ closed successfully
2026-05-08 20:06:46 | INFO | each_eight_hours.py:421 | Submissions after match: 6
2026-05-08 20:06:46 | INFO | my_functions.py:378 | Misiones completadas: 1
2026-05-08 20:06:46 | INFO | each_eight_hours.py:287 | Starting game loop 2
2026-05-08 20:06:46 | INFO | my_functions.py:231 | [DEBUG] wait_for_image_and_click -> play.PNG timeout=20s delay_click=3s confidence=0.8
2026-05-08 20:06:46 | INFO | my_functions.py:172 | Searching play.PNG (timeout=20s)
2026-05-08 20:06:46 | INFO | my_functions.py:198 | 
✅ Found: play.PNG pos=(384, 824) time=0.52s confidence=0.8
2026-05-08 20:06:49 | INFO | my_functions.py:138 | Haciendo click en la posición (384, 824)
2026-05-08 20:06:50 | INFO | my_functions.py:251 | 🖱️ Click OK: play.PNG at (384, 824) delay=3s
2026-05-08 20:06:50 | INFO | each_eight_hours.py:293 | Play button clicked
2026-05-08 20:07:03 | INFO | my_functions.py:198 | 
✅ Found: end_turn.PNG pos=(681, 945) time=0.18s confidence=0.8
2026-05-08 20:07:03 | INFO | my_functions.py:231 | [DEBUG] wait_for_image_and_click -> snap.PNG timeout=0s delay_click=1s confidence=0.8
2026-05-08 20:07:03 | INFO | my_functions.py:198 | 
✅ Found: snap.PNG pos=(386, 123) time=0.2s confidence=0.8
2026-05-08 20:07:04 | INFO | my_functions.py:138 | Haciendo click en la posición (386, 123)
2026-05-08 20:07:04 | INFO | my_functions.py:251 | 🖱️ Click OK: snap.PNG at (386, 123) delay=1s
2026-05-08 20:07:09 | INFO | my_functions.py:138 | Haciendo click en la posición (681, 945)
2026-05-08 20:07:11 | INFO | each_eight_hours.py:314 | End turn executed
2026-05-08 20:07:27 | INFO | my_functions.py:198 | 
✅ Found: end_turn.PNG pos=(681, 945) time=0.17s confidence=0.8
2026-05-08 20:07:27 | INFO | my_functions.py:231 | [DEBUG] wait_for_image_and_click -> snap.PNG timeout=0s delay_click=1s confidence=0.8
2026-05-08 20:07:27 | INFO | my_functions.py:258 | [DEBUG] Click skipped, image not found: snap.PNG
2026-05-08 20:07:33 | INFO | my_functions.py:138 | Haciendo click en la posición (681, 945)
2026-05-08 20:07:34 | INFO | each_eight_hours.py:314 | End turn executed
2026-05-08 20:07:58 | INFO | my_functions.py:198 | 
✅ Found: end_turn.PNG pos=(681, 945) time=0.3s confidence=0.8
2026-05-08 20:07:58 | INFO | my_functions.py:231 | [DEBUG] wait_for_image_and_click -> snap.PNG timeout=0s delay_click=1s confidence=0.8
2026-05-08 20:07:58 | INFO | my_functions.py:258 | [DEBUG] Click skipped, image not found: snap.PNG
2026-05-08 20:08:03 | INFO | my_functions.py:138 | Haciendo click en la posición (681, 945)
2026-05-08 20:08:04 | INFO | each_eight_hours.py:314 | End turn executed
2026-05-08 20:08:22 | INFO | my_functions.py:198 | 
✅ Found: end_turn.PNG pos=(681, 945) time=0.21s confidence=0.8
2026-05-08 20:08:22 | INFO | my_functions.py:231 | [DEBUG] wait_for_image_and_click -> snap.PNG timeout=0s delay_click=1s confidence=0.8
2026-05-08 20:08:22 | INFO | my_functions.py:258 | [DEBUG] Click skipped, image not found: snap.PNG
2026-05-08 20:08:27 | INFO | my_functions.py:138 | Haciendo click en la posición (681, 945)
2026-05-08 20:08:28 | INFO | each_eight_hours.py:314 | End turn executed
2026-05-08 20:08:44 | INFO | my_functions.py:198 | 
✅ Found: end_turn.PNG pos=(681, 945) time=0.2s confidence=0.8
2026-05-08 20:08:44 | INFO | my_functions.py:231 | [DEBUG] wait_for_image_and_click -> snap.PNG timeout=0s delay_click=1s confidence=0.8
2026-05-08 20:08:44 | INFO | my_functions.py:258 | [DEBUG] Click skipped, image not found: snap.PNG
2026-05-08 20:08:50 | INFO | my_functions.py:138 | Haciendo click en la posición (681, 945)
2026-05-08 20:08:51 | INFO | each_eight_hours.py:314 | End turn executed
2026-05-08 20:09:26 | INFO | my_functions.py:198 | 
✅ Found: end_turn.PNG pos=(681, 945) time=0.19s confidence=0.8
2026-05-08 20:09:26 | INFO | my_functions.py:231 | [DEBUG] wait_for_image_and_click -> snap.PNG timeout=0s delay_click=1s confidence=0.8
2026-05-08 20:09:26 | INFO | my_functions.py:258 | [DEBUG] Click skipped, image not found: snap.PNG
2026-05-08 20:09:31 | INFO | my_functions.py:138 | Haciendo click en la posición (681, 945)
2026-05-08 20:09:33 | INFO | each_eight_hours.py:314 | End turn executed
2026-05-08 20:09:33 | INFO | my_functions.py:198 | 
✅ Found: flechas.png pos=(42, 912) time=0.18s confidence=0.8
2026-05-08 20:09:35 | INFO | my_functions.py:146 | Presionando ESC (1/1)
2026-05-08 20:09:36 | INFO | my_functions.py:231 | [DEBUG] wait_for_image_and_click -> end_turn.PNG timeout=0s delay_click=1s confidence=0.8
2026-05-08 20:09:36 | INFO | my_functions.py:198 | 
✅ Found: end_turn.PNG pos=(682, 945) time=0.19s confidence=0.8
2026-05-08 20:09:37 | INFO | my_functions.py:138 | Haciendo click en la posición (682, 945)
2026-05-08 20:09:37 | INFO | my_functions.py:251 | 🖱️ Click OK: end_turn.PNG at (682, 945) delay=1s
2026-05-08 20:09:37 | WARNING | each_eight_hours.py:351 | Arrow overlay handled
2026-05-08 20:10:08 | INFO | my_functions.py:198 | 
✅ Found: collect_rewards.PNG pos=(679, 957) time=0.22s confidence=0.8
2026-05-08 20:10:08 | INFO | each_eight_hours.py:353 | Rewards detected, exiting match
2026-05-08 20:10:08 | INFO | my_functions.py:231 | [DEBUG] wait_for_image_and_click -> collect_rewards.PNG timeout=20s delay_click=1s confidence=0.8
2026-05-08 20:10:08 | INFO | my_functions.py:172 | Searching collect_rewards.PNG (timeout=20s)
2026-05-08 20:10:09 | INFO | my_functions.py:198 | 
✅ Found: collect_rewards.PNG pos=(679, 957) time=0.24s confidence=0.8
2026-05-08 20:10:10 | INFO | my_functions.py:138 | Haciendo click en la posición (679, 957)
2026-05-08 20:10:10 | INFO | my_functions.py:251 | 🖱️ Click OK: collect_rewards.PNG at (679, 957) delay=1s
2026-05-08 20:10:10 | INFO | my_functions.py:231 | [DEBUG] wait_for_image_and_click -> next.PNG timeout=20s delay_click=1s confidence=0.8
2026-05-08 20:10:10 | INFO | my_functions.py:172 | Searching next.PNG (timeout=20s)
2026-05-08 20:10:14 | INFO | my_functions.py:198 | 
✅ Found: next.PNG pos=(678, 972) time=4.27s confidence=0.8
2026-05-08 20:10:15 | INFO | my_functions.py:138 | Haciendo click en la posición (678, 972)
2026-05-08 20:10:15 | INFO | my_functions.py:251 | 🖱️ Click OK: next.PNG at (678, 972) delay=1s
2026-05-08 20:10:19 | INFO | my_functions.py:434 | AVAILABLE: 6
2026-05-08 20:10:19 | INFO | my_functions.py:444 | [INFO] Waiting for Notepad++ process...
2026-05-08 20:10:20 | INFO | my_functions.py:458 | [INFO] Notepad++ detected PID=2140
2026-05-08 20:10:23 | INFO | my_functions.py:466 | [SUCCESS] Notepad++ closed successfully
2026-05-08 20:10:24 | INFO | each_eight_hours.py:421 | Submissions after match: 6
2026-05-08 20:10:24 | INFO | my_functions.py:378 | Misiones completadas: 4
2026-05-08 20:10:24 | INFO | each_eight_hours.py:425 | Submission condition met, breaking loop
2026-05-08 20:10:24 | INFO | my_functions.py:231 | [DEBUG] wait_for_image_and_click -> missionsNotify2.png timeout=20s delay_click=3s confidence=0.8
2026-05-08 20:10:24 | INFO | my_functions.py:172 | Searching missionsNotify2.png (timeout=20s)
2026-05-08 20:10:24 | INFO | my_functions.py:198 | 
✅ Found: missionsNotify2.png pos=(538, 124) time=0.18s confidence=0.8
2026-05-08 20:10:27 | INFO | my_functions.py:138 | Haciendo click en la posición (538, 124)
2026-05-08 20:10:27 | INFO | my_functions.py:251 | 🖱️ Click OK: missionsNotify2.png at (538, 124) delay=3s
2026-05-08 20:10:27 | INFO | my_functions.py:1593 | [INFO] Iniciando click_missions_blue2
2026-05-08 20:10:27 | INFO | my_functions.py:138 | Haciendo click en la posición (150, 132)
2026-05-08 20:10:28 | INFO | my_functions.py:1596 | [ACTION] Click hecho en icono de calendario que me dirige a las misiones ordinarias
2026-05-08 20:10:28 | INFO | my_functions.py:172 | Searching bonus_challenge.png (timeout=0s)
2026-05-08 20:10:28 | INFO | my_functions.py:209 | 
⛔ Not found: bonus_challenge.png after 0.0s region=(0, 0, 765, 1038) confidence=0.8
2026-05-08 20:10:30 | INFO | my_functions.py:138 | Haciendo click en la posición (362, 493)
2026-05-08 20:10:32 | INFO | my_functions.py:1609 | [ACTION] Click 1/4 en misión azul
2026-05-08 20:10:32 | INFO | my_functions.py:138 | Haciendo click en la posición (362, 493)
2026-05-08 20:10:33 | INFO | my_functions.py:1609 | [ACTION] Click 2/4 en misión azul
2026-05-08 20:10:34 | INFO | my_functions.py:138 | Haciendo click en la posición (362, 493)
2026-05-08 20:10:35 | INFO | my_functions.py:1609 | [ACTION] Click 3/4 en misión azul
2026-05-08 20:10:36 | INFO | my_functions.py:138 | Haciendo click en la posición (362, 493)
2026-05-08 20:10:37 | INFO | my_functions.py:1609 | [ACTION] Click 4/4 en misión azul
2026-05-08 20:10:37 | INFO | my_functions.py:172 | Searching flechita_mission.PNG (timeout=0s)
2026-05-08 20:10:38 | INFO | my_functions.py:209 | 
⛔ Not found: flechita_mission.PNG after 0.0s region=(0, 0, 765, 1038) confidence=0.8
2026-05-08 20:10:38 | INFO | my_functions.py:231 | [DEBUG] wait_for_image_and_click -> weekly3.PNG timeout=0s delay_click=0.1s confidence=0.8
2026-05-08 20:10:38 | INFO | my_functions.py:172 | Searching weekly3.PNG (timeout=0s)
2026-05-08 20:10:38 | INFO | my_functions.py:209 | 
⛔ Not found: weekly3.PNG after 0.0s region=(0, 0, 765, 1038) confidence=0.8
2026-05-08 20:10:38 | INFO | my_functions.py:258 | [DEBUG] Click skipped, image not found: weekly3.PNG
2026-05-08 20:10:38 | INFO | my_functions.py:231 | [DEBUG] wait_for_image_and_click -> weekly3.PNG timeout=0s delay_click=0.1s confidence=0.8
2026-05-08 20:10:38 | INFO | my_functions.py:172 | Searching weekly3.PNG (timeout=0s)
2026-05-08 20:10:38 | INFO | my_functions.py:209 | 
⛔ Not found: weekly3.PNG after 0.0s region=(0, 0, 765, 1038) confidence=0.8
2026-05-08 20:10:38 | INFO | my_functions.py:258 | [DEBUG] Click skipped, image not found: weekly3.PNG
2026-05-08 20:10:38 | INFO | my_functions.py:231 | [DEBUG] wait_for_image_and_click -> weekly3.PNG timeout=0s delay_click=0.1s confidence=0.8
2026-05-08 20:10:38 | INFO | my_functions.py:172 | Searching weekly3.PNG (timeout=0s)
2026-05-08 20:10:38 | INFO | my_functions.py:209 | 
⛔ Not found: weekly3.PNG after 0.0s region=(0, 0, 765, 1038) confidence=0.8
2026-05-08 20:10:38 | INFO | my_functions.py:258 | [DEBUG] Click skipped, image not found: weekly3.PNG
2026-05-08 20:10:38 | INFO | my_functions.py:231 | [DEBUG] wait_for_image_and_click -> weekly3.PNG timeout=0s delay_click=0.1s confidence=0.8
2026-05-08 20:10:38 | INFO | my_functions.py:172 | Searching weekly3.PNG (timeout=0s)
2026-05-08 20:10:38 | INFO | my_functions.py:209 | 
⛔ Not found: weekly3.PNG after 0.0s region=(0, 0, 765, 1038) confidence=0.8
2026-05-08 20:10:38 | INFO | my_functions.py:258 | [DEBUG] Click skipped, image not found: weekly3.PNG
2026-05-08 20:10:38 | INFO | my_functions.py:231 | [DEBUG] wait_for_image_and_click -> weekly3.PNG timeout=0s delay_click=0.1s confidence=0.8
2026-05-08 20:10:38 | INFO | my_functions.py:172 | Searching weekly3.PNG (timeout=0s)
2026-05-08 20:10:38 | INFO | my_functions.py:209 | 
⛔ Not found: weekly3.PNG after 0.0s region=(0, 0, 765, 1038) confidence=0.8
2026-05-08 20:10:38 | INFO | my_functions.py:258 | [DEBUG] Click skipped, image not found: weekly3.PNG
2026-05-08 20:10:38 | INFO | my_functions.py:231 | [DEBUG] wait_for_image_and_click -> weekly3.PNG timeout=0s delay_click=0.1s confidence=0.8
2026-05-08 20:10:38 | INFO | my_functions.py:172 | Searching weekly3.PNG (timeout=0s)
2026-05-08 20:10:39 | INFO | my_functions.py:209 | 
⛔ Not found: weekly3.PNG after 0.0s region=(0, 0, 765, 1038) confidence=0.8
2026-05-08 20:10:39 | INFO | my_functions.py:258 | [DEBUG] Click skipped, image not found: weekly3.PNG
2026-05-08 20:10:39 | INFO | my_functions.py:231 | [DEBUG] wait_for_image_and_click -> weekly3.PNG timeout=0s delay_click=0.1s confidence=0.8
2026-05-08 20:10:39 | INFO | my_functions.py:172 | Searching weekly3.PNG (timeout=0s)
2026-05-08 20:10:39 | INFO | my_functions.py:209 | 
⛔ Not found: weekly3.PNG after 0.0s region=(0, 0, 765, 1038) confidence=0.8
2026-05-08 20:10:39 | INFO | my_functions.py:258 | [DEBUG] Click skipped, image not found: weekly3.PNG
2026-05-08 20:10:39 | INFO | my_functions.py:231 | [DEBUG] wait_for_image_and_click -> weekly3.PNG timeout=0s delay_click=0.1s confidence=0.8
2026-05-08 20:10:39 | INFO | my_functions.py:172 | Searching weekly3.PNG (timeout=0s)
2026-05-08 20:10:39 | INFO | my_functions.py:209 | 
⛔ Not found: weekly3.PNG after 0.0s region=(0, 0, 765, 1038) confidence=0.8
2026-05-08 20:10:39 | INFO | my_functions.py:258 | [DEBUG] Click skipped, image not found: weekly3.PNG
2026-05-08 20:10:39 | INFO | my_functions.py:231 | [DEBUG] wait_for_image_and_click -> weekly3.PNG timeout=0s delay_click=0.1s confidence=0.8
2026-05-08 20:10:39 | INFO | my_functions.py:172 | Searching weekly3.PNG (timeout=0s)
2026-05-08 20:10:39 | INFO | my_functions.py:209 | 
⛔ Not found: weekly3.PNG after 0.0s region=(0, 0, 765, 1038) confidence=0.8
2026-05-08 20:10:39 | INFO | my_functions.py:258 | [DEBUG] Click skipped, image not found: weekly3.PNG
2026-05-08 20:10:39 | INFO | my_functions.py:231 | [DEBUG] wait_for_image_and_click -> weekly3.PNG timeout=0s delay_click=0.1s confidence=0.8
2026-05-08 20:10:39 | INFO | my_functions.py:172 | Searching weekly3.PNG (timeout=0s)
2026-05-08 20:10:39 | INFO | my_functions.py:209 | 
⛔ Not found: weekly3.PNG after 0.01s region=(0, 0, 765, 1038) confidence=0.8
2026-05-08 20:10:39 | INFO | my_functions.py:258 | [DEBUG] Click skipped, image not found: weekly3.PNG
2026-05-08 20:10:39 | INFO | my_functions.py:231 | [DEBUG] wait_for_image_and_click -> weekly3.PNG timeout=0s delay_click=0.1s confidence=0.8
2026-05-08 20:10:39 | INFO | my_functions.py:172 | Searching weekly3.PNG (timeout=0s)
2026-05-08 20:10:40 | INFO | my_functions.py:209 | 
⛔ Not found: weekly3.PNG after 0.0s region=(0, 0, 765, 1038) confidence=0.8
2026-05-08 20:10:40 | INFO | my_functions.py:258 | [DEBUG] Click skipped, image not found: weekly3.PNG
2026-05-08 20:10:40 | INFO | my_functions.py:138 | Haciendo click en la posición (557, 64)
2026-05-08 20:10:41 | INFO | my_functions.py:231 | [DEBUG] wait_for_image_and_click -> cards_shop.PNG timeout=20s delay_click=1s confidence=0.8
2026-05-08 20:10:41 | INFO | my_functions.py:172 | Searching cards_shop.PNG (timeout=20s)
2026-05-08 20:10:41 | INFO | my_functions.py:198 | 
✅ Found: cards_shop.PNG pos=(568, 121) time=0.59s confidence=0.8
2026-05-08 20:10:42 | INFO | my_functions.py:138 | Haciendo click en la posición (568, 121)
2026-05-08 20:10:43 | INFO | my_functions.py:251 | 🖱️ Click OK: cards_shop.PNG at (568, 121) delay=1s
2026-05-08 20:10:43 | INFO | my_functions.py:231 | [DEBUG] wait_for_image_and_click -> token_icon.PNG timeout=20s delay_click=1s confidence=0.8
2026-05-08 20:10:43 | INFO | my_functions.py:172 | Searching token_icon.PNG (timeout=20s)
2026-05-08 20:10:44 | INFO | my_functions.py:198 | 
✅ Found: token_icon.PNG pos=(679, 171) time=1.39s confidence=0.8
2026-05-08 20:10:45 | INFO | my_functions.py:138 | Haciendo click en la posición (679, 171)
2026-05-08 20:10:45 | INFO | my_functions.py:251 | 🖱️ Click OK: token_icon.PNG at (679, 171) delay=1s
2026-05-08 20:10:47 | INFO | my_functions.py:231 | [DEBUG] wait_for_image_and_click -> claim!_token_3.PNG timeout=4s delay_click=1s confidence=0.8
2026-05-08 20:10:47 | INFO | my_functions.py:172 | Searching claim!_token_3.PNG (timeout=4s)
2026-05-08 20:10:47 | INFO | my_functions.py:198 | 
✅ Found: claim!_token_3.PNG pos=(231, 573) time=0.24s confidence=0.8
2026-05-08 20:10:48 | INFO | my_functions.py:138 | Haciendo click en la posición (231, 573)
2026-05-08 20:10:49 | INFO | my_functions.py:251 | 🖱️ Click OK: claim!_token_3.PNG at (231, 573) delay=1s
2026-05-08 20:10:49 | INFO | my_functions.py:231 | [DEBUG] wait_for_image_and_click -> offers.PNG timeout=0.1s delay_click=1s confidence=0.8
2026-05-08 20:10:49 | INFO | my_functions.py:172 | Searching offers.PNG (timeout=0.1s)
2026-05-08 20:10:49 | INFO | my_functions.py:198 | 
✅ Found: offers.PNG pos=(197, 121) time=0.23s confidence=0.8
2026-05-08 20:10:50 | INFO | my_functions.py:138 | Haciendo click en la posición (197, 121)
2026-05-08 20:10:50 | INFO | my_functions.py:251 | 🖱️ Click OK: offers.PNG at (197, 121) delay=1s
2026-05-08 20:10:50 | INFO | my_functions.py:231 | [DEBUG] wait_for_image_and_click -> credits_selected.png timeout=0.1s delay_click=1s confidence=0.8
2026-05-08 20:10:50 | INFO | my_functions.py:172 | Searching credits_selected.png (timeout=0.1s)
2026-05-08 20:10:50 | INFO | my_functions.py:198 | 
✅ Found: credits_selected.png pos=(443, 167) time=0.2s confidence=0.8
2026-05-08 20:10:51 | INFO | my_functions.py:138 | Haciendo click en la posición (443, 167)
2026-05-08 20:10:52 | INFO | my_functions.py:251 | 🖱️ Click OK: credits_selected.png at (443, 167) delay=1s
2026-05-08 20:10:53 | INFO | my_functions.py:231 | [DEBUG] wait_for_image_and_click -> claim_25_credits.png timeout=2s delay_click=1s confidence=0.8
2026-05-08 20:10:53 | INFO | my_functions.py:172 | Searching claim_25_credits.png (timeout=2s)
2026-05-08 20:10:53 | INFO | my_functions.py:198 | 
✅ Found: claim_25_credits.png pos=(236, 328) time=0.21s confidence=0.8
2026-05-08 20:10:54 | INFO | my_functions.py:138 | Haciendo click en la posición (236, 328)
2026-05-08 20:10:54 | INFO | my_functions.py:251 | 🖱️ Click OK: claim_25_credits.png at (236, 328) delay=1s
2026-05-08 20:10:54 | INFO | my_functions.py:231 | [DEBUG] wait_for_image_and_click -> cards_shop.PNG timeout=20s delay_click=1s confidence=0.8
2026-05-08 20:10:54 | INFO | my_functions.py:172 | Searching cards_shop.PNG (timeout=20s)
2026-05-08 20:10:55 | INFO | my_functions.py:198 | 
✅ Found: cards_shop.PNG pos=(568, 121) time=0.2s confidence=0.8
2026-05-08 20:10:56 | INFO | my_functions.py:138 | Haciendo click en la posición (568, 121)
2026-05-08 20:10:56 | INFO | my_functions.py:251 | 🖱️ Click OK: cards_shop.PNG at (568, 121) delay=1s
2026-05-08 20:10:56 | INFO | my_functions.py:231 | [DEBUG] wait_for_image_and_click -> offers.PNG timeout=20s delay_click=1s confidence=0.8
2026-05-08 20:10:56 | INFO | my_functions.py:172 | Searching offers.PNG (timeout=20s)
2026-05-08 20:10:56 | INFO | my_functions.py:198 | 
✅ Found: offers.PNG pos=(197, 122) time=0.18s confidence=0.8
2026-05-08 20:10:57 | INFO | my_functions.py:138 | Haciendo click en la posición (197, 122)
2026-05-08 20:10:57 | INFO | my_functions.py:251 | 🖱️ Click OK: offers.PNG at (197, 122) delay=1s
2026-05-08 20:10:57 | INFO | my_functions.py:1491 | [INFO] Iniciando mejora de cartas
2026-05-08 20:10:57 | INFO | my_functions.py:231 | [DEBUG] wait_for_image_and_click -> upgrade_cards_icon.PNG timeout=20s delay_click=1s confidence=0.8
2026-05-08 20:10:57 | INFO | my_functions.py:172 | Searching upgrade_cards_icon.PNG (timeout=20s)
2026-05-08 20:10:57 | INFO | my_functions.py:198 | 
✅ Found: upgrade_cards_icon.PNG pos=(322, 170) time=0.21s confidence=0.8
2026-05-08 20:10:58 | INFO | my_functions.py:138 | Haciendo click en la posición (322, 170)
2026-05-08 20:10:59 | INFO | my_functions.py:251 | 🖱️ Click OK: upgrade_cards_icon.PNG at (322, 170) delay=1s
2026-05-08 20:10:59 | INFO | my_functions.py:1495 | [INFO] Abriendo icono de upgrade_cards
2026-05-08 20:11:00 | INFO | my_functions.py:1501 | [STEP] Mejorando carta 1
2026-05-08 20:11:00 | INFO | my_functions.py:1505 | [ACTION] Click en carta 1
2026-05-08 20:11:01 | INFO | my_functions.py:1510 | [ACTION] Click en botón upgrade
2026-05-08 20:11:08 | INFO | my_functions.py:231 | [DEBUG] wait_for_image_and_click -> you_need_more_credits!.png timeout=3s delay_click=1s confidence=0.8
2026-05-08 20:11:08 | INFO | my_functions.py:172 | Searching you_need_more_credits!.png (timeout=3s)
2026-05-08 20:11:11 | INFO | my_functions.py:209 | 
⛔ Not found: you_need_more_credits!.png after 3.13s region=(0, 0, 765, 1038) confidence=0.8
2026-05-08 20:11:11 | INFO | my_functions.py:258 | [DEBUG] Click skipped, image not found: you_need_more_credits!.png
2026-05-08 20:11:17 | INFO | my_functions.py:1525 | [ACTION] Click para continuar a stage de nivel de coleccion
2026-05-08 20:11:22 | INFO | my_functions.py:146 | Presionando ESC (1/1)
2026-05-08 20:11:22 | INFO | my_functions.py:1530 | [ACTION] Saliendo de stage nivel de coleccion con ESC
2026-05-08 20:11:23 | INFO | my_functions.py:231 | [DEBUG] wait_for_image_and_click -> upgrade_cards_icon_selected.PNG timeout=0s delay_click=1s confidence=0.8
2026-05-08 20:11:23 | INFO | my_functions.py:172 | Searching upgrade_cards_icon_selected.PNG (timeout=0s)
2026-05-08 20:11:23 | INFO | my_functions.py:198 | 
✅ Found: upgrade_cards_icon_selected.PNG pos=(320, 173) time=0.21s confidence=0.8
2026-05-08 20:11:24 | INFO | my_functions.py:138 | Haciendo click en la posición (320, 173)
2026-05-08 20:11:25 | INFO | my_functions.py:251 | 🖱️ Click OK: upgrade_cards_icon_selected.PNG at (320, 173) delay=1s
2026-05-08 20:11:25 | INFO | my_functions.py:1550 | [INFO] Reabriendo icono de upgrade_cards
2026-05-08 20:11:26 | INFO | my_functions.py:1501 | [STEP] Mejorando carta 2
2026-05-08 20:11:26 | INFO | my_functions.py:1505 | [ACTION] Click en carta 2
2026-05-08 20:11:27 | INFO | my_functions.py:1510 | [ACTION] Click en botón upgrade
2026-05-08 20:11:34 | INFO | my_functions.py:231 | [DEBUG] wait_for_image_and_click -> you_need_more_credits!.png timeout=3s delay_click=1s confidence=0.8
2026-05-08 20:11:34 | INFO | my_functions.py:172 | Searching you_need_more_credits!.png (timeout=3s)
2026-05-08 20:11:37 | INFO | my_functions.py:209 | 
⛔ Not found: you_need_more_credits!.png after 3.06s region=(0, 0, 765, 1038) confidence=0.8
2026-05-08 20:11:37 | INFO | my_functions.py:258 | [DEBUG] Click skipped, image not found: you_need_more_credits!.png
2026-05-08 20:11:42 | INFO | my_functions.py:1525 | [ACTION] Click para continuar a stage de nivel de coleccion
2026-05-08 20:11:47 | INFO | my_functions.py:146 | Presionando ESC (1/1)
2026-05-08 20:11:48 | INFO | my_functions.py:1530 | [ACTION] Saliendo de stage nivel de coleccion con ESC
2026-05-08 20:11:49 | INFO | my_functions.py:231 | [DEBUG] wait_for_image_and_click -> upgrade_cards_icon_selected.PNG timeout=0s delay_click=1s confidence=0.8
2026-05-08 20:11:49 | INFO | my_functions.py:172 | Searching upgrade_cards_icon_selected.PNG (timeout=0s)
2026-05-08 20:11:49 | INFO | my_functions.py:198 | 
✅ Found: upgrade_cards_icon_selected.PNG pos=(320, 173) time=0.19s confidence=0.8
2026-05-08 20:11:50 | INFO | my_functions.py:138 | Haciendo click en la posición (320, 173)
2026-05-08 20:11:50 | INFO | my_functions.py:251 | 🖱️ Click OK: upgrade_cards_icon_selected.PNG at (320, 173) delay=1s
2026-05-08 20:11:50 | INFO | my_functions.py:1550 | [INFO] Reabriendo icono de upgrade_cards
2026-05-08 20:11:51 | INFO | my_functions.py:1501 | [STEP] Mejorando carta 3
2026-05-08 20:11:51 | INFO | my_functions.py:1505 | [ACTION] Click en carta 3
2026-05-08 20:11:53 | INFO | my_functions.py:1510 | [ACTION] Click en botón upgrade
2026-05-08 20:12:00 | INFO | my_functions.py:231 | [DEBUG] wait_for_image_and_click -> you_need_more_credits!.png timeout=3s delay_click=1s confidence=0.8
2026-05-08 20:12:00 | INFO | my_functions.py:172 | Searching you_need_more_credits!.png (timeout=3s)
2026-05-08 20:12:03 | INFO | my_functions.py:209 | 
⛔ Not found: you_need_more_credits!.png after 3.06s region=(0, 0, 765, 1038) confidence=0.8
2026-05-08 20:12:03 | INFO | my_functions.py:258 | [DEBUG] Click skipped, image not found: you_need_more_credits!.png
2026-05-08 20:12:08 | INFO | my_functions.py:1525 | [ACTION] Click para continuar a stage de nivel de coleccion
2026-05-08 20:12:13 | INFO | my_functions.py:146 | Presionando ESC (1/1)
2026-05-08 20:12:14 | INFO | my_functions.py:1530 | [ACTION] Saliendo de stage nivel de coleccion con ESC
2026-05-08 20:12:15 | INFO | my_functions.py:1553 | [INFO] Mejora de cartas completada ✅
2026-05-08 20:12:15 | INFO | my_functions.py:146 | Presionando ESC (1/1)
2026-05-08 20:12:15 | INFO | each_eight_hours.py:437 | Finished all games
2026-05-08 20:12:15 | INFO | my_functions.py:1443 | [DEBUG] Starting logout process...
2026-05-08 20:12:15 | INFO | my_functions.py:1445 | [DEBUG] Clicking nut icon...
2026-05-08 20:12:15 | INFO | my_functions.py:231 | [DEBUG] wait_for_image_and_click -> nut.png timeout=20s delay_click=1s confidence=0.8
2026-05-08 20:12:15 | INFO | my_functions.py:172 | Searching nut.png (timeout=20s)
2026-05-08 20:12:15 | INFO | my_functions.py:198 | 
✅ Found: nut.png pos=(184, 78) time=0.21s confidence=0.8
2026-05-08 20:12:16 | INFO | my_functions.py:138 | Haciendo click en la posición (184, 78)
2026-05-08 20:12:17 | INFO | my_functions.py:251 | 🖱️ Click OK: nut.png at (184, 78) delay=1s
2026-05-08 20:12:17 | INFO | my_functions.py:1448 | [DEBUG] Waiting for graphics quality image...
2026-05-08 20:12:17 | INFO | my_functions.py:172 | Searching graphics_quality.png (timeout=3s)
2026-05-08 20:12:18 | INFO | my_functions.py:198 | 
✅ Found: graphics_quality.png pos=(304, 644) time=0.89s confidence=0.8
2026-05-08 20:12:18 | INFO | my_functions.py:1450 | [DEBUG] graphics_quality result: Point(x=304, y=644)
2026-05-08 20:12:18 | INFO | my_functions.py:1456 | [DEBUG] Clicking graphics quality...
2026-05-08 20:12:19 | INFO | my_functions.py:1461 | [DEBUG] Scrolling down...
2026-05-08 20:12:19 | INFO | my_functions.py:1464 | [DEBUG] Clicking sign_out...
2026-05-08 20:12:19 | INFO | my_functions.py:231 | [DEBUG] wait_for_image_and_click -> sign_out.png timeout=20s delay_click=1s confidence=0.8
2026-05-08 20:12:19 | INFO | my_functions.py:172 | Searching sign_out.png (timeout=20s)
2026-05-08 20:12:19 | INFO | my_functions.py:198 | 
✅ Found: sign_out.png pos=(380, 796) time=0.21s confidence=0.8
2026-05-08 20:12:20 | INFO | my_functions.py:138 | Haciendo click en la posición (380, 796)
2026-05-08 20:12:20 | INFO | my_functions.py:251 | 🖱️ Click OK: sign_out.png at (380, 796) delay=1s
2026-05-08 20:12:21 | INFO | my_functions.py:1469 | [DEBUG] Clicking big sign_out...
2026-05-08 20:12:21 | INFO | my_functions.py:231 | [DEBUG] wait_for_image_and_click -> sign_out_grande.png timeout=20s delay_click=1s confidence=0.8
2026-05-08 20:12:21 | INFO | my_functions.py:172 | Searching sign_out_grande.png (timeout=20s)
2026-05-08 20:12:21 | INFO | my_functions.py:198 | 
✅ Found: sign_out_grande.png pos=(359, 437) time=0.21s confidence=0.8
2026-05-08 20:12:22 | INFO | my_functions.py:138 | Haciendo click en la posición (359, 437)
2026-05-08 20:12:23 | INFO | my_functions.py:251 | 🖱️ Click OK: sign_out_grande.png at (359, 437) delay=1s
2026-05-08 20:12:23 | INFO | my_functions.py:1472 | [DEBUG] Clicking sign_out2...
2026-05-08 20:12:23 | INFO | my_functions.py:231 | [DEBUG] wait_for_image_and_click -> sign_out2.png timeout=20s delay_click=1s confidence=0.8
2026-05-08 20:12:23 | INFO | my_functions.py:172 | Searching sign_out2.png (timeout=20s)
2026-05-08 20:12:23 | INFO | my_functions.py:198 | 
✅ Found: sign_out2.png pos=(383, 634) time=0.2s confidence=0.8
2026-05-08 20:12:24 | INFO | my_functions.py:138 | Haciendo click en la posición (383, 634)
2026-05-08 20:12:24 | INFO | my_functions.py:251 | 🖱️ Click OK: sign_out2.png at (383, 634) delay=1s
2026-05-08 20:12:24 | INFO | my_functions.py:1475 | [DEBUG] Resizing SNAP window...
2026-05-08 20:12:24 | INFO | my_functions.py:1668 | ⏱ Esperando 0.1 segundos antes de empezar...
2026-05-08 20:12:24 | INFO | my_functions.py:1675 | 🔍 Esperando ventana que contenga alguna de: SNAP (máx 20s)
2026-05-08 20:12:24 | INFO | my_functions.py:1687 | ✅ Ventana encontrada: 'SNAP'
2026-05-08 20:12:24 | INFO | my_functions.py:1702 | ✅ Ventana seleccionada: 'SNAP'
2026-05-08 20:12:26 | INFO | my_functions.py:1725 | 🔁 Reajuste #1...
2026-05-08 20:12:28 | INFO | my_functions.py:1732 | ✔ Verificación completa. Se hicieron 1 reajustes.
2026-05-08 20:12:29 | INFO | my_functions.py:1484 | snap.exe closed
2026-05-08 20:12:32 | INFO | my_functions.py:1487 | [DEBUG] Logout completed successfully.
2026-05-08 20:12:32 | INFO | each_eight_hours.py:146 | Processing account: overture_vm
2026-05-08 20:12:33 | INFO | each_eight_hours.py:149 | Game relaunched for account
2026-05-08 20:12:33 | INFO | my_functions.py:1668 | ⏱ Esperando 0.1 segundos antes de empezar...
2026-05-08 20:12:33 | INFO | my_functions.py:1675 | 🔍 Esperando ventana que contenga alguna de: ['SNAP'] (máx 20s)
2026-05-08 20:12:35 | INFO | my_functions.py:1687 | ✅ Ventana encontrada: 'SNAP'
2026-05-08 20:12:35 | INFO | my_functions.py:1702 | ✅ Ventana seleccionada: 'SNAP'
2026-05-08 20:12:38 | INFO | my_functions.py:1734 | ✔ Verificación completa. No hubo cambios después del primer ajuste.
2026-05-08 20:12:38 | INFO | each_eight_hours.py:156 | Game window resized
2026-05-08 20:12:38 | INFO | my_functions.py:1207 | [DEBUG] Resizing SNAP window...
2026-05-08 20:12:38 | INFO | my_functions.py:1668 | ⏱ Esperando 0.1 segundos antes de empezar...
2026-05-08 20:12:38 | INFO | my_functions.py:1675 | 🔍 Esperando ventana que contenga alguna de: ['SNAP'] (máx 20s)
2026-05-08 20:12:38 | INFO | my_functions.py:1687 | ✅ Ventana encontrada: 'SNAP'
2026-05-08 20:12:38 | INFO | my_functions.py:1702 | ✅ Ventana seleccionada: 'SNAP'
2026-05-08 20:12:41 | INFO | my_functions.py:1734 | ✔ Verificación completa. No hubo cambios después del primer ajuste.
2026-05-08 20:12:41 | INFO | my_functions.py:231 | [DEBUG] wait_for_image_and_click -> submit.PNG timeout=90s delay_click=0.2s confidence=0.8
2026-05-08 20:12:41 | INFO | my_functions.py:172 | Searching submit.PNG (timeout=90s)
2026-05-08 20:12:44 | INFO | my_functions.py:198 | 
✅ Found: submit.PNG pos=(386, 786) time=3.38s confidence=0.8
2026-05-08 20:12:44 | INFO | my_functions.py:138 | Haciendo click en la posición (386, 786)
2026-05-08 20:12:45 | INFO | my_functions.py:251 | 🖱️ Click OK: submit.PNG at (386, 786) delay=0.2s
2026-05-08 20:12:45 | INFO | my_functions.py:1668 | ⏱ Esperando 0.1 segundos antes de empezar...
2026-05-08 20:12:45 | INFO | my_functions.py:1675 | 🔍 Esperando ventana que contenga alguna de: ['SNAP'] (máx 20s)
2026-05-08 20:12:45 | INFO | my_functions.py:1687 | ✅ Ventana encontrada: 'SNAP'
2026-05-08 20:12:45 | INFO | my_functions.py:1702 | ✅ Ventana seleccionada: 'SNAP'
2026-05-08 20:12:47 | INFO | my_functions.py:1725 | 🔁 Reajuste #1...
2026-05-08 20:12:48 | INFO | my_functions.py:1732 | ✔ Verificación completa. Se hicieron 1 reajustes.
2026-05-08 20:12:48 | INFO | my_functions.py:172 | Searching please_sign.png (timeout=0s)
2026-05-08 20:12:48 | INFO | my_functions.py:198 | 
✅ Found: please_sign.png pos=(383, 438) time=0.21s confidence=0.8
2026-05-08 20:12:48 | INFO | my_functions.py:231 | [DEBUG] wait_for_image_and_click -> ok_btn.png timeout=20s delay_click=1s confidence=0.8
2026-05-08 20:12:48 | INFO | my_functions.py:172 | Searching ok_btn.png (timeout=20s)
2026-05-08 20:12:48 | INFO | my_functions.py:198 | 
✅ Found: ok_btn.png pos=(382, 634) time=0.18s confidence=0.8
2026-05-08 20:12:49 | INFO | my_functions.py:138 | Haciendo click en la posición (382, 634)
2026-05-08 20:12:49 | INFO | my_functions.py:251 | 🖱️ Click OK: ok_btn.png at (382, 634) delay=1s
2026-05-08 20:12:49 | INFO | my_functions.py:231 | [DEBUG] wait_for_image_and_click -> submit.PNG timeout=90s delay_click=0.2s confidence=0.8
2026-05-08 20:12:49 | INFO | my_functions.py:172 | Searching submit.PNG (timeout=90s)
2026-05-08 20:12:51 | INFO | my_functions.py:198 | 
✅ Found: submit.PNG pos=(385, 782) time=1.25s confidence=0.8
2026-05-08 20:12:51 | INFO | my_functions.py:138 | Haciendo click en la posición (385, 782)
2026-05-08 20:12:51 | INFO | my_functions.py:251 | 🖱️ Click OK: submit.PNG at (385, 782) delay=0.2s
2026-05-08 20:12:51 | INFO | my_functions.py:172 | Searching sign_in_with_google2.PNG (timeout=90s)
2026-05-08 20:12:52 | INFO | my_functions.py:198 | 
✅ Found: sign_in_with_google2.PNG pos=(406, 957) time=0.83s confidence=0.8
2026-05-08 20:12:52 | INFO | my_functions.py:231 | [DEBUG] wait_for_image_and_click -> sign_in_with_google2.PNG timeout=20s delay_click=1s confidence=0.8
2026-05-08 20:12:52 | INFO | my_functions.py:172 | Searching sign_in_with_google2.PNG (timeout=20s)
2026-05-08 20:12:52 | INFO | my_functions.py:198 | 
✅ Found: sign_in_with_google2.PNG pos=(406, 957) time=0.3s confidence=0.8
2026-05-08 20:12:53 | INFO | my_functions.py:138 | Haciendo click en la posición (406, 957)
2026-05-08 20:12:53 | INFO | my_functions.py:251 | 🖱️ Click OK: sign_in_with_google2.PNG at (406, 957) delay=1s
2026-05-08 20:12:53 | INFO | my_functions.py:231 | [DEBUG] wait_for_image_and_click -> overture_vm.png timeout=30s delay_click=3s confidence=0.8
2026-05-08 20:12:53 | INFO | my_functions.py:172 | Searching overture_vm.png (timeout=30s)
2026-05-08 20:13:02 | INFO | my_functions.py:198 | 
✅ Found: overture_vm.png pos=(1126, 447) time=8.15s confidence=0.8
2026-05-08 20:13:05 | INFO | my_functions.py:138 | Haciendo click en la posición (1126, 447)
2026-05-08 20:13:05 | INFO | my_functions.py:251 | 🖱️ Click OK: overture_vm.png at (1126, 447) delay=3s
2026-05-08 20:13:07 | INFO | my_functions.py:231 | [DEBUG] wait_for_image_and_click -> python_icon.PNG timeout=5s delay_click=1s confidence=0.8
2026-05-08 20:13:07 | INFO | my_functions.py:172 | Searching python_icon.PNG (timeout=5s)
2026-05-08 20:13:07 | INFO | my_functions.py:198 | 
✅ Found: python_icon.PNG pos=(709, 1054) time=0.3s confidence=0.8
2026-05-08 20:13:08 | INFO | my_functions.py:138 | Haciendo click en la posición (709, 1054)
2026-05-08 20:13:08 | INFO | my_functions.py:251 | 🖱️ Click OK: python_icon.PNG at (709, 1054) delay=1s
2026-05-08 20:13:08 | INFO | my_functions.py:231 | [DEBUG] wait_for_image_and_click -> snap_icon_task_bar.PNG timeout=20s delay_click=1s confidence=0.8
2026-05-08 20:13:08 | INFO | my_functions.py:172 | Searching snap_icon_task_bar.PNG (timeout=20s)
2026-05-08 20:13:09 | INFO | my_functions.py:198 | 
✅ Found: snap_icon_task_bar.PNG pos=(524, 1052) time=0.35s confidence=0.8
2026-05-08 20:13:10 | INFO | my_functions.py:138 | Haciendo click en la posición (524, 1052)
2026-05-08 20:13:10 | INFO | my_functions.py:251 | 🖱️ Click OK: snap_icon_task_bar.PNG at (524, 1052) delay=1s
2026-05-08 20:13:10 | INFO | my_functions.py:172 | Searching play.PNG (timeout=30s)
2026-05-08 20:13:20 | INFO | my_functions.py:198 | 
✅ Found: play.PNG pos=(384, 824) time=10.59s confidence=0.8
2026-05-08 20:13:20 | INFO | my_functions.py:1265 | [DEBUG] Login completado correctamente.
2026-05-08 20:13:20 | INFO | each_eight_hours.py:160 | Login executed
2026-05-08 20:13:20 | INFO | my_functions.py:172 | Searching shop_unselected.PNG (timeout=0s)
2026-05-08 20:13:21 | INFO | my_functions.py:198 | 
✅ Found: shop_unselected.PNG pos=(88, 961) time=0.22s confidence=0.8
2026-05-08 20:13:29 | INFO | my_functions.py:172 | Searching shop_unselected.PNG (timeout=0s)
2026-05-08 20:13:29 | INFO | my_functions.py:209 | 
⛔ Not found: shop_unselected.PNG after 0.0s region=(0, 0, 765, 1038) confidence=0.8
2026-05-08 20:13:30 | INFO | my_functions.py:172 | Searching shop_unselected.PNG (timeout=0s)
2026-05-08 20:13:30 | INFO | my_functions.py:209 | 
⛔ Not found: shop_unselected.PNG after 0.0s region=(0, 0, 765, 1038) confidence=0.8
2026-05-08 20:13:30 | INFO | my_functions.py:231 | [DEBUG] wait_for_image_and_click -> super_premium.PNG timeout=0s delay_click=1s confidence=0.8
2026-05-08 20:13:30 | INFO | my_functions.py:172 | Searching super_premium.PNG (timeout=0s)
2026-05-08 20:13:30 | INFO | my_functions.py:198 | 
✅ Found: super_premium.PNG pos=(480, 777) time=0.18s confidence=0.8
2026-05-08 20:13:31 | INFO | my_functions.py:138 | Haciendo click en la posición (480, 777)
2026-05-08 20:13:31 | INFO | my_functions.py:251 | 🖱️ Click OK: super_premium.PNG at (480, 777) delay=1s
2026-05-08 20:13:31 | INFO | my_functions.py:146 | Presionando ESC (1/1)
2026-05-08 20:13:40 | INFO | my_functions.py:172 | Searching shop_unselected.PNG (timeout=0s)
2026-05-08 20:13:40 | INFO | my_functions.py:198 | 
✅ Found: shop_unselected.PNG pos=(89, 961) time=0.17s confidence=0.8
2026-05-08 20:13:40 | INFO | my_functions.py:720 | Ya esta listo
2026-05-08 20:13:40 | INFO | each_eight_hours.py:163 | Initial images processed
2026-05-08 20:13:41 | INFO | each_eight_hours.py:166 | Chrome terminated
2026-05-08 20:13:41 | INFO | my_functions.py:231 | [DEBUG] wait_for_image_and_click -> missions_unnotified2.png timeout=20s delay_click=1s confidence=0.8
2026-05-08 20:13:41 | INFO | my_functions.py:172 | Searching missions_unnotified2.png (timeout=20s)
2026-05-08 20:13:41 | INFO | my_functions.py:198 | 
✅ Found: missions_unnotified2.png pos=(516, 127) time=0.21s confidence=0.8
2026-05-08 20:13:42 | INFO | my_functions.py:138 | Haciendo click en la posición (516, 127)
2026-05-08 20:13:42 | INFO | my_functions.py:251 | 🖱️ Click OK: missions_unnotified2.png at (516, 127) delay=1s
2026-05-08 20:13:42 | INFO | my_functions.py:231 | [DEBUG] wait_for_image_and_click -> calendar_missions_daily.png timeout=3s delay_click=1s confidence=0.8
2026-05-08 20:13:42 | INFO | my_functions.py:172 | Searching calendar_missions_daily.png (timeout=3s)
2026-05-08 20:13:43 | INFO | my_functions.py:198 | 
✅ Found: calendar_missions_daily.png pos=(190, 131) time=1.26s confidence=0.8
2026-05-08 20:13:44 | INFO | my_functions.py:138 | Haciendo click en la posición (190, 131)
2026-05-08 20:13:44 | INFO | my_functions.py:251 | 🖱️ Click OK: calendar_missions_daily.png at (190, 131) delay=1s
2026-05-08 20:13:44 | INFO | each_eight_hours.py:180 | Mission screens opened
2026-05-08 20:13:44 | INFO | my_functions.py:295 | JSON file located at C:\Users\Farm\AppData\LocalLow\Second Dinner\SNAP\Standalone\States\nvprod\MissionState.json
2026-05-08 20:13:47 | INFO | my_functions.py:434 | AVAILABLE: 6
2026-05-08 20:13:47 | INFO | my_functions.py:444 | [INFO] Waiting for Notepad++ process...
2026-05-08 20:13:47 | INFO | my_functions.py:458 | [INFO] Notepad++ detected PID=2612
2026-05-08 20:13:50 | INFO | my_functions.py:466 | [SUCCESS] Notepad++ closed successfully
2026-05-08 20:13:51 | INFO | my_functions.py:1593 | [INFO] Iniciando click_missions_blue2
2026-05-08 20:13:51 | INFO | my_functions.py:138 | Haciendo click en la posición (150, 132)
2026-05-08 20:13:53 | INFO | my_functions.py:1596 | [ACTION] Click hecho en icono de calendario que me dirige a las misiones ordinarias
2026-05-08 20:13:53 | INFO | my_functions.py:172 | Searching bonus_challenge.png (timeout=0s)
2026-05-08 20:13:53 | INFO | my_functions.py:209 | 
⛔ Not found: bonus_challenge.png after 0.0s region=(0, 0, 765, 1038) confidence=0.8
2026-05-08 20:13:55 | INFO | my_functions.py:172 | Searching flechita_mission.PNG (timeout=0s)
2026-05-08 20:13:55 | INFO | my_functions.py:209 | 
⛔ Not found: flechita_mission.PNG after 0.0s region=(0, 0, 765, 1038) confidence=0.8
2026-05-08 20:13:55 | INFO | my_functions.py:231 | [DEBUG] wait_for_image_and_click -> weekly3.PNG timeout=0s delay_click=0.1s confidence=0.8
2026-05-08 20:13:55 | INFO | my_functions.py:172 | Searching weekly3.PNG (timeout=0s)
2026-05-08 20:13:55 | INFO | my_functions.py:209 | 
⛔ Not found: weekly3.PNG after 0.0s region=(0, 0, 765, 1038) confidence=0.8
2026-05-08 20:13:55 | INFO | my_functions.py:258 | [DEBUG] Click skipped, image not found: weekly3.PNG
2026-05-08 20:13:55 | INFO | my_functions.py:231 | [DEBUG] wait_for_image_and_click -> weekly3.PNG timeout=0s delay_click=0.1s confidence=0.8
2026-05-08 20:13:55 | INFO | my_functions.py:172 | Searching weekly3.PNG (timeout=0s)
2026-05-08 20:13:55 | INFO | my_functions.py:209 | 
⛔ Not found: weekly3.PNG after 0.0s region=(0, 0, 765, 1038) confidence=0.8
2026-05-08 20:13:55 | INFO | my_functions.py:258 | [DEBUG] Click skipped, image not found: weekly3.PNG
2026-05-08 20:13:55 | INFO | my_functions.py:231 | [DEBUG] wait_for_image_and_click -> weekly3.PNG timeout=0s delay_click=0.1s confidence=0.8
2026-05-08 20:13:55 | INFO | my_functions.py:172 | Searching weekly3.PNG (timeout=0s)
2026-05-08 20:13:56 | INFO | my_functions.py:209 | 
⛔ Not found: weekly3.PNG after 0.01s region=(0, 0, 765, 1038) confidence=0.8
2026-05-08 20:13:56 | INFO | my_functions.py:258 | [DEBUG] Click skipped, image not found: weekly3.PNG
2026-05-08 20:13:56 | INFO | my_functions.py:231 | [DEBUG] wait_for_image_and_click -> weekly3.PNG timeout=0s delay_click=0.1s confidence=0.8
2026-05-08 20:13:56 | INFO | my_functions.py:172 | Searching weekly3.PNG (timeout=0s)
2026-05-08 20:13:56 | INFO | my_functions.py:209 | 
⛔ Not found: weekly3.PNG after 0.0s region=(0, 0, 765, 1038) confidence=0.8
2026-05-08 20:13:56 | INFO | my_functions.py:258 | [DEBUG] Click skipped, image not found: weekly3.PNG
2026-05-08 20:13:56 | INFO | my_functions.py:231 | [DEBUG] wait_for_image_and_click -> weekly3.PNG timeout=0s delay_click=0.1s confidence=0.8
2026-05-08 20:13:56 | INFO | my_functions.py:172 | Searching weekly3.PNG (timeout=0s)
2026-05-08 20:13:56 | INFO | my_functions.py:209 | 
⛔ Not found: weekly3.PNG after 0.0s region=(0, 0, 765, 1038) confidence=0.8
2026-05-08 20:13:56 | INFO | my_functions.py:258 | [DEBUG] Click skipped, image not found: weekly3.PNG
2026-05-08 20:13:56 | INFO | my_functions.py:231 | [DEBUG] wait_for_image_and_click -> weekly3.PNG timeout=0s delay_click=0.1s confidence=0.8
2026-05-08 20:13:56 | INFO | my_functions.py:172 | Searching weekly3.PNG (timeout=0s)
2026-05-08 20:13:56 | INFO | my_functions.py:209 | 
⛔ Not found: weekly3.PNG after 0.0s region=(0, 0, 765, 1038) confidence=0.8
2026-05-08 20:13:56 | INFO | my_functions.py:258 | [DEBUG] Click skipped, image not found: weekly3.PNG
2026-05-08 20:13:56 | INFO | my_functions.py:231 | [DEBUG] wait_for_image_and_click -> weekly3.PNG timeout=0s delay_click=0.1s confidence=0.8
2026-05-08 20:13:56 | INFO | my_functions.py:172 | Searching weekly3.PNG (timeout=0s)
2026-05-08 20:13:56 | INFO | my_functions.py:209 | 
⛔ Not found: weekly3.PNG after 0.0s region=(0, 0, 765, 1038) confidence=0.8
2026-05-08 20:13:56 | INFO | my_functions.py:258 | [DEBUG] Click skipped, image not found: weekly3.PNG
2026-05-08 20:13:56 | INFO | my_functions.py:231 | [DEBUG] wait_for_image_and_click -> weekly3.PNG timeout=0s delay_click=0.1s confidence=0.8
2026-05-08 20:13:56 | INFO | my_functions.py:172 | Searching weekly3.PNG (timeout=0s)
2026-05-08 20:13:57 | INFO | my_functions.py:209 | 
⛔ Not found: weekly3.PNG after 0.0s region=(0, 0, 765, 1038) confidence=0.8
2026-05-08 20:13:57 | INFO | my_functions.py:258 | [DEBUG] Click skipped, image not found: weekly3.PNG
2026-05-08 20:13:57 | INFO | my_functions.py:231 | [DEBUG] wait_for_image_and_click -> weekly3.PNG timeout=0s delay_click=0.1s confidence=0.8
2026-05-08 20:13:57 | INFO | my_functions.py:172 | Searching weekly3.PNG (timeout=0s)
2026-05-08 20:13:57 | INFO | my_functions.py:209 | 
⛔ Not found: weekly3.PNG after 0.0s region=(0, 0, 765, 1038) confidence=0.8
2026-05-08 20:13:57 | INFO | my_functions.py:258 | [DEBUG] Click skipped, image not found: weekly3.PNG
2026-05-08 20:13:57 | INFO | my_functions.py:231 | [DEBUG] wait_for_image_and_click -> weekly3.PNG timeout=0s delay_click=0.1s confidence=0.8
2026-05-08 20:13:57 | INFO | my_functions.py:172 | Searching weekly3.PNG (timeout=0s)
2026-05-08 20:13:57 | INFO | my_functions.py:209 | 
⛔ Not found: weekly3.PNG after 0.0s region=(0, 0, 765, 1038) confidence=0.8
2026-05-08 20:13:57 | INFO | my_functions.py:258 | [DEBUG] Click skipped, image not found: weekly3.PNG
2026-05-08 20:13:57 | INFO | my_functions.py:231 | [DEBUG] wait_for_image_and_click -> weekly3.PNG timeout=0s delay_click=0.1s confidence=0.8
2026-05-08 20:13:57 | INFO | my_functions.py:172 | Searching weekly3.PNG (timeout=0s)
2026-05-08 20:13:57 | INFO | my_functions.py:209 | 
⛔ Not found: weekly3.PNG after 0.0s region=(0, 0, 765, 1038) confidence=0.8
2026-05-08 20:13:57 | INFO | my_functions.py:258 | [DEBUG] Click skipped, image not found: weekly3.PNG
2026-05-08 20:13:57 | INFO | my_functions.py:295 | JSON file located at C:\Users\Farm\AppData\LocalLow\Second Dinner\SNAP\Standalone\States\nvprod\MissionState.json
2026-05-08 20:14:00 | INFO | my_functions.py:434 | AVAILABLE: 6
2026-05-08 20:14:00 | INFO | my_functions.py:444 | [INFO] Waiting for Notepad++ process...
2026-05-08 20:14:00 | INFO | my_functions.py:458 | [INFO] Notepad++ detected PID=2160
2026-05-08 20:14:03 | INFO | my_functions.py:466 | [SUCCESS] Notepad++ closed successfully
2026-05-08 20:14:04 | INFO | my_functions.py:146 | Presionando ESC (1/1)
2026-05-08 20:14:05 | INFO | my_functions.py:231 | [DEBUG] wait_for_image_and_click -> white_x.png timeout=2s delay_click=1s confidence=0.8
2026-05-08 20:14:05 | INFO | my_functions.py:172 | Searching white_x.png (timeout=2s)
2026-05-08 20:14:07 | INFO | my_functions.py:209 | 
⛔ Not found: white_x.png after 2.06s region=(0, 0, 765, 1038) confidence=0.8
2026-05-08 20:14:07 | INFO | my_functions.py:258 | [DEBUG] Click skipped, image not found: white_x.png
2026-05-08 20:14:07 | INFO | my_functions.py:172 | Searching play.PNG (timeout=0s)
2026-05-08 20:14:07 | INFO | my_functions.py:198 | 
✅ Found: play.PNG pos=(384, 824) time=0.19s confidence=0.8
2026-05-08 20:14:07 | INFO | my_functions.py:1563 | [INFO] Click realizado donde se equipa el deck a jugar
2026-05-08 20:14:11 | INFO | my_functions.py:231 | [DEBUG] wait_for_image_and_click -> deck_666666.png timeout=3s delay_click=1s confidence=0.8
2026-05-08 20:14:11 | INFO | my_functions.py:172 | Searching deck_666666.png (timeout=3s)
2026-05-08 20:14:12 | INFO | my_functions.py:198 | 
✅ Found: deck_666666.png pos=(235, 546) time=0.2s confidence=0.8
2026-05-08 20:14:13 | INFO | my_functions.py:138 | Haciendo click en la posición (235, 546)
2026-05-08 20:14:13 | INFO | my_functions.py:251 | 🖱️ Click OK: deck_666666.png at (235, 546) delay=1s
2026-05-08 20:14:13 | INFO | my_functions.py:231 | [DEBUG] wait_for_image_and_click -> equip.png timeout=3s delay_click=1s confidence=0.95
2026-05-08 20:14:13 | INFO | my_functions.py:172 | Searching equip.png (timeout=3s)
2026-05-08 20:14:13 | INFO | my_functions.py:198 | 
✅ Found: equip.png pos=(548, 983) time=0.19s confidence=0.95
2026-05-08 20:14:14 | INFO | my_functions.py:138 | Haciendo click en la posición (548, 983)
2026-05-08 20:14:14 | INFO | my_functions.py:251 | 🖱️ Click OK: equip.png at (548, 983) delay=1s
2026-05-08 20:14:14 | INFO | each_eight_hours.py:217 | Deck selected: 6turns
2026-05-08 20:14:14 | INFO | my_functions.py:231 | [DEBUG] wait_for_image_and_click -> maybe_later.PNG timeout=2s delay_click=1s confidence=0.8
2026-05-08 20:14:14 | INFO | my_functions.py:172 | Searching maybe_later.PNG (timeout=2s)
2026-05-08 20:14:17 | INFO | my_functions.py:209 | 
⛔ Not found: maybe_later.PNG after 2.1s region=(0, 0, 765, 1038) confidence=0.8
2026-05-08 20:14:17 | INFO | my_functions.py:258 | [DEBUG] Click skipped, image not found: maybe_later.PNG
2026-05-08 20:14:17 | INFO | my_functions.py:231 | [DEBUG] wait_for_image_and_click -> maybe_later2.PNG timeout=2s delay_click=1s confidence=0.8
2026-05-08 20:14:17 | INFO | my_functions.py:172 | Searching maybe_later2.PNG (timeout=2s)
2026-05-08 20:14:19 | INFO | my_functions.py:209 | 
⛔ Not found: maybe_later2.PNG after 2.2s region=(0, 0, 765, 1038) confidence=0.8
2026-05-08 20:14:19 | INFO | my_functions.py:258 | [DEBUG] Click skipped, image not found: maybe_later2.PNG
2026-05-08 20:14:19 | INFO | each_eight_hours.py:287 | Starting game loop 1
2026-05-08 20:14:19 | INFO | my_functions.py:231 | [DEBUG] wait_for_image_and_click -> play.PNG timeout=20s delay_click=3s confidence=0.8
2026-05-08 20:14:19 | INFO | my_functions.py:172 | Searching play.PNG (timeout=20s)
2026-05-08 20:14:19 | INFO | my_functions.py:198 | 
✅ Found: play.PNG pos=(384, 824) time=0.18s confidence=0.8
2026-05-08 20:14:22 | INFO | my_functions.py:138 | Haciendo click en la posición (384, 824)
2026-05-08 20:14:22 | INFO | my_functions.py:251 | 🖱️ Click OK: play.PNG at (384, 824) delay=3s
2026-05-08 20:14:22 | INFO | each_eight_hours.py:293 | Play button clicked
2026-05-08 20:14:40 | INFO | my_functions.py:198 | 
✅ Found: end_turn.PNG pos=(681, 945) time=0.21s confidence=0.8
2026-05-08 20:14:40 | INFO | my_functions.py:231 | [DEBUG] wait_for_image_and_click -> snap.PNG timeout=0s delay_click=1s confidence=0.8
2026-05-08 20:14:40 | INFO | my_functions.py:198 | 
✅ Found: snap.PNG pos=(386, 123) time=0.22s confidence=0.8
2026-05-08 20:14:41 | INFO | my_functions.py:138 | Haciendo click en la posición (386, 123)
2026-05-08 20:14:41 | INFO | my_functions.py:251 | 🖱️ Click OK: snap.PNG at (386, 123) delay=1s
2026-05-08 20:14:46 | INFO | my_functions.py:138 | Haciendo click en la posición (681, 945)
2026-05-08 20:14:47 | INFO | each_eight_hours.py:314 | End turn executed
2026-05-08 20:15:02 | INFO | my_functions.py:198 | 
✅ Found: end_turn.PNG pos=(681, 945) time=0.19s confidence=0.8
2026-05-08 20:15:02 | INFO | my_functions.py:231 | [DEBUG] wait_for_image_and_click -> snap.PNG timeout=0s delay_click=1s confidence=0.8
2026-05-08 20:15:02 | INFO | my_functions.py:258 | [DEBUG] Click skipped, image not found: snap.PNG
2026-05-08 20:15:07 | INFO | my_functions.py:138 | Haciendo click en la posición (681, 945)
2026-05-08 20:15:08 | INFO | each_eight_hours.py:314 | End turn executed
2026-05-08 20:15:22 | INFO | my_functions.py:198 | 
✅ Found: end_turn.PNG pos=(681, 945) time=0.18s confidence=0.8
2026-05-08 20:15:22 | INFO | my_functions.py:231 | [DEBUG] wait_for_image_and_click -> snap.PNG timeout=0s delay_click=1s confidence=0.8
2026-05-08 20:15:22 | INFO | my_functions.py:258 | [DEBUG] Click skipped, image not found: snap.PNG
2026-05-08 20:15:28 | INFO | my_functions.py:138 | Haciendo click en la posición (681, 945)
2026-05-08 20:15:29 | INFO | each_eight_hours.py:314 | End turn executed
2026-05-08 20:15:53 | INFO | my_functions.py:198 | 
✅ Found: end_turn.PNG pos=(681, 945) time=0.2s confidence=0.8
2026-05-08 20:15:53 | INFO | my_functions.py:231 | [DEBUG] wait_for_image_and_click -> snap.PNG timeout=0s delay_click=1s confidence=0.8
2026-05-08 20:15:54 | INFO | my_functions.py:258 | [DEBUG] Click skipped, image not found: snap.PNG
2026-05-08 20:15:59 | INFO | my_functions.py:138 | Haciendo click en la posición (681, 945)
2026-05-08 20:16:00 | INFO | each_eight_hours.py:314 | End turn executed
2026-05-08 20:16:16 | INFO | my_functions.py:198 | 
✅ Found: end_turn.PNG pos=(681, 945) time=0.2s confidence=0.8
2026-05-08 20:16:16 | INFO | my_functions.py:231 | [DEBUG] wait_for_image_and_click -> snap.PNG timeout=0s delay_click=1s confidence=0.8
2026-05-08 20:16:16 | INFO | my_functions.py:258 | [DEBUG] Click skipped, image not found: snap.PNG
2026-05-08 20:16:22 | INFO | my_functions.py:138 | Haciendo click en la posición (681, 945)
2026-05-08 20:16:23 | INFO | each_eight_hours.py:314 | End turn executed
2026-05-08 20:16:44 | INFO | my_functions.py:198 | 
✅ Found: end_turn.PNG pos=(681, 945) time=0.2s confidence=0.8
2026-05-08 20:16:44 | INFO | my_functions.py:231 | [DEBUG] wait_for_image_and_click -> snap.PNG timeout=0s delay_click=1s confidence=0.8
2026-05-08 20:16:44 | INFO | my_functions.py:258 | [DEBUG] Click skipped, image not found: snap.PNG
2026-05-08 20:16:49 | INFO | my_functions.py:138 | Haciendo click en la posición (681, 945)
2026-05-08 20:16:50 | INFO | each_eight_hours.py:314 | End turn executed
2026-05-08 20:17:13 | INFO | my_functions.py:198 | 
✅ Found: collect_rewards.PNG pos=(680, 1009) time=0.24s confidence=0.8
2026-05-08 20:17:13 | INFO | each_eight_hours.py:353 | Rewards detected, exiting match
2026-05-08 20:17:14 | INFO | my_functions.py:231 | [DEBUG] wait_for_image_and_click -> collect_rewards.PNG timeout=20s delay_click=1s confidence=0.8
2026-05-08 20:17:14 | INFO | my_functions.py:172 | Searching collect_rewards.PNG (timeout=20s)
2026-05-08 20:17:14 | INFO | my_functions.py:198 | 
✅ Found: collect_rewards.PNG pos=(680, 961) time=0.28s confidence=0.8
2026-05-08 20:17:15 | INFO | my_functions.py:138 | Haciendo click en la posición (680, 961)
2026-05-08 20:17:15 | INFO | my_functions.py:251 | 🖱️ Click OK: collect_rewards.PNG at (680, 961) delay=1s
2026-05-08 20:17:15 | INFO | my_functions.py:231 | [DEBUG] wait_for_image_and_click -> next.PNG timeout=20s delay_click=1s confidence=0.8
2026-05-08 20:17:15 | INFO | my_functions.py:172 | Searching next.PNG (timeout=20s)
2026-05-08 20:17:18 | INFO | my_functions.py:198 | 
✅ Found: next.PNG pos=(677, 973) time=3.25s confidence=0.8
2026-05-08 20:17:19 | INFO | my_functions.py:138 | Haciendo click en la posición (677, 973)
2026-05-08 20:17:19 | INFO | my_functions.py:251 | 🖱️ Click OK: next.PNG at (677, 973) delay=1s
2026-05-08 20:17:23 | INFO | my_functions.py:434 | AVAILABLE: 6
2026-05-08 20:17:23 | INFO | my_functions.py:444 | [INFO] Waiting for Notepad++ process...
2026-05-08 20:17:24 | INFO | my_functions.py:458 | [INFO] Notepad++ detected PID=9588
2026-05-08 20:17:27 | INFO | my_functions.py:466 | [SUCCESS] Notepad++ closed successfully
2026-05-08 20:17:28 | INFO | each_eight_hours.py:421 | Submissions after match: 6
2026-05-08 20:17:28 | INFO | my_functions.py:378 | Misiones completadas: 2
2026-05-08 20:17:28 | INFO | each_eight_hours.py:425 | Submission condition met, breaking loop
2026-05-08 20:17:28 | INFO | my_functions.py:231 | [DEBUG] wait_for_image_and_click -> missionsNotify2.png timeout=20s delay_click=3s confidence=0.8
2026-05-08 20:17:28 | INFO | my_functions.py:172 | Searching missionsNotify2.png (timeout=20s)
2026-05-08 20:17:28 | INFO | my_functions.py:198 | 
✅ Found: missionsNotify2.png pos=(538, 124) time=0.27s confidence=0.8
2026-05-08 20:17:31 | INFO | my_functions.py:138 | Haciendo click en la posición (538, 124)
2026-05-08 20:17:31 | INFO | my_functions.py:251 | 🖱️ Click OK: missionsNotify2.png at (538, 124) delay=3s
2026-05-08 20:17:31 | INFO | my_functions.py:1593 | [INFO] Iniciando click_missions_blue2
2026-05-08 20:17:31 | INFO | my_functions.py:138 | Haciendo click en la posición (150, 132)
2026-05-08 20:17:33 | INFO | my_functions.py:1596 | [ACTION] Click hecho en icono de calendario que me dirige a las misiones ordinarias
2026-05-08 20:17:33 | INFO | my_functions.py:172 | Searching bonus_challenge.png (timeout=0s)
2026-05-08 20:17:33 | INFO | my_functions.py:209 | 
⛔ Not found: bonus_challenge.png after 0.0s region=(0, 0, 765, 1038) confidence=0.8
2026-05-08 20:17:35 | INFO | my_functions.py:138 | Haciendo click en la posición (362, 493)
2026-05-08 20:17:36 | INFO | my_functions.py:1609 | [ACTION] Click 1/2 en misión azul
2026-05-08 20:17:36 | INFO | my_functions.py:138 | Haciendo click en la posición (362, 493)
2026-05-08 20:17:38 | INFO | my_functions.py:1609 | [ACTION] Click 2/2 en misión azul
2026-05-08 20:17:38 | INFO | my_functions.py:172 | Searching flechita_mission.PNG (timeout=0s)
2026-05-08 20:17:38 | INFO | my_functions.py:209 | 
⛔ Not found: flechita_mission.PNG after 0.0s region=(0, 0, 765, 1038) confidence=0.8
2026-05-08 20:17:38 | INFO | my_functions.py:231 | [DEBUG] wait_for_image_and_click -> weekly3.PNG timeout=0s delay_click=0.1s confidence=0.8
2026-05-08 20:17:38 | INFO | my_functions.py:172 | Searching weekly3.PNG (timeout=0s)
2026-05-08 20:17:39 | INFO | my_functions.py:209 | 
⛔ Not found: weekly3.PNG after 0.0s region=(0, 0, 765, 1038) confidence=0.8
2026-05-08 20:17:39 | INFO | my_functions.py:258 | [DEBUG] Click skipped, image not found: weekly3.PNG
2026-05-08 20:17:39 | INFO | my_functions.py:231 | [DEBUG] wait_for_image_and_click -> weekly3.PNG timeout=0s delay_click=0.1s confidence=0.8
2026-05-08 20:17:39 | INFO | my_functions.py:172 | Searching weekly3.PNG (timeout=0s)
2026-05-08 20:17:39 | INFO | my_functions.py:209 | 
⛔ Not found: weekly3.PNG after 0.0s region=(0, 0, 765, 1038) confidence=0.8
2026-05-08 20:17:39 | INFO | my_functions.py:258 | [DEBUG] Click skipped, image not found: weekly3.PNG
2026-05-08 20:17:39 | INFO | my_functions.py:231 | [DEBUG] wait_for_image_and_click -> weekly3.PNG timeout=0s delay_click=0.1s confidence=0.8
2026-05-08 20:17:39 | INFO | my_functions.py:172 | Searching weekly3.PNG (timeout=0s)
2026-05-08 20:17:39 | INFO | my_functions.py:209 | 
⛔ Not found: weekly3.PNG after 0.01s region=(0, 0, 765, 1038) confidence=0.8
2026-05-08 20:17:39 | INFO | my_functions.py:258 | [DEBUG] Click skipped, image not found: weekly3.PNG
2026-05-08 20:17:39 | INFO | my_functions.py:231 | [DEBUG] wait_for_image_and_click -> weekly3.PNG timeout=0s delay_click=0.1s confidence=0.8
2026-05-08 20:17:39 | INFO | my_functions.py:172 | Searching weekly3.PNG (timeout=0s)
2026-05-08 20:17:39 | INFO | my_functions.py:209 | 
⛔ Not found: weekly3.PNG after 0.0s region=(0, 0, 765, 1038) confidence=0.8
2026-05-08 20:17:39 | INFO | my_functions.py:258 | [DEBUG] Click skipped, image not found: weekly3.PNG
2026-05-08 20:17:39 | INFO | my_functions.py:231 | [DEBUG] wait_for_image_and_click -> weekly3.PNG timeout=0s delay_click=0.1s confidence=0.8
2026-05-08 20:17:39 | INFO | my_functions.py:172 | Searching weekly3.PNG (timeout=0s)
2026-05-08 20:17:39 | INFO | my_functions.py:209 | 
⛔ Not found: weekly3.PNG after 0.0s region=(0, 0, 765, 1038) confidence=0.8
2026-05-08 20:17:39 | INFO | my_functions.py:258 | [DEBUG] Click skipped, image not found: weekly3.PNG
2026-05-08 20:17:39 | INFO | my_functions.py:231 | [DEBUG] wait_for_image_and_click -> weekly3.PNG timeout=0s delay_click=0.1s confidence=0.8
2026-05-08 20:17:39 | INFO | my_functions.py:172 | Searching weekly3.PNG (timeout=0s)
2026-05-08 20:17:40 | INFO | my_functions.py:209 | 
⛔ Not found: weekly3.PNG after 0.0s region=(0, 0, 765, 1038) confidence=0.8
2026-05-08 20:17:40 | INFO | my_functions.py:258 | [DEBUG] Click skipped, image not found: weekly3.PNG
2026-05-08 20:17:40 | INFO | my_functions.py:231 | [DEBUG] wait_for_image_and_click -> weekly3.PNG timeout=0s delay_click=0.1s confidence=0.8
2026-05-08 20:17:40 | INFO | my_functions.py:172 | Searching weekly3.PNG (timeout=0s)
2026-05-08 20:17:40 | INFO | my_functions.py:209 | 
⛔ Not found: weekly3.PNG after 0.01s region=(0, 0, 765, 1038) confidence=0.8
2026-05-08 20:17:40 | INFO | my_functions.py:258 | [DEBUG] Click skipped, image not found: weekly3.PNG
2026-05-08 20:17:40 | INFO | my_functions.py:231 | [DEBUG] wait_for_image_and_click -> weekly3.PNG timeout=0s delay_click=0.1s confidence=0.8
2026-05-08 20:17:40 | INFO | my_functions.py:172 | Searching weekly3.PNG (timeout=0s)
2026-05-08 20:17:40 | INFO | my_functions.py:209 | 
⛔ Not found: weekly3.PNG after 0.0s region=(0, 0, 765, 1038) confidence=0.8
2026-05-08 20:17:40 | INFO | my_functions.py:258 | [DEBUG] Click skipped, image not found: weekly3.PNG
2026-05-08 20:17:40 | INFO | my_functions.py:231 | [DEBUG] wait_for_image_and_click -> weekly3.PNG timeout=0s delay_click=0.1s confidence=0.8
2026-05-08 20:17:40 | INFO | my_functions.py:172 | Searching weekly3.PNG (timeout=0s)
2026-05-08 20:17:40 | INFO | my_functions.py:209 | 
⛔ Not found: weekly3.PNG after 0.0s region=(0, 0, 765, 1038) confidence=0.8
2026-05-08 20:17:40 | INFO | my_functions.py:258 | [DEBUG] Click skipped, image not found: weekly3.PNG
2026-05-08 20:17:40 | INFO | my_functions.py:231 | [DEBUG] wait_for_image_and_click -> weekly3.PNG timeout=0s delay_click=0.1s confidence=0.8
2026-05-08 20:17:40 | INFO | my_functions.py:172 | Searching weekly3.PNG (timeout=0s)
2026-05-08 20:17:40 | INFO | my_functions.py:209 | 
⛔ Not found: weekly3.PNG after 0.0s region=(0, 0, 765, 1038) confidence=0.8
2026-05-08 20:17:40 | INFO | my_functions.py:258 | [DEBUG] Click skipped, image not found: weekly3.PNG
2026-05-08 20:17:40 | INFO | my_functions.py:138 | Haciendo click en la posición (557, 64)
2026-05-08 20:17:42 | INFO | my_functions.py:231 | [DEBUG] wait_for_image_and_click -> cards_shop.PNG timeout=20s delay_click=1s confidence=0.8
2026-05-08 20:17:42 | INFO | my_functions.py:172 | Searching cards_shop.PNG (timeout=20s)
2026-05-08 20:17:42 | INFO | my_functions.py:198 | 
✅ Found: cards_shop.PNG pos=(568, 121) time=0.64s confidence=0.8
2026-05-08 20:17:43 | INFO | my_functions.py:138 | Haciendo click en la posición (568, 121)
2026-05-08 20:17:44 | INFO | my_functions.py:251 | 🖱️ Click OK: cards_shop.PNG at (568, 121) delay=1s
2026-05-08 20:17:44 | INFO | my_functions.py:231 | [DEBUG] wait_for_image_and_click -> token_icon.PNG timeout=20s delay_click=1s confidence=0.8
2026-05-08 20:17:44 | INFO | my_functions.py:172 | Searching token_icon.PNG (timeout=20s)
2026-05-08 20:17:45 | INFO | my_functions.py:198 | 
✅ Found: token_icon.PNG pos=(661, 171) time=1.81s confidence=0.8
2026-05-08 20:17:46 | INFO | my_functions.py:138 | Haciendo click en la posición (661, 171)
2026-05-08 20:17:47 | INFO | my_functions.py:251 | 🖱️ Click OK: token_icon.PNG at (661, 171) delay=1s
2026-05-08 20:17:49 | INFO | my_functions.py:231 | [DEBUG] wait_for_image_and_click -> claim!_token_3.PNG timeout=4s delay_click=1s confidence=0.8
2026-05-08 20:17:49 | INFO | my_functions.py:172 | Searching claim!_token_3.PNG (timeout=4s)
2026-05-08 20:17:49 | INFO | my_functions.py:198 | 
✅ Found: claim!_token_3.PNG pos=(231, 573) time=0.24s confidence=0.8
2026-05-08 20:17:50 | INFO | my_functions.py:138 | Haciendo click en la posición (231, 573)
2026-05-08 20:17:50 | INFO | my_functions.py:251 | 🖱️ Click OK: claim!_token_3.PNG at (231, 573) delay=1s
2026-05-08 20:17:50 | INFO | my_functions.py:231 | [DEBUG] wait_for_image_and_click -> offers.PNG timeout=0.1s delay_click=1s confidence=0.8
2026-05-08 20:17:50 | INFO | my_functions.py:172 | Searching offers.PNG (timeout=0.1s)
2026-05-08 20:17:50 | INFO | my_functions.py:198 | 
✅ Found: offers.PNG pos=(197, 121) time=0.27s confidence=0.8
2026-05-08 20:17:51 | INFO | my_functions.py:138 | Haciendo click en la posición (197, 121)
2026-05-08 20:17:52 | INFO | my_functions.py:251 | 🖱️ Click OK: offers.PNG at (197, 121) delay=1s
2026-05-08 20:17:52 | INFO | my_functions.py:231 | [DEBUG] wait_for_image_and_click -> credits_selected.png timeout=0.1s delay_click=1s confidence=0.8
2026-05-08 20:17:52 | INFO | my_functions.py:172 | Searching credits_selected.png (timeout=0.1s)
2026-05-08 20:17:52 | INFO | my_functions.py:198 | 
✅ Found: credits_selected.png pos=(442, 168) time=0.25s confidence=0.8
2026-05-08 20:17:53 | INFO | my_functions.py:138 | Haciendo click en la posición (442, 168)
2026-05-08 20:17:53 | INFO | my_functions.py:251 | 🖱️ Click OK: credits_selected.png at (442, 168) delay=1s
2026-05-08 20:17:55 | INFO | my_functions.py:231 | [DEBUG] wait_for_image_and_click -> claim_25_credits.png timeout=2s delay_click=1s confidence=0.8
2026-05-08 20:17:55 | INFO | my_functions.py:172 | Searching claim_25_credits.png (timeout=2s)
2026-05-08 20:17:55 | INFO | my_functions.py:198 | 
✅ Found: claim_25_credits.png pos=(236, 328) time=0.22s confidence=0.8
2026-05-08 20:17:56 | INFO | my_functions.py:138 | Haciendo click en la posición (236, 328)
2026-05-08 20:17:56 | INFO | my_functions.py:251 | 🖱️ Click OK: claim_25_credits.png at (236, 328) delay=1s
2026-05-08 20:17:56 | INFO | my_functions.py:231 | [DEBUG] wait_for_image_and_click -> cards_shop.PNG timeout=20s delay_click=1s confidence=0.8
2026-05-08 20:17:56 | INFO | my_functions.py:172 | Searching cards_shop.PNG (timeout=20s)
2026-05-08 20:17:56 | INFO | my_functions.py:198 | 
✅ Found: cards_shop.PNG pos=(568, 121) time=0.23s confidence=0.8
2026-05-08 20:17:57 | INFO | my_functions.py:138 | Haciendo click en la posición (568, 121)
2026-05-08 20:17:57 | INFO | my_functions.py:251 | 🖱️ Click OK: cards_shop.PNG at (568, 121) delay=1s
2026-05-08 20:17:57 | INFO | my_functions.py:231 | [DEBUG] wait_for_image_and_click -> offers.PNG timeout=20s delay_click=1s confidence=0.8
2026-05-08 20:17:57 | INFO | my_functions.py:172 | Searching offers.PNG (timeout=20s)
2026-05-08 20:17:58 | INFO | my_functions.py:198 | 
✅ Found: offers.PNG pos=(197, 122) time=0.19s confidence=0.8
2026-05-08 20:17:59 | INFO | my_functions.py:138 | Haciendo click en la posición (197, 122)
2026-05-08 20:17:59 | INFO | my_functions.py:251 | 🖱️ Click OK: offers.PNG at (197, 122) delay=1s
2026-05-08 20:17:59 | INFO | my_functions.py:1491 | [INFO] Iniciando mejora de cartas
2026-05-08 20:17:59 | INFO | my_functions.py:231 | [DEBUG] wait_for_image_and_click -> upgrade_cards_icon.PNG timeout=20s delay_click=1s confidence=0.8
2026-05-08 20:17:59 | INFO | my_functions.py:172 | Searching upgrade_cards_icon.PNG (timeout=20s)
2026-05-08 20:17:59 | INFO | my_functions.py:198 | 
✅ Found: upgrade_cards_icon.PNG pos=(322, 170) time=0.22s confidence=0.8
2026-05-08 20:18:00 | INFO | my_functions.py:138 | Haciendo click en la posición (322, 170)
2026-05-08 20:18:00 | INFO | my_functions.py:251 | 🖱️ Click OK: upgrade_cards_icon.PNG at (322, 170) delay=1s
2026-05-08 20:18:00 | INFO | my_functions.py:1495 | [INFO] Abriendo icono de upgrade_cards
2026-05-08 20:18:01 | INFO | my_functions.py:1501 | [STEP] Mejorando carta 1
2026-05-08 20:18:01 | INFO | my_functions.py:1505 | [ACTION] Click en carta 1
2026-05-08 20:18:02 | INFO | my_functions.py:1510 | [ACTION] Click en botón upgrade
2026-05-08 20:18:10 | INFO | my_functions.py:231 | [DEBUG] wait_for_image_and_click -> you_need_more_credits!.png timeout=3s delay_click=1s confidence=0.8
2026-05-08 20:18:10 | INFO | my_functions.py:172 | Searching you_need_more_credits!.png (timeout=3s)
2026-05-08 20:18:13 | INFO | my_functions.py:209 | 
⛔ Not found: you_need_more_credits!.png after 3.14s region=(0, 0, 765, 1038) confidence=0.8
2026-05-08 20:18:13 | INFO | my_functions.py:258 | [DEBUG] Click skipped, image not found: you_need_more_credits!.png
2026-05-08 20:18:18 | INFO | my_functions.py:1525 | [ACTION] Click para continuar a stage de nivel de coleccion
2026-05-08 20:18:23 | INFO | my_functions.py:146 | Presionando ESC (1/1)
2026-05-08 20:18:24 | INFO | my_functions.py:1530 | [ACTION] Saliendo de stage nivel de coleccion con ESC
2026-05-08 20:18:25 | INFO | my_functions.py:231 | [DEBUG] wait_for_image_and_click -> upgrade_cards_icon_selected.PNG timeout=0s delay_click=1s confidence=0.8
2026-05-08 20:18:25 | INFO | my_functions.py:172 | Searching upgrade_cards_icon_selected.PNG (timeout=0s)
2026-05-08 20:18:25 | INFO | my_functions.py:198 | 
✅ Found: upgrade_cards_icon_selected.PNG pos=(320, 173) time=0.2s confidence=0.8
2026-05-08 20:18:26 | INFO | my_functions.py:138 | Haciendo click en la posición (320, 173)
2026-05-08 20:18:26 | INFO | my_functions.py:251 | 🖱️ Click OK: upgrade_cards_icon_selected.PNG at (320, 173) delay=1s
2026-05-08 20:18:26 | INFO | my_functions.py:1550 | [INFO] Reabriendo icono de upgrade_cards
2026-05-08 20:18:27 | INFO | my_functions.py:1501 | [STEP] Mejorando carta 2
2026-05-08 20:18:27 | INFO | my_functions.py:1505 | [ACTION] Click en carta 2
2026-05-08 20:18:28 | INFO | my_functions.py:1510 | [ACTION] Click en botón upgrade
2026-05-08 20:18:35 | INFO | my_functions.py:231 | [DEBUG] wait_for_image_and_click -> you_need_more_credits!.png timeout=3s delay_click=1s confidence=0.8
2026-05-08 20:18:35 | INFO | my_functions.py:172 | Searching you_need_more_credits!.png (timeout=3s)
2026-05-08 20:18:36 | INFO | my_functions.py:198 | 
✅ Found: you_need_more_credits!.png pos=(381, 345) time=0.23s confidence=0.8
2026-05-08 20:18:37 | INFO | my_functions.py:138 | Haciendo click en la posición (381, 345)
2026-05-08 20:18:37 | INFO | my_functions.py:251 | 🖱️ Click OK: you_need_more_credits!.png at (381, 345) delay=1s
2026-05-08 20:18:37 | INFO | my_functions.py:146 | Presionando ESC (1/2)
2026-05-08 20:18:37 | INFO | my_functions.py:146 | Presionando ESC (2/2)
2026-05-08 20:18:40 | INFO | my_functions.py:1553 | [INFO] Mejora de cartas completada ✅
2026-05-08 20:18:40 | INFO | my_functions.py:146 | Presionando ESC (1/1)
2026-05-08 20:18:41 | INFO | each_eight_hours.py:437 | Finished all games
2026-05-08 20:18:41 | INFO | my_functions.py:1443 | [DEBUG] Starting logout process...
2026-05-08 20:18:41 | INFO | my_functions.py:1445 | [DEBUG] Clicking nut icon...
2026-05-08 20:18:41 | INFO | my_functions.py:231 | [DEBUG] wait_for_image_and_click -> nut.png timeout=20s delay_click=1s confidence=0.8
2026-05-08 20:18:41 | INFO | my_functions.py:172 | Searching nut.png (timeout=20s)
2026-05-08 20:18:41 | INFO | my_functions.py:198 | 
✅ Found: nut.png pos=(184, 78) time=0.16s confidence=0.8
2026-05-08 20:18:42 | INFO | my_functions.py:138 | Haciendo click en la posición (184, 78)
2026-05-08 20:18:42 | INFO | my_functions.py:251 | 🖱️ Click OK: nut.png at (184, 78) delay=1s
2026-05-08 20:18:42 | INFO | my_functions.py:1448 | [DEBUG] Waiting for graphics quality image...
2026-05-08 20:18:42 | INFO | my_functions.py:172 | Searching graphics_quality.png (timeout=3s)
2026-05-08 20:18:43 | INFO | my_functions.py:198 | 
✅ Found: graphics_quality.png pos=(304, 644) time=1.01s confidence=0.8
2026-05-08 20:18:43 | INFO | my_functions.py:1450 | [DEBUG] graphics_quality result: Point(x=304, y=644)
2026-05-08 20:18:43 | INFO | my_functions.py:1456 | [DEBUG] Clicking graphics quality...
2026-05-08 20:18:44 | INFO | my_functions.py:1461 | [DEBUG] Scrolling down...
2026-05-08 20:18:44 | INFO | my_functions.py:1464 | [DEBUG] Clicking sign_out...
2026-05-08 20:18:44 | INFO | my_functions.py:231 | [DEBUG] wait_for_image_and_click -> sign_out.png timeout=20s delay_click=1s confidence=0.8
2026-05-08 20:18:44 | INFO | my_functions.py:172 | Searching sign_out.png (timeout=20s)
2026-05-08 20:18:45 | INFO | my_functions.py:198 | 
✅ Found: sign_out.png pos=(380, 796) time=0.21s confidence=0.8
2026-05-08 20:18:46 | INFO | my_functions.py:138 | Haciendo click en la posición (380, 796)
2026-05-08 20:18:46 | INFO | my_functions.py:251 | 🖱️ Click OK: sign_out.png at (380, 796) delay=1s
2026-05-08 20:18:47 | INFO | my_functions.py:1469 | [DEBUG] Clicking big sign_out...
2026-05-08 20:18:47 | INFO | my_functions.py:231 | [DEBUG] wait_for_image_and_click -> sign_out_grande.png timeout=20s delay_click=1s confidence=0.8
2026-05-08 20:18:47 | INFO | my_functions.py:172 | Searching sign_out_grande.png (timeout=20s)
2026-05-08 20:18:47 | INFO | my_functions.py:198 | 
✅ Found: sign_out_grande.png pos=(359, 437) time=0.2s confidence=0.8
2026-05-08 20:18:48 | INFO | my_functions.py:138 | Haciendo click en la posición (359, 437)
2026-05-08 20:18:48 | INFO | my_functions.py:251 | 🖱️ Click OK: sign_out_grande.png at (359, 437) delay=1s
2026-05-08 20:18:48 | INFO | my_functions.py:1472 | [DEBUG] Clicking sign_out2...
2026-05-08 20:18:48 | INFO | my_functions.py:231 | [DEBUG] wait_for_image_and_click -> sign_out2.png timeout=20s delay_click=1s confidence=0.8
2026-05-08 20:18:48 | INFO | my_functions.py:172 | Searching sign_out2.png (timeout=20s)
2026-05-08 20:18:48 | INFO | my_functions.py:198 | 
✅ Found: sign_out2.png pos=(383, 634) time=0.2s confidence=0.8
2026-05-08 20:18:49 | INFO | my_functions.py:138 | Haciendo click en la posición (383, 634)
2026-05-08 20:18:50 | INFO | my_functions.py:251 | 🖱️ Click OK: sign_out2.png at (383, 634) delay=1s
2026-05-08 20:18:50 | INFO | my_functions.py:1475 | [DEBUG] Resizing SNAP window...
2026-05-08 20:18:50 | INFO | my_functions.py:1668 | ⏱ Esperando 0.1 segundos antes de empezar...
2026-05-08 20:18:50 | INFO | my_functions.py:1675 | 🔍 Esperando ventana que contenga alguna de: SNAP (máx 20s)
2026-05-08 20:18:50 | INFO | my_functions.py:1687 | ✅ Ventana encontrada: 'SNAP'
2026-05-08 20:18:50 | INFO | my_functions.py:1702 | ✅ Ventana seleccionada: 'SNAP'
2026-05-08 20:18:52 | INFO | my_functions.py:1725 | 🔁 Reajuste #1...
2026-05-08 20:18:54 | INFO | my_functions.py:1732 | ✔ Verificación completa. Se hicieron 1 reajustes.
2026-05-08 20:18:55 | INFO | my_functions.py:1484 | snap.exe closed
2026-05-08 20:18:58 | INFO | my_functions.py:1487 | [DEBUG] Logout completed successfully.
2026-05-08 20:18:58 | INFO | each_eight_hours.py:146 | Processing account: bender_vm
2026-05-08 20:18:58 | INFO | each_eight_hours.py:149 | Game relaunched for account
2026-05-08 20:18:58 | INFO | my_functions.py:1668 | ⏱ Esperando 0.1 segundos antes de empezar...
2026-05-08 20:18:59 | INFO | my_functions.py:1675 | 🔍 Esperando ventana que contenga alguna de: ['SNAP'] (máx 20s)
2026-05-08 20:19:01 | INFO | my_functions.py:1687 | ✅ Ventana encontrada: 'SNAP'
2026-05-08 20:19:01 | INFO | my_functions.py:1702 | ✅ Ventana seleccionada: 'SNAP'
2026-05-08 20:19:03 | INFO | my_functions.py:1734 | ✔ Verificación completa. No hubo cambios después del primer ajuste.
2026-05-08 20:19:03 | INFO | each_eight_hours.py:156 | Game window resized
2026-05-08 20:19:03 | INFO | my_functions.py:1207 | [DEBUG] Resizing SNAP window...
2026-05-08 20:19:03 | INFO | my_functions.py:1668 | ⏱ Esperando 0.1 segundos antes de empezar...
2026-05-08 20:19:03 | INFO | my_functions.py:1675 | 🔍 Esperando ventana que contenga alguna de: ['SNAP'] (máx 20s)
2026-05-08 20:19:03 | INFO | my_functions.py:1687 | ✅ Ventana encontrada: 'SNAP'
2026-05-08 20:19:03 | INFO | my_functions.py:1702 | ✅ Ventana seleccionada: 'SNAP'
2026-05-08 20:19:06 | INFO | my_functions.py:1734 | ✔ Verificación completa. No hubo cambios después del primer ajuste.
2026-05-08 20:19:06 | INFO | my_functions.py:231 | [DEBUG] wait_for_image_and_click -> submit.PNG timeout=90s delay_click=0.2s confidence=0.8
2026-05-08 20:19:06 | INFO | my_functions.py:172 | Searching submit.PNG (timeout=90s)
2026-05-08 20:19:10 | INFO | my_functions.py:198 | 
✅ Found: submit.PNG pos=(385, 784) time=3.46s confidence=0.8
2026-05-08 20:19:10 | INFO | my_functions.py:138 | Haciendo click en la posición (385, 784)
2026-05-08 20:19:10 | INFO | my_functions.py:251 | 🖱️ Click OK: submit.PNG at (385, 784) delay=0.2s
2026-05-08 20:19:10 | INFO | my_functions.py:1668 | ⏱ Esperando 0.1 segundos antes de empezar...
2026-05-08 20:19:10 | INFO | my_functions.py:1675 | 🔍 Esperando ventana que contenga alguna de: ['SNAP'] (máx 20s)
2026-05-08 20:19:10 | INFO | my_functions.py:1687 | ✅ Ventana encontrada: 'SNAP'
2026-05-08 20:19:10 | INFO | my_functions.py:1702 | ✅ Ventana seleccionada: 'SNAP'
2026-05-08 20:19:12 | INFO | my_functions.py:1725 | 🔁 Reajuste #1...
2026-05-08 20:19:13 | INFO | my_functions.py:1732 | ✔ Verificación completa. Se hicieron 1 reajustes.
2026-05-08 20:19:13 | INFO | my_functions.py:172 | Searching please_sign.png (timeout=0s)
2026-05-08 20:19:13 | INFO | my_functions.py:198 | 
✅ Found: please_sign.png pos=(383, 438) time=0.2s confidence=0.8
2026-05-08 20:19:13 | INFO | my_functions.py:231 | [DEBUG] wait_for_image_and_click -> ok_btn.png timeout=20s delay_click=1s confidence=0.8
2026-05-08 20:19:13 | INFO | my_functions.py:172 | Searching ok_btn.png (timeout=20s)
2026-05-08 20:19:14 | INFO | my_functions.py:198 | 
✅ Found: ok_btn.png pos=(382, 634) time=0.19s confidence=0.8
2026-05-08 20:19:15 | INFO | my_functions.py:138 | Haciendo click en la posición (382, 634)
2026-05-08 20:19:15 | INFO | my_functions.py:251 | 🖱️ Click OK: ok_btn.png at (382, 634) delay=1s
2026-05-08 20:19:15 | INFO | my_functions.py:231 | [DEBUG] wait_for_image_and_click -> submit.PNG timeout=90s delay_click=0.2s confidence=0.8
2026-05-08 20:19:15 | INFO | my_functions.py:172 | Searching submit.PNG (timeout=90s)
2026-05-08 20:19:16 | INFO | my_functions.py:198 | 
✅ Found: submit.PNG pos=(385, 779) time=1.55s confidence=0.8
2026-05-08 20:19:17 | INFO | my_functions.py:138 | Haciendo click en la posición (385, 779)
2026-05-08 20:19:17 | INFO | my_functions.py:251 | 🖱️ Click OK: submit.PNG at (385, 779) delay=0.2s
2026-05-08 20:19:17 | INFO | my_functions.py:172 | Searching sign_in_with_google2.PNG (timeout=90s)
2026-05-08 20:19:18 | INFO | my_functions.py:198 | 
✅ Found: sign_in_with_google2.PNG pos=(406, 957) time=1.1s confidence=0.8
2026-05-08 20:19:18 | INFO | my_functions.py:231 | [DEBUG] wait_for_image_and_click -> sign_in_with_google2.PNG timeout=20s delay_click=1s confidence=0.8
2026-05-08 20:19:18 | INFO | my_functions.py:172 | Searching sign_in_with_google2.PNG (timeout=20s)
2026-05-08 20:19:18 | INFO | my_functions.py:198 | 
✅ Found: sign_in_with_google2.PNG pos=(406, 957) time=0.2s confidence=0.8
2026-05-08 20:19:19 | INFO | my_functions.py:138 | Haciendo click en la posición (406, 957)
2026-05-08 20:19:19 | INFO | my_functions.py:251 | 🖱️ Click OK: sign_in_with_google2.PNG at (406, 957) delay=1s
2026-05-08 20:19:19 | INFO | my_functions.py:231 | [DEBUG] wait_for_image_and_click -> bender_vm.png timeout=30s delay_click=3s confidence=0.8
2026-05-08 20:19:19 | INFO | my_functions.py:172 | Searching bender_vm.png (timeout=30s)
2026-05-08 20:19:25 | INFO | my_functions.py:198 | 
✅ Found: bender_vm.png pos=(1125, 358) time=5.33s confidence=0.8
2026-05-08 20:19:28 | INFO | my_functions.py:138 | Haciendo click en la posición (1125, 358)
2026-05-08 20:19:28 | INFO | my_functions.py:251 | 🖱️ Click OK: bender_vm.png at (1125, 358) delay=3s
2026-05-08 20:19:30 | INFO | my_functions.py:231 | [DEBUG] wait_for_image_and_click -> python_icon.PNG timeout=5s delay_click=1s confidence=0.8
2026-05-08 20:19:30 | INFO | my_functions.py:172 | Searching python_icon.PNG (timeout=5s)
2026-05-08 20:19:30 | INFO | my_functions.py:198 | 
✅ Found: python_icon.PNG pos=(709, 1054) time=0.34s confidence=0.8
2026-05-08 20:19:31 | INFO | my_functions.py:138 | Haciendo click en la posición (709, 1054)
2026-05-08 20:19:31 | INFO | my_functions.py:251 | 🖱️ Click OK: python_icon.PNG at (709, 1054) delay=1s
2026-05-08 20:19:31 | INFO | my_functions.py:231 | [DEBUG] wait_for_image_and_click -> snap_icon_task_bar.PNG timeout=20s delay_click=1s confidence=0.8
2026-05-08 20:19:31 | INFO | my_functions.py:172 | Searching snap_icon_task_bar.PNG (timeout=20s)
2026-05-08 20:19:32 | INFO | my_functions.py:198 | 
✅ Found: snap_icon_task_bar.PNG pos=(524, 1052) time=0.41s confidence=0.8
2026-05-08 20:19:33 | INFO | my_functions.py:138 | Haciendo click en la posición (524, 1052)
2026-05-08 20:19:33 | INFO | my_functions.py:251 | 🖱️ Click OK: snap_icon_task_bar.PNG at (524, 1052) delay=1s
2026-05-08 20:19:33 | INFO | my_functions.py:172 | Searching play.PNG (timeout=30s)
2026-05-08 20:19:43 | INFO | my_functions.py:198 | 
✅ Found: play.PNG pos=(384, 824) time=9.47s confidence=0.8
2026-05-08 20:19:43 | INFO | my_functions.py:1265 | [DEBUG] Login completado correctamente.
2026-05-08 20:19:43 | INFO | each_eight_hours.py:160 | Login executed
2026-05-08 20:19:43 | INFO | my_functions.py:172 | Searching shop_unselected.PNG (timeout=0s)
2026-05-08 20:19:43 | INFO | my_functions.py:198 | 
✅ Found: shop_unselected.PNG pos=(88, 961) time=0.23s confidence=0.8
2026-05-08 20:19:51 | INFO | my_functions.py:172 | Searching shop_unselected.PNG (timeout=0s)
2026-05-08 20:19:51 | INFO | my_functions.py:209 | 
⛔ Not found: shop_unselected.PNG after 0.0s region=(0, 0, 765, 1038) confidence=0.8
2026-05-08 20:19:52 | INFO | my_functions.py:172 | Searching shop_unselected.PNG (timeout=0s)
2026-05-08 20:19:52 | INFO | my_functions.py:209 | 
⛔ Not found: shop_unselected.PNG after 0.0s region=(0, 0, 765, 1038) confidence=0.8
2026-05-08 20:19:52 | INFO | my_functions.py:231 | [DEBUG] wait_for_image_and_click -> super_premium.PNG timeout=0s delay_click=1s confidence=0.8
2026-05-08 20:19:52 | INFO | my_functions.py:172 | Searching super_premium.PNG (timeout=0s)
2026-05-08 20:19:52 | INFO | my_functions.py:209 | 
⛔ Not found: super_premium.PNG after 0.0s region=(0, 0, 765, 1038) confidence=0.8
2026-05-08 20:19:52 | INFO | my_functions.py:258 | [DEBUG] Click skipped, image not found: super_premium.PNG
2026-05-08 20:19:52 | INFO | my_functions.py:231 | [DEBUG] wait_for_image_and_click -> maybe_later.PNG timeout=0s delay_click=1s confidence=0.8
2026-05-08 20:19:52 | INFO | my_functions.py:172 | Searching maybe_later.PNG (timeout=0s)
2026-05-08 20:19:53 | INFO | my_functions.py:209 | 
⛔ Not found: maybe_later.PNG after 0.0s region=(0, 0, 765, 1038) confidence=0.8
2026-05-08 20:19:53 | INFO | my_functions.py:258 | [DEBUG] Click skipped, image not found: maybe_later.PNG
2026-05-08 20:19:53 | INFO | my_functions.py:231 | [DEBUG] wait_for_image_and_click -> maybe_later2.PNG timeout=0s delay_click=1s confidence=0.8
2026-05-08 20:19:53 | INFO | my_functions.py:172 | Searching maybe_later2.PNG (timeout=0s)
2026-05-08 20:19:53 | INFO | my_functions.py:209 | 
⛔ Not found: maybe_later2.PNG after 0.0s region=(0, 0, 765, 1038) confidence=0.8
2026-05-08 20:19:53 | INFO | my_functions.py:258 | [DEBUG] Click skipped, image not found: maybe_later2.PNG
2026-05-08 20:19:53 | INFO | my_functions.py:172 | Searching go_to_shop.PNG (timeout=0s)
2026-05-08 20:19:53 | INFO | my_functions.py:209 | 
⛔ Not found: go_to_shop.PNG after 0.0s region=(0, 0, 765, 1038) confidence=0.8
2026-05-08 20:19:53 | INFO | my_functions.py:231 | [DEBUG] wait_for_image_and_click -> 14_days_of_winterverse.PNG timeout=0s delay_click=1s confidence=0.8
2026-05-08 20:19:53 | INFO | my_functions.py:172 | Searching 14_days_of_winterverse.PNG (timeout=0s)
2026-05-08 20:19:53 | INFO | my_functions.py:209 | 
⛔ Not found: 14_days_of_winterverse.PNG after 0.0s region=(0, 0, 765, 1038) confidence=0.8
2026-05-08 20:19:53 | INFO | my_functions.py:258 | [DEBUG] Click skipped, image not found: 14_days_of_winterverse.PNG
2026-05-08 20:19:53 | INFO | my_functions.py:172 | Searching welcome_back_calendar.PNG (timeout=0s)
2026-05-08 20:19:53 | INFO | my_functions.py:209 | 
⛔ Not found: welcome_back_calendar.PNG after 0.0s region=(0, 0, 765, 1038) confidence=0.8
2026-05-08 20:19:53 | INFO | my_functions.py:231 | [DEBUG] wait_for_image_and_click -> start_the_countdown.PNG timeout=0s delay_click=1s confidence=0.8
2026-05-08 20:19:53 | INFO | my_functions.py:172 | Searching start_the_countdown.PNG (timeout=0s)
2026-05-08 20:19:54 | INFO | my_functions.py:209 | 
⛔ Not found: start_the_countdown.PNG after 0.0s region=(0, 0, 765, 1038) confidence=0.8
2026-05-08 20:19:54 | INFO | my_functions.py:258 | [DEBUG] Click skipped, image not found: start_the_countdown.PNG
2026-05-08 20:19:54 | INFO | my_functions.py:231 | [DEBUG] wait_for_image_and_click -> event_has_ended_sanctum.PNG timeout=0s delay_click=1s confidence=0.8
2026-05-08 20:19:54 | INFO | my_functions.py:172 | Searching event_has_ended_sanctum.PNG (timeout=0s)
2026-05-08 20:19:54 | INFO | my_functions.py:209 | 
⛔ Not found: event_has_ended_sanctum.PNG after 0.01s region=(0, 0, 765, 1038) confidence=0.8
2026-05-08 20:19:54 | INFO | my_functions.py:258 | [DEBUG] Click skipped, image not found: event_has_ended_sanctum.PNG
2026-05-08 20:19:54 | INFO | my_functions.py:231 | [DEBUG] wait_for_image_and_click -> image_part_of_event_grand_arena_finished.PNG timeout=0s delay_click=1s confidence=0.8
2026-05-08 20:19:54 | INFO | my_functions.py:172 | Searching image_part_of_event_grand_arena_finished.PNG (timeout=0s)
2026-05-08 20:19:54 | INFO | my_functions.py:209 | 
⛔ Not found: image_part_of_event_grand_arena_finished.PNG after 0.0s region=(0, 0, 765, 1038) confidence=0.8
2026-05-08 20:19:54 | INFO | my_functions.py:258 | [DEBUG] Click skipped, image not found: image_part_of_event_grand_arena_finished.PNG
2026-05-08 20:19:54 | INFO | my_functions.py:172 | Searching 28_day_event_login_rewards.PNG (timeout=0s)
2026-05-08 20:19:54 | INFO | my_functions.py:198 | 
✅ Found: 28_day_event_login_rewards.PNG pos=(382, 131) time=0.19s confidence=0.8
2026-05-08 20:19:54 | INFO | my_functions.py:146 | Presionando ESC (1/1)
2026-05-08 20:19:55 | INFO | my_functions.py:172 | Searching claim!.PNG (timeout=5s)
2026-05-08 20:19:55 | INFO | my_functions.py:198 | 
✅ Found: claim!.PNG pos=(381, 924) time=0.41s confidence=0.8
2026-05-08 20:19:58 | INFO | my_functions.py:138 | Haciendo click en la posición (381, 924)
2026-05-08 20:20:00 | INFO | my_functions.py:231 | [DEBUG] wait_for_image_and_click -> nice!.PNG timeout=0s delay_click=1s confidence=0.8
2026-05-08 20:20:00 | INFO | my_functions.py:172 | Searching nice!.PNG (timeout=0s)
2026-05-08 20:20:00 | INFO | my_functions.py:209 | 
⛔ Not found: nice!.PNG after 0.0s region=(0, 0, 765, 1038) confidence=0.8
2026-05-08 20:20:00 | INFO | my_functions.py:258 | [DEBUG] Click skipped, image not found: nice!.PNG
2026-05-08 20:20:00 | INFO | my_functions.py:231 | [DEBUG] wait_for_image_and_click -> claim!.PNG timeout=0s delay_click=1s confidence=0.8
2026-05-08 20:20:00 | INFO | my_functions.py:172 | Searching claim!.PNG (timeout=0s)
2026-05-08 20:20:00 | INFO | my_functions.py:209 | 
⛔ Not found: claim!.PNG after 0.04s region=(0, 0, 765, 1038) confidence=0.8
2026-05-08 20:20:00 | INFO | my_functions.py:258 | [DEBUG] Click skipped, image not found: claim!.PNG
2026-05-08 20:20:00 | INFO | my_functions.py:231 | [DEBUG] wait_for_image_and_click -> claim_hover.PNG timeout=0s delay_click=1s confidence=0.8
2026-05-08 20:20:00 | INFO | my_functions.py:172 | Searching claim_hover.PNG (timeout=0s)
2026-05-08 20:20:00 | INFO | my_functions.py:209 | 
⛔ Not found: claim_hover.PNG after 0.0s region=(0, 0, 765, 1038) confidence=0.8
2026-05-08 20:20:00 | INFO | my_functions.py:258 | [DEBUG] Click skipped, image not found: claim_hover.PNG
2026-05-08 20:20:00 | INFO | my_functions.py:231 | [DEBUG] wait_for_image_and_click -> nice_hover_half.PNG timeout=0s delay_click=1s confidence=0.8
2026-05-08 20:20:00 | INFO | my_functions.py:172 | Searching nice_hover_half.PNG (timeout=0s)
2026-05-08 20:20:00 | INFO | my_functions.py:209 | 
⛔ Not found: nice_hover_half.PNG after 0.0s region=(0, 0, 765, 1038) confidence=0.8
2026-05-08 20:20:00 | INFO | my_functions.py:258 | [DEBUG] Click skipped, image not found: nice_hover_half.PNG
2026-05-08 20:20:00 | INFO | my_functions.py:231 | [DEBUG] wait_for_image_and_click -> claim_After_receive_new_deck.PNG timeout=0s delay_click=1s confidence=0.8
2026-05-08 20:20:00 | INFO | my_functions.py:172 | Searching claim_After_receive_new_deck.PNG (timeout=0s)
2026-05-08 20:20:01 | INFO | my_functions.py:209 | 
⛔ Not found: claim_After_receive_new_deck.PNG after 0.0s region=(0, 0, 765, 1038) confidence=0.8
2026-05-08 20:20:01 | INFO | my_functions.py:258 | [DEBUG] Click skipped, image not found: claim_After_receive_new_deck.PNG
2026-05-08 20:20:01 | INFO | my_functions.py:231 | [DEBUG] wait_for_image_and_click -> nice!.PNG timeout=0s delay_click=1s confidence=0.8
2026-05-08 20:20:01 | INFO | my_functions.py:172 | Searching nice!.PNG (timeout=0s)
2026-05-08 20:20:01 | INFO | my_functions.py:209 | 
⛔ Not found: nice!.PNG after 0.0s region=(0, 0, 765, 1038) confidence=0.8
2026-05-08 20:20:01 | INFO | my_functions.py:258 | [DEBUG] Click skipped, image not found: nice!.PNG
2026-05-08 20:20:01 | INFO | my_functions.py:231 | [DEBUG] wait_for_image_and_click -> claim!.PNG timeout=0s delay_click=1s confidence=0.8
2026-05-08 20:20:01 | INFO | my_functions.py:172 | Searching claim!.PNG (timeout=0s)
2026-05-08 20:20:01 | INFO | my_functions.py:209 | 
⛔ Not found: claim!.PNG after 0.0s region=(0, 0, 765, 1038) confidence=0.8
2026-05-08 20:20:01 | INFO | my_functions.py:258 | [DEBUG] Click skipped, image not found: claim!.PNG
2026-05-08 20:20:01 | INFO | my_functions.py:231 | [DEBUG] wait_for_image_and_click -> claim_hover.PNG timeout=0s delay_click=1s confidence=0.8
2026-05-08 20:20:01 | INFO | my_functions.py:172 | Searching claim_hover.PNG (timeout=0s)
2026-05-08 20:20:01 | INFO | my_functions.py:209 | 
⛔ Not found: claim_hover.PNG after 0.0s region=(0, 0, 765, 1038) confidence=0.8
2026-05-08 20:20:01 | INFO | my_functions.py:258 | [DEBUG] Click skipped, image not found: claim_hover.PNG
2026-05-08 20:20:01 | INFO | my_functions.py:231 | [DEBUG] wait_for_image_and_click -> nice_hover_half.PNG timeout=0s delay_click=1s confidence=0.8
2026-05-08 20:20:01 | INFO | my_functions.py:172 | Searching nice_hover_half.PNG (timeout=0s)
2026-05-08 20:20:01 | INFO | my_functions.py:209 | 
⛔ Not found: nice_hover_half.PNG after 0.0s region=(0, 0, 765, 1038) confidence=0.8
2026-05-08 20:20:01 | INFO | my_functions.py:258 | [DEBUG] Click skipped, image not found: nice_hover_half.PNG
2026-05-08 20:20:01 | INFO | my_functions.py:231 | [DEBUG] wait_for_image_and_click -> claim_After_receive_new_deck.PNG timeout=0s delay_click=1s confidence=0.8
2026-05-08 20:20:01 | INFO | my_functions.py:172 | Searching claim_After_receive_new_deck.PNG (timeout=0s)
2026-05-08 20:20:02 | INFO | my_functions.py:209 | 
⛔ Not found: claim_After_receive_new_deck.PNG after 0.0s region=(0, 0, 765, 1038) confidence=0.8
2026-05-08 20:20:02 | INFO | my_functions.py:258 | [DEBUG] Click skipped, image not found: claim_After_receive_new_deck.PNG
2026-05-08 20:20:02 | INFO | my_functions.py:231 | [DEBUG] wait_for_image_and_click -> nice!.PNG timeout=0s delay_click=1s confidence=0.8
2026-05-08 20:20:02 | INFO | my_functions.py:172 | Searching nice!.PNG (timeout=0s)
2026-05-08 20:20:02 | INFO | my_functions.py:209 | 
⛔ Not found: nice!.PNG after 0.0s region=(0, 0, 765, 1038) confidence=0.8
2026-05-08 20:20:02 | INFO | my_functions.py:258 | [DEBUG] Click skipped, image not found: nice!.PNG
2026-05-08 20:20:02 | INFO | my_functions.py:231 | [DEBUG] wait_for_image_and_click -> claim!.PNG timeout=0s delay_click=1s confidence=0.8
2026-05-08 20:20:02 | INFO | my_functions.py:172 | Searching claim!.PNG (timeout=0s)
2026-05-08 20:20:02 | INFO | my_functions.py:209 | 
⛔ Not found: claim!.PNG after 0.0s region=(0, 0, 765, 1038) confidence=0.8
2026-05-08 20:20:02 | INFO | my_functions.py:258 | [DEBUG] Click skipped, image not found: claim!.PNG
2026-05-08 20:20:02 | INFO | my_functions.py:231 | [DEBUG] wait_for_image_and_click -> claim_hover.PNG timeout=0s delay_click=1s confidence=0.8
2026-05-08 20:20:02 | INFO | my_functions.py:172 | Searching claim_hover.PNG (timeout=0s)
2026-05-08 20:20:02 | INFO | my_functions.py:209 | 
⛔ Not found: claim_hover.PNG after 0.0s region=(0, 0, 765, 1038) confidence=0.8
2026-05-08 20:20:02 | INFO | my_functions.py:258 | [DEBUG] Click skipped, image not found: claim_hover.PNG
2026-05-08 20:20:02 | INFO | my_functions.py:231 | [DEBUG] wait_for_image_and_click -> nice_hover_half.PNG timeout=0s delay_click=1s confidence=0.8
2026-05-08 20:20:02 | INFO | my_functions.py:172 | Searching nice_hover_half.PNG (timeout=0s)
2026-05-08 20:20:03 | INFO | my_functions.py:209 | 
⛔ Not found: nice_hover_half.PNG after 0.0s region=(0, 0, 765, 1038) confidence=0.8
2026-05-08 20:20:03 | INFO | my_functions.py:258 | [DEBUG] Click skipped, image not found: nice_hover_half.PNG
2026-05-08 20:20:03 | INFO | my_functions.py:231 | [DEBUG] wait_for_image_and_click -> claim_After_receive_new_deck.PNG timeout=0s delay_click=1s confidence=0.8
2026-05-08 20:20:03 | INFO | my_functions.py:172 | Searching claim_After_receive_new_deck.PNG (timeout=0s)
2026-05-08 20:20:03 | INFO | my_functions.py:209 | 
⛔ Not found: claim_After_receive_new_deck.PNG after 0.0s region=(0, 0, 765, 1038) confidence=0.8
2026-05-08 20:20:03 | INFO | my_functions.py:258 | [DEBUG] Click skipped, image not found: claim_After_receive_new_deck.PNG
2026-05-08 20:20:03 | INFO | my_functions.py:231 | [DEBUG] wait_for_image_and_click -> nice!.PNG timeout=0s delay_click=1s confidence=0.8
2026-05-08 20:20:03 | INFO | my_functions.py:172 | Searching nice!.PNG (timeout=0s)
2026-05-08 20:20:03 | INFO | my_functions.py:209 | 
⛔ Not found: nice!.PNG after 0.0s region=(0, 0, 765, 1038) confidence=0.8
2026-05-08 20:20:03 | INFO | my_functions.py:258 | [DEBUG] Click skipped, image not found: nice!.PNG
2026-05-08 20:20:03 | INFO | my_functions.py:231 | [DEBUG] wait_for_image_and_click -> claim!.PNG timeout=0s delay_click=1s confidence=0.8
2026-05-08 20:20:03 | INFO | my_functions.py:172 | Searching claim!.PNG (timeout=0s)
2026-05-08 20:20:03 | INFO | my_functions.py:209 | 
⛔ Not found: claim!.PNG after 0.0s region=(0, 0, 765, 1038) confidence=0.8
2026-05-08 20:20:03 | INFO | my_functions.py:258 | [DEBUG] Click skipped, image not found: claim!.PNG
2026-05-08 20:20:03 | INFO | my_functions.py:231 | [DEBUG] wait_for_image_and_click -> claim_hover.PNG timeout=0s delay_click=1s confidence=0.8
2026-05-08 20:20:03 | INFO | my_functions.py:172 | Searching claim_hover.PNG (timeout=0s)
2026-05-08 20:20:03 | INFO | my_functions.py:209 | 
⛔ Not found: claim_hover.PNG after 0.0s region=(0, 0, 765, 1038) confidence=0.8
2026-05-08 20:20:03 | INFO | my_functions.py:258 | [DEBUG] Click skipped, image not found: claim_hover.PNG
2026-05-08 20:20:03 | INFO | my_functions.py:231 | [DEBUG] wait_for_image_and_click -> nice_hover_half.PNG timeout=0s delay_click=1s confidence=0.8
2026-05-08 20:20:03 | INFO | my_functions.py:172 | Searching nice_hover_half.PNG (timeout=0s)
2026-05-08 20:20:04 | INFO | my_functions.py:209 | 
⛔ Not found: nice_hover_half.PNG after 0.0s region=(0, 0, 765, 1038) confidence=0.8
2026-05-08 20:20:04 | INFO | my_functions.py:258 | [DEBUG] Click skipped, image not found: nice_hover_half.PNG
2026-05-08 20:20:04 | INFO | my_functions.py:231 | [DEBUG] wait_for_image_and_click -> claim_After_receive_new_deck.PNG timeout=0s delay_click=1s confidence=0.8
2026-05-08 20:20:04 | INFO | my_functions.py:172 | Searching claim_After_receive_new_deck.PNG (timeout=0s)
2026-05-08 20:20:04 | INFO | my_functions.py:209 | 
⛔ Not found: claim_After_receive_new_deck.PNG after 0.01s region=(0, 0, 765, 1038) confidence=0.8
2026-05-08 20:20:04 | INFO | my_functions.py:258 | [DEBUG] Click skipped, image not found: claim_After_receive_new_deck.PNG
2026-05-08 20:20:04 | INFO | my_functions.py:231 | [DEBUG] wait_for_image_and_click -> nice!.PNG timeout=0s delay_click=1s confidence=0.8
2026-05-08 20:20:04 | INFO | my_functions.py:172 | Searching nice!.PNG (timeout=0s)
2026-05-08 20:20:04 | INFO | my_functions.py:209 | 
⛔ Not found: nice!.PNG after 0.0s region=(0, 0, 765, 1038) confidence=0.8
2026-05-08 20:20:04 | INFO | my_functions.py:258 | [DEBUG] Click skipped, image not found: nice!.PNG
2026-05-08 20:20:04 | INFO | my_functions.py:231 | [DEBUG] wait_for_image_and_click -> claim!.PNG timeout=0s delay_click=1s confidence=0.8
2026-05-08 20:20:04 | INFO | my_functions.py:172 | Searching claim!.PNG (timeout=0s)
2026-05-08 20:20:04 | INFO | my_functions.py:209 | 
⛔ Not found: claim!.PNG after 0.0s region=(0, 0, 765, 1038) confidence=0.8
2026-05-08 20:20:04 | INFO | my_functions.py:258 | [DEBUG] Click skipped, image not found: claim!.PNG
2026-05-08 20:20:04 | INFO | my_functions.py:231 | [DEBUG] wait_for_image_and_click -> claim_hover.PNG timeout=0s delay_click=1s confidence=0.8
2026-05-08 20:20:04 | INFO | my_functions.py:172 | Searching claim_hover.PNG (timeout=0s)
2026-05-08 20:20:05 | INFO | my_functions.py:209 | 
⛔ Not found: claim_hover.PNG after 0.0s region=(0, 0, 765, 1038) confidence=0.8
2026-05-08 20:20:05 | INFO | my_functions.py:258 | [DEBUG] Click skipped, image not found: claim_hover.PNG
2026-05-08 20:20:05 | INFO | my_functions.py:231 | [DEBUG] wait_for_image_and_click -> nice_hover_half.PNG timeout=0s delay_click=1s confidence=0.8
2026-05-08 20:20:05 | INFO | my_functions.py:172 | Searching nice_hover_half.PNG (timeout=0s)
2026-05-08 20:20:05 | INFO | my_functions.py:209 | 
⛔ Not found: nice_hover_half.PNG after 0.0s region=(0, 0, 765, 1038) confidence=0.8
2026-05-08 20:20:05 | INFO | my_functions.py:258 | [DEBUG] Click skipped, image not found: nice_hover_half.PNG
2026-05-08 20:20:05 | INFO | my_functions.py:231 | [DEBUG] wait_for_image_and_click -> claim_After_receive_new_deck.PNG timeout=0s delay_click=1s confidence=0.8
2026-05-08 20:20:05 | INFO | my_functions.py:172 | Searching claim_After_receive_new_deck.PNG (timeout=0s)
2026-05-08 20:20:05 | INFO | my_functions.py:209 | 
⛔ Not found: claim_After_receive_new_deck.PNG after 0.0s region=(0, 0, 765, 1038) confidence=0.8
2026-05-08 20:20:05 | INFO | my_functions.py:258 | [DEBUG] Click skipped, image not found: claim_After_receive_new_deck.PNG
2026-05-08 20:20:05 | INFO | my_functions.py:231 | [DEBUG] wait_for_image_and_click -> nice!.PNG timeout=0s delay_click=1s confidence=0.8
2026-05-08 20:20:05 | INFO | my_functions.py:172 | Searching nice!.PNG (timeout=0s)
2026-05-08 20:20:05 | INFO | my_functions.py:209 | 
⛔ Not found: nice!.PNG after 0.0s region=(0, 0, 765, 1038) confidence=0.8
2026-05-08 20:20:05 | INFO | my_functions.py:258 | [DEBUG] Click skipped, image not found: nice!.PNG
2026-05-08 20:20:05 | INFO | my_functions.py:231 | [DEBUG] wait_for_image_and_click -> claim!.PNG timeout=0s delay_click=1s confidence=0.8
2026-05-08 20:20:05 | INFO | my_functions.py:172 | Searching claim!.PNG (timeout=0s)
2026-05-08 20:20:05 | INFO | my_functions.py:209 | 
⛔ Not found: claim!.PNG after 0.0s region=(0, 0, 765, 1038) confidence=0.8
2026-05-08 20:20:05 | INFO | my_functions.py:258 | [DEBUG] Click skipped, image not found: claim!.PNG
2026-05-08 20:20:05 | INFO | my_functions.py:231 | [DEBUG] wait_for_image_and_click -> claim_hover.PNG timeout=0s delay_click=1s confidence=0.8
2026-05-08 20:20:05 | INFO | my_functions.py:172 | Searching claim_hover.PNG (timeout=0s)
2026-05-08 20:20:06 | INFO | my_functions.py:209 | 
⛔ Not found: claim_hover.PNG after 0.0s region=(0, 0, 765, 1038) confidence=0.8
2026-05-08 20:20:06 | INFO | my_functions.py:258 | [DEBUG] Click skipped, image not found: claim_hover.PNG
2026-05-08 20:20:06 | INFO | my_functions.py:231 | [DEBUG] wait_for_image_and_click -> nice_hover_half.PNG timeout=0s delay_click=1s confidence=0.8
2026-05-08 20:20:06 | INFO | my_functions.py:172 | Searching nice_hover_half.PNG (timeout=0s)
2026-05-08 20:20:06 | INFO | my_functions.py:209 | 
⛔ Not found: nice_hover_half.PNG after 0.0s region=(0, 0, 765, 1038) confidence=0.8
2026-05-08 20:20:06 | INFO | my_functions.py:258 | [DEBUG] Click skipped, image not found: nice_hover_half.PNG
2026-05-08 20:20:06 | INFO | my_functions.py:231 | [DEBUG] wait_for_image_and_click -> claim_After_receive_new_deck.PNG timeout=0s delay_click=1s confidence=0.8
2026-05-08 20:20:06 | INFO | my_functions.py:172 | Searching claim_After_receive_new_deck.PNG (timeout=0s)
2026-05-08 20:20:06 | INFO | my_functions.py:209 | 
⛔ Not found: claim_After_receive_new_deck.PNG after 0.0s region=(0, 0, 765, 1038) confidence=0.8
2026-05-08 20:20:06 | INFO | my_functions.py:258 | [DEBUG] Click skipped, image not found: claim_After_receive_new_deck.PNG
2026-05-08 20:20:06 | INFO | my_functions.py:231 | [DEBUG] wait_for_image_and_click -> nice!.PNG timeout=0s delay_click=1s confidence=0.8
2026-05-08 20:20:06 | INFO | my_functions.py:172 | Searching nice!.PNG (timeout=0s)
2026-05-08 20:20:06 | INFO | my_functions.py:209 | 
⛔ Not found: nice!.PNG after 0.0s region=(0, 0, 765, 1038) confidence=0.8
2026-05-08 20:20:06 | INFO | my_functions.py:258 | [DEBUG] Click skipped, image not found: nice!.PNG
2026-05-08 20:20:06 | INFO | my_functions.py:231 | [DEBUG] wait_for_image_and_click -> claim!.PNG timeout=0s delay_click=1s confidence=0.8
2026-05-08 20:20:06 | INFO | my_functions.py:172 | Searching claim!.PNG (timeout=0s)
2026-05-08 20:20:06 | INFO | my_functions.py:209 | 
⛔ Not found: claim!.PNG after 0.0s region=(0, 0, 765, 1038) confidence=0.8
2026-05-08 20:20:06 | INFO | my_functions.py:258 | [DEBUG] Click skipped, image not found: claim!.PNG
2026-05-08 20:20:06 | INFO | my_functions.py:231 | [DEBUG] wait_for_image_and_click -> claim_hover.PNG timeout=0s delay_click=1s confidence=0.8
2026-05-08 20:20:06 | INFO | my_functions.py:172 | Searching claim_hover.PNG (timeout=0s)
2026-05-08 20:20:07 | INFO | my_functions.py:209 | 
⛔ Not found: claim_hover.PNG after 0.0s region=(0, 0, 765, 1038) confidence=0.8
2026-05-08 20:20:07 | INFO | my_functions.py:258 | [DEBUG] Click skipped, image not found: claim_hover.PNG
2026-05-08 20:20:07 | INFO | my_functions.py:231 | [DEBUG] wait_for_image_and_click -> nice_hover_half.PNG timeout=0s delay_click=1s confidence=0.8
2026-05-08 20:20:07 | INFO | my_functions.py:172 | Searching nice_hover_half.PNG (timeout=0s)
2026-05-08 20:20:07 | INFO | my_functions.py:209 | 
⛔ Not found: nice_hover_half.PNG after 0.01s region=(0, 0, 765, 1038) confidence=0.8
2026-05-08 20:20:07 | INFO | my_functions.py:258 | [DEBUG] Click skipped, image not found: nice_hover_half.PNG
2026-05-08 20:20:07 | INFO | my_functions.py:231 | [DEBUG] wait_for_image_and_click -> claim_After_receive_new_deck.PNG timeout=0s delay_click=1s confidence=0.8
2026-05-08 20:20:07 | INFO | my_functions.py:172 | Searching claim_After_receive_new_deck.PNG (timeout=0s)
2026-05-08 20:20:07 | INFO | my_functions.py:209 | 
⛔ Not found: claim_After_receive_new_deck.PNG after 0.0s region=(0, 0, 765, 1038) confidence=0.8
2026-05-08 20:20:07 | INFO | my_functions.py:258 | [DEBUG] Click skipped, image not found: claim_After_receive_new_deck.PNG
2026-05-08 20:20:07 | INFO | my_functions.py:231 | [DEBUG] wait_for_image_and_click -> nice!.PNG timeout=0s delay_click=1s confidence=0.8
2026-05-08 20:20:07 | INFO | my_functions.py:172 | Searching nice!.PNG (timeout=0s)
2026-05-08 20:20:07 | INFO | my_functions.py:209 | 
⛔ Not found: nice!.PNG after 0.0s region=(0, 0, 765, 1038) confidence=0.8
2026-05-08 20:20:07 | INFO | my_functions.py:258 | [DEBUG] Click skipped, image not found: nice!.PNG
2026-05-08 20:20:07 | INFO | my_functions.py:231 | [DEBUG] wait_for_image_and_click -> claim!.PNG timeout=0s delay_click=1s confidence=0.8
2026-05-08 20:20:07 | INFO | my_functions.py:172 | Searching claim!.PNG (timeout=0s)
2026-05-08 20:20:07 | INFO | my_functions.py:209 | 
⛔ Not found: claim!.PNG after 0.0s region=(0, 0, 765, 1038) confidence=0.8
2026-05-08 20:20:07 | INFO | my_functions.py:258 | [DEBUG] Click skipped, image not found: claim!.PNG
2026-05-08 20:20:07 | INFO | my_functions.py:231 | [DEBUG] wait_for_image_and_click -> claim_hover.PNG timeout=0s delay_click=1s confidence=0.8
2026-05-08 20:20:08 | INFO | my_functions.py:172 | Searching claim_hover.PNG (timeout=0s)
2026-05-08 20:20:08 | INFO | my_functions.py:209 | 
⛔ Not found: claim_hover.PNG after 0.0s region=(0, 0, 765, 1038) confidence=0.8
2026-05-08 20:20:08 | INFO | my_functions.py:258 | [DEBUG] Click skipped, image not found: claim_hover.PNG
2026-05-08 20:20:08 | INFO | my_functions.py:231 | [DEBUG] wait_for_image_and_click -> nice_hover_half.PNG timeout=0s delay_click=1s confidence=0.8
2026-05-08 20:20:08 | INFO | my_functions.py:172 | Searching nice_hover_half.PNG (timeout=0s)
2026-05-08 20:20:08 | INFO | my_functions.py:209 | 
⛔ Not found: nice_hover_half.PNG after 0.0s region=(0, 0, 765, 1038) confidence=0.8
2026-05-08 20:20:08 | INFO | my_functions.py:258 | [DEBUG] Click skipped, image not found: nice_hover_half.PNG
2026-05-08 20:20:08 | INFO | my_functions.py:231 | [DEBUG] wait_for_image_and_click -> claim_After_receive_new_deck.PNG timeout=0s delay_click=1s confidence=0.8
2026-05-08 20:20:08 | INFO | my_functions.py:172 | Searching claim_After_receive_new_deck.PNG (timeout=0s)
2026-05-08 20:20:08 | INFO | my_functions.py:209 | 
⛔ Not found: claim_After_receive_new_deck.PNG after 0.0s region=(0, 0, 765, 1038) confidence=0.8
2026-05-08 20:20:08 | INFO | my_functions.py:258 | [DEBUG] Click skipped, image not found: claim_After_receive_new_deck.PNG
2026-05-08 20:20:08 | INFO | my_functions.py:231 | [DEBUG] wait_for_image_and_click -> nice!.PNG timeout=0s delay_click=1s confidence=0.8
2026-05-08 20:20:08 | INFO | my_functions.py:172 | Searching nice!.PNG (timeout=0s)
2026-05-08 20:20:08 | INFO | my_functions.py:209 | 
⛔ Not found: nice!.PNG after 0.0s region=(0, 0, 765, 1038) confidence=0.8
2026-05-08 20:20:08 | INFO | my_functions.py:258 | [DEBUG] Click skipped, image not found: nice!.PNG
2026-05-08 20:20:08 | INFO | my_functions.py:231 | [DEBUG] wait_for_image_and_click -> claim!.PNG timeout=0s delay_click=1s confidence=0.8
2026-05-08 20:20:08 | INFO | my_functions.py:172 | Searching claim!.PNG (timeout=0s)
2026-05-08 20:20:09 | INFO | my_functions.py:209 | 
⛔ Not found: claim!.PNG after 0.0s region=(0, 0, 765, 1038) confidence=0.8
2026-05-08 20:20:09 | INFO | my_functions.py:258 | [DEBUG] Click skipped, image not found: claim!.PNG
2026-05-08 20:20:09 | INFO | my_functions.py:231 | [DEBUG] wait_for_image_and_click -> claim_hover.PNG timeout=0s delay_click=1s confidence=0.8
2026-05-08 20:20:09 | INFO | my_functions.py:172 | Searching claim_hover.PNG (timeout=0s)
2026-05-08 20:20:09 | INFO | my_functions.py:209 | 
⛔ Not found: claim_hover.PNG after 0.0s region=(0, 0, 765, 1038) confidence=0.8
2026-05-08 20:20:09 | INFO | my_functions.py:258 | [DEBUG] Click skipped, image not found: claim_hover.PNG
2026-05-08 20:20:09 | INFO | my_functions.py:231 | [DEBUG] wait_for_image_and_click -> nice_hover_half.PNG timeout=0s delay_click=1s confidence=0.8
2026-05-08 20:20:09 | INFO | my_functions.py:172 | Searching nice_hover_half.PNG (timeout=0s)
2026-05-08 20:20:09 | INFO | my_functions.py:209 | 
⛔ Not found: nice_hover_half.PNG after 0.0s region=(0, 0, 765, 1038) confidence=0.8
2026-05-08 20:20:09 | INFO | my_functions.py:258 | [DEBUG] Click skipped, image not found: nice_hover_half.PNG
2026-05-08 20:20:09 | INFO | my_functions.py:231 | [DEBUG] wait_for_image_and_click -> claim_After_receive_new_deck.PNG timeout=0s delay_click=1s confidence=0.8
2026-05-08 20:20:09 | INFO | my_functions.py:172 | Searching claim_After_receive_new_deck.PNG (timeout=0s)
2026-05-08 20:20:09 | INFO | my_functions.py:209 | 
⛔ Not found: claim_After_receive_new_deck.PNG after 0.0s region=(0, 0, 765, 1038) confidence=0.8
2026-05-08 20:20:09 | INFO | my_functions.py:258 | [DEBUG] Click skipped, image not found: claim_After_receive_new_deck.PNG
2026-05-08 20:20:09 | INFO | my_functions.py:231 | [DEBUG] wait_for_image_and_click -> nice!.PNG timeout=0s delay_click=1s confidence=0.8
2026-05-08 20:20:09 | INFO | my_functions.py:172 | Searching nice!.PNG (timeout=0s)
2026-05-08 20:20:09 | INFO | my_functions.py:209 | 
⛔ Not found: nice!.PNG after 0.01s region=(0, 0, 765, 1038) confidence=0.8
2026-05-08 20:20:09 | INFO | my_functions.py:258 | [DEBUG] Click skipped, image not found: nice!.PNG
2026-05-08 20:20:09 | INFO | my_functions.py:231 | [DEBUG] wait_for_image_and_click -> claim!.PNG timeout=0s delay_click=1s confidence=0.8
2026-05-08 20:20:09 | INFO | my_functions.py:172 | Searching claim!.PNG (timeout=0s)
2026-05-08 20:20:10 | INFO | my_functions.py:209 | 
⛔ Not found: claim!.PNG after 0.0s region=(0, 0, 765, 1038) confidence=0.8
2026-05-08 20:20:10 | INFO | my_functions.py:258 | [DEBUG] Click skipped, image not found: claim!.PNG
2026-05-08 20:20:10 | INFO | my_functions.py:231 | [DEBUG] wait_for_image_and_click -> claim_hover.PNG timeout=0s delay_click=1s confidence=0.8
2026-05-08 20:20:10 | INFO | my_functions.py:172 | Searching claim_hover.PNG (timeout=0s)
2026-05-08 20:20:10 | INFO | my_functions.py:209 | 
⛔ Not found: claim_hover.PNG after 0.0s region=(0, 0, 765, 1038) confidence=0.8
2026-05-08 20:20:10 | INFO | my_functions.py:258 | [DEBUG] Click skipped, image not found: claim_hover.PNG
2026-05-08 20:20:10 | INFO | my_functions.py:231 | [DEBUG] wait_for_image_and_click -> nice_hover_half.PNG timeout=0s delay_click=1s confidence=0.8
2026-05-08 20:20:10 | INFO | my_functions.py:172 | Searching nice_hover_half.PNG (timeout=0s)
2026-05-08 20:20:10 | INFO | my_functions.py:209 | 
⛔ Not found: nice_hover_half.PNG after 0.01s region=(0, 0, 765, 1038) confidence=0.8
2026-05-08 20:20:10 | INFO | my_functions.py:258 | [DEBUG] Click skipped, image not found: nice_hover_half.PNG
2026-05-08 20:20:10 | INFO | my_functions.py:231 | [DEBUG] wait_for_image_and_click -> claim_After_receive_new_deck.PNG timeout=0s delay_click=1s confidence=0.8
2026-05-08 20:20:10 | INFO | my_functions.py:172 | Searching claim_After_receive_new_deck.PNG (timeout=0s)
2026-05-08 20:20:10 | INFO | my_functions.py:209 | 
⛔ Not found: claim_After_receive_new_deck.PNG after 0.0s region=(0, 0, 765, 1038) confidence=0.8
2026-05-08 20:20:10 | INFO | my_functions.py:258 | [DEBUG] Click skipped, image not found: claim_After_receive_new_deck.PNG
2026-05-08 20:20:10 | INFO | my_functions.py:231 | [DEBUG] wait_for_image_and_click -> nice!.PNG timeout=0s delay_click=1s confidence=0.8
2026-05-08 20:20:10 | INFO | my_functions.py:172 | Searching nice!.PNG (timeout=0s)
2026-05-08 20:20:10 | INFO | my_functions.py:209 | 
⛔ Not found: nice!.PNG after 0.0s region=(0, 0, 765, 1038) confidence=0.8
2026-05-08 20:20:10 | INFO | my_functions.py:258 | [DEBUG] Click skipped, image not found: nice!.PNG
2026-05-08 20:20:10 | INFO | my_functions.py:231 | [DEBUG] wait_for_image_and_click -> claim!.PNG timeout=0s delay_click=1s confidence=0.8
2026-05-08 20:20:10 | INFO | my_functions.py:172 | Searching claim!.PNG (timeout=0s)
2026-05-08 20:20:11 | INFO | my_functions.py:209 | 
⛔ Not found: claim!.PNG after 0.0s region=(0, 0, 765, 1038) confidence=0.8
2026-05-08 20:20:11 | INFO | my_functions.py:258 | [DEBUG] Click skipped, image not found: claim!.PNG
2026-05-08 20:20:11 | INFO | my_functions.py:231 | [DEBUG] wait_for_image_and_click -> claim_hover.PNG timeout=0s delay_click=1s confidence=0.8
2026-05-08 20:20:11 | INFO | my_functions.py:172 | Searching claim_hover.PNG (timeout=0s)
2026-05-08 20:20:11 | INFO | my_functions.py:209 | 
⛔ Not found: claim_hover.PNG after 0.0s region=(0, 0, 765, 1038) confidence=0.8
2026-05-08 20:20:11 | INFO | my_functions.py:258 | [DEBUG] Click skipped, image not found: claim_hover.PNG
2026-05-08 20:20:11 | INFO | my_functions.py:231 | [DEBUG] wait_for_image_and_click -> nice_hover_half.PNG timeout=0s delay_click=1s confidence=0.8
2026-05-08 20:20:11 | INFO | my_functions.py:172 | Searching nice_hover_half.PNG (timeout=0s)
2026-05-08 20:20:11 | INFO | my_functions.py:209 | 
⛔ Not found: nice_hover_half.PNG after 0.0s region=(0, 0, 765, 1038) confidence=0.8
2026-05-08 20:20:11 | INFO | my_functions.py:258 | [DEBUG] Click skipped, image not found: nice_hover_half.PNG
2026-05-08 20:20:11 | INFO | my_functions.py:231 | [DEBUG] wait_for_image_and_click -> claim_After_receive_new_deck.PNG timeout=0s delay_click=1s confidence=0.8
2026-05-08 20:20:11 | INFO | my_functions.py:172 | Searching claim_After_receive_new_deck.PNG (timeout=0s)
2026-05-08 20:20:11 | INFO | my_functions.py:209 | 
⛔ Not found: claim_After_receive_new_deck.PNG after 0.01s region=(0, 0, 765, 1038) confidence=0.8
2026-05-08 20:20:11 | INFO | my_functions.py:258 | [DEBUG] Click skipped, image not found: claim_After_receive_new_deck.PNG
2026-05-08 20:20:11 | INFO | my_functions.py:231 | [DEBUG] wait_for_image_and_click -> nice!.PNG timeout=0s delay_click=1s confidence=0.8
2026-05-08 20:20:11 | INFO | my_functions.py:172 | Searching nice!.PNG (timeout=0s)
2026-05-08 20:20:12 | INFO | my_functions.py:209 | 
⛔ Not found: nice!.PNG after 0.0s region=(0, 0, 765, 1038) confidence=0.8
2026-05-08 20:20:12 | INFO | my_functions.py:258 | [DEBUG] Click skipped, image not found: nice!.PNG
2026-05-08 20:20:12 | INFO | my_functions.py:231 | [DEBUG] wait_for_image_and_click -> claim!.PNG timeout=0s delay_click=1s confidence=0.8
2026-05-08 20:20:12 | INFO | my_functions.py:172 | Searching claim!.PNG (timeout=0s)
2026-05-08 20:20:12 | INFO | my_functions.py:209 | 
⛔ Not found: claim!.PNG after 0.0s region=(0, 0, 765, 1038) confidence=0.8
2026-05-08 20:20:12 | INFO | my_functions.py:258 | [DEBUG] Click skipped, image not found: claim!.PNG
2026-05-08 20:20:12 | INFO | my_functions.py:231 | [DEBUG] wait_for_image_and_click -> claim_hover.PNG timeout=0s delay_click=1s confidence=0.8
2026-05-08 20:20:12 | INFO | my_functions.py:172 | Searching claim_hover.PNG (timeout=0s)
2026-05-08 20:20:12 | INFO | my_functions.py:209 | 
⛔ Not found: claim_hover.PNG after 0.0s region=(0, 0, 765, 1038) confidence=0.8
2026-05-08 20:20:12 | INFO | my_functions.py:258 | [DEBUG] Click skipped, image not found: claim_hover.PNG
2026-05-08 20:20:12 | INFO | my_functions.py:231 | [DEBUG] wait_for_image_and_click -> nice_hover_half.PNG timeout=0s delay_click=1s confidence=0.8
2026-05-08 20:20:12 | INFO | my_functions.py:172 | Searching nice_hover_half.PNG (timeout=0s)
2026-05-08 20:20:12 | INFO | my_functions.py:209 | 
⛔ Not found: nice_hover_half.PNG after 0.0s region=(0, 0, 765, 1038) confidence=0.8
2026-05-08 20:20:12 | INFO | my_functions.py:258 | [DEBUG] Click skipped, image not found: nice_hover_half.PNG
2026-05-08 20:20:12 | INFO | my_functions.py:231 | [DEBUG] wait_for_image_and_click -> claim_After_receive_new_deck.PNG timeout=0s delay_click=1s confidence=0.8
2026-05-08 20:20:12 | INFO | my_functions.py:172 | Searching claim_After_receive_new_deck.PNG (timeout=0s)
2026-05-08 20:20:12 | INFO | my_functions.py:209 | 
⛔ Not found: claim_After_receive_new_deck.PNG after 0.0s region=(0, 0, 765, 1038) confidence=0.8
2026-05-08 20:20:12 | INFO | my_functions.py:258 | [DEBUG] Click skipped, image not found: claim_After_receive_new_deck.PNG
2026-05-08 20:20:12 | INFO | my_functions.py:231 | [DEBUG] wait_for_image_and_click -> nice!.PNG timeout=0s delay_click=1s confidence=0.8
2026-05-08 20:20:12 | INFO | my_functions.py:172 | Searching nice!.PNG (timeout=0s)
2026-05-08 20:20:13 | INFO | my_functions.py:209 | 
⛔ Not found: nice!.PNG after 0.0s region=(0, 0, 765, 1038) confidence=0.8
2026-05-08 20:20:13 | INFO | my_functions.py:258 | [DEBUG] Click skipped, image not found: nice!.PNG
2026-05-08 20:20:13 | INFO | my_functions.py:231 | [DEBUG] wait_for_image_and_click -> claim!.PNG timeout=0s delay_click=1s confidence=0.8
2026-05-08 20:20:13 | INFO | my_functions.py:172 | Searching claim!.PNG (timeout=0s)
2026-05-08 20:20:13 | INFO | my_functions.py:209 | 
⛔ Not found: claim!.PNG after 0.0s region=(0, 0, 765, 1038) confidence=0.8
2026-05-08 20:20:13 | INFO | my_functions.py:258 | [DEBUG] Click skipped, image not found: claim!.PNG
2026-05-08 20:20:13 | INFO | my_functions.py:231 | [DEBUG] wait_for_image_and_click -> claim_hover.PNG timeout=0s delay_click=1s confidence=0.8
2026-05-08 20:20:13 | INFO | my_functions.py:172 | Searching claim_hover.PNG (timeout=0s)
2026-05-08 20:20:13 | INFO | my_functions.py:209 | 
⛔ Not found: claim_hover.PNG after 0.0s region=(0, 0, 765, 1038) confidence=0.8
2026-05-08 20:20:13 | INFO | my_functions.py:258 | [DEBUG] Click skipped, image not found: claim_hover.PNG
2026-05-08 20:20:13 | INFO | my_functions.py:231 | [DEBUG] wait_for_image_and_click -> nice_hover_half.PNG timeout=0s delay_click=1s confidence=0.8
2026-05-08 20:20:13 | INFO | my_functions.py:172 | Searching nice_hover_half.PNG (timeout=0s)
2026-05-08 20:20:13 | INFO | my_functions.py:209 | 
⛔ Not found: nice_hover_half.PNG after 0.0s region=(0, 0, 765, 1038) confidence=0.8
2026-05-08 20:20:13 | INFO | my_functions.py:258 | [DEBUG] Click skipped, image not found: nice_hover_half.PNG
2026-05-08 20:20:13 | INFO | my_functions.py:231 | [DEBUG] wait_for_image_and_click -> claim_After_receive_new_deck.PNG timeout=0s delay_click=1s confidence=0.8
2026-05-08 20:20:13 | INFO | my_functions.py:172 | Searching claim_After_receive_new_deck.PNG (timeout=0s)
2026-05-08 20:20:13 | INFO | my_functions.py:209 | 
⛔ Not found: claim_After_receive_new_deck.PNG after 0.0s region=(0, 0, 765, 1038) confidence=0.8
2026-05-08 20:20:13 | INFO | my_functions.py:258 | [DEBUG] Click skipped, image not found: claim_After_receive_new_deck.PNG
2026-05-08 20:20:13 | INFO | my_functions.py:231 | [DEBUG] wait_for_image_and_click -> nice!.PNG timeout=0s delay_click=1s confidence=0.8
2026-05-08 20:20:13 | INFO | my_functions.py:172 | Searching nice!.PNG (timeout=0s)
2026-05-08 20:20:14 | INFO | my_functions.py:209 | 
⛔ Not found: nice!.PNG after 0.0s region=(0, 0, 765, 1038) confidence=0.8
2026-05-08 20:20:14 | INFO | my_functions.py:258 | [DEBUG] Click skipped, image not found: nice!.PNG
2026-05-08 20:20:14 | INFO | my_functions.py:231 | [DEBUG] wait_for_image_and_click -> claim!.PNG timeout=0s delay_click=1s confidence=0.8
2026-05-08 20:20:14 | INFO | my_functions.py:172 | Searching claim!.PNG (timeout=0s)
2026-05-08 20:20:14 | INFO | my_functions.py:209 | 
⛔ Not found: claim!.PNG after 0.0s region=(0, 0, 765, 1038) confidence=0.8
2026-05-08 20:20:14 | INFO | my_functions.py:258 | [DEBUG] Click skipped, image not found: claim!.PNG
2026-05-08 20:20:14 | INFO | my_functions.py:231 | [DEBUG] wait_for_image_and_click -> claim_hover.PNG timeout=0s delay_click=1s confidence=0.8
2026-05-08 20:20:14 | INFO | my_functions.py:172 | Searching claim_hover.PNG (timeout=0s)
2026-05-08 20:20:14 | INFO | my_functions.py:209 | 
⛔ Not found: claim_hover.PNG after 0.0s region=(0, 0, 765, 1038) confidence=0.8
2026-05-08 20:20:14 | INFO | my_functions.py:258 | [DEBUG] Click skipped, image not found: claim_hover.PNG
2026-05-08 20:20:14 | INFO | my_functions.py:231 | [DEBUG] wait_for_image_and_click -> nice_hover_half.PNG timeout=0s delay_click=1s confidence=0.8
2026-05-08 20:20:14 | INFO | my_functions.py:172 | Searching nice_hover_half.PNG (timeout=0s)
2026-05-08 20:20:14 | INFO | my_functions.py:209 | 
⛔ Not found: nice_hover_half.PNG after 0.0s region=(0, 0, 765, 1038) confidence=0.8
2026-05-08 20:20:14 | INFO | my_functions.py:258 | [DEBUG] Click skipped, image not found: nice_hover_half.PNG
2026-05-08 20:20:14 | INFO | my_functions.py:231 | [DEBUG] wait_for_image_and_click -> claim_After_receive_new_deck.PNG timeout=0s delay_click=1s confidence=0.8
2026-05-08 20:20:14 | INFO | my_functions.py:172 | Searching claim_After_receive_new_deck.PNG (timeout=0s)
2026-05-08 20:20:15 | INFO | my_functions.py:209 | 
⛔ Not found: claim_After_receive_new_deck.PNG after 0.0s region=(0, 0, 765, 1038) confidence=0.8
2026-05-08 20:20:15 | INFO | my_functions.py:258 | [DEBUG] Click skipped, image not found: claim_After_receive_new_deck.PNG
2026-05-08 20:20:15 | INFO | my_functions.py:231 | [DEBUG] wait_for_image_and_click -> nice!.PNG timeout=0s delay_click=1s confidence=0.8
2026-05-08 20:20:15 | INFO | my_functions.py:172 | Searching nice!.PNG (timeout=0s)
2026-05-08 20:20:15 | INFO | my_functions.py:209 | 
⛔ Not found: nice!.PNG after 0.0s region=(0, 0, 765, 1038) confidence=0.8
2026-05-08 20:20:15 | INFO | my_functions.py:258 | [DEBUG] Click skipped, image not found: nice!.PNG
2026-05-08 20:20:15 | INFO | my_functions.py:231 | [DEBUG] wait_for_image_and_click -> claim!.PNG timeout=0s delay_click=1s confidence=0.8
2026-05-08 20:20:15 | INFO | my_functions.py:172 | Searching claim!.PNG (timeout=0s)
2026-05-08 20:20:15 | INFO | my_functions.py:209 | 
⛔ Not found: claim!.PNG after 0.0s region=(0, 0, 765, 1038) confidence=0.8
2026-05-08 20:20:15 | INFO | my_functions.py:258 | [DEBUG] Click skipped, image not found: claim!.PNG
2026-05-08 20:20:15 | INFO | my_functions.py:231 | [DEBUG] wait_for_image_and_click -> claim_hover.PNG timeout=0s delay_click=1s confidence=0.8
2026-05-08 20:20:15 | INFO | my_functions.py:172 | Searching claim_hover.PNG (timeout=0s)
2026-05-08 20:20:15 | INFO | my_functions.py:209 | 
⛔ Not found: claim_hover.PNG after 0.01s region=(0, 0, 765, 1038) confidence=0.8
2026-05-08 20:20:15 | INFO | my_functions.py:258 | [DEBUG] Click skipped, image not found: claim_hover.PNG
2026-05-08 20:20:15 | INFO | my_functions.py:231 | [DEBUG] wait_for_image_and_click -> nice_hover_half.PNG timeout=0s delay_click=1s confidence=0.8
2026-05-08 20:20:15 | INFO | my_functions.py:172 | Searching nice_hover_half.PNG (timeout=0s)
2026-05-08 20:20:15 | INFO | my_functions.py:209 | 
⛔ Not found: nice_hover_half.PNG after 0.0s region=(0, 0, 765, 1038) confidence=0.8
2026-05-08 20:20:15 | INFO | my_functions.py:258 | [DEBUG] Click skipped, image not found: nice_hover_half.PNG
2026-05-08 20:20:15 | INFO | my_functions.py:231 | [DEBUG] wait_for_image_and_click -> claim_After_receive_new_deck.PNG timeout=0s delay_click=1s confidence=0.8
2026-05-08 20:20:15 | INFO | my_functions.py:172 | Searching claim_After_receive_new_deck.PNG (timeout=0s)
2026-05-08 20:20:16 | INFO | my_functions.py:209 | 
⛔ Not found: claim_After_receive_new_deck.PNG after 0.0s region=(0, 0, 765, 1038) confidence=0.8
2026-05-08 20:20:16 | INFO | my_functions.py:258 | [DEBUG] Click skipped, image not found: claim_After_receive_new_deck.PNG
2026-05-08 20:20:16 | INFO | my_functions.py:231 | [DEBUG] wait_for_image_and_click -> nice!.PNG timeout=0s delay_click=1s confidence=0.8
2026-05-08 20:20:16 | INFO | my_functions.py:172 | Searching nice!.PNG (timeout=0s)
2026-05-08 20:20:16 | INFO | my_functions.py:209 | 
⛔ Not found: nice!.PNG after 0.0s region=(0, 0, 765, 1038) confidence=0.8
2026-05-08 20:20:16 | INFO | my_functions.py:258 | [DEBUG] Click skipped, image not found: nice!.PNG
2026-05-08 20:20:16 | INFO | my_functions.py:231 | [DEBUG] wait_for_image_and_click -> claim!.PNG timeout=0s delay_click=1s confidence=0.8
2026-05-08 20:20:16 | INFO | my_functions.py:172 | Searching claim!.PNG (timeout=0s)
2026-05-08 20:20:16 | INFO | my_functions.py:209 | 
⛔ Not found: claim!.PNG after 0.0s region=(0, 0, 765, 1038) confidence=0.8
2026-05-08 20:20:16 | INFO | my_functions.py:258 | [DEBUG] Click skipped, image not found: claim!.PNG
2026-05-08 20:20:16 | INFO | my_functions.py:231 | [DEBUG] wait_for_image_and_click -> claim_hover.PNG timeout=0s delay_click=1s confidence=0.8
2026-05-08 20:20:16 | INFO | my_functions.py:172 | Searching claim_hover.PNG (timeout=0s)
2026-05-08 20:20:16 | INFO | my_functions.py:209 | 
⛔ Not found: claim_hover.PNG after 0.0s region=(0, 0, 765, 1038) confidence=0.8
2026-05-08 20:20:16 | INFO | my_functions.py:258 | [DEBUG] Click skipped, image not found: claim_hover.PNG
2026-05-08 20:20:16 | INFO | my_functions.py:231 | [DEBUG] wait_for_image_and_click -> nice_hover_half.PNG timeout=0s delay_click=1s confidence=0.8
2026-05-08 20:20:16 | INFO | my_functions.py:172 | Searching nice_hover_half.PNG (timeout=0s)
2026-05-08 20:20:17 | INFO | my_functions.py:209 | 
⛔ Not found: nice_hover_half.PNG after 0.01s region=(0, 0, 765, 1038) confidence=0.8
2026-05-08 20:20:17 | INFO | my_functions.py:258 | [DEBUG] Click skipped, image not found: nice_hover_half.PNG
2026-05-08 20:20:17 | INFO | my_functions.py:231 | [DEBUG] wait_for_image_and_click -> claim_After_receive_new_deck.PNG timeout=0s delay_click=1s confidence=0.8
2026-05-08 20:20:17 | INFO | my_functions.py:172 | Searching claim_After_receive_new_deck.PNG (timeout=0s)
2026-05-08 20:20:17 | INFO | my_functions.py:209 | 
⛔ Not found: claim_After_receive_new_deck.PNG after 0.0s region=(0, 0, 765, 1038) confidence=0.8
2026-05-08 20:20:17 | INFO | my_functions.py:258 | [DEBUG] Click skipped, image not found: claim_After_receive_new_deck.PNG
2026-05-08 20:20:17 | INFO | my_functions.py:231 | [DEBUG] wait_for_image_and_click -> nice!.PNG timeout=0s delay_click=1s confidence=0.8
2026-05-08 20:20:17 | INFO | my_functions.py:172 | Searching nice!.PNG (timeout=0s)
2026-05-08 20:20:17 | INFO | my_functions.py:209 | 
⛔ Not found: nice!.PNG after 0.0s region=(0, 0, 765, 1038) confidence=0.8
2026-05-08 20:20:17 | INFO | my_functions.py:258 | [DEBUG] Click skipped, image not found: nice!.PNG
2026-05-08 20:20:17 | INFO | my_functions.py:231 | [DEBUG] wait_for_image_and_click -> claim!.PNG timeout=0s delay_click=1s confidence=0.8
2026-05-08 20:20:17 | INFO | my_functions.py:172 | Searching claim!.PNG (timeout=0s)
2026-05-08 20:20:17 | INFO | my_functions.py:209 | 
⛔ Not found: claim!.PNG after 0.01s region=(0, 0, 765, 1038) confidence=0.8
2026-05-08 20:20:17 | INFO | my_functions.py:258 | [DEBUG] Click skipped, image not found: claim!.PNG
2026-05-08 20:20:17 | INFO | my_functions.py:231 | [DEBUG] wait_for_image_and_click -> claim_hover.PNG timeout=0s delay_click=1s confidence=0.8
2026-05-08 20:20:17 | INFO | my_functions.py:172 | Searching claim_hover.PNG (timeout=0s)
2026-05-08 20:20:17 | INFO | my_functions.py:209 | 
⛔ Not found: claim_hover.PNG after 0.0s region=(0, 0, 765, 1038) confidence=0.8
2026-05-08 20:20:17 | INFO | my_functions.py:258 | [DEBUG] Click skipped, image not found: claim_hover.PNG
2026-05-08 20:20:17 | INFO | my_functions.py:231 | [DEBUG] wait_for_image_and_click -> nice_hover_half.PNG timeout=0s delay_click=1s confidence=0.8
2026-05-08 20:20:17 | INFO | my_functions.py:172 | Searching nice_hover_half.PNG (timeout=0s)
2026-05-08 20:20:18 | INFO | my_functions.py:209 | 
⛔ Not found: nice_hover_half.PNG after 0.0s region=(0, 0, 765, 1038) confidence=0.8
2026-05-08 20:20:18 | INFO | my_functions.py:258 | [DEBUG] Click skipped, image not found: nice_hover_half.PNG
2026-05-08 20:20:18 | INFO | my_functions.py:231 | [DEBUG] wait_for_image_and_click -> claim_After_receive_new_deck.PNG timeout=0s delay_click=1s confidence=0.8
2026-05-08 20:20:18 | INFO | my_functions.py:172 | Searching claim_After_receive_new_deck.PNG (timeout=0s)
2026-05-08 20:20:18 | INFO | my_functions.py:209 | 
⛔ Not found: claim_After_receive_new_deck.PNG after 0.0s region=(0, 0, 765, 1038) confidence=0.8
2026-05-08 20:20:18 | INFO | my_functions.py:258 | [DEBUG] Click skipped, image not found: claim_After_receive_new_deck.PNG
2026-05-08 20:20:18 | INFO | my_functions.py:231 | [DEBUG] wait_for_image_and_click -> nice!.PNG timeout=0s delay_click=1s confidence=0.8
2026-05-08 20:20:18 | INFO | my_functions.py:172 | Searching nice!.PNG (timeout=0s)
2026-05-08 20:20:18 | INFO | my_functions.py:209 | 
⛔ Not found: nice!.PNG after 0.0s region=(0, 0, 765, 1038) confidence=0.8
2026-05-08 20:20:18 | INFO | my_functions.py:258 | [DEBUG] Click skipped, image not found: nice!.PNG
2026-05-08 20:20:18 | INFO | my_functions.py:231 | [DEBUG] wait_for_image_and_click -> claim!.PNG timeout=0s delay_click=1s confidence=0.8
2026-05-08 20:20:18 | INFO | my_functions.py:172 | Searching claim!.PNG (timeout=0s)
2026-05-08 20:20:18 | INFO | my_functions.py:209 | 
⛔ Not found: claim!.PNG after 0.0s region=(0, 0, 765, 1038) confidence=0.8
2026-05-08 20:20:18 | INFO | my_functions.py:258 | [DEBUG] Click skipped, image not found: claim!.PNG
2026-05-08 20:20:18 | INFO | my_functions.py:231 | [DEBUG] wait_for_image_and_click -> claim_hover.PNG timeout=0s delay_click=1s confidence=0.8
2026-05-08 20:20:18 | INFO | my_functions.py:172 | Searching claim_hover.PNG (timeout=0s)
2026-05-08 20:20:19 | INFO | my_functions.py:209 | 
⛔ Not found: claim_hover.PNG after 0.0s region=(0, 0, 765, 1038) confidence=0.8
2026-05-08 20:20:19 | INFO | my_functions.py:258 | [DEBUG] Click skipped, image not found: claim_hover.PNG
2026-05-08 20:20:19 | INFO | my_functions.py:231 | [DEBUG] wait_for_image_and_click -> nice_hover_half.PNG timeout=0s delay_click=1s confidence=0.8
2026-05-08 20:20:19 | INFO | my_functions.py:172 | Searching nice_hover_half.PNG (timeout=0s)
2026-05-08 20:20:19 | INFO | my_functions.py:209 | 
⛔ Not found: nice_hover_half.PNG after 0.0s region=(0, 0, 765, 1038) confidence=0.8
2026-05-08 20:20:19 | INFO | my_functions.py:258 | [DEBUG] Click skipped, image not found: nice_hover_half.PNG
2026-05-08 20:20:19 | INFO | my_functions.py:231 | [DEBUG] wait_for_image_and_click -> claim_After_receive_new_deck.PNG timeout=0s delay_click=1s confidence=0.8
2026-05-08 20:20:19 | INFO | my_functions.py:172 | Searching claim_After_receive_new_deck.PNG (timeout=0s)
2026-05-08 20:20:19 | INFO | my_functions.py:209 | 
⛔ Not found: claim_After_receive_new_deck.PNG after 0.0s region=(0, 0, 765, 1038) confidence=0.8
2026-05-08 20:20:19 | INFO | my_functions.py:258 | [DEBUG] Click skipped, image not found: claim_After_receive_new_deck.PNG
2026-05-08 20:20:19 | INFO | my_functions.py:231 | [DEBUG] wait_for_image_and_click -> nice!.PNG timeout=0s delay_click=1s confidence=0.8
2026-05-08 20:20:19 | INFO | my_functions.py:172 | Searching nice!.PNG (timeout=0s)
2026-05-08 20:20:19 | INFO | my_functions.py:209 | 
⛔ Not found: nice!.PNG after 0.0s region=(0, 0, 765, 1038) confidence=0.8
2026-05-08 20:20:19 | INFO | my_functions.py:258 | [DEBUG] Click skipped, image not found: nice!.PNG
2026-05-08 20:20:19 | INFO | my_functions.py:231 | [DEBUG] wait_for_image_and_click -> claim!.PNG timeout=0s delay_click=1s confidence=0.8
2026-05-08 20:20:19 | INFO | my_functions.py:172 | Searching claim!.PNG (timeout=0s)
2026-05-08 20:20:19 | INFO | my_functions.py:209 | 
⛔ Not found: claim!.PNG after 0.0s region=(0, 0, 765, 1038) confidence=0.8
2026-05-08 20:20:19 | INFO | my_functions.py:258 | [DEBUG] Click skipped, image not found: claim!.PNG
2026-05-08 20:20:19 | INFO | my_functions.py:231 | [DEBUG] wait_for_image_and_click -> claim_hover.PNG timeout=0s delay_click=1s confidence=0.8
2026-05-08 20:20:19 | INFO | my_functions.py:172 | Searching claim_hover.PNG (timeout=0s)
2026-05-08 20:20:20 | INFO | my_functions.py:209 | 
⛔ Not found: claim_hover.PNG after 0.0s region=(0, 0, 765, 1038) confidence=0.8
2026-05-08 20:20:20 | INFO | my_functions.py:258 | [DEBUG] Click skipped, image not found: claim_hover.PNG
2026-05-08 20:20:20 | INFO | my_functions.py:231 | [DEBUG] wait_for_image_and_click -> nice_hover_half.PNG timeout=0s delay_click=1s confidence=0.8
2026-05-08 20:20:20 | INFO | my_functions.py:172 | Searching nice_hover_half.PNG (timeout=0s)
2026-05-08 20:20:20 | INFO | my_functions.py:209 | 
⛔ Not found: nice_hover_half.PNG after 0.0s region=(0, 0, 765, 1038) confidence=0.8
2026-05-08 20:20:20 | INFO | my_functions.py:258 | [DEBUG] Click skipped, image not found: nice_hover_half.PNG
2026-05-08 20:20:20 | INFO | my_functions.py:231 | [DEBUG] wait_for_image_and_click -> claim_After_receive_new_deck.PNG timeout=0s delay_click=1s confidence=0.8
2026-05-08 20:20:20 | INFO | my_functions.py:172 | Searching claim_After_receive_new_deck.PNG (timeout=0s)
2026-05-08 20:20:20 | INFO | my_functions.py:209 | 
⛔ Not found: claim_After_receive_new_deck.PNG after 0.0s region=(0, 0, 765, 1038) confidence=0.8
2026-05-08 20:20:20 | INFO | my_functions.py:258 | [DEBUG] Click skipped, image not found: claim_After_receive_new_deck.PNG
2026-05-08 20:20:20 | INFO | my_functions.py:231 | [DEBUG] wait_for_image_and_click -> nice!.PNG timeout=0s delay_click=1s confidence=0.8
2026-05-08 20:20:20 | INFO | my_functions.py:172 | Searching nice!.PNG (timeout=0s)
2026-05-08 20:20:20 | INFO | my_functions.py:209 | 
⛔ Not found: nice!.PNG after 0.0s region=(0, 0, 765, 1038) confidence=0.8
2026-05-08 20:20:20 | INFO | my_functions.py:258 | [DEBUG] Click skipped, image not found: nice!.PNG
2026-05-08 20:20:20 | INFO | my_functions.py:231 | [DEBUG] wait_for_image_and_click -> claim!.PNG timeout=0s delay_click=1s confidence=0.8
2026-05-08 20:20:20 | INFO | my_functions.py:172 | Searching claim!.PNG (timeout=0s)
2026-05-08 20:20:20 | INFO | my_functions.py:209 | 
⛔ Not found: claim!.PNG after 0.0s region=(0, 0, 765, 1038) confidence=0.8
2026-05-08 20:20:20 | INFO | my_functions.py:258 | [DEBUG] Click skipped, image not found: claim!.PNG
2026-05-08 20:20:21 | INFO | my_functions.py:231 | [DEBUG] wait_for_image_and_click -> claim_hover.PNG timeout=0s delay_click=1s confidence=0.8
2026-05-08 20:20:21 | INFO | my_functions.py:172 | Searching claim_hover.PNG (timeout=0s)
2026-05-08 20:20:21 | INFO | my_functions.py:209 | 
⛔ Not found: claim_hover.PNG after 0.0s region=(0, 0, 765, 1038) confidence=0.8
2026-05-08 20:20:21 | INFO | my_functions.py:258 | [DEBUG] Click skipped, image not found: claim_hover.PNG
2026-05-08 20:20:21 | INFO | my_functions.py:231 | [DEBUG] wait_for_image_and_click -> nice_hover_half.PNG timeout=0s delay_click=1s confidence=0.8
2026-05-08 20:20:21 | INFO | my_functions.py:172 | Searching nice_hover_half.PNG (timeout=0s)
2026-05-08 20:20:21 | INFO | my_functions.py:209 | 
⛔ Not found: nice_hover_half.PNG after 0.0s region=(0, 0, 765, 1038) confidence=0.8
2026-05-08 20:20:21 | INFO | my_functions.py:258 | [DEBUG] Click skipped, image not found: nice_hover_half.PNG
2026-05-08 20:20:21 | INFO | my_functions.py:231 | [DEBUG] wait_for_image_and_click -> claim_After_receive_new_deck.PNG timeout=0s delay_click=1s confidence=0.8
2026-05-08 20:20:21 | INFO | my_functions.py:172 | Searching claim_After_receive_new_deck.PNG (timeout=0s)
2026-05-08 20:20:21 | INFO | my_functions.py:209 | 
⛔ Not found: claim_After_receive_new_deck.PNG after 0.01s region=(0, 0, 765, 1038) confidence=0.8
2026-05-08 20:20:21 | INFO | my_functions.py:258 | [DEBUG] Click skipped, image not found: claim_After_receive_new_deck.PNG
2026-05-08 20:20:21 | INFO | my_functions.py:231 | [DEBUG] wait_for_image_and_click -> nice!.PNG timeout=0s delay_click=1s confidence=0.8
2026-05-08 20:20:21 | INFO | my_functions.py:172 | Searching nice!.PNG (timeout=0s)
2026-05-08 20:20:21 | INFO | my_functions.py:209 | 
⛔ Not found: nice!.PNG after 0.01s region=(0, 0, 765, 1038) confidence=0.8
2026-05-08 20:20:21 | INFO | my_functions.py:258 | [DEBUG] Click skipped, image not found: nice!.PNG
2026-05-08 20:20:21 | INFO | my_functions.py:231 | [DEBUG] wait_for_image_and_click -> claim!.PNG timeout=0s delay_click=1s confidence=0.8
2026-05-08 20:20:21 | INFO | my_functions.py:172 | Searching claim!.PNG (timeout=0s)
2026-05-08 20:20:22 | INFO | my_functions.py:209 | 
⛔ Not found: claim!.PNG after 0.0s region=(0, 0, 765, 1038) confidence=0.8
2026-05-08 20:20:22 | INFO | my_functions.py:258 | [DEBUG] Click skipped, image not found: claim!.PNG
2026-05-08 20:20:22 | INFO | my_functions.py:231 | [DEBUG] wait_for_image_and_click -> claim_hover.PNG timeout=0s delay_click=1s confidence=0.8
2026-05-08 20:20:22 | INFO | my_functions.py:172 | Searching claim_hover.PNG (timeout=0s)
2026-05-08 20:20:22 | INFO | my_functions.py:209 | 
⛔ Not found: claim_hover.PNG after 0.0s region=(0, 0, 765, 1038) confidence=0.8
2026-05-08 20:20:22 | INFO | my_functions.py:258 | [DEBUG] Click skipped, image not found: claim_hover.PNG
2026-05-08 20:20:22 | INFO | my_functions.py:231 | [DEBUG] wait_for_image_and_click -> nice_hover_half.PNG timeout=0s delay_click=1s confidence=0.8
2026-05-08 20:20:22 | INFO | my_functions.py:172 | Searching nice_hover_half.PNG (timeout=0s)
2026-05-08 20:20:22 | INFO | my_functions.py:209 | 
⛔ Not found: nice_hover_half.PNG after 0.01s region=(0, 0, 765, 1038) confidence=0.8
2026-05-08 20:20:22 | INFO | my_functions.py:258 | [DEBUG] Click skipped, image not found: nice_hover_half.PNG
2026-05-08 20:20:22 | INFO | my_functions.py:231 | [DEBUG] wait_for_image_and_click -> claim_After_receive_new_deck.PNG timeout=0s delay_click=1s confidence=0.8
2026-05-08 20:20:22 | INFO | my_functions.py:172 | Searching claim_After_receive_new_deck.PNG (timeout=0s)
2026-05-08 20:20:22 | INFO | my_functions.py:209 | 
⛔ Not found: claim_After_receive_new_deck.PNG after 0.0s region=(0, 0, 765, 1038) confidence=0.8
2026-05-08 20:20:22 | INFO | my_functions.py:258 | [DEBUG] Click skipped, image not found: claim_After_receive_new_deck.PNG
2026-05-08 20:20:22 | INFO | my_functions.py:231 | [DEBUG] wait_for_image_and_click -> nice!.PNG timeout=0s delay_click=1s confidence=0.8
2026-05-08 20:20:22 | INFO | my_functions.py:172 | Searching nice!.PNG (timeout=0s)
2026-05-08 20:20:23 | INFO | my_functions.py:209 | 
⛔ Not found: nice!.PNG after 0.0s region=(0, 0, 765, 1038) confidence=0.8
2026-05-08 20:20:23 | INFO | my_functions.py:258 | [DEBUG] Click skipped, image not found: nice!.PNG
2026-05-08 20:20:23 | INFO | my_functions.py:231 | [DEBUG] wait_for_image_and_click -> claim!.PNG timeout=0s delay_click=1s confidence=0.8
2026-05-08 20:20:23 | INFO | my_functions.py:172 | Searching claim!.PNG (timeout=0s)
2026-05-08 20:20:23 | INFO | my_functions.py:209 | 
⛔ Not found: claim!.PNG after 0.0s region=(0, 0, 765, 1038) confidence=0.8
2026-05-08 20:20:23 | INFO | my_functions.py:258 | [DEBUG] Click skipped, image not found: claim!.PNG
2026-05-08 20:20:23 | INFO | my_functions.py:231 | [DEBUG] wait_for_image_and_click -> claim_hover.PNG timeout=0s delay_click=1s confidence=0.8
2026-05-08 20:20:23 | INFO | my_functions.py:172 | Searching claim_hover.PNG (timeout=0s)
2026-05-08 20:20:23 | INFO | my_functions.py:209 | 
⛔ Not found: claim_hover.PNG after 0.0s region=(0, 0, 765, 1038) confidence=0.8
2026-05-08 20:20:23 | INFO | my_functions.py:258 | [DEBUG] Click skipped, image not found: claim_hover.PNG
2026-05-08 20:20:23 | INFO | my_functions.py:231 | [DEBUG] wait_for_image_and_click -> nice_hover_half.PNG timeout=0s delay_click=1s confidence=0.8
2026-05-08 20:20:23 | INFO | my_functions.py:172 | Searching nice_hover_half.PNG (timeout=0s)
2026-05-08 20:20:23 | INFO | my_functions.py:209 | 
⛔ Not found: nice_hover_half.PNG after 0.0s region=(0, 0, 765, 1038) confidence=0.8
2026-05-08 20:20:23 | INFO | my_functions.py:258 | [DEBUG] Click skipped, image not found: nice_hover_half.PNG
2026-05-08 20:20:23 | INFO | my_functions.py:231 | [DEBUG] wait_for_image_and_click -> claim_After_receive_new_deck.PNG timeout=0s delay_click=1s confidence=0.8
2026-05-08 20:20:23 | INFO | my_functions.py:172 | Searching claim_After_receive_new_deck.PNG (timeout=0s)
2026-05-08 20:20:23 | INFO | my_functions.py:209 | 
⛔ Not found: claim_After_receive_new_deck.PNG after 0.0s region=(0, 0, 765, 1038) confidence=0.8
2026-05-08 20:20:23 | INFO | my_functions.py:258 | [DEBUG] Click skipped, image not found: claim_After_receive_new_deck.PNG
2026-05-08 20:20:23 | INFO | my_functions.py:231 | [DEBUG] wait_for_image_and_click -> nice!.PNG timeout=0s delay_click=1s confidence=0.8
2026-05-08 20:20:23 | INFO | my_functions.py:172 | Searching nice!.PNG (timeout=0s)
2026-05-08 20:20:24 | INFO | my_functions.py:209 | 
⛔ Not found: nice!.PNG after 0.0s region=(0, 0, 765, 1038) confidence=0.8
2026-05-08 20:20:24 | INFO | my_functions.py:258 | [DEBUG] Click skipped, image not found: nice!.PNG
2026-05-08 20:20:24 | INFO | my_functions.py:231 | [DEBUG] wait_for_image_and_click -> claim!.PNG timeout=0s delay_click=1s confidence=0.8
2026-05-08 20:20:24 | INFO | my_functions.py:172 | Searching claim!.PNG (timeout=0s)
2026-05-08 20:20:24 | INFO | my_functions.py:209 | 
⛔ Not found: claim!.PNG after 0.0s region=(0, 0, 765, 1038) confidence=0.8
2026-05-08 20:20:24 | INFO | my_functions.py:258 | [DEBUG] Click skipped, image not found: claim!.PNG
2026-05-08 20:20:24 | INFO | my_functions.py:231 | [DEBUG] wait_for_image_and_click -> claim_hover.PNG timeout=0s delay_click=1s confidence=0.8
2026-05-08 20:20:24 | INFO | my_functions.py:172 | Searching claim_hover.PNG (timeout=0s)
2026-05-08 20:20:24 | INFO | my_functions.py:209 | 
⛔ Not found: claim_hover.PNG after 0.0s region=(0, 0, 765, 1038) confidence=0.8
2026-05-08 20:20:24 | INFO | my_functions.py:258 | [DEBUG] Click skipped, image not found: claim_hover.PNG
2026-05-08 20:20:24 | INFO | my_functions.py:231 | [DEBUG] wait_for_image_and_click -> nice_hover_half.PNG timeout=0s delay_click=1s confidence=0.8
2026-05-08 20:20:24 | INFO | my_functions.py:172 | Searching nice_hover_half.PNG (timeout=0s)
2026-05-08 20:20:24 | INFO | my_functions.py:209 | 
⛔ Not found: nice_hover_half.PNG after 0.0s region=(0, 0, 765, 1038) confidence=0.8
2026-05-08 20:20:24 | INFO | my_functions.py:258 | [DEBUG] Click skipped, image not found: nice_hover_half.PNG
2026-05-08 20:20:24 | INFO | my_functions.py:231 | [DEBUG] wait_for_image_and_click -> claim_After_receive_new_deck.PNG timeout=0s delay_click=1s confidence=0.8
2026-05-08 20:20:24 | INFO | my_functions.py:172 | Searching claim_After_receive_new_deck.PNG (timeout=0s)
2026-05-08 20:20:25 | INFO | my_functions.py:209 | 
⛔ Not found: claim_After_receive_new_deck.PNG after 0.0s region=(0, 0, 765, 1038) confidence=0.8
2026-05-08 20:20:25 | INFO | my_functions.py:258 | [DEBUG] Click skipped, image not found: claim_After_receive_new_deck.PNG
2026-05-08 20:20:25 | INFO | my_functions.py:231 | [DEBUG] wait_for_image_and_click -> nice!.PNG timeout=0s delay_click=1s confidence=0.8
2026-05-08 20:20:25 | INFO | my_functions.py:172 | Searching nice!.PNG (timeout=0s)
2026-05-08 20:20:25 | INFO | my_functions.py:209 | 
⛔ Not found: nice!.PNG after 0.01s region=(0, 0, 765, 1038) confidence=0.8
2026-05-08 20:20:25 | INFO | my_functions.py:258 | [DEBUG] Click skipped, image not found: nice!.PNG
2026-05-08 20:20:25 | INFO | my_functions.py:231 | [DEBUG] wait_for_image_and_click -> claim!.PNG timeout=0s delay_click=1s confidence=0.8
2026-05-08 20:20:25 | INFO | my_functions.py:172 | Searching claim!.PNG (timeout=0s)
2026-05-08 20:20:25 | INFO | my_functions.py:209 | 
⛔ Not found: claim!.PNG after 0.0s region=(0, 0, 765, 1038) confidence=0.8
2026-05-08 20:20:25 | INFO | my_functions.py:258 | [DEBUG] Click skipped, image not found: claim!.PNG
2026-05-08 20:20:25 | INFO | my_functions.py:231 | [DEBUG] wait_for_image_and_click -> claim_hover.PNG timeout=0s delay_click=1s confidence=0.8
2026-05-08 20:20:25 | INFO | my_functions.py:172 | Searching claim_hover.PNG (timeout=0s)
2026-05-08 20:20:25 | INFO | my_functions.py:209 | 
⛔ Not found: claim_hover.PNG after 0.0s region=(0, 0, 765, 1038) confidence=0.8
2026-05-08 20:20:25 | INFO | my_functions.py:258 | [DEBUG] Click skipped, image not found: claim_hover.PNG
2026-05-08 20:20:25 | INFO | my_functions.py:231 | [DEBUG] wait_for_image_and_click -> nice_hover_half.PNG timeout=0s delay_click=1s confidence=0.8
2026-05-08 20:20:25 | INFO | my_functions.py:172 | Searching nice_hover_half.PNG (timeout=0s)
2026-05-08 20:20:25 | INFO | my_functions.py:209 | 
⛔ Not found: nice_hover_half.PNG after 0.0s region=(0, 0, 765, 1038) confidence=0.8
2026-05-08 20:20:25 | INFO | my_functions.py:258 | [DEBUG] Click skipped, image not found: nice_hover_half.PNG
2026-05-08 20:20:25 | INFO | my_functions.py:231 | [DEBUG] wait_for_image_and_click -> claim_After_receive_new_deck.PNG timeout=0s delay_click=1s confidence=0.8
2026-05-08 20:20:25 | INFO | my_functions.py:172 | Searching claim_After_receive_new_deck.PNG (timeout=0s)
2026-05-08 20:20:26 | INFO | my_functions.py:209 | 
⛔ Not found: claim_After_receive_new_deck.PNG after 0.0s region=(0, 0, 765, 1038) confidence=0.8
2026-05-08 20:20:26 | INFO | my_functions.py:258 | [DEBUG] Click skipped, image not found: claim_After_receive_new_deck.PNG
2026-05-08 20:20:26 | INFO | my_functions.py:231 | [DEBUG] wait_for_image_and_click -> nice!.PNG timeout=0s delay_click=1s confidence=0.8
2026-05-08 20:20:26 | INFO | my_functions.py:172 | Searching nice!.PNG (timeout=0s)
2026-05-08 20:20:26 | INFO | my_functions.py:209 | 
⛔ Not found: nice!.PNG after 0.0s region=(0, 0, 765, 1038) confidence=0.8
2026-05-08 20:20:26 | INFO | my_functions.py:258 | [DEBUG] Click skipped, image not found: nice!.PNG
2026-05-08 20:20:26 | INFO | my_functions.py:231 | [DEBUG] wait_for_image_and_click -> claim!.PNG timeout=0s delay_click=1s confidence=0.8
2026-05-08 20:20:26 | INFO | my_functions.py:172 | Searching claim!.PNG (timeout=0s)
2026-05-08 20:20:26 | INFO | my_functions.py:209 | 
⛔ Not found: claim!.PNG after 0.01s region=(0, 0, 765, 1038) confidence=0.8
2026-05-08 20:20:26 | INFO | my_functions.py:258 | [DEBUG] Click skipped, image not found: claim!.PNG
2026-05-08 20:20:26 | INFO | my_functions.py:231 | [DEBUG] wait_for_image_and_click -> claim_hover.PNG timeout=0s delay_click=1s confidence=0.8
2026-05-08 20:20:26 | INFO | my_functions.py:172 | Searching claim_hover.PNG (timeout=0s)
2026-05-08 20:20:26 | INFO | my_functions.py:209 | 
⛔ Not found: claim_hover.PNG after 0.0s region=(0, 0, 765, 1038) confidence=0.8
2026-05-08 20:20:26 | INFO | my_functions.py:258 | [DEBUG] Click skipped, image not found: claim_hover.PNG
2026-05-08 20:20:26 | INFO | my_functions.py:231 | [DEBUG] wait_for_image_and_click -> nice_hover_half.PNG timeout=0s delay_click=1s confidence=0.8
2026-05-08 20:20:26 | INFO | my_functions.py:172 | Searching nice_hover_half.PNG (timeout=0s)
2026-05-08 20:20:27 | INFO | my_functions.py:209 | 
⛔ Not found: nice_hover_half.PNG after 0.0s region=(0, 0, 765, 1038) confidence=0.8
2026-05-08 20:20:27 | INFO | my_functions.py:258 | [DEBUG] Click skipped, image not found: nice_hover_half.PNG
2026-05-08 20:20:27 | INFO | my_functions.py:231 | [DEBUG] wait_for_image_and_click -> claim_After_receive_new_deck.PNG timeout=0s delay_click=1s confidence=0.8
2026-05-08 20:20:27 | INFO | my_functions.py:172 | Searching claim_After_receive_new_deck.PNG (timeout=0s)
2026-05-08 20:20:27 | INFO | my_functions.py:209 | 
⛔ Not found: claim_After_receive_new_deck.PNG after 0.0s region=(0, 0, 765, 1038) confidence=0.8
2026-05-08 20:20:27 | INFO | my_functions.py:258 | [DEBUG] Click skipped, image not found: claim_After_receive_new_deck.PNG
2026-05-08 20:20:27 | INFO | my_functions.py:231 | [DEBUG] wait_for_image_and_click -> nice!.PNG timeout=0s delay_click=1s confidence=0.8
2026-05-08 20:20:27 | INFO | my_functions.py:172 | Searching nice!.PNG (timeout=0s)
2026-05-08 20:20:27 | INFO | my_functions.py:209 | 
⛔ Not found: nice!.PNG after 0.0s region=(0, 0, 765, 1038) confidence=0.8
2026-05-08 20:20:27 | INFO | my_functions.py:258 | [DEBUG] Click skipped, image not found: nice!.PNG
2026-05-08 20:20:27 | INFO | my_functions.py:231 | [DEBUG] wait_for_image_and_click -> claim!.PNG timeout=0s delay_click=1s confidence=0.8
2026-05-08 20:20:27 | INFO | my_functions.py:172 | Searching claim!.PNG (timeout=0s)
2026-05-08 20:20:27 | INFO | my_functions.py:209 | 
⛔ Not found: claim!.PNG after 0.0s region=(0, 0, 765, 1038) confidence=0.8
2026-05-08 20:20:27 | INFO | my_functions.py:258 | [DEBUG] Click skipped, image not found: claim!.PNG
2026-05-08 20:20:27 | INFO | my_functions.py:231 | [DEBUG] wait_for_image_and_click -> claim_hover.PNG timeout=0s delay_click=1s confidence=0.8
2026-05-08 20:20:27 | INFO | my_functions.py:172 | Searching claim_hover.PNG (timeout=0s)
2026-05-08 20:20:27 | INFO | my_functions.py:209 | 
⛔ Not found: claim_hover.PNG after 0.0s region=(0, 0, 765, 1038) confidence=0.8
2026-05-08 20:20:27 | INFO | my_functions.py:258 | [DEBUG] Click skipped, image not found: claim_hover.PNG
2026-05-08 20:20:27 | INFO | my_functions.py:231 | [DEBUG] wait_for_image_and_click -> nice_hover_half.PNG timeout=0s delay_click=1s confidence=0.8
2026-05-08 20:20:27 | INFO | my_functions.py:172 | Searching nice_hover_half.PNG (timeout=0s)
2026-05-08 20:20:28 | INFO | my_functions.py:209 | 
⛔ Not found: nice_hover_half.PNG after 0.0s region=(0, 0, 765, 1038) confidence=0.8
2026-05-08 20:20:28 | INFO | my_functions.py:258 | [DEBUG] Click skipped, image not found: nice_hover_half.PNG
2026-05-08 20:20:28 | INFO | my_functions.py:231 | [DEBUG] wait_for_image_and_click -> claim_After_receive_new_deck.PNG timeout=0s delay_click=1s confidence=0.8
2026-05-08 20:20:28 | INFO | my_functions.py:172 | Searching claim_After_receive_new_deck.PNG (timeout=0s)
2026-05-08 20:20:28 | INFO | my_functions.py:209 | 
⛔ Not found: claim_After_receive_new_deck.PNG after 0.0s region=(0, 0, 765, 1038) confidence=0.8
2026-05-08 20:20:28 | INFO | my_functions.py:258 | [DEBUG] Click skipped, image not found: claim_After_receive_new_deck.PNG
2026-05-08 20:20:28 | INFO | my_functions.py:231 | [DEBUG] wait_for_image_and_click -> nice!.PNG timeout=0s delay_click=1s confidence=0.8
2026-05-08 20:20:28 | INFO | my_functions.py:172 | Searching nice!.PNG (timeout=0s)
2026-05-08 20:20:28 | INFO | my_functions.py:209 | 
⛔ Not found: nice!.PNG after 0.0s region=(0, 0, 765, 1038) confidence=0.8
2026-05-08 20:20:28 | INFO | my_functions.py:258 | [DEBUG] Click skipped, image not found: nice!.PNG
2026-05-08 20:20:28 | INFO | my_functions.py:231 | [DEBUG] wait_for_image_and_click -> claim!.PNG timeout=0s delay_click=1s confidence=0.8
2026-05-08 20:20:28 | INFO | my_functions.py:172 | Searching claim!.PNG (timeout=0s)
2026-05-08 20:20:28 | INFO | my_functions.py:209 | 
⛔ Not found: claim!.PNG after 0.0s region=(0, 0, 765, 1038) confidence=0.8
2026-05-08 20:20:28 | INFO | my_functions.py:258 | [DEBUG] Click skipped, image not found: claim!.PNG
2026-05-08 20:20:28 | INFO | my_functions.py:231 | [DEBUG] wait_for_image_and_click -> claim_hover.PNG timeout=0s delay_click=1s confidence=0.8
2026-05-08 20:20:28 | INFO | my_functions.py:172 | Searching claim_hover.PNG (timeout=0s)
2026-05-08 20:20:29 | INFO | my_functions.py:209 | 
⛔ Not found: claim_hover.PNG after 0.0s region=(0, 0, 765, 1038) confidence=0.8
2026-05-08 20:20:29 | INFO | my_functions.py:258 | [DEBUG] Click skipped, image not found: claim_hover.PNG
2026-05-08 20:20:29 | INFO | my_functions.py:231 | [DEBUG] wait_for_image_and_click -> nice_hover_half.PNG timeout=0s delay_click=1s confidence=0.8
2026-05-08 20:20:29 | INFO | my_functions.py:172 | Searching nice_hover_half.PNG (timeout=0s)
2026-05-08 20:20:29 | INFO | my_functions.py:209 | 
⛔ Not found: nice_hover_half.PNG after 0.0s region=(0, 0, 765, 1038) confidence=0.8
2026-05-08 20:20:29 | INFO | my_functions.py:258 | [DEBUG] Click skipped, image not found: nice_hover_half.PNG
2026-05-08 20:20:29 | INFO | my_functions.py:231 | [DEBUG] wait_for_image_and_click -> claim_After_receive_new_deck.PNG timeout=0s delay_click=1s confidence=0.8
2026-05-08 20:20:29 | INFO | my_functions.py:172 | Searching claim_After_receive_new_deck.PNG (timeout=0s)
2026-05-08 20:20:29 | INFO | my_functions.py:209 | 
⛔ Not found: claim_After_receive_new_deck.PNG after 0.0s region=(0, 0, 765, 1038) confidence=0.8
2026-05-08 20:20:29 | INFO | my_functions.py:258 | [DEBUG] Click skipped, image not found: claim_After_receive_new_deck.PNG
2026-05-08 20:20:29 | INFO | my_functions.py:231 | [DEBUG] wait_for_image_and_click -> nice!.PNG timeout=0s delay_click=1s confidence=0.8
2026-05-08 20:20:29 | INFO | my_functions.py:172 | Searching nice!.PNG (timeout=0s)
2026-05-08 20:20:29 | INFO | my_functions.py:209 | 
⛔ Not found: nice!.PNG after 0.0s region=(0, 0, 765, 1038) confidence=0.8
2026-05-08 20:20:29 | INFO | my_functions.py:258 | [DEBUG] Click skipped, image not found: nice!.PNG
2026-05-08 20:20:29 | INFO | my_functions.py:231 | [DEBUG] wait_for_image_and_click -> claim!.PNG timeout=0s delay_click=1s confidence=0.8
2026-05-08 20:20:29 | INFO | my_functions.py:172 | Searching claim!.PNG (timeout=0s)
2026-05-08 20:20:30 | INFO | my_functions.py:209 | 
⛔ Not found: claim!.PNG after 0.0s region=(0, 0, 765, 1038) confidence=0.8
2026-05-08 20:20:30 | INFO | my_functions.py:258 | [DEBUG] Click skipped, image not found: claim!.PNG
2026-05-08 20:20:30 | INFO | my_functions.py:231 | [DEBUG] wait_for_image_and_click -> claim_hover.PNG timeout=0s delay_click=1s confidence=0.8
2026-05-08 20:20:30 | INFO | my_functions.py:172 | Searching claim_hover.PNG (timeout=0s)
2026-05-08 20:20:30 | INFO | my_functions.py:209 | 
⛔ Not found: claim_hover.PNG after 0.0s region=(0, 0, 765, 1038) confidence=0.8
2026-05-08 20:20:30 | INFO | my_functions.py:258 | [DEBUG] Click skipped, image not found: claim_hover.PNG
2026-05-08 20:20:30 | INFO | my_functions.py:231 | [DEBUG] wait_for_image_and_click -> nice_hover_half.PNG timeout=0s delay_click=1s confidence=0.8
2026-05-08 20:20:30 | INFO | my_functions.py:172 | Searching nice_hover_half.PNG (timeout=0s)
2026-05-08 20:20:30 | INFO | my_functions.py:209 | 
⛔ Not found: nice_hover_half.PNG after 0.0s region=(0, 0, 765, 1038) confidence=0.8
2026-05-08 20:20:30 | INFO | my_functions.py:258 | [DEBUG] Click skipped, image not found: nice_hover_half.PNG
2026-05-08 20:20:30 | INFO | my_functions.py:231 | [DEBUG] wait_for_image_and_click -> claim_After_receive_new_deck.PNG timeout=0s delay_click=1s confidence=0.8
2026-05-08 20:20:30 | INFO | my_functions.py:172 | Searching claim_After_receive_new_deck.PNG (timeout=0s)
2026-05-08 20:20:30 | INFO | my_functions.py:209 | 
⛔ Not found: claim_After_receive_new_deck.PNG after 0.0s region=(0, 0, 765, 1038) confidence=0.8
2026-05-08 20:20:30 | INFO | my_functions.py:258 | [DEBUG] Click skipped, image not found: claim_After_receive_new_deck.PNG
2026-05-08 20:20:38 | INFO | my_functions.py:172 | Searching shop_unselected.PNG (timeout=0s)
2026-05-08 20:20:39 | INFO | my_functions.py:209 | 
⛔ Not found: shop_unselected.PNG after 0.0s region=(0, 0, 765, 1038) confidence=0.8
2026-05-08 20:20:40 | INFO | my_functions.py:172 | Searching shop_unselected.PNG (timeout=0s)
2026-05-08 20:20:40 | INFO | my_functions.py:209 | 
⛔ Not found: shop_unselected.PNG after 0.0s region=(0, 0, 765, 1038) confidence=0.8
2026-05-08 20:20:40 | INFO | my_functions.py:231 | [DEBUG] wait_for_image_and_click -> super_premium.PNG timeout=0s delay_click=1s confidence=0.8
2026-05-08 20:20:40 | INFO | my_functions.py:172 | Searching super_premium.PNG (timeout=0s)
2026-05-08 20:20:40 | INFO | my_functions.py:198 | 
✅ Found: super_premium.PNG pos=(480, 777) time=0.17s confidence=0.8
2026-05-08 20:20:41 | INFO | my_functions.py:138 | Haciendo click en la posición (480, 777)
2026-05-08 20:20:41 | INFO | my_functions.py:251 | 🖱️ Click OK: super_premium.PNG at (480, 777) delay=1s
2026-05-08 20:20:41 | INFO | my_functions.py:146 | Presionando ESC (1/1)
2026-05-08 20:20:50 | INFO | my_functions.py:172 | Searching shop_unselected.PNG (timeout=0s)
2026-05-08 20:20:50 | INFO | my_functions.py:198 | 
✅ Found: shop_unselected.PNG pos=(88, 961) time=0.2s confidence=0.8
2026-05-08 20:20:50 | INFO | my_functions.py:720 | Ya esta listo
2026-05-08 20:20:50 | INFO | each_eight_hours.py:163 | Initial images processed
2026-05-08 20:20:50 | INFO | each_eight_hours.py:166 | Chrome terminated
2026-05-08 20:20:50 | INFO | my_functions.py:231 | [DEBUG] wait_for_image_and_click -> missions_unnotified2.png timeout=20s delay_click=1s confidence=0.8
2026-05-08 20:20:50 | INFO | my_functions.py:172 | Searching missions_unnotified2.png (timeout=20s)
2026-05-08 20:20:51 | INFO | my_functions.py:198 | 
✅ Found: missions_unnotified2.png pos=(516, 127) time=0.21s confidence=0.8
2026-05-08 20:20:52 | INFO | my_functions.py:138 | Haciendo click en la posición (516, 127)
2026-05-08 20:20:52 | INFO | my_functions.py:251 | 🖱️ Click OK: missions_unnotified2.png at (516, 127) delay=1s
2026-05-08 20:20:52 | INFO | my_functions.py:231 | [DEBUG] wait_for_image_and_click -> calendar_missions_daily.png timeout=3s delay_click=1s confidence=0.8
2026-05-08 20:20:52 | INFO | my_functions.py:172 | Searching calendar_missions_daily.png (timeout=3s)
2026-05-08 20:20:53 | INFO | my_functions.py:198 | 
✅ Found: calendar_missions_daily.png pos=(189, 131) time=1.38s confidence=0.8
2026-05-08 20:20:54 | INFO | my_functions.py:138 | Haciendo click en la posición (189, 131)
2026-05-08 20:20:54 | INFO | my_functions.py:251 | 🖱️ Click OK: calendar_missions_daily.png at (189, 131) delay=1s
2026-05-08 20:20:54 | INFO | each_eight_hours.py:180 | Mission screens opened
2026-05-08 20:20:54 | INFO | my_functions.py:295 | JSON file located at C:\Users\Farm\AppData\LocalLow\Second Dinner\SNAP\Standalone\States\nvprod\MissionState.json
2026-05-08 20:20:57 | INFO | my_functions.py:434 | AVAILABLE: 6
2026-05-08 20:20:57 | INFO | my_functions.py:444 | [INFO] Waiting for Notepad++ process...
2026-05-08 20:20:57 | INFO | my_functions.py:458 | [INFO] Notepad++ detected PID=9960
2026-05-08 20:21:00 | INFO | my_functions.py:466 | [SUCCESS] Notepad++ closed successfully
2026-05-08 20:21:01 | INFO | my_functions.py:1593 | [INFO] Iniciando click_missions_blue2
2026-05-08 20:21:01 | INFO | my_functions.py:138 | Haciendo click en la posición (150, 132)
2026-05-08 20:21:03 | INFO | my_functions.py:1596 | [ACTION] Click hecho en icono de calendario que me dirige a las misiones ordinarias
2026-05-08 20:21:03 | INFO | my_functions.py:172 | Searching bonus_challenge.png (timeout=0s)
2026-05-08 20:21:03 | INFO | my_functions.py:209 | 
⛔ Not found: bonus_challenge.png after 0.0s region=(0, 0, 765, 1038) confidence=0.8
2026-05-08 20:21:05 | INFO | my_functions.py:172 | Searching flechita_mission.PNG (timeout=0s)
2026-05-08 20:21:49 | INFO | my_functions.py:209 | 
⛔ Not found: flechita_mission.PNG after 0.0s region=(0, 0, 765, 1038) confidence=0.8
2026-05-08 20:21:49 | INFO | my_functions.py:231 | [DEBUG] wait_for_image_and_click -> weekly3.PNG timeout=0s delay_click=0.1s confidence=0.8
2026-05-08 20:21:49 | INFO | my_functions.py:172 | Searching weekly3.PNG (timeout=0s)
2026-05-08 20:21:49 | INFO | my_functions.py:209 | 
⛔ Not found: weekly3.PNG after 0.03s region=(0, 0, 765, 1038) confidence=0.8
2026-05-08 20:21:49 | INFO | my_functions.py:258 | [DEBUG] Click skipped, image not found: weekly3.PNG
2026-05-08 20:21:49 | INFO | my_functions.py:231 | [DEBUG] wait_for_image_and_click -> weekly3.PNG timeout=0s delay_click=0.1s confidence=0.8
2026-05-08 20:21:49 | INFO | my_functions.py:172 | Searching weekly3.PNG (timeout=0s)
2026-05-08 20:21:50 | INFO | my_functions.py:209 | 
⛔ Not found: weekly3.PNG after 0.01s region=(0, 0, 765, 1038) confidence=0.8
2026-05-08 20:21:50 | INFO | my_functions.py:258 | [DEBUG] Click skipped, image not found: weekly3.PNG
2026-05-08 20:21:50 | INFO | my_functions.py:231 | [DEBUG] wait_for_image_and_click -> weekly3.PNG timeout=0s delay_click=0.1s confidence=0.8
2026-05-08 20:21:50 | INFO | my_functions.py:172 | Searching weekly3.PNG (timeout=0s)
2026-05-08 20:21:50 | INFO | my_functions.py:209 | 
⛔ Not found: weekly3.PNG after 0.0s region=(0, 0, 765, 1038) confidence=0.8
2026-05-08 20:21:50 | INFO | my_functions.py:258 | [DEBUG] Click skipped, image not found: weekly3.PNG
2026-05-08 20:21:50 | INFO | my_functions.py:231 | [DEBUG] wait_for_image_and_click -> weekly3.PNG timeout=0s delay_click=0.1s confidence=0.8
2026-05-08 20:21:50 | INFO | my_functions.py:172 | Searching weekly3.PNG (timeout=0s)
2026-05-08 20:21:51 | INFO | my_functions.py:209 | 
⛔ Not found: weekly3.PNG after 0.0s region=(0, 0, 765, 1038) confidence=0.8
2026-05-08 20:21:51 | INFO | my_functions.py:258 | [DEBUG] Click skipped, image not found: weekly3.PNG
2026-05-08 20:21:51 | INFO | my_functions.py:231 | [DEBUG] wait_for_image_and_click -> weekly3.PNG timeout=0s delay_click=0.1s confidence=0.8
2026-05-08 20:21:51 | INFO | my_functions.py:172 | Searching weekly3.PNG (timeout=0s)
2026-05-08 20:21:51 | INFO | my_functions.py:209 | 
⛔ Not found: weekly3.PNG after 0.01s region=(0, 0, 765, 1038) confidence=0.8
2026-05-08 20:21:51 | INFO | my_functions.py:258 | [DEBUG] Click skipped, image not found: weekly3.PNG
2026-05-08 20:21:51 | INFO | my_functions.py:295 | JSON file located at C:\Users\Farm\AppData\LocalLow\Second Dinner\SNAP\Standalone\States\nvprod\MissionState.json
2026-05-08 20:21:54 | INFO | my_functions.py:434 | AVAILABLE: 6
2026-05-08 20:21:54 | INFO | my_functions.py:444 | [INFO] Waiting for Notepad++ process...
2026-05-08 20:21:54 | INFO | my_functions.py:458 | [INFO] Notepad++ detected PID=856
2026-05-08 20:21:57 | INFO | my_functions.py:466 | [SUCCESS] Notepad++ closed successfully
2026-05-08 20:21:58 | INFO | my_functions.py:146 | Presionando ESC (1/1)
2026-05-08 20:21:59 | INFO | my_functions.py:231 | [DEBUG] wait_for_image_and_click -> white_x.png timeout=2s delay_click=1s confidence=0.8
2026-05-08 20:21:59 | INFO | my_functions.py:172 | Searching white_x.png (timeout=2s)
2026-05-08 20:22:01 | INFO | my_functions.py:209 | 
⛔ Not found: white_x.png after 2.09s region=(0, 0, 765, 1038) confidence=0.8
2026-05-08 20:22:01 | INFO | my_functions.py:258 | [DEBUG] Click skipped, image not found: white_x.png
2026-05-08 20:22:01 | INFO | my_functions.py:172 | Searching play.PNG (timeout=0s)
2026-05-08 20:22:01 | INFO | my_functions.py:198 | 
✅ Found: play.PNG pos=(384, 824) time=0.2s confidence=0.8
2026-05-08 20:22:01 | INFO | my_functions.py:1563 | [INFO] Click realizado donde se equipa el deck a jugar
2026-05-08 20:22:05 | INFO | my_functions.py:231 | [DEBUG] wait_for_image_and_click -> deck_666666.png timeout=3s delay_click=1s confidence=0.8
2026-05-08 20:22:05 | INFO | my_functions.py:172 | Searching deck_666666.png (timeout=3s)
2026-05-08 20:22:05 | INFO | my_functions.py:198 | 
✅ Found: deck_666666.png pos=(235, 546) time=0.19s confidence=0.8
2026-05-08 20:22:06 | INFO | my_functions.py:138 | Haciendo click en la posición (235, 546)
2026-05-08 20:22:07 | INFO | my_functions.py:251 | 🖱️ Click OK: deck_666666.png at (235, 546) delay=1s
2026-05-08 20:22:07 | INFO | my_functions.py:231 | [DEBUG] wait_for_image_and_click -> equip.png timeout=3s delay_click=1s confidence=0.95
2026-05-08 20:22:07 | INFO | my_functions.py:172 | Searching equip.png (timeout=3s)
2026-05-08 20:22:07 | INFO | my_functions.py:198 | 
✅ Found: equip.png pos=(548, 983) time=0.21s confidence=0.95
2026-05-08 20:22:08 | INFO | my_functions.py:138 | Haciendo click en la posición (548, 983)
2026-05-08 20:22:08 | INFO | my_functions.py:251 | 🖱️ Click OK: equip.png at (548, 983) delay=1s
2026-05-08 20:22:08 | INFO | each_eight_hours.py:217 | Deck selected: 6turns
2026-05-08 20:22:08 | INFO | my_functions.py:231 | [DEBUG] wait_for_image_and_click -> maybe_later.PNG timeout=2s delay_click=1s confidence=0.8
2026-05-08 20:22:08 | INFO | my_functions.py:172 | Searching maybe_later.PNG (timeout=2s)
2026-05-08 20:22:10 | INFO | my_functions.py:209 | 
⛔ Not found: maybe_later.PNG after 2.15s region=(0, 0, 765, 1038) confidence=0.8
2026-05-08 20:22:10 | INFO | my_functions.py:258 | [DEBUG] Click skipped, image not found: maybe_later.PNG
2026-05-08 20:22:10 | INFO | my_functions.py:231 | [DEBUG] wait_for_image_and_click -> maybe_later2.PNG timeout=2s delay_click=1s confidence=0.8
2026-05-08 20:22:10 | INFO | my_functions.py:172 | Searching maybe_later2.PNG (timeout=2s)
2026-05-08 20:22:13 | INFO | my_functions.py:209 | 
⛔ Not found: maybe_later2.PNG after 2.12s region=(0, 0, 765, 1038) confidence=0.8
2026-05-08 20:22:13 | INFO | my_functions.py:258 | [DEBUG] Click skipped, image not found: maybe_later2.PNG
2026-05-08 20:22:13 | INFO | each_eight_hours.py:287 | Starting game loop 1
2026-05-08 20:22:13 | INFO | my_functions.py:231 | [DEBUG] wait_for_image_and_click -> play.PNG timeout=20s delay_click=3s confidence=0.8
2026-05-08 20:22:13 | INFO | my_functions.py:172 | Searching play.PNG (timeout=20s)
2026-05-08 20:22:13 | INFO | my_functions.py:198 | 
✅ Found: play.PNG pos=(384, 824) time=0.2s confidence=0.8
2026-05-08 20:22:16 | INFO | my_functions.py:138 | Haciendo click en la posición (384, 824)
2026-05-08 20:22:16 | INFO | my_functions.py:251 | 🖱️ Click OK: play.PNG at (384, 824) delay=3s
2026-05-08 20:22:16 | INFO | each_eight_hours.py:293 | Play button clicked
2026-05-08 20:22:47 | INFO | my_functions.py:198 | 
✅ Found: end_turn.PNG pos=(681, 945) time=0.22s confidence=0.8
2026-05-08 20:22:47 | INFO | my_functions.py:231 | [DEBUG] wait_for_image_and_click -> snap.PNG timeout=0s delay_click=1s confidence=0.8
2026-05-08 20:22:47 | INFO | my_functions.py:198 | 
✅ Found: snap.PNG pos=(386, 122) time=0.23s confidence=0.8
2026-05-08 20:22:48 | INFO | my_functions.py:138 | Haciendo click en la posición (386, 122)
2026-05-08 20:22:48 | INFO | my_functions.py:251 | 🖱️ Click OK: snap.PNG at (386, 122) delay=1s
2026-05-08 20:22:53 | INFO | my_functions.py:138 | Haciendo click en la posición (681, 945)
2026-05-08 20:22:55 | INFO | each_eight_hours.py:314 | End turn executed
2026-05-08 20:23:11 | INFO | my_functions.py:198 | 
✅ Found: end_turn.PNG pos=(681, 945) time=0.18s confidence=0.8
2026-05-08 20:23:11 | INFO | my_functions.py:231 | [DEBUG] wait_for_image_and_click -> snap.PNG timeout=0s delay_click=1s confidence=0.8
2026-05-08 20:23:11 | INFO | my_functions.py:258 | [DEBUG] Click skipped, image not found: snap.PNG
2026-05-08 20:23:16 | INFO | my_functions.py:138 | Haciendo click en la posición (681, 945)
2026-05-08 20:23:17 | INFO | each_eight_hours.py:314 | End turn executed
2026-05-08 20:23:35 | INFO | my_functions.py:198 | 
✅ Found: end_turn.PNG pos=(681, 945) time=0.17s confidence=0.8
2026-05-08 20:23:35 | INFO | my_functions.py:231 | [DEBUG] wait_for_image_and_click -> snap.PNG timeout=0s delay_click=1s confidence=0.8
2026-05-08 20:23:35 | INFO | my_functions.py:258 | [DEBUG] Click skipped, image not found: snap.PNG
2026-05-08 20:23:40 | INFO | my_functions.py:138 | Haciendo click en la posición (681, 945)
2026-05-08 20:23:42 | INFO | each_eight_hours.py:314 | End turn executed
2026-05-08 20:23:58 | INFO | my_functions.py:198 | 
✅ Found: end_turn.PNG pos=(681, 945) time=0.21s confidence=0.8
2026-05-08 20:23:58 | INFO | my_functions.py:231 | [DEBUG] wait_for_image_and_click -> snap.PNG timeout=0s delay_click=1s confidence=0.8
2026-05-08 20:23:59 | INFO | my_functions.py:258 | [DEBUG] Click skipped, image not found: snap.PNG
2026-05-08 20:24:04 | INFO | my_functions.py:138 | Haciendo click en la posición (681, 945)
2026-05-08 20:24:05 | INFO | each_eight_hours.py:314 | End turn executed
2026-05-08 20:24:14 | INFO | my_functions.py:198 | 
✅ Found: end_turn.PNG pos=(681, 945) time=0.2s confidence=0.8
2026-05-08 20:24:14 | INFO | my_functions.py:231 | [DEBUG] wait_for_image_and_click -> snap.PNG timeout=0s delay_click=1s confidence=0.8
2026-05-08 20:24:15 | INFO | my_functions.py:258 | [DEBUG] Click skipped, image not found: snap.PNG
2026-05-08 20:24:20 | INFO | my_functions.py:138 | Haciendo click en la posición (681, 945)
2026-05-08 20:24:21 | INFO | each_eight_hours.py:314 | End turn executed
2026-05-08 20:24:35 | INFO | my_functions.py:198 | 
✅ Found: end_turn.PNG pos=(681, 945) time=0.2s confidence=0.8
2026-05-08 20:24:35 | INFO | my_functions.py:231 | [DEBUG] wait_for_image_and_click -> snap.PNG timeout=0s delay_click=1s confidence=0.8
2026-05-08 20:24:35 | INFO | my_functions.py:258 | [DEBUG] Click skipped, image not found: snap.PNG
2026-05-08 20:24:41 | INFO | my_functions.py:138 | Haciendo click en la posición (681, 945)
2026-05-08 20:24:42 | INFO | each_eight_hours.py:314 | End turn executed
2026-05-08 20:25:23 | INFO | my_functions.py:198 | 
✅ Found: collect_rewards.PNG pos=(679, 1009) time=0.24s confidence=0.8
2026-05-08 20:25:23 | INFO | each_eight_hours.py:353 | Rewards detected, exiting match
2026-05-08 20:25:23 | INFO | my_functions.py:231 | [DEBUG] wait_for_image_and_click -> collect_rewards.PNG timeout=20s delay_click=1s confidence=0.8
2026-05-08 20:25:23 | INFO | my_functions.py:172 | Searching collect_rewards.PNG (timeout=20s)
2026-05-08 20:25:23 | INFO | my_functions.py:198 | 
✅ Found: collect_rewards.PNG pos=(679, 963) time=0.24s confidence=0.8
2026-05-08 20:25:24 | INFO | my_functions.py:138 | Haciendo click en la posición (679, 963)
2026-05-08 20:25:25 | INFO | my_functions.py:251 | 🖱️ Click OK: collect_rewards.PNG at (679, 963) delay=1s
2026-05-08 20:25:25 | INFO | my_functions.py:231 | [DEBUG] wait_for_image_and_click -> next.PNG timeout=20s delay_click=1s confidence=0.8
2026-05-08 20:25:25 | INFO | my_functions.py:172 | Searching next.PNG (timeout=20s)
2026-05-08 20:25:28 | INFO | my_functions.py:198 | 
✅ Found: next.PNG pos=(677, 973) time=3.15s confidence=0.8
2026-05-08 20:25:29 | INFO | my_functions.py:138 | Haciendo click en la posición (677, 973)
2026-05-08 20:25:29 | INFO | my_functions.py:251 | 🖱️ Click OK: next.PNG at (677, 973) delay=1s
2026-05-08 20:25:33 | INFO | my_functions.py:434 | AVAILABLE: 6
2026-05-08 20:25:33 | INFO | my_functions.py:444 | [INFO] Waiting for Notepad++ process...
2026-05-08 20:25:33 | INFO | my_functions.py:458 | [INFO] Notepad++ detected PID=8292
2026-05-08 20:25:36 | INFO | my_functions.py:466 | [SUCCESS] Notepad++ closed successfully
2026-05-08 20:25:37 | INFO | each_eight_hours.py:421 | Submissions after match: 6
2026-05-08 20:25:37 | INFO | my_functions.py:378 | Misiones completadas: 2
2026-05-08 20:25:37 | INFO | each_eight_hours.py:425 | Submission condition met, breaking loop
2026-05-08 20:25:37 | INFO | my_functions.py:231 | [DEBUG] wait_for_image_and_click -> missionsNotify2.png timeout=20s delay_click=3s confidence=0.8
2026-05-08 20:25:37 | INFO | my_functions.py:172 | Searching missionsNotify2.png (timeout=20s)
2026-05-08 20:25:38 | INFO | my_functions.py:198 | 
✅ Found: missionsNotify2.png pos=(538, 124) time=0.22s confidence=0.8
2026-05-08 20:25:41 | INFO | my_functions.py:138 | Haciendo click en la posición (538, 124)
2026-05-08 20:25:41 | INFO | my_functions.py:251 | 🖱️ Click OK: missionsNotify2.png at (538, 124) delay=3s
2026-05-08 20:25:41 | INFO | my_functions.py:1593 | [INFO] Iniciando click_missions_blue2
2026-05-08 20:25:41 | INFO | my_functions.py:138 | Haciendo click en la posición (150, 132)
2026-05-08 20:25:42 | INFO | my_functions.py:1596 | [ACTION] Click hecho en icono de calendario que me dirige a las misiones ordinarias
2026-05-08 20:25:42 | INFO | my_functions.py:172 | Searching bonus_challenge.png (timeout=0s)
2026-05-08 20:25:42 | INFO | my_functions.py:209 | 
⛔ Not found: bonus_challenge.png after 0.0s region=(0, 0, 765, 1038) confidence=0.8
2026-05-08 20:25:44 | INFO | my_functions.py:138 | Haciendo click en la posición (362, 493)
2026-05-08 20:25:45 | INFO | my_functions.py:1609 | [ACTION] Click 1/2 en misión azul
2026-05-08 20:25:46 | INFO | my_functions.py:138 | Haciendo click en la posición (362, 493)
2026-05-08 20:25:47 | INFO | my_functions.py:1609 | [ACTION] Click 2/2 en misión azul
2026-05-08 20:25:48 | INFO | my_functions.py:172 | Searching flechita_mission.PNG (timeout=0s)
2026-05-08 20:25:48 | INFO | my_functions.py:209 | 
⛔ Not found: flechita_mission.PNG after 0.0s region=(0, 0, 765, 1038) confidence=0.8
2026-05-08 20:25:48 | INFO | my_functions.py:231 | [DEBUG] wait_for_image_and_click -> weekly3.PNG timeout=0s delay_click=0.1s confidence=0.8
2026-05-08 20:25:48 | INFO | my_functions.py:172 | Searching weekly3.PNG (timeout=0s)
2026-05-08 20:25:48 | INFO | my_functions.py:198 | 
✅ Found: weekly3.PNG pos=(307, 266) time=0.18s confidence=0.8
2026-05-08 20:25:48 | INFO | my_functions.py:138 | Haciendo click en la posición (307, 266)
2026-05-08 20:25:48 | INFO | my_functions.py:251 | 🖱️ Click OK: weekly3.PNG at (307, 266) delay=0.1s
2026-05-08 20:25:48 | INFO | my_functions.py:231 | [DEBUG] wait_for_image_and_click -> claim!.PNG timeout=0s delay_click=0.2s confidence=0.8
2026-05-08 20:25:48 | INFO | my_functions.py:172 | Searching claim!.PNG (timeout=0s)
2026-05-08 20:25:49 | INFO | my_functions.py:198 | 
✅ Found: claim!.PNG pos=(381, 924) time=0.24s confidence=0.8
2026-05-08 20:25:49 | INFO | my_functions.py:138 | Haciendo click en la posición (381, 924)
2026-05-08 20:25:49 | INFO | my_functions.py:251 | 🖱️ Click OK: claim!.PNG at (381, 924) delay=0.2s
2026-05-08 20:25:49 | INFO | my_functions.py:231 | [DEBUG] wait_for_image_and_click -> claim_hover.PNG timeout=0s delay_click=0.2s confidence=0.8
2026-05-08 20:25:49 | INFO | my_functions.py:172 | Searching claim_hover.PNG (timeout=0s)
2026-05-08 20:25:49 | INFO | my_functions.py:198 | 
✅ Found: claim_hover.PNG pos=(383, 921) time=0.24s confidence=0.8
2026-05-08 20:25:49 | INFO | my_functions.py:138 | Haciendo click en la posición (383, 921)
2026-05-08 20:25:50 | INFO | my_functions.py:251 | 🖱️ Click OK: claim_hover.PNG at (383, 921) delay=0.2s
2026-05-08 20:25:50 | INFO | my_functions.py:231 | [DEBUG] wait_for_image_and_click -> claim!.PNG timeout=0s delay_click=0.2s confidence=0.8
2026-05-08 20:25:50 | INFO | my_functions.py:172 | Searching claim!.PNG (timeout=0s)
2026-05-08 20:25:50 | INFO | my_functions.py:209 | 
⛔ Not found: claim!.PNG after 0.0s region=(0, 0, 765, 1038) confidence=0.8
2026-05-08 20:25:50 | INFO | my_functions.py:258 | [DEBUG] Click skipped, image not found: claim!.PNG
2026-05-08 20:25:50 | INFO | my_functions.py:231 | [DEBUG] wait_for_image_and_click -> claim_hover.PNG timeout=0s delay_click=0.2s confidence=0.8
2026-05-08 20:25:50 | INFO | my_functions.py:172 | Searching claim_hover.PNG (timeout=0s)
2026-05-08 20:25:50 | INFO | my_functions.py:198 | 
✅ Found: claim_hover.PNG pos=(383, 921) time=0.24s confidence=0.8
2026-05-08 20:25:50 | INFO | my_functions.py:138 | Haciendo click en la posición (383, 921)
2026-05-08 20:25:51 | INFO | my_functions.py:251 | 🖱️ Click OK: claim_hover.PNG at (383, 921) delay=0.2s
2026-05-08 20:25:51 | INFO | my_functions.py:231 | [DEBUG] wait_for_image_and_click -> claim!.PNG timeout=0s delay_click=0.2s confidence=0.8
2026-05-08 20:25:51 | INFO | my_functions.py:172 | Searching claim!.PNG (timeout=0s)
2026-05-08 20:25:51 | INFO | my_functions.py:209 | 
⛔ Not found: claim!.PNG after 0.01s region=(0, 0, 765, 1038) confidence=0.8
2026-05-08 20:25:51 | INFO | my_functions.py:258 | [DEBUG] Click skipped, image not found: claim!.PNG
2026-05-08 20:25:51 | INFO | my_functions.py:231 | [DEBUG] wait_for_image_and_click -> claim_hover.PNG timeout=0s delay_click=0.2s confidence=0.8
2026-05-08 20:25:51 | INFO | my_functions.py:172 | Searching claim_hover.PNG (timeout=0s)
2026-05-08 20:25:51 | INFO | my_functions.py:209 | 
⛔ Not found: claim_hover.PNG after 0.0s region=(0, 0, 765, 1038) confidence=0.8
2026-05-08 20:25:51 | INFO | my_functions.py:258 | [DEBUG] Click skipped, image not found: claim_hover.PNG
2026-05-08 20:25:51 | INFO | my_functions.py:231 | [DEBUG] wait_for_image_and_click -> claim!.PNG timeout=0s delay_click=0.2s confidence=0.8
2026-05-08 20:25:51 | INFO | my_functions.py:172 | Searching claim!.PNG (timeout=0s)
2026-05-08 20:25:51 | INFO | my_functions.py:209 | 
⛔ Not found: claim!.PNG after 0.01s region=(0, 0, 765, 1038) confidence=0.8
2026-05-08 20:25:51 | INFO | my_functions.py:258 | [DEBUG] Click skipped, image not found: claim!.PNG
2026-05-08 20:25:51 | INFO | my_functions.py:231 | [DEBUG] wait_for_image_and_click -> claim_hover.PNG timeout=0s delay_click=0.2s confidence=0.8
2026-05-08 20:25:51 | INFO | my_functions.py:172 | Searching claim_hover.PNG (timeout=0s)
2026-05-08 20:25:52 | INFO | my_functions.py:209 | 
⛔ Not found: claim_hover.PNG after 0.01s region=(0, 0, 765, 1038) confidence=0.8
2026-05-08 20:25:52 | INFO | my_functions.py:258 | [DEBUG] Click skipped, image not found: claim_hover.PNG
2026-05-08 20:25:52 | INFO | my_functions.py:231 | [DEBUG] wait_for_image_and_click -> claim!.PNG timeout=0s delay_click=0.2s confidence=0.8
2026-05-08 20:25:52 | INFO | my_functions.py:172 | Searching claim!.PNG (timeout=0s)
2026-05-08 20:25:52 | INFO | my_functions.py:209 | 
⛔ Not found: claim!.PNG after 0.01s region=(0, 0, 765, 1038) confidence=0.8
2026-05-08 20:25:52 | INFO | my_functions.py:258 | [DEBUG] Click skipped, image not found: claim!.PNG
2026-05-08 20:25:52 | INFO | my_functions.py:231 | [DEBUG] wait_for_image_and_click -> claim_hover.PNG timeout=0s delay_click=0.2s confidence=0.8
2026-05-08 20:25:52 | INFO | my_functions.py:172 | Searching claim_hover.PNG (timeout=0s)
2026-05-08 20:25:52 | INFO | my_functions.py:209 | 
⛔ Not found: claim_hover.PNG after 0.0s region=(0, 0, 765, 1038) confidence=0.8
2026-05-08 20:25:52 | INFO | my_functions.py:258 | [DEBUG] Click skipped, image not found: claim_hover.PNG
2026-05-08 20:25:52 | INFO | my_functions.py:231 | [DEBUG] wait_for_image_and_click -> claim!.PNG timeout=0s delay_click=0.2s confidence=0.8
2026-05-08 20:25:52 | INFO | my_functions.py:172 | Searching claim!.PNG (timeout=0s)
2026-05-08 20:25:52 | INFO | my_functions.py:209 | 
⛔ Not found: claim!.PNG after 0.01s region=(0, 0, 765, 1038) confidence=0.8
2026-05-08 20:25:52 | INFO | my_functions.py:258 | [DEBUG] Click skipped, image not found: claim!.PNG
2026-05-08 20:25:52 | INFO | my_functions.py:231 | [DEBUG] wait_for_image_and_click -> claim_hover.PNG timeout=0s delay_click=0.2s confidence=0.8
2026-05-08 20:25:52 | INFO | my_functions.py:172 | Searching claim_hover.PNG (timeout=0s)
2026-05-08 20:25:52 | INFO | my_functions.py:209 | 
⛔ Not found: claim_hover.PNG after 0.01s region=(0, 0, 765, 1038) confidence=0.8
2026-05-08 20:25:52 | INFO | my_functions.py:258 | [DEBUG] Click skipped, image not found: claim_hover.PNG
2026-05-08 20:25:52 | INFO | my_functions.py:231 | [DEBUG] wait_for_image_and_click -> claim!.PNG timeout=0s delay_click=0.2s confidence=0.8
2026-05-08 20:25:52 | INFO | my_functions.py:172 | Searching claim!.PNG (timeout=0s)
2026-05-08 20:25:53 | INFO | my_functions.py:209 | 
⛔ Not found: claim!.PNG after 0.01s region=(0, 0, 765, 1038) confidence=0.8
2026-05-08 20:25:53 | INFO | my_functions.py:258 | [DEBUG] Click skipped, image not found: claim!.PNG
2026-05-08 20:25:53 | INFO | my_functions.py:231 | [DEBUG] wait_for_image_and_click -> claim_hover.PNG timeout=0s delay_click=0.2s confidence=0.8
2026-05-08 20:25:53 | INFO | my_functions.py:172 | Searching claim_hover.PNG (timeout=0s)
2026-05-08 20:25:53 | INFO | my_functions.py:209 | 
⛔ Not found: claim_hover.PNG after 0.01s region=(0, 0, 765, 1038) confidence=0.8
2026-05-08 20:25:53 | INFO | my_functions.py:258 | [DEBUG] Click skipped, image not found: claim_hover.PNG
2026-05-08 20:25:53 | INFO | my_functions.py:231 | [DEBUG] wait_for_image_and_click -> claim!.PNG timeout=0s delay_click=0.2s confidence=0.8
2026-05-08 20:25:53 | INFO | my_functions.py:172 | Searching claim!.PNG (timeout=0s)
2026-05-08 20:25:53 | INFO | my_functions.py:209 | 
⛔ Not found: claim!.PNG after 0.01s region=(0, 0, 765, 1038) confidence=0.8
2026-05-08 20:25:53 | INFO | my_functions.py:258 | [DEBUG] Click skipped, image not found: claim!.PNG
2026-05-08 20:25:53 | INFO | my_functions.py:231 | [DEBUG] wait_for_image_and_click -> claim_hover.PNG timeout=0s delay_click=0.2s confidence=0.8
2026-05-08 20:25:53 | INFO | my_functions.py:172 | Searching claim_hover.PNG (timeout=0s)
2026-05-08 20:25:53 | INFO | my_functions.py:209 | 
⛔ Not found: claim_hover.PNG after 0.01s region=(0, 0, 765, 1038) confidence=0.8
2026-05-08 20:25:53 | INFO | my_functions.py:258 | [DEBUG] Click skipped, image not found: claim_hover.PNG
2026-05-08 20:25:53 | INFO | my_functions.py:231 | [DEBUG] wait_for_image_and_click -> weekly3.PNG timeout=0s delay_click=0.1s confidence=0.8
2026-05-08 20:25:53 | INFO | my_functions.py:172 | Searching weekly3.PNG (timeout=0s)
2026-05-08 20:25:54 | INFO | my_functions.py:209 | 
⛔ Not found: weekly3.PNG after 0.01s region=(0, 0, 765, 1038) confidence=0.8
2026-05-08 20:25:54 | INFO | my_functions.py:258 | [DEBUG] Click skipped, image not found: weekly3.PNG
2026-05-08 20:25:54 | INFO | my_functions.py:231 | [DEBUG] wait_for_image_and_click -> weekly3.PNG timeout=0s delay_click=0.1s confidence=0.8
2026-05-08 20:25:54 | INFO | my_functions.py:172 | Searching weekly3.PNG (timeout=0s)
2026-05-08 20:25:54 | INFO | my_functions.py:209 | 
⛔ Not found: weekly3.PNG after 0.01s region=(0, 0, 765, 1038) confidence=0.8
2026-05-08 20:25:54 | INFO | my_functions.py:258 | [DEBUG] Click skipped, image not found: weekly3.PNG
2026-05-08 20:25:54 | INFO | my_functions.py:231 | [DEBUG] wait_for_image_and_click -> weekly3.PNG timeout=0s delay_click=0.1s confidence=0.8
2026-05-08 20:25:54 | INFO | my_functions.py:172 | Searching weekly3.PNG (timeout=0s)
2026-05-08 20:25:54 | INFO | my_functions.py:209 | 
⛔ Not found: weekly3.PNG after 0.0s region=(0, 0, 765, 1038) confidence=0.8
2026-05-08 20:25:54 | INFO | my_functions.py:258 | [DEBUG] Click skipped, image not found: weekly3.PNG
2026-05-08 20:25:54 | INFO | my_functions.py:231 | [DEBUG] wait_for_image_and_click -> weekly3.PNG timeout=0s delay_click=0.1s confidence=0.8
2026-05-08 20:25:54 | INFO | my_functions.py:172 | Searching weekly3.PNG (timeout=0s)
2026-05-08 20:25:54 | INFO | my_functions.py:209 | 
⛔ Not found: weekly3.PNG after 0.0s region=(0, 0, 765, 1038) confidence=0.8
2026-05-08 20:25:54 | INFO | my_functions.py:258 | [DEBUG] Click skipped, image not found: weekly3.PNG
2026-05-08 20:25:54 | INFO | my_functions.py:231 | [DEBUG] wait_for_image_and_click -> weekly3.PNG timeout=0s delay_click=0.1s confidence=0.8
2026-05-08 20:25:54 | INFO | my_functions.py:172 | Searching weekly3.PNG (timeout=0s)
2026-05-08 20:25:54 | INFO | my_functions.py:209 | 
⛔ Not found: weekly3.PNG after 0.01s region=(0, 0, 765, 1038) confidence=0.8
2026-05-08 20:25:54 | INFO | my_functions.py:258 | [DEBUG] Click skipped, image not found: weekly3.PNG
2026-05-08 20:25:54 | INFO | my_functions.py:231 | [DEBUG] wait_for_image_and_click -> weekly3.PNG timeout=0s delay_click=0.1s confidence=0.8
2026-05-08 20:25:54 | INFO | my_functions.py:172 | Searching weekly3.PNG (timeout=0s)
2026-05-08 20:25:55 | INFO | my_functions.py:209 | 
⛔ Not found: weekly3.PNG after 0.01s region=(0, 0, 765, 1038) confidence=0.8
2026-05-08 20:25:55 | INFO | my_functions.py:258 | [DEBUG] Click skipped, image not found: weekly3.PNG
2026-05-08 20:25:55 | INFO | my_functions.py:231 | [DEBUG] wait_for_image_and_click -> weekly3.PNG timeout=0s delay_click=0.1s confidence=0.8
2026-05-08 20:25:55 | INFO | my_functions.py:172 | Searching weekly3.PNG (timeout=0s)
2026-05-08 20:25:55 | INFO | my_functions.py:209 | 
⛔ Not found: weekly3.PNG after 0.01s region=(0, 0, 765, 1038) confidence=0.8
2026-05-08 20:25:55 | INFO | my_functions.py:258 | [DEBUG] Click skipped, image not found: weekly3.PNG
2026-05-08 20:25:55 | INFO | my_functions.py:231 | [DEBUG] wait_for_image_and_click -> weekly3.PNG timeout=0s delay_click=0.1s confidence=0.8
2026-05-08 20:25:55 | INFO | my_functions.py:172 | Searching weekly3.PNG (timeout=0s)
2026-05-08 20:25:55 | INFO | my_functions.py:209 | 
⛔ Not found: weekly3.PNG after 0.01s region=(0, 0, 765, 1038) confidence=0.8
2026-05-08 20:25:55 | INFO | my_functions.py:258 | [DEBUG] Click skipped, image not found: weekly3.PNG
2026-05-08 20:25:55 | INFO | my_functions.py:231 | [DEBUG] wait_for_image_and_click -> weekly3.PNG timeout=0s delay_click=0.1s confidence=0.8
2026-05-08 20:25:55 | INFO | my_functions.py:172 | Searching weekly3.PNG (timeout=0s)
2026-05-08 20:25:55 | INFO | my_functions.py:209 | 
⛔ Not found: weekly3.PNG after 0.0s region=(0, 0, 765, 1038) confidence=0.8
2026-05-08 20:25:55 | INFO | my_functions.py:258 | [DEBUG] Click skipped, image not found: weekly3.PNG
2026-05-08 20:25:55 | INFO | my_functions.py:231 | [DEBUG] wait_for_image_and_click -> weekly3.PNG timeout=0s delay_click=0.1s confidence=0.8
2026-05-08 20:25:55 | INFO | my_functions.py:172 | Searching weekly3.PNG (timeout=0s)
2026-05-08 20:25:55 | INFO | my_functions.py:209 | 
⛔ Not found: weekly3.PNG after 0.01s region=(0, 0, 765, 1038) confidence=0.8
2026-05-08 20:25:55 | INFO | my_functions.py:258 | [DEBUG] Click skipped, image not found: weekly3.PNG
2026-05-08 20:25:55 | INFO | my_functions.py:231 | [DEBUG] wait_for_image_and_click -> weekly3.PNG timeout=0s delay_click=0.1s confidence=0.8
2026-05-08 20:25:55 | INFO | my_functions.py:172 | Searching weekly3.PNG (timeout=0s)
2026-05-08 20:25:56 | INFO | my_functions.py:209 | 
⛔ Not found: weekly3.PNG after 0.01s region=(0, 0, 765, 1038) confidence=0.8
2026-05-08 20:25:56 | INFO | my_functions.py:258 | [DEBUG] Click skipped, image not found: weekly3.PNG
2026-05-08 20:25:56 | INFO | my_functions.py:138 | Haciendo click en la posición (557, 64)
2026-05-08 20:25:57 | INFO | my_functions.py:231 | [DEBUG] wait_for_image_and_click -> cards_shop.PNG timeout=20s delay_click=1s confidence=0.8
2026-05-08 20:25:57 | INFO | my_functions.py:172 | Searching cards_shop.PNG (timeout=20s)
2026-05-08 20:25:57 | INFO | my_functions.py:198 | 
✅ Found: cards_shop.PNG pos=(568, 121) time=0.66s confidence=0.8
2026-05-08 20:25:58 | INFO | my_functions.py:138 | Haciendo click en la posición (568, 121)
2026-05-08 20:25:59 | INFO | my_functions.py:251 | 🖱️ Click OK: cards_shop.PNG at (568, 121) delay=1s
2026-05-08 20:25:59 | INFO | my_functions.py:231 | [DEBUG] wait_for_image_and_click -> token_icon.PNG timeout=20s delay_click=1s confidence=0.8
2026-05-08 20:25:59 | INFO | my_functions.py:172 | Searching token_icon.PNG (timeout=20s)
2026-05-08 20:26:00 | INFO | my_functions.py:198 | 
✅ Found: token_icon.PNG pos=(661, 171) time=1.7s confidence=0.8
2026-05-08 20:26:01 | INFO | my_functions.py:138 | Haciendo click en la posición (661, 171)
2026-05-08 20:26:02 | INFO | my_functions.py:251 | 🖱️ Click OK: token_icon.PNG at (661, 171) delay=1s
2026-05-08 20:26:04 | INFO | my_functions.py:231 | [DEBUG] wait_for_image_and_click -> claim!_token_3.PNG timeout=4s delay_click=1s confidence=0.8
2026-05-08 20:26:04 | INFO | my_functions.py:172 | Searching claim!_token_3.PNG (timeout=4s)
2026-05-08 20:26:04 | INFO | my_functions.py:198 | 
✅ Found: claim!_token_3.PNG pos=(231, 573) time=0.23s confidence=0.8
2026-05-08 20:26:05 | INFO | my_functions.py:138 | Haciendo click en la posición (231, 573)
2026-05-08 20:26:05 | INFO | my_functions.py:251 | 🖱️ Click OK: claim!_token_3.PNG at (231, 573) delay=1s
2026-05-08 20:26:05 | INFO | my_functions.py:231 | [DEBUG] wait_for_image_and_click -> offers.PNG timeout=0.1s delay_click=1s confidence=0.8
2026-05-08 20:26:05 | INFO | my_functions.py:172 | Searching offers.PNG (timeout=0.1s)
2026-05-08 20:26:05 | INFO | my_functions.py:198 | 
✅ Found: offers.PNG pos=(197, 121) time=0.23s confidence=0.8
2026-05-08 20:26:06 | INFO | my_functions.py:138 | Haciendo click en la posición (197, 121)
2026-05-08 20:26:07 | INFO | my_functions.py:251 | 🖱️ Click OK: offers.PNG at (197, 121) delay=1s
2026-05-08 20:26:07 | INFO | my_functions.py:231 | [DEBUG] wait_for_image_and_click -> credits_selected.png timeout=0.1s delay_click=1s confidence=0.8
2026-05-08 20:26:07 | INFO | my_functions.py:172 | Searching credits_selected.png (timeout=0.1s)
2026-05-08 20:26:07 | INFO | my_functions.py:209 | 
⛔ Not found: credits_selected.png after 0.21s region=(0, 0, 765, 1038) confidence=0.8
2026-05-08 20:26:07 | INFO | my_functions.py:258 | [DEBUG] Click skipped, image not found: credits_selected.png
2026-05-08 20:26:07 | INFO | my_functions.py:231 | [DEBUG] wait_for_image_and_click -> credits.PNG timeout=0.1s delay_click=1s confidence=0.95
2026-05-08 20:26:07 | INFO | my_functions.py:172 | Searching credits.PNG (timeout=0.1s)
2026-05-08 20:26:07 | INFO | my_functions.py:198 | 
✅ Found: credits.PNG pos=(442, 172) time=0.2s confidence=0.95
2026-05-08 20:26:08 | INFO | my_functions.py:138 | Haciendo click en la posición (442, 172)
2026-05-08 20:26:08 | INFO | my_functions.py:251 | 🖱️ Click OK: credits.PNG at (442, 172) delay=1s
2026-05-08 20:26:10 | INFO | my_functions.py:231 | [DEBUG] wait_for_image_and_click -> claim_25_credits.png timeout=2s delay_click=1s confidence=0.8
2026-05-08 20:26:10 | INFO | my_functions.py:172 | Searching claim_25_credits.png (timeout=2s)
2026-05-08 20:26:10 | INFO | my_functions.py:198 | 
✅ Found: claim_25_credits.png pos=(236, 328) time=0.19s confidence=0.8
2026-05-08 20:26:11 | INFO | my_functions.py:138 | Haciendo click en la posición (236, 328)
2026-05-08 20:26:11 | INFO | my_functions.py:251 | 🖱️ Click OK: claim_25_credits.png at (236, 328) delay=1s
2026-05-08 20:26:11 | INFO | my_functions.py:231 | [DEBUG] wait_for_image_and_click -> cards_shop.PNG timeout=20s delay_click=1s confidence=0.8
2026-05-08 20:26:11 | INFO | my_functions.py:172 | Searching cards_shop.PNG (timeout=20s)
2026-05-08 20:26:11 | INFO | my_functions.py:198 | 
✅ Found: cards_shop.PNG pos=(568, 121) time=0.2s confidence=0.8
2026-05-08 20:26:12 | INFO | my_functions.py:138 | Haciendo click en la posición (568, 121)
2026-05-08 20:26:13 | INFO | my_functions.py:251 | 🖱️ Click OK: cards_shop.PNG at (568, 121) delay=1s
2026-05-08 20:26:13 | INFO | my_functions.py:231 | [DEBUG] wait_for_image_and_click -> offers.PNG timeout=20s delay_click=1s confidence=0.8
2026-05-08 20:26:13 | INFO | my_functions.py:172 | Searching offers.PNG (timeout=20s)
2026-05-08 20:26:13 | INFO | my_functions.py:198 | 
✅ Found: offers.PNG pos=(197, 122) time=0.2s confidence=0.8
2026-05-08 20:26:14 | INFO | my_functions.py:138 | Haciendo click en la posición (197, 122)
2026-05-08 20:26:14 | INFO | my_functions.py:251 | 🖱️ Click OK: offers.PNG at (197, 122) delay=1s
2026-05-08 20:26:14 | INFO | my_functions.py:1491 | [INFO] Iniciando mejora de cartas
2026-05-08 20:26:14 | INFO | my_functions.py:231 | [DEBUG] wait_for_image_and_click -> upgrade_cards_icon.PNG timeout=20s delay_click=1s confidence=0.8
2026-05-08 20:26:14 | INFO | my_functions.py:172 | Searching upgrade_cards_icon.PNG (timeout=20s)
2026-05-08 20:26:14 | INFO | my_functions.py:198 | 
✅ Found: upgrade_cards_icon.PNG pos=(322, 170) time=0.2s confidence=0.8
2026-05-08 20:26:15 | INFO | my_functions.py:138 | Haciendo click en la posición (322, 170)
2026-05-08 20:26:15 | INFO | my_functions.py:251 | 🖱️ Click OK: upgrade_cards_icon.PNG at (322, 170) delay=1s
2026-05-08 20:26:15 | INFO | my_functions.py:1495 | [INFO] Abriendo icono de upgrade_cards
2026-05-08 20:26:16 | INFO | my_functions.py:1501 | [STEP] Mejorando carta 1
2026-05-08 20:26:17 | INFO | my_functions.py:1505 | [ACTION] Click en carta 1
2026-05-08 20:26:18 | INFO | my_functions.py:1510 | [ACTION] Click en botón upgrade
2026-05-08 20:26:25 | INFO | my_functions.py:231 | [DEBUG] wait_for_image_and_click -> you_need_more_credits!.png timeout=3s delay_click=1s confidence=0.8
2026-05-08 20:26:25 | INFO | my_functions.py:172 | Searching you_need_more_credits!.png (timeout=3s)
2026-05-08 20:26:28 | INFO | my_functions.py:209 | 
⛔ Not found: you_need_more_credits!.png after 3.12s region=(0, 0, 765, 1038) confidence=0.8
2026-05-08 20:26:28 | INFO | my_functions.py:258 | [DEBUG] Click skipped, image not found: you_need_more_credits!.png
2026-05-08 20:26:33 | INFO | my_functions.py:1525 | [ACTION] Click para continuar a stage de nivel de coleccion
2026-05-08 20:26:38 | INFO | my_functions.py:146 | Presionando ESC (1/1)
2026-05-08 20:26:39 | INFO | my_functions.py:1530 | [ACTION] Saliendo de stage nivel de coleccion con ESC
2026-05-08 20:26:40 | INFO | my_functions.py:231 | [DEBUG] wait_for_image_and_click -> upgrade_cards_icon_selected.PNG timeout=0s delay_click=1s confidence=0.8
2026-05-08 20:26:40 | INFO | my_functions.py:172 | Searching upgrade_cards_icon_selected.PNG (timeout=0s)
2026-05-08 20:26:40 | INFO | my_functions.py:198 | 
✅ Found: upgrade_cards_icon_selected.PNG pos=(320, 173) time=0.18s confidence=0.8
2026-05-08 20:26:41 | INFO | my_functions.py:138 | Haciendo click en la posición (320, 173)
2026-05-08 20:26:41 | INFO | my_functions.py:251 | 🖱️ Click OK: upgrade_cards_icon_selected.PNG at (320, 173) delay=1s
2026-05-08 20:26:41 | INFO | my_functions.py:1550 | [INFO] Reabriendo icono de upgrade_cards
2026-05-08 20:26:42 | INFO | my_functions.py:1501 | [STEP] Mejorando carta 2
2026-05-08 20:26:42 | INFO | my_functions.py:1505 | [ACTION] Click en carta 2
2026-05-08 20:26:44 | INFO | my_functions.py:1510 | [ACTION] Click en botón upgrade
2026-05-08 20:26:51 | INFO | my_functions.py:231 | [DEBUG] wait_for_image_and_click -> you_need_more_credits!.png timeout=3s delay_click=1s confidence=0.8
2026-05-08 20:26:51 | INFO | my_functions.py:172 | Searching you_need_more_credits!.png (timeout=3s)
2026-05-08 20:26:54 | INFO | my_functions.py:209 | 
⛔ Not found: you_need_more_credits!.png after 3.1s region=(0, 0, 765, 1038) confidence=0.8
2026-05-08 20:26:54 | INFO | my_functions.py:258 | [DEBUG] Click skipped, image not found: you_need_more_credits!.png
2026-05-08 20:26:59 | INFO | my_functions.py:1525 | [ACTION] Click para continuar a stage de nivel de coleccion
2026-05-08 20:27:04 | INFO | my_functions.py:146 | Presionando ESC (1/1)
2026-05-08 20:27:05 | INFO | my_functions.py:1530 | [ACTION] Saliendo de stage nivel de coleccion con ESC
2026-05-08 20:27:06 | INFO | my_functions.py:231 | [DEBUG] wait_for_image_and_click -> upgrade_cards_icon_selected.PNG timeout=0s delay_click=1s confidence=0.8
2026-05-08 20:27:06 | INFO | my_functions.py:172 | Searching upgrade_cards_icon_selected.PNG (timeout=0s)
2026-05-08 20:27:06 | INFO | my_functions.py:198 | 
✅ Found: upgrade_cards_icon_selected.PNG pos=(320, 173) time=0.21s confidence=0.8
2026-05-08 20:27:07 | INFO | my_functions.py:138 | Haciendo click en la posición (320, 173)
2026-05-08 20:27:07 | INFO | my_functions.py:251 | 🖱️ Click OK: upgrade_cards_icon_selected.PNG at (320, 173) delay=1s
2026-05-08 20:27:07 | INFO | my_functions.py:1550 | [INFO] Reabriendo icono de upgrade_cards
2026-05-08 20:27:08 | INFO | my_functions.py:1501 | [STEP] Mejorando carta 3
2026-05-08 20:27:08 | INFO | my_functions.py:1505 | [ACTION] Click en carta 3
2026-05-08 20:27:09 | INFO | my_functions.py:1510 | [ACTION] Click en botón upgrade
2026-05-08 20:27:16 | INFO | my_functions.py:231 | [DEBUG] wait_for_image_and_click -> you_need_more_credits!.png timeout=3s delay_click=1s confidence=0.8
2026-05-08 20:27:16 | INFO | my_functions.py:172 | Searching you_need_more_credits!.png (timeout=3s)
2026-05-08 20:27:20 | INFO | my_functions.py:209 | 
⛔ Not found: you_need_more_credits!.png after 3.19s region=(0, 0, 765, 1038) confidence=0.8
2026-05-08 20:27:20 | INFO | my_functions.py:258 | [DEBUG] Click skipped, image not found: you_need_more_credits!.png
2026-05-08 20:27:25 | INFO | my_functions.py:1525 | [ACTION] Click para continuar a stage de nivel de coleccion
2026-05-08 20:27:30 | INFO | my_functions.py:146 | Presionando ESC (1/1)
2026-05-08 20:27:31 | INFO | my_functions.py:1530 | [ACTION] Saliendo de stage nivel de coleccion con ESC
2026-05-08 20:27:32 | INFO | my_functions.py:1553 | [INFO] Mejora de cartas completada ✅
2026-05-08 20:27:32 | INFO | my_functions.py:146 | Presionando ESC (1/1)
2026-05-08 20:27:32 | INFO | each_eight_hours.py:437 | Finished all games
2026-05-08 20:27:32 | INFO | my_functions.py:1443 | [DEBUG] Starting logout process...
2026-05-08 20:27:32 | INFO | my_functions.py:1445 | [DEBUG] Clicking nut icon...
2026-05-08 20:27:32 | INFO | my_functions.py:231 | [DEBUG] wait_for_image_and_click -> nut.png timeout=20s delay_click=1s confidence=0.8
2026-05-08 20:27:32 | INFO | my_functions.py:172 | Searching nut.png (timeout=20s)
2026-05-08 20:27:32 | INFO | my_functions.py:198 | 
✅ Found: nut.png pos=(184, 78) time=0.25s confidence=0.8
2026-05-08 20:27:33 | INFO | my_functions.py:138 | Haciendo click en la posición (184, 78)
2026-05-08 20:27:34 | INFO | my_functions.py:251 | 🖱️ Click OK: nut.png at (184, 78) delay=1s
2026-05-08 20:27:34 | INFO | my_functions.py:1448 | [DEBUG] Waiting for graphics quality image...
2026-05-08 20:27:34 | INFO | my_functions.py:172 | Searching graphics_quality.png (timeout=3s)
2026-05-08 20:27:36 | INFO | my_functions.py:198 | 
✅ Found: graphics_quality.png pos=(306, 641) time=2.03s confidence=0.8
2026-05-08 20:27:36 | INFO | my_functions.py:1450 | [DEBUG] graphics_quality result: Point(x=306, y=641)
2026-05-08 20:27:36 | INFO | my_functions.py:1456 | [DEBUG] Clicking graphics quality...
2026-05-08 20:27:37 | INFO | my_functions.py:1461 | [DEBUG] Scrolling down...
2026-05-08 20:27:37 | INFO | my_functions.py:1464 | [DEBUG] Clicking sign_out...
2026-05-08 20:27:37 | INFO | my_functions.py:231 | [DEBUG] wait_for_image_and_click -> sign_out.png timeout=20s delay_click=1s confidence=0.8
2026-05-08 20:27:37 | INFO | my_functions.py:172 | Searching sign_out.png (timeout=20s)
2026-05-08 20:27:37 | INFO | my_functions.py:198 | 
✅ Found: sign_out.png pos=(380, 796) time=0.28s confidence=0.8
2026-05-08 20:27:38 | INFO | my_functions.py:138 | Haciendo click en la posición (380, 796)
2026-05-08 20:27:38 | INFO | my_functions.py:251 | 🖱️ Click OK: sign_out.png at (380, 796) delay=1s
2026-05-08 20:27:39 | INFO | my_functions.py:1469 | [DEBUG] Clicking big sign_out...
2026-05-08 20:27:39 | INFO | my_functions.py:231 | [DEBUG] wait_for_image_and_click -> sign_out_grande.png timeout=20s delay_click=1s confidence=0.8
2026-05-08 20:27:39 | INFO | my_functions.py:172 | Searching sign_out_grande.png (timeout=20s)
2026-05-08 20:27:40 | INFO | my_functions.py:198 | 
✅ Found: sign_out_grande.png pos=(359, 437) time=0.22s confidence=0.8
2026-05-08 20:27:41 | INFO | my_functions.py:138 | Haciendo click en la posición (359, 437)
2026-05-08 20:27:41 | INFO | my_functions.py:251 | 🖱️ Click OK: sign_out_grande.png at (359, 437) delay=1s
2026-05-08 20:27:41 | INFO | my_functions.py:1472 | [DEBUG] Clicking sign_out2...
2026-05-08 20:27:41 | INFO | my_functions.py:231 | [DEBUG] wait_for_image_and_click -> sign_out2.png timeout=20s delay_click=1s confidence=0.8
2026-05-08 20:27:41 | INFO | my_functions.py:172 | Searching sign_out2.png (timeout=20s)
2026-05-08 20:27:41 | INFO | my_functions.py:198 | 
✅ Found: sign_out2.png pos=(383, 634) time=0.2s confidence=0.8
2026-05-08 20:27:42 | INFO | my_functions.py:138 | Haciendo click en la posición (383, 634)
2026-05-08 20:27:42 | INFO | my_functions.py:251 | 🖱️ Click OK: sign_out2.png at (383, 634) delay=1s
2026-05-08 20:27:42 | INFO | my_functions.py:1475 | [DEBUG] Resizing SNAP window...
2026-05-08 20:27:42 | INFO | my_functions.py:1668 | ⏱ Esperando 0.1 segundos antes de empezar...
2026-05-08 20:27:42 | INFO | my_functions.py:1675 | 🔍 Esperando ventana que contenga alguna de: SNAP (máx 20s)
2026-05-08 20:27:42 | INFO | my_functions.py:1687 | ✅ Ventana encontrada: 'SNAP'
2026-05-08 20:27:42 | INFO | my_functions.py:1702 | ✅ Ventana seleccionada: 'SNAP'
2026-05-08 20:27:44 | INFO | my_functions.py:1725 | 🔁 Reajuste #1...
2026-05-08 20:27:46 | INFO | my_functions.py:1732 | ✔ Verificación completa. Se hicieron 1 reajustes.
2026-05-08 20:27:48 | INFO | my_functions.py:1484 | snap.exe closed
2026-05-08 20:27:51 | INFO | my_functions.py:1487 | [DEBUG] Logout completed successfully.
2026-05-08 20:27:51 | INFO | baseclient.py:33 | Connecting with parameters: host='localhost' port=4455 password='' subs=0 timeout=None
2026-05-08 20:27:51 | INFO | reqs.py:23 | Successfully identified ReqClient with the server using RPC version:1
2026-05-08 20:27:51 | INFO | my_functions.py:97 | Record stopped.
2026-05-08 20:28:03 | INFO | my_functions.py:127 | Archivo renombrado a: C:\Users\Farm\Videos\my_functions_2026-05-08_19-07-47.mkv
2026-05-08 20:28:03 | INFO | each_eight_hours.py:448 | OBS recording stopped
