2026-05-10 06:19:14 | INFO | each_eight_hours.py:39 | LOG FILE PATH: \\vmware-host\Shared Folders\SHARED FILES VM\MS\logs\each_eight_hours_2026-05-10_06-19-14.log
2026-05-10 06:19:14 | INFO | each_eight_hours.py:40 | Logger initialized
2026-05-10 06:19:14 | INFO | each_eight_hours.py:67 | Script initialized
2026-05-10 06:19:16 | INFO | each_eight_hours.py:117 | Execution started
2026-05-10 06:19:16 | INFO | each_eight_hours.py:120 | Mouse moved to initial position
2026-05-10 06:19:16 | INFO | each_eight_hours.py:127 | snap.exe terminated if it was running
2026-05-10 06:19:17 | INFO | my_functions.py:60 | ⏳ Esperando WebSocket de OBS...
2026-05-10 06:19:23 | INFO | baseclient.py:33 | Connecting with parameters: host='localhost' port=4455 password='' subs=0 timeout=None
2026-05-10 06:19:23 | INFO | reqs.py:23 | Successfully identified ReqClient with the server using RPC version:1
2026-05-10 06:19:23 | INFO | my_functions.py:66 | ✅ Conectado al OBS WebSocket
2026-05-10 06:19:23 | ERROR | reqs.py:59 | OBSSDKRequestError: Request GetRecordStatus returned code 207. With message: OBS is not ready to perform the request.
Traceback (most recent call last):
  File "C:\Users\Farm\AppData\Local\Programs\Python\Python311\Lib\site-packages\obsws_python\reqs.py", line 53, in send
    raise OBSSDKRequestError(
obsws_python.error.OBSSDKRequestError: Request GetRecordStatus returned code 207. With message: OBS is not ready to perform the request.
2026-05-10 06:19:24 | INFO | my_functions.py:91 | 🎬 Grabación iniciada
2026-05-10 06:19:24 | INFO | each_eight_hours.py:130 | OBS started and recording
2026-05-10 06:19:24 | INFO | my_functions.py:1668 | ⏱ Esperando 0.1 segundos antes de empezar...
2026-05-10 06:19:24 | INFO | my_functions.py:1675 | 🔍 Esperando ventana que contenga alguna de: ['py', 'eight_hours'] (máx 20s)
2026-05-10 06:19:24 | INFO | my_functions.py:1687 | ✅ Ventana encontrada: 'each_eight_hours - Acceso directo'
2026-05-10 06:19:24 | INFO | my_functions.py:1702 | ✅ Ventana seleccionada: 'each_eight_hours - Acceso directo'
2026-05-10 06:19:26 | INFO | my_functions.py:1725 | 🔁 Reajuste #1...
2026-05-10 06:19:26 | INFO | my_functions.py:1732 | ✔ Verificación completa. Se hicieron 1 reajustes.
2026-05-10 06:19:26 | INFO | each_eight_hours.py:136 | Console window resized
2026-05-10 06:19:56 | INFO | my_functions.py:2515 | Starting Steam window scan
2026-05-10 06:19:56 | INFO | my_functions.py:2518 | Found window: 
2026-05-10 06:19:56 | INFO | my_functions.py:2518 | Found window: each_eight_hours - Acceso directo
2026-05-10 06:19:56 | INFO | my_functions.py:2518 | Found window: 
2026-05-10 06:19:56 | INFO | my_functions.py:2518 | Found window: 
2026-05-10 06:19:56 | INFO | my_functions.py:2518 | Found window: 
2026-05-10 06:19:56 | INFO | my_functions.py:2518 | Found window: 
2026-05-10 06:19:56 | INFO | my_functions.py:2518 | Found window: RivaTunerStatisticsServer
2026-05-10 06:19:56 | INFO | my_functions.py:2518 | Found window: Program Manager
2026-05-10 06:19:56 | INFO | each_eight_hours.py:142 | Steam popup windows closed
2026-05-10 06:19:56 | INFO | each_eight_hours.py:146 | Processing account: reeps_vm
2026-05-10 06:19:57 | INFO | each_eight_hours.py:149 | Game relaunched for account
2026-05-10 06:19:57 | INFO | my_functions.py:1668 | ⏱ Esperando 0.1 segundos antes de empezar...
2026-05-10 06:19:57 | INFO | my_functions.py:1675 | 🔍 Esperando ventana que contenga alguna de: ['SNAP'] (máx 20s)
2026-05-10 06:20:01 | INFO | my_functions.py:1687 | ✅ Ventana encontrada: 'SNAP'
2026-05-10 06:20:01 | INFO | my_functions.py:1702 | ✅ Ventana seleccionada: 'SNAP'
2026-05-10 06:20:03 | INFO | my_functions.py:1734 | ✔ Verificación completa. No hubo cambios después del primer ajuste.
2026-05-10 06:20:03 | INFO | each_eight_hours.py:156 | Game window resized
2026-05-10 06:20:03 | INFO | my_functions.py:1207 | [DEBUG] Resizing SNAP window...
2026-05-10 06:20:03 | INFO | my_functions.py:1668 | ⏱ Esperando 0.1 segundos antes de empezar...
2026-05-10 06:20:03 | INFO | my_functions.py:1675 | 🔍 Esperando ventana que contenga alguna de: ['SNAP'] (máx 20s)
2026-05-10 06:20:03 | INFO | my_functions.py:1687 | ✅ Ventana encontrada: 'SNAP'
2026-05-10 06:20:03 | INFO | my_functions.py:1702 | ✅ Ventana seleccionada: 'SNAP'
2026-05-10 06:20:06 | INFO | my_functions.py:1734 | ✔ Verificación completa. No hubo cambios después del primer ajuste.
2026-05-10 06:20:06 | INFO | my_functions.py:231 | [DEBUG] wait_for_image_and_click -> submit.PNG timeout=90s delay_click=0.2s confidence=0.8
2026-05-10 06:20:06 | INFO | my_functions.py:172 | Searching submit.PNG (timeout=90s)
2026-05-10 06:20:14 | INFO | my_functions.py:198 | 
✅ Found: submit.PNG pos=(385, 779) time=7.75s confidence=0.8
2026-05-10 06:20:14 | INFO | my_functions.py:138 | Haciendo click en la posición (385, 779)
2026-05-10 06:20:14 | INFO | my_functions.py:251 | 🖱️ Click OK: submit.PNG at (385, 779) delay=0.2s
2026-05-10 06:20:14 | INFO | my_functions.py:1668 | ⏱ Esperando 0.1 segundos antes de empezar...
2026-05-10 06:20:15 | INFO | my_functions.py:1675 | 🔍 Esperando ventana que contenga alguna de: ['SNAP'] (máx 20s)
2026-05-10 06:20:15 | INFO | my_functions.py:1687 | ✅ Ventana encontrada: 'SNAP'
2026-05-10 06:20:15 | INFO | my_functions.py:1702 | ✅ Ventana seleccionada: 'SNAP'
2026-05-10 06:20:17 | INFO | my_functions.py:1725 | 🔁 Reajuste #1...
2026-05-10 06:20:18 | INFO | my_functions.py:1732 | ✔ Verificación completa. Se hicieron 1 reajustes.
2026-05-10 06:20:18 | INFO | my_functions.py:172 | Searching please_sign.png (timeout=0s)
2026-05-10 06:20:18 | INFO | my_functions.py:198 | 
✅ Found: please_sign.png pos=(383, 438) time=0.19s confidence=0.8
2026-05-10 06:20:18 | INFO | my_functions.py:231 | [DEBUG] wait_for_image_and_click -> ok_btn.png timeout=20s delay_click=1s confidence=0.8
2026-05-10 06:20:18 | INFO | my_functions.py:172 | Searching ok_btn.png (timeout=20s)
2026-05-10 06:20:18 | INFO | my_functions.py:198 | 
✅ Found: ok_btn.png pos=(382, 634) time=0.18s confidence=0.8
2026-05-10 06:20:19 | INFO | my_functions.py:138 | Haciendo click en la posición (382, 634)
2026-05-10 06:20:19 | INFO | my_functions.py:251 | 🖱️ Click OK: ok_btn.png at (382, 634) delay=1s
2026-05-10 06:20:19 | INFO | my_functions.py:231 | [DEBUG] wait_for_image_and_click -> submit.PNG timeout=90s delay_click=0.2s confidence=0.8
2026-05-10 06:20:19 | INFO | my_functions.py:172 | Searching submit.PNG (timeout=90s)
2026-05-10 06:20:21 | INFO | my_functions.py:198 | 
✅ Found: submit.PNG pos=(385, 779) time=1.39s confidence=0.8
2026-05-10 06:20:21 | INFO | my_functions.py:138 | Haciendo click en la posición (385, 779)
2026-05-10 06:20:21 | INFO | my_functions.py:251 | 🖱️ Click OK: submit.PNG at (385, 779) delay=0.2s
2026-05-10 06:20:21 | INFO | my_functions.py:172 | Searching sign_in_with_google2.PNG (timeout=90s)
2026-05-10 06:20:22 | INFO | my_functions.py:198 | 
✅ Found: sign_in_with_google2.PNG pos=(406, 957) time=1.19s confidence=0.8
2026-05-10 06:20:22 | INFO | my_functions.py:231 | [DEBUG] wait_for_image_and_click -> sign_in_with_google2.PNG timeout=20s delay_click=1s confidence=0.8
2026-05-10 06:20:22 | INFO | my_functions.py:172 | Searching sign_in_with_google2.PNG (timeout=20s)
2026-05-10 06:20:22 | INFO | my_functions.py:198 | 
✅ Found: sign_in_with_google2.PNG pos=(406, 957) time=0.15s confidence=0.8
2026-05-10 06:20:23 | INFO | my_functions.py:138 | Haciendo click en la posición (406, 957)
2026-05-10 06:20:24 | INFO | my_functions.py:251 | 🖱️ Click OK: sign_in_with_google2.PNG at (406, 957) delay=1s
2026-05-10 06:20:24 | INFO | my_functions.py:231 | [DEBUG] wait_for_image_and_click -> reeps_vm.png timeout=30s delay_click=3s confidence=0.8
2026-05-10 06:20:24 | INFO | my_functions.py:172 | Searching reeps_vm.png (timeout=30s)
2026-05-10 06:20:32 | INFO | my_functions.py:198 | 
✅ Found: reeps_vm.png pos=(1126, 534) time=7.99s confidence=0.8
2026-05-10 06:20:35 | INFO | my_functions.py:138 | Haciendo click en la posición (1126, 534)
2026-05-10 06:20:35 | INFO | my_functions.py:251 | 🖱️ Click OK: reeps_vm.png at (1126, 534) delay=3s
2026-05-10 06:20:37 | INFO | my_functions.py:231 | [DEBUG] wait_for_image_and_click -> python_icon.PNG timeout=5s delay_click=1s confidence=0.8
2026-05-10 06:20:37 | INFO | my_functions.py:172 | Searching python_icon.PNG (timeout=5s)
2026-05-10 06:20:37 | INFO | my_functions.py:198 | 
✅ Found: python_icon.PNG pos=(647, 1054) time=0.28s confidence=0.8
2026-05-10 06:20:38 | INFO | my_functions.py:138 | Haciendo click en la posición (647, 1054)
2026-05-10 06:20:38 | INFO | my_functions.py:251 | 🖱️ Click OK: python_icon.PNG at (647, 1054) delay=1s
2026-05-10 06:20:38 | INFO | my_functions.py:231 | [DEBUG] wait_for_image_and_click -> snap_icon_task_bar.PNG timeout=20s delay_click=1s confidence=0.8
2026-05-10 06:20:38 | INFO | my_functions.py:172 | Searching snap_icon_task_bar.PNG (timeout=20s)
2026-05-10 06:20:39 | INFO | my_functions.py:198 | 
✅ Found: snap_icon_task_bar.PNG pos=(524, 1052) time=0.36s confidence=0.8
2026-05-10 06:20:40 | INFO | my_functions.py:138 | Haciendo click en la posición (524, 1052)
2026-05-10 06:20:40 | INFO | my_functions.py:251 | 🖱️ Click OK: snap_icon_task_bar.PNG at (524, 1052) delay=1s
2026-05-10 06:20:40 | INFO | my_functions.py:172 | Searching play.PNG (timeout=30s)
2026-05-10 06:20:50 | INFO | my_functions.py:198 | 
✅ Found: play.PNG pos=(384, 824) time=10.36s confidence=0.8
2026-05-10 06:20:50 | INFO | my_functions.py:1265 | [DEBUG] Login completado correctamente.
2026-05-10 06:20:50 | INFO | each_eight_hours.py:160 | Login executed
2026-05-10 06:20:50 | INFO | my_functions.py:172 | Searching shop_unselected.PNG (timeout=0s)
2026-05-10 06:20:50 | INFO | my_functions.py:198 | 
✅ Found: shop_unselected.PNG pos=(88, 961) time=0.25s confidence=0.8
2026-05-10 06:20:58 | INFO | my_functions.py:172 | Searching shop_unselected.PNG (timeout=0s)
2026-05-10 06:20:59 | INFO | my_functions.py:209 | 
⛔ Not found: shop_unselected.PNG after 0.0s region=(0, 0, 765, 1038) confidence=0.8
2026-05-10 06:21:00 | INFO | my_functions.py:172 | Searching shop_unselected.PNG (timeout=0s)
2026-05-10 06:21:00 | INFO | my_functions.py:209 | 
⛔ Not found: shop_unselected.PNG after 0.0s region=(0, 0, 765, 1038) confidence=0.8
2026-05-10 06:21:00 | INFO | my_functions.py:231 | [DEBUG] wait_for_image_and_click -> super_premium.PNG timeout=0s delay_click=1s confidence=0.8
2026-05-10 06:21:00 | INFO | my_functions.py:172 | Searching super_premium.PNG (timeout=0s)
2026-05-10 06:21:00 | INFO | my_functions.py:198 | 
✅ Found: super_premium.PNG pos=(480, 777) time=0.21s confidence=0.8
2026-05-10 06:21:01 | INFO | my_functions.py:138 | Haciendo click en la posición (480, 777)
2026-05-10 06:21:01 | INFO | my_functions.py:251 | 🖱️ Click OK: super_premium.PNG at (480, 777) delay=1s
2026-05-10 06:21:01 | INFO | my_functions.py:146 | Presionando ESC (1/1)
2026-05-10 06:21:10 | INFO | my_functions.py:172 | Searching shop_unselected.PNG (timeout=0s)
2026-05-10 06:21:10 | INFO | my_functions.py:198 | 
✅ Found: shop_unselected.PNG pos=(89, 961) time=0.19s confidence=0.8
2026-05-10 06:21:10 | INFO | my_functions.py:720 | Ya esta listo
2026-05-10 06:21:10 | INFO | each_eight_hours.py:163 | Initial images processed
2026-05-10 06:21:10 | INFO | each_eight_hours.py:166 | Chrome terminated
2026-05-10 06:21:10 | INFO | my_functions.py:231 | [DEBUG] wait_for_image_and_click -> missions_unnotified2.png timeout=20s delay_click=1s confidence=0.8
2026-05-10 06:21:10 | INFO | my_functions.py:172 | Searching missions_unnotified2.png (timeout=20s)
2026-05-10 06:21:11 | INFO | my_functions.py:198 | 
✅ Found: missions_unnotified2.png pos=(516, 127) time=0.2s confidence=0.8
2026-05-10 06:21:12 | INFO | my_functions.py:138 | Haciendo click en la posición (516, 127)
2026-05-10 06:21:12 | INFO | my_functions.py:251 | 🖱️ Click OK: missions_unnotified2.png at (516, 127) delay=1s
2026-05-10 06:21:12 | INFO | my_functions.py:231 | [DEBUG] wait_for_image_and_click -> calendar_missions_daily.png timeout=3s delay_click=1s confidence=0.8
2026-05-10 06:21:12 | INFO | my_functions.py:172 | Searching calendar_missions_daily.png (timeout=3s)
2026-05-10 06:21:13 | INFO | my_functions.py:198 | 
✅ Found: calendar_missions_daily.png pos=(189, 131) time=1.24s confidence=0.8
2026-05-10 06:21:14 | INFO | my_functions.py:138 | Haciendo click en la posición (189, 131)
2026-05-10 06:21:14 | INFO | my_functions.py:251 | 🖱️ Click OK: calendar_missions_daily.png at (189, 131) delay=1s
2026-05-10 06:21:14 | INFO | each_eight_hours.py:180 | Mission screens opened
2026-05-10 06:21:14 | INFO | my_functions.py:295 | JSON file located at C:\Users\Farm\AppData\LocalLow\Second Dinner\SNAP\Standalone\States\nvprod\MissionState.json
2026-05-10 06:21:17 | INFO | my_functions.py:434 | AVAILABLE: 6
2026-05-10 06:21:17 | INFO | my_functions.py:444 | [INFO] Waiting for Notepad++ process...
2026-05-10 06:21:17 | INFO | my_functions.py:458 | [INFO] Notepad++ detected PID=9616
2026-05-10 06:21:20 | INFO | my_functions.py:466 | [SUCCESS] Notepad++ closed successfully
2026-05-10 06:21:21 | INFO | my_functions.py:1593 | [INFO] Iniciando click_missions_blue2
2026-05-10 06:21:21 | INFO | my_functions.py:138 | Haciendo click en la posición (150, 132)
2026-05-10 06:21:23 | INFO | my_functions.py:1596 | [ACTION] Click hecho en icono de calendario que me dirige a las misiones ordinarias
2026-05-10 06:21:23 | INFO | my_functions.py:172 | Searching bonus_challenge.png (timeout=0s)
2026-05-10 06:21:23 | INFO | my_functions.py:209 | 
⛔ Not found: bonus_challenge.png after 0.0s region=(0, 0, 765, 1038) confidence=0.8
2026-05-10 06:21:25 | INFO | my_functions.py:172 | Searching flechita_mission.PNG (timeout=0s)
2026-05-10 06:21:25 | INFO | my_functions.py:209 | 
⛔ Not found: flechita_mission.PNG after 0.0s region=(0, 0, 765, 1038) confidence=0.8
2026-05-10 06:21:25 | INFO | my_functions.py:231 | [DEBUG] wait_for_image_and_click -> weekly3.PNG timeout=0s delay_click=0.1s confidence=0.8
2026-05-10 06:21:25 | INFO | my_functions.py:172 | Searching weekly3.PNG (timeout=0s)
2026-05-10 06:21:25 | INFO | my_functions.py:209 | 
⛔ Not found: weekly3.PNG after 0.01s region=(0, 0, 765, 1038) confidence=0.8
2026-05-10 06:21:25 | INFO | my_functions.py:258 | [DEBUG] Click skipped, image not found: weekly3.PNG
2026-05-10 06:21:25 | INFO | my_functions.py:231 | [DEBUG] wait_for_image_and_click -> weekly3.PNG timeout=0s delay_click=0.1s confidence=0.8
2026-05-10 06:21:25 | INFO | my_functions.py:172 | Searching weekly3.PNG (timeout=0s)
2026-05-10 06:21:25 | INFO | my_functions.py:209 | 
⛔ Not found: weekly3.PNG after 0.01s region=(0, 0, 765, 1038) confidence=0.8
2026-05-10 06:21:25 | INFO | my_functions.py:258 | [DEBUG] Click skipped, image not found: weekly3.PNG
2026-05-10 06:21:25 | INFO | my_functions.py:231 | [DEBUG] wait_for_image_and_click -> weekly3.PNG timeout=0s delay_click=0.1s confidence=0.8
2026-05-10 06:21:25 | INFO | my_functions.py:172 | Searching weekly3.PNG (timeout=0s)
2026-05-10 06:21:26 | INFO | my_functions.py:209 | 
⛔ Not found: weekly3.PNG after 0.01s region=(0, 0, 765, 1038) confidence=0.8
2026-05-10 06:21:26 | INFO | my_functions.py:258 | [DEBUG] Click skipped, image not found: weekly3.PNG
2026-05-10 06:21:26 | INFO | my_functions.py:231 | [DEBUG] wait_for_image_and_click -> weekly3.PNG timeout=0s delay_click=0.1s confidence=0.8
2026-05-10 06:21:26 | INFO | my_functions.py:172 | Searching weekly3.PNG (timeout=0s)
2026-05-10 06:21:26 | INFO | my_functions.py:209 | 
⛔ Not found: weekly3.PNG after 0.01s region=(0, 0, 765, 1038) confidence=0.8
2026-05-10 06:21:26 | INFO | my_functions.py:258 | [DEBUG] Click skipped, image not found: weekly3.PNG
2026-05-10 06:21:26 | INFO | my_functions.py:231 | [DEBUG] wait_for_image_and_click -> weekly3.PNG timeout=0s delay_click=0.1s confidence=0.8
2026-05-10 06:21:26 | INFO | my_functions.py:172 | Searching weekly3.PNG (timeout=0s)
2026-05-10 06:21:26 | INFO | my_functions.py:209 | 
⛔ Not found: weekly3.PNG after 0.0s region=(0, 0, 765, 1038) confidence=0.8
2026-05-10 06:21:26 | INFO | my_functions.py:258 | [DEBUG] Click skipped, image not found: weekly3.PNG
2026-05-10 06:21:26 | INFO | my_functions.py:231 | [DEBUG] wait_for_image_and_click -> weekly3.PNG timeout=0s delay_click=0.1s confidence=0.8
2026-05-10 06:21:26 | INFO | my_functions.py:172 | Searching weekly3.PNG (timeout=0s)
2026-05-10 06:21:26 | INFO | my_functions.py:209 | 
⛔ Not found: weekly3.PNG after 0.01s region=(0, 0, 765, 1038) confidence=0.8
2026-05-10 06:21:26 | INFO | my_functions.py:258 | [DEBUG] Click skipped, image not found: weekly3.PNG
2026-05-10 06:21:26 | INFO | my_functions.py:231 | [DEBUG] wait_for_image_and_click -> weekly3.PNG timeout=0s delay_click=0.1s confidence=0.8
2026-05-10 06:21:26 | INFO | my_functions.py:172 | Searching weekly3.PNG (timeout=0s)
2026-05-10 06:21:26 | INFO | my_functions.py:209 | 
⛔ Not found: weekly3.PNG after 0.01s region=(0, 0, 765, 1038) confidence=0.8
2026-05-10 06:21:26 | INFO | my_functions.py:258 | [DEBUG] Click skipped, image not found: weekly3.PNG
2026-05-10 06:21:26 | INFO | my_functions.py:231 | [DEBUG] wait_for_image_and_click -> weekly3.PNG timeout=0s delay_click=0.1s confidence=0.8
2026-05-10 06:21:26 | INFO | my_functions.py:172 | Searching weekly3.PNG (timeout=0s)
2026-05-10 06:21:26 | INFO | my_functions.py:209 | 
⛔ Not found: weekly3.PNG after 0.01s region=(0, 0, 765, 1038) confidence=0.8
2026-05-10 06:21:26 | INFO | my_functions.py:258 | [DEBUG] Click skipped, image not found: weekly3.PNG
2026-05-10 06:21:26 | INFO | my_functions.py:231 | [DEBUG] wait_for_image_and_click -> weekly3.PNG timeout=0s delay_click=0.1s confidence=0.8
2026-05-10 06:21:26 | INFO | my_functions.py:172 | Searching weekly3.PNG (timeout=0s)
2026-05-10 06:21:27 | INFO | my_functions.py:209 | 
⛔ Not found: weekly3.PNG after 0.0s region=(0, 0, 765, 1038) confidence=0.8
2026-05-10 06:21:27 | INFO | my_functions.py:258 | [DEBUG] Click skipped, image not found: weekly3.PNG
2026-05-10 06:21:27 | INFO | my_functions.py:231 | [DEBUG] wait_for_image_and_click -> weekly3.PNG timeout=0s delay_click=0.1s confidence=0.8
2026-05-10 06:21:27 | INFO | my_functions.py:172 | Searching weekly3.PNG (timeout=0s)
2026-05-10 06:21:27 | INFO | my_functions.py:209 | 
⛔ Not found: weekly3.PNG after 0.0s region=(0, 0, 765, 1038) confidence=0.8
2026-05-10 06:21:27 | INFO | my_functions.py:258 | [DEBUG] Click skipped, image not found: weekly3.PNG
2026-05-10 06:21:27 | INFO | my_functions.py:231 | [DEBUG] wait_for_image_and_click -> weekly3.PNG timeout=0s delay_click=0.1s confidence=0.8
2026-05-10 06:21:27 | INFO | my_functions.py:172 | Searching weekly3.PNG (timeout=0s)
2026-05-10 06:21:27 | INFO | my_functions.py:209 | 
⛔ Not found: weekly3.PNG after 0.01s region=(0, 0, 765, 1038) confidence=0.8
2026-05-10 06:21:27 | INFO | my_functions.py:258 | [DEBUG] Click skipped, image not found: weekly3.PNG
2026-05-10 06:21:27 | INFO | my_functions.py:231 | [DEBUG] wait_for_image_and_click -> weekly3.PNG timeout=0s delay_click=0.1s confidence=0.8
2026-05-10 06:21:27 | INFO | my_functions.py:172 | Searching weekly3.PNG (timeout=0s)
2026-05-10 06:21:27 | INFO | my_functions.py:209 | 
⛔ Not found: weekly3.PNG after 0.01s region=(0, 0, 765, 1038) confidence=0.8
2026-05-10 06:21:27 | INFO | my_functions.py:258 | [DEBUG] Click skipped, image not found: weekly3.PNG
2026-05-10 06:21:27 | INFO | my_functions.py:295 | JSON file located at C:\Users\Farm\AppData\LocalLow\Second Dinner\SNAP\Standalone\States\nvprod\MissionState.json
2026-05-10 06:21:30 | INFO | my_functions.py:434 | AVAILABLE: 6
2026-05-10 06:21:30 | INFO | my_functions.py:444 | [INFO] Waiting for Notepad++ process...
2026-05-10 06:21:30 | INFO | my_functions.py:458 | [INFO] Notepad++ detected PID=3128
2026-05-10 06:21:33 | INFO | my_functions.py:466 | [SUCCESS] Notepad++ closed successfully
2026-05-10 06:21:34 | INFO | my_functions.py:146 | Presionando ESC (1/1)
2026-05-10 06:21:35 | INFO | my_functions.py:231 | [DEBUG] wait_for_image_and_click -> white_x.png timeout=2s delay_click=1s confidence=0.8
2026-05-10 06:21:35 | INFO | my_functions.py:172 | Searching white_x.png (timeout=2s)
2026-05-10 06:21:36 | INFO | my_functions.py:198 | 
✅ Found: white_x.png pos=(597, 113) time=0.84s confidence=0.8
2026-05-10 06:21:37 | INFO | my_functions.py:138 | Haciendo click en la posición (597, 113)
2026-05-10 06:21:37 | INFO | my_functions.py:251 | 🖱️ Click OK: white_x.png at (597, 113) delay=1s
2026-05-10 06:21:37 | INFO | each_eight_hours.py:214 | Offer popup closed
2026-05-10 06:21:37 | INFO | my_functions.py:172 | Searching play.PNG (timeout=0s)
2026-05-10 06:21:37 | INFO | my_functions.py:198 | 
✅ Found: play.PNG pos=(384, 824) time=0.2s confidence=0.8
2026-05-10 06:21:37 | INFO | my_functions.py:1563 | [INFO] Click realizado donde se equipa el deck a jugar
2026-05-10 06:21:41 | INFO | my_functions.py:231 | [DEBUG] wait_for_image_and_click -> deck_666666.png timeout=3s delay_click=1s confidence=0.8
2026-05-10 06:21:41 | INFO | my_functions.py:172 | Searching deck_666666.png (timeout=3s)
2026-05-10 06:21:41 | INFO | my_functions.py:198 | 
✅ Found: deck_666666.png pos=(235, 547) time=0.21s confidence=0.8
2026-05-10 06:21:42 | INFO | my_functions.py:138 | Haciendo click en la posición (235, 547)
2026-05-10 06:21:43 | INFO | my_functions.py:251 | 🖱️ Click OK: deck_666666.png at (235, 547) delay=1s
2026-05-10 06:21:43 | INFO | my_functions.py:231 | [DEBUG] wait_for_image_and_click -> equip.png timeout=3s delay_click=1s confidence=0.95
2026-05-10 06:21:43 | INFO | my_functions.py:172 | Searching equip.png (timeout=3s)
2026-05-10 06:21:46 | INFO | my_functions.py:209 | 
⛔ Not found: equip.png after 3.0s region=(0, 0, 765, 1038) confidence=0.95
2026-05-10 06:21:46 | INFO | my_functions.py:258 | [DEBUG] Click skipped, image not found: equip.png
2026-05-10 06:21:46 | INFO | my_functions.py:146 | Presionando ESC (1/1)
2026-05-10 06:21:46 | INFO | each_eight_hours.py:217 | Deck selected: 6turns
2026-05-10 06:21:46 | INFO | my_functions.py:231 | [DEBUG] wait_for_image_and_click -> maybe_later.PNG timeout=2s delay_click=1s confidence=0.8
2026-05-10 06:21:46 | INFO | my_functions.py:172 | Searching maybe_later.PNG (timeout=2s)
2026-05-10 06:21:49 | INFO | my_functions.py:209 | 
⛔ Not found: maybe_later.PNG after 2.12s region=(0, 0, 765, 1038) confidence=0.8
2026-05-10 06:21:49 | INFO | my_functions.py:258 | [DEBUG] Click skipped, image not found: maybe_later.PNG
2026-05-10 06:21:49 | INFO | my_functions.py:231 | [DEBUG] wait_for_image_and_click -> maybe_later2.PNG timeout=2s delay_click=1s confidence=0.8
2026-05-10 06:21:49 | INFO | my_functions.py:172 | Searching maybe_later2.PNG (timeout=2s)
2026-05-10 06:21:51 | INFO | my_functions.py:209 | 
⛔ Not found: maybe_later2.PNG after 2.16s region=(0, 0, 765, 1038) confidence=0.8
2026-05-10 06:21:51 | INFO | my_functions.py:258 | [DEBUG] Click skipped, image not found: maybe_later2.PNG
2026-05-10 06:21:51 | INFO | each_eight_hours.py:287 | Starting game loop 1
2026-05-10 06:21:51 | INFO | my_functions.py:231 | [DEBUG] wait_for_image_and_click -> play.PNG timeout=20s delay_click=3s confidence=0.8
2026-05-10 06:21:51 | INFO | my_functions.py:172 | Searching play.PNG (timeout=20s)
2026-05-10 06:21:51 | INFO | my_functions.py:198 | 
✅ Found: play.PNG pos=(384, 824) time=0.19s confidence=0.8
2026-05-10 06:21:54 | INFO | my_functions.py:138 | Haciendo click en la posición (384, 824)
2026-05-10 06:21:55 | INFO | my_functions.py:251 | 🖱️ Click OK: play.PNG at (384, 824) delay=3s
2026-05-10 06:21:55 | INFO | each_eight_hours.py:293 | Play button clicked
2026-05-10 06:22:10 | INFO | my_functions.py:198 | 
✅ Found: end_turn.PNG pos=(681, 945) time=0.19s confidence=0.8
2026-05-10 06:22:10 | INFO | my_functions.py:231 | [DEBUG] wait_for_image_and_click -> snap.PNG timeout=0s delay_click=1s confidence=0.8
2026-05-10 06:22:11 | INFO | my_functions.py:198 | 
✅ Found: snap.PNG pos=(386, 122) time=0.19s confidence=0.8
2026-05-10 06:22:12 | INFO | my_functions.py:138 | Haciendo click en la posición (386, 122)
2026-05-10 06:22:12 | INFO | my_functions.py:251 | 🖱️ Click OK: snap.PNG at (386, 122) delay=1s
2026-05-10 06:22:17 | INFO | my_functions.py:138 | Haciendo click en la posición (681, 945)
2026-05-10 06:22:18 | INFO | each_eight_hours.py:314 | End turn executed
2026-05-10 06:22:42 | INFO | my_functions.py:198 | 
✅ Found: end_turn.PNG pos=(681, 945) time=0.19s confidence=0.8
2026-05-10 06:22:42 | INFO | my_functions.py:231 | [DEBUG] wait_for_image_and_click -> snap.PNG timeout=0s delay_click=1s confidence=0.8
2026-05-10 06:22:42 | INFO | my_functions.py:258 | [DEBUG] Click skipped, image not found: snap.PNG
2026-05-10 06:22:47 | INFO | my_functions.py:138 | Haciendo click en la posición (681, 945)
2026-05-10 06:22:48 | INFO | each_eight_hours.py:314 | End turn executed
2026-05-10 06:23:04 | INFO | my_functions.py:198 | 
✅ Found: end_turn.PNG pos=(681, 945) time=0.19s confidence=0.8
2026-05-10 06:23:04 | INFO | my_functions.py:231 | [DEBUG] wait_for_image_and_click -> snap.PNG timeout=0s delay_click=1s confidence=0.8
2026-05-10 06:23:04 | INFO | my_functions.py:258 | [DEBUG] Click skipped, image not found: snap.PNG
2026-05-10 06:23:09 | INFO | my_functions.py:138 | Haciendo click en la posición (681, 945)
2026-05-10 06:23:11 | INFO | each_eight_hours.py:314 | End turn executed
2026-05-10 06:23:44 | INFO | my_functions.py:198 | 
✅ Found: end_turn.PNG pos=(681, 945) time=0.24s confidence=0.8
2026-05-10 06:23:44 | INFO | my_functions.py:231 | [DEBUG] wait_for_image_and_click -> snap.PNG timeout=0s delay_click=1s confidence=0.8
2026-05-10 06:23:44 | INFO | my_functions.py:258 | [DEBUG] Click skipped, image not found: snap.PNG
2026-05-10 06:23:49 | INFO | my_functions.py:138 | Haciendo click en la posición (681, 945)
2026-05-10 06:23:50 | INFO | each_eight_hours.py:314 | End turn executed
2026-05-10 06:24:02 | INFO | my_functions.py:198 | 
✅ Found: end_turn.PNG pos=(681, 945) time=0.18s confidence=0.8
2026-05-10 06:24:02 | INFO | my_functions.py:231 | [DEBUG] wait_for_image_and_click -> snap.PNG timeout=0s delay_click=1s confidence=0.8
2026-05-10 06:24:02 | INFO | my_functions.py:258 | [DEBUG] Click skipped, image not found: snap.PNG
2026-05-10 06:24:07 | INFO | my_functions.py:138 | Haciendo click en la posición (681, 945)
2026-05-10 06:24:09 | INFO | each_eight_hours.py:314 | End turn executed
2026-05-10 06:24:30 | INFO | my_functions.py:198 | 
✅ Found: end_turn.PNG pos=(681, 945) time=0.17s confidence=0.8
2026-05-10 06:24:30 | INFO | my_functions.py:231 | [DEBUG] wait_for_image_and_click -> snap.PNG timeout=0s delay_click=1s confidence=0.8
2026-05-10 06:24:30 | INFO | my_functions.py:258 | [DEBUG] Click skipped, image not found: snap.PNG
2026-05-10 06:24:35 | INFO | my_functions.py:138 | Haciendo click en la posición (681, 945)
2026-05-10 06:24:36 | INFO | each_eight_hours.py:314 | End turn executed
2026-05-10 06:24:54 | INFO | my_functions.py:198 | 
✅ Found: collect_rewards.PNG pos=(679, 957) time=0.19s confidence=0.8
2026-05-10 06:24:54 | INFO | each_eight_hours.py:353 | Rewards detected, exiting match
2026-05-10 06:24:54 | INFO | my_functions.py:231 | [DEBUG] wait_for_image_and_click -> collect_rewards.PNG timeout=20s delay_click=1s confidence=0.8
2026-05-10 06:24:54 | INFO | my_functions.py:172 | Searching collect_rewards.PNG (timeout=20s)
2026-05-10 06:24:54 | INFO | my_functions.py:198 | 
✅ Found: collect_rewards.PNG pos=(679, 957) time=0.21s confidence=0.8
2026-05-10 06:24:55 | INFO | my_functions.py:138 | Haciendo click en la posición (679, 957)
2026-05-10 06:24:55 | INFO | my_functions.py:251 | 🖱️ Click OK: collect_rewards.PNG at (679, 957) delay=1s
2026-05-10 06:24:55 | INFO | my_functions.py:231 | [DEBUG] wait_for_image_and_click -> next.PNG timeout=20s delay_click=1s confidence=0.8
2026-05-10 06:24:55 | INFO | my_functions.py:172 | Searching next.PNG (timeout=20s)
2026-05-10 06:24:58 | INFO | my_functions.py:198 | 
✅ Found: next.PNG pos=(677, 973) time=3.32s confidence=0.8
2026-05-10 06:24:59 | INFO | my_functions.py:138 | Haciendo click en la posición (677, 973)
2026-05-10 06:24:59 | INFO | my_functions.py:251 | 🖱️ Click OK: next.PNG at (677, 973) delay=1s
2026-05-10 06:25:03 | INFO | my_functions.py:434 | AVAILABLE: 6
2026-05-10 06:25:04 | INFO | my_functions.py:444 | [INFO] Waiting for Notepad++ process...
2026-05-10 06:25:04 | INFO | my_functions.py:458 | [INFO] Notepad++ detected PID=9508
2026-05-10 06:25:07 | INFO | my_functions.py:466 | [SUCCESS] Notepad++ closed successfully
2026-05-10 06:25:08 | INFO | each_eight_hours.py:421 | Submissions after match: 6
2026-05-10 06:25:08 | INFO | my_functions.py:378 | Misiones completadas: 0
2026-05-10 06:25:08 | INFO | each_eight_hours.py:287 | Starting game loop 2
2026-05-10 06:25:08 | INFO | my_functions.py:231 | [DEBUG] wait_for_image_and_click -> play.PNG timeout=20s delay_click=3s confidence=0.8
2026-05-10 06:25:08 | INFO | my_functions.py:172 | Searching play.PNG (timeout=20s)
2026-05-10 06:25:08 | INFO | my_functions.py:198 | 
✅ Found: play.PNG pos=(384, 824) time=0.2s confidence=0.8
2026-05-10 06:25:11 | INFO | my_functions.py:138 | Haciendo click en la posición (384, 824)
2026-05-10 06:25:11 | INFO | my_functions.py:251 | 🖱️ Click OK: play.PNG at (384, 824) delay=3s
2026-05-10 06:25:11 | INFO | each_eight_hours.py:293 | Play button clicked
2026-05-10 06:25:25 | INFO | my_functions.py:198 | 
✅ Found: aw_snap.png pos=(381, 502) time=0.18s confidence=0.8
2026-05-10 06:25:27 | INFO | my_functions.py:146 | Presionando ESC (1/1)
2026-05-10 06:25:27 | WARNING | each_eight_hours.py:336 | aw_snap detected
2026-05-10 06:25:27 | INFO | my_functions.py:231 | [DEBUG] wait_for_image_and_click -> play_hover.png timeout=20s delay_click=1s confidence=0.8
2026-05-10 06:25:27 | INFO | my_functions.py:172 | Searching play_hover.png (timeout=20s)
2026-05-10 06:25:28 | INFO | my_functions.py:198 | 
✅ Found: play_hover.png pos=(384, 809) time=0.19s confidence=0.8
2026-05-10 06:25:29 | INFO | my_functions.py:138 | Haciendo click en la posición (384, 809)
2026-05-10 06:25:29 | INFO | my_functions.py:251 | 🖱️ Click OK: play_hover.png at (384, 809) delay=1s
2026-05-10 06:25:36 | INFO | my_functions.py:198 | 
✅ Found: aw_snap.png pos=(381, 502) time=0.17s confidence=0.8
2026-05-10 06:25:38 | INFO | my_functions.py:146 | Presionando ESC (1/1)
2026-05-10 06:25:39 | WARNING | each_eight_hours.py:336 | aw_snap detected
2026-05-10 06:25:39 | INFO | my_functions.py:231 | [DEBUG] wait_for_image_and_click -> play_hover.png timeout=20s delay_click=1s confidence=0.8
2026-05-10 06:25:39 | INFO | my_functions.py:172 | Searching play_hover.png (timeout=20s)
2026-05-10 06:25:39 | INFO | my_functions.py:198 | 
✅ Found: play_hover.png pos=(384, 809) time=0.17s confidence=0.8
2026-05-10 06:25:40 | INFO | my_functions.py:138 | Haciendo click en la posición (384, 809)
2026-05-10 06:25:40 | INFO | my_functions.py:251 | 🖱️ Click OK: play_hover.png at (384, 809) delay=1s
2026-05-10 06:25:42 | INFO | my_functions.py:198 | 
✅ Found: aw_snap.png pos=(381, 502) time=0.16s confidence=0.8
2026-05-10 06:25:44 | INFO | my_functions.py:146 | Presionando ESC (1/1)
2026-05-10 06:25:45 | WARNING | each_eight_hours.py:336 | aw_snap detected
2026-05-10 06:25:45 | INFO | my_functions.py:231 | [DEBUG] wait_for_image_and_click -> play_hover.png timeout=20s delay_click=1s confidence=0.8
2026-05-10 06:25:45 | INFO | my_functions.py:172 | Searching play_hover.png (timeout=20s)
2026-05-10 06:25:45 | INFO | my_functions.py:198 | 
✅ Found: play_hover.png pos=(384, 809) time=0.18s confidence=0.8
2026-05-10 06:25:46 | INFO | my_functions.py:138 | Haciendo click en la posición (384, 809)
2026-05-10 06:25:46 | INFO | my_functions.py:251 | 🖱️ Click OK: play_hover.png at (384, 809) delay=1s
2026-05-10 06:25:53 | INFO | my_functions.py:198 | 
✅ Found: aw_snap.png pos=(381, 502) time=0.21s confidence=0.8
2026-05-10 06:25:55 | INFO | my_functions.py:146 | Presionando ESC (1/1)
2026-05-10 06:25:56 | WARNING | each_eight_hours.py:336 | aw_snap detected
2026-05-10 06:25:56 | INFO | my_functions.py:231 | [DEBUG] wait_for_image_and_click -> play_hover.png timeout=20s delay_click=1s confidence=0.8
2026-05-10 06:25:56 | INFO | my_functions.py:172 | Searching play_hover.png (timeout=20s)
2026-05-10 06:25:56 | INFO | my_functions.py:198 | 
✅ Found: play_hover.png pos=(385, 809) time=0.2s confidence=0.8
2026-05-10 06:25:57 | INFO | my_functions.py:138 | Haciendo click en la posición (385, 809)
2026-05-10 06:25:57 | INFO | my_functions.py:251 | 🖱️ Click OK: play_hover.png at (385, 809) delay=1s
2026-05-10 06:26:10 | INFO | my_functions.py:198 | 
✅ Found: aw_snap.png pos=(381, 502) time=0.19s confidence=0.8
2026-05-10 06:26:12 | INFO | my_functions.py:146 | Presionando ESC (1/1)
2026-05-10 06:26:13 | WARNING | each_eight_hours.py:336 | aw_snap detected
2026-05-10 06:26:13 | INFO | my_functions.py:231 | [DEBUG] wait_for_image_and_click -> play_hover.png timeout=20s delay_click=1s confidence=0.8
2026-05-10 06:26:13 | INFO | my_functions.py:172 | Searching play_hover.png (timeout=20s)
2026-05-10 06:26:13 | INFO | my_functions.py:198 | 
✅ Found: play_hover.png pos=(384, 809) time=0.21s confidence=0.8
2026-05-10 06:26:14 | INFO | my_functions.py:138 | Haciendo click en la posición (384, 809)
2026-05-10 06:26:14 | INFO | my_functions.py:251 | 🖱️ Click OK: play_hover.png at (384, 809) delay=1s
2026-05-10 06:26:21 | INFO | my_functions.py:198 | 
✅ Found: aw_snap.png pos=(381, 502) time=0.17s confidence=0.8
2026-05-10 06:26:23 | INFO | my_functions.py:146 | Presionando ESC (1/1)
2026-05-10 06:26:24 | WARNING | each_eight_hours.py:336 | aw_snap detected
2026-05-10 06:26:24 | INFO | my_functions.py:231 | [DEBUG] wait_for_image_and_click -> play_hover.png timeout=20s delay_click=1s confidence=0.8
2026-05-10 06:26:24 | INFO | my_functions.py:172 | Searching play_hover.png (timeout=20s)
2026-05-10 06:26:24 | INFO | my_functions.py:198 | 
✅ Found: play_hover.png pos=(384, 809) time=0.2s confidence=0.8
2026-05-10 06:26:25 | INFO | my_functions.py:138 | Haciendo click en la posición (384, 809)
2026-05-10 06:26:25 | INFO | my_functions.py:251 | 🖱️ Click OK: play_hover.png at (384, 809) delay=1s
2026-05-10 06:26:28 | INFO | my_functions.py:198 | 
✅ Found: aw_snap.png pos=(381, 502) time=0.16s confidence=0.8
2026-05-10 06:26:30 | INFO | my_functions.py:146 | Presionando ESC (1/1)
2026-05-10 06:26:31 | WARNING | each_eight_hours.py:336 | aw_snap detected
2026-05-10 06:26:31 | INFO | my_functions.py:231 | [DEBUG] wait_for_image_and_click -> play_hover.png timeout=20s delay_click=1s confidence=0.8
2026-05-10 06:26:31 | INFO | my_functions.py:172 | Searching play_hover.png (timeout=20s)
2026-05-10 06:26:31 | INFO | my_functions.py:198 | 
✅ Found: play_hover.png pos=(384, 809) time=0.18s confidence=0.8
2026-05-10 06:26:32 | INFO | my_functions.py:138 | Haciendo click en la posición (384, 809)
2026-05-10 06:26:32 | INFO | my_functions.py:251 | 🖱️ Click OK: play_hover.png at (384, 809) delay=1s
2026-05-10 06:26:45 | INFO | my_functions.py:198 | 
✅ Found: aw_snap.png pos=(381, 502) time=0.17s confidence=0.8
2026-05-10 06:26:47 | INFO | my_functions.py:146 | Presionando ESC (1/1)
2026-05-10 06:26:48 | WARNING | each_eight_hours.py:336 | aw_snap detected
2026-05-10 06:26:48 | INFO | my_functions.py:231 | [DEBUG] wait_for_image_and_click -> play_hover.png timeout=20s delay_click=1s confidence=0.8
2026-05-10 06:26:48 | INFO | my_functions.py:172 | Searching play_hover.png (timeout=20s)
2026-05-10 06:26:48 | INFO | my_functions.py:198 | 
✅ Found: play_hover.png pos=(385, 809) time=0.17s confidence=0.8
2026-05-10 06:26:49 | INFO | my_functions.py:138 | Haciendo click en la posición (385, 809)
2026-05-10 06:26:49 | INFO | my_functions.py:251 | 🖱️ Click OK: play_hover.png at (385, 809) delay=1s
2026-05-10 06:26:51 | INFO | my_functions.py:198 | 
✅ Found: aw_snap.png pos=(381, 502) time=0.19s confidence=0.8
2026-05-10 06:26:53 | INFO | my_functions.py:146 | Presionando ESC (1/1)
2026-05-10 06:26:54 | WARNING | each_eight_hours.py:336 | aw_snap detected
2026-05-10 06:26:54 | INFO | my_functions.py:231 | [DEBUG] wait_for_image_and_click -> play_hover.png timeout=20s delay_click=1s confidence=0.8
2026-05-10 06:26:54 | INFO | my_functions.py:172 | Searching play_hover.png (timeout=20s)
2026-05-10 06:26:54 | INFO | my_functions.py:198 | 
✅ Found: play_hover.png pos=(384, 809) time=0.17s confidence=0.8
2026-05-10 06:26:55 | INFO | my_functions.py:138 | Haciendo click en la posición (384, 809)
2026-05-10 06:26:55 | INFO | my_functions.py:251 | 🖱️ Click OK: play_hover.png at (384, 809) delay=1s
2026-05-10 06:26:57 | INFO | my_functions.py:198 | 
✅ Found: aw_snap.png pos=(381, 502) time=0.19s confidence=0.8
2026-05-10 06:26:59 | INFO | my_functions.py:146 | Presionando ESC (1/1)
2026-05-10 06:27:00 | WARNING | each_eight_hours.py:336 | aw_snap detected
2026-05-10 06:27:00 | INFO | my_functions.py:231 | [DEBUG] wait_for_image_and_click -> play_hover.png timeout=20s delay_click=1s confidence=0.8
2026-05-10 06:27:00 | INFO | my_functions.py:172 | Searching play_hover.png (timeout=20s)
2026-05-10 06:27:00 | INFO | my_functions.py:198 | 
✅ Found: play_hover.png pos=(385, 809) time=0.19s confidence=0.8
2026-05-10 06:27:01 | INFO | my_functions.py:138 | Haciendo click en la posición (385, 809)
2026-05-10 06:27:01 | INFO | my_functions.py:251 | 🖱️ Click OK: play_hover.png at (385, 809) delay=1s
2026-05-10 06:27:29 | INFO | my_functions.py:198 | 
✅ Found: end_turn.PNG pos=(681, 945) time=0.22s confidence=0.8
2026-05-10 06:27:29 | INFO | my_functions.py:231 | [DEBUG] wait_for_image_and_click -> snap.PNG timeout=0s delay_click=1s confidence=0.8
2026-05-10 06:27:29 | INFO | my_functions.py:198 | 
✅ Found: snap.PNG pos=(386, 123) time=0.21s confidence=0.8
2026-05-10 06:27:30 | INFO | my_functions.py:138 | Haciendo click en la posición (386, 123)
2026-05-10 06:27:30 | INFO | my_functions.py:251 | 🖱️ Click OK: snap.PNG at (386, 123) delay=1s
2026-05-10 06:27:36 | INFO | my_functions.py:138 | Haciendo click en la posición (681, 945)
2026-05-10 06:27:37 | INFO | each_eight_hours.py:314 | End turn executed
2026-05-10 06:27:51 | INFO | my_functions.py:198 | 
✅ Found: end_turn.PNG pos=(681, 945) time=0.22s confidence=0.8
2026-05-10 06:27:51 | INFO | my_functions.py:231 | [DEBUG] wait_for_image_and_click -> snap.PNG timeout=0s delay_click=1s confidence=0.8
2026-05-10 06:27:51 | INFO | my_functions.py:258 | [DEBUG] Click skipped, image not found: snap.PNG
2026-05-10 06:27:56 | INFO | my_functions.py:138 | Haciendo click en la posición (681, 945)
2026-05-10 06:27:58 | INFO | each_eight_hours.py:314 | End turn executed
2026-05-10 06:28:13 | INFO | my_functions.py:198 | 
✅ Found: end_turn.PNG pos=(681, 945) time=0.27s confidence=0.8
2026-05-10 06:28:13 | INFO | my_functions.py:231 | [DEBUG] wait_for_image_and_click -> snap.PNG timeout=0s delay_click=1s confidence=0.8
2026-05-10 06:28:14 | INFO | my_functions.py:258 | [DEBUG] Click skipped, image not found: snap.PNG
2026-05-10 06:28:19 | INFO | my_functions.py:138 | Haciendo click en la posición (681, 945)
2026-05-10 06:28:20 | INFO | each_eight_hours.py:314 | End turn executed
2026-05-10 06:28:38 | INFO | my_functions.py:198 | 
✅ Found: end_turn.PNG pos=(681, 945) time=0.21s confidence=0.8
2026-05-10 06:28:38 | INFO | my_functions.py:231 | [DEBUG] wait_for_image_and_click -> snap.PNG timeout=0s delay_click=1s confidence=0.8
2026-05-10 06:28:38 | INFO | my_functions.py:258 | [DEBUG] Click skipped, image not found: snap.PNG
2026-05-10 06:28:43 | INFO | my_functions.py:138 | Haciendo click en la posición (681, 945)
2026-05-10 06:28:44 | INFO | each_eight_hours.py:314 | End turn executed
2026-05-10 06:28:58 | INFO | my_functions.py:198 | 
✅ Found: end_turn.PNG pos=(681, 945) time=0.19s confidence=0.8
2026-05-10 06:28:58 | INFO | my_functions.py:231 | [DEBUG] wait_for_image_and_click -> snap.PNG timeout=0s delay_click=1s confidence=0.8
2026-05-10 06:28:58 | INFO | my_functions.py:258 | [DEBUG] Click skipped, image not found: snap.PNG
2026-05-10 06:29:03 | INFO | my_functions.py:138 | Haciendo click en la posición (681, 945)
2026-05-10 06:29:04 | INFO | each_eight_hours.py:314 | End turn executed
2026-05-10 06:29:15 | INFO | my_functions.py:198 | 
✅ Found: end_turn.PNG pos=(681, 945) time=0.21s confidence=0.8
2026-05-10 06:29:15 | INFO | my_functions.py:231 | [DEBUG] wait_for_image_and_click -> snap.PNG timeout=0s delay_click=1s confidence=0.8
2026-05-10 06:29:15 | INFO | my_functions.py:258 | [DEBUG] Click skipped, image not found: snap.PNG
2026-05-10 06:29:21 | INFO | my_functions.py:138 | Haciendo click en la posición (681, 945)
2026-05-10 06:29:22 | INFO | each_eight_hours.py:314 | End turn executed
2026-05-10 06:29:55 | INFO | my_functions.py:198 | 
✅ Found: collect_rewards.PNG pos=(679, 958) time=0.22s confidence=0.8
2026-05-10 06:29:55 | INFO | each_eight_hours.py:353 | Rewards detected, exiting match
2026-05-10 06:29:55 | INFO | my_functions.py:231 | [DEBUG] wait_for_image_and_click -> collect_rewards.PNG timeout=20s delay_click=1s confidence=0.8
2026-05-10 06:29:55 | INFO | my_functions.py:172 | Searching collect_rewards.PNG (timeout=20s)
2026-05-10 06:29:55 | INFO | my_functions.py:198 | 
✅ Found: collect_rewards.PNG pos=(679, 957) time=0.22s confidence=0.8
2026-05-10 06:29:56 | INFO | my_functions.py:138 | Haciendo click en la posición (679, 957)
2026-05-10 06:29:56 | INFO | my_functions.py:251 | 🖱️ Click OK: collect_rewards.PNG at (679, 957) delay=1s
2026-05-10 06:29:56 | INFO | my_functions.py:231 | [DEBUG] wait_for_image_and_click -> next.PNG timeout=20s delay_click=1s confidence=0.8
2026-05-10 06:29:56 | INFO | my_functions.py:172 | Searching next.PNG (timeout=20s)
2026-05-10 06:30:00 | INFO | my_functions.py:198 | 
✅ Found: next.PNG pos=(677, 973) time=4.34s confidence=0.8
2026-05-10 06:30:01 | INFO | my_functions.py:138 | Haciendo click en la posición (677, 973)
2026-05-10 06:30:02 | INFO | my_functions.py:251 | 🖱️ Click OK: next.PNG at (677, 973) delay=1s
2026-05-10 06:30:06 | INFO | my_functions.py:434 | AVAILABLE: 6
2026-05-10 06:30:06 | INFO | my_functions.py:444 | [INFO] Waiting for Notepad++ process...
2026-05-10 06:30:06 | INFO | my_functions.py:458 | [INFO] Notepad++ detected PID=4204
2026-05-10 06:30:09 | INFO | my_functions.py:466 | [SUCCESS] Notepad++ closed successfully
2026-05-10 06:30:10 | INFO | each_eight_hours.py:421 | Submissions after match: 6
2026-05-10 06:30:10 | INFO | my_functions.py:378 | Misiones completadas: 2
2026-05-10 06:30:10 | INFO | each_eight_hours.py:425 | Submission condition met, breaking loop
2026-05-10 06:30:10 | INFO | my_functions.py:231 | [DEBUG] wait_for_image_and_click -> missionsNotify2.png timeout=20s delay_click=3s confidence=0.8
2026-05-10 06:30:10 | INFO | my_functions.py:172 | Searching missionsNotify2.png (timeout=20s)
2026-05-10 06:30:10 | INFO | my_functions.py:198 | 
✅ Found: missionsNotify2.png pos=(538, 124) time=0.22s confidence=0.8
2026-05-10 06:30:13 | INFO | my_functions.py:138 | Haciendo click en la posición (538, 124)
2026-05-10 06:30:14 | INFO | my_functions.py:251 | 🖱️ Click OK: missionsNotify2.png at (538, 124) delay=3s
2026-05-10 06:30:14 | INFO | my_functions.py:1593 | [INFO] Iniciando click_missions_blue2
2026-05-10 06:30:14 | INFO | my_functions.py:138 | Haciendo click en la posición (150, 132)
2026-05-10 06:30:15 | INFO | my_functions.py:1596 | [ACTION] Click hecho en icono de calendario que me dirige a las misiones ordinarias
2026-05-10 06:30:15 | INFO | my_functions.py:172 | Searching bonus_challenge.png (timeout=0s)
2026-05-10 06:30:15 | INFO | my_functions.py:209 | 
⛔ Not found: bonus_challenge.png after 0.0s region=(0, 0, 765, 1038) confidence=0.8
2026-05-10 06:30:17 | INFO | my_functions.py:138 | Haciendo click en la posición (362, 493)
2026-05-10 06:30:18 | INFO | my_functions.py:1609 | [ACTION] Click 1/2 en misión azul
2026-05-10 06:30:19 | INFO | my_functions.py:138 | Haciendo click en la posición (362, 493)
2026-05-10 06:30:20 | INFO | my_functions.py:1609 | [ACTION] Click 2/2 en misión azul
2026-05-10 06:30:20 | INFO | my_functions.py:172 | Searching flechita_mission.PNG (timeout=0s)
2026-05-10 06:30:21 | INFO | my_functions.py:209 | 
⛔ Not found: flechita_mission.PNG after 0.0s region=(0, 0, 765, 1038) confidence=0.8
2026-05-10 06:30:21 | INFO | my_functions.py:231 | [DEBUG] wait_for_image_and_click -> weekly3.PNG timeout=0s delay_click=0.1s confidence=0.8
2026-05-10 06:30:21 | INFO | my_functions.py:172 | Searching weekly3.PNG (timeout=0s)
2026-05-10 06:30:21 | INFO | my_functions.py:209 | 
⛔ Not found: weekly3.PNG after 0.0s region=(0, 0, 765, 1038) confidence=0.8
2026-05-10 06:30:21 | INFO | my_functions.py:258 | [DEBUG] Click skipped, image not found: weekly3.PNG
2026-05-10 06:30:21 | INFO | my_functions.py:231 | [DEBUG] wait_for_image_and_click -> weekly3.PNG timeout=0s delay_click=0.1s confidence=0.8
2026-05-10 06:30:21 | INFO | my_functions.py:172 | Searching weekly3.PNG (timeout=0s)
2026-05-10 06:30:21 | INFO | my_functions.py:209 | 
⛔ Not found: weekly3.PNG after 0.0s region=(0, 0, 765, 1038) confidence=0.8
2026-05-10 06:30:21 | INFO | my_functions.py:258 | [DEBUG] Click skipped, image not found: weekly3.PNG
2026-05-10 06:30:21 | INFO | my_functions.py:231 | [DEBUG] wait_for_image_and_click -> weekly3.PNG timeout=0s delay_click=0.1s confidence=0.8
2026-05-10 06:30:21 | INFO | my_functions.py:172 | Searching weekly3.PNG (timeout=0s)
2026-05-10 06:30:21 | INFO | my_functions.py:209 | 
⛔ Not found: weekly3.PNG after 0.01s region=(0, 0, 765, 1038) confidence=0.8
2026-05-10 06:30:21 | INFO | my_functions.py:258 | [DEBUG] Click skipped, image not found: weekly3.PNG
2026-05-10 06:30:21 | INFO | my_functions.py:231 | [DEBUG] wait_for_image_and_click -> weekly3.PNG timeout=0s delay_click=0.1s confidence=0.8
2026-05-10 06:30:21 | INFO | my_functions.py:172 | Searching weekly3.PNG (timeout=0s)
2026-05-10 06:30:21 | INFO | my_functions.py:209 | 
⛔ Not found: weekly3.PNG after 0.01s region=(0, 0, 765, 1038) confidence=0.8
2026-05-10 06:30:21 | INFO | my_functions.py:258 | [DEBUG] Click skipped, image not found: weekly3.PNG
2026-05-10 06:30:21 | INFO | my_functions.py:231 | [DEBUG] wait_for_image_and_click -> weekly3.PNG timeout=0s delay_click=0.1s confidence=0.8
2026-05-10 06:30:21 | INFO | my_functions.py:172 | Searching weekly3.PNG (timeout=0s)
2026-05-10 06:30:22 | INFO | my_functions.py:209 | 
⛔ Not found: weekly3.PNG after 0.0s region=(0, 0, 765, 1038) confidence=0.8
2026-05-10 06:30:22 | INFO | my_functions.py:258 | [DEBUG] Click skipped, image not found: weekly3.PNG
2026-05-10 06:30:22 | INFO | my_functions.py:231 | [DEBUG] wait_for_image_and_click -> weekly3.PNG timeout=0s delay_click=0.1s confidence=0.8
2026-05-10 06:30:22 | INFO | my_functions.py:172 | Searching weekly3.PNG (timeout=0s)
2026-05-10 06:30:22 | INFO | my_functions.py:209 | 
⛔ Not found: weekly3.PNG after 0.0s region=(0, 0, 765, 1038) confidence=0.8
2026-05-10 06:30:22 | INFO | my_functions.py:258 | [DEBUG] Click skipped, image not found: weekly3.PNG
2026-05-10 06:30:22 | INFO | my_functions.py:231 | [DEBUG] wait_for_image_and_click -> weekly3.PNG timeout=0s delay_click=0.1s confidence=0.8
2026-05-10 06:30:22 | INFO | my_functions.py:172 | Searching weekly3.PNG (timeout=0s)
2026-05-10 06:30:22 | INFO | my_functions.py:209 | 
⛔ Not found: weekly3.PNG after 0.01s region=(0, 0, 765, 1038) confidence=0.8
2026-05-10 06:30:22 | INFO | my_functions.py:258 | [DEBUG] Click skipped, image not found: weekly3.PNG
2026-05-10 06:30:22 | INFO | my_functions.py:231 | [DEBUG] wait_for_image_and_click -> weekly3.PNG timeout=0s delay_click=0.1s confidence=0.8
2026-05-10 06:30:22 | INFO | my_functions.py:172 | Searching weekly3.PNG (timeout=0s)
2026-05-10 06:30:22 | INFO | my_functions.py:209 | 
⛔ Not found: weekly3.PNG after 0.0s region=(0, 0, 765, 1038) confidence=0.8
2026-05-10 06:30:22 | INFO | my_functions.py:258 | [DEBUG] Click skipped, image not found: weekly3.PNG
2026-05-10 06:30:22 | INFO | my_functions.py:231 | [DEBUG] wait_for_image_and_click -> weekly3.PNG timeout=0s delay_click=0.1s confidence=0.8
2026-05-10 06:30:22 | INFO | my_functions.py:172 | Searching weekly3.PNG (timeout=0s)
2026-05-10 06:30:22 | INFO | my_functions.py:209 | 
⛔ Not found: weekly3.PNG after 0.01s region=(0, 0, 765, 1038) confidence=0.8
2026-05-10 06:30:22 | INFO | my_functions.py:258 | [DEBUG] Click skipped, image not found: weekly3.PNG
2026-05-10 06:30:22 | INFO | my_functions.py:231 | [DEBUG] wait_for_image_and_click -> weekly3.PNG timeout=0s delay_click=0.1s confidence=0.8
2026-05-10 06:30:22 | INFO | my_functions.py:172 | Searching weekly3.PNG (timeout=0s)
2026-05-10 06:30:23 | INFO | my_functions.py:209 | 
⛔ Not found: weekly3.PNG after 0.01s region=(0, 0, 765, 1038) confidence=0.8
2026-05-10 06:30:23 | INFO | my_functions.py:258 | [DEBUG] Click skipped, image not found: weekly3.PNG
2026-05-10 06:30:23 | INFO | my_functions.py:138 | Haciendo click en la posición (557, 64)
2026-05-10 06:30:24 | INFO | my_functions.py:231 | [DEBUG] wait_for_image_and_click -> cards_shop.PNG timeout=20s delay_click=1s confidence=0.8
2026-05-10 06:30:24 | INFO | my_functions.py:172 | Searching cards_shop.PNG (timeout=20s)
2026-05-10 06:30:24 | INFO | my_functions.py:198 | 
✅ Found: cards_shop.PNG pos=(568, 121) time=0.6s confidence=0.8
2026-05-10 06:30:25 | INFO | my_functions.py:138 | Haciendo click en la posición (568, 121)
2026-05-10 06:30:26 | INFO | my_functions.py:251 | 🖱️ Click OK: cards_shop.PNG at (568, 121) delay=1s
2026-05-10 06:30:26 | INFO | my_functions.py:231 | [DEBUG] wait_for_image_and_click -> token_icon.PNG timeout=20s delay_click=1s confidence=0.8
2026-05-10 06:30:26 | INFO | my_functions.py:172 | Searching token_icon.PNG (timeout=20s)
2026-05-10 06:30:29 | INFO | my_functions.py:198 | 
✅ Found: token_icon.PNG pos=(679, 171) time=3.01s confidence=0.8
2026-05-10 06:30:30 | INFO | my_functions.py:138 | Haciendo click en la posición (679, 171)
2026-05-10 06:30:30 | INFO | my_functions.py:251 | 🖱️ Click OK: token_icon.PNG at (679, 171) delay=1s
2026-05-10 06:30:32 | INFO | my_functions.py:231 | [DEBUG] wait_for_image_and_click -> claim!_token_3.PNG timeout=4s delay_click=1s confidence=0.8
2026-05-10 06:30:32 | INFO | my_functions.py:172 | Searching claim!_token_3.PNG (timeout=4s)
2026-05-10 06:30:36 | INFO | my_functions.py:209 | 
⛔ Not found: claim!_token_3.PNG after 4.19s region=(0, 0, 765, 1038) confidence=0.8
2026-05-10 06:30:36 | INFO | my_functions.py:258 | [DEBUG] Click skipped, image not found: claim!_token_3.PNG
2026-05-10 06:30:36 | INFO | my_functions.py:231 | [DEBUG] wait_for_image_and_click -> offers.PNG timeout=0.1s delay_click=1s confidence=0.8
2026-05-10 06:30:36 | INFO | my_functions.py:172 | Searching offers.PNG (timeout=0.1s)
2026-05-10 06:30:37 | INFO | my_functions.py:198 | 
✅ Found: offers.PNG pos=(197, 121) time=0.25s confidence=0.8
2026-05-10 06:30:38 | INFO | my_functions.py:138 | Haciendo click en la posición (197, 121)
2026-05-10 06:30:38 | INFO | my_functions.py:251 | 🖱️ Click OK: offers.PNG at (197, 121) delay=1s
2026-05-10 06:30:38 | INFO | my_functions.py:231 | [DEBUG] wait_for_image_and_click -> credits_selected.png timeout=0.1s delay_click=1s confidence=0.8
2026-05-10 06:30:38 | INFO | my_functions.py:172 | Searching credits_selected.png (timeout=0.1s)
2026-05-10 06:30:38 | INFO | my_functions.py:198 | 
✅ Found: credits_selected.png pos=(173, 61) time=0.21s confidence=0.8
2026-05-10 06:30:39 | INFO | my_functions.py:138 | Haciendo click en la posición (173, 61)
2026-05-10 06:30:39 | INFO | my_functions.py:251 | 🖱️ Click OK: credits_selected.png at (173, 61) delay=1s
2026-05-10 06:30:41 | INFO | my_functions.py:231 | [DEBUG] wait_for_image_and_click -> claim_25_credits.png timeout=2s delay_click=1s confidence=0.8
2026-05-10 06:30:41 | INFO | my_functions.py:172 | Searching claim_25_credits.png (timeout=2s)
2026-05-10 06:30:41 | INFO | my_functions.py:198 | 
✅ Found: claim_25_credits.png pos=(236, 328) time=0.24s confidence=0.8
2026-05-10 06:30:42 | INFO | my_functions.py:138 | Haciendo click en la posición (236, 328)
2026-05-10 06:30:42 | INFO | my_functions.py:251 | 🖱️ Click OK: claim_25_credits.png at (236, 328) delay=1s
2026-05-10 06:30:42 | INFO | my_functions.py:231 | [DEBUG] wait_for_image_and_click -> cards_shop.PNG timeout=20s delay_click=1s confidence=0.8
2026-05-10 06:30:42 | INFO | my_functions.py:172 | Searching cards_shop.PNG (timeout=20s)
2026-05-10 06:30:42 | INFO | my_functions.py:198 | 
✅ Found: cards_shop.PNG pos=(568, 121) time=0.23s confidence=0.8
2026-05-10 06:30:43 | INFO | my_functions.py:138 | Haciendo click en la posición (568, 121)
2026-05-10 06:30:44 | INFO | my_functions.py:251 | 🖱️ Click OK: cards_shop.PNG at (568, 121) delay=1s
2026-05-10 06:30:44 | INFO | my_functions.py:231 | [DEBUG] wait_for_image_and_click -> offers.PNG timeout=20s delay_click=1s confidence=0.8
2026-05-10 06:30:44 | INFO | my_functions.py:172 | Searching offers.PNG (timeout=20s)
2026-05-10 06:30:44 | INFO | my_functions.py:198 | 
✅ Found: offers.PNG pos=(197, 122) time=0.17s confidence=0.8
2026-05-10 06:30:45 | INFO | my_functions.py:138 | Haciendo click en la posición (197, 122)
2026-05-10 06:30:45 | INFO | my_functions.py:251 | 🖱️ Click OK: offers.PNG at (197, 122) delay=1s
2026-05-10 06:30:45 | INFO | my_functions.py:1491 | [INFO] Iniciando mejora de cartas
2026-05-10 06:30:45 | INFO | my_functions.py:231 | [DEBUG] wait_for_image_and_click -> upgrade_cards_icon.PNG timeout=20s delay_click=1s confidence=0.8
2026-05-10 06:30:45 | INFO | my_functions.py:172 | Searching upgrade_cards_icon.PNG (timeout=20s)
2026-05-10 06:30:45 | INFO | my_functions.py:198 | 
✅ Found: upgrade_cards_icon.PNG pos=(322, 170) time=0.22s confidence=0.8
2026-05-10 06:30:46 | INFO | my_functions.py:138 | Haciendo click en la posición (322, 170)
2026-05-10 06:30:46 | INFO | my_functions.py:251 | 🖱️ Click OK: upgrade_cards_icon.PNG at (322, 170) delay=1s
2026-05-10 06:30:46 | INFO | my_functions.py:1495 | [INFO] Abriendo icono de upgrade_cards
2026-05-10 06:30:47 | INFO | my_functions.py:1501 | [STEP] Mejorando carta 1
2026-05-10 06:30:48 | INFO | my_functions.py:1505 | [ACTION] Click en carta 1
2026-05-10 06:30:49 | INFO | my_functions.py:1510 | [ACTION] Click en botón upgrade
2026-05-10 06:30:56 | INFO | my_functions.py:231 | [DEBUG] wait_for_image_and_click -> you_need_more_credits!.png timeout=3s delay_click=1s confidence=0.8
2026-05-10 06:30:56 | INFO | my_functions.py:172 | Searching you_need_more_credits!.png (timeout=3s)
2026-05-10 06:30:59 | INFO | my_functions.py:209 | 
⛔ Not found: you_need_more_credits!.png after 3.04s region=(0, 0, 765, 1038) confidence=0.8
2026-05-10 06:30:59 | INFO | my_functions.py:258 | [DEBUG] Click skipped, image not found: you_need_more_credits!.png
2026-05-10 06:31:04 | INFO | my_functions.py:1525 | [ACTION] Click para continuar a stage de nivel de coleccion
2026-05-10 06:31:09 | INFO | my_functions.py:146 | Presionando ESC (1/1)
2026-05-10 06:31:10 | INFO | my_functions.py:1530 | [ACTION] Saliendo de stage nivel de coleccion con ESC
2026-05-10 06:31:11 | INFO | my_functions.py:231 | [DEBUG] wait_for_image_and_click -> upgrade_cards_icon_selected.PNG timeout=0s delay_click=1s confidence=0.8
2026-05-10 06:31:11 | INFO | my_functions.py:172 | Searching upgrade_cards_icon_selected.PNG (timeout=0s)
2026-05-10 06:31:11 | INFO | my_functions.py:198 | 
✅ Found: upgrade_cards_icon_selected.PNG pos=(320, 173) time=0.2s confidence=0.8
2026-05-10 06:31:12 | INFO | my_functions.py:138 | Haciendo click en la posición (320, 173)
2026-05-10 06:31:12 | INFO | my_functions.py:251 | 🖱️ Click OK: upgrade_cards_icon_selected.PNG at (320, 173) delay=1s
2026-05-10 06:31:12 | INFO | my_functions.py:1550 | [INFO] Reabriendo icono de upgrade_cards
2026-05-10 06:31:13 | INFO | my_functions.py:1501 | [STEP] Mejorando carta 2
2026-05-10 06:31:13 | INFO | my_functions.py:1505 | [ACTION] Click en carta 2
2026-05-10 06:31:14 | INFO | my_functions.py:1510 | [ACTION] Click en botón upgrade
2026-05-10 06:31:22 | INFO | my_functions.py:231 | [DEBUG] wait_for_image_and_click -> you_need_more_credits!.png timeout=3s delay_click=1s confidence=0.8
2026-05-10 06:31:22 | INFO | my_functions.py:172 | Searching you_need_more_credits!.png (timeout=3s)
2026-05-10 06:31:25 | INFO | my_functions.py:209 | 
⛔ Not found: you_need_more_credits!.png after 3.16s region=(0, 0, 765, 1038) confidence=0.8
2026-05-10 06:31:25 | INFO | my_functions.py:258 | [DEBUG] Click skipped, image not found: you_need_more_credits!.png
2026-05-10 06:31:30 | INFO | my_functions.py:1525 | [ACTION] Click para continuar a stage de nivel de coleccion
2026-05-10 06:31:35 | INFO | my_functions.py:146 | Presionando ESC (1/1)
2026-05-10 06:31:36 | INFO | my_functions.py:1530 | [ACTION] Saliendo de stage nivel de coleccion con ESC
2026-05-10 06:31:37 | INFO | my_functions.py:231 | [DEBUG] wait_for_image_and_click -> upgrade_cards_icon_selected.PNG timeout=0s delay_click=1s confidence=0.8
2026-05-10 06:31:37 | INFO | my_functions.py:172 | Searching upgrade_cards_icon_selected.PNG (timeout=0s)
2026-05-10 06:31:37 | INFO | my_functions.py:198 | 
✅ Found: upgrade_cards_icon_selected.PNG pos=(320, 173) time=0.19s confidence=0.8
2026-05-10 06:31:38 | INFO | my_functions.py:138 | Haciendo click en la posición (320, 173)
2026-05-10 06:31:38 | INFO | my_functions.py:251 | 🖱️ Click OK: upgrade_cards_icon_selected.PNG at (320, 173) delay=1s
2026-05-10 06:31:38 | INFO | my_functions.py:1550 | [INFO] Reabriendo icono de upgrade_cards
2026-05-10 06:31:39 | INFO | my_functions.py:1501 | [STEP] Mejorando carta 3
2026-05-10 06:31:39 | INFO | my_functions.py:1505 | [ACTION] Click en carta 3
2026-05-10 06:31:40 | INFO | my_functions.py:1510 | [ACTION] Click en botón upgrade
2026-05-10 06:31:47 | INFO | my_functions.py:231 | [DEBUG] wait_for_image_and_click -> you_need_more_credits!.png timeout=3s delay_click=1s confidence=0.8
2026-05-10 06:31:47 | INFO | my_functions.py:172 | Searching you_need_more_credits!.png (timeout=3s)
2026-05-10 06:31:51 | INFO | my_functions.py:209 | 
⛔ Not found: you_need_more_credits!.png after 3.03s region=(0, 0, 765, 1038) confidence=0.8
2026-05-10 06:31:51 | INFO | my_functions.py:258 | [DEBUG] Click skipped, image not found: you_need_more_credits!.png
2026-05-10 06:31:56 | INFO | my_functions.py:1525 | [ACTION] Click para continuar a stage de nivel de coleccion
2026-05-10 06:32:01 | INFO | my_functions.py:146 | Presionando ESC (1/1)
2026-05-10 06:32:01 | INFO | my_functions.py:1530 | [ACTION] Saliendo de stage nivel de coleccion con ESC
2026-05-10 06:32:02 | INFO | my_functions.py:1553 | [INFO] Mejora de cartas completada ✅
2026-05-10 06:32:02 | INFO | my_functions.py:146 | Presionando ESC (1/1)
2026-05-10 06:32:03 | INFO | each_eight_hours.py:437 | Finished all games
2026-05-10 06:32:03 | INFO | my_functions.py:1443 | [DEBUG] Starting logout process...
2026-05-10 06:32:03 | INFO | my_functions.py:1445 | [DEBUG] Clicking nut icon...
2026-05-10 06:32:03 | INFO | my_functions.py:231 | [DEBUG] wait_for_image_and_click -> nut.png timeout=20s delay_click=1s confidence=0.8
2026-05-10 06:32:03 | INFO | my_functions.py:172 | Searching nut.png (timeout=20s)
2026-05-10 06:32:03 | INFO | my_functions.py:198 | 
✅ Found: nut.png pos=(184, 78) time=0.23s confidence=0.8
2026-05-10 06:32:04 | INFO | my_functions.py:138 | Haciendo click en la posición (184, 78)
2026-05-10 06:32:04 | INFO | my_functions.py:251 | 🖱️ Click OK: nut.png at (184, 78) delay=1s
2026-05-10 06:32:04 | INFO | my_functions.py:1448 | [DEBUG] Waiting for graphics quality image...
2026-05-10 06:32:04 | INFO | my_functions.py:172 | Searching graphics_quality.png (timeout=3s)
2026-05-10 06:32:05 | INFO | my_functions.py:198 | 
✅ Found: graphics_quality.png pos=(304, 643) time=1.08s confidence=0.8
2026-05-10 06:32:06 | INFO | my_functions.py:1450 | [DEBUG] graphics_quality result: Point(x=304, y=643)
2026-05-10 06:32:06 | INFO | my_functions.py:1456 | [DEBUG] Clicking graphics quality...
2026-05-10 06:32:07 | INFO | my_functions.py:1461 | [DEBUG] Scrolling down...
2026-05-10 06:32:07 | INFO | my_functions.py:1464 | [DEBUG] Clicking sign_out...
2026-05-10 06:32:07 | INFO | my_functions.py:231 | [DEBUG] wait_for_image_and_click -> sign_out.png timeout=20s delay_click=1s confidence=0.8
2026-05-10 06:32:07 | INFO | my_functions.py:172 | Searching sign_out.png (timeout=20s)
2026-05-10 06:32:07 | INFO | my_functions.py:198 | 
✅ Found: sign_out.png pos=(380, 796) time=0.21s confidence=0.8
2026-05-10 06:32:08 | INFO | my_functions.py:138 | Haciendo click en la posición (380, 796)
2026-05-10 06:32:08 | INFO | my_functions.py:251 | 🖱️ Click OK: sign_out.png at (380, 796) delay=1s
2026-05-10 06:32:09 | INFO | my_functions.py:1469 | [DEBUG] Clicking big sign_out...
2026-05-10 06:32:09 | INFO | my_functions.py:231 | [DEBUG] wait_for_image_and_click -> sign_out_grande.png timeout=20s delay_click=1s confidence=0.8
2026-05-10 06:32:09 | INFO | my_functions.py:172 | Searching sign_out_grande.png (timeout=20s)
2026-05-10 06:32:09 | INFO | my_functions.py:198 | 
✅ Found: sign_out_grande.png pos=(359, 437) time=0.18s confidence=0.8
2026-05-10 06:32:10 | INFO | my_functions.py:138 | Haciendo click en la posición (359, 437)
2026-05-10 06:32:11 | INFO | my_functions.py:251 | 🖱️ Click OK: sign_out_grande.png at (359, 437) delay=1s
2026-05-10 06:32:11 | INFO | my_functions.py:1472 | [DEBUG] Clicking sign_out2...
2026-05-10 06:32:11 | INFO | my_functions.py:231 | [DEBUG] wait_for_image_and_click -> sign_out2.png timeout=20s delay_click=1s confidence=0.8
2026-05-10 06:32:11 | INFO | my_functions.py:172 | Searching sign_out2.png (timeout=20s)
2026-05-10 06:32:11 | INFO | my_functions.py:198 | 
✅ Found: sign_out2.png pos=(383, 634) time=0.19s confidence=0.8
2026-05-10 06:32:12 | INFO | my_functions.py:138 | Haciendo click en la posición (383, 634)
2026-05-10 06:32:12 | INFO | my_functions.py:251 | 🖱️ Click OK: sign_out2.png at (383, 634) delay=1s
2026-05-10 06:32:12 | INFO | my_functions.py:1475 | [DEBUG] Resizing SNAP window...
2026-05-10 06:32:12 | INFO | my_functions.py:1668 | ⏱ Esperando 0.1 segundos antes de empezar...
2026-05-10 06:32:12 | INFO | my_functions.py:1675 | 🔍 Esperando ventana que contenga alguna de: SNAP (máx 20s)
2026-05-10 06:32:12 | INFO | my_functions.py:1687 | ✅ Ventana encontrada: 'SNAP'
2026-05-10 06:32:12 | INFO | my_functions.py:1702 | ✅ Ventana seleccionada: 'SNAP'
2026-05-10 06:32:14 | INFO | my_functions.py:1725 | 🔁 Reajuste #1...
2026-05-10 06:32:16 | INFO | my_functions.py:1732 | ✔ Verificación completa. Se hicieron 1 reajustes.
2026-05-10 06:32:17 | INFO | my_functions.py:1484 | snap.exe closed
2026-05-10 06:32:20 | INFO | my_functions.py:1487 | [DEBUG] Logout completed successfully.
2026-05-10 06:32:20 | INFO | each_eight_hours.py:146 | Processing account: overture_vm
2026-05-10 06:32:20 | INFO | each_eight_hours.py:149 | Game relaunched for account
2026-05-10 06:32:20 | INFO | my_functions.py:1668 | ⏱ Esperando 0.1 segundos antes de empezar...
2026-05-10 06:32:21 | INFO | my_functions.py:1675 | 🔍 Esperando ventana que contenga alguna de: ['SNAP'] (máx 20s)
2026-05-10 06:32:24 | INFO | my_functions.py:1687 | ✅ Ventana encontrada: 'SNAP'
2026-05-10 06:32:24 | INFO | my_functions.py:1702 | ✅ Ventana seleccionada: 'SNAP'
2026-05-10 06:32:26 | INFO | my_functions.py:1734 | ✔ Verificación completa. No hubo cambios después del primer ajuste.
2026-05-10 06:32:26 | INFO | each_eight_hours.py:156 | Game window resized
2026-05-10 06:32:26 | INFO | my_functions.py:1207 | [DEBUG] Resizing SNAP window...
2026-05-10 06:32:26 | INFO | my_functions.py:1668 | ⏱ Esperando 0.1 segundos antes de empezar...
2026-05-10 06:32:26 | INFO | my_functions.py:1675 | 🔍 Esperando ventana que contenga alguna de: ['SNAP'] (máx 20s)
2026-05-10 06:32:26 | INFO | my_functions.py:1687 | ✅ Ventana encontrada: 'SNAP'
2026-05-10 06:32:26 | INFO | my_functions.py:1702 | ✅ Ventana seleccionada: 'SNAP'
2026-05-10 06:32:29 | INFO | my_functions.py:1734 | ✔ Verificación completa. No hubo cambios después del primer ajuste.
2026-05-10 06:32:29 | INFO | my_functions.py:231 | [DEBUG] wait_for_image_and_click -> submit.PNG timeout=90s delay_click=0.2s confidence=0.8
2026-05-10 06:32:29 | INFO | my_functions.py:172 | Searching submit.PNG (timeout=90s)
2026-05-10 06:32:33 | INFO | my_functions.py:198 | 
✅ Found: submit.PNG pos=(385, 779) time=3.91s confidence=0.8
2026-05-10 06:32:33 | INFO | my_functions.py:138 | Haciendo click en la posición (385, 779)
2026-05-10 06:32:34 | INFO | my_functions.py:251 | 🖱️ Click OK: submit.PNG at (385, 779) delay=0.2s
2026-05-10 06:32:34 | INFO | my_functions.py:1668 | ⏱ Esperando 0.1 segundos antes de empezar...
2026-05-10 06:32:34 | INFO | my_functions.py:1675 | 🔍 Esperando ventana que contenga alguna de: ['SNAP'] (máx 20s)
2026-05-10 06:32:34 | INFO | my_functions.py:1687 | ✅ Ventana encontrada: 'SNAP'
2026-05-10 06:32:34 | INFO | my_functions.py:1702 | ✅ Ventana seleccionada: 'SNAP'
2026-05-10 06:32:36 | INFO | my_functions.py:1725 | 🔁 Reajuste #1...
2026-05-10 06:32:37 | INFO | my_functions.py:1732 | ✔ Verificación completa. Se hicieron 1 reajustes.
2026-05-10 06:32:37 | INFO | my_functions.py:172 | Searching please_sign.png (timeout=0s)
2026-05-10 06:32:37 | INFO | my_functions.py:198 | 
✅ Found: please_sign.png pos=(383, 438) time=0.2s confidence=0.8
2026-05-10 06:32:37 | INFO | my_functions.py:231 | [DEBUG] wait_for_image_and_click -> ok_btn.png timeout=20s delay_click=1s confidence=0.8
2026-05-10 06:32:37 | INFO | my_functions.py:172 | Searching ok_btn.png (timeout=20s)
2026-05-10 06:32:37 | INFO | my_functions.py:198 | 
✅ Found: ok_btn.png pos=(382, 634) time=0.18s confidence=0.8
2026-05-10 06:32:38 | INFO | my_functions.py:138 | Haciendo click en la posición (382, 634)
2026-05-10 06:32:38 | INFO | my_functions.py:251 | 🖱️ Click OK: ok_btn.png at (382, 634) delay=1s
2026-05-10 06:32:38 | INFO | my_functions.py:231 | [DEBUG] wait_for_image_and_click -> submit.PNG timeout=90s delay_click=0.2s confidence=0.8
2026-05-10 06:32:38 | INFO | my_functions.py:172 | Searching submit.PNG (timeout=90s)
2026-05-10 06:32:40 | INFO | my_functions.py:198 | 
✅ Found: submit.PNG pos=(386, 786) time=1.16s confidence=0.8
2026-05-10 06:32:40 | INFO | my_functions.py:138 | Haciendo click en la posición (386, 786)
2026-05-10 06:32:40 | INFO | my_functions.py:251 | 🖱️ Click OK: submit.PNG at (386, 786) delay=0.2s
2026-05-10 06:32:40 | INFO | my_functions.py:172 | Searching sign_in_with_google2.PNG (timeout=90s)
2026-05-10 06:32:41 | INFO | my_functions.py:198 | 
✅ Found: sign_in_with_google2.PNG pos=(406, 958) time=0.82s confidence=0.8
2026-05-10 06:32:41 | INFO | my_functions.py:231 | [DEBUG] wait_for_image_and_click -> sign_in_with_google2.PNG timeout=20s delay_click=1s confidence=0.8
2026-05-10 06:32:41 | INFO | my_functions.py:172 | Searching sign_in_with_google2.PNG (timeout=20s)
2026-05-10 06:32:41 | INFO | my_functions.py:198 | 
✅ Found: sign_in_with_google2.PNG pos=(406, 957) time=0.32s confidence=0.8
2026-05-10 06:32:42 | INFO | my_functions.py:138 | Haciendo click en la posición (406, 957)
2026-05-10 06:32:42 | INFO | my_functions.py:251 | 🖱️ Click OK: sign_in_with_google2.PNG at (406, 957) delay=1s
2026-05-10 06:32:42 | INFO | my_functions.py:231 | [DEBUG] wait_for_image_and_click -> overture_vm.png timeout=30s delay_click=3s confidence=0.8
2026-05-10 06:32:42 | INFO | my_functions.py:172 | Searching overture_vm.png (timeout=30s)
2026-05-10 06:32:48 | INFO | my_functions.py:198 | 
✅ Found: overture_vm.png pos=(1126, 447) time=6.08s confidence=0.8
2026-05-10 06:32:51 | INFO | my_functions.py:138 | Haciendo click en la posición (1126, 447)
2026-05-10 06:32:52 | INFO | my_functions.py:251 | 🖱️ Click OK: overture_vm.png at (1126, 447) delay=3s
2026-05-10 06:32:54 | INFO | my_functions.py:231 | [DEBUG] wait_for_image_and_click -> python_icon.PNG timeout=5s delay_click=1s confidence=0.8
2026-05-10 06:32:54 | INFO | my_functions.py:172 | Searching python_icon.PNG (timeout=5s)
2026-05-10 06:32:54 | INFO | my_functions.py:198 | 
✅ Found: python_icon.PNG pos=(647, 1054) time=0.35s confidence=0.8
2026-05-10 06:32:55 | INFO | my_functions.py:138 | Haciendo click en la posición (647, 1054)
2026-05-10 06:32:55 | INFO | my_functions.py:251 | 🖱️ Click OK: python_icon.PNG at (647, 1054) delay=1s
2026-05-10 06:32:55 | INFO | my_functions.py:231 | [DEBUG] wait_for_image_and_click -> snap_icon_task_bar.PNG timeout=20s delay_click=1s confidence=0.8
2026-05-10 06:32:55 | INFO | my_functions.py:172 | Searching snap_icon_task_bar.PNG (timeout=20s)
2026-05-10 06:32:56 | INFO | my_functions.py:198 | 
✅ Found: snap_icon_task_bar.PNG pos=(524, 1052) time=0.34s confidence=0.8
2026-05-10 06:32:57 | INFO | my_functions.py:138 | Haciendo click en la posición (524, 1052)
2026-05-10 06:32:57 | INFO | my_functions.py:251 | 🖱️ Click OK: snap_icon_task_bar.PNG at (524, 1052) delay=1s
2026-05-10 06:32:57 | INFO | my_functions.py:172 | Searching play.PNG (timeout=30s)
2026-05-10 06:32:59 | INFO | my_functions.py:198 | 
✅ Found: play.PNG pos=(304, 775) time=2.7s confidence=0.8
2026-05-10 06:32:59 | INFO | my_functions.py:1265 | [DEBUG] Login completado correctamente.
2026-05-10 06:32:59 | INFO | each_eight_hours.py:160 | Login executed
2026-05-10 06:32:59 | INFO | my_functions.py:172 | Searching shop_unselected.PNG (timeout=0s)
2026-05-10 06:33:00 | INFO | my_functions.py:209 | 
⛔ Not found: shop_unselected.PNG after 0.01s region=(0, 0, 765, 1038) confidence=0.8
2026-05-10 06:33:00 | INFO | my_functions.py:231 | [DEBUG] wait_for_image_and_click -> super_premium.PNG timeout=0s delay_click=1s confidence=0.8
2026-05-10 06:33:00 | INFO | my_functions.py:172 | Searching super_premium.PNG (timeout=0s)
2026-05-10 06:33:00 | INFO | my_functions.py:209 | 
⛔ Not found: super_premium.PNG after 0.01s region=(0, 0, 765, 1038) confidence=0.8
2026-05-10 06:33:00 | INFO | my_functions.py:258 | [DEBUG] Click skipped, image not found: super_premium.PNG
2026-05-10 06:33:00 | INFO | my_functions.py:231 | [DEBUG] wait_for_image_and_click -> maybe_later.PNG timeout=0s delay_click=1s confidence=0.8
2026-05-10 06:33:00 | INFO | my_functions.py:172 | Searching maybe_later.PNG (timeout=0s)
2026-05-10 06:33:00 | INFO | my_functions.py:209 | 
⛔ Not found: maybe_later.PNG after 0.0s region=(0, 0, 765, 1038) confidence=0.8
2026-05-10 06:33:00 | INFO | my_functions.py:258 | [DEBUG] Click skipped, image not found: maybe_later.PNG
2026-05-10 06:33:00 | INFO | my_functions.py:231 | [DEBUG] wait_for_image_and_click -> maybe_later2.PNG timeout=0s delay_click=1s confidence=0.8
2026-05-10 06:33:00 | INFO | my_functions.py:172 | Searching maybe_later2.PNG (timeout=0s)
2026-05-10 06:33:00 | INFO | my_functions.py:209 | 
⛔ Not found: maybe_later2.PNG after 0.01s region=(0, 0, 765, 1038) confidence=0.8
2026-05-10 06:33:00 | INFO | my_functions.py:258 | [DEBUG] Click skipped, image not found: maybe_later2.PNG
2026-05-10 06:33:00 | INFO | my_functions.py:172 | Searching go_to_shop.PNG (timeout=0s)
2026-05-10 06:33:01 | INFO | my_functions.py:209 | 
⛔ Not found: go_to_shop.PNG after 0.0s region=(0, 0, 765, 1038) confidence=0.8
2026-05-10 06:33:01 | INFO | my_functions.py:231 | [DEBUG] wait_for_image_and_click -> 14_days_of_winterverse.PNG timeout=0s delay_click=1s confidence=0.8
2026-05-10 06:33:01 | INFO | my_functions.py:172 | Searching 14_days_of_winterverse.PNG (timeout=0s)
2026-05-10 06:33:01 | INFO | my_functions.py:209 | 
⛔ Not found: 14_days_of_winterverse.PNG after 0.0s region=(0, 0, 765, 1038) confidence=0.8
2026-05-10 06:33:01 | INFO | my_functions.py:258 | [DEBUG] Click skipped, image not found: 14_days_of_winterverse.PNG
2026-05-10 06:33:01 | INFO | my_functions.py:172 | Searching welcome_back_calendar.PNG (timeout=0s)
2026-05-10 06:33:01 | INFO | my_functions.py:209 | 
⛔ Not found: welcome_back_calendar.PNG after 0.0s region=(0, 0, 765, 1038) confidence=0.8
2026-05-10 06:33:01 | INFO | my_functions.py:231 | [DEBUG] wait_for_image_and_click -> start_the_countdown.PNG timeout=0s delay_click=1s confidence=0.8
2026-05-10 06:33:01 | INFO | my_functions.py:172 | Searching start_the_countdown.PNG (timeout=0s)
2026-05-10 06:33:01 | INFO | my_functions.py:209 | 
⛔ Not found: start_the_countdown.PNG after 0.0s region=(0, 0, 765, 1038) confidence=0.8
2026-05-10 06:33:01 | INFO | my_functions.py:258 | [DEBUG] Click skipped, image not found: start_the_countdown.PNG
2026-05-10 06:33:01 | INFO | my_functions.py:231 | [DEBUG] wait_for_image_and_click -> event_has_ended_sanctum.PNG timeout=0s delay_click=1s confidence=0.8
2026-05-10 06:33:01 | INFO | my_functions.py:172 | Searching event_has_ended_sanctum.PNG (timeout=0s)
2026-05-10 06:33:01 | INFO | my_functions.py:209 | 
⛔ Not found: event_has_ended_sanctum.PNG after 0.01s region=(0, 0, 765, 1038) confidence=0.8
2026-05-10 06:33:01 | INFO | my_functions.py:258 | [DEBUG] Click skipped, image not found: event_has_ended_sanctum.PNG
2026-05-10 06:33:01 | INFO | my_functions.py:231 | [DEBUG] wait_for_image_and_click -> image_part_of_event_grand_arena_finished.PNG timeout=0s delay_click=1s confidence=0.8
2026-05-10 06:33:01 | INFO | my_functions.py:172 | Searching image_part_of_event_grand_arena_finished.PNG (timeout=0s)
2026-05-10 06:33:01 | INFO | my_functions.py:209 | 
⛔ Not found: image_part_of_event_grand_arena_finished.PNG after 0.01s region=(0, 0, 765, 1038) confidence=0.8
2026-05-10 06:33:01 | INFO | my_functions.py:258 | [DEBUG] Click skipped, image not found: image_part_of_event_grand_arena_finished.PNG
2026-05-10 06:33:01 | INFO | my_functions.py:172 | Searching 28_day_event_login_rewards.PNG (timeout=0s)
2026-05-10 06:33:02 | INFO | my_functions.py:209 | 
⛔ Not found: 28_day_event_login_rewards.PNG after 0.0s region=(0, 0, 765, 1038) confidence=0.8
2026-05-10 06:33:02 | INFO | my_functions.py:172 | Searching 7_day_event_login.PNG (timeout=0s)
2026-05-10 06:33:02 | INFO | my_functions.py:209 | 
⛔ Not found: 7_day_event_login.PNG after 0.0s region=(0, 0, 765, 1038) confidence=0.8
2026-05-10 06:33:02 | INFO | my_functions.py:172 | Searching 14_days_event.PNG (timeout=0s)
2026-05-10 06:33:02 | INFO | my_functions.py:209 | 
⛔ Not found: 14_days_event.PNG after 0.01s region=(0, 0, 765, 1038) confidence=0.8
2026-05-10 06:33:02 | INFO | my_functions.py:231 | [DEBUG] wait_for_image_and_click -> lets_go.PNG timeout=0s delay_click=1s confidence=0.8
2026-05-10 06:33:02 | INFO | my_functions.py:172 | Searching lets_go.PNG (timeout=0s)
2026-05-10 06:33:02 | INFO | my_functions.py:209 | 
⛔ Not found: lets_go.PNG after 0.0s region=(0, 0, 765, 1038) confidence=0.8
2026-05-10 06:33:02 | INFO | my_functions.py:258 | [DEBUG] Click skipped, image not found: lets_go.PNG
2026-05-10 06:33:03 | INFO | my_functions.py:172 | Searching shop_unselected.PNG (timeout=0s)
2026-05-10 06:33:03 | INFO | my_functions.py:209 | 
⛔ Not found: shop_unselected.PNG after 0.0s region=(0, 0, 765, 1038) confidence=0.8
2026-05-10 06:33:03 | INFO | my_functions.py:231 | [DEBUG] wait_for_image_and_click -> super_premium.PNG timeout=0s delay_click=1s confidence=0.8
2026-05-10 06:33:03 | INFO | my_functions.py:172 | Searching super_premium.PNG (timeout=0s)
2026-05-10 06:33:04 | INFO | my_functions.py:209 | 
⛔ Not found: super_premium.PNG after 0.0s region=(0, 0, 765, 1038) confidence=0.8
2026-05-10 06:33:04 | INFO | my_functions.py:258 | [DEBUG] Click skipped, image not found: super_premium.PNG
2026-05-10 06:33:04 | INFO | my_functions.py:231 | [DEBUG] wait_for_image_and_click -> maybe_later.PNG timeout=0s delay_click=1s confidence=0.8
2026-05-10 06:33:04 | INFO | my_functions.py:172 | Searching maybe_later.PNG (timeout=0s)
2026-05-10 06:33:04 | INFO | my_functions.py:209 | 
⛔ Not found: maybe_later.PNG after 0.0s region=(0, 0, 765, 1038) confidence=0.8
2026-05-10 06:33:04 | INFO | my_functions.py:258 | [DEBUG] Click skipped, image not found: maybe_later.PNG
2026-05-10 06:33:04 | INFO | my_functions.py:231 | [DEBUG] wait_for_image_and_click -> maybe_later2.PNG timeout=0s delay_click=1s confidence=0.8
2026-05-10 06:33:04 | INFO | my_functions.py:172 | Searching maybe_later2.PNG (timeout=0s)
2026-05-10 06:33:04 | INFO | my_functions.py:209 | 
⛔ Not found: maybe_later2.PNG after 0.01s region=(0, 0, 765, 1038) confidence=0.8
2026-05-10 06:33:04 | INFO | my_functions.py:258 | [DEBUG] Click skipped, image not found: maybe_later2.PNG
2026-05-10 06:33:04 | INFO | my_functions.py:172 | Searching go_to_shop.PNG (timeout=0s)
2026-05-10 06:33:04 | INFO | my_functions.py:209 | 
⛔ Not found: go_to_shop.PNG after 0.01s region=(0, 0, 765, 1038) confidence=0.8
2026-05-10 06:33:04 | INFO | my_functions.py:231 | [DEBUG] wait_for_image_and_click -> 14_days_of_winterverse.PNG timeout=0s delay_click=1s confidence=0.8
2026-05-10 06:33:04 | INFO | my_functions.py:172 | Searching 14_days_of_winterverse.PNG (timeout=0s)
2026-05-10 06:33:04 | INFO | my_functions.py:209 | 
⛔ Not found: 14_days_of_winterverse.PNG after 0.0s region=(0, 0, 765, 1038) confidence=0.8
2026-05-10 06:33:04 | INFO | my_functions.py:258 | [DEBUG] Click skipped, image not found: 14_days_of_winterverse.PNG
2026-05-10 06:33:04 | INFO | my_functions.py:172 | Searching welcome_back_calendar.PNG (timeout=0s)
2026-05-10 06:33:05 | INFO | my_functions.py:209 | 
⛔ Not found: welcome_back_calendar.PNG after 0.0s region=(0, 0, 765, 1038) confidence=0.8
2026-05-10 06:33:05 | INFO | my_functions.py:231 | [DEBUG] wait_for_image_and_click -> start_the_countdown.PNG timeout=0s delay_click=1s confidence=0.8
2026-05-10 06:33:05 | INFO | my_functions.py:172 | Searching start_the_countdown.PNG (timeout=0s)
2026-05-10 06:33:05 | INFO | my_functions.py:209 | 
⛔ Not found: start_the_countdown.PNG after 0.0s region=(0, 0, 765, 1038) confidence=0.8
2026-05-10 06:33:05 | INFO | my_functions.py:258 | [DEBUG] Click skipped, image not found: start_the_countdown.PNG
2026-05-10 06:33:05 | INFO | my_functions.py:231 | [DEBUG] wait_for_image_and_click -> event_has_ended_sanctum.PNG timeout=0s delay_click=1s confidence=0.8
2026-05-10 06:33:05 | INFO | my_functions.py:172 | Searching event_has_ended_sanctum.PNG (timeout=0s)
2026-05-10 06:33:05 | INFO | my_functions.py:209 | 
⛔ Not found: event_has_ended_sanctum.PNG after 0.0s region=(0, 0, 765, 1038) confidence=0.8
2026-05-10 06:33:05 | INFO | my_functions.py:258 | [DEBUG] Click skipped, image not found: event_has_ended_sanctum.PNG
2026-05-10 06:33:05 | INFO | my_functions.py:231 | [DEBUG] wait_for_image_and_click -> image_part_of_event_grand_arena_finished.PNG timeout=0s delay_click=1s confidence=0.8
2026-05-10 06:33:05 | INFO | my_functions.py:172 | Searching image_part_of_event_grand_arena_finished.PNG (timeout=0s)
2026-05-10 06:33:06 | INFO | my_functions.py:209 | 
⛔ Not found: image_part_of_event_grand_arena_finished.PNG after 0.12s region=(0, 0, 765, 1038) confidence=0.8
2026-05-10 06:33:06 | INFO | my_functions.py:258 | [DEBUG] Click skipped, image not found: image_part_of_event_grand_arena_finished.PNG
2026-05-10 06:33:06 | INFO | my_functions.py:172 | Searching 28_day_event_login_rewards.PNG (timeout=0s)
2026-05-10 06:33:06 | INFO | my_functions.py:209 | 
⛔ Not found: 28_day_event_login_rewards.PNG after 0.01s region=(0, 0, 765, 1038) confidence=0.8
2026-05-10 06:33:06 | INFO | my_functions.py:172 | Searching 7_day_event_login.PNG (timeout=0s)
2026-05-10 06:33:06 | INFO | my_functions.py:209 | 
⛔ Not found: 7_day_event_login.PNG after 0.01s region=(0, 0, 765, 1038) confidence=0.8
2026-05-10 06:33:06 | INFO | my_functions.py:172 | Searching 14_days_event.PNG (timeout=0s)
2026-05-10 06:33:06 | INFO | my_functions.py:209 | 
⛔ Not found: 14_days_event.PNG after 0.0s region=(0, 0, 765, 1038) confidence=0.8
2026-05-10 06:33:06 | INFO | my_functions.py:231 | [DEBUG] wait_for_image_and_click -> lets_go.PNG timeout=0s delay_click=1s confidence=0.8
2026-05-10 06:33:06 | INFO | my_functions.py:172 | Searching lets_go.PNG (timeout=0s)
2026-05-10 06:33:07 | INFO | my_functions.py:209 | 
⛔ Not found: lets_go.PNG after 0.01s region=(0, 0, 765, 1038) confidence=0.8
2026-05-10 06:33:07 | INFO | my_functions.py:258 | [DEBUG] Click skipped, image not found: lets_go.PNG
2026-05-10 06:33:08 | INFO | my_functions.py:172 | Searching shop_unselected.PNG (timeout=0s)
2026-05-10 06:33:08 | INFO | my_functions.py:198 | 
✅ Found: shop_unselected.PNG pos=(88, 961) time=0.35s confidence=0.8
2026-05-10 06:33:16 | INFO | my_functions.py:172 | Searching shop_unselected.PNG (timeout=0s)
2026-05-10 06:33:16 | INFO | my_functions.py:209 | 
⛔ Not found: shop_unselected.PNG after 0.19s region=(0, 0, 765, 1038) confidence=0.8
2026-05-10 06:33:17 | INFO | my_functions.py:172 | Searching shop_unselected.PNG (timeout=0s)
2026-05-10 06:33:18 | INFO | my_functions.py:209 | 
⛔ Not found: shop_unselected.PNG after 0.0s region=(0, 0, 765, 1038) confidence=0.8
2026-05-10 06:33:18 | INFO | my_functions.py:231 | [DEBUG] wait_for_image_and_click -> super_premium.PNG timeout=0s delay_click=1s confidence=0.8
2026-05-10 06:33:18 | INFO | my_functions.py:172 | Searching super_premium.PNG (timeout=0s)
2026-05-10 06:33:18 | INFO | my_functions.py:198 | 
✅ Found: super_premium.PNG pos=(480, 777) time=0.17s confidence=0.8
2026-05-10 06:33:19 | INFO | my_functions.py:138 | Haciendo click en la posición (480, 777)
2026-05-10 06:33:19 | INFO | my_functions.py:251 | 🖱️ Click OK: super_premium.PNG at (480, 777) delay=1s
2026-05-10 06:33:19 | INFO | my_functions.py:146 | Presionando ESC (1/1)
2026-05-10 06:33:27 | INFO | my_functions.py:172 | Searching shop_unselected.PNG (timeout=0s)
2026-05-10 06:33:28 | INFO | my_functions.py:198 | 
✅ Found: shop_unselected.PNG pos=(88, 961) time=0.16s confidence=0.8
2026-05-10 06:33:28 | INFO | my_functions.py:720 | Ya esta listo
2026-05-10 06:33:28 | INFO | each_eight_hours.py:163 | Initial images processed
2026-05-10 06:33:28 | INFO | each_eight_hours.py:166 | Chrome terminated
2026-05-10 06:33:28 | INFO | my_functions.py:231 | [DEBUG] wait_for_image_and_click -> missions_unnotified2.png timeout=20s delay_click=1s confidence=0.8
2026-05-10 06:33:28 | INFO | my_functions.py:172 | Searching missions_unnotified2.png (timeout=20s)
2026-05-10 06:33:28 | INFO | my_functions.py:198 | 
✅ Found: missions_unnotified2.png pos=(516, 127) time=0.22s confidence=0.8
2026-05-10 06:33:29 | INFO | my_functions.py:138 | Haciendo click en la posición (516, 127)
2026-05-10 06:33:29 | INFO | my_functions.py:251 | 🖱️ Click OK: missions_unnotified2.png at (516, 127) delay=1s
2026-05-10 06:33:29 | INFO | my_functions.py:231 | [DEBUG] wait_for_image_and_click -> calendar_missions_daily.png timeout=3s delay_click=1s confidence=0.8
2026-05-10 06:33:29 | INFO | my_functions.py:172 | Searching calendar_missions_daily.png (timeout=3s)
2026-05-10 06:33:31 | INFO | my_functions.py:198 | 
✅ Found: calendar_missions_daily.png pos=(190, 131) time=1.21s confidence=0.8
2026-05-10 06:33:32 | INFO | my_functions.py:138 | Haciendo click en la posición (190, 131)
2026-05-10 06:33:32 | INFO | my_functions.py:251 | 🖱️ Click OK: calendar_missions_daily.png at (190, 131) delay=1s
2026-05-10 06:33:32 | INFO | each_eight_hours.py:180 | Mission screens opened
2026-05-10 06:33:32 | INFO | my_functions.py:295 | JSON file located at C:\Users\Farm\AppData\LocalLow\Second Dinner\SNAP\Standalone\States\nvprod\MissionState.json
2026-05-10 06:33:35 | INFO | my_functions.py:434 | AVAILABLE: 6
2026-05-10 06:33:35 | INFO | my_functions.py:444 | [INFO] Waiting for Notepad++ process...
2026-05-10 06:33:35 | INFO | my_functions.py:458 | [INFO] Notepad++ detected PID=9460
2026-05-10 06:33:38 | INFO | my_functions.py:466 | [SUCCESS] Notepad++ closed successfully
2026-05-10 06:33:39 | INFO | my_functions.py:1593 | [INFO] Iniciando click_missions_blue2
2026-05-10 06:33:39 | INFO | my_functions.py:138 | Haciendo click en la posición (150, 132)
2026-05-10 06:33:40 | INFO | my_functions.py:1596 | [ACTION] Click hecho en icono de calendario que me dirige a las misiones ordinarias
2026-05-10 06:33:40 | INFO | my_functions.py:172 | Searching bonus_challenge.png (timeout=0s)
2026-05-10 06:33:40 | INFO | my_functions.py:209 | 
⛔ Not found: bonus_challenge.png after 0.0s region=(0, 0, 765, 1038) confidence=0.8
2026-05-10 06:33:42 | INFO | my_functions.py:172 | Searching flechita_mission.PNG (timeout=0s)
2026-05-10 06:33:43 | INFO | my_functions.py:209 | 
⛔ Not found: flechita_mission.PNG after 0.0s region=(0, 0, 765, 1038) confidence=0.8
2026-05-10 06:33:43 | INFO | my_functions.py:231 | [DEBUG] wait_for_image_and_click -> weekly3.PNG timeout=0s delay_click=0.1s confidence=0.8
2026-05-10 06:33:43 | INFO | my_functions.py:172 | Searching weekly3.PNG (timeout=0s)
2026-05-10 06:33:43 | INFO | my_functions.py:209 | 
⛔ Not found: weekly3.PNG after 0.0s region=(0, 0, 765, 1038) confidence=0.8
2026-05-10 06:33:43 | INFO | my_functions.py:258 | [DEBUG] Click skipped, image not found: weekly3.PNG
2026-05-10 06:33:43 | INFO | my_functions.py:231 | [DEBUG] wait_for_image_and_click -> weekly3.PNG timeout=0s delay_click=0.1s confidence=0.8
2026-05-10 06:33:43 | INFO | my_functions.py:172 | Searching weekly3.PNG (timeout=0s)
2026-05-10 06:33:43 | INFO | my_functions.py:209 | 
⛔ Not found: weekly3.PNG after 0.0s region=(0, 0, 765, 1038) confidence=0.8
2026-05-10 06:33:43 | INFO | my_functions.py:258 | [DEBUG] Click skipped, image not found: weekly3.PNG
2026-05-10 06:33:43 | INFO | my_functions.py:231 | [DEBUG] wait_for_image_and_click -> weekly3.PNG timeout=0s delay_click=0.1s confidence=0.8
2026-05-10 06:33:43 | INFO | my_functions.py:172 | Searching weekly3.PNG (timeout=0s)
2026-05-10 06:33:43 | INFO | my_functions.py:209 | 
⛔ Not found: weekly3.PNG after 0.17s region=(0, 0, 765, 1038) confidence=0.8
2026-05-10 06:33:43 | INFO | my_functions.py:258 | [DEBUG] Click skipped, image not found: weekly3.PNG
2026-05-10 06:33:43 | INFO | my_functions.py:231 | [DEBUG] wait_for_image_and_click -> weekly3.PNG timeout=0s delay_click=0.1s confidence=0.8
2026-05-10 06:33:43 | INFO | my_functions.py:172 | Searching weekly3.PNG (timeout=0s)
2026-05-10 06:33:44 | INFO | my_functions.py:209 | 
⛔ Not found: weekly3.PNG after 0.01s region=(0, 0, 765, 1038) confidence=0.8
2026-05-10 06:33:44 | INFO | my_functions.py:258 | [DEBUG] Click skipped, image not found: weekly3.PNG
2026-05-10 06:33:44 | INFO | my_functions.py:231 | [DEBUG] wait_for_image_and_click -> weekly3.PNG timeout=0s delay_click=0.1s confidence=0.8
2026-05-10 06:33:44 | INFO | my_functions.py:172 | Searching weekly3.PNG (timeout=0s)
2026-05-10 06:33:44 | INFO | my_functions.py:209 | 
⛔ Not found: weekly3.PNG after 0.01s region=(0, 0, 765, 1038) confidence=0.8
2026-05-10 06:33:44 | INFO | my_functions.py:258 | [DEBUG] Click skipped, image not found: weekly3.PNG
2026-05-10 06:33:44 | INFO | my_functions.py:231 | [DEBUG] wait_for_image_and_click -> weekly3.PNG timeout=0s delay_click=0.1s confidence=0.8
2026-05-10 06:33:44 | INFO | my_functions.py:172 | Searching weekly3.PNG (timeout=0s)
2026-05-10 06:33:44 | INFO | my_functions.py:209 | 
⛔ Not found: weekly3.PNG after 0.01s region=(0, 0, 765, 1038) confidence=0.8
2026-05-10 06:33:44 | INFO | my_functions.py:258 | [DEBUG] Click skipped, image not found: weekly3.PNG
2026-05-10 06:33:44 | INFO | my_functions.py:231 | [DEBUG] wait_for_image_and_click -> weekly3.PNG timeout=0s delay_click=0.1s confidence=0.8
2026-05-10 06:33:44 | INFO | my_functions.py:172 | Searching weekly3.PNG (timeout=0s)
2026-05-10 06:33:44 | INFO | my_functions.py:209 | 
⛔ Not found: weekly3.PNG after 0.01s region=(0, 0, 765, 1038) confidence=0.8
2026-05-10 06:33:44 | INFO | my_functions.py:258 | [DEBUG] Click skipped, image not found: weekly3.PNG
2026-05-10 06:33:44 | INFO | my_functions.py:231 | [DEBUG] wait_for_image_and_click -> weekly3.PNG timeout=0s delay_click=0.1s confidence=0.8
2026-05-10 06:33:44 | INFO | my_functions.py:172 | Searching weekly3.PNG (timeout=0s)
2026-05-10 06:33:44 | INFO | my_functions.py:209 | 
⛔ Not found: weekly3.PNG after 0.01s region=(0, 0, 765, 1038) confidence=0.8
2026-05-10 06:33:44 | INFO | my_functions.py:258 | [DEBUG] Click skipped, image not found: weekly3.PNG
2026-05-10 06:33:44 | INFO | my_functions.py:231 | [DEBUG] wait_for_image_and_click -> weekly3.PNG timeout=0s delay_click=0.1s confidence=0.8
2026-05-10 06:33:44 | INFO | my_functions.py:172 | Searching weekly3.PNG (timeout=0s)
2026-05-10 06:33:45 | INFO | my_functions.py:209 | 
⛔ Not found: weekly3.PNG after 0.01s region=(0, 0, 765, 1038) confidence=0.8
2026-05-10 06:33:45 | INFO | my_functions.py:258 | [DEBUG] Click skipped, image not found: weekly3.PNG
2026-05-10 06:33:45 | INFO | my_functions.py:231 | [DEBUG] wait_for_image_and_click -> weekly3.PNG timeout=0s delay_click=0.1s confidence=0.8
2026-05-10 06:33:45 | INFO | my_functions.py:172 | Searching weekly3.PNG (timeout=0s)
2026-05-10 06:33:45 | INFO | my_functions.py:209 | 
⛔ Not found: weekly3.PNG after 0.0s region=(0, 0, 765, 1038) confidence=0.8
2026-05-10 06:33:45 | INFO | my_functions.py:258 | [DEBUG] Click skipped, image not found: weekly3.PNG
2026-05-10 06:33:45 | INFO | my_functions.py:295 | JSON file located at C:\Users\Farm\AppData\LocalLow\Second Dinner\SNAP\Standalone\States\nvprod\MissionState.json
2026-05-10 06:33:48 | INFO | my_functions.py:434 | AVAILABLE: 6
2026-05-10 06:33:48 | INFO | my_functions.py:444 | [INFO] Waiting for Notepad++ process...
2026-05-10 06:33:48 | INFO | my_functions.py:458 | [INFO] Notepad++ detected PID=5388
2026-05-10 06:33:51 | INFO | my_functions.py:466 | [SUCCESS] Notepad++ closed successfully
2026-05-10 06:33:52 | INFO | my_functions.py:146 | Presionando ESC (1/1)
2026-05-10 06:33:52 | INFO | my_functions.py:231 | [DEBUG] wait_for_image_and_click -> white_x.png timeout=2s delay_click=1s confidence=0.8
2026-05-10 06:33:52 | INFO | my_functions.py:172 | Searching white_x.png (timeout=2s)
2026-05-10 06:33:53 | INFO | my_functions.py:198 | 
✅ Found: white_x.png pos=(597, 113) time=0.58s confidence=0.8
2026-05-10 06:33:54 | INFO | my_functions.py:138 | Haciendo click en la posición (597, 113)
2026-05-10 06:33:54 | INFO | my_functions.py:251 | 🖱️ Click OK: white_x.png at (597, 113) delay=1s
2026-05-10 06:33:54 | INFO | each_eight_hours.py:214 | Offer popup closed
2026-05-10 06:33:54 | INFO | my_functions.py:172 | Searching play.PNG (timeout=0s)
2026-05-10 06:33:54 | INFO | my_functions.py:198 | 
✅ Found: play.PNG pos=(384, 824) time=0.2s confidence=0.8
2026-05-10 06:33:55 | INFO | my_functions.py:1563 | [INFO] Click realizado donde se equipa el deck a jugar
2026-05-10 06:33:59 | INFO | my_functions.py:231 | [DEBUG] wait_for_image_and_click -> deck_666666.png timeout=3s delay_click=1s confidence=0.8
2026-05-10 06:33:59 | INFO | my_functions.py:172 | Searching deck_666666.png (timeout=3s)
2026-05-10 06:33:59 | INFO | my_functions.py:198 | 
✅ Found: deck_666666.png pos=(235, 546) time=0.22s confidence=0.8
2026-05-10 06:34:00 | INFO | my_functions.py:138 | Haciendo click en la posición (235, 546)
2026-05-10 06:34:00 | INFO | my_functions.py:251 | 🖱️ Click OK: deck_666666.png at (235, 546) delay=1s
2026-05-10 06:34:00 | INFO | my_functions.py:231 | [DEBUG] wait_for_image_and_click -> equip.png timeout=3s delay_click=1s confidence=0.95
2026-05-10 06:34:00 | INFO | my_functions.py:172 | Searching equip.png (timeout=3s)
2026-05-10 06:34:00 | INFO | my_functions.py:198 | 
✅ Found: equip.png pos=(548, 983) time=0.23s confidence=0.95
2026-05-10 06:34:01 | INFO | my_functions.py:138 | Haciendo click en la posición (548, 983)
2026-05-10 06:34:02 | INFO | my_functions.py:251 | 🖱️ Click OK: equip.png at (548, 983) delay=1s
2026-05-10 06:34:02 | INFO | each_eight_hours.py:217 | Deck selected: 6turns
2026-05-10 06:34:02 | INFO | my_functions.py:231 | [DEBUG] wait_for_image_and_click -> maybe_later.PNG timeout=2s delay_click=1s confidence=0.8
2026-05-10 06:34:02 | INFO | my_functions.py:172 | Searching maybe_later.PNG (timeout=2s)
2026-05-10 06:34:04 | INFO | my_functions.py:209 | 
⛔ Not found: maybe_later.PNG after 2.18s region=(0, 0, 765, 1038) confidence=0.8
2026-05-10 06:34:04 | INFO | my_functions.py:258 | [DEBUG] Click skipped, image not found: maybe_later.PNG
2026-05-10 06:34:04 | INFO | my_functions.py:231 | [DEBUG] wait_for_image_and_click -> maybe_later2.PNG timeout=2s delay_click=1s confidence=0.8
2026-05-10 06:34:04 | INFO | my_functions.py:172 | Searching maybe_later2.PNG (timeout=2s)
2026-05-10 06:34:06 | INFO | my_functions.py:209 | 
⛔ Not found: maybe_later2.PNG after 2.19s region=(0, 0, 765, 1038) confidence=0.8
2026-05-10 06:34:06 | INFO | my_functions.py:258 | [DEBUG] Click skipped, image not found: maybe_later2.PNG
2026-05-10 06:34:06 | INFO | each_eight_hours.py:287 | Starting game loop 1
2026-05-10 06:34:06 | INFO | my_functions.py:231 | [DEBUG] wait_for_image_and_click -> play.PNG timeout=20s delay_click=3s confidence=0.8
2026-05-10 06:34:06 | INFO | my_functions.py:172 | Searching play.PNG (timeout=20s)
2026-05-10 06:34:06 | INFO | my_functions.py:198 | 
✅ Found: play.PNG pos=(384, 824) time=0.21s confidence=0.8
2026-05-10 06:34:09 | INFO | my_functions.py:138 | Haciendo click en la posición (384, 824)
2026-05-10 06:34:10 | INFO | my_functions.py:251 | 🖱️ Click OK: play.PNG at (384, 824) delay=3s
2026-05-10 06:34:10 | INFO | each_eight_hours.py:293 | Play button clicked
2026-05-10 06:34:27 | INFO | my_functions.py:198 | 
✅ Found: end_turn.PNG pos=(681, 945) time=0.18s confidence=0.8
2026-05-10 06:34:27 | INFO | my_functions.py:231 | [DEBUG] wait_for_image_and_click -> snap.PNG timeout=0s delay_click=1s confidence=0.8
2026-05-10 06:34:27 | INFO | my_functions.py:198 | 
✅ Found: snap.PNG pos=(386, 123) time=0.19s confidence=0.8
2026-05-10 06:34:28 | INFO | my_functions.py:138 | Haciendo click en la posición (386, 123)
2026-05-10 06:34:28 | INFO | my_functions.py:251 | 🖱️ Click OK: snap.PNG at (386, 123) delay=1s
2026-05-10 06:34:33 | INFO | my_functions.py:138 | Haciendo click en la posición (681, 945)
2026-05-10 06:34:34 | INFO | each_eight_hours.py:314 | End turn executed
2026-05-10 06:34:51 | INFO | my_functions.py:198 | 
✅ Found: end_turn.PNG pos=(681, 945) time=0.16s confidence=0.8
2026-05-10 06:34:51 | INFO | my_functions.py:231 | [DEBUG] wait_for_image_and_click -> snap.PNG timeout=0s delay_click=1s confidence=0.8
2026-05-10 06:34:51 | INFO | my_functions.py:258 | [DEBUG] Click skipped, image not found: snap.PNG
2026-05-10 06:34:56 | INFO | my_functions.py:138 | Haciendo click en la posición (681, 945)
2026-05-10 06:34:58 | INFO | each_eight_hours.py:314 | End turn executed
2026-05-10 06:35:08 | INFO | my_functions.py:198 | 
✅ Found: end_turn.PNG pos=(681, 945) time=0.17s confidence=0.8
2026-05-10 06:35:08 | INFO | my_functions.py:231 | [DEBUG] wait_for_image_and_click -> snap.PNG timeout=0s delay_click=1s confidence=0.8
2026-05-10 06:35:09 | INFO | my_functions.py:258 | [DEBUG] Click skipped, image not found: snap.PNG
2026-05-10 06:35:13 | INFO | my_functions.py:138 | Haciendo click en la posición (681, 945)
2026-05-10 06:35:15 | INFO | each_eight_hours.py:314 | End turn executed
2026-05-10 06:35:28 | INFO | my_functions.py:198 | 
✅ Found: end_turn.PNG pos=(681, 945) time=0.18s confidence=0.8
2026-05-10 06:35:28 | INFO | my_functions.py:231 | [DEBUG] wait_for_image_and_click -> snap.PNG timeout=0s delay_click=1s confidence=0.8
2026-05-10 06:35:29 | INFO | my_functions.py:258 | [DEBUG] Click skipped, image not found: snap.PNG
2026-05-10 06:35:34 | INFO | my_functions.py:138 | Haciendo click en la posición (681, 945)
2026-05-10 06:35:35 | INFO | each_eight_hours.py:314 | End turn executed
2026-05-10 06:35:48 | INFO | my_functions.py:198 | 
✅ Found: end_turn.PNG pos=(681, 945) time=0.19s confidence=0.8
2026-05-10 06:35:48 | INFO | my_functions.py:231 | [DEBUG] wait_for_image_and_click -> snap.PNG timeout=0s delay_click=1s confidence=0.8
2026-05-10 06:35:48 | INFO | my_functions.py:258 | [DEBUG] Click skipped, image not found: snap.PNG
2026-05-10 06:35:53 | INFO | my_functions.py:138 | Haciendo click en la posición (681, 945)
2026-05-10 06:35:54 | INFO | each_eight_hours.py:314 | End turn executed
2026-05-10 06:36:19 | INFO | my_functions.py:198 | 
✅ Found: end_turn.PNG pos=(681, 945) time=0.18s confidence=0.8
2026-05-10 06:36:19 | INFO | my_functions.py:231 | [DEBUG] wait_for_image_and_click -> snap.PNG timeout=0s delay_click=1s confidence=0.8
2026-05-10 06:36:19 | INFO | my_functions.py:258 | [DEBUG] Click skipped, image not found: snap.PNG
2026-05-10 06:36:24 | INFO | my_functions.py:138 | Haciendo click en la posición (681, 945)
2026-05-10 06:36:26 | INFO | each_eight_hours.py:314 | End turn executed
2026-05-10 06:36:50 | INFO | my_functions.py:198 | 
✅ Found: collect_rewards.PNG pos=(679, 978) time=0.2s confidence=0.8
2026-05-10 06:36:50 | INFO | each_eight_hours.py:353 | Rewards detected, exiting match
2026-05-10 06:36:50 | INFO | my_functions.py:231 | [DEBUG] wait_for_image_and_click -> collect_rewards.PNG timeout=20s delay_click=1s confidence=0.8
2026-05-10 06:36:50 | INFO | my_functions.py:172 | Searching collect_rewards.PNG (timeout=20s)
2026-05-10 06:36:50 | INFO | my_functions.py:198 | 
✅ Found: collect_rewards.PNG pos=(680, 959) time=0.22s confidence=0.8
2026-05-10 06:36:51 | INFO | my_functions.py:138 | Haciendo click en la posición (680, 959)
2026-05-10 06:36:51 | INFO | my_functions.py:251 | 🖱️ Click OK: collect_rewards.PNG at (680, 959) delay=1s
2026-05-10 06:36:51 | INFO | my_functions.py:231 | [DEBUG] wait_for_image_and_click -> next.PNG timeout=20s delay_click=1s confidence=0.8
2026-05-10 06:36:51 | INFO | my_functions.py:172 | Searching next.PNG (timeout=20s)
2026-05-10 06:36:55 | INFO | my_functions.py:198 | 
✅ Found: next.PNG pos=(678, 972) time=4.25s confidence=0.8
2026-05-10 06:36:56 | INFO | my_functions.py:138 | Haciendo click en la posición (678, 972)
2026-05-10 06:36:56 | INFO | my_functions.py:251 | 🖱️ Click OK: next.PNG at (678, 972) delay=1s
2026-05-10 06:37:00 | INFO | my_functions.py:434 | AVAILABLE: 6
2026-05-10 06:37:00 | INFO | my_functions.py:444 | [INFO] Waiting for Notepad++ process...
2026-05-10 06:37:01 | INFO | my_functions.py:458 | [INFO] Notepad++ detected PID=9372
2026-05-10 06:37:04 | INFO | my_functions.py:466 | [SUCCESS] Notepad++ closed successfully
2026-05-10 06:37:05 | INFO | each_eight_hours.py:421 | Submissions after match: 6
2026-05-10 06:37:05 | INFO | my_functions.py:378 | Misiones completadas: 1
2026-05-10 06:37:05 | INFO | each_eight_hours.py:287 | Starting game loop 2
2026-05-10 06:37:05 | INFO | my_functions.py:231 | [DEBUG] wait_for_image_and_click -> play.PNG timeout=20s delay_click=3s confidence=0.8
2026-05-10 06:37:05 | INFO | my_functions.py:172 | Searching play.PNG (timeout=20s)
2026-05-10 06:37:05 | INFO | my_functions.py:198 | 
✅ Found: play.PNG pos=(384, 824) time=0.21s confidence=0.8
2026-05-10 06:37:08 | INFO | my_functions.py:138 | Haciendo click en la posición (384, 824)
2026-05-10 06:37:08 | INFO | my_functions.py:251 | 🖱️ Click OK: play.PNG at (384, 824) delay=3s
2026-05-10 06:37:08 | INFO | each_eight_hours.py:293 | Play button clicked
2026-05-10 06:37:32 | INFO | my_functions.py:198 | 
✅ Found: end_turn.PNG pos=(681, 945) time=0.18s confidence=0.8
2026-05-10 06:37:32 | INFO | my_functions.py:231 | [DEBUG] wait_for_image_and_click -> snap.PNG timeout=0s delay_click=1s confidence=0.8
2026-05-10 06:37:32 | INFO | my_functions.py:198 | 
✅ Found: snap.PNG pos=(386, 122) time=0.19s confidence=0.8
2026-05-10 06:37:33 | INFO | my_functions.py:138 | Haciendo click en la posición (386, 122)
2026-05-10 06:37:33 | INFO | my_functions.py:251 | 🖱️ Click OK: snap.PNG at (386, 122) delay=1s
2026-05-10 06:37:38 | INFO | my_functions.py:138 | Haciendo click en la posición (681, 945)
2026-05-10 06:37:39 | INFO | each_eight_hours.py:314 | End turn executed
2026-05-10 06:37:55 | INFO | my_functions.py:198 | 
✅ Found: end_turn.PNG pos=(681, 945) time=0.18s confidence=0.8
2026-05-10 06:37:55 | INFO | my_functions.py:231 | [DEBUG] wait_for_image_and_click -> snap.PNG timeout=0s delay_click=1s confidence=0.8
2026-05-10 06:37:55 | INFO | my_functions.py:258 | [DEBUG] Click skipped, image not found: snap.PNG
2026-05-10 06:38:00 | INFO | my_functions.py:138 | Haciendo click en la posición (681, 945)
2026-05-10 06:38:01 | INFO | each_eight_hours.py:314 | End turn executed
2026-05-10 06:38:13 | INFO | my_functions.py:198 | 
✅ Found: end_turn.PNG pos=(681, 945) time=0.21s confidence=0.8
2026-05-10 06:38:13 | INFO | my_functions.py:231 | [DEBUG] wait_for_image_and_click -> snap.PNG timeout=0s delay_click=1s confidence=0.8
2026-05-10 06:38:13 | INFO | my_functions.py:258 | [DEBUG] Click skipped, image not found: snap.PNG
2026-05-10 06:38:18 | INFO | my_functions.py:138 | Haciendo click en la posición (681, 945)
2026-05-10 06:38:19 | INFO | each_eight_hours.py:314 | End turn executed
2026-05-10 06:38:30 | INFO | my_functions.py:198 | 
✅ Found: end_turn.PNG pos=(681, 945) time=0.18s confidence=0.8
2026-05-10 06:38:30 | INFO | my_functions.py:231 | [DEBUG] wait_for_image_and_click -> snap.PNG timeout=0s delay_click=1s confidence=0.8
2026-05-10 06:38:30 | INFO | my_functions.py:258 | [DEBUG] Click skipped, image not found: snap.PNG
2026-05-10 06:38:35 | INFO | my_functions.py:138 | Haciendo click en la posición (681, 945)
2026-05-10 06:38:36 | INFO | each_eight_hours.py:314 | End turn executed
2026-05-10 06:38:47 | INFO | my_functions.py:198 | 
✅ Found: end_turn.PNG pos=(681, 945) time=0.19s confidence=0.8
2026-05-10 06:38:47 | INFO | my_functions.py:231 | [DEBUG] wait_for_image_and_click -> snap.PNG timeout=0s delay_click=1s confidence=0.8
2026-05-10 06:38:47 | INFO | my_functions.py:258 | [DEBUG] Click skipped, image not found: snap.PNG
2026-05-10 06:38:52 | INFO | my_functions.py:138 | Haciendo click en la posición (681, 945)
2026-05-10 06:38:54 | INFO | each_eight_hours.py:314 | End turn executed
2026-05-10 06:39:14 | INFO | my_functions.py:198 | 
✅ Found: end_turn.PNG pos=(681, 945) time=0.18s confidence=0.8
2026-05-10 06:39:14 | INFO | my_functions.py:231 | [DEBUG] wait_for_image_and_click -> snap.PNG timeout=0s delay_click=1s confidence=0.8
2026-05-10 06:39:14 | INFO | my_functions.py:258 | [DEBUG] Click skipped, image not found: snap.PNG
2026-05-10 06:39:20 | INFO | my_functions.py:138 | Haciendo click en la posición (681, 945)
2026-05-10 06:39:21 | INFO | each_eight_hours.py:314 | End turn executed
2026-05-10 06:40:16 | INFO | my_functions.py:198 | 
✅ Found: collect_rewards.PNG pos=(679, 965) time=0.2s confidence=0.8
2026-05-10 06:40:16 | INFO | each_eight_hours.py:353 | Rewards detected, exiting match
2026-05-10 06:40:16 | INFO | my_functions.py:231 | [DEBUG] wait_for_image_and_click -> collect_rewards.PNG timeout=20s delay_click=1s confidence=0.8
2026-05-10 06:40:16 | INFO | my_functions.py:172 | Searching collect_rewards.PNG (timeout=20s)
2026-05-10 06:40:17 | INFO | my_functions.py:198 | 
✅ Found: collect_rewards.PNG pos=(679, 958) time=0.21s confidence=0.8
2026-05-10 06:40:18 | INFO | my_functions.py:138 | Haciendo click en la posición (679, 958)
2026-05-10 06:40:18 | INFO | my_functions.py:251 | 🖱️ Click OK: collect_rewards.PNG at (679, 958) delay=1s
2026-05-10 06:40:18 | INFO | my_functions.py:231 | [DEBUG] wait_for_image_and_click -> next.PNG timeout=20s delay_click=1s confidence=0.8
2026-05-10 06:40:18 | INFO | my_functions.py:172 | Searching next.PNG (timeout=20s)
2026-05-10 06:40:21 | INFO | my_functions.py:198 | 
✅ Found: next.PNG pos=(677, 973) time=3.35s confidence=0.8
2026-05-10 06:40:22 | INFO | my_functions.py:138 | Haciendo click en la posición (677, 973)
2026-05-10 06:40:22 | INFO | my_functions.py:251 | 🖱️ Click OK: next.PNG at (677, 973) delay=1s
2026-05-10 06:40:27 | INFO | my_functions.py:434 | AVAILABLE: 6
2026-05-10 06:40:27 | INFO | my_functions.py:444 | [INFO] Waiting for Notepad++ process...
2026-05-10 06:40:27 | INFO | my_functions.py:458 | [INFO] Notepad++ detected PID=1428
2026-05-10 06:40:30 | INFO | my_functions.py:466 | [SUCCESS] Notepad++ closed successfully
2026-05-10 06:40:31 | INFO | each_eight_hours.py:421 | Submissions after match: 6
2026-05-10 06:40:31 | INFO | my_functions.py:378 | Misiones completadas: 1
2026-05-10 06:40:31 | INFO | each_eight_hours.py:287 | Starting game loop 3
2026-05-10 06:40:31 | INFO | my_functions.py:231 | [DEBUG] wait_for_image_and_click -> play.PNG timeout=20s delay_click=3s confidence=0.8
2026-05-10 06:40:31 | INFO | my_functions.py:172 | Searching play.PNG (timeout=20s)
2026-05-10 06:40:31 | INFO | my_functions.py:198 | 
✅ Found: play.PNG pos=(384, 824) time=0.21s confidence=0.8
2026-05-10 06:40:34 | INFO | my_functions.py:138 | Haciendo click en la posición (384, 824)
2026-05-10 06:40:34 | INFO | my_functions.py:251 | 🖱️ Click OK: play.PNG at (384, 824) delay=3s
2026-05-10 06:40:34 | INFO | each_eight_hours.py:293 | Play button clicked
2026-05-10 06:41:02 | INFO | my_functions.py:198 | 
✅ Found: end_turn.PNG pos=(681, 945) time=0.17s confidence=0.8
2026-05-10 06:41:02 | INFO | my_functions.py:231 | [DEBUG] wait_for_image_and_click -> snap.PNG timeout=0s delay_click=1s confidence=0.8
2026-05-10 06:41:02 | INFO | my_functions.py:198 | 
✅ Found: snap.PNG pos=(386, 123) time=0.2s confidence=0.8
2026-05-10 06:41:03 | INFO | my_functions.py:138 | Haciendo click en la posición (386, 123)
2026-05-10 06:41:03 | INFO | my_functions.py:251 | 🖱️ Click OK: snap.PNG at (386, 123) delay=1s
2026-05-10 06:41:08 | INFO | my_functions.py:138 | Haciendo click en la posición (681, 945)
2026-05-10 06:41:09 | INFO | each_eight_hours.py:314 | End turn executed
2026-05-10 06:41:26 | INFO | my_functions.py:198 | 
✅ Found: end_turn.PNG pos=(681, 945) time=0.18s confidence=0.8
2026-05-10 06:41:26 | INFO | my_functions.py:231 | [DEBUG] wait_for_image_and_click -> snap.PNG timeout=0s delay_click=1s confidence=0.8
2026-05-10 06:41:27 | INFO | my_functions.py:258 | [DEBUG] Click skipped, image not found: snap.PNG
2026-05-10 06:41:32 | INFO | my_functions.py:138 | Haciendo click en la posición (681, 945)
2026-05-10 06:41:33 | INFO | each_eight_hours.py:314 | End turn executed
2026-05-10 06:41:40 | INFO | my_functions.py:198 | 
✅ Found: end_turn.PNG pos=(681, 945) time=0.17s confidence=0.8
2026-05-10 06:41:40 | INFO | my_functions.py:231 | [DEBUG] wait_for_image_and_click -> snap.PNG timeout=0s delay_click=1s confidence=0.8
2026-05-10 06:41:40 | INFO | my_functions.py:258 | [DEBUG] Click skipped, image not found: snap.PNG
2026-05-10 06:41:45 | INFO | my_functions.py:138 | Haciendo click en la posición (681, 945)
2026-05-10 06:41:46 | INFO | each_eight_hours.py:314 | End turn executed
2026-05-10 06:41:55 | INFO | my_functions.py:198 | 
✅ Found: never_seen_before.png pos=(395, 141) time=0.17s confidence=0.8
2026-05-10 06:41:55 | WARNING | each_eight_hours.py:327 | Unknown popup handled
2026-05-10 06:42:02 | INFO | my_functions.py:198 | 
✅ Found: end_turn.PNG pos=(681, 945) time=0.19s confidence=0.8
2026-05-10 06:42:02 | INFO | my_functions.py:231 | [DEBUG] wait_for_image_and_click -> snap.PNG timeout=0s delay_click=1s confidence=0.8
2026-05-10 06:42:03 | INFO | my_functions.py:258 | [DEBUG] Click skipped, image not found: snap.PNG
2026-05-10 06:42:08 | INFO | my_functions.py:138 | Haciendo click en la posición (681, 945)
2026-05-10 06:42:09 | INFO | each_eight_hours.py:314 | End turn executed
2026-05-10 06:42:30 | INFO | my_functions.py:198 | 
✅ Found: end_turn.PNG pos=(681, 945) time=0.18s confidence=0.8
2026-05-10 06:42:30 | INFO | my_functions.py:231 | [DEBUG] wait_for_image_and_click -> snap.PNG timeout=0s delay_click=1s confidence=0.8
2026-05-10 06:42:30 | INFO | my_functions.py:258 | [DEBUG] Click skipped, image not found: snap.PNG
2026-05-10 06:42:35 | INFO | my_functions.py:138 | Haciendo click en la posición (681, 945)
2026-05-10 06:42:36 | INFO | each_eight_hours.py:314 | End turn executed
2026-05-10 06:42:46 | INFO | my_functions.py:198 | 
✅ Found: never_seen_before.png pos=(395, 141) time=0.17s confidence=0.8
2026-05-10 06:42:47 | WARNING | each_eight_hours.py:327 | Unknown popup handled
2026-05-10 06:43:05 | INFO | my_functions.py:198 | 
✅ Found: end_turn.PNG pos=(681, 945) time=0.18s confidence=0.8
2026-05-10 06:43:05 | INFO | my_functions.py:231 | [DEBUG] wait_for_image_and_click -> snap.PNG timeout=0s delay_click=1s confidence=0.8
2026-05-10 06:43:05 | INFO | my_functions.py:258 | [DEBUG] Click skipped, image not found: snap.PNG
2026-05-10 06:43:10 | INFO | my_functions.py:138 | Haciendo click en la posición (681, 945)
2026-05-10 06:43:11 | INFO | each_eight_hours.py:314 | End turn executed
2026-05-10 06:43:47 | INFO | my_functions.py:198 | 
✅ Found: collect_rewards.PNG pos=(679, 957) time=0.2s confidence=0.8
2026-05-10 06:43:47 | INFO | each_eight_hours.py:353 | Rewards detected, exiting match
2026-05-10 06:43:47 | INFO | my_functions.py:231 | [DEBUG] wait_for_image_and_click -> collect_rewards.PNG timeout=20s delay_click=1s confidence=0.8
2026-05-10 06:43:47 | INFO | my_functions.py:172 | Searching collect_rewards.PNG (timeout=20s)
2026-05-10 06:43:47 | INFO | my_functions.py:198 | 
✅ Found: collect_rewards.PNG pos=(679, 957) time=0.21s confidence=0.8
2026-05-10 06:43:48 | INFO | my_functions.py:138 | Haciendo click en la posición (679, 957)
2026-05-10 06:43:48 | INFO | my_functions.py:251 | 🖱️ Click OK: collect_rewards.PNG at (679, 957) delay=1s
2026-05-10 06:43:48 | INFO | my_functions.py:231 | [DEBUG] wait_for_image_and_click -> next.PNG timeout=20s delay_click=1s confidence=0.8
2026-05-10 06:43:48 | INFO | my_functions.py:172 | Searching next.PNG (timeout=20s)
2026-05-10 06:43:51 | INFO | my_functions.py:198 | 
✅ Found: next.PNG pos=(678, 972) time=3.25s confidence=0.8
2026-05-10 06:43:52 | INFO | my_functions.py:138 | Haciendo click en la posición (678, 972)
2026-05-10 06:43:53 | INFO | my_functions.py:251 | 🖱️ Click OK: next.PNG at (678, 972) delay=1s
2026-05-10 06:43:57 | INFO | my_functions.py:434 | AVAILABLE: 6
2026-05-10 06:43:57 | INFO | my_functions.py:444 | [INFO] Waiting for Notepad++ process...
2026-05-10 06:43:57 | INFO | my_functions.py:458 | [INFO] Notepad++ detected PID=1680
2026-05-10 06:44:00 | INFO | my_functions.py:466 | [SUCCESS] Notepad++ closed successfully
2026-05-10 06:44:01 | INFO | each_eight_hours.py:421 | Submissions after match: 6
2026-05-10 06:44:01 | INFO | my_functions.py:378 | Misiones completadas: 1
2026-05-10 06:44:01 | INFO | each_eight_hours.py:287 | Starting game loop 4
2026-05-10 06:44:01 | INFO | my_functions.py:231 | [DEBUG] wait_for_image_and_click -> play.PNG timeout=20s delay_click=3s confidence=0.8
2026-05-10 06:44:01 | INFO | my_functions.py:172 | Searching play.PNG (timeout=20s)
2026-05-10 06:44:01 | INFO | my_functions.py:198 | 
✅ Found: play.PNG pos=(384, 824) time=0.19s confidence=0.8
2026-05-10 06:44:04 | INFO | my_functions.py:138 | Haciendo click en la posición (384, 824)
2026-05-10 06:44:04 | INFO | my_functions.py:251 | 🖱️ Click OK: play.PNG at (384, 824) delay=3s
2026-05-10 06:44:04 | INFO | each_eight_hours.py:293 | Play button clicked
2026-05-10 06:44:24 | INFO | my_functions.py:198 | 
✅ Found: end_turn.PNG pos=(681, 945) time=0.16s confidence=0.8
2026-05-10 06:44:24 | INFO | my_functions.py:231 | [DEBUG] wait_for_image_and_click -> snap.PNG timeout=0s delay_click=1s confidence=0.8
2026-05-10 06:44:24 | INFO | my_functions.py:198 | 
✅ Found: snap.PNG pos=(386, 123) time=0.17s confidence=0.8
2026-05-10 06:44:25 | INFO | my_functions.py:138 | Haciendo click en la posición (386, 123)
2026-05-10 06:44:25 | INFO | my_functions.py:251 | 🖱️ Click OK: snap.PNG at (386, 123) delay=1s
2026-05-10 06:44:30 | INFO | my_functions.py:138 | Haciendo click en la posición (681, 945)
2026-05-10 06:44:32 | INFO | each_eight_hours.py:314 | End turn executed
2026-05-10 06:44:41 | INFO | my_functions.py:198 | 
✅ Found: end_turn.PNG pos=(681, 945) time=0.18s confidence=0.8
2026-05-10 06:44:41 | INFO | my_functions.py:231 | [DEBUG] wait_for_image_and_click -> snap.PNG timeout=0s delay_click=1s confidence=0.8
2026-05-10 06:44:41 | INFO | my_functions.py:258 | [DEBUG] Click skipped, image not found: snap.PNG
2026-05-10 06:44:46 | INFO | my_functions.py:138 | Haciendo click en la posición (681, 945)
2026-05-10 06:44:48 | INFO | each_eight_hours.py:314 | End turn executed
2026-05-10 06:45:12 | INFO | my_functions.py:198 | 
✅ Found: end_turn.PNG pos=(681, 945) time=0.18s confidence=0.8
2026-05-10 06:45:12 | INFO | my_functions.py:231 | [DEBUG] wait_for_image_and_click -> snap.PNG timeout=0s delay_click=1s confidence=0.8
2026-05-10 06:45:12 | INFO | my_functions.py:258 | [DEBUG] Click skipped, image not found: snap.PNG
2026-05-10 06:45:17 | INFO | my_functions.py:138 | Haciendo click en la posición (681, 945)
2026-05-10 06:45:19 | INFO | each_eight_hours.py:314 | End turn executed
2026-05-10 06:45:49 | INFO | my_functions.py:198 | 
✅ Found: end_turn.PNG pos=(681, 945) time=0.18s confidence=0.8
2026-05-10 06:45:49 | INFO | my_functions.py:231 | [DEBUG] wait_for_image_and_click -> snap.PNG timeout=0s delay_click=1s confidence=0.8
2026-05-10 06:45:49 | INFO | my_functions.py:258 | [DEBUG] Click skipped, image not found: snap.PNG
2026-05-10 06:45:54 | INFO | my_functions.py:138 | Haciendo click en la posición (681, 945)
2026-05-10 06:45:56 | INFO | each_eight_hours.py:314 | End turn executed
2026-05-10 06:46:29 | INFO | my_functions.py:198 | 
✅ Found: end_turn.PNG pos=(681, 945) time=0.19s confidence=0.8
2026-05-10 06:46:29 | INFO | my_functions.py:231 | [DEBUG] wait_for_image_and_click -> snap.PNG timeout=0s delay_click=1s confidence=0.8
2026-05-10 06:46:29 | INFO | my_functions.py:258 | [DEBUG] Click skipped, image not found: snap.PNG
2026-05-10 06:46:34 | INFO | my_functions.py:138 | Haciendo click en la posición (681, 945)
2026-05-10 06:46:35 | INFO | each_eight_hours.py:314 | End turn executed
2026-05-10 06:46:59 | INFO | my_functions.py:198 | 
✅ Found: end_turn.PNG pos=(681, 945) time=0.2s confidence=0.8
2026-05-10 06:46:59 | INFO | my_functions.py:231 | [DEBUG] wait_for_image_and_click -> snap.PNG timeout=0s delay_click=1s confidence=0.8
2026-05-10 06:47:00 | INFO | my_functions.py:258 | [DEBUG] Click skipped, image not found: snap.PNG
2026-05-10 06:47:05 | INFO | my_functions.py:138 | Haciendo click en la posición (681, 945)
2026-05-10 06:47:06 | INFO | each_eight_hours.py:314 | End turn executed
2026-05-10 06:47:56 | INFO | my_functions.py:198 | 
✅ Found: collect_rewards.PNG pos=(680, 957) time=0.21s confidence=0.8
2026-05-10 06:47:56 | INFO | each_eight_hours.py:353 | Rewards detected, exiting match
2026-05-10 06:47:56 | INFO | my_functions.py:231 | [DEBUG] wait_for_image_and_click -> collect_rewards.PNG timeout=20s delay_click=1s confidence=0.8
2026-05-10 06:47:56 | INFO | my_functions.py:172 | Searching collect_rewards.PNG (timeout=20s)
2026-05-10 06:47:56 | INFO | my_functions.py:198 | 
✅ Found: collect_rewards.PNG pos=(679, 957) time=0.21s confidence=0.8
2026-05-10 06:47:57 | INFO | my_functions.py:138 | Haciendo click en la posición (679, 957)
2026-05-10 06:47:57 | INFO | my_functions.py:251 | 🖱️ Click OK: collect_rewards.PNG at (679, 957) delay=1s
2026-05-10 06:47:57 | INFO | my_functions.py:231 | [DEBUG] wait_for_image_and_click -> next.PNG timeout=20s delay_click=1s confidence=0.8
2026-05-10 06:47:57 | INFO | my_functions.py:172 | Searching next.PNG (timeout=20s)
2026-05-10 06:48:00 | INFO | my_functions.py:198 | 
✅ Found: next.PNG pos=(678, 972) time=3.08s confidence=0.8
2026-05-10 06:48:01 | INFO | my_functions.py:138 | Haciendo click en la posición (678, 972)
2026-05-10 06:48:01 | INFO | my_functions.py:251 | 🖱️ Click OK: next.PNG at (678, 972) delay=1s
2026-05-10 06:48:05 | INFO | my_functions.py:434 | AVAILABLE: 6
2026-05-10 06:48:05 | INFO | my_functions.py:444 | [INFO] Waiting for Notepad++ process...
2026-05-10 06:48:06 | INFO | my_functions.py:458 | [INFO] Notepad++ detected PID=6428
2026-05-10 06:48:09 | INFO | my_functions.py:466 | [SUCCESS] Notepad++ closed successfully
2026-05-10 06:48:10 | INFO | each_eight_hours.py:421 | Submissions after match: 6
2026-05-10 06:48:10 | INFO | my_functions.py:378 | Misiones completadas: 2
2026-05-10 06:48:10 | INFO | each_eight_hours.py:425 | Submission condition met, breaking loop
2026-05-10 06:48:10 | INFO | my_functions.py:231 | [DEBUG] wait_for_image_and_click -> missionsNotify2.png timeout=20s delay_click=3s confidence=0.8
2026-05-10 06:48:10 | INFO | my_functions.py:172 | Searching missionsNotify2.png (timeout=20s)
2026-05-10 06:48:10 | INFO | my_functions.py:198 | 
✅ Found: missionsNotify2.png pos=(538, 124) time=0.18s confidence=0.8
2026-05-10 06:48:13 | INFO | my_functions.py:138 | Haciendo click en la posición (538, 124)
2026-05-10 06:48:13 | INFO | my_functions.py:251 | 🖱️ Click OK: missionsNotify2.png at (538, 124) delay=3s
2026-05-10 06:48:13 | INFO | my_functions.py:1593 | [INFO] Iniciando click_missions_blue2
2026-05-10 06:48:13 | INFO | my_functions.py:138 | Haciendo click en la posición (150, 132)
2026-05-10 06:48:14 | INFO | my_functions.py:1596 | [ACTION] Click hecho en icono de calendario que me dirige a las misiones ordinarias
2026-05-10 06:48:14 | INFO | my_functions.py:172 | Searching bonus_challenge.png (timeout=0s)
2026-05-10 06:48:15 | INFO | my_functions.py:209 | 
⛔ Not found: bonus_challenge.png after 0.0s region=(0, 0, 765, 1038) confidence=0.8
2026-05-10 06:48:17 | INFO | my_functions.py:138 | Haciendo click en la posición (362, 493)
2026-05-10 06:48:18 | INFO | my_functions.py:1609 | [ACTION] Click 1/2 en misión azul
2026-05-10 06:48:18 | INFO | my_functions.py:138 | Haciendo click en la posición (362, 493)
2026-05-10 06:48:20 | INFO | my_functions.py:1609 | [ACTION] Click 2/2 en misión azul
2026-05-10 06:48:20 | INFO | my_functions.py:172 | Searching flechita_mission.PNG (timeout=0s)
2026-05-10 06:48:20 | INFO | my_functions.py:209 | 
⛔ Not found: flechita_mission.PNG after 0.0s region=(0, 0, 765, 1038) confidence=0.8
2026-05-10 06:48:20 | INFO | my_functions.py:231 | [DEBUG] wait_for_image_and_click -> weekly3.PNG timeout=0s delay_click=0.1s confidence=0.8
2026-05-10 06:48:20 | INFO | my_functions.py:172 | Searching weekly3.PNG (timeout=0s)
2026-05-10 06:48:20 | INFO | my_functions.py:209 | 
⛔ Not found: weekly3.PNG after 0.0s region=(0, 0, 765, 1038) confidence=0.8
2026-05-10 06:48:20 | INFO | my_functions.py:258 | [DEBUG] Click skipped, image not found: weekly3.PNG
2026-05-10 06:48:20 | INFO | my_functions.py:231 | [DEBUG] wait_for_image_and_click -> weekly3.PNG timeout=0s delay_click=0.1s confidence=0.8
2026-05-10 06:48:20 | INFO | my_functions.py:172 | Searching weekly3.PNG (timeout=0s)
2026-05-10 06:48:21 | INFO | my_functions.py:209 | 
⛔ Not found: weekly3.PNG after 0.0s region=(0, 0, 765, 1038) confidence=0.8
2026-05-10 06:48:21 | INFO | my_functions.py:258 | [DEBUG] Click skipped, image not found: weekly3.PNG
2026-05-10 06:48:21 | INFO | my_functions.py:231 | [DEBUG] wait_for_image_and_click -> weekly3.PNG timeout=0s delay_click=0.1s confidence=0.8
2026-05-10 06:48:21 | INFO | my_functions.py:172 | Searching weekly3.PNG (timeout=0s)
2026-05-10 06:48:21 | INFO | my_functions.py:209 | 
⛔ Not found: weekly3.PNG after 0.01s region=(0, 0, 765, 1038) confidence=0.8
2026-05-10 06:48:21 | INFO | my_functions.py:258 | [DEBUG] Click skipped, image not found: weekly3.PNG
2026-05-10 06:48:21 | INFO | my_functions.py:231 | [DEBUG] wait_for_image_and_click -> weekly3.PNG timeout=0s delay_click=0.1s confidence=0.8
2026-05-10 06:48:21 | INFO | my_functions.py:172 | Searching weekly3.PNG (timeout=0s)
2026-05-10 06:48:21 | INFO | my_functions.py:209 | 
⛔ Not found: weekly3.PNG after 0.0s region=(0, 0, 765, 1038) confidence=0.8
2026-05-10 06:48:21 | INFO | my_functions.py:258 | [DEBUG] Click skipped, image not found: weekly3.PNG
2026-05-10 06:48:21 | INFO | my_functions.py:231 | [DEBUG] wait_for_image_and_click -> weekly3.PNG timeout=0s delay_click=0.1s confidence=0.8
2026-05-10 06:48:21 | INFO | my_functions.py:172 | Searching weekly3.PNG (timeout=0s)
2026-05-10 06:48:21 | INFO | my_functions.py:209 | 
⛔ Not found: weekly3.PNG after 0.01s region=(0, 0, 765, 1038) confidence=0.8
2026-05-10 06:48:21 | INFO | my_functions.py:258 | [DEBUG] Click skipped, image not found: weekly3.PNG
2026-05-10 06:48:21 | INFO | my_functions.py:231 | [DEBUG] wait_for_image_and_click -> weekly3.PNG timeout=0s delay_click=0.1s confidence=0.8
2026-05-10 06:48:21 | INFO | my_functions.py:172 | Searching weekly3.PNG (timeout=0s)
2026-05-10 06:48:22 | INFO | my_functions.py:209 | 
⛔ Not found: weekly3.PNG after 0.01s region=(0, 0, 765, 1038) confidence=0.8
2026-05-10 06:48:22 | INFO | my_functions.py:258 | [DEBUG] Click skipped, image not found: weekly3.PNG
2026-05-10 06:48:22 | INFO | my_functions.py:231 | [DEBUG] wait_for_image_and_click -> weekly3.PNG timeout=0s delay_click=0.1s confidence=0.8
2026-05-10 06:48:22 | INFO | my_functions.py:172 | Searching weekly3.PNG (timeout=0s)
2026-05-10 06:48:22 | INFO | my_functions.py:209 | 
⛔ Not found: weekly3.PNG after 0.01s region=(0, 0, 765, 1038) confidence=0.8
2026-05-10 06:48:22 | INFO | my_functions.py:258 | [DEBUG] Click skipped, image not found: weekly3.PNG
2026-05-10 06:48:22 | INFO | my_functions.py:231 | [DEBUG] wait_for_image_and_click -> weekly3.PNG timeout=0s delay_click=0.1s confidence=0.8
2026-05-10 06:48:22 | INFO | my_functions.py:172 | Searching weekly3.PNG (timeout=0s)
2026-05-10 06:48:22 | INFO | my_functions.py:209 | 
⛔ Not found: weekly3.PNG after 0.01s region=(0, 0, 765, 1038) confidence=0.8
2026-05-10 06:48:22 | INFO | my_functions.py:258 | [DEBUG] Click skipped, image not found: weekly3.PNG
2026-05-10 06:48:22 | INFO | my_functions.py:231 | [DEBUG] wait_for_image_and_click -> weekly3.PNG timeout=0s delay_click=0.1s confidence=0.8
2026-05-10 06:48:22 | INFO | my_functions.py:172 | Searching weekly3.PNG (timeout=0s)
2026-05-10 06:48:22 | INFO | my_functions.py:209 | 
⛔ Not found: weekly3.PNG after 0.01s region=(0, 0, 765, 1038) confidence=0.8
2026-05-10 06:48:22 | INFO | my_functions.py:258 | [DEBUG] Click skipped, image not found: weekly3.PNG
2026-05-10 06:48:22 | INFO | my_functions.py:231 | [DEBUG] wait_for_image_and_click -> weekly3.PNG timeout=0s delay_click=0.1s confidence=0.8
2026-05-10 06:48:22 | INFO | my_functions.py:172 | Searching weekly3.PNG (timeout=0s)
2026-05-10 06:48:22 | INFO | my_functions.py:209 | 
⛔ Not found: weekly3.PNG after 0.01s region=(0, 0, 765, 1038) confidence=0.8
2026-05-10 06:48:22 | INFO | my_functions.py:258 | [DEBUG] Click skipped, image not found: weekly3.PNG
2026-05-10 06:48:22 | INFO | my_functions.py:138 | Haciendo click en la posición (557, 64)
2026-05-10 06:48:24 | INFO | my_functions.py:231 | [DEBUG] wait_for_image_and_click -> cards_shop.PNG timeout=20s delay_click=1s confidence=0.8
2026-05-10 06:48:24 | INFO | my_functions.py:172 | Searching cards_shop.PNG (timeout=20s)
2026-05-10 06:48:24 | INFO | my_functions.py:198 | 
✅ Found: cards_shop.PNG pos=(568, 121) time=0.61s confidence=0.8
2026-05-10 06:48:25 | INFO | my_functions.py:138 | Haciendo click en la posición (568, 121)
2026-05-10 06:48:25 | INFO | my_functions.py:251 | 🖱️ Click OK: cards_shop.PNG at (568, 121) delay=1s
2026-05-10 06:48:25 | INFO | my_functions.py:231 | [DEBUG] wait_for_image_and_click -> token_icon.PNG timeout=20s delay_click=1s confidence=0.8
2026-05-10 06:48:25 | INFO | my_functions.py:172 | Searching token_icon.PNG (timeout=20s)
2026-05-10 06:48:28 | INFO | my_functions.py:198 | 
✅ Found: token_icon.PNG pos=(661, 171) time=2.09s confidence=0.8
2026-05-10 06:48:29 | INFO | my_functions.py:138 | Haciendo click en la posición (661, 171)
2026-05-10 06:48:29 | INFO | my_functions.py:251 | 🖱️ Click OK: token_icon.PNG at (661, 171) delay=1s
2026-05-10 06:48:31 | INFO | my_functions.py:231 | [DEBUG] wait_for_image_and_click -> claim!_token_3.PNG timeout=4s delay_click=1s confidence=0.8
2026-05-10 06:48:31 | INFO | my_functions.py:172 | Searching claim!_token_3.PNG (timeout=4s)
2026-05-10 06:48:35 | INFO | my_functions.py:209 | 
⛔ Not found: claim!_token_3.PNG after 4.03s region=(0, 0, 765, 1038) confidence=0.8
2026-05-10 06:48:35 | INFO | my_functions.py:258 | [DEBUG] Click skipped, image not found: claim!_token_3.PNG
2026-05-10 06:48:35 | INFO | my_functions.py:231 | [DEBUG] wait_for_image_and_click -> offers.PNG timeout=0.1s delay_click=1s confidence=0.8
2026-05-10 06:48:35 | INFO | my_functions.py:172 | Searching offers.PNG (timeout=0.1s)
2026-05-10 06:48:35 | INFO | my_functions.py:198 | 
✅ Found: offers.PNG pos=(197, 121) time=0.21s confidence=0.8
2026-05-10 06:48:36 | INFO | my_functions.py:138 | Haciendo click en la posición (197, 121)
2026-05-10 06:48:36 | INFO | my_functions.py:251 | 🖱️ Click OK: offers.PNG at (197, 121) delay=1s
2026-05-10 06:48:36 | INFO | my_functions.py:231 | [DEBUG] wait_for_image_and_click -> credits_selected.png timeout=0.1s delay_click=1s confidence=0.8
2026-05-10 06:48:36 | INFO | my_functions.py:172 | Searching credits_selected.png (timeout=0.1s)
2026-05-10 06:48:37 | INFO | my_functions.py:209 | 
⛔ Not found: credits_selected.png after 0.21s region=(0, 0, 765, 1038) confidence=0.8
2026-05-10 06:48:37 | INFO | my_functions.py:258 | [DEBUG] Click skipped, image not found: credits_selected.png
2026-05-10 06:48:37 | INFO | my_functions.py:231 | [DEBUG] wait_for_image_and_click -> credits.PNG timeout=0.1s delay_click=1s confidence=0.95
2026-05-10 06:48:37 | INFO | my_functions.py:172 | Searching credits.PNG (timeout=0.1s)
2026-05-10 06:48:37 | INFO | my_functions.py:198 | 
✅ Found: credits.PNG pos=(442, 172) time=0.2s confidence=0.95
2026-05-10 06:48:38 | INFO | my_functions.py:138 | Haciendo click en la posición (442, 172)
2026-05-10 06:48:38 | INFO | my_functions.py:251 | 🖱️ Click OK: credits.PNG at (442, 172) delay=1s
2026-05-10 06:48:40 | INFO | my_functions.py:231 | [DEBUG] wait_for_image_and_click -> claim_25_credits.png timeout=2s delay_click=1s confidence=0.8
2026-05-10 06:48:40 | INFO | my_functions.py:172 | Searching claim_25_credits.png (timeout=2s)
2026-05-10 06:48:40 | INFO | my_functions.py:198 | 
✅ Found: claim_25_credits.png pos=(236, 328) time=0.19s confidence=0.8
2026-05-10 06:48:41 | INFO | my_functions.py:138 | Haciendo click en la posición (236, 328)
2026-05-10 06:48:41 | INFO | my_functions.py:251 | 🖱️ Click OK: claim_25_credits.png at (236, 328) delay=1s
2026-05-10 06:48:41 | INFO | my_functions.py:231 | [DEBUG] wait_for_image_and_click -> cards_shop.PNG timeout=20s delay_click=1s confidence=0.8
2026-05-10 06:48:41 | INFO | my_functions.py:172 | Searching cards_shop.PNG (timeout=20s)
2026-05-10 06:48:41 | INFO | my_functions.py:198 | 
✅ Found: cards_shop.PNG pos=(568, 121) time=0.19s confidence=0.8
2026-05-10 06:48:42 | INFO | my_functions.py:138 | Haciendo click en la posición (568, 121)
2026-05-10 06:48:43 | INFO | my_functions.py:251 | 🖱️ Click OK: cards_shop.PNG at (568, 121) delay=1s
2026-05-10 06:48:43 | INFO | my_functions.py:231 | [DEBUG] wait_for_image_and_click -> offers.PNG timeout=20s delay_click=1s confidence=0.8
2026-05-10 06:48:43 | INFO | my_functions.py:172 | Searching offers.PNG (timeout=20s)
2026-05-10 06:48:43 | INFO | my_functions.py:198 | 
✅ Found: offers.PNG pos=(197, 122) time=0.18s confidence=0.8
2026-05-10 06:48:44 | INFO | my_functions.py:138 | Haciendo click en la posición (197, 122)
2026-05-10 06:48:44 | INFO | my_functions.py:251 | 🖱️ Click OK: offers.PNG at (197, 122) delay=1s
2026-05-10 06:48:44 | INFO | my_functions.py:1491 | [INFO] Iniciando mejora de cartas
2026-05-10 06:48:44 | INFO | my_functions.py:231 | [DEBUG] wait_for_image_and_click -> upgrade_cards_icon.PNG timeout=20s delay_click=1s confidence=0.8
2026-05-10 06:48:44 | INFO | my_functions.py:172 | Searching upgrade_cards_icon.PNG (timeout=20s)
2026-05-10 06:48:44 | INFO | my_functions.py:198 | 
✅ Found: upgrade_cards_icon.PNG pos=(322, 170) time=0.19s confidence=0.8
2026-05-10 06:48:45 | INFO | my_functions.py:138 | Haciendo click en la posición (322, 170)
2026-05-10 06:48:45 | INFO | my_functions.py:251 | 🖱️ Click OK: upgrade_cards_icon.PNG at (322, 170) delay=1s
2026-05-10 06:48:45 | INFO | my_functions.py:1495 | [INFO] Abriendo icono de upgrade_cards
2026-05-10 06:48:46 | INFO | my_functions.py:1501 | [STEP] Mejorando carta 1
2026-05-10 06:48:46 | INFO | my_functions.py:1505 | [ACTION] Click en carta 1
2026-05-10 06:48:48 | INFO | my_functions.py:1510 | [ACTION] Click en botón upgrade
2026-05-10 06:48:55 | INFO | my_functions.py:231 | [DEBUG] wait_for_image_and_click -> you_need_more_credits!.png timeout=3s delay_click=1s confidence=0.8
2026-05-10 06:48:55 | INFO | my_functions.py:172 | Searching you_need_more_credits!.png (timeout=3s)
2026-05-10 06:48:55 | INFO | my_functions.py:198 | 
✅ Found: you_need_more_credits!.png pos=(381, 345) time=0.2s confidence=0.8
2026-05-10 06:48:56 | INFO | my_functions.py:138 | Haciendo click en la posición (381, 345)
2026-05-10 06:48:56 | INFO | my_functions.py:251 | 🖱️ Click OK: you_need_more_credits!.png at (381, 345) delay=1s
2026-05-10 06:48:56 | INFO | my_functions.py:146 | Presionando ESC (1/2)
2026-05-10 06:48:57 | INFO | my_functions.py:146 | Presionando ESC (2/2)
2026-05-10 06:48:59 | INFO | my_functions.py:1553 | [INFO] Mejora de cartas completada ✅
2026-05-10 06:48:59 | INFO | my_functions.py:146 | Presionando ESC (1/1)
2026-05-10 06:49:00 | INFO | each_eight_hours.py:437 | Finished all games
2026-05-10 06:49:00 | INFO | my_functions.py:1443 | [DEBUG] Starting logout process...
2026-05-10 06:49:00 | INFO | my_functions.py:1445 | [DEBUG] Clicking nut icon...
2026-05-10 06:49:00 | INFO | my_functions.py:231 | [DEBUG] wait_for_image_and_click -> nut.png timeout=20s delay_click=1s confidence=0.8
2026-05-10 06:49:00 | INFO | my_functions.py:172 | Searching nut.png (timeout=20s)
2026-05-10 06:49:00 | INFO | my_functions.py:198 | 
✅ Found: nut.png pos=(184, 78) time=0.17s confidence=0.8
2026-05-10 06:49:01 | INFO | my_functions.py:138 | Haciendo click en la posición (184, 78)
2026-05-10 06:49:01 | INFO | my_functions.py:251 | 🖱️ Click OK: nut.png at (184, 78) delay=1s
2026-05-10 06:49:01 | INFO | my_functions.py:1448 | [DEBUG] Waiting for graphics quality image...
2026-05-10 06:49:01 | INFO | my_functions.py:172 | Searching graphics_quality.png (timeout=3s)
2026-05-10 06:49:02 | INFO | my_functions.py:198 | 
✅ Found: graphics_quality.png pos=(304, 644) time=0.87s confidence=0.8
2026-05-10 06:49:02 | INFO | my_functions.py:1450 | [DEBUG] graphics_quality result: Point(x=304, y=644)
2026-05-10 06:49:02 | INFO | my_functions.py:1456 | [DEBUG] Clicking graphics quality...
2026-05-10 06:49:03 | INFO | my_functions.py:1461 | [DEBUG] Scrolling down...
2026-05-10 06:49:03 | INFO | my_functions.py:1464 | [DEBUG] Clicking sign_out...
2026-05-10 06:49:03 | INFO | my_functions.py:231 | [DEBUG] wait_for_image_and_click -> sign_out.png timeout=20s delay_click=1s confidence=0.8
2026-05-10 06:49:03 | INFO | my_functions.py:172 | Searching sign_out.png (timeout=20s)
2026-05-10 06:49:04 | INFO | my_functions.py:198 | 
✅ Found: sign_out.png pos=(380, 796) time=0.18s confidence=0.8
2026-05-10 06:49:05 | INFO | my_functions.py:138 | Haciendo click en la posición (380, 796)
2026-05-10 06:49:05 | INFO | my_functions.py:251 | 🖱️ Click OK: sign_out.png at (380, 796) delay=1s
2026-05-10 06:49:06 | INFO | my_functions.py:1469 | [DEBUG] Clicking big sign_out...
2026-05-10 06:49:06 | INFO | my_functions.py:231 | [DEBUG] wait_for_image_and_click -> sign_out_grande.png timeout=20s delay_click=1s confidence=0.8
2026-05-10 06:49:06 | INFO | my_functions.py:172 | Searching sign_out_grande.png (timeout=20s)
2026-05-10 06:49:06 | INFO | my_functions.py:198 | 
✅ Found: sign_out_grande.png pos=(359, 437) time=0.18s confidence=0.8
2026-05-10 06:49:07 | INFO | my_functions.py:138 | Haciendo click en la posición (359, 437)
2026-05-10 06:49:07 | INFO | my_functions.py:251 | 🖱️ Click OK: sign_out_grande.png at (359, 437) delay=1s
2026-05-10 06:49:07 | INFO | my_functions.py:1472 | [DEBUG] Clicking sign_out2...
2026-05-10 06:49:07 | INFO | my_functions.py:231 | [DEBUG] wait_for_image_and_click -> sign_out2.png timeout=20s delay_click=1s confidence=0.8
2026-05-10 06:49:07 | INFO | my_functions.py:172 | Searching sign_out2.png (timeout=20s)
2026-05-10 06:49:07 | INFO | my_functions.py:198 | 
✅ Found: sign_out2.png pos=(383, 634) time=0.18s confidence=0.8
2026-05-10 06:49:08 | INFO | my_functions.py:138 | Haciendo click en la posición (383, 634)
2026-05-10 06:49:09 | INFO | my_functions.py:251 | 🖱️ Click OK: sign_out2.png at (383, 634) delay=1s
2026-05-10 06:49:09 | INFO | my_functions.py:1475 | [DEBUG] Resizing SNAP window...
2026-05-10 06:49:09 | INFO | my_functions.py:1668 | ⏱ Esperando 0.1 segundos antes de empezar...
2026-05-10 06:49:09 | INFO | my_functions.py:1675 | 🔍 Esperando ventana que contenga alguna de: SNAP (máx 20s)
2026-05-10 06:49:09 | INFO | my_functions.py:1687 | ✅ Ventana encontrada: 'SNAP'
2026-05-10 06:49:09 | INFO | my_functions.py:1702 | ✅ Ventana seleccionada: 'SNAP'
2026-05-10 06:49:11 | INFO | my_functions.py:1725 | 🔁 Reajuste #1...
2026-05-10 06:49:13 | INFO | my_functions.py:1732 | ✔ Verificación completa. Se hicieron 1 reajustes.
2026-05-10 06:49:14 | INFO | my_functions.py:1484 | snap.exe closed
2026-05-10 06:49:17 | INFO | my_functions.py:1487 | [DEBUG] Logout completed successfully.
2026-05-10 06:49:17 | INFO | each_eight_hours.py:146 | Processing account: bender_vm
2026-05-10 06:49:17 | INFO | each_eight_hours.py:149 | Game relaunched for account
2026-05-10 06:49:17 | INFO | my_functions.py:1668 | ⏱ Esperando 0.1 segundos antes de empezar...
2026-05-10 06:49:17 | INFO | my_functions.py:1675 | 🔍 Esperando ventana que contenga alguna de: ['SNAP'] (máx 20s)
2026-05-10 06:49:20 | INFO | my_functions.py:1687 | ✅ Ventana encontrada: 'SNAP'
2026-05-10 06:49:20 | INFO | my_functions.py:1702 | ✅ Ventana seleccionada: 'SNAP'
2026-05-10 06:49:22 | INFO | my_functions.py:1734 | ✔ Verificación completa. No hubo cambios después del primer ajuste.
2026-05-10 06:49:22 | INFO | each_eight_hours.py:156 | Game window resized
2026-05-10 06:49:22 | INFO | my_functions.py:1207 | [DEBUG] Resizing SNAP window...
2026-05-10 06:49:22 | INFO | my_functions.py:1668 | ⏱ Esperando 0.1 segundos antes de empezar...
2026-05-10 06:49:22 | INFO | my_functions.py:1675 | 🔍 Esperando ventana que contenga alguna de: ['SNAP'] (máx 20s)
2026-05-10 06:49:22 | INFO | my_functions.py:1687 | ✅ Ventana encontrada: 'SNAP'
2026-05-10 06:49:22 | INFO | my_functions.py:1702 | ✅ Ventana seleccionada: 'SNAP'
2026-05-10 06:49:25 | INFO | my_functions.py:1734 | ✔ Verificación completa. No hubo cambios después del primer ajuste.
2026-05-10 06:49:25 | INFO | my_functions.py:231 | [DEBUG] wait_for_image_and_click -> submit.PNG timeout=90s delay_click=0.2s confidence=0.8
2026-05-10 06:49:25 | INFO | my_functions.py:172 | Searching submit.PNG (timeout=90s)
2026-05-10 06:49:27 | INFO | my_functions.py:198 | 
✅ Found: submit.PNG pos=(385, 783) time=2.51s confidence=0.8
2026-05-10 06:49:28 | INFO | my_functions.py:138 | Haciendo click en la posición (385, 783)
2026-05-10 06:49:28 | INFO | my_functions.py:251 | 🖱️ Click OK: submit.PNG at (385, 783) delay=0.2s
2026-05-10 06:49:28 | INFO | my_functions.py:1668 | ⏱ Esperando 0.1 segundos antes de empezar...
2026-05-10 06:49:28 | INFO | my_functions.py:1675 | 🔍 Esperando ventana que contenga alguna de: ['SNAP'] (máx 20s)
2026-05-10 06:49:28 | INFO | my_functions.py:1687 | ✅ Ventana encontrada: 'SNAP'
2026-05-10 06:49:28 | INFO | my_functions.py:1702 | ✅ Ventana seleccionada: 'SNAP'
2026-05-10 06:49:30 | INFO | my_functions.py:1725 | 🔁 Reajuste #1...
2026-05-10 06:49:31 | INFO | my_functions.py:1732 | ✔ Verificación completa. Se hicieron 1 reajustes.
2026-05-10 06:49:31 | INFO | my_functions.py:172 | Searching please_sign.png (timeout=0s)
2026-05-10 06:49:31 | INFO | my_functions.py:198 | 
✅ Found: please_sign.png pos=(383, 438) time=0.2s confidence=0.8
2026-05-10 06:49:31 | INFO | my_functions.py:231 | [DEBUG] wait_for_image_and_click -> ok_btn.png timeout=20s delay_click=1s confidence=0.8
2026-05-10 06:49:31 | INFO | my_functions.py:172 | Searching ok_btn.png (timeout=20s)
2026-05-10 06:49:31 | INFO | my_functions.py:198 | 
✅ Found: ok_btn.png pos=(382, 634) time=0.17s confidence=0.8
2026-05-10 06:49:32 | INFO | my_functions.py:138 | Haciendo click en la posición (382, 634)
2026-05-10 06:49:33 | INFO | my_functions.py:251 | 🖱️ Click OK: ok_btn.png at (382, 634) delay=1s
2026-05-10 06:49:33 | INFO | my_functions.py:231 | [DEBUG] wait_for_image_and_click -> submit.PNG timeout=90s delay_click=0.2s confidence=0.8
2026-05-10 06:49:33 | INFO | my_functions.py:172 | Searching submit.PNG (timeout=90s)
2026-05-10 06:49:34 | INFO | my_functions.py:198 | 
✅ Found: submit.PNG pos=(386, 780) time=0.91s confidence=0.8
2026-05-10 06:49:34 | INFO | my_functions.py:138 | Haciendo click en la posición (386, 780)
2026-05-10 06:49:34 | INFO | my_functions.py:251 | 🖱️ Click OK: submit.PNG at (386, 780) delay=0.2s
2026-05-10 06:49:34 | INFO | my_functions.py:172 | Searching sign_in_with_google2.PNG (timeout=90s)
2026-05-10 06:49:35 | INFO | my_functions.py:198 | 
✅ Found: sign_in_with_google2.PNG pos=(406, 957) time=0.8s confidence=0.8
2026-05-10 06:49:35 | INFO | my_functions.py:231 | [DEBUG] wait_for_image_and_click -> sign_in_with_google2.PNG timeout=20s delay_click=1s confidence=0.8
2026-05-10 06:49:35 | INFO | my_functions.py:172 | Searching sign_in_with_google2.PNG (timeout=20s)
2026-05-10 06:49:35 | INFO | my_functions.py:198 | 
✅ Found: sign_in_with_google2.PNG pos=(406, 957) time=0.31s confidence=0.8
2026-05-10 06:49:36 | INFO | my_functions.py:138 | Haciendo click en la posición (406, 957)
2026-05-10 06:49:36 | INFO | my_functions.py:251 | 🖱️ Click OK: sign_in_with_google2.PNG at (406, 957) delay=1s
2026-05-10 06:49:36 | INFO | my_functions.py:231 | [DEBUG] wait_for_image_and_click -> bender_vm.png timeout=30s delay_click=3s confidence=0.8
2026-05-10 06:49:36 | INFO | my_functions.py:172 | Searching bender_vm.png (timeout=30s)
2026-05-10 06:49:47 | INFO | my_functions.py:198 | 
✅ Found: bender_vm.png pos=(1125, 423) time=10.42s confidence=0.8
2026-05-10 06:49:50 | INFO | my_functions.py:138 | Haciendo click en la posición (1125, 423)
2026-05-10 06:49:50 | INFO | my_functions.py:251 | 🖱️ Click OK: bender_vm.png at (1125, 423) delay=3s
2026-05-10 06:49:52 | INFO | my_functions.py:231 | [DEBUG] wait_for_image_and_click -> python_icon.PNG timeout=5s delay_click=1s confidence=0.8
2026-05-10 06:49:52 | INFO | my_functions.py:172 | Searching python_icon.PNG (timeout=5s)
2026-05-10 06:49:52 | INFO | my_functions.py:198 | 
✅ Found: python_icon.PNG pos=(647, 1054) time=0.31s confidence=0.8
2026-05-10 06:49:53 | INFO | my_functions.py:138 | Haciendo click en la posición (647, 1054)
2026-05-10 06:49:53 | INFO | my_functions.py:251 | 🖱️ Click OK: python_icon.PNG at (647, 1054) delay=1s
2026-05-10 06:49:53 | INFO | my_functions.py:231 | [DEBUG] wait_for_image_and_click -> snap_icon_task_bar.PNG timeout=20s delay_click=1s confidence=0.8
2026-05-10 06:49:53 | INFO | my_functions.py:172 | Searching snap_icon_task_bar.PNG (timeout=20s)
2026-05-10 06:49:54 | INFO | my_functions.py:198 | 
✅ Found: snap_icon_task_bar.PNG pos=(524, 1052) time=0.29s confidence=0.8
2026-05-10 06:49:55 | INFO | my_functions.py:138 | Haciendo click en la posición (524, 1052)
2026-05-10 06:49:55 | INFO | my_functions.py:251 | 🖱️ Click OK: snap_icon_task_bar.PNG at (524, 1052) delay=1s
2026-05-10 06:49:55 | INFO | my_functions.py:172 | Searching play.PNG (timeout=30s)
2026-05-10 06:50:14 | INFO | my_functions.py:198 | 
✅ Found: play.PNG pos=(384, 824) time=18.59s confidence=0.8
2026-05-10 06:50:14 | INFO | my_functions.py:1265 | [DEBUG] Login completado correctamente.
2026-05-10 06:50:14 | INFO | each_eight_hours.py:160 | Login executed
2026-05-10 06:50:14 | INFO | my_functions.py:172 | Searching shop_unselected.PNG (timeout=0s)
2026-05-10 06:50:14 | INFO | my_functions.py:198 | 
✅ Found: shop_unselected.PNG pos=(89, 961) time=0.22s confidence=0.8
2026-05-10 06:50:22 | INFO | my_functions.py:172 | Searching shop_unselected.PNG (timeout=0s)
2026-05-10 06:50:22 | INFO | my_functions.py:209 | 
⛔ Not found: shop_unselected.PNG after 0.0s region=(0, 0, 765, 1038) confidence=0.8
2026-05-10 06:50:23 | INFO | my_functions.py:172 | Searching shop_unselected.PNG (timeout=0s)
2026-05-10 06:50:23 | INFO | my_functions.py:209 | 
⛔ Not found: shop_unselected.PNG after 0.0s region=(0, 0, 765, 1038) confidence=0.8
2026-05-10 06:50:23 | INFO | my_functions.py:231 | [DEBUG] wait_for_image_and_click -> super_premium.PNG timeout=0s delay_click=1s confidence=0.8
2026-05-10 06:50:23 | INFO | my_functions.py:172 | Searching super_premium.PNG (timeout=0s)
2026-05-10 06:50:23 | INFO | my_functions.py:198 | 
✅ Found: super_premium.PNG pos=(480, 777) time=0.19s confidence=0.8
2026-05-10 06:50:24 | INFO | my_functions.py:138 | Haciendo click en la posición (480, 777)
2026-05-10 06:50:25 | INFO | my_functions.py:251 | 🖱️ Click OK: super_premium.PNG at (480, 777) delay=1s
2026-05-10 06:50:25 | INFO | my_functions.py:146 | Presionando ESC (1/1)
2026-05-10 06:50:33 | INFO | my_functions.py:172 | Searching shop_unselected.PNG (timeout=0s)
2026-05-10 06:50:33 | INFO | my_functions.py:198 | 
✅ Found: shop_unselected.PNG pos=(88, 961) time=0.18s confidence=0.8
2026-05-10 06:50:33 | INFO | my_functions.py:720 | Ya esta listo
2026-05-10 06:50:33 | INFO | each_eight_hours.py:163 | Initial images processed
2026-05-10 06:50:34 | INFO | each_eight_hours.py:166 | Chrome terminated
2026-05-10 06:50:34 | INFO | my_functions.py:231 | [DEBUG] wait_for_image_and_click -> missions_unnotified2.png timeout=20s delay_click=1s confidence=0.8
2026-05-10 06:50:34 | INFO | my_functions.py:172 | Searching missions_unnotified2.png (timeout=20s)
2026-05-10 06:50:34 | INFO | my_functions.py:198 | 
✅ Found: missions_unnotified2.png pos=(516, 127) time=0.19s confidence=0.8
2026-05-10 06:50:35 | INFO | my_functions.py:138 | Haciendo click en la posición (516, 127)
2026-05-10 06:50:35 | INFO | my_functions.py:251 | 🖱️ Click OK: missions_unnotified2.png at (516, 127) delay=1s
2026-05-10 06:50:35 | INFO | my_functions.py:231 | [DEBUG] wait_for_image_and_click -> calendar_missions_daily.png timeout=3s delay_click=1s confidence=0.8
2026-05-10 06:50:35 | INFO | my_functions.py:172 | Searching calendar_missions_daily.png (timeout=3s)
2026-05-10 06:50:36 | INFO | my_functions.py:198 | 
✅ Found: calendar_missions_daily.png pos=(189, 131) time=1.12s confidence=0.8
2026-05-10 06:50:37 | INFO | my_functions.py:138 | Haciendo click en la posición (189, 131)
2026-05-10 06:50:37 | INFO | my_functions.py:251 | 🖱️ Click OK: calendar_missions_daily.png at (189, 131) delay=1s
2026-05-10 06:50:37 | INFO | each_eight_hours.py:180 | Mission screens opened
2026-05-10 06:50:37 | INFO | my_functions.py:295 | JSON file located at C:\Users\Farm\AppData\LocalLow\Second Dinner\SNAP\Standalone\States\nvprod\MissionState.json
2026-05-10 06:50:40 | INFO | my_functions.py:434 | AVAILABLE: 6
2026-05-10 06:50:40 | INFO | my_functions.py:444 | [INFO] Waiting for Notepad++ process...
2026-05-10 06:50:40 | INFO | my_functions.py:458 | [INFO] Notepad++ detected PID=148
2026-05-10 06:50:43 | INFO | my_functions.py:466 | [SUCCESS] Notepad++ closed successfully
2026-05-10 06:50:44 | INFO | my_functions.py:1593 | [INFO] Iniciando click_missions_blue2
2026-05-10 06:50:44 | INFO | my_functions.py:138 | Haciendo click en la posición (150, 132)
2026-05-10 06:50:46 | INFO | my_functions.py:1596 | [ACTION] Click hecho en icono de calendario que me dirige a las misiones ordinarias
2026-05-10 06:50:46 | INFO | my_functions.py:172 | Searching bonus_challenge.png (timeout=0s)
2026-05-10 06:50:46 | INFO | my_functions.py:209 | 
⛔ Not found: bonus_challenge.png after 0.0s region=(0, 0, 765, 1038) confidence=0.8
2026-05-10 06:50:48 | INFO | my_functions.py:172 | Searching flechita_mission.PNG (timeout=0s)
2026-05-10 06:50:48 | INFO | my_functions.py:209 | 
⛔ Not found: flechita_mission.PNG after 0.0s region=(0, 0, 765, 1038) confidence=0.8
2026-05-10 06:50:48 | INFO | my_functions.py:231 | [DEBUG] wait_for_image_and_click -> weekly3.PNG timeout=0s delay_click=0.1s confidence=0.8
2026-05-10 06:50:48 | INFO | my_functions.py:172 | Searching weekly3.PNG (timeout=0s)
2026-05-10 06:50:48 | INFO | my_functions.py:209 | 
⛔ Not found: weekly3.PNG after 0.01s region=(0, 0, 765, 1038) confidence=0.8
2026-05-10 06:50:48 | INFO | my_functions.py:258 | [DEBUG] Click skipped, image not found: weekly3.PNG
2026-05-10 06:50:48 | INFO | my_functions.py:231 | [DEBUG] wait_for_image_and_click -> weekly3.PNG timeout=0s delay_click=0.1s confidence=0.8
2026-05-10 06:50:48 | INFO | my_functions.py:172 | Searching weekly3.PNG (timeout=0s)
2026-05-10 06:50:48 | INFO | my_functions.py:209 | 
⛔ Not found: weekly3.PNG after 0.01s region=(0, 0, 765, 1038) confidence=0.8
2026-05-10 06:50:48 | INFO | my_functions.py:258 | [DEBUG] Click skipped, image not found: weekly3.PNG
2026-05-10 06:50:48 | INFO | my_functions.py:231 | [DEBUG] wait_for_image_and_click -> weekly3.PNG timeout=0s delay_click=0.1s confidence=0.8
2026-05-10 06:50:48 | INFO | my_functions.py:172 | Searching weekly3.PNG (timeout=0s)
2026-05-10 06:50:49 | INFO | my_functions.py:209 | 
⛔ Not found: weekly3.PNG after 0.0s region=(0, 0, 765, 1038) confidence=0.8
2026-05-10 06:50:49 | INFO | my_functions.py:258 | [DEBUG] Click skipped, image not found: weekly3.PNG
2026-05-10 06:50:49 | INFO | my_functions.py:231 | [DEBUG] wait_for_image_and_click -> weekly3.PNG timeout=0s delay_click=0.1s confidence=0.8
2026-05-10 06:50:49 | INFO | my_functions.py:172 | Searching weekly3.PNG (timeout=0s)
2026-05-10 06:50:49 | INFO | my_functions.py:209 | 
⛔ Not found: weekly3.PNG after 0.01s region=(0, 0, 765, 1038) confidence=0.8
2026-05-10 06:50:49 | INFO | my_functions.py:258 | [DEBUG] Click skipped, image not found: weekly3.PNG
2026-05-10 06:50:49 | INFO | my_functions.py:231 | [DEBUG] wait_for_image_and_click -> weekly3.PNG timeout=0s delay_click=0.1s confidence=0.8
2026-05-10 06:50:49 | INFO | my_functions.py:172 | Searching weekly3.PNG (timeout=0s)
2026-05-10 06:50:49 | INFO | my_functions.py:209 | 
⛔ Not found: weekly3.PNG after 0.01s region=(0, 0, 765, 1038) confidence=0.8
2026-05-10 06:50:49 | INFO | my_functions.py:258 | [DEBUG] Click skipped, image not found: weekly3.PNG
2026-05-10 06:50:49 | INFO | my_functions.py:231 | [DEBUG] wait_for_image_and_click -> weekly3.PNG timeout=0s delay_click=0.1s confidence=0.8
2026-05-10 06:50:49 | INFO | my_functions.py:172 | Searching weekly3.PNG (timeout=0s)
2026-05-10 06:50:49 | INFO | my_functions.py:209 | 
⛔ Not found: weekly3.PNG after 0.0s region=(0, 0, 765, 1038) confidence=0.8
2026-05-10 06:50:49 | INFO | my_functions.py:258 | [DEBUG] Click skipped, image not found: weekly3.PNG
2026-05-10 06:50:49 | INFO | my_functions.py:231 | [DEBUG] wait_for_image_and_click -> weekly3.PNG timeout=0s delay_click=0.1s confidence=0.8
2026-05-10 06:50:49 | INFO | my_functions.py:172 | Searching weekly3.PNG (timeout=0s)
2026-05-10 06:50:49 | INFO | my_functions.py:209 | 
⛔ Not found: weekly3.PNG after 0.0s region=(0, 0, 765, 1038) confidence=0.8
2026-05-10 06:50:49 | INFO | my_functions.py:258 | [DEBUG] Click skipped, image not found: weekly3.PNG
2026-05-10 06:50:49 | INFO | my_functions.py:231 | [DEBUG] wait_for_image_and_click -> weekly3.PNG timeout=0s delay_click=0.1s confidence=0.8
2026-05-10 06:50:49 | INFO | my_functions.py:172 | Searching weekly3.PNG (timeout=0s)
2026-05-10 06:50:49 | INFO | my_functions.py:209 | 
⛔ Not found: weekly3.PNG after 0.0s region=(0, 0, 765, 1038) confidence=0.8
2026-05-10 06:50:49 | INFO | my_functions.py:258 | [DEBUG] Click skipped, image not found: weekly3.PNG
2026-05-10 06:50:49 | INFO | my_functions.py:231 | [DEBUG] wait_for_image_and_click -> weekly3.PNG timeout=0s delay_click=0.1s confidence=0.8
2026-05-10 06:50:49 | INFO | my_functions.py:172 | Searching weekly3.PNG (timeout=0s)
2026-05-10 06:50:50 | INFO | my_functions.py:209 | 
⛔ Not found: weekly3.PNG after 0.0s region=(0, 0, 765, 1038) confidence=0.8
2026-05-10 06:50:50 | INFO | my_functions.py:258 | [DEBUG] Click skipped, image not found: weekly3.PNG
2026-05-10 06:50:50 | INFO | my_functions.py:231 | [DEBUG] wait_for_image_and_click -> weekly3.PNG timeout=0s delay_click=0.1s confidence=0.8
2026-05-10 06:50:50 | INFO | my_functions.py:172 | Searching weekly3.PNG (timeout=0s)
2026-05-10 06:50:50 | INFO | my_functions.py:209 | 
⛔ Not found: weekly3.PNG after 0.0s region=(0, 0, 765, 1038) confidence=0.8
2026-05-10 06:50:50 | INFO | my_functions.py:258 | [DEBUG] Click skipped, image not found: weekly3.PNG
2026-05-10 06:50:50 | INFO | my_functions.py:231 | [DEBUG] wait_for_image_and_click -> weekly3.PNG timeout=0s delay_click=0.1s confidence=0.8
2026-05-10 06:50:50 | INFO | my_functions.py:172 | Searching weekly3.PNG (timeout=0s)
2026-05-10 06:50:50 | INFO | my_functions.py:209 | 
⛔ Not found: weekly3.PNG after 0.01s region=(0, 0, 765, 1038) confidence=0.8
2026-05-10 06:50:50 | INFO | my_functions.py:258 | [DEBUG] Click skipped, image not found: weekly3.PNG
2026-05-10 06:50:50 | INFO | my_functions.py:295 | JSON file located at C:\Users\Farm\AppData\LocalLow\Second Dinner\SNAP\Standalone\States\nvprod\MissionState.json
2026-05-10 06:50:53 | INFO | my_functions.py:434 | AVAILABLE: 6
2026-05-10 06:50:53 | INFO | my_functions.py:444 | [INFO] Waiting for Notepad++ process...
2026-05-10 06:50:53 | INFO | my_functions.py:458 | [INFO] Notepad++ detected PID=5884
2026-05-10 06:50:56 | INFO | my_functions.py:466 | [SUCCESS] Notepad++ closed successfully
2026-05-10 06:50:57 | INFO | my_functions.py:146 | Presionando ESC (1/1)
2026-05-10 06:50:58 | INFO | my_functions.py:231 | [DEBUG] wait_for_image_and_click -> white_x.png timeout=2s delay_click=1s confidence=0.8
2026-05-10 06:50:58 | INFO | my_functions.py:172 | Searching white_x.png (timeout=2s)
2026-05-10 06:50:58 | INFO | my_functions.py:198 | 
✅ Found: white_x.png pos=(597, 113) time=0.42s confidence=0.8
2026-05-10 06:50:59 | INFO | my_functions.py:138 | Haciendo click en la posición (597, 113)
2026-05-10 06:50:59 | INFO | my_functions.py:251 | 🖱️ Click OK: white_x.png at (597, 113) delay=1s
2026-05-10 06:50:59 | INFO | each_eight_hours.py:214 | Offer popup closed
2026-05-10 06:50:59 | INFO | my_functions.py:172 | Searching play.PNG (timeout=0s)
2026-05-10 06:51:00 | INFO | my_functions.py:198 | 
✅ Found: play.PNG pos=(384, 824) time=0.2s confidence=0.8
2026-05-10 06:51:00 | INFO | my_functions.py:1563 | [INFO] Click realizado donde se equipa el deck a jugar
2026-05-10 06:51:04 | INFO | my_functions.py:231 | [DEBUG] wait_for_image_and_click -> deck_666666.png timeout=3s delay_click=1s confidence=0.8
2026-05-10 06:51:04 | INFO | my_functions.py:172 | Searching deck_666666.png (timeout=3s)
2026-05-10 06:51:04 | INFO | my_functions.py:198 | 
✅ Found: deck_666666.png pos=(235, 546) time=0.19s confidence=0.8
2026-05-10 06:51:05 | INFO | my_functions.py:138 | Haciendo click en la posición (235, 546)
2026-05-10 06:51:05 | INFO | my_functions.py:251 | 🖱️ Click OK: deck_666666.png at (235, 546) delay=1s
2026-05-10 06:51:05 | INFO | my_functions.py:231 | [DEBUG] wait_for_image_and_click -> equip.png timeout=3s delay_click=1s confidence=0.95
2026-05-10 06:51:05 | INFO | my_functions.py:172 | Searching equip.png (timeout=3s)
2026-05-10 06:51:05 | INFO | my_functions.py:198 | 
✅ Found: equip.png pos=(548, 983) time=0.2s confidence=0.95
2026-05-10 06:51:06 | INFO | my_functions.py:138 | Haciendo click en la posición (548, 983)
2026-05-10 06:51:07 | INFO | my_functions.py:251 | 🖱️ Click OK: equip.png at (548, 983) delay=1s
2026-05-10 06:51:07 | INFO | each_eight_hours.py:217 | Deck selected: 6turns
2026-05-10 06:51:07 | INFO | my_functions.py:231 | [DEBUG] wait_for_image_and_click -> maybe_later.PNG timeout=2s delay_click=1s confidence=0.8
2026-05-10 06:51:07 | INFO | my_functions.py:172 | Searching maybe_later.PNG (timeout=2s)
2026-05-10 06:51:09 | INFO | my_functions.py:209 | 
⛔ Not found: maybe_later.PNG after 2.14s region=(0, 0, 765, 1038) confidence=0.8
2026-05-10 06:51:09 | INFO | my_functions.py:258 | [DEBUG] Click skipped, image not found: maybe_later.PNG
2026-05-10 06:51:09 | INFO | my_functions.py:231 | [DEBUG] wait_for_image_and_click -> maybe_later2.PNG timeout=2s delay_click=1s confidence=0.8
2026-05-10 06:51:09 | INFO | my_functions.py:172 | Searching maybe_later2.PNG (timeout=2s)
2026-05-10 06:51:11 | INFO | my_functions.py:209 | 
⛔ Not found: maybe_later2.PNG after 2.08s region=(0, 0, 765, 1038) confidence=0.8
2026-05-10 06:51:11 | INFO | my_functions.py:258 | [DEBUG] Click skipped, image not found: maybe_later2.PNG
2026-05-10 06:51:11 | INFO | each_eight_hours.py:287 | Starting game loop 1
2026-05-10 06:51:11 | INFO | my_functions.py:231 | [DEBUG] wait_for_image_and_click -> play.PNG timeout=20s delay_click=3s confidence=0.8
2026-05-10 06:51:11 | INFO | my_functions.py:172 | Searching play.PNG (timeout=20s)
2026-05-10 06:51:11 | INFO | my_functions.py:198 | 
✅ Found: play.PNG pos=(384, 824) time=0.19s confidence=0.8
2026-05-10 06:51:14 | INFO | my_functions.py:138 | Haciendo click en la posición (384, 824)
2026-05-10 06:51:15 | INFO | my_functions.py:251 | 🖱️ Click OK: play.PNG at (384, 824) delay=3s
2026-05-10 06:51:15 | INFO | each_eight_hours.py:293 | Play button clicked
2026-05-10 06:51:44 | INFO | my_functions.py:198 | 
✅ Found: end_turn.PNG pos=(682, 945) time=0.17s confidence=0.8
2026-05-10 06:51:44 | INFO | my_functions.py:231 | [DEBUG] wait_for_image_and_click -> snap.PNG timeout=0s delay_click=1s confidence=0.8
2026-05-10 06:51:44 | INFO | my_functions.py:198 | 
✅ Found: snap.PNG pos=(386, 123) time=0.19s confidence=0.8
2026-05-10 06:51:45 | INFO | my_functions.py:138 | Haciendo click en la posición (386, 123)
2026-05-10 06:51:45 | INFO | my_functions.py:251 | 🖱️ Click OK: snap.PNG at (386, 123) delay=1s
2026-05-10 06:51:50 | INFO | my_functions.py:138 | Haciendo click en la posición (682, 945)
2026-05-10 06:51:51 | INFO | each_eight_hours.py:314 | End turn executed
2026-05-10 06:52:11 | INFO | my_functions.py:198 | 
✅ Found: end_turn.PNG pos=(681, 945) time=0.17s confidence=0.8
2026-05-10 06:52:11 | INFO | my_functions.py:231 | [DEBUG] wait_for_image_and_click -> snap.PNG timeout=0s delay_click=1s confidence=0.8
2026-05-10 06:52:11 | INFO | my_functions.py:258 | [DEBUG] Click skipped, image not found: snap.PNG
2026-05-10 06:52:16 | INFO | my_functions.py:138 | Haciendo click en la posición (681, 945)
2026-05-10 06:52:18 | INFO | each_eight_hours.py:314 | End turn executed
2026-05-10 06:52:32 | INFO | my_functions.py:198 | 
✅ Found: end_turn.PNG pos=(681, 945) time=0.18s confidence=0.8
2026-05-10 06:52:32 | INFO | my_functions.py:231 | [DEBUG] wait_for_image_and_click -> snap.PNG timeout=0s delay_click=1s confidence=0.8
2026-05-10 06:52:32 | INFO | my_functions.py:258 | [DEBUG] Click skipped, image not found: snap.PNG
2026-05-10 06:52:37 | INFO | my_functions.py:138 | Haciendo click en la posición (681, 945)
2026-05-10 06:52:38 | INFO | each_eight_hours.py:314 | End turn executed
2026-05-10 06:52:51 | INFO | my_functions.py:198 | 
✅ Found: end_turn.PNG pos=(681, 945) time=0.17s confidence=0.8
2026-05-10 06:52:51 | INFO | my_functions.py:231 | [DEBUG] wait_for_image_and_click -> snap.PNG timeout=0s delay_click=1s confidence=0.8
2026-05-10 06:52:51 | INFO | my_functions.py:258 | [DEBUG] Click skipped, image not found: snap.PNG
2026-05-10 06:52:56 | INFO | my_functions.py:138 | Haciendo click en la posición (681, 945)
2026-05-10 06:52:57 | INFO | each_eight_hours.py:314 | End turn executed
2026-05-10 06:53:09 | INFO | my_functions.py:198 | 
✅ Found: end_turn.PNG pos=(681, 945) time=0.18s confidence=0.8
2026-05-10 06:53:09 | INFO | my_functions.py:231 | [DEBUG] wait_for_image_and_click -> snap.PNG timeout=0s delay_click=1s confidence=0.8
2026-05-10 06:53:10 | INFO | my_functions.py:258 | [DEBUG] Click skipped, image not found: snap.PNG
2026-05-10 06:53:15 | INFO | my_functions.py:138 | Haciendo click en la posición (681, 945)
2026-05-10 06:53:16 | INFO | each_eight_hours.py:314 | End turn executed
2026-05-10 06:53:35 | INFO | my_functions.py:198 | 
✅ Found: end_turn.PNG pos=(681, 945) time=0.18s confidence=0.8
2026-05-10 06:53:35 | INFO | my_functions.py:231 | [DEBUG] wait_for_image_and_click -> snap.PNG timeout=0s delay_click=1s confidence=0.8
2026-05-10 06:53:35 | INFO | my_functions.py:258 | [DEBUG] Click skipped, image not found: snap.PNG
2026-05-10 06:53:40 | INFO | my_functions.py:138 | Haciendo click en la posición (681, 945)
2026-05-10 06:53:41 | INFO | each_eight_hours.py:314 | End turn executed
2026-05-10 06:54:04 | INFO | my_functions.py:198 | 
✅ Found: collect_rewards.PNG pos=(679, 965) time=0.22s confidence=0.8
2026-05-10 06:54:04 | INFO | each_eight_hours.py:353 | Rewards detected, exiting match
2026-05-10 06:54:04 | INFO | my_functions.py:231 | [DEBUG] wait_for_image_and_click -> collect_rewards.PNG timeout=20s delay_click=1s confidence=0.8
2026-05-10 06:54:04 | INFO | my_functions.py:172 | Searching collect_rewards.PNG (timeout=20s)
2026-05-10 06:54:04 | INFO | my_functions.py:198 | 
✅ Found: collect_rewards.PNG pos=(679, 958) time=0.23s confidence=0.8
2026-05-10 06:54:05 | INFO | my_functions.py:138 | Haciendo click en la posición (679, 958)
2026-05-10 06:54:06 | INFO | my_functions.py:251 | 🖱️ Click OK: collect_rewards.PNG at (679, 958) delay=1s
2026-05-10 06:54:06 | INFO | my_functions.py:231 | [DEBUG] wait_for_image_and_click -> next.PNG timeout=20s delay_click=1s confidence=0.8
2026-05-10 06:54:06 | INFO | my_functions.py:172 | Searching next.PNG (timeout=20s)
2026-05-10 06:54:09 | INFO | my_functions.py:198 | 
✅ Found: next.PNG pos=(677, 973) time=3.35s confidence=0.8
2026-05-10 06:54:10 | INFO | my_functions.py:138 | Haciendo click en la posición (677, 973)
2026-05-10 06:54:10 | INFO | my_functions.py:251 | 🖱️ Click OK: next.PNG at (677, 973) delay=1s
2026-05-10 06:54:14 | INFO | my_functions.py:434 | AVAILABLE: 6
2026-05-10 06:54:14 | INFO | my_functions.py:444 | [INFO] Waiting for Notepad++ process...
2026-05-10 06:54:14 | INFO | my_functions.py:458 | [INFO] Notepad++ detected PID=10108
2026-05-10 06:54:17 | INFO | my_functions.py:466 | [SUCCESS] Notepad++ closed successfully
2026-05-10 06:54:18 | INFO | each_eight_hours.py:421 | Submissions after match: 6
2026-05-10 06:54:18 | INFO | my_functions.py:378 | Misiones completadas: 1
2026-05-10 06:54:18 | INFO | each_eight_hours.py:287 | Starting game loop 2
2026-05-10 06:54:18 | INFO | my_functions.py:231 | [DEBUG] wait_for_image_and_click -> play.PNG timeout=20s delay_click=3s confidence=0.8
2026-05-10 06:54:18 | INFO | my_functions.py:172 | Searching play.PNG (timeout=20s)
2026-05-10 06:54:19 | INFO | my_functions.py:198 | 
✅ Found: play.PNG pos=(384, 824) time=0.21s confidence=0.8
2026-05-10 06:54:22 | INFO | my_functions.py:138 | Haciendo click en la posición (384, 824)
2026-05-10 06:54:22 | INFO | my_functions.py:251 | 🖱️ Click OK: play.PNG at (384, 824) delay=3s
2026-05-10 06:54:22 | INFO | each_eight_hours.py:293 | Play button clicked
2026-05-10 06:54:45 | INFO | my_functions.py:198 | 
✅ Found: end_turn.PNG pos=(681, 945) time=0.17s confidence=0.8
2026-05-10 06:54:45 | INFO | my_functions.py:231 | [DEBUG] wait_for_image_and_click -> snap.PNG timeout=0s delay_click=1s confidence=0.8
2026-05-10 06:54:46 | INFO | my_functions.py:198 | 
✅ Found: snap.PNG pos=(386, 123) time=0.18s confidence=0.8
2026-05-10 06:54:47 | INFO | my_functions.py:138 | Haciendo click en la posición (386, 123)
2026-05-10 06:54:47 | INFO | my_functions.py:251 | 🖱️ Click OK: snap.PNG at (386, 123) delay=1s
2026-05-10 06:54:52 | INFO | my_functions.py:138 | Haciendo click en la posición (681, 945)
2026-05-10 06:54:53 | INFO | each_eight_hours.py:314 | End turn executed
2026-05-10 06:55:14 | INFO | my_functions.py:198 | 
✅ Found: end_turn.PNG pos=(681, 945) time=0.19s confidence=0.8
2026-05-10 06:55:14 | INFO | my_functions.py:231 | [DEBUG] wait_for_image_and_click -> snap.PNG timeout=0s delay_click=1s confidence=0.8
2026-05-10 06:55:15 | INFO | my_functions.py:258 | [DEBUG] Click skipped, image not found: snap.PNG
2026-05-10 06:55:20 | INFO | my_functions.py:138 | Haciendo click en la posición (681, 945)
2026-05-10 06:55:21 | INFO | each_eight_hours.py:314 | End turn executed
2026-05-10 06:55:39 | INFO | my_functions.py:198 | 
✅ Found: end_turn.PNG pos=(681, 945) time=0.17s confidence=0.8
2026-05-10 06:55:39 | INFO | my_functions.py:231 | [DEBUG] wait_for_image_and_click -> snap.PNG timeout=0s delay_click=1s confidence=0.8
2026-05-10 06:55:39 | INFO | my_functions.py:258 | [DEBUG] Click skipped, image not found: snap.PNG
2026-05-10 06:55:44 | INFO | my_functions.py:138 | Haciendo click en la posición (681, 945)
2026-05-10 06:55:45 | INFO | each_eight_hours.py:314 | End turn executed
2026-05-10 06:55:59 | INFO | my_functions.py:198 | 
✅ Found: end_turn.PNG pos=(681, 945) time=0.18s confidence=0.8
2026-05-10 06:55:59 | INFO | my_functions.py:231 | [DEBUG] wait_for_image_and_click -> snap.PNG timeout=0s delay_click=1s confidence=0.8
2026-05-10 06:55:59 | INFO | my_functions.py:258 | [DEBUG] Click skipped, image not found: snap.PNG
2026-05-10 06:56:04 | INFO | my_functions.py:138 | Haciendo click en la posición (681, 945)
2026-05-10 06:56:06 | INFO | each_eight_hours.py:314 | End turn executed
2026-05-10 06:56:23 | INFO | my_functions.py:198 | 
✅ Found: end_turn.PNG pos=(681, 945) time=0.17s confidence=0.8
2026-05-10 06:56:23 | INFO | my_functions.py:231 | [DEBUG] wait_for_image_and_click -> snap.PNG timeout=0s delay_click=1s confidence=0.8
2026-05-10 06:56:24 | INFO | my_functions.py:258 | [DEBUG] Click skipped, image not found: snap.PNG
2026-05-10 06:56:29 | INFO | my_functions.py:138 | Haciendo click en la posición (681, 945)
2026-05-10 06:56:30 | INFO | each_eight_hours.py:314 | End turn executed
2026-05-10 06:56:52 | INFO | my_functions.py:198 | 
✅ Found: end_turn.PNG pos=(681, 945) time=0.18s confidence=0.8
2026-05-10 06:56:52 | INFO | my_functions.py:231 | [DEBUG] wait_for_image_and_click -> snap.PNG timeout=0s delay_click=1s confidence=0.8
2026-05-10 06:56:53 | INFO | my_functions.py:258 | [DEBUG] Click skipped, image not found: snap.PNG
2026-05-10 06:56:58 | INFO | my_functions.py:138 | Haciendo click en la posición (681, 945)
2026-05-10 06:56:59 | INFO | each_eight_hours.py:314 | End turn executed
2026-05-10 06:57:25 | INFO | my_functions.py:198 | 
✅ Found: end_turn.PNG pos=(681, 945) time=0.18s confidence=0.8
2026-05-10 06:57:25 | INFO | my_functions.py:231 | [DEBUG] wait_for_image_and_click -> snap.PNG timeout=0s delay_click=1s confidence=0.8
2026-05-10 06:57:25 | INFO | my_functions.py:258 | [DEBUG] Click skipped, image not found: snap.PNG
2026-05-10 06:57:30 | INFO | my_functions.py:138 | Haciendo click en la posición (681, 945)
2026-05-10 06:57:31 | INFO | each_eight_hours.py:314 | End turn executed
2026-05-10 06:58:13 | INFO | my_functions.py:198 | 
✅ Found: collect_rewards.PNG pos=(679, 958) time=0.2s confidence=0.8
2026-05-10 06:58:13 | INFO | each_eight_hours.py:353 | Rewards detected, exiting match
2026-05-10 06:58:13 | INFO | my_functions.py:231 | [DEBUG] wait_for_image_and_click -> collect_rewards.PNG timeout=20s delay_click=1s confidence=0.8
2026-05-10 06:58:13 | INFO | my_functions.py:172 | Searching collect_rewards.PNG (timeout=20s)
2026-05-10 06:58:13 | INFO | my_functions.py:198 | 
✅ Found: collect_rewards.PNG pos=(679, 957) time=0.23s confidence=0.8
2026-05-10 06:58:14 | INFO | my_functions.py:138 | Haciendo click en la posición (679, 957)
2026-05-10 06:58:15 | INFO | my_functions.py:251 | 🖱️ Click OK: collect_rewards.PNG at (679, 957) delay=1s
2026-05-10 06:58:15 | INFO | my_functions.py:231 | [DEBUG] wait_for_image_and_click -> next.PNG timeout=20s delay_click=1s confidence=0.8
2026-05-10 06:58:15 | INFO | my_functions.py:172 | Searching next.PNG (timeout=20s)
2026-05-10 06:58:18 | INFO | my_functions.py:198 | 
✅ Found: next.PNG pos=(677, 973) time=3.32s confidence=0.8
2026-05-10 06:58:19 | INFO | my_functions.py:138 | Haciendo click en la posición (677, 973)
2026-05-10 06:58:19 | INFO | my_functions.py:251 | 🖱️ Click OK: next.PNG at (677, 973) delay=1s
2026-05-10 06:58:23 | INFO | my_functions.py:434 | AVAILABLE: 6
2026-05-10 06:58:23 | INFO | my_functions.py:444 | [INFO] Waiting for Notepad++ process...
2026-05-10 06:58:23 | INFO | my_functions.py:458 | [INFO] Notepad++ detected PID=2480
2026-05-10 06:58:26 | INFO | my_functions.py:466 | [SUCCESS] Notepad++ closed successfully
2026-05-10 06:58:27 | INFO | each_eight_hours.py:421 | Submissions after match: 6
2026-05-10 06:58:27 | INFO | my_functions.py:378 | Misiones completadas: 1
2026-05-10 06:58:27 | INFO | each_eight_hours.py:287 | Starting game loop 3
2026-05-10 06:58:27 | INFO | my_functions.py:231 | [DEBUG] wait_for_image_and_click -> play.PNG timeout=20s delay_click=3s confidence=0.8
2026-05-10 06:58:27 | INFO | my_functions.py:172 | Searching play.PNG (timeout=20s)
2026-05-10 06:58:28 | INFO | my_functions.py:198 | 
✅ Found: play.PNG pos=(384, 824) time=0.2s confidence=0.8
2026-05-10 06:58:31 | INFO | my_functions.py:138 | Haciendo click en la posición (384, 824)
2026-05-10 06:58:31 | INFO | my_functions.py:251 | 🖱️ Click OK: play.PNG at (384, 824) delay=3s
2026-05-10 06:58:31 | INFO | each_eight_hours.py:293 | Play button clicked
2026-05-10 06:58:43 | INFO | my_functions.py:198 | 
✅ Found: end_turn.PNG pos=(681, 945) time=0.18s confidence=0.8
2026-05-10 06:58:43 | INFO | my_functions.py:231 | [DEBUG] wait_for_image_and_click -> snap.PNG timeout=0s delay_click=1s confidence=0.8
2026-05-10 06:58:43 | INFO | my_functions.py:198 | 
✅ Found: snap.PNG pos=(386, 122) time=0.17s confidence=0.8
2026-05-10 06:58:44 | INFO | my_functions.py:138 | Haciendo click en la posición (386, 122)
2026-05-10 06:58:45 | INFO | my_functions.py:251 | 🖱️ Click OK: snap.PNG at (386, 122) delay=1s
2026-05-10 06:58:50 | INFO | my_functions.py:138 | Haciendo click en la posición (681, 945)
2026-05-10 06:58:51 | INFO | each_eight_hours.py:314 | End turn executed
2026-05-10 06:58:56 | INFO | my_functions.py:198 | 
✅ Found: end_turn.PNG pos=(681, 945) time=0.18s confidence=0.8
2026-05-10 06:58:56 | INFO | my_functions.py:231 | [DEBUG] wait_for_image_and_click -> snap.PNG timeout=0s delay_click=1s confidence=0.8
2026-05-10 06:58:56 | INFO | my_functions.py:258 | [DEBUG] Click skipped, image not found: snap.PNG
2026-05-10 06:59:02 | INFO | my_functions.py:138 | Haciendo click en la posición (681, 945)
2026-05-10 06:59:03 | INFO | each_eight_hours.py:314 | End turn executed
2026-05-10 06:59:14 | INFO | my_functions.py:198 | 
✅ Found: end_turn.PNG pos=(681, 945) time=0.17s confidence=0.8
2026-05-10 06:59:14 | INFO | my_functions.py:231 | [DEBUG] wait_for_image_and_click -> snap.PNG timeout=0s delay_click=1s confidence=0.8
2026-05-10 06:59:15 | INFO | my_functions.py:258 | [DEBUG] Click skipped, image not found: snap.PNG
2026-05-10 06:59:20 | INFO | my_functions.py:138 | Haciendo click en la posición (681, 945)
2026-05-10 06:59:21 | INFO | each_eight_hours.py:314 | End turn executed
2026-05-10 06:59:33 | INFO | my_functions.py:198 | 
✅ Found: end_turn.PNG pos=(681, 945) time=0.18s confidence=0.8
2026-05-10 06:59:33 | INFO | my_functions.py:231 | [DEBUG] wait_for_image_and_click -> snap.PNG timeout=0s delay_click=1s confidence=0.8
2026-05-10 06:59:34 | INFO | my_functions.py:258 | [DEBUG] Click skipped, image not found: snap.PNG
2026-05-10 06:59:39 | INFO | my_functions.py:138 | Haciendo click en la posición (681, 945)
2026-05-10 06:59:40 | INFO | each_eight_hours.py:314 | End turn executed
2026-05-10 06:59:53 | INFO | my_functions.py:198 | 
✅ Found: end_turn.PNG pos=(681, 945) time=0.17s confidence=0.8
2026-05-10 06:59:53 | INFO | my_functions.py:231 | [DEBUG] wait_for_image_and_click -> snap.PNG timeout=0s delay_click=1s confidence=0.8
2026-05-10 06:59:53 | INFO | my_functions.py:258 | [DEBUG] Click skipped, image not found: snap.PNG
2026-05-10 06:59:59 | INFO | my_functions.py:138 | Haciendo click en la posición (681, 945)
2026-05-10 07:00:00 | INFO | each_eight_hours.py:314 | End turn executed
2026-05-10 07:00:15 | INFO | my_functions.py:198 | 
✅ Found: end_turn.PNG pos=(681, 945) time=0.18s confidence=0.8
2026-05-10 07:00:15 | INFO | my_functions.py:231 | [DEBUG] wait_for_image_and_click -> snap.PNG timeout=0s delay_click=1s confidence=0.8
2026-05-10 07:00:15 | INFO | my_functions.py:258 | [DEBUG] Click skipped, image not found: snap.PNG
2026-05-10 07:00:21 | INFO | my_functions.py:138 | Haciendo click en la posición (681, 945)
2026-05-10 07:00:22 | INFO | each_eight_hours.py:314 | End turn executed
2026-05-10 07:00:45 | INFO | my_functions.py:198 | 
✅ Found: collect_rewards.PNG pos=(679, 963) time=0.22s confidence=0.8
2026-05-10 07:00:45 | INFO | each_eight_hours.py:353 | Rewards detected, exiting match
2026-05-10 07:00:45 | INFO | my_functions.py:231 | [DEBUG] wait_for_image_and_click -> collect_rewards.PNG timeout=20s delay_click=1s confidence=0.8
2026-05-10 07:00:45 | INFO | my_functions.py:172 | Searching collect_rewards.PNG (timeout=20s)
2026-05-10 07:00:46 | INFO | my_functions.py:198 | 
✅ Found: collect_rewards.PNG pos=(679, 958) time=0.21s confidence=0.8
2026-05-10 07:00:47 | INFO | my_functions.py:138 | Haciendo click en la posición (679, 958)
2026-05-10 07:00:47 | INFO | my_functions.py:251 | 🖱️ Click OK: collect_rewards.PNG at (679, 958) delay=1s
2026-05-10 07:00:47 | INFO | my_functions.py:231 | [DEBUG] wait_for_image_and_click -> next.PNG timeout=20s delay_click=1s confidence=0.8
2026-05-10 07:00:47 | INFO | my_functions.py:172 | Searching next.PNG (timeout=20s)
2026-05-10 07:00:52 | INFO | my_functions.py:198 | 
✅ Found: next.PNG pos=(677, 973) time=5.24s confidence=0.8
2026-05-10 07:00:53 | INFO | my_functions.py:138 | Haciendo click en la posición (677, 973)
2026-05-10 07:00:53 | INFO | my_functions.py:251 | 🖱️ Click OK: next.PNG at (677, 973) delay=1s
2026-05-10 07:00:57 | INFO | my_functions.py:434 | AVAILABLE: 6
2026-05-10 07:00:57 | INFO | my_functions.py:444 | [INFO] Waiting for Notepad++ process...
2026-05-10 07:00:58 | INFO | my_functions.py:458 | [INFO] Notepad++ detected PID=8440
2026-05-10 07:01:01 | INFO | my_functions.py:466 | [SUCCESS] Notepad++ closed successfully
2026-05-10 07:01:02 | INFO | each_eight_hours.py:421 | Submissions after match: 6
2026-05-10 07:01:02 | INFO | my_functions.py:378 | Misiones completadas: 1
2026-05-10 07:01:02 | INFO | each_eight_hours.py:287 | Starting game loop 4
2026-05-10 07:01:02 | INFO | my_functions.py:231 | [DEBUG] wait_for_image_and_click -> play.PNG timeout=20s delay_click=3s confidence=0.8
2026-05-10 07:01:02 | INFO | my_functions.py:172 | Searching play.PNG (timeout=20s)
2026-05-10 07:01:02 | INFO | my_functions.py:198 | 
✅ Found: play.PNG pos=(384, 824) time=0.19s confidence=0.8
2026-05-10 07:01:05 | INFO | my_functions.py:138 | Haciendo click en la posición (384, 824)
2026-05-10 07:01:05 | INFO | my_functions.py:251 | 🖱️ Click OK: play.PNG at (384, 824) delay=3s
2026-05-10 07:01:05 | INFO | each_eight_hours.py:293 | Play button clicked
2026-05-10 07:01:30 | INFO | my_functions.py:198 | 
✅ Found: end_turn.PNG pos=(681, 945) time=0.18s confidence=0.8
2026-05-10 07:01:30 | INFO | my_functions.py:231 | [DEBUG] wait_for_image_and_click -> snap.PNG timeout=0s delay_click=1s confidence=0.8
2026-05-10 07:01:30 | INFO | my_functions.py:198 | 
✅ Found: snap.PNG pos=(386, 122) time=0.19s confidence=0.8
2026-05-10 07:01:31 | INFO | my_functions.py:138 | Haciendo click en la posición (386, 122)
2026-05-10 07:01:31 | INFO | my_functions.py:251 | 🖱️ Click OK: snap.PNG at (386, 122) delay=1s
2026-05-10 07:01:37 | INFO | my_functions.py:138 | Haciendo click en la posición (681, 945)
2026-05-10 07:01:38 | INFO | each_eight_hours.py:314 | End turn executed
2026-05-10 07:01:53 | INFO | my_functions.py:198 | 
✅ Found: end_turn.PNG pos=(681, 945) time=0.18s confidence=0.8
2026-05-10 07:01:53 | INFO | my_functions.py:231 | [DEBUG] wait_for_image_and_click -> snap.PNG timeout=0s delay_click=1s confidence=0.8
2026-05-10 07:01:53 | INFO | my_functions.py:258 | [DEBUG] Click skipped, image not found: snap.PNG
2026-05-10 07:01:58 | INFO | my_functions.py:138 | Haciendo click en la posición (681, 945)
2026-05-10 07:01:59 | INFO | each_eight_hours.py:314 | End turn executed
2026-05-10 07:02:09 | INFO | my_functions.py:198 | 
✅ Found: end_turn.PNG pos=(681, 945) time=0.19s confidence=0.8
2026-05-10 07:02:09 | INFO | my_functions.py:231 | [DEBUG] wait_for_image_and_click -> snap.PNG timeout=0s delay_click=1s confidence=0.8
2026-05-10 07:02:09 | INFO | my_functions.py:258 | [DEBUG] Click skipped, image not found: snap.PNG
2026-05-10 07:02:14 | INFO | my_functions.py:138 | Haciendo click en la posición (681, 945)
2026-05-10 07:02:16 | INFO | each_eight_hours.py:314 | End turn executed
2026-05-10 07:02:30 | INFO | my_functions.py:198 | 
✅ Found: end_turn.PNG pos=(681, 945) time=0.18s confidence=0.8
2026-05-10 07:02:30 | INFO | my_functions.py:231 | [DEBUG] wait_for_image_and_click -> snap.PNG timeout=0s delay_click=1s confidence=0.8
2026-05-10 07:02:31 | INFO | my_functions.py:258 | [DEBUG] Click skipped, image not found: snap.PNG
2026-05-10 07:02:36 | INFO | my_functions.py:138 | Haciendo click en la posición (681, 945)
2026-05-10 07:02:37 | INFO | each_eight_hours.py:314 | End turn executed
2026-05-10 07:03:03 | INFO | my_functions.py:198 | 
✅ Found: end_turn.PNG pos=(681, 945) time=0.2s confidence=0.8
2026-05-10 07:03:03 | INFO | my_functions.py:231 | [DEBUG] wait_for_image_and_click -> snap.PNG timeout=0s delay_click=1s confidence=0.8
2026-05-10 07:03:03 | INFO | my_functions.py:258 | [DEBUG] Click skipped, image not found: snap.PNG
2026-05-10 07:03:08 | INFO | my_functions.py:138 | Haciendo click en la posición (681, 945)
2026-05-10 07:03:09 | INFO | each_eight_hours.py:314 | End turn executed
2026-05-10 07:03:39 | INFO | my_functions.py:198 | 
✅ Found: end_turn.PNG pos=(681, 945) time=0.18s confidence=0.8
2026-05-10 07:03:39 | INFO | my_functions.py:231 | [DEBUG] wait_for_image_and_click -> snap.PNG timeout=0s delay_click=1s confidence=0.8
2026-05-10 07:03:40 | INFO | my_functions.py:258 | [DEBUG] Click skipped, image not found: snap.PNG
2026-05-10 07:03:45 | INFO | my_functions.py:138 | Haciendo click en la posición (681, 945)
2026-05-10 07:03:46 | INFO | each_eight_hours.py:314 | End turn executed
2026-05-10 07:04:22 | INFO | my_functions.py:198 | 
✅ Found: collect_rewards.PNG pos=(679, 957) time=0.2s confidence=0.8
2026-05-10 07:04:22 | INFO | each_eight_hours.py:353 | Rewards detected, exiting match
2026-05-10 07:04:22 | INFO | my_functions.py:231 | [DEBUG] wait_for_image_and_click -> collect_rewards.PNG timeout=20s delay_click=1s confidence=0.8
2026-05-10 07:04:22 | INFO | my_functions.py:172 | Searching collect_rewards.PNG (timeout=20s)
2026-05-10 07:04:22 | INFO | my_functions.py:198 | 
✅ Found: collect_rewards.PNG pos=(679, 957) time=0.23s confidence=0.8
2026-05-10 07:04:23 | INFO | my_functions.py:138 | Haciendo click en la posición (679, 957)
2026-05-10 07:04:23 | INFO | my_functions.py:251 | 🖱️ Click OK: collect_rewards.PNG at (679, 957) delay=1s
2026-05-10 07:04:23 | INFO | my_functions.py:231 | [DEBUG] wait_for_image_and_click -> next.PNG timeout=20s delay_click=1s confidence=0.8
2026-05-10 07:04:23 | INFO | my_functions.py:172 | Searching next.PNG (timeout=20s)
2026-05-10 07:04:26 | INFO | my_functions.py:198 | 
✅ Found: next.PNG pos=(677, 973) time=3.37s confidence=0.8
2026-05-10 07:04:27 | INFO | my_functions.py:138 | Haciendo click en la posición (677, 973)
2026-05-10 07:04:28 | INFO | my_functions.py:251 | 🖱️ Click OK: next.PNG at (677, 973) delay=1s
2026-05-10 07:04:32 | INFO | my_functions.py:434 | AVAILABLE: 6
2026-05-10 07:04:32 | INFO | my_functions.py:444 | [INFO] Waiting for Notepad++ process...
2026-05-10 07:04:32 | INFO | my_functions.py:458 | [INFO] Notepad++ detected PID=5864
2026-05-10 07:04:35 | INFO | my_functions.py:466 | [SUCCESS] Notepad++ closed successfully
2026-05-10 07:04:36 | INFO | each_eight_hours.py:421 | Submissions after match: 6
2026-05-10 07:04:36 | INFO | my_functions.py:378 | Misiones completadas: 1
2026-05-10 07:04:36 | INFO | each_eight_hours.py:287 | Starting game loop 5
2026-05-10 07:04:36 | INFO | my_functions.py:231 | [DEBUG] wait_for_image_and_click -> play.PNG timeout=20s delay_click=3s confidence=0.8
2026-05-10 07:04:36 | INFO | my_functions.py:172 | Searching play.PNG (timeout=20s)
2026-05-10 07:04:36 | INFO | my_functions.py:198 | 
✅ Found: play.PNG pos=(384, 824) time=0.2s confidence=0.8
2026-05-10 07:04:39 | INFO | my_functions.py:138 | Haciendo click en la posición (384, 824)
2026-05-10 07:04:39 | INFO | my_functions.py:251 | 🖱️ Click OK: play.PNG at (384, 824) delay=3s
2026-05-10 07:04:39 | INFO | each_eight_hours.py:293 | Play button clicked
2026-05-10 07:04:50 | INFO | my_functions.py:198 | 
✅ Found: end_turn.PNG pos=(681, 945) time=0.19s confidence=0.8
2026-05-10 07:04:50 | INFO | my_functions.py:231 | [DEBUG] wait_for_image_and_click -> snap.PNG timeout=0s delay_click=1s confidence=0.8
2026-05-10 07:04:50 | INFO | my_functions.py:198 | 
✅ Found: snap.PNG pos=(386, 122) time=0.18s confidence=0.8
2026-05-10 07:04:51 | INFO | my_functions.py:138 | Haciendo click en la posición (386, 122)
2026-05-10 07:04:52 | INFO | my_functions.py:251 | 🖱️ Click OK: snap.PNG at (386, 122) delay=1s
2026-05-10 07:04:57 | INFO | my_functions.py:138 | Haciendo click en la posición (681, 945)
2026-05-10 07:04:58 | INFO | each_eight_hours.py:314 | End turn executed
2026-05-10 07:05:03 | INFO | my_functions.py:198 | 
✅ Found: end_turn.PNG pos=(681, 945) time=0.18s confidence=0.8
2026-05-10 07:05:03 | INFO | my_functions.py:231 | [DEBUG] wait_for_image_and_click -> snap.PNG timeout=0s delay_click=1s confidence=0.8
2026-05-10 07:05:04 | INFO | my_functions.py:258 | [DEBUG] Click skipped, image not found: snap.PNG
2026-05-10 07:05:09 | INFO | my_functions.py:138 | Haciendo click en la posición (681, 945)
2026-05-10 07:05:10 | INFO | each_eight_hours.py:314 | End turn executed
2026-05-10 07:05:38 | INFO | my_functions.py:198 | 
✅ Found: end_turn.PNG pos=(681, 945) time=0.17s confidence=0.8
2026-05-10 07:05:38 | INFO | my_functions.py:231 | [DEBUG] wait_for_image_and_click -> snap.PNG timeout=0s delay_click=1s confidence=0.8
2026-05-10 07:05:38 | INFO | my_functions.py:258 | [DEBUG] Click skipped, image not found: snap.PNG
2026-05-10 07:05:43 | INFO | my_functions.py:138 | Haciendo click en la posición (681, 945)
2026-05-10 07:05:44 | INFO | each_eight_hours.py:314 | End turn executed
2026-05-10 07:05:58 | INFO | my_functions.py:198 | 
✅ Found: end_turn.PNG pos=(681, 945) time=0.18s confidence=0.8
2026-05-10 07:05:58 | INFO | my_functions.py:231 | [DEBUG] wait_for_image_and_click -> snap.PNG timeout=0s delay_click=1s confidence=0.8
2026-05-10 07:05:58 | INFO | my_functions.py:258 | [DEBUG] Click skipped, image not found: snap.PNG
2026-05-10 07:06:03 | INFO | my_functions.py:138 | Haciendo click en la posición (681, 945)
2026-05-10 07:06:04 | INFO | each_eight_hours.py:314 | End turn executed
2026-05-10 07:06:19 | INFO | my_functions.py:198 | 
✅ Found: end_turn.PNG pos=(681, 945) time=0.26s confidence=0.8
2026-05-10 07:06:20 | INFO | my_functions.py:231 | [DEBUG] wait_for_image_and_click -> snap.PNG timeout=0s delay_click=1s confidence=0.8
2026-05-10 07:06:20 | INFO | my_functions.py:258 | [DEBUG] Click skipped, image not found: snap.PNG
2026-05-10 07:06:25 | INFO | my_functions.py:138 | Haciendo click en la posición (681, 945)
2026-05-10 07:06:26 | INFO | each_eight_hours.py:314 | End turn executed
2026-05-10 07:06:47 | INFO | my_functions.py:198 | 
✅ Found: end_turn.PNG pos=(681, 945) time=0.17s confidence=0.8
2026-05-10 07:06:47 | INFO | my_functions.py:231 | [DEBUG] wait_for_image_and_click -> snap.PNG timeout=0s delay_click=1s confidence=0.8
2026-05-10 07:06:47 | INFO | my_functions.py:258 | [DEBUG] Click skipped, image not found: snap.PNG
2026-05-10 07:06:52 | INFO | my_functions.py:138 | Haciendo click en la posición (681, 945)
2026-05-10 07:06:53 | INFO | each_eight_hours.py:314 | End turn executed
2026-05-10 07:07:17 | INFO | my_functions.py:198 | 
✅ Found: end_turn.PNG pos=(681, 945) time=0.2s confidence=0.8
2026-05-10 07:07:17 | INFO | my_functions.py:231 | [DEBUG] wait_for_image_and_click -> snap.PNG timeout=0s delay_click=1s confidence=0.8
2026-05-10 07:07:17 | INFO | my_functions.py:258 | [DEBUG] Click skipped, image not found: snap.PNG
2026-05-10 07:07:22 | INFO | my_functions.py:138 | Haciendo click en la posición (681, 945)
2026-05-10 07:07:24 | INFO | each_eight_hours.py:314 | End turn executed
2026-05-10 07:07:41 | INFO | my_functions.py:198 | 
✅ Found: collect_rewards.PNG pos=(679, 978) time=0.21s confidence=0.8
2026-05-10 07:07:41 | INFO | each_eight_hours.py:353 | Rewards detected, exiting match
2026-05-10 07:07:41 | INFO | my_functions.py:231 | [DEBUG] wait_for_image_and_click -> collect_rewards.PNG timeout=20s delay_click=1s confidence=0.8
2026-05-10 07:07:41 | INFO | my_functions.py:172 | Searching collect_rewards.PNG (timeout=20s)
2026-05-10 07:07:41 | INFO | my_functions.py:198 | 
✅ Found: collect_rewards.PNG pos=(680, 959) time=0.23s confidence=0.8
2026-05-10 07:07:42 | INFO | my_functions.py:138 | Haciendo click en la posición (680, 959)
2026-05-10 07:07:42 | INFO | my_functions.py:251 | 🖱️ Click OK: collect_rewards.PNG at (680, 959) delay=1s
2026-05-10 07:07:42 | INFO | my_functions.py:231 | [DEBUG] wait_for_image_and_click -> next.PNG timeout=20s delay_click=1s confidence=0.8
2026-05-10 07:07:42 | INFO | my_functions.py:172 | Searching next.PNG (timeout=20s)
2026-05-10 07:07:46 | INFO | my_functions.py:198 | 
✅ Found: next.PNG pos=(678, 972) time=4.23s confidence=0.8
2026-05-10 07:07:47 | INFO | my_functions.py:138 | Haciendo click en la posición (678, 972)
2026-05-10 07:07:48 | INFO | my_functions.py:251 | 🖱️ Click OK: next.PNG at (678, 972) delay=1s
2026-05-10 07:07:52 | INFO | my_functions.py:434 | AVAILABLE: 6
2026-05-10 07:07:52 | INFO | my_functions.py:444 | [INFO] Waiting for Notepad++ process...
2026-05-10 07:07:52 | INFO | my_functions.py:458 | [INFO] Notepad++ detected PID=4340
2026-05-10 07:07:55 | INFO | my_functions.py:466 | [SUCCESS] Notepad++ closed successfully
2026-05-10 07:07:56 | INFO | each_eight_hours.py:421 | Submissions after match: 6
2026-05-10 07:07:56 | INFO | my_functions.py:378 | Misiones completadas: 2
2026-05-10 07:07:56 | INFO | each_eight_hours.py:425 | Submission condition met, breaking loop
2026-05-10 07:07:56 | INFO | my_functions.py:231 | [DEBUG] wait_for_image_and_click -> missionsNotify2.png timeout=20s delay_click=3s confidence=0.8
2026-05-10 07:07:56 | INFO | my_functions.py:172 | Searching missionsNotify2.png (timeout=20s)
2026-05-10 07:07:56 | INFO | my_functions.py:198 | 
✅ Found: missionsNotify2.png pos=(538, 124) time=0.2s confidence=0.8
2026-05-10 07:07:59 | INFO | my_functions.py:138 | Haciendo click en la posición (538, 124)
2026-05-10 07:07:59 | INFO | my_functions.py:251 | 🖱️ Click OK: missionsNotify2.png at (538, 124) delay=3s
2026-05-10 07:07:59 | INFO | my_functions.py:1593 | [INFO] Iniciando click_missions_blue2
2026-05-10 07:07:59 | INFO | my_functions.py:138 | Haciendo click en la posición (150, 132)
2026-05-10 07:08:00 | INFO | my_functions.py:1596 | [ACTION] Click hecho en icono de calendario que me dirige a las misiones ordinarias
2026-05-10 07:08:00 | INFO | my_functions.py:172 | Searching bonus_challenge.png (timeout=0s)
2026-05-10 07:08:01 | INFO | my_functions.py:209 | 
⛔ Not found: bonus_challenge.png after 0.0s region=(0, 0, 765, 1038) confidence=0.8
2026-05-10 07:08:03 | INFO | my_functions.py:138 | Haciendo click en la posición (362, 493)
2026-05-10 07:08:04 | INFO | my_functions.py:1609 | [ACTION] Click 1/2 en misión azul
2026-05-10 07:08:04 | INFO | my_functions.py:138 | Haciendo click en la posición (362, 493)
2026-05-10 07:08:06 | INFO | my_functions.py:1609 | [ACTION] Click 2/2 en misión azul
2026-05-10 07:08:06 | INFO | my_functions.py:172 | Searching flechita_mission.PNG (timeout=0s)
2026-05-10 07:08:06 | INFO | my_functions.py:209 | 
⛔ Not found: flechita_mission.PNG after 0.0s region=(0, 0, 765, 1038) confidence=0.8
2026-05-10 07:08:06 | INFO | my_functions.py:231 | [DEBUG] wait_for_image_and_click -> weekly3.PNG timeout=0s delay_click=0.1s confidence=0.8
2026-05-10 07:08:06 | INFO | my_functions.py:172 | Searching weekly3.PNG (timeout=0s)
2026-05-10 07:08:06 | INFO | my_functions.py:209 | 
⛔ Not found: weekly3.PNG after 0.0s region=(0, 0, 765, 1038) confidence=0.8
2026-05-10 07:08:06 | INFO | my_functions.py:258 | [DEBUG] Click skipped, image not found: weekly3.PNG
2026-05-10 07:08:06 | INFO | my_functions.py:231 | [DEBUG] wait_for_image_and_click -> weekly3.PNG timeout=0s delay_click=0.1s confidence=0.8
2026-05-10 07:08:06 | INFO | my_functions.py:172 | Searching weekly3.PNG (timeout=0s)
2026-05-10 07:08:07 | INFO | my_functions.py:209 | 
⛔ Not found: weekly3.PNG after 0.0s region=(0, 0, 765, 1038) confidence=0.8
2026-05-10 07:08:07 | INFO | my_functions.py:258 | [DEBUG] Click skipped, image not found: weekly3.PNG
2026-05-10 07:08:07 | INFO | my_functions.py:231 | [DEBUG] wait_for_image_and_click -> weekly3.PNG timeout=0s delay_click=0.1s confidence=0.8
2026-05-10 07:08:07 | INFO | my_functions.py:172 | Searching weekly3.PNG (timeout=0s)
2026-05-10 07:08:07 | INFO | my_functions.py:209 | 
⛔ Not found: weekly3.PNG after 0.01s region=(0, 0, 765, 1038) confidence=0.8
2026-05-10 07:08:07 | INFO | my_functions.py:258 | [DEBUG] Click skipped, image not found: weekly3.PNG
2026-05-10 07:08:07 | INFO | my_functions.py:231 | [DEBUG] wait_for_image_and_click -> weekly3.PNG timeout=0s delay_click=0.1s confidence=0.8
2026-05-10 07:08:07 | INFO | my_functions.py:172 | Searching weekly3.PNG (timeout=0s)
2026-05-10 07:08:07 | INFO | my_functions.py:209 | 
⛔ Not found: weekly3.PNG after 0.01s region=(0, 0, 765, 1038) confidence=0.8
2026-05-10 07:08:07 | INFO | my_functions.py:258 | [DEBUG] Click skipped, image not found: weekly3.PNG
2026-05-10 07:08:07 | INFO | my_functions.py:231 | [DEBUG] wait_for_image_and_click -> weekly3.PNG timeout=0s delay_click=0.1s confidence=0.8
2026-05-10 07:08:07 | INFO | my_functions.py:172 | Searching weekly3.PNG (timeout=0s)
2026-05-10 07:08:07 | INFO | my_functions.py:209 | 
⛔ Not found: weekly3.PNG after 0.01s region=(0, 0, 765, 1038) confidence=0.8
2026-05-10 07:08:07 | INFO | my_functions.py:258 | [DEBUG] Click skipped, image not found: weekly3.PNG
2026-05-10 07:08:07 | INFO | my_functions.py:231 | [DEBUG] wait_for_image_and_click -> weekly3.PNG timeout=0s delay_click=0.1s confidence=0.8
2026-05-10 07:08:07 | INFO | my_functions.py:172 | Searching weekly3.PNG (timeout=0s)
2026-05-10 07:08:07 | INFO | my_functions.py:209 | 
⛔ Not found: weekly3.PNG after 0.01s region=(0, 0, 765, 1038) confidence=0.8
2026-05-10 07:08:07 | INFO | my_functions.py:258 | [DEBUG] Click skipped, image not found: weekly3.PNG
2026-05-10 07:08:07 | INFO | my_functions.py:231 | [DEBUG] wait_for_image_and_click -> weekly3.PNG timeout=0s delay_click=0.1s confidence=0.8
2026-05-10 07:08:07 | INFO | my_functions.py:172 | Searching weekly3.PNG (timeout=0s)
2026-05-10 07:08:08 | INFO | my_functions.py:209 | 
⛔ Not found: weekly3.PNG after 0.01s region=(0, 0, 765, 1038) confidence=0.8
2026-05-10 07:08:08 | INFO | my_functions.py:258 | [DEBUG] Click skipped, image not found: weekly3.PNG
2026-05-10 07:08:08 | INFO | my_functions.py:231 | [DEBUG] wait_for_image_and_click -> weekly3.PNG timeout=0s delay_click=0.1s confidence=0.8
2026-05-10 07:08:08 | INFO | my_functions.py:172 | Searching weekly3.PNG (timeout=0s)
2026-05-10 07:08:08 | INFO | my_functions.py:209 | 
⛔ Not found: weekly3.PNG after 0.01s region=(0, 0, 765, 1038) confidence=0.8
2026-05-10 07:08:08 | INFO | my_functions.py:258 | [DEBUG] Click skipped, image not found: weekly3.PNG
2026-05-10 07:08:08 | INFO | my_functions.py:231 | [DEBUG] wait_for_image_and_click -> weekly3.PNG timeout=0s delay_click=0.1s confidence=0.8
2026-05-10 07:08:08 | INFO | my_functions.py:172 | Searching weekly3.PNG (timeout=0s)
2026-05-10 07:08:08 | INFO | my_functions.py:209 | 
⛔ Not found: weekly3.PNG after 0.0s region=(0, 0, 765, 1038) confidence=0.8
2026-05-10 07:08:08 | INFO | my_functions.py:258 | [DEBUG] Click skipped, image not found: weekly3.PNG
2026-05-10 07:08:08 | INFO | my_functions.py:231 | [DEBUG] wait_for_image_and_click -> weekly3.PNG timeout=0s delay_click=0.1s confidence=0.8
2026-05-10 07:08:08 | INFO | my_functions.py:172 | Searching weekly3.PNG (timeout=0s)
2026-05-10 07:08:08 | INFO | my_functions.py:209 | 
⛔ Not found: weekly3.PNG after 0.0s region=(0, 0, 765, 1038) confidence=0.8
2026-05-10 07:08:08 | INFO | my_functions.py:258 | [DEBUG] Click skipped, image not found: weekly3.PNG
2026-05-10 07:08:08 | INFO | my_functions.py:231 | [DEBUG] wait_for_image_and_click -> weekly3.PNG timeout=0s delay_click=0.1s confidence=0.8
2026-05-10 07:08:08 | INFO | my_functions.py:172 | Searching weekly3.PNG (timeout=0s)
2026-05-10 07:08:08 | INFO | my_functions.py:209 | 
⛔ Not found: weekly3.PNG after 0.0s region=(0, 0, 765, 1038) confidence=0.8
2026-05-10 07:08:08 | INFO | my_functions.py:258 | [DEBUG] Click skipped, image not found: weekly3.PNG
2026-05-10 07:08:08 | INFO | my_functions.py:138 | Haciendo click en la posición (557, 64)
2026-05-10 07:08:10 | INFO | my_functions.py:231 | [DEBUG] wait_for_image_and_click -> cards_shop.PNG timeout=20s delay_click=1s confidence=0.8
2026-05-10 07:08:10 | INFO | my_functions.py:172 | Searching cards_shop.PNG (timeout=20s)
2026-05-10 07:08:10 | INFO | my_functions.py:198 | 
✅ Found: cards_shop.PNG pos=(568, 121) time=0.58s confidence=0.8
2026-05-10 07:08:11 | INFO | my_functions.py:138 | Haciendo click en la posición (568, 121)
2026-05-10 07:08:11 | INFO | my_functions.py:251 | 🖱️ Click OK: cards_shop.PNG at (568, 121) delay=1s
2026-05-10 07:08:11 | INFO | my_functions.py:231 | [DEBUG] wait_for_image_and_click -> token_icon.PNG timeout=20s delay_click=1s confidence=0.8
2026-05-10 07:08:11 | INFO | my_functions.py:172 | Searching token_icon.PNG (timeout=20s)
2026-05-10 07:08:13 | INFO | my_functions.py:198 | 
✅ Found: token_icon.PNG pos=(661, 171) time=1.82s confidence=0.8
2026-05-10 07:08:14 | INFO | my_functions.py:138 | Haciendo click en la posición (661, 171)
2026-05-10 07:08:14 | INFO | my_functions.py:251 | 🖱️ Click OK: token_icon.PNG at (661, 171) delay=1s
2026-05-10 07:08:16 | INFO | my_functions.py:231 | [DEBUG] wait_for_image_and_click -> claim!_token_3.PNG timeout=4s delay_click=1s confidence=0.8
2026-05-10 07:08:16 | INFO | my_functions.py:172 | Searching claim!_token_3.PNG (timeout=4s)
2026-05-10 07:08:21 | INFO | my_functions.py:209 | 
⛔ Not found: claim!_token_3.PNG after 4.01s region=(0, 0, 765, 1038) confidence=0.8
2026-05-10 07:08:21 | INFO | my_functions.py:258 | [DEBUG] Click skipped, image not found: claim!_token_3.PNG
2026-05-10 07:08:21 | INFO | my_functions.py:231 | [DEBUG] wait_for_image_and_click -> offers.PNG timeout=0.1s delay_click=1s confidence=0.8
2026-05-10 07:08:21 | INFO | my_functions.py:172 | Searching offers.PNG (timeout=0.1s)
2026-05-10 07:08:21 | INFO | my_functions.py:198 | 
✅ Found: offers.PNG pos=(197, 121) time=0.22s confidence=0.8
2026-05-10 07:08:22 | INFO | my_functions.py:138 | Haciendo click en la posición (197, 121)
2026-05-10 07:08:22 | INFO | my_functions.py:251 | 🖱️ Click OK: offers.PNG at (197, 121) delay=1s
2026-05-10 07:08:22 | INFO | my_functions.py:231 | [DEBUG] wait_for_image_and_click -> credits_selected.png timeout=0.1s delay_click=1s confidence=0.8
2026-05-10 07:08:22 | INFO | my_functions.py:172 | Searching credits_selected.png (timeout=0.1s)
2026-05-10 07:08:22 | INFO | my_functions.py:209 | 
⛔ Not found: credits_selected.png after 0.2s region=(0, 0, 765, 1038) confidence=0.8
2026-05-10 07:08:22 | INFO | my_functions.py:258 | [DEBUG] Click skipped, image not found: credits_selected.png
2026-05-10 07:08:22 | INFO | my_functions.py:231 | [DEBUG] wait_for_image_and_click -> credits.PNG timeout=0.1s delay_click=1s confidence=0.95
2026-05-10 07:08:22 | INFO | my_functions.py:172 | Searching credits.PNG (timeout=0.1s)
2026-05-10 07:08:23 | INFO | my_functions.py:198 | 
✅ Found: credits.PNG pos=(442, 172) time=0.19s confidence=0.95
2026-05-10 07:08:24 | INFO | my_functions.py:138 | Haciendo click en la posición (442, 172)
2026-05-10 07:08:24 | INFO | my_functions.py:251 | 🖱️ Click OK: credits.PNG at (442, 172) delay=1s
2026-05-10 07:08:25 | INFO | my_functions.py:231 | [DEBUG] wait_for_image_and_click -> claim_25_credits.png timeout=2s delay_click=1s confidence=0.8
2026-05-10 07:08:25 | INFO | my_functions.py:172 | Searching claim_25_credits.png (timeout=2s)
2026-05-10 07:08:26 | INFO | my_functions.py:198 | 
✅ Found: claim_25_credits.png pos=(236, 328) time=0.18s confidence=0.8
2026-05-10 07:08:27 | INFO | my_functions.py:138 | Haciendo click en la posición (236, 328)
2026-05-10 07:08:27 | INFO | my_functions.py:251 | 🖱️ Click OK: claim_25_credits.png at (236, 328) delay=1s
2026-05-10 07:08:27 | INFO | my_functions.py:231 | [DEBUG] wait_for_image_and_click -> cards_shop.PNG timeout=20s delay_click=1s confidence=0.8
2026-05-10 07:08:27 | INFO | my_functions.py:172 | Searching cards_shop.PNG (timeout=20s)
2026-05-10 07:08:27 | INFO | my_functions.py:198 | 
✅ Found: cards_shop.PNG pos=(568, 121) time=0.2s confidence=0.8
2026-05-10 07:08:28 | INFO | my_functions.py:138 | Haciendo click en la posición (568, 121)
2026-05-10 07:08:28 | INFO | my_functions.py:251 | 🖱️ Click OK: cards_shop.PNG at (568, 121) delay=1s
2026-05-10 07:08:28 | INFO | my_functions.py:231 | [DEBUG] wait_for_image_and_click -> offers.PNG timeout=20s delay_click=1s confidence=0.8
2026-05-10 07:08:28 | INFO | my_functions.py:172 | Searching offers.PNG (timeout=20s)
2026-05-10 07:08:28 | INFO | my_functions.py:198 | 
✅ Found: offers.PNG pos=(197, 122) time=0.2s confidence=0.8
2026-05-10 07:08:29 | INFO | my_functions.py:138 | Haciendo click en la posición (197, 122)
2026-05-10 07:08:30 | INFO | my_functions.py:251 | 🖱️ Click OK: offers.PNG at (197, 122) delay=1s
2026-05-10 07:08:30 | INFO | my_functions.py:1491 | [INFO] Iniciando mejora de cartas
2026-05-10 07:08:30 | INFO | my_functions.py:231 | [DEBUG] wait_for_image_and_click -> upgrade_cards_icon.PNG timeout=20s delay_click=1s confidence=0.8
2026-05-10 07:08:30 | INFO | my_functions.py:172 | Searching upgrade_cards_icon.PNG (timeout=20s)
2026-05-10 07:08:30 | INFO | my_functions.py:198 | 
✅ Found: upgrade_cards_icon.PNG pos=(322, 170) time=0.47s confidence=0.8
2026-05-10 07:08:31 | INFO | my_functions.py:138 | Haciendo click en la posición (322, 170)
2026-05-10 07:08:31 | INFO | my_functions.py:251 | 🖱️ Click OK: upgrade_cards_icon.PNG at (322, 170) delay=1s
2026-05-10 07:08:31 | INFO | my_functions.py:1495 | [INFO] Abriendo icono de upgrade_cards
2026-05-10 07:08:32 | INFO | my_functions.py:1501 | [STEP] Mejorando carta 1
2026-05-10 07:08:32 | INFO | my_functions.py:1505 | [ACTION] Click en carta 1
2026-05-10 07:08:34 | INFO | my_functions.py:1510 | [ACTION] Click en botón upgrade
2026-05-10 07:08:41 | INFO | my_functions.py:231 | [DEBUG] wait_for_image_and_click -> you_need_more_credits!.png timeout=3s delay_click=1s confidence=0.8
2026-05-10 07:08:41 | INFO | my_functions.py:172 | Searching you_need_more_credits!.png (timeout=3s)
2026-05-10 07:08:41 | INFO | my_functions.py:198 | 
✅ Found: you_need_more_credits!.png pos=(381, 345) time=0.2s confidence=0.8
2026-05-10 07:08:42 | INFO | my_functions.py:138 | Haciendo click en la posición (381, 345)
2026-05-10 07:08:42 | INFO | my_functions.py:251 | 🖱️ Click OK: you_need_more_credits!.png at (381, 345) delay=1s
2026-05-10 07:08:42 | INFO | my_functions.py:146 | Presionando ESC (1/2)
2026-05-10 07:08:43 | INFO | my_functions.py:146 | Presionando ESC (2/2)
2026-05-10 07:08:45 | INFO | my_functions.py:1553 | [INFO] Mejora de cartas completada ✅
2026-05-10 07:08:45 | INFO | my_functions.py:146 | Presionando ESC (1/1)
2026-05-10 07:08:46 | INFO | each_eight_hours.py:437 | Finished all games
2026-05-10 07:08:46 | INFO | my_functions.py:1443 | [DEBUG] Starting logout process...
2026-05-10 07:08:46 | INFO | my_functions.py:1445 | [DEBUG] Clicking nut icon...
2026-05-10 07:08:46 | INFO | my_functions.py:231 | [DEBUG] wait_for_image_and_click -> nut.png timeout=20s delay_click=1s confidence=0.8
2026-05-10 07:08:46 | INFO | my_functions.py:172 | Searching nut.png (timeout=20s)
2026-05-10 07:08:46 | INFO | my_functions.py:198 | 
✅ Found: nut.png pos=(184, 78) time=0.18s confidence=0.8
2026-05-10 07:08:47 | INFO | my_functions.py:138 | Haciendo click en la posición (184, 78)
2026-05-10 07:08:47 | INFO | my_functions.py:251 | 🖱️ Click OK: nut.png at (184, 78) delay=1s
2026-05-10 07:08:47 | INFO | my_functions.py:1448 | [DEBUG] Waiting for graphics quality image...
2026-05-10 07:08:47 | INFO | my_functions.py:172 | Searching graphics_quality.png (timeout=3s)
2026-05-10 07:08:48 | INFO | my_functions.py:198 | 
✅ Found: graphics_quality.png pos=(304, 644) time=0.92s confidence=0.8
2026-05-10 07:08:48 | INFO | my_functions.py:1450 | [DEBUG] graphics_quality result: Point(x=304, y=644)
2026-05-10 07:08:48 | INFO | my_functions.py:1456 | [DEBUG] Clicking graphics quality...
2026-05-10 07:08:49 | INFO | my_functions.py:1461 | [DEBUG] Scrolling down...
2026-05-10 07:08:49 | INFO | my_functions.py:1464 | [DEBUG] Clicking sign_out...
2026-05-10 07:08:49 | INFO | my_functions.py:231 | [DEBUG] wait_for_image_and_click -> sign_out.png timeout=20s delay_click=1s confidence=0.8
2026-05-10 07:08:49 | INFO | my_functions.py:172 | Searching sign_out.png (timeout=20s)
2026-05-10 07:08:50 | INFO | my_functions.py:198 | 
✅ Found: sign_out.png pos=(380, 796) time=0.19s confidence=0.8
2026-05-10 07:08:51 | INFO | my_functions.py:138 | Haciendo click en la posición (380, 796)
2026-05-10 07:08:51 | INFO | my_functions.py:251 | 🖱️ Click OK: sign_out.png at (380, 796) delay=1s
2026-05-10 07:08:52 | INFO | my_functions.py:1469 | [DEBUG] Clicking big sign_out...
2026-05-10 07:08:52 | INFO | my_functions.py:231 | [DEBUG] wait_for_image_and_click -> sign_out_grande.png timeout=20s delay_click=1s confidence=0.8
2026-05-10 07:08:52 | INFO | my_functions.py:172 | Searching sign_out_grande.png (timeout=20s)
2026-05-10 07:08:52 | INFO | my_functions.py:198 | 
✅ Found: sign_out_grande.png pos=(359, 437) time=0.17s confidence=0.8
2026-05-10 07:08:53 | INFO | my_functions.py:138 | Haciendo click en la posición (359, 437)
2026-05-10 07:08:53 | INFO | my_functions.py:251 | 🖱️ Click OK: sign_out_grande.png at (359, 437) delay=1s
2026-05-10 07:08:53 | INFO | my_functions.py:1472 | [DEBUG] Clicking sign_out2...
2026-05-10 07:08:53 | INFO | my_functions.py:231 | [DEBUG] wait_for_image_and_click -> sign_out2.png timeout=20s delay_click=1s confidence=0.8
2026-05-10 07:08:53 | INFO | my_functions.py:172 | Searching sign_out2.png (timeout=20s)
2026-05-10 07:08:53 | INFO | my_functions.py:198 | 
✅ Found: sign_out2.png pos=(383, 634) time=0.19s confidence=0.8
2026-05-10 07:08:54 | INFO | my_functions.py:138 | Haciendo click en la posición (383, 634)
2026-05-10 07:08:55 | INFO | my_functions.py:251 | 🖱️ Click OK: sign_out2.png at (383, 634) delay=1s
2026-05-10 07:08:55 | INFO | my_functions.py:1475 | [DEBUG] Resizing SNAP window...
2026-05-10 07:08:55 | INFO | my_functions.py:1668 | ⏱ Esperando 0.1 segundos antes de empezar...
2026-05-10 07:08:55 | INFO | my_functions.py:1675 | 🔍 Esperando ventana que contenga alguna de: SNAP (máx 20s)
2026-05-10 07:08:55 | INFO | my_functions.py:1687 | ✅ Ventana encontrada: 'SNAP'
2026-05-10 07:08:55 | INFO | my_functions.py:1702 | ✅ Ventana seleccionada: 'SNAP'
2026-05-10 07:08:57 | INFO | my_functions.py:1725 | 🔁 Reajuste #1...
2026-05-10 07:08:59 | INFO | my_functions.py:1732 | ✔ Verificación completa. Se hicieron 1 reajustes.
2026-05-10 07:09:00 | INFO | my_functions.py:1484 | snap.exe closed
2026-05-10 07:09:03 | INFO | my_functions.py:1487 | [DEBUG] Logout completed successfully.
2026-05-10 07:09:03 | INFO | each_eight_hours.py:146 | Processing account: john
2026-05-10 07:09:03 | INFO | each_eight_hours.py:149 | Game relaunched for account
2026-05-10 07:09:03 | INFO | my_functions.py:1668 | ⏱ Esperando 0.1 segundos antes de empezar...
2026-05-10 07:09:03 | INFO | my_functions.py:1675 | 🔍 Esperando ventana que contenga alguna de: ['SNAP'] (máx 20s)
2026-05-10 07:09:06 | INFO | my_functions.py:1687 | ✅ Ventana encontrada: 'SNAP'
2026-05-10 07:09:06 | INFO | my_functions.py:1702 | ✅ Ventana seleccionada: 'SNAP'
2026-05-10 07:09:08 | INFO | my_functions.py:1734 | ✔ Verificación completa. No hubo cambios después del primer ajuste.
2026-05-10 07:09:08 | INFO | each_eight_hours.py:156 | Game window resized
2026-05-10 07:09:08 | INFO | my_functions.py:1207 | [DEBUG] Resizing SNAP window...
2026-05-10 07:09:08 | INFO | my_functions.py:1668 | ⏱ Esperando 0.1 segundos antes de empezar...
2026-05-10 07:09:08 | INFO | my_functions.py:1675 | 🔍 Esperando ventana que contenga alguna de: ['SNAP'] (máx 20s)
2026-05-10 07:09:08 | INFO | my_functions.py:1687 | ✅ Ventana encontrada: 'SNAP'
2026-05-10 07:09:08 | INFO | my_functions.py:1702 | ✅ Ventana seleccionada: 'SNAP'
2026-05-10 07:09:11 | INFO | my_functions.py:1734 | ✔ Verificación completa. No hubo cambios después del primer ajuste.
2026-05-10 07:09:11 | INFO | my_functions.py:231 | [DEBUG] wait_for_image_and_click -> submit.PNG timeout=90s delay_click=0.2s confidence=0.8
2026-05-10 07:09:11 | INFO | my_functions.py:172 | Searching submit.PNG (timeout=90s)
2026-05-10 07:09:14 | INFO | my_functions.py:198 | 
✅ Found: submit.PNG pos=(386, 781) time=2.9s confidence=0.8
2026-05-10 07:09:14 | INFO | my_functions.py:138 | Haciendo click en la posición (386, 781)
2026-05-10 07:09:14 | INFO | my_functions.py:251 | 🖱️ Click OK: submit.PNG at (386, 781) delay=0.2s
2026-05-10 07:09:14 | INFO | my_functions.py:1668 | ⏱ Esperando 0.1 segundos antes de empezar...
2026-05-10 07:09:14 | INFO | my_functions.py:1675 | 🔍 Esperando ventana que contenga alguna de: ['SNAP'] (máx 20s)
2026-05-10 07:09:14 | INFO | my_functions.py:1687 | ✅ Ventana encontrada: 'SNAP'
2026-05-10 07:09:14 | INFO | my_functions.py:1702 | ✅ Ventana seleccionada: 'SNAP'
2026-05-10 07:09:16 | INFO | my_functions.py:1725 | 🔁 Reajuste #1...
2026-05-10 07:09:17 | INFO | my_functions.py:1732 | ✔ Verificación completa. Se hicieron 1 reajustes.
2026-05-10 07:09:17 | INFO | my_functions.py:172 | Searching please_sign.png (timeout=0s)
2026-05-10 07:09:18 | INFO | my_functions.py:198 | 
✅ Found: please_sign.png pos=(383, 438) time=0.18s confidence=0.8
2026-05-10 07:09:18 | INFO | my_functions.py:231 | [DEBUG] wait_for_image_and_click -> ok_btn.png timeout=20s delay_click=1s confidence=0.8
2026-05-10 07:09:18 | INFO | my_functions.py:172 | Searching ok_btn.png (timeout=20s)
2026-05-10 07:09:18 | INFO | my_functions.py:198 | 
✅ Found: ok_btn.png pos=(382, 634) time=0.18s confidence=0.8
2026-05-10 07:09:19 | INFO | my_functions.py:138 | Haciendo click en la posición (382, 634)
2026-05-10 07:09:19 | INFO | my_functions.py:251 | 🖱️ Click OK: ok_btn.png at (382, 634) delay=1s
2026-05-10 07:09:19 | INFO | my_functions.py:231 | [DEBUG] wait_for_image_and_click -> submit.PNG timeout=90s delay_click=0.2s confidence=0.8
2026-05-10 07:09:19 | INFO | my_functions.py:172 | Searching submit.PNG (timeout=90s)
2026-05-10 07:09:20 | INFO | my_functions.py:198 | 
✅ Found: submit.PNG pos=(386, 773) time=0.9s confidence=0.8
2026-05-10 07:09:20 | INFO | my_functions.py:138 | Haciendo click en la posición (386, 773)
2026-05-10 07:09:20 | INFO | my_functions.py:251 | 🖱️ Click OK: submit.PNG at (386, 773) delay=0.2s
2026-05-10 07:09:20 | INFO | my_functions.py:172 | Searching sign_in_with_google2.PNG (timeout=90s)
2026-05-10 07:09:21 | INFO | my_functions.py:198 | 
✅ Found: sign_in_with_google2.PNG pos=(406, 957) time=1.04s confidence=0.8
2026-05-10 07:09:21 | INFO | my_functions.py:231 | [DEBUG] wait_for_image_and_click -> sign_in_with_google2.PNG timeout=20s delay_click=1s confidence=0.8
2026-05-10 07:09:21 | INFO | my_functions.py:172 | Searching sign_in_with_google2.PNG (timeout=20s)
2026-05-10 07:09:21 | INFO | my_functions.py:198 | 
✅ Found: sign_in_with_google2.PNG pos=(406, 957) time=0.15s confidence=0.8
2026-05-10 07:09:22 | INFO | my_functions.py:138 | Haciendo click en la posición (406, 957)
2026-05-10 07:09:23 | INFO | my_functions.py:251 | 🖱️ Click OK: sign_in_with_google2.PNG at (406, 957) delay=1s
2026-05-10 07:09:23 | INFO | my_functions.py:231 | [DEBUG] wait_for_image_and_click -> john.png timeout=30s delay_click=3s confidence=0.8
2026-05-10 07:09:23 | INFO | my_functions.py:172 | Searching john.png (timeout=30s)
2026-05-10 07:09:27 | INFO | my_functions.py:198 | 
✅ Found: john.png pos=(1143, 619) time=4.44s confidence=0.8
2026-05-10 07:09:30 | INFO | my_functions.py:138 | Haciendo click en la posición (1143, 619)
2026-05-10 07:09:30 | INFO | my_functions.py:251 | 🖱️ Click OK: john.png at (1143, 619) delay=3s
2026-05-10 07:09:32 | INFO | my_functions.py:231 | [DEBUG] wait_for_image_and_click -> python_icon.PNG timeout=5s delay_click=1s confidence=0.8
2026-05-10 07:09:32 | INFO | my_functions.py:172 | Searching python_icon.PNG (timeout=5s)
2026-05-10 07:09:33 | INFO | my_functions.py:198 | 
✅ Found: python_icon.PNG pos=(647, 1054) time=0.4s confidence=0.8
2026-05-10 07:09:34 | INFO | my_functions.py:138 | Haciendo click en la posición (647, 1054)
2026-05-10 07:09:34 | INFO | my_functions.py:251 | 🖱️ Click OK: python_icon.PNG at (647, 1054) delay=1s
2026-05-10 07:09:34 | INFO | my_functions.py:231 | [DEBUG] wait_for_image_and_click -> snap_icon_task_bar.PNG timeout=20s delay_click=1s confidence=0.8
2026-05-10 07:09:34 | INFO | my_functions.py:172 | Searching snap_icon_task_bar.PNG (timeout=20s)
2026-05-10 07:09:34 | INFO | my_functions.py:198 | 
✅ Found: snap_icon_task_bar.PNG pos=(524, 1052) time=0.32s confidence=0.8
2026-05-10 07:09:35 | INFO | my_functions.py:138 | Haciendo click en la posición (524, 1052)
2026-05-10 07:09:36 | INFO | my_functions.py:251 | 🖱️ Click OK: snap_icon_task_bar.PNG at (524, 1052) delay=1s
2026-05-10 07:09:36 | INFO | my_functions.py:172 | Searching play.PNG (timeout=30s)
2026-05-10 07:09:50 | INFO | my_functions.py:198 | 
✅ Found: play.PNG pos=(384, 824) time=14.64s confidence=0.8
2026-05-10 07:09:50 | INFO | my_functions.py:1265 | [DEBUG] Login completado correctamente.
2026-05-10 07:09:50 | INFO | each_eight_hours.py:160 | Login executed
2026-05-10 07:09:50 | INFO | my_functions.py:172 | Searching shop_unselected.PNG (timeout=0s)
2026-05-10 07:09:50 | INFO | my_functions.py:198 | 
✅ Found: shop_unselected.PNG pos=(88, 961) time=0.2s confidence=0.8
2026-05-10 07:09:58 | INFO | my_functions.py:172 | Searching shop_unselected.PNG (timeout=0s)
2026-05-10 07:09:59 | INFO | my_functions.py:198 | 
✅ Found: shop_unselected.PNG pos=(88, 961) time=0.19s confidence=0.8
2026-05-10 07:09:59 | INFO | my_functions.py:720 | Ya esta listo
2026-05-10 07:09:59 | INFO | each_eight_hours.py:163 | Initial images processed
2026-05-10 07:09:59 | INFO | each_eight_hours.py:166 | Chrome terminated
2026-05-10 07:09:59 | INFO | my_functions.py:231 | [DEBUG] wait_for_image_and_click -> missions_unnotified2.png timeout=20s delay_click=1s confidence=0.8
2026-05-10 07:09:59 | INFO | my_functions.py:172 | Searching missions_unnotified2.png (timeout=20s)
2026-05-10 07:09:59 | INFO | my_functions.py:198 | 
✅ Found: missions_unnotified2.png pos=(516, 127) time=0.18s confidence=0.8
2026-05-10 07:10:00 | INFO | my_functions.py:138 | Haciendo click en la posición (516, 127)
2026-05-10 07:10:00 | INFO | my_functions.py:251 | 🖱️ Click OK: missions_unnotified2.png at (516, 127) delay=1s
2026-05-10 07:10:00 | INFO | my_functions.py:231 | [DEBUG] wait_for_image_and_click -> calendar_missions_daily.png timeout=3s delay_click=1s confidence=0.8
2026-05-10 07:10:00 | INFO | my_functions.py:172 | Searching calendar_missions_daily.png (timeout=3s)
2026-05-10 07:10:01 | INFO | my_functions.py:198 | 
✅ Found: calendar_missions_daily.png pos=(189, 131) time=1.26s confidence=0.8
2026-05-10 07:10:02 | INFO | my_functions.py:138 | Haciendo click en la posición (189, 131)
2026-05-10 07:10:03 | INFO | my_functions.py:251 | 🖱️ Click OK: calendar_missions_daily.png at (189, 131) delay=1s
2026-05-10 07:10:03 | INFO | each_eight_hours.py:180 | Mission screens opened
2026-05-10 07:10:03 | INFO | my_functions.py:295 | JSON file located at C:\Users\Farm\AppData\LocalLow\Second Dinner\SNAP\Standalone\States\nvprod\MissionState.json
2026-05-10 07:10:06 | INFO | my_functions.py:434 | AVAILABLE: 5
2026-05-10 07:10:06 | INFO | my_functions.py:444 | [INFO] Waiting for Notepad++ process...
2026-05-10 07:10:06 | INFO | my_functions.py:458 | [INFO] Notepad++ detected PID=9248
2026-05-10 07:10:09 | INFO | my_functions.py:466 | [SUCCESS] Notepad++ closed successfully
2026-05-10 07:10:10 | INFO | my_functions.py:1593 | [INFO] Iniciando click_missions_blue2
2026-05-10 07:10:10 | INFO | my_functions.py:138 | Haciendo click en la posición (150, 132)
2026-05-10 07:10:11 | INFO | my_functions.py:1596 | [ACTION] Click hecho en icono de calendario que me dirige a las misiones ordinarias
2026-05-10 07:10:11 | INFO | my_functions.py:172 | Searching bonus_challenge.png (timeout=0s)
2026-05-10 07:10:11 | INFO | my_functions.py:209 | 
⛔ Not found: bonus_challenge.png after 0.0s region=(0, 0, 765, 1038) confidence=0.8
2026-05-10 07:10:13 | INFO | my_functions.py:172 | Searching flechita_mission.PNG (timeout=0s)
2026-05-10 07:10:13 | INFO | my_functions.py:209 | 
⛔ Not found: flechita_mission.PNG after 0.0s region=(0, 0, 765, 1038) confidence=0.8
2026-05-10 07:10:13 | INFO | my_functions.py:231 | [DEBUG] wait_for_image_and_click -> weekly3.PNG timeout=0s delay_click=0.1s confidence=0.8
2026-05-10 07:10:13 | INFO | my_functions.py:172 | Searching weekly3.PNG (timeout=0s)
2026-05-10 07:10:13 | INFO | my_functions.py:209 | 
⛔ Not found: weekly3.PNG after 0.0s region=(0, 0, 765, 1038) confidence=0.8
2026-05-10 07:10:13 | INFO | my_functions.py:258 | [DEBUG] Click skipped, image not found: weekly3.PNG
2026-05-10 07:10:13 | INFO | my_functions.py:231 | [DEBUG] wait_for_image_and_click -> weekly3.PNG timeout=0s delay_click=0.1s confidence=0.8
2026-05-10 07:10:13 | INFO | my_functions.py:172 | Searching weekly3.PNG (timeout=0s)
2026-05-10 07:10:14 | INFO | my_functions.py:209 | 
⛔ Not found: weekly3.PNG after 0.01s region=(0, 0, 765, 1038) confidence=0.8
2026-05-10 07:10:14 | INFO | my_functions.py:258 | [DEBUG] Click skipped, image not found: weekly3.PNG
2026-05-10 07:10:14 | INFO | my_functions.py:231 | [DEBUG] wait_for_image_and_click -> weekly3.PNG timeout=0s delay_click=0.1s confidence=0.8
2026-05-10 07:10:14 | INFO | my_functions.py:172 | Searching weekly3.PNG (timeout=0s)
2026-05-10 07:10:14 | INFO | my_functions.py:209 | 
⛔ Not found: weekly3.PNG after 0.0s region=(0, 0, 765, 1038) confidence=0.8
2026-05-10 07:10:14 | INFO | my_functions.py:258 | [DEBUG] Click skipped, image not found: weekly3.PNG
2026-05-10 07:10:14 | INFO | my_functions.py:231 | [DEBUG] wait_for_image_and_click -> weekly3.PNG timeout=0s delay_click=0.1s confidence=0.8
2026-05-10 07:10:14 | INFO | my_functions.py:172 | Searching weekly3.PNG (timeout=0s)
2026-05-10 07:10:14 | INFO | my_functions.py:209 | 
⛔ Not found: weekly3.PNG after 0.01s region=(0, 0, 765, 1038) confidence=0.8
2026-05-10 07:10:14 | INFO | my_functions.py:258 | [DEBUG] Click skipped, image not found: weekly3.PNG
2026-05-10 07:10:14 | INFO | my_functions.py:231 | [DEBUG] wait_for_image_and_click -> weekly3.PNG timeout=0s delay_click=0.1s confidence=0.8
2026-05-10 07:10:14 | INFO | my_functions.py:172 | Searching weekly3.PNG (timeout=0s)
2026-05-10 07:10:14 | INFO | my_functions.py:209 | 
⛔ Not found: weekly3.PNG after 0.01s region=(0, 0, 765, 1038) confidence=0.8
2026-05-10 07:10:14 | INFO | my_functions.py:258 | [DEBUG] Click skipped, image not found: weekly3.PNG
2026-05-10 07:10:14 | INFO | my_functions.py:231 | [DEBUG] wait_for_image_and_click -> weekly3.PNG timeout=0s delay_click=0.1s confidence=0.8
2026-05-10 07:10:14 | INFO | my_functions.py:172 | Searching weekly3.PNG (timeout=0s)
2026-05-10 07:10:14 | INFO | my_functions.py:209 | 
⛔ Not found: weekly3.PNG after 0.01s region=(0, 0, 765, 1038) confidence=0.8
2026-05-10 07:10:14 | INFO | my_functions.py:258 | [DEBUG] Click skipped, image not found: weekly3.PNG
2026-05-10 07:10:14 | INFO | my_functions.py:231 | [DEBUG] wait_for_image_and_click -> weekly3.PNG timeout=0s delay_click=0.1s confidence=0.8
2026-05-10 07:10:14 | INFO | my_functions.py:172 | Searching weekly3.PNG (timeout=0s)
2026-05-10 07:10:15 | INFO | my_functions.py:209 | 
⛔ Not found: weekly3.PNG after 0.01s region=(0, 0, 765, 1038) confidence=0.8
2026-05-10 07:10:15 | INFO | my_functions.py:258 | [DEBUG] Click skipped, image not found: weekly3.PNG
2026-05-10 07:10:15 | INFO | my_functions.py:231 | [DEBUG] wait_for_image_and_click -> weekly3.PNG timeout=0s delay_click=0.1s confidence=0.8
2026-05-10 07:10:15 | INFO | my_functions.py:172 | Searching weekly3.PNG (timeout=0s)
2026-05-10 07:10:15 | INFO | my_functions.py:209 | 
⛔ Not found: weekly3.PNG after 0.0s region=(0, 0, 765, 1038) confidence=0.8
2026-05-10 07:10:15 | INFO | my_functions.py:258 | [DEBUG] Click skipped, image not found: weekly3.PNG
2026-05-10 07:10:15 | INFO | my_functions.py:231 | [DEBUG] wait_for_image_and_click -> weekly3.PNG timeout=0s delay_click=0.1s confidence=0.8
2026-05-10 07:10:15 | INFO | my_functions.py:172 | Searching weekly3.PNG (timeout=0s)
2026-05-10 07:10:15 | INFO | my_functions.py:209 | 
⛔ Not found: weekly3.PNG after 0.01s region=(0, 0, 765, 1038) confidence=0.8
2026-05-10 07:10:15 | INFO | my_functions.py:258 | [DEBUG] Click skipped, image not found: weekly3.PNG
2026-05-10 07:10:15 | INFO | my_functions.py:231 | [DEBUG] wait_for_image_and_click -> weekly3.PNG timeout=0s delay_click=0.1s confidence=0.8
2026-05-10 07:10:15 | INFO | my_functions.py:172 | Searching weekly3.PNG (timeout=0s)
2026-05-10 07:10:15 | INFO | my_functions.py:209 | 
⛔ Not found: weekly3.PNG after 0.0s region=(0, 0, 765, 1038) confidence=0.8
2026-05-10 07:10:15 | INFO | my_functions.py:258 | [DEBUG] Click skipped, image not found: weekly3.PNG
2026-05-10 07:10:15 | INFO | my_functions.py:231 | [DEBUG] wait_for_image_and_click -> weekly3.PNG timeout=0s delay_click=0.1s confidence=0.8
2026-05-10 07:10:15 | INFO | my_functions.py:172 | Searching weekly3.PNG (timeout=0s)
2026-05-10 07:10:15 | INFO | my_functions.py:209 | 
⛔ Not found: weekly3.PNG after 0.01s region=(0, 0, 765, 1038) confidence=0.8
2026-05-10 07:10:15 | INFO | my_functions.py:258 | [DEBUG] Click skipped, image not found: weekly3.PNG
2026-05-10 07:10:15 | INFO | my_functions.py:295 | JSON file located at C:\Users\Farm\AppData\LocalLow\Second Dinner\SNAP\Standalone\States\nvprod\MissionState.json
2026-05-10 07:10:18 | INFO | my_functions.py:434 | AVAILABLE: 5
2026-05-10 07:10:18 | INFO | my_functions.py:444 | [INFO] Waiting for Notepad++ process...
2026-05-10 07:10:18 | INFO | my_functions.py:458 | [INFO] Notepad++ detected PID=7892
2026-05-10 07:10:21 | INFO | my_functions.py:466 | [SUCCESS] Notepad++ closed successfully
2026-05-10 07:10:22 | INFO | my_functions.py:146 | Presionando ESC (1/1)
2026-05-10 07:10:23 | INFO | my_functions.py:231 | [DEBUG] wait_for_image_and_click -> white_x.png timeout=2s delay_click=1s confidence=0.8
2026-05-10 07:10:23 | INFO | my_functions.py:172 | Searching white_x.png (timeout=2s)
2026-05-10 07:10:25 | INFO | my_functions.py:209 | 
⛔ Not found: white_x.png after 2.13s region=(0, 0, 765, 1038) confidence=0.8
2026-05-10 07:10:25 | INFO | my_functions.py:258 | [DEBUG] Click skipped, image not found: white_x.png
2026-05-10 07:10:25 | INFO | my_functions.py:172 | Searching play.PNG (timeout=0s)
2026-05-10 07:10:25 | INFO | my_functions.py:198 | 
✅ Found: play.PNG pos=(384, 824) time=0.22s confidence=0.8
2026-05-10 07:10:26 | INFO | my_functions.py:1563 | [INFO] Click realizado donde se equipa el deck a jugar
2026-05-10 07:10:30 | INFO | my_functions.py:231 | [DEBUG] wait_for_image_and_click -> deck_666666.png timeout=3s delay_click=1s confidence=0.8
2026-05-10 07:10:30 | INFO | my_functions.py:172 | Searching deck_666666.png (timeout=3s)
2026-05-10 07:10:30 | INFO | my_functions.py:198 | 
✅ Found: deck_666666.png pos=(384, 546) time=0.19s confidence=0.8
2026-05-10 07:10:31 | INFO | my_functions.py:138 | Haciendo click en la posición (384, 546)
2026-05-10 07:10:31 | INFO | my_functions.py:251 | 🖱️ Click OK: deck_666666.png at (384, 546) delay=1s
2026-05-10 07:10:31 | INFO | my_functions.py:231 | [DEBUG] wait_for_image_and_click -> equip.png timeout=3s delay_click=1s confidence=0.95
2026-05-10 07:10:31 | INFO | my_functions.py:172 | Searching equip.png (timeout=3s)
2026-05-10 07:10:31 | INFO | my_functions.py:198 | 
✅ Found: equip.png pos=(548, 983) time=0.19s confidence=0.95
2026-05-10 07:10:32 | INFO | my_functions.py:138 | Haciendo click en la posición (548, 983)
2026-05-10 07:10:33 | INFO | my_functions.py:251 | 🖱️ Click OK: equip.png at (548, 983) delay=1s
2026-05-10 07:10:33 | INFO | each_eight_hours.py:217 | Deck selected: 6turns
2026-05-10 07:10:33 | INFO | my_functions.py:231 | [DEBUG] wait_for_image_and_click -> maybe_later.PNG timeout=2s delay_click=1s confidence=0.8
2026-05-10 07:10:33 | INFO | my_functions.py:172 | Searching maybe_later.PNG (timeout=2s)
2026-05-10 07:10:35 | INFO | my_functions.py:209 | 
⛔ Not found: maybe_later.PNG after 2.15s region=(0, 0, 765, 1038) confidence=0.8
2026-05-10 07:10:35 | INFO | my_functions.py:258 | [DEBUG] Click skipped, image not found: maybe_later.PNG
2026-05-10 07:10:35 | INFO | my_functions.py:231 | [DEBUG] wait_for_image_and_click -> maybe_later2.PNG timeout=2s delay_click=1s confidence=0.8
2026-05-10 07:10:35 | INFO | my_functions.py:172 | Searching maybe_later2.PNG (timeout=2s)
2026-05-10 07:10:37 | INFO | my_functions.py:209 | 
⛔ Not found: maybe_later2.PNG after 2.1s region=(0, 0, 765, 1038) confidence=0.8
2026-05-10 07:10:37 | INFO | my_functions.py:258 | [DEBUG] Click skipped, image not found: maybe_later2.PNG
2026-05-10 07:10:37 | INFO | each_eight_hours.py:287 | Starting game loop 1
2026-05-10 07:10:37 | INFO | my_functions.py:231 | [DEBUG] wait_for_image_and_click -> play.PNG timeout=20s delay_click=3s confidence=0.8
2026-05-10 07:10:37 | INFO | my_functions.py:172 | Searching play.PNG (timeout=20s)
2026-05-10 07:10:37 | INFO | my_functions.py:198 | 
✅ Found: play.PNG pos=(384, 824) time=0.2s confidence=0.8
2026-05-10 07:10:40 | INFO | my_functions.py:138 | Haciendo click en la posición (384, 824)
2026-05-10 07:10:41 | INFO | my_functions.py:251 | 🖱️ Click OK: play.PNG at (384, 824) delay=3s
2026-05-10 07:10:41 | INFO | each_eight_hours.py:293 | Play button clicked
2026-05-10 07:11:01 | INFO | my_functions.py:198 | 
✅ Found: end_turn.PNG pos=(682, 945) time=0.18s confidence=0.8
2026-05-10 07:11:01 | INFO | my_functions.py:231 | [DEBUG] wait_for_image_and_click -> snap.PNG timeout=0s delay_click=1s confidence=0.8
2026-05-10 07:11:01 | INFO | my_functions.py:198 | 
✅ Found: snap.PNG pos=(386, 122) time=0.18s confidence=0.8
2026-05-10 07:11:02 | INFO | my_functions.py:138 | Haciendo click en la posición (386, 122)
2026-05-10 07:11:03 | INFO | my_functions.py:251 | 🖱️ Click OK: snap.PNG at (386, 122) delay=1s
2026-05-10 07:11:08 | INFO | my_functions.py:138 | Haciendo click en la posición (682, 945)
2026-05-10 07:11:09 | INFO | each_eight_hours.py:314 | End turn executed
2026-05-10 07:11:21 | INFO | my_functions.py:198 | 
✅ Found: end_turn.PNG pos=(681, 945) time=0.18s confidence=0.8
2026-05-10 07:11:21 | INFO | my_functions.py:231 | [DEBUG] wait_for_image_and_click -> snap.PNG timeout=0s delay_click=1s confidence=0.8
2026-05-10 07:11:22 | INFO | my_functions.py:258 | [DEBUG] Click skipped, image not found: snap.PNG
2026-05-10 07:11:27 | INFO | my_functions.py:138 | Haciendo click en la posición (681, 945)
2026-05-10 07:11:28 | INFO | each_eight_hours.py:314 | End turn executed
2026-05-10 07:11:42 | INFO | my_functions.py:198 | 
✅ Found: end_turn.PNG pos=(681, 945) time=0.18s confidence=0.8
2026-05-10 07:11:42 | INFO | my_functions.py:231 | [DEBUG] wait_for_image_and_click -> snap.PNG timeout=0s delay_click=1s confidence=0.8
2026-05-10 07:11:43 | INFO | my_functions.py:258 | [DEBUG] Click skipped, image not found: snap.PNG
2026-05-10 07:11:48 | INFO | my_functions.py:138 | Haciendo click en la posición (681, 945)
2026-05-10 07:11:49 | INFO | each_eight_hours.py:314 | End turn executed
2026-05-10 07:12:02 | INFO | my_functions.py:198 | 
✅ Found: end_turn.PNG pos=(681, 945) time=0.17s confidence=0.8
2026-05-10 07:12:02 | INFO | my_functions.py:231 | [DEBUG] wait_for_image_and_click -> snap.PNG timeout=0s delay_click=1s confidence=0.8
2026-05-10 07:12:03 | INFO | my_functions.py:258 | [DEBUG] Click skipped, image not found: snap.PNG
2026-05-10 07:12:08 | INFO | my_functions.py:138 | Haciendo click en la posición (681, 945)
2026-05-10 07:12:09 | INFO | each_eight_hours.py:314 | End turn executed
2026-05-10 07:12:34 | INFO | my_functions.py:198 | 
✅ Found: end_turn.PNG pos=(681, 945) time=0.17s confidence=0.8
2026-05-10 07:12:34 | INFO | my_functions.py:231 | [DEBUG] wait_for_image_and_click -> snap.PNG timeout=0s delay_click=1s confidence=0.8
2026-05-10 07:12:35 | INFO | my_functions.py:258 | [DEBUG] Click skipped, image not found: snap.PNG
2026-05-10 07:12:40 | INFO | my_functions.py:138 | Haciendo click en la posición (681, 945)
2026-05-10 07:12:41 | INFO | each_eight_hours.py:314 | End turn executed
2026-05-10 07:13:13 | INFO | my_functions.py:198 | 
✅ Found: end_turn.PNG pos=(681, 945) time=0.19s confidence=0.8
2026-05-10 07:13:13 | INFO | my_functions.py:231 | [DEBUG] wait_for_image_and_click -> snap.PNG timeout=0s delay_click=1s confidence=0.8
2026-05-10 07:13:13 | INFO | my_functions.py:258 | [DEBUG] Click skipped, image not found: snap.PNG
2026-05-10 07:13:18 | INFO | my_functions.py:138 | Haciendo click en la posición (681, 945)
2026-05-10 07:13:19 | INFO | each_eight_hours.py:314 | End turn executed
2026-05-10 07:13:47 | INFO | my_functions.py:198 | 
✅ Found: collect_rewards.PNG pos=(679, 985) time=0.21s confidence=0.8
2026-05-10 07:13:47 | INFO | each_eight_hours.py:353 | Rewards detected, exiting match
2026-05-10 07:13:47 | INFO | my_functions.py:231 | [DEBUG] wait_for_image_and_click -> collect_rewards.PNG timeout=20s delay_click=1s confidence=0.8
2026-05-10 07:13:47 | INFO | my_functions.py:172 | Searching collect_rewards.PNG (timeout=20s)
2026-05-10 07:13:47 | INFO | my_functions.py:198 | 
✅ Found: collect_rewards.PNG pos=(680, 961) time=0.23s confidence=0.8
2026-05-10 07:13:48 | INFO | my_functions.py:138 | Haciendo click en la posición (680, 961)
2026-05-10 07:13:48 | INFO | my_functions.py:251 | 🖱️ Click OK: collect_rewards.PNG at (680, 961) delay=1s
2026-05-10 07:13:48 | INFO | my_functions.py:231 | [DEBUG] wait_for_image_and_click -> next.PNG timeout=20s delay_click=1s confidence=0.8
2026-05-10 07:13:48 | INFO | my_functions.py:172 | Searching next.PNG (timeout=20s)
2026-05-10 07:13:52 | INFO | my_functions.py:198 | 
✅ Found: next.PNG pos=(677, 973) time=3.35s confidence=0.8
2026-05-10 07:13:53 | INFO | my_functions.py:138 | Haciendo click en la posición (677, 973)
2026-05-10 07:13:53 | INFO | my_functions.py:251 | 🖱️ Click OK: next.PNG at (677, 973) delay=1s
2026-05-10 07:13:57 | INFO | my_functions.py:434 | AVAILABLE: 5
2026-05-10 07:13:57 | INFO | my_functions.py:444 | [INFO] Waiting for Notepad++ process...
2026-05-10 07:13:57 | INFO | my_functions.py:458 | [INFO] Notepad++ detected PID=10188
2026-05-10 07:14:00 | INFO | my_functions.py:466 | [SUCCESS] Notepad++ closed successfully
2026-05-10 07:14:01 | INFO | each_eight_hours.py:421 | Submissions after match: 5
2026-05-10 07:14:01 | INFO | my_functions.py:378 | Misiones completadas: 1
2026-05-10 07:14:01 | INFO | each_eight_hours.py:430 | Submission condition met, breaking loop
2026-05-10 07:14:01 | INFO | my_functions.py:231 | [DEBUG] wait_for_image_and_click -> missionsNotify2.png timeout=20s delay_click=3s confidence=0.8
2026-05-10 07:14:01 | INFO | my_functions.py:172 | Searching missionsNotify2.png (timeout=20s)
2026-05-10 07:14:01 | INFO | my_functions.py:198 | 
✅ Found: missionsNotify2.png pos=(538, 124) time=0.21s confidence=0.8
2026-05-10 07:14:04 | INFO | my_functions.py:138 | Haciendo click en la posición (538, 124)
2026-05-10 07:14:05 | INFO | my_functions.py:251 | 🖱️ Click OK: missionsNotify2.png at (538, 124) delay=3s
2026-05-10 07:14:05 | INFO | my_functions.py:1593 | [INFO] Iniciando click_missions_blue2
2026-05-10 07:14:05 | INFO | my_functions.py:138 | Haciendo click en la posición (150, 132)
2026-05-10 07:14:06 | INFO | my_functions.py:1596 | [ACTION] Click hecho en icono de calendario que me dirige a las misiones ordinarias
2026-05-10 07:14:06 | INFO | my_functions.py:172 | Searching bonus_challenge.png (timeout=0s)
2026-05-10 07:14:06 | INFO | my_functions.py:209 | 
⛔ Not found: bonus_challenge.png after 0.0s region=(0, 0, 765, 1038) confidence=0.8
2026-05-10 07:14:08 | INFO | my_functions.py:138 | Haciendo click en la posición (362, 493)
2026-05-10 07:14:09 | INFO | my_functions.py:1609 | [ACTION] Click 1/1 en misión azul
2026-05-10 07:14:10 | INFO | my_functions.py:172 | Searching flechita_mission.PNG (timeout=0s)
2026-05-10 07:14:10 | INFO | my_functions.py:209 | 
⛔ Not found: flechita_mission.PNG after 0.0s region=(0, 0, 765, 1038) confidence=0.8
2026-05-10 07:14:10 | INFO | my_functions.py:231 | [DEBUG] wait_for_image_and_click -> weekly3.PNG timeout=0s delay_click=0.1s confidence=0.8
2026-05-10 07:14:10 | INFO | my_functions.py:172 | Searching weekly3.PNG (timeout=0s)
2026-05-10 07:14:10 | INFO | my_functions.py:209 | 
⛔ Not found: weekly3.PNG after 0.0s region=(0, 0, 765, 1038) confidence=0.8
2026-05-10 07:14:10 | INFO | my_functions.py:258 | [DEBUG] Click skipped, image not found: weekly3.PNG
2026-05-10 07:14:10 | INFO | my_functions.py:231 | [DEBUG] wait_for_image_and_click -> weekly3.PNG timeout=0s delay_click=0.1s confidence=0.8
2026-05-10 07:14:10 | INFO | my_functions.py:172 | Searching weekly3.PNG (timeout=0s)
2026-05-10 07:14:10 | INFO | my_functions.py:209 | 
⛔ Not found: weekly3.PNG after 0.01s region=(0, 0, 765, 1038) confidence=0.8
2026-05-10 07:14:10 | INFO | my_functions.py:258 | [DEBUG] Click skipped, image not found: weekly3.PNG
2026-05-10 07:14:10 | INFO | my_functions.py:231 | [DEBUG] wait_for_image_and_click -> weekly3.PNG timeout=0s delay_click=0.1s confidence=0.8
2026-05-10 07:14:10 | INFO | my_functions.py:172 | Searching weekly3.PNG (timeout=0s)
2026-05-10 07:14:10 | INFO | my_functions.py:209 | 
⛔ Not found: weekly3.PNG after 0.01s region=(0, 0, 765, 1038) confidence=0.8
2026-05-10 07:14:10 | INFO | my_functions.py:258 | [DEBUG] Click skipped, image not found: weekly3.PNG
2026-05-10 07:14:10 | INFO | my_functions.py:231 | [DEBUG] wait_for_image_and_click -> weekly3.PNG timeout=0s delay_click=0.1s confidence=0.8
2026-05-10 07:14:10 | INFO | my_functions.py:172 | Searching weekly3.PNG (timeout=0s)
2026-05-10 07:14:11 | INFO | my_functions.py:209 | 
⛔ Not found: weekly3.PNG after 0.01s region=(0, 0, 765, 1038) confidence=0.8
2026-05-10 07:14:11 | INFO | my_functions.py:258 | [DEBUG] Click skipped, image not found: weekly3.PNG
2026-05-10 07:14:11 | INFO | my_functions.py:231 | [DEBUG] wait_for_image_and_click -> weekly3.PNG timeout=0s delay_click=0.1s confidence=0.8
2026-05-10 07:14:11 | INFO | my_functions.py:172 | Searching weekly3.PNG (timeout=0s)
2026-05-10 07:14:11 | INFO | my_functions.py:209 | 
⛔ Not found: weekly3.PNG after 0.0s region=(0, 0, 765, 1038) confidence=0.8
2026-05-10 07:14:11 | INFO | my_functions.py:258 | [DEBUG] Click skipped, image not found: weekly3.PNG
2026-05-10 07:14:11 | INFO | my_functions.py:231 | [DEBUG] wait_for_image_and_click -> weekly3.PNG timeout=0s delay_click=0.1s confidence=0.8
2026-05-10 07:14:11 | INFO | my_functions.py:172 | Searching weekly3.PNG (timeout=0s)
2026-05-10 07:14:11 | INFO | my_functions.py:209 | 
⛔ Not found: weekly3.PNG after 0.01s region=(0, 0, 765, 1038) confidence=0.8
2026-05-10 07:14:11 | INFO | my_functions.py:258 | [DEBUG] Click skipped, image not found: weekly3.PNG
2026-05-10 07:14:11 | INFO | my_functions.py:231 | [DEBUG] wait_for_image_and_click -> weekly3.PNG timeout=0s delay_click=0.1s confidence=0.8
2026-05-10 07:14:11 | INFO | my_functions.py:172 | Searching weekly3.PNG (timeout=0s)
2026-05-10 07:14:11 | INFO | my_functions.py:209 | 
⛔ Not found: weekly3.PNG after 0.01s region=(0, 0, 765, 1038) confidence=0.8
2026-05-10 07:14:11 | INFO | my_functions.py:258 | [DEBUG] Click skipped, image not found: weekly3.PNG
2026-05-10 07:14:11 | INFO | my_functions.py:231 | [DEBUG] wait_for_image_and_click -> weekly3.PNG timeout=0s delay_click=0.1s confidence=0.8
2026-05-10 07:14:11 | INFO | my_functions.py:172 | Searching weekly3.PNG (timeout=0s)
2026-05-10 07:14:11 | INFO | my_functions.py:209 | 
⛔ Not found: weekly3.PNG after 0.0s region=(0, 0, 765, 1038) confidence=0.8
2026-05-10 07:14:11 | INFO | my_functions.py:258 | [DEBUG] Click skipped, image not found: weekly3.PNG
2026-05-10 07:14:11 | INFO | my_functions.py:231 | [DEBUG] wait_for_image_and_click -> weekly3.PNG timeout=0s delay_click=0.1s confidence=0.8
2026-05-10 07:14:11 | INFO | my_functions.py:172 | Searching weekly3.PNG (timeout=0s)
2026-05-10 07:14:12 | INFO | my_functions.py:209 | 
⛔ Not found: weekly3.PNG after 0.0s region=(0, 0, 765, 1038) confidence=0.8
2026-05-10 07:14:12 | INFO | my_functions.py:258 | [DEBUG] Click skipped, image not found: weekly3.PNG
2026-05-10 07:14:12 | INFO | my_functions.py:231 | [DEBUG] wait_for_image_and_click -> weekly3.PNG timeout=0s delay_click=0.1s confidence=0.8
2026-05-10 07:14:12 | INFO | my_functions.py:172 | Searching weekly3.PNG (timeout=0s)
2026-05-10 07:14:12 | INFO | my_functions.py:209 | 
⛔ Not found: weekly3.PNG after 0.0s region=(0, 0, 765, 1038) confidence=0.8
2026-05-10 07:14:12 | INFO | my_functions.py:258 | [DEBUG] Click skipped, image not found: weekly3.PNG
2026-05-10 07:14:12 | INFO | my_functions.py:231 | [DEBUG] wait_for_image_and_click -> weekly3.PNG timeout=0s delay_click=0.1s confidence=0.8
2026-05-10 07:14:12 | INFO | my_functions.py:172 | Searching weekly3.PNG (timeout=0s)
2026-05-10 07:14:12 | INFO | my_functions.py:209 | 
⛔ Not found: weekly3.PNG after 0.0s region=(0, 0, 765, 1038) confidence=0.8
2026-05-10 07:14:12 | INFO | my_functions.py:258 | [DEBUG] Click skipped, image not found: weekly3.PNG
2026-05-10 07:14:12 | INFO | my_functions.py:138 | Haciendo click en la posición (557, 64)
2026-05-10 07:14:13 | INFO | my_functions.py:231 | [DEBUG] wait_for_image_and_click -> cards_shop.PNG timeout=20s delay_click=1s confidence=0.8
2026-05-10 07:14:13 | INFO | my_functions.py:172 | Searching cards_shop.PNG (timeout=20s)
2026-05-10 07:14:14 | INFO | my_functions.py:198 | 
✅ Found: cards_shop.PNG pos=(568, 121) time=0.59s confidence=0.8
2026-05-10 07:14:15 | INFO | my_functions.py:138 | Haciendo click en la posición (568, 121)
2026-05-10 07:14:15 | INFO | my_functions.py:251 | 🖱️ Click OK: cards_shop.PNG at (568, 121) delay=1s
2026-05-10 07:14:15 | INFO | my_functions.py:231 | [DEBUG] wait_for_image_and_click -> token_icon.PNG timeout=20s delay_click=1s confidence=0.8
2026-05-10 07:14:15 | INFO | my_functions.py:172 | Searching token_icon.PNG (timeout=20s)
2026-05-10 07:14:17 | INFO | my_functions.py:198 | 
✅ Found: token_icon.PNG pos=(531, 171) time=1.78s confidence=0.8
2026-05-10 07:14:18 | INFO | my_functions.py:138 | Haciendo click en la posición (531, 171)
2026-05-10 07:14:18 | INFO | my_functions.py:251 | 🖱️ Click OK: token_icon.PNG at (531, 171) delay=1s
2026-05-10 07:14:20 | INFO | my_functions.py:231 | [DEBUG] wait_for_image_and_click -> claim!_token_3.PNG timeout=4s delay_click=1s confidence=0.8
2026-05-10 07:14:20 | INFO | my_functions.py:172 | Searching claim!_token_3.PNG (timeout=4s)
2026-05-10 07:14:24 | INFO | my_functions.py:209 | 
⛔ Not found: claim!_token_3.PNG after 4.1s region=(0, 0, 765, 1038) confidence=0.8
2026-05-10 07:14:24 | INFO | my_functions.py:258 | [DEBUG] Click skipped, image not found: claim!_token_3.PNG
2026-05-10 07:14:24 | INFO | my_functions.py:231 | [DEBUG] wait_for_image_and_click -> offers.PNG timeout=0.1s delay_click=1s confidence=0.8
2026-05-10 07:14:24 | INFO | my_functions.py:172 | Searching offers.PNG (timeout=0.1s)
2026-05-10 07:14:24 | INFO | my_functions.py:198 | 
✅ Found: offers.PNG pos=(197, 121) time=0.23s confidence=0.8
2026-05-10 07:14:25 | INFO | my_functions.py:138 | Haciendo click en la posición (197, 121)
2026-05-10 07:14:26 | INFO | my_functions.py:251 | 🖱️ Click OK: offers.PNG at (197, 121) delay=1s
2026-05-10 07:14:26 | INFO | my_functions.py:231 | [DEBUG] wait_for_image_and_click -> credits_selected.png timeout=0.1s delay_click=1s confidence=0.8
2026-05-10 07:14:26 | INFO | my_functions.py:172 | Searching credits_selected.png (timeout=0.1s)
2026-05-10 07:14:26 | INFO | my_functions.py:198 | 
✅ Found: credits_selected.png pos=(173, 62) time=0.21s confidence=0.8
2026-05-10 07:14:27 | INFO | my_functions.py:138 | Haciendo click en la posición (173, 62)
2026-05-10 07:14:27 | INFO | my_functions.py:251 | 🖱️ Click OK: credits_selected.png at (173, 62) delay=1s
2026-05-10 07:14:29 | INFO | my_functions.py:231 | [DEBUG] wait_for_image_and_click -> claim_25_credits.png timeout=2s delay_click=1s confidence=0.8
2026-05-10 07:14:29 | INFO | my_functions.py:172 | Searching claim_25_credits.png (timeout=2s)
2026-05-10 07:14:29 | INFO | my_functions.py:198 | 
✅ Found: claim_25_credits.png pos=(236, 328) time=0.18s confidence=0.8
2026-05-10 07:14:30 | INFO | my_functions.py:138 | Haciendo click en la posición (236, 328)
2026-05-10 07:14:30 | INFO | my_functions.py:251 | 🖱️ Click OK: claim_25_credits.png at (236, 328) delay=1s
2026-05-10 07:14:30 | INFO | my_functions.py:231 | [DEBUG] wait_for_image_and_click -> cards_shop.PNG timeout=20s delay_click=1s confidence=0.8
2026-05-10 07:14:30 | INFO | my_functions.py:172 | Searching cards_shop.PNG (timeout=20s)
2026-05-10 07:14:30 | INFO | my_functions.py:198 | 
✅ Found: cards_shop.PNG pos=(568, 121) time=0.21s confidence=0.8
2026-05-10 07:14:31 | INFO | my_functions.py:138 | Haciendo click en la posición (568, 121)
2026-05-10 07:14:31 | INFO | my_functions.py:251 | 🖱️ Click OK: cards_shop.PNG at (568, 121) delay=1s
2026-05-10 07:14:31 | INFO | my_functions.py:231 | [DEBUG] wait_for_image_and_click -> offers.PNG timeout=20s delay_click=1s confidence=0.8
2026-05-10 07:14:31 | INFO | my_functions.py:172 | Searching offers.PNG (timeout=20s)
2026-05-10 07:14:32 | INFO | my_functions.py:198 | 
✅ Found: offers.PNG pos=(197, 122) time=0.19s confidence=0.8
2026-05-10 07:14:33 | INFO | my_functions.py:138 | Haciendo click en la posición (197, 122)
2026-05-10 07:14:33 | INFO | my_functions.py:251 | 🖱️ Click OK: offers.PNG at (197, 122) delay=1s
2026-05-10 07:14:33 | INFO | my_functions.py:1491 | [INFO] Iniciando mejora de cartas
2026-05-10 07:14:33 | INFO | my_functions.py:231 | [DEBUG] wait_for_image_and_click -> upgrade_cards_icon.PNG timeout=20s delay_click=1s confidence=0.8
2026-05-10 07:14:33 | INFO | my_functions.py:172 | Searching upgrade_cards_icon.PNG (timeout=20s)
2026-05-10 07:14:33 | INFO | my_functions.py:198 | 
✅ Found: upgrade_cards_icon.PNG pos=(322, 170) time=0.21s confidence=0.8
2026-05-10 07:14:34 | INFO | my_functions.py:138 | Haciendo click en la posición (322, 170)
2026-05-10 07:14:34 | INFO | my_functions.py:251 | 🖱️ Click OK: upgrade_cards_icon.PNG at (322, 170) delay=1s
2026-05-10 07:14:34 | INFO | my_functions.py:1495 | [INFO] Abriendo icono de upgrade_cards
2026-05-10 07:14:35 | INFO | my_functions.py:1501 | [STEP] Mejorando carta 1
2026-05-10 07:14:35 | INFO | my_functions.py:1505 | [ACTION] Click en carta 1
2026-05-10 07:14:37 | INFO | my_functions.py:1510 | [ACTION] Click en botón upgrade
2026-05-10 07:14:44 | INFO | my_functions.py:231 | [DEBUG] wait_for_image_and_click -> you_need_more_credits!.png timeout=3s delay_click=1s confidence=0.8
2026-05-10 07:14:44 | INFO | my_functions.py:172 | Searching you_need_more_credits!.png (timeout=3s)
2026-05-10 07:14:47 | INFO | my_functions.py:209 | 
⛔ Not found: you_need_more_credits!.png after 3.09s region=(0, 0, 765, 1038) confidence=0.8
2026-05-10 07:14:47 | INFO | my_functions.py:258 | [DEBUG] Click skipped, image not found: you_need_more_credits!.png
2026-05-10 07:14:52 | INFO | my_functions.py:1525 | [ACTION] Click para continuar a stage de nivel de coleccion
2026-05-10 07:14:57 | INFO | my_functions.py:146 | Presionando ESC (1/1)
2026-05-10 07:14:58 | INFO | my_functions.py:1530 | [ACTION] Saliendo de stage nivel de coleccion con ESC
2026-05-10 07:14:59 | INFO | my_functions.py:231 | [DEBUG] wait_for_image_and_click -> upgrade_cards_icon_selected.PNG timeout=0s delay_click=1s confidence=0.8
2026-05-10 07:14:59 | INFO | my_functions.py:172 | Searching upgrade_cards_icon_selected.PNG (timeout=0s)
2026-05-10 07:14:59 | INFO | my_functions.py:198 | 
✅ Found: upgrade_cards_icon_selected.PNG pos=(320, 173) time=0.21s confidence=0.8
2026-05-10 07:15:00 | INFO | my_functions.py:138 | Haciendo click en la posición (320, 173)
2026-05-10 07:15:00 | INFO | my_functions.py:251 | 🖱️ Click OK: upgrade_cards_icon_selected.PNG at (320, 173) delay=1s
2026-05-10 07:15:00 | INFO | my_functions.py:1550 | [INFO] Reabriendo icono de upgrade_cards
2026-05-10 07:15:01 | INFO | my_functions.py:1501 | [STEP] Mejorando carta 2
2026-05-10 07:15:01 | INFO | my_functions.py:1505 | [ACTION] Click en carta 2
2026-05-10 07:15:02 | INFO | my_functions.py:1510 | [ACTION] Click en botón upgrade
2026-05-10 07:15:09 | INFO | my_functions.py:231 | [DEBUG] wait_for_image_and_click -> you_need_more_credits!.png timeout=3s delay_click=1s confidence=0.8
2026-05-10 07:15:09 | INFO | my_functions.py:172 | Searching you_need_more_credits!.png (timeout=3s)
2026-05-10 07:15:10 | INFO | my_functions.py:198 | 
✅ Found: you_need_more_credits!.png pos=(381, 345) time=0.2s confidence=0.8
2026-05-10 07:15:11 | INFO | my_functions.py:138 | Haciendo click en la posición (381, 345)
2026-05-10 07:15:11 | INFO | my_functions.py:251 | 🖱️ Click OK: you_need_more_credits!.png at (381, 345) delay=1s
2026-05-10 07:15:11 | INFO | my_functions.py:146 | Presionando ESC (1/2)
2026-05-10 07:15:11 | INFO | my_functions.py:146 | Presionando ESC (2/2)
2026-05-10 07:15:14 | INFO | my_functions.py:1553 | [INFO] Mejora de cartas completada ✅
2026-05-10 07:15:14 | INFO | my_functions.py:146 | Presionando ESC (1/1)
2026-05-10 07:15:15 | INFO | each_eight_hours.py:437 | Finished all games
2026-05-10 07:15:15 | INFO | my_functions.py:1443 | [DEBUG] Starting logout process...
2026-05-10 07:15:15 | INFO | my_functions.py:1445 | [DEBUG] Clicking nut icon...
2026-05-10 07:15:15 | INFO | my_functions.py:231 | [DEBUG] wait_for_image_and_click -> nut.png timeout=20s delay_click=1s confidence=0.8
2026-05-10 07:15:15 | INFO | my_functions.py:172 | Searching nut.png (timeout=20s)
2026-05-10 07:15:15 | INFO | my_functions.py:198 | 
✅ Found: nut.png pos=(184, 78) time=0.23s confidence=0.8
2026-05-10 07:15:16 | INFO | my_functions.py:138 | Haciendo click en la posición (184, 78)
2026-05-10 07:15:16 | INFO | my_functions.py:251 | 🖱️ Click OK: nut.png at (184, 78) delay=1s
2026-05-10 07:15:16 | INFO | my_functions.py:1448 | [DEBUG] Waiting for graphics quality image...
2026-05-10 07:15:16 | INFO | my_functions.py:172 | Searching graphics_quality.png (timeout=3s)
2026-05-10 07:15:17 | INFO | my_functions.py:198 | 
✅ Found: graphics_quality.png pos=(304, 644) time=1.03s confidence=0.8
2026-05-10 07:15:17 | INFO | my_functions.py:1450 | [DEBUG] graphics_quality result: Point(x=304, y=644)
2026-05-10 07:15:17 | INFO | my_functions.py:1456 | [DEBUG] Clicking graphics quality...
2026-05-10 07:15:18 | INFO | my_functions.py:1461 | [DEBUG] Scrolling down...
2026-05-10 07:15:18 | INFO | my_functions.py:1464 | [DEBUG] Clicking sign_out...
2026-05-10 07:15:18 | INFO | my_functions.py:231 | [DEBUG] wait_for_image_and_click -> sign_out.png timeout=20s delay_click=1s confidence=0.8
2026-05-10 07:15:18 | INFO | my_functions.py:172 | Searching sign_out.png (timeout=20s)
2026-05-10 07:15:19 | INFO | my_functions.py:198 | 
✅ Found: sign_out.png pos=(380, 796) time=0.2s confidence=0.8
2026-05-10 07:15:20 | INFO | my_functions.py:138 | Haciendo click en la posición (380, 796)
2026-05-10 07:15:20 | INFO | my_functions.py:251 | 🖱️ Click OK: sign_out.png at (380, 796) delay=1s
2026-05-10 07:15:21 | INFO | my_functions.py:1469 | [DEBUG] Clicking big sign_out...
2026-05-10 07:15:21 | INFO | my_functions.py:231 | [DEBUG] wait_for_image_and_click -> sign_out_grande.png timeout=20s delay_click=1s confidence=0.8
2026-05-10 07:15:21 | INFO | my_functions.py:172 | Searching sign_out_grande.png (timeout=20s)
2026-05-10 07:15:21 | INFO | my_functions.py:198 | 
✅ Found: sign_out_grande.png pos=(359, 437) time=0.2s confidence=0.8
2026-05-10 07:15:22 | INFO | my_functions.py:138 | Haciendo click en la posición (359, 437)
2026-05-10 07:15:22 | INFO | my_functions.py:251 | 🖱️ Click OK: sign_out_grande.png at (359, 437) delay=1s
2026-05-10 07:15:22 | INFO | my_functions.py:1472 | [DEBUG] Clicking sign_out2...
2026-05-10 07:15:22 | INFO | my_functions.py:231 | [DEBUG] wait_for_image_and_click -> sign_out2.png timeout=20s delay_click=1s confidence=0.8
2026-05-10 07:15:22 | INFO | my_functions.py:172 | Searching sign_out2.png (timeout=20s)
2026-05-10 07:15:22 | INFO | my_functions.py:198 | 
✅ Found: sign_out2.png pos=(383, 634) time=0.18s confidence=0.8
2026-05-10 07:15:23 | INFO | my_functions.py:138 | Haciendo click en la posición (383, 634)
2026-05-10 07:15:24 | INFO | my_functions.py:251 | 🖱️ Click OK: sign_out2.png at (383, 634) delay=1s
2026-05-10 07:15:24 | INFO | my_functions.py:1475 | [DEBUG] Resizing SNAP window...
2026-05-10 07:15:24 | INFO | my_functions.py:1668 | ⏱ Esperando 0.1 segundos antes de empezar...
2026-05-10 07:15:24 | INFO | my_functions.py:1675 | 🔍 Esperando ventana que contenga alguna de: SNAP (máx 20s)
2026-05-10 07:15:24 | INFO | my_functions.py:1687 | ✅ Ventana encontrada: 'SNAP'
2026-05-10 07:15:24 | INFO | my_functions.py:1702 | ✅ Ventana seleccionada: 'SNAP'
2026-05-10 07:15:26 | INFO | my_functions.py:1725 | 🔁 Reajuste #1...
2026-05-10 07:15:28 | INFO | my_functions.py:1732 | ✔ Verificación completa. Se hicieron 1 reajustes.
2026-05-10 07:15:30 | INFO | my_functions.py:1484 | snap.exe closed
2026-05-10 07:15:33 | INFO | my_functions.py:1487 | [DEBUG] Logout completed successfully.
2026-05-10 07:15:33 | INFO | each_eight_hours.py:146 | Processing account: guille
2026-05-10 07:15:33 | INFO | each_eight_hours.py:149 | Game relaunched for account
2026-05-10 07:15:33 | INFO | my_functions.py:1668 | ⏱ Esperando 0.1 segundos antes de empezar...
2026-05-10 07:15:33 | INFO | my_functions.py:1675 | 🔍 Esperando ventana que contenga alguna de: ['SNAP'] (máx 20s)
2026-05-10 07:15:35 | INFO | my_functions.py:1687 | ✅ Ventana encontrada: 'SNAP'
2026-05-10 07:15:35 | INFO | my_functions.py:1702 | ✅ Ventana seleccionada: 'SNAP'
2026-05-10 07:15:38 | INFO | my_functions.py:1734 | ✔ Verificación completa. No hubo cambios después del primer ajuste.
2026-05-10 07:15:38 | INFO | each_eight_hours.py:156 | Game window resized
2026-05-10 07:15:38 | INFO | my_functions.py:1207 | [DEBUG] Resizing SNAP window...
2026-05-10 07:15:38 | INFO | my_functions.py:1668 | ⏱ Esperando 0.1 segundos antes de empezar...
2026-05-10 07:15:38 | INFO | my_functions.py:1675 | 🔍 Esperando ventana que contenga alguna de: ['SNAP'] (máx 20s)
2026-05-10 07:15:38 | INFO | my_functions.py:1687 | ✅ Ventana encontrada: 'SNAP'
2026-05-10 07:15:38 | INFO | my_functions.py:1702 | ✅ Ventana seleccionada: 'SNAP'
2026-05-10 07:15:41 | INFO | my_functions.py:1734 | ✔ Verificación completa. No hubo cambios después del primer ajuste.
2026-05-10 07:15:41 | INFO | my_functions.py:231 | [DEBUG] wait_for_image_and_click -> submit.PNG timeout=90s delay_click=0.2s confidence=0.8
2026-05-10 07:15:41 | INFO | my_functions.py:172 | Searching submit.PNG (timeout=90s)
2026-05-10 07:15:43 | INFO | my_functions.py:198 | 
✅ Found: submit.PNG pos=(385, 785) time=2.57s confidence=0.8
2026-05-10 07:15:44 | INFO | my_functions.py:138 | Haciendo click en la posición (385, 785)
2026-05-10 07:15:44 | INFO | my_functions.py:251 | 🖱️ Click OK: submit.PNG at (385, 785) delay=0.2s
2026-05-10 07:15:44 | INFO | my_functions.py:1668 | ⏱ Esperando 0.1 segundos antes de empezar...
2026-05-10 07:15:44 | INFO | my_functions.py:1675 | 🔍 Esperando ventana que contenga alguna de: ['SNAP'] (máx 20s)
2026-05-10 07:15:44 | INFO | my_functions.py:1687 | ✅ Ventana encontrada: 'SNAP'
2026-05-10 07:15:44 | INFO | my_functions.py:1702 | ✅ Ventana seleccionada: 'SNAP'
2026-05-10 07:15:46 | INFO | my_functions.py:1725 | 🔁 Reajuste #1...
2026-05-10 07:15:47 | INFO | my_functions.py:1732 | ✔ Verificación completa. Se hicieron 1 reajustes.
2026-05-10 07:15:47 | INFO | my_functions.py:172 | Searching please_sign.png (timeout=0s)
2026-05-10 07:15:47 | INFO | my_functions.py:198 | 
✅ Found: please_sign.png pos=(383, 438) time=0.18s confidence=0.8
2026-05-10 07:15:47 | INFO | my_functions.py:231 | [DEBUG] wait_for_image_and_click -> ok_btn.png timeout=20s delay_click=1s confidence=0.8
2026-05-10 07:15:47 | INFO | my_functions.py:172 | Searching ok_btn.png (timeout=20s)
2026-05-10 07:15:47 | INFO | my_functions.py:198 | 
✅ Found: ok_btn.png pos=(382, 634) time=0.17s confidence=0.8
2026-05-10 07:15:48 | INFO | my_functions.py:138 | Haciendo click en la posición (382, 634)
2026-05-10 07:15:48 | INFO | my_functions.py:251 | 🖱️ Click OK: ok_btn.png at (382, 634) delay=1s
2026-05-10 07:15:48 | INFO | my_functions.py:231 | [DEBUG] wait_for_image_and_click -> submit.PNG timeout=90s delay_click=0.2s confidence=0.8
2026-05-10 07:15:48 | INFO | my_functions.py:172 | Searching submit.PNG (timeout=90s)
2026-05-10 07:15:49 | INFO | my_functions.py:198 | 
✅ Found: submit.PNG pos=(385, 784) time=0.92s confidence=0.8
2026-05-10 07:15:50 | INFO | my_functions.py:138 | Haciendo click en la posición (385, 784)
2026-05-10 07:15:50 | INFO | my_functions.py:251 | 🖱️ Click OK: submit.PNG at (385, 784) delay=0.2s
2026-05-10 07:15:50 | INFO | my_functions.py:172 | Searching sign_in_with_google2.PNG (timeout=90s)
2026-05-10 07:15:51 | INFO | my_functions.py:198 | 
✅ Found: sign_in_with_google2.PNG pos=(406, 957) time=0.8s confidence=0.8
2026-05-10 07:15:51 | INFO | my_functions.py:231 | [DEBUG] wait_for_image_and_click -> sign_in_with_google2.PNG timeout=20s delay_click=1s confidence=0.8
2026-05-10 07:15:51 | INFO | my_functions.py:172 | Searching sign_in_with_google2.PNG (timeout=20s)
2026-05-10 07:15:51 | INFO | my_functions.py:198 | 
✅ Found: sign_in_with_google2.PNG pos=(406, 957) time=0.35s confidence=0.8
2026-05-10 07:15:52 | INFO | my_functions.py:138 | Haciendo click en la posición (406, 957)
2026-05-10 07:15:52 | INFO | my_functions.py:251 | 🖱️ Click OK: sign_in_with_google2.PNG at (406, 957) delay=1s
2026-05-10 07:15:52 | INFO | my_functions.py:231 | [DEBUG] wait_for_image_and_click -> guille.png timeout=30s delay_click=3s confidence=0.8
2026-05-10 07:15:52 | INFO | my_functions.py:172 | Searching guille.png (timeout=30s)
2026-05-10 07:15:57 | INFO | my_functions.py:198 | 
✅ Found: guille.png pos=(1147, 704) time=4.78s confidence=0.8
2026-05-10 07:16:00 | INFO | my_functions.py:138 | Haciendo click en la posición (1147, 704)
2026-05-10 07:16:00 | INFO | my_functions.py:251 | 🖱️ Click OK: guille.png at (1147, 704) delay=3s
2026-05-10 07:16:02 | INFO | my_functions.py:231 | [DEBUG] wait_for_image_and_click -> python_icon.PNG timeout=5s delay_click=1s confidence=0.8
2026-05-10 07:16:02 | INFO | my_functions.py:172 | Searching python_icon.PNG (timeout=5s)
2026-05-10 07:16:03 | INFO | my_functions.py:198 | 
✅ Found: python_icon.PNG pos=(647, 1054) time=0.49s confidence=0.8
2026-05-10 07:16:04 | INFO | my_functions.py:138 | Haciendo click en la posición (647, 1054)
2026-05-10 07:16:04 | INFO | my_functions.py:251 | 🖱️ Click OK: python_icon.PNG at (647, 1054) delay=1s
2026-05-10 07:16:04 | INFO | my_functions.py:231 | [DEBUG] wait_for_image_and_click -> snap_icon_task_bar.PNG timeout=20s delay_click=1s confidence=0.8
2026-05-10 07:16:04 | INFO | my_functions.py:172 | Searching snap_icon_task_bar.PNG (timeout=20s)
2026-05-10 07:16:04 | INFO | my_functions.py:198 | 
✅ Found: snap_icon_task_bar.PNG pos=(524, 1052) time=0.47s confidence=0.8
2026-05-10 07:16:05 | INFO | my_functions.py:138 | Haciendo click en la posición (524, 1052)
2026-05-10 07:16:06 | INFO | my_functions.py:251 | 🖱️ Click OK: snap_icon_task_bar.PNG at (524, 1052) delay=1s
2026-05-10 07:16:06 | INFO | my_functions.py:172 | Searching play.PNG (timeout=30s)
2026-05-10 07:16:16 | INFO | my_functions.py:198 | 
✅ Found: play.PNG pos=(384, 824) time=10.46s confidence=0.8
2026-05-10 07:16:16 | INFO | my_functions.py:1265 | [DEBUG] Login completado correctamente.
2026-05-10 07:16:16 | INFO | each_eight_hours.py:160 | Login executed
2026-05-10 07:16:16 | INFO | my_functions.py:172 | Searching shop_unselected.PNG (timeout=0s)
2026-05-10 07:16:16 | INFO | my_functions.py:198 | 
✅ Found: shop_unselected.PNG pos=(88, 961) time=0.23s confidence=0.8
2026-05-10 07:16:24 | INFO | my_functions.py:172 | Searching shop_unselected.PNG (timeout=0s)
2026-05-10 07:16:24 | INFO | my_functions.py:209 | 
⛔ Not found: shop_unselected.PNG after 0.0s region=(0, 0, 765, 1038) confidence=0.8
2026-05-10 07:16:25 | INFO | my_functions.py:172 | Searching shop_unselected.PNG (timeout=0s)
2026-05-10 07:16:26 | INFO | my_functions.py:209 | 
⛔ Not found: shop_unselected.PNG after 0.0s region=(0, 0, 765, 1038) confidence=0.8
2026-05-10 07:16:26 | INFO | my_functions.py:231 | [DEBUG] wait_for_image_and_click -> super_premium.PNG timeout=0s delay_click=1s confidence=0.8
2026-05-10 07:16:26 | INFO | my_functions.py:172 | Searching super_premium.PNG (timeout=0s)
2026-05-10 07:16:26 | INFO | my_functions.py:198 | 
✅ Found: super_premium.PNG pos=(480, 777) time=0.17s confidence=0.8
2026-05-10 07:16:27 | INFO | my_functions.py:138 | Haciendo click en la posición (480, 777)
2026-05-10 07:16:27 | INFO | my_functions.py:251 | 🖱️ Click OK: super_premium.PNG at (480, 777) delay=1s
2026-05-10 07:16:27 | INFO | my_functions.py:146 | Presionando ESC (1/1)
2026-05-10 07:16:36 | INFO | my_functions.py:172 | Searching shop_unselected.PNG (timeout=0s)
2026-05-10 07:16:36 | INFO | my_functions.py:198 | 
✅ Found: shop_unselected.PNG pos=(88, 961) time=0.17s confidence=0.8
2026-05-10 07:16:36 | INFO | my_functions.py:720 | Ya esta listo
2026-05-10 07:16:36 | INFO | each_eight_hours.py:163 | Initial images processed
2026-05-10 07:16:36 | INFO | each_eight_hours.py:166 | Chrome terminated
2026-05-10 07:16:36 | INFO | my_functions.py:231 | [DEBUG] wait_for_image_and_click -> missions_unnotified2.png timeout=20s delay_click=1s confidence=0.8
2026-05-10 07:16:36 | INFO | my_functions.py:172 | Searching missions_unnotified2.png (timeout=20s)
2026-05-10 07:16:36 | INFO | my_functions.py:198 | 
✅ Found: missions_unnotified2.png pos=(516, 127) time=0.21s confidence=0.8
2026-05-10 07:16:37 | INFO | my_functions.py:138 | Haciendo click en la posición (516, 127)
2026-05-10 07:16:37 | INFO | my_functions.py:251 | 🖱️ Click OK: missions_unnotified2.png at (516, 127) delay=1s
2026-05-10 07:16:37 | INFO | my_functions.py:231 | [DEBUG] wait_for_image_and_click -> calendar_missions_daily.png timeout=3s delay_click=1s confidence=0.8
2026-05-10 07:16:38 | INFO | my_functions.py:172 | Searching calendar_missions_daily.png (timeout=3s)
2026-05-10 07:16:39 | INFO | my_functions.py:198 | 
✅ Found: calendar_missions_daily.png pos=(189, 131) time=1.22s confidence=0.8
2026-05-10 07:16:40 | INFO | my_functions.py:138 | Haciendo click en la posición (189, 131)
2026-05-10 07:16:40 | INFO | my_functions.py:251 | 🖱️ Click OK: calendar_missions_daily.png at (189, 131) delay=1s
2026-05-10 07:16:40 | INFO | each_eight_hours.py:180 | Mission screens opened
2026-05-10 07:16:40 | INFO | my_functions.py:295 | JSON file located at C:\Users\Farm\AppData\LocalLow\Second Dinner\SNAP\Standalone\States\nvprod\MissionState.json
2026-05-10 07:16:43 | INFO | my_functions.py:434 | AVAILABLE: 5
2026-05-10 07:16:43 | INFO | my_functions.py:444 | [INFO] Waiting for Notepad++ process...
2026-05-10 07:16:43 | INFO | my_functions.py:458 | [INFO] Notepad++ detected PID=8280
2026-05-10 07:16:46 | INFO | my_functions.py:466 | [SUCCESS] Notepad++ closed successfully
2026-05-10 07:16:47 | INFO | my_functions.py:1593 | [INFO] Iniciando click_missions_blue2
2026-05-10 07:16:47 | INFO | my_functions.py:138 | Haciendo click en la posición (150, 132)
2026-05-10 07:16:48 | INFO | my_functions.py:1596 | [ACTION] Click hecho en icono de calendario que me dirige a las misiones ordinarias
2026-05-10 07:16:48 | INFO | my_functions.py:172 | Searching bonus_challenge.png (timeout=0s)
2026-05-10 07:16:48 | INFO | my_functions.py:209 | 
⛔ Not found: bonus_challenge.png after 0.0s region=(0, 0, 765, 1038) confidence=0.8
2026-05-10 07:16:50 | INFO | my_functions.py:172 | Searching flechita_mission.PNG (timeout=0s)
2026-05-10 07:16:51 | INFO | my_functions.py:209 | 
⛔ Not found: flechita_mission.PNG after 0.18s region=(0, 0, 765, 1038) confidence=0.8
2026-05-10 07:16:51 | INFO | my_functions.py:231 | [DEBUG] wait_for_image_and_click -> weekly3.PNG timeout=0s delay_click=0.1s confidence=0.8
2026-05-10 07:16:51 | INFO | my_functions.py:172 | Searching weekly3.PNG (timeout=0s)
2026-05-10 07:16:51 | INFO | my_functions.py:209 | 
⛔ Not found: weekly3.PNG after 0.0s region=(0, 0, 765, 1038) confidence=0.8
2026-05-10 07:16:51 | INFO | my_functions.py:258 | [DEBUG] Click skipped, image not found: weekly3.PNG
2026-05-10 07:16:51 | INFO | my_functions.py:231 | [DEBUG] wait_for_image_and_click -> weekly3.PNG timeout=0s delay_click=0.1s confidence=0.8
2026-05-10 07:16:51 | INFO | my_functions.py:172 | Searching weekly3.PNG (timeout=0s)
2026-05-10 07:16:51 | INFO | my_functions.py:209 | 
⛔ Not found: weekly3.PNG after 0.01s region=(0, 0, 765, 1038) confidence=0.8
2026-05-10 07:16:51 | INFO | my_functions.py:258 | [DEBUG] Click skipped, image not found: weekly3.PNG
2026-05-10 07:16:51 | INFO | my_functions.py:231 | [DEBUG] wait_for_image_and_click -> weekly3.PNG timeout=0s delay_click=0.1s confidence=0.8
2026-05-10 07:16:51 | INFO | my_functions.py:172 | Searching weekly3.PNG (timeout=0s)
2026-05-10 07:16:51 | INFO | my_functions.py:209 | 
⛔ Not found: weekly3.PNG after 0.01s region=(0, 0, 765, 1038) confidence=0.8
2026-05-10 07:16:51 | INFO | my_functions.py:258 | [DEBUG] Click skipped, image not found: weekly3.PNG
2026-05-10 07:16:51 | INFO | my_functions.py:231 | [DEBUG] wait_for_image_and_click -> weekly3.PNG timeout=0s delay_click=0.1s confidence=0.8
2026-05-10 07:16:51 | INFO | my_functions.py:172 | Searching weekly3.PNG (timeout=0s)
2026-05-10 07:16:51 | INFO | my_functions.py:209 | 
⛔ Not found: weekly3.PNG after 0.01s region=(0, 0, 765, 1038) confidence=0.8
2026-05-10 07:16:51 | INFO | my_functions.py:258 | [DEBUG] Click skipped, image not found: weekly3.PNG
2026-05-10 07:16:51 | INFO | my_functions.py:231 | [DEBUG] wait_for_image_and_click -> weekly3.PNG timeout=0s delay_click=0.1s confidence=0.8
2026-05-10 07:16:52 | INFO | my_functions.py:172 | Searching weekly3.PNG (timeout=0s)
2026-05-10 07:16:52 | INFO | my_functions.py:209 | 
⛔ Not found: weekly3.PNG after 0.0s region=(0, 0, 765, 1038) confidence=0.8
2026-05-10 07:16:52 | INFO | my_functions.py:258 | [DEBUG] Click skipped, image not found: weekly3.PNG
2026-05-10 07:16:52 | INFO | my_functions.py:231 | [DEBUG] wait_for_image_and_click -> weekly3.PNG timeout=0s delay_click=0.1s confidence=0.8
2026-05-10 07:16:52 | INFO | my_functions.py:172 | Searching weekly3.PNG (timeout=0s)
2026-05-10 07:16:52 | INFO | my_functions.py:209 | 
⛔ Not found: weekly3.PNG after 0.01s region=(0, 0, 765, 1038) confidence=0.8
2026-05-10 07:16:52 | INFO | my_functions.py:258 | [DEBUG] Click skipped, image not found: weekly3.PNG
2026-05-10 07:16:52 | INFO | my_functions.py:231 | [DEBUG] wait_for_image_and_click -> weekly3.PNG timeout=0s delay_click=0.1s confidence=0.8
2026-05-10 07:16:52 | INFO | my_functions.py:172 | Searching weekly3.PNG (timeout=0s)
2026-05-10 07:16:52 | INFO | my_functions.py:209 | 
⛔ Not found: weekly3.PNG after 0.0s region=(0, 0, 765, 1038) confidence=0.8
2026-05-10 07:16:52 | INFO | my_functions.py:258 | [DEBUG] Click skipped, image not found: weekly3.PNG
2026-05-10 07:16:52 | INFO | my_functions.py:231 | [DEBUG] wait_for_image_and_click -> weekly3.PNG timeout=0s delay_click=0.1s confidence=0.8
2026-05-10 07:16:52 | INFO | my_functions.py:172 | Searching weekly3.PNG (timeout=0s)
2026-05-10 07:16:52 | INFO | my_functions.py:209 | 
⛔ Not found: weekly3.PNG after 0.01s region=(0, 0, 765, 1038) confidence=0.8
2026-05-10 07:16:52 | INFO | my_functions.py:258 | [DEBUG] Click skipped, image not found: weekly3.PNG
2026-05-10 07:16:52 | INFO | my_functions.py:231 | [DEBUG] wait_for_image_and_click -> weekly3.PNG timeout=0s delay_click=0.1s confidence=0.8
2026-05-10 07:16:52 | INFO | my_functions.py:172 | Searching weekly3.PNG (timeout=0s)
2026-05-10 07:16:52 | INFO | my_functions.py:209 | 
⛔ Not found: weekly3.PNG after 0.0s region=(0, 0, 765, 1038) confidence=0.8
2026-05-10 07:16:52 | INFO | my_functions.py:258 | [DEBUG] Click skipped, image not found: weekly3.PNG
2026-05-10 07:16:52 | INFO | my_functions.py:231 | [DEBUG] wait_for_image_and_click -> weekly3.PNG timeout=0s delay_click=0.1s confidence=0.8
2026-05-10 07:16:52 | INFO | my_functions.py:172 | Searching weekly3.PNG (timeout=0s)
2026-05-10 07:16:53 | INFO | my_functions.py:209 | 
⛔ Not found: weekly3.PNG after 0.0s region=(0, 0, 765, 1038) confidence=0.8
2026-05-10 07:16:53 | INFO | my_functions.py:258 | [DEBUG] Click skipped, image not found: weekly3.PNG
2026-05-10 07:16:53 | INFO | my_functions.py:231 | [DEBUG] wait_for_image_and_click -> weekly3.PNG timeout=0s delay_click=0.1s confidence=0.8
2026-05-10 07:16:53 | INFO | my_functions.py:172 | Searching weekly3.PNG (timeout=0s)
2026-05-10 07:16:53 | INFO | my_functions.py:209 | 
⛔ Not found: weekly3.PNG after 0.0s region=(0, 0, 765, 1038) confidence=0.8
2026-05-10 07:16:53 | INFO | my_functions.py:258 | [DEBUG] Click skipped, image not found: weekly3.PNG
2026-05-10 07:16:53 | INFO | my_functions.py:295 | JSON file located at C:\Users\Farm\AppData\LocalLow\Second Dinner\SNAP\Standalone\States\nvprod\MissionState.json
2026-05-10 07:16:56 | INFO | my_functions.py:434 | AVAILABLE: 5
2026-05-10 07:16:56 | INFO | my_functions.py:444 | [INFO] Waiting for Notepad++ process...
2026-05-10 07:16:56 | INFO | my_functions.py:458 | [INFO] Notepad++ detected PID=2808
2026-05-10 07:16:59 | INFO | my_functions.py:466 | [SUCCESS] Notepad++ closed successfully
2026-05-10 07:17:00 | INFO | my_functions.py:146 | Presionando ESC (1/1)
2026-05-10 07:17:00 | INFO | my_functions.py:231 | [DEBUG] wait_for_image_and_click -> white_x.png timeout=2s delay_click=1s confidence=0.8
2026-05-10 07:17:00 | INFO | my_functions.py:172 | Searching white_x.png (timeout=2s)
2026-05-10 07:17:03 | INFO | my_functions.py:209 | 
⛔ Not found: white_x.png after 2.17s region=(0, 0, 765, 1038) confidence=0.8
2026-05-10 07:17:03 | INFO | my_functions.py:258 | [DEBUG] Click skipped, image not found: white_x.png
2026-05-10 07:17:03 | INFO | my_functions.py:172 | Searching play.PNG (timeout=0s)
2026-05-10 07:17:03 | INFO | my_functions.py:198 | 
✅ Found: play.PNG pos=(384, 824) time=0.19s confidence=0.8
2026-05-10 07:17:03 | INFO | my_functions.py:1563 | [INFO] Click realizado donde se equipa el deck a jugar
2026-05-10 07:17:07 | INFO | my_functions.py:231 | [DEBUG] wait_for_image_and_click -> deck_666666.png timeout=3s delay_click=1s confidence=0.8
2026-05-10 07:17:07 | INFO | my_functions.py:172 | Searching deck_666666.png (timeout=3s)
2026-05-10 07:17:07 | INFO | my_functions.py:198 | 
✅ Found: deck_666666.png pos=(235, 546) time=0.2s confidence=0.8
2026-05-10 07:17:08 | INFO | my_functions.py:138 | Haciendo click en la posición (235, 546)
2026-05-10 07:17:09 | INFO | my_functions.py:251 | 🖱️ Click OK: deck_666666.png at (235, 546) delay=1s
2026-05-10 07:17:09 | INFO | my_functions.py:231 | [DEBUG] wait_for_image_and_click -> equip.png timeout=3s delay_click=1s confidence=0.95
2026-05-10 07:17:09 | INFO | my_functions.py:172 | Searching equip.png (timeout=3s)
2026-05-10 07:17:09 | INFO | my_functions.py:198 | 
✅ Found: equip.png pos=(548, 983) time=0.19s confidence=0.95
2026-05-10 07:17:10 | INFO | my_functions.py:138 | Haciendo click en la posición (548, 983)
2026-05-10 07:17:10 | INFO | my_functions.py:251 | 🖱️ Click OK: equip.png at (548, 983) delay=1s
2026-05-10 07:17:10 | INFO | each_eight_hours.py:217 | Deck selected: 6turns
2026-05-10 07:17:10 | INFO | my_functions.py:231 | [DEBUG] wait_for_image_and_click -> maybe_later.PNG timeout=2s delay_click=1s confidence=0.8
2026-05-10 07:17:10 | INFO | my_functions.py:172 | Searching maybe_later.PNG (timeout=2s)
2026-05-10 07:17:12 | INFO | my_functions.py:209 | 
⛔ Not found: maybe_later.PNG after 2.18s region=(0, 0, 765, 1038) confidence=0.8
2026-05-10 07:17:12 | INFO | my_functions.py:258 | [DEBUG] Click skipped, image not found: maybe_later.PNG
2026-05-10 07:17:12 | INFO | my_functions.py:231 | [DEBUG] wait_for_image_and_click -> maybe_later2.PNG timeout=2s delay_click=1s confidence=0.8
2026-05-10 07:17:12 | INFO | my_functions.py:172 | Searching maybe_later2.PNG (timeout=2s)
2026-05-10 07:17:15 | INFO | my_functions.py:209 | 
⛔ Not found: maybe_later2.PNG after 2.15s region=(0, 0, 765, 1038) confidence=0.8
2026-05-10 07:17:15 | INFO | my_functions.py:258 | [DEBUG] Click skipped, image not found: maybe_later2.PNG
2026-05-10 07:17:15 | INFO | each_eight_hours.py:287 | Starting game loop 1
2026-05-10 07:17:15 | INFO | my_functions.py:231 | [DEBUG] wait_for_image_and_click -> play.PNG timeout=20s delay_click=3s confidence=0.8
2026-05-10 07:17:15 | INFO | my_functions.py:172 | Searching play.PNG (timeout=20s)
2026-05-10 07:17:15 | INFO | my_functions.py:198 | 
✅ Found: play.PNG pos=(384, 824) time=0.19s confidence=0.8
2026-05-10 07:17:18 | INFO | my_functions.py:138 | Haciendo click en la posición (384, 824)
2026-05-10 07:17:18 | INFO | my_functions.py:251 | 🖱️ Click OK: play.PNG at (384, 824) delay=3s
2026-05-10 07:17:18 | INFO | each_eight_hours.py:293 | Play button clicked
2026-05-10 07:17:37 | INFO | my_functions.py:198 | 
✅ Found: end_turn.PNG pos=(681, 945) time=0.18s confidence=0.8
2026-05-10 07:17:37 | INFO | my_functions.py:231 | [DEBUG] wait_for_image_and_click -> snap.PNG timeout=0s delay_click=1s confidence=0.8
2026-05-10 07:17:37 | INFO | my_functions.py:198 | 
✅ Found: snap.PNG pos=(386, 122) time=0.19s confidence=0.8
2026-05-10 07:17:38 | INFO | my_functions.py:138 | Haciendo click en la posición (386, 122)
2026-05-10 07:17:38 | INFO | my_functions.py:251 | 🖱️ Click OK: snap.PNG at (386, 122) delay=1s
2026-05-10 07:17:43 | INFO | my_functions.py:138 | Haciendo click en la posición (681, 945)
2026-05-10 07:17:44 | INFO | each_eight_hours.py:314 | End turn executed
2026-05-10 07:18:01 | INFO | my_functions.py:198 | 
✅ Found: end_turn.PNG pos=(681, 945) time=0.19s confidence=0.8
2026-05-10 07:18:01 | INFO | my_functions.py:231 | [DEBUG] wait_for_image_and_click -> snap.PNG timeout=0s delay_click=1s confidence=0.8
2026-05-10 07:18:02 | INFO | my_functions.py:258 | [DEBUG] Click skipped, image not found: snap.PNG
2026-05-10 07:18:07 | INFO | my_functions.py:138 | Haciendo click en la posición (681, 945)
2026-05-10 07:18:08 | INFO | each_eight_hours.py:314 | End turn executed
2026-05-10 07:18:24 | INFO | my_functions.py:198 | 
✅ Found: end_turn.PNG pos=(681, 945) time=0.17s confidence=0.8
2026-05-10 07:18:24 | INFO | my_functions.py:231 | [DEBUG] wait_for_image_and_click -> snap.PNG timeout=0s delay_click=1s confidence=0.8
2026-05-10 07:18:24 | INFO | my_functions.py:258 | [DEBUG] Click skipped, image not found: snap.PNG
2026-05-10 07:18:29 | INFO | my_functions.py:138 | Haciendo click en la posición (681, 945)
2026-05-10 07:18:31 | INFO | each_eight_hours.py:314 | End turn executed
2026-05-10 07:18:43 | INFO | my_functions.py:198 | 
✅ Found: end_turn.PNG pos=(681, 945) time=0.18s confidence=0.8
2026-05-10 07:18:43 | INFO | my_functions.py:231 | [DEBUG] wait_for_image_and_click -> snap.PNG timeout=0s delay_click=1s confidence=0.8
2026-05-10 07:18:43 | INFO | my_functions.py:258 | [DEBUG] Click skipped, image not found: snap.PNG
2026-05-10 07:18:49 | INFO | my_functions.py:138 | Haciendo click en la posición (681, 945)
2026-05-10 07:18:50 | INFO | each_eight_hours.py:314 | End turn executed
2026-05-10 07:19:03 | INFO | my_functions.py:198 | 
✅ Found: end_turn.PNG pos=(681, 945) time=0.18s confidence=0.8
2026-05-10 07:19:03 | INFO | my_functions.py:231 | [DEBUG] wait_for_image_and_click -> snap.PNG timeout=0s delay_click=1s confidence=0.8
2026-05-10 07:19:03 | INFO | my_functions.py:258 | [DEBUG] Click skipped, image not found: snap.PNG
2026-05-10 07:19:08 | INFO | my_functions.py:138 | Haciendo click en la posición (681, 945)
2026-05-10 07:19:09 | INFO | each_eight_hours.py:314 | End turn executed
2026-05-10 07:19:24 | INFO | my_functions.py:198 | 
✅ Found: end_turn.PNG pos=(681, 945) time=0.17s confidence=0.8
2026-05-10 07:19:24 | INFO | my_functions.py:231 | [DEBUG] wait_for_image_and_click -> snap.PNG timeout=0s delay_click=1s confidence=0.8
2026-05-10 07:19:24 | INFO | my_functions.py:258 | [DEBUG] Click skipped, image not found: snap.PNG
2026-05-10 07:19:29 | INFO | my_functions.py:138 | Haciendo click en la posición (681, 945)
2026-05-10 07:19:31 | INFO | each_eight_hours.py:314 | End turn executed
2026-05-10 07:20:03 | INFO | my_functions.py:198 | 
✅ Found: collect_rewards.PNG pos=(679, 959) time=0.21s confidence=0.8
2026-05-10 07:20:03 | INFO | each_eight_hours.py:353 | Rewards detected, exiting match
2026-05-10 07:20:03 | INFO | my_functions.py:231 | [DEBUG] wait_for_image_and_click -> collect_rewards.PNG timeout=20s delay_click=1s confidence=0.8
2026-05-10 07:20:03 | INFO | my_functions.py:172 | Searching collect_rewards.PNG (timeout=20s)
2026-05-10 07:20:03 | INFO | my_functions.py:198 | 
✅ Found: collect_rewards.PNG pos=(679, 957) time=0.22s confidence=0.8
2026-05-10 07:20:04 | INFO | my_functions.py:138 | Haciendo click en la posición (679, 957)
2026-05-10 07:20:04 | INFO | my_functions.py:251 | 🖱️ Click OK: collect_rewards.PNG at (679, 957) delay=1s
2026-05-10 07:20:04 | INFO | my_functions.py:231 | [DEBUG] wait_for_image_and_click -> next.PNG timeout=20s delay_click=1s confidence=0.8
2026-05-10 07:20:04 | INFO | my_functions.py:172 | Searching next.PNG (timeout=20s)
2026-05-10 07:20:08 | INFO | my_functions.py:198 | 
✅ Found: next.PNG pos=(677, 973) time=3.12s confidence=0.8
2026-05-10 07:20:09 | INFO | my_functions.py:138 | Haciendo click en la posición (677, 973)
2026-05-10 07:20:09 | INFO | my_functions.py:251 | 🖱️ Click OK: next.PNG at (677, 973) delay=1s
2026-05-10 07:20:13 | INFO | my_functions.py:434 | AVAILABLE: 5
2026-05-10 07:20:13 | INFO | my_functions.py:444 | [INFO] Waiting for Notepad++ process...
2026-05-10 07:20:13 | INFO | my_functions.py:458 | [INFO] Notepad++ detected PID=4924
2026-05-10 07:20:16 | INFO | my_functions.py:466 | [SUCCESS] Notepad++ closed successfully
2026-05-10 07:20:17 | INFO | each_eight_hours.py:421 | Submissions after match: 5
2026-05-10 07:20:17 | INFO | my_functions.py:378 | Misiones completadas: 0
2026-05-10 07:20:17 | INFO | each_eight_hours.py:287 | Starting game loop 2
2026-05-10 07:20:17 | INFO | my_functions.py:231 | [DEBUG] wait_for_image_and_click -> play.PNG timeout=20s delay_click=3s confidence=0.8
2026-05-10 07:20:17 | INFO | my_functions.py:172 | Searching play.PNG (timeout=20s)
2026-05-10 07:20:17 | INFO | my_functions.py:198 | 
✅ Found: play.PNG pos=(384, 824) time=0.2s confidence=0.8
2026-05-10 07:20:20 | INFO | my_functions.py:138 | Haciendo click en la posición (384, 824)
2026-05-10 07:20:21 | INFO | my_functions.py:251 | 🖱️ Click OK: play.PNG at (384, 824) delay=3s
2026-05-10 07:20:21 | INFO | each_eight_hours.py:293 | Play button clicked
2026-05-10 07:20:36 | INFO | my_functions.py:198 | 
✅ Found: end_turn.PNG pos=(681, 945) time=0.17s confidence=0.8
2026-05-10 07:20:36 | INFO | my_functions.py:231 | [DEBUG] wait_for_image_and_click -> snap.PNG timeout=0s delay_click=1s confidence=0.8
2026-05-10 07:20:36 | INFO | my_functions.py:198 | 
✅ Found: snap.PNG pos=(386, 122) time=0.19s confidence=0.8
2026-05-10 07:20:37 | INFO | my_functions.py:138 | Haciendo click en la posición (386, 122)
2026-05-10 07:20:37 | INFO | my_functions.py:251 | 🖱️ Click OK: snap.PNG at (386, 122) delay=1s
2026-05-10 07:20:42 | INFO | my_functions.py:138 | Haciendo click en la posición (681, 945)
2026-05-10 07:20:43 | INFO | each_eight_hours.py:314 | End turn executed
2026-05-10 07:20:54 | INFO | my_functions.py:198 | 
✅ Found: end_turn.PNG pos=(681, 945) time=0.16s confidence=0.8
2026-05-10 07:20:54 | INFO | my_functions.py:231 | [DEBUG] wait_for_image_and_click -> snap.PNG timeout=0s delay_click=1s confidence=0.8
2026-05-10 07:20:54 | INFO | my_functions.py:258 | [DEBUG] Click skipped, image not found: snap.PNG
2026-05-10 07:20:59 | INFO | my_functions.py:138 | Haciendo click en la posición (681, 945)
2026-05-10 07:21:00 | INFO | each_eight_hours.py:314 | End turn executed
2026-05-10 07:21:09 | INFO | my_functions.py:198 | 
✅ Found: end_turn.PNG pos=(681, 945) time=0.21s confidence=0.8
2026-05-10 07:21:09 | INFO | my_functions.py:231 | [DEBUG] wait_for_image_and_click -> snap.PNG timeout=0s delay_click=1s confidence=0.8
2026-05-10 07:21:09 | INFO | my_functions.py:258 | [DEBUG] Click skipped, image not found: snap.PNG
2026-05-10 07:21:14 | INFO | my_functions.py:138 | Haciendo click en la posición (681, 945)
2026-05-10 07:21:15 | INFO | each_eight_hours.py:314 | End turn executed
2026-05-10 07:21:31 | INFO | my_functions.py:198 | 
✅ Found: end_turn.PNG pos=(681, 945) time=0.18s confidence=0.8
2026-05-10 07:21:31 | INFO | my_functions.py:231 | [DEBUG] wait_for_image_and_click -> snap.PNG timeout=0s delay_click=1s confidence=0.8
2026-05-10 07:21:31 | INFO | my_functions.py:258 | [DEBUG] Click skipped, image not found: snap.PNG
2026-05-10 07:21:36 | INFO | my_functions.py:138 | Haciendo click en la posición (681, 945)
2026-05-10 07:21:37 | INFO | each_eight_hours.py:314 | End turn executed
2026-05-10 07:21:56 | INFO | my_functions.py:198 | 
✅ Found: end_turn.PNG pos=(681, 945) time=0.18s confidence=0.8
2026-05-10 07:21:56 | INFO | my_functions.py:231 | [DEBUG] wait_for_image_and_click -> snap.PNG timeout=0s delay_click=1s confidence=0.8
2026-05-10 07:21:56 | INFO | my_functions.py:258 | [DEBUG] Click skipped, image not found: snap.PNG
2026-05-10 07:22:01 | INFO | my_functions.py:138 | Haciendo click en la posición (681, 945)
2026-05-10 07:22:02 | INFO | each_eight_hours.py:314 | End turn executed
2026-05-10 07:22:25 | INFO | my_functions.py:198 | 
✅ Found: end_turn.PNG pos=(681, 945) time=0.19s confidence=0.8
2026-05-10 07:22:25 | INFO | my_functions.py:231 | [DEBUG] wait_for_image_and_click -> snap.PNG timeout=0s delay_click=1s confidence=0.8
2026-05-10 07:22:25 | INFO | my_functions.py:258 | [DEBUG] Click skipped, image not found: snap.PNG
2026-05-10 07:22:30 | INFO | my_functions.py:138 | Haciendo click en la posición (681, 945)
2026-05-10 07:22:32 | INFO | each_eight_hours.py:314 | End turn executed
2026-05-10 07:22:48 | INFO | my_functions.py:198 | 
✅ Found: never_seen_before.png pos=(395, 141) time=0.17s confidence=0.8
2026-05-10 07:22:49 | WARNING | each_eight_hours.py:327 | Unknown popup handled
2026-05-10 07:23:02 | INFO | my_functions.py:198 | 
✅ Found: collect_rewards.PNG pos=(680, 957) time=0.2s confidence=0.8
2026-05-10 07:23:02 | INFO | each_eight_hours.py:353 | Rewards detected, exiting match
2026-05-10 07:23:02 | INFO | my_functions.py:231 | [DEBUG] wait_for_image_and_click -> collect_rewards.PNG timeout=20s delay_click=1s confidence=0.8
2026-05-10 07:23:02 | INFO | my_functions.py:172 | Searching collect_rewards.PNG (timeout=20s)
2026-05-10 07:23:02 | INFO | my_functions.py:198 | 
✅ Found: collect_rewards.PNG pos=(679, 957) time=0.22s confidence=0.8
2026-05-10 07:23:03 | INFO | my_functions.py:138 | Haciendo click en la posición (679, 957)
2026-05-10 07:23:03 | INFO | my_functions.py:251 | 🖱️ Click OK: collect_rewards.PNG at (679, 957) delay=1s
2026-05-10 07:23:03 | INFO | my_functions.py:231 | [DEBUG] wait_for_image_and_click -> next.PNG timeout=20s delay_click=1s confidence=0.8
2026-05-10 07:23:03 | INFO | my_functions.py:172 | Searching next.PNG (timeout=20s)
2026-05-10 07:23:07 | INFO | my_functions.py:198 | 
✅ Found: next.PNG pos=(677, 1001) time=4.25s confidence=0.8
2026-05-10 07:23:08 | INFO | my_functions.py:138 | Haciendo click en la posición (677, 1001)
2026-05-10 07:23:09 | INFO | my_functions.py:251 | 🖱️ Click OK: next.PNG at (677, 1001) delay=1s
2026-05-10 07:23:13 | INFO | my_functions.py:434 | AVAILABLE: 5
2026-05-10 07:23:13 | INFO | my_functions.py:444 | [INFO] Waiting for Notepad++ process...
2026-05-10 07:23:13 | INFO | my_functions.py:458 | [INFO] Notepad++ detected PID=4104
2026-05-10 07:23:16 | INFO | my_functions.py:466 | [SUCCESS] Notepad++ closed successfully
2026-05-10 07:23:17 | INFO | each_eight_hours.py:421 | Submissions after match: 5
2026-05-10 07:23:17 | INFO | my_functions.py:378 | Misiones completadas: 2
2026-05-10 07:23:17 | INFO | each_eight_hours.py:430 | Submission condition met, breaking loop
2026-05-10 07:23:17 | INFO | my_functions.py:231 | [DEBUG] wait_for_image_and_click -> missionsNotify2.png timeout=20s delay_click=3s confidence=0.8
2026-05-10 07:23:17 | INFO | my_functions.py:172 | Searching missionsNotify2.png (timeout=20s)
2026-05-10 07:23:17 | INFO | my_functions.py:198 | 
✅ Found: missionsNotify2.png pos=(538, 124) time=0.19s confidence=0.8
2026-05-10 07:23:20 | INFO | my_functions.py:138 | Haciendo click en la posición (538, 124)
2026-05-10 07:23:20 | INFO | my_functions.py:251 | 🖱️ Click OK: missionsNotify2.png at (538, 124) delay=3s
2026-05-10 07:23:20 | INFO | my_functions.py:1593 | [INFO] Iniciando click_missions_blue2
2026-05-10 07:23:20 | INFO | my_functions.py:138 | Haciendo click en la posición (150, 132)
2026-05-10 07:23:21 | INFO | my_functions.py:1596 | [ACTION] Click hecho en icono de calendario que me dirige a las misiones ordinarias
2026-05-10 07:23:21 | INFO | my_functions.py:172 | Searching bonus_challenge.png (timeout=0s)
2026-05-10 07:23:22 | INFO | my_functions.py:209 | 
⛔ Not found: bonus_challenge.png after 0.0s region=(0, 0, 765, 1038) confidence=0.8
2026-05-10 07:23:24 | INFO | my_functions.py:138 | Haciendo click en la posición (362, 493)
2026-05-10 07:23:25 | INFO | my_functions.py:1609 | [ACTION] Click 1/2 en misión azul
2026-05-10 07:23:25 | INFO | my_functions.py:138 | Haciendo click en la posición (362, 493)
2026-05-10 07:23:27 | INFO | my_functions.py:1609 | [ACTION] Click 2/2 en misión azul
2026-05-10 07:23:27 | INFO | my_functions.py:172 | Searching flechita_mission.PNG (timeout=0s)
2026-05-10 07:23:27 | INFO | my_functions.py:209 | 
⛔ Not found: flechita_mission.PNG after 0.0s region=(0, 0, 765, 1038) confidence=0.8
2026-05-10 07:23:27 | INFO | my_functions.py:231 | [DEBUG] wait_for_image_and_click -> weekly3.PNG timeout=0s delay_click=0.1s confidence=0.8
2026-05-10 07:23:27 | INFO | my_functions.py:172 | Searching weekly3.PNG (timeout=0s)
2026-05-10 07:23:27 | INFO | my_functions.py:198 | 
✅ Found: weekly3.PNG pos=(485, 266) time=0.18s confidence=0.8
2026-05-10 07:23:28 | INFO | my_functions.py:138 | Haciendo click en la posición (485, 266)
2026-05-10 07:23:28 | INFO | my_functions.py:251 | 🖱️ Click OK: weekly3.PNG at (485, 266) delay=0.1s
2026-05-10 07:23:28 | INFO | my_functions.py:231 | [DEBUG] wait_for_image_and_click -> claim!.PNG timeout=0s delay_click=0.2s confidence=0.8
2026-05-10 07:23:28 | INFO | my_functions.py:172 | Searching claim!.PNG (timeout=0s)
2026-05-10 07:23:28 | INFO | my_functions.py:209 | 
⛔ Not found: claim!.PNG after 0.0s region=(0, 0, 765, 1038) confidence=0.8
2026-05-10 07:23:28 | INFO | my_functions.py:258 | [DEBUG] Click skipped, image not found: claim!.PNG
2026-05-10 07:23:28 | INFO | my_functions.py:231 | [DEBUG] wait_for_image_and_click -> claim_hover.PNG timeout=0s delay_click=0.2s confidence=0.8
2026-05-10 07:23:28 | INFO | my_functions.py:172 | Searching claim_hover.PNG (timeout=0s)
2026-05-10 07:23:28 | INFO | my_functions.py:209 | 
⛔ Not found: claim_hover.PNG after 0.01s region=(0, 0, 765, 1038) confidence=0.8
2026-05-10 07:23:28 | INFO | my_functions.py:258 | [DEBUG] Click skipped, image not found: claim_hover.PNG
2026-05-10 07:23:28 | INFO | my_functions.py:231 | [DEBUG] wait_for_image_and_click -> claim!.PNG timeout=0s delay_click=0.2s confidence=0.8
2026-05-10 07:23:28 | INFO | my_functions.py:172 | Searching claim!.PNG (timeout=0s)
2026-05-10 07:23:29 | INFO | my_functions.py:198 | 
✅ Found: claim!.PNG pos=(381, 924) time=0.28s confidence=0.8
2026-05-10 07:23:29 | INFO | my_functions.py:138 | Haciendo click en la posición (381, 924)
2026-05-10 07:23:29 | INFO | my_functions.py:251 | 🖱️ Click OK: claim!.PNG at (381, 924) delay=0.2s
2026-05-10 07:23:29 | INFO | my_functions.py:231 | [DEBUG] wait_for_image_and_click -> claim_hover.PNG timeout=0s delay_click=0.2s confidence=0.8
2026-05-10 07:23:29 | INFO | my_functions.py:172 | Searching claim_hover.PNG (timeout=0s)
2026-05-10 07:23:29 | INFO | my_functions.py:198 | 
✅ Found: claim_hover.PNG pos=(383, 921) time=0.23s confidence=0.8
2026-05-10 07:23:29 | INFO | my_functions.py:138 | Haciendo click en la posición (383, 921)
2026-05-10 07:23:30 | INFO | my_functions.py:251 | 🖱️ Click OK: claim_hover.PNG at (383, 921) delay=0.2s
2026-05-10 07:23:30 | INFO | my_functions.py:231 | [DEBUG] wait_for_image_and_click -> claim!.PNG timeout=0s delay_click=0.2s confidence=0.8
2026-05-10 07:23:30 | INFO | my_functions.py:172 | Searching claim!.PNG (timeout=0s)
2026-05-10 07:23:30 | INFO | my_functions.py:209 | 
⛔ Not found: claim!.PNG after 0.01s region=(0, 0, 765, 1038) confidence=0.8
2026-05-10 07:23:30 | INFO | my_functions.py:258 | [DEBUG] Click skipped, image not found: claim!.PNG
2026-05-10 07:23:30 | INFO | my_functions.py:231 | [DEBUG] wait_for_image_and_click -> claim_hover.PNG timeout=0s delay_click=0.2s confidence=0.8
2026-05-10 07:23:30 | INFO | my_functions.py:172 | Searching claim_hover.PNG (timeout=0s)
2026-05-10 07:23:30 | INFO | my_functions.py:198 | 
✅ Found: claim_hover.PNG pos=(383, 921) time=0.25s confidence=0.8
2026-05-10 07:23:30 | INFO | my_functions.py:138 | Haciendo click en la posición (383, 921)
2026-05-10 07:23:31 | INFO | my_functions.py:251 | 🖱️ Click OK: claim_hover.PNG at (383, 921) delay=0.2s
2026-05-10 07:23:31 | INFO | my_functions.py:231 | [DEBUG] wait_for_image_and_click -> claim!.PNG timeout=0s delay_click=0.2s confidence=0.8
2026-05-10 07:23:31 | INFO | my_functions.py:172 | Searching claim!.PNG (timeout=0s)
2026-05-10 07:23:31 | INFO | my_functions.py:209 | 
⛔ Not found: claim!.PNG after 0.0s region=(0, 0, 765, 1038) confidence=0.8
2026-05-10 07:23:31 | INFO | my_functions.py:258 | [DEBUG] Click skipped, image not found: claim!.PNG
2026-05-10 07:23:31 | INFO | my_functions.py:231 | [DEBUG] wait_for_image_and_click -> claim_hover.PNG timeout=0s delay_click=0.2s confidence=0.8
2026-05-10 07:23:31 | INFO | my_functions.py:172 | Searching claim_hover.PNG (timeout=0s)
2026-05-10 07:23:31 | INFO | my_functions.py:209 | 
⛔ Not found: claim_hover.PNG after 0.01s region=(0, 0, 765, 1038) confidence=0.8
2026-05-10 07:23:31 | INFO | my_functions.py:258 | [DEBUG] Click skipped, image not found: claim_hover.PNG
2026-05-10 07:23:31 | INFO | my_functions.py:231 | [DEBUG] wait_for_image_and_click -> claim!.PNG timeout=0s delay_click=0.2s confidence=0.8
2026-05-10 07:23:31 | INFO | my_functions.py:172 | Searching claim!.PNG (timeout=0s)
2026-05-10 07:23:31 | INFO | my_functions.py:209 | 
⛔ Not found: claim!.PNG after 0.01s region=(0, 0, 765, 1038) confidence=0.8
2026-05-10 07:23:31 | INFO | my_functions.py:258 | [DEBUG] Click skipped, image not found: claim!.PNG
2026-05-10 07:23:31 | INFO | my_functions.py:231 | [DEBUG] wait_for_image_and_click -> claim_hover.PNG timeout=0s delay_click=0.2s confidence=0.8
2026-05-10 07:23:31 | INFO | my_functions.py:172 | Searching claim_hover.PNG (timeout=0s)
2026-05-10 07:23:32 | INFO | my_functions.py:209 | 
⛔ Not found: claim_hover.PNG after 0.01s region=(0, 0, 765, 1038) confidence=0.8
2026-05-10 07:23:32 | INFO | my_functions.py:258 | [DEBUG] Click skipped, image not found: claim_hover.PNG
2026-05-10 07:23:32 | INFO | my_functions.py:231 | [DEBUG] wait_for_image_and_click -> claim!.PNG timeout=0s delay_click=0.2s confidence=0.8
2026-05-10 07:23:32 | INFO | my_functions.py:172 | Searching claim!.PNG (timeout=0s)
2026-05-10 07:23:32 | INFO | my_functions.py:209 | 
⛔ Not found: claim!.PNG after 0.01s region=(0, 0, 765, 1038) confidence=0.8
2026-05-10 07:23:32 | INFO | my_functions.py:258 | [DEBUG] Click skipped, image not found: claim!.PNG
2026-05-10 07:23:32 | INFO | my_functions.py:231 | [DEBUG] wait_for_image_and_click -> claim_hover.PNG timeout=0s delay_click=0.2s confidence=0.8
2026-05-10 07:23:32 | INFO | my_functions.py:172 | Searching claim_hover.PNG (timeout=0s)
2026-05-10 07:23:32 | INFO | my_functions.py:209 | 
⛔ Not found: claim_hover.PNG after 0.01s region=(0, 0, 765, 1038) confidence=0.8
2026-05-10 07:23:32 | INFO | my_functions.py:258 | [DEBUG] Click skipped, image not found: claim_hover.PNG
2026-05-10 07:23:32 | INFO | my_functions.py:231 | [DEBUG] wait_for_image_and_click -> claim!.PNG timeout=0s delay_click=0.2s confidence=0.8
2026-05-10 07:23:32 | INFO | my_functions.py:172 | Searching claim!.PNG (timeout=0s)
2026-05-10 07:23:32 | INFO | my_functions.py:209 | 
⛔ Not found: claim!.PNG after 0.01s region=(0, 0, 765, 1038) confidence=0.8
2026-05-10 07:23:32 | INFO | my_functions.py:258 | [DEBUG] Click skipped, image not found: claim!.PNG
2026-05-10 07:23:32 | INFO | my_functions.py:231 | [DEBUG] wait_for_image_and_click -> claim_hover.PNG timeout=0s delay_click=0.2s confidence=0.8
2026-05-10 07:23:32 | INFO | my_functions.py:172 | Searching claim_hover.PNG (timeout=0s)
2026-05-10 07:23:32 | INFO | my_functions.py:209 | 
⛔ Not found: claim_hover.PNG after 0.01s region=(0, 0, 765, 1038) confidence=0.8
2026-05-10 07:23:32 | INFO | my_functions.py:258 | [DEBUG] Click skipped, image not found: claim_hover.PNG
2026-05-10 07:23:32 | INFO | my_functions.py:231 | [DEBUG] wait_for_image_and_click -> claim!.PNG timeout=0s delay_click=0.2s confidence=0.8
2026-05-10 07:23:32 | INFO | my_functions.py:172 | Searching claim!.PNG (timeout=0s)
2026-05-10 07:23:33 | INFO | my_functions.py:209 | 
⛔ Not found: claim!.PNG after 0.01s region=(0, 0, 765, 1038) confidence=0.8
2026-05-10 07:23:33 | INFO | my_functions.py:258 | [DEBUG] Click skipped, image not found: claim!.PNG
2026-05-10 07:23:33 | INFO | my_functions.py:231 | [DEBUG] wait_for_image_and_click -> claim_hover.PNG timeout=0s delay_click=0.2s confidence=0.8
2026-05-10 07:23:33 | INFO | my_functions.py:172 | Searching claim_hover.PNG (timeout=0s)
2026-05-10 07:23:33 | INFO | my_functions.py:209 | 
⛔ Not found: claim_hover.PNG after 0.22s region=(0, 0, 765, 1038) confidence=0.8
2026-05-10 07:23:33 | INFO | my_functions.py:258 | [DEBUG] Click skipped, image not found: claim_hover.PNG
2026-05-10 07:23:33 | INFO | my_functions.py:231 | [DEBUG] wait_for_image_and_click -> weekly3.PNG timeout=0s delay_click=0.1s confidence=0.8
2026-05-10 07:23:33 | INFO | my_functions.py:172 | Searching weekly3.PNG (timeout=0s)
2026-05-10 07:23:33 | INFO | my_functions.py:209 | 
⛔ Not found: weekly3.PNG after 0.01s region=(0, 0, 765, 1038) confidence=0.8
2026-05-10 07:23:33 | INFO | my_functions.py:258 | [DEBUG] Click skipped, image not found: weekly3.PNG
2026-05-10 07:23:33 | INFO | my_functions.py:231 | [DEBUG] wait_for_image_and_click -> weekly3.PNG timeout=0s delay_click=0.1s confidence=0.8
2026-05-10 07:23:33 | INFO | my_functions.py:172 | Searching weekly3.PNG (timeout=0s)
2026-05-10 07:23:33 | INFO | my_functions.py:209 | 
⛔ Not found: weekly3.PNG after 0.01s region=(0, 0, 765, 1038) confidence=0.8
2026-05-10 07:23:34 | INFO | my_functions.py:258 | [DEBUG] Click skipped, image not found: weekly3.PNG
2026-05-10 07:23:34 | INFO | my_functions.py:231 | [DEBUG] wait_for_image_and_click -> weekly3.PNG timeout=0s delay_click=0.1s confidence=0.8
2026-05-10 07:23:34 | INFO | my_functions.py:172 | Searching weekly3.PNG (timeout=0s)
2026-05-10 07:23:34 | INFO | my_functions.py:209 | 
⛔ Not found: weekly3.PNG after 0.01s region=(0, 0, 765, 1038) confidence=0.8
2026-05-10 07:23:34 | INFO | my_functions.py:258 | [DEBUG] Click skipped, image not found: weekly3.PNG
2026-05-10 07:23:34 | INFO | my_functions.py:231 | [DEBUG] wait_for_image_and_click -> weekly3.PNG timeout=0s delay_click=0.1s confidence=0.8
2026-05-10 07:23:34 | INFO | my_functions.py:172 | Searching weekly3.PNG (timeout=0s)
2026-05-10 07:23:34 | INFO | my_functions.py:209 | 
⛔ Not found: weekly3.PNG after 0.01s region=(0, 0, 765, 1038) confidence=0.8
2026-05-10 07:23:34 | INFO | my_functions.py:258 | [DEBUG] Click skipped, image not found: weekly3.PNG
2026-05-10 07:23:34 | INFO | my_functions.py:231 | [DEBUG] wait_for_image_and_click -> weekly3.PNG timeout=0s delay_click=0.1s confidence=0.8
2026-05-10 07:23:34 | INFO | my_functions.py:172 | Searching weekly3.PNG (timeout=0s)
2026-05-10 07:23:34 | INFO | my_functions.py:209 | 
⛔ Not found: weekly3.PNG after 0.01s region=(0, 0, 765, 1038) confidence=0.8
2026-05-10 07:23:34 | INFO | my_functions.py:258 | [DEBUG] Click skipped, image not found: weekly3.PNG
2026-05-10 07:23:34 | INFO | my_functions.py:231 | [DEBUG] wait_for_image_and_click -> weekly3.PNG timeout=0s delay_click=0.1s confidence=0.8
2026-05-10 07:23:34 | INFO | my_functions.py:172 | Searching weekly3.PNG (timeout=0s)
2026-05-10 07:23:34 | INFO | my_functions.py:209 | 
⛔ Not found: weekly3.PNG after 0.01s region=(0, 0, 765, 1038) confidence=0.8
2026-05-10 07:23:34 | INFO | my_functions.py:258 | [DEBUG] Click skipped, image not found: weekly3.PNG
2026-05-10 07:23:34 | INFO | my_functions.py:231 | [DEBUG] wait_for_image_and_click -> weekly3.PNG timeout=0s delay_click=0.1s confidence=0.8
2026-05-10 07:23:34 | INFO | my_functions.py:172 | Searching weekly3.PNG (timeout=0s)
2026-05-10 07:23:34 | INFO | my_functions.py:209 | 
⛔ Not found: weekly3.PNG after 0.0s region=(0, 0, 765, 1038) confidence=0.8
2026-05-10 07:23:34 | INFO | my_functions.py:258 | [DEBUG] Click skipped, image not found: weekly3.PNG
2026-05-10 07:23:34 | INFO | my_functions.py:231 | [DEBUG] wait_for_image_and_click -> weekly3.PNG timeout=0s delay_click=0.1s confidence=0.8
2026-05-10 07:23:34 | INFO | my_functions.py:172 | Searching weekly3.PNG (timeout=0s)
2026-05-10 07:23:35 | INFO | my_functions.py:209 | 
⛔ Not found: weekly3.PNG after 0.0s region=(0, 0, 765, 1038) confidence=0.8
2026-05-10 07:23:35 | INFO | my_functions.py:258 | [DEBUG] Click skipped, image not found: weekly3.PNG
2026-05-10 07:23:35 | INFO | my_functions.py:231 | [DEBUG] wait_for_image_and_click -> weekly3.PNG timeout=0s delay_click=0.1s confidence=0.8
2026-05-10 07:23:35 | INFO | my_functions.py:172 | Searching weekly3.PNG (timeout=0s)
2026-05-10 07:23:35 | INFO | my_functions.py:209 | 
⛔ Not found: weekly3.PNG after 0.0s region=(0, 0, 765, 1038) confidence=0.8
2026-05-10 07:23:35 | INFO | my_functions.py:258 | [DEBUG] Click skipped, image not found: weekly3.PNG
2026-05-10 07:23:35 | INFO | my_functions.py:231 | [DEBUG] wait_for_image_and_click -> weekly3.PNG timeout=0s delay_click=0.1s confidence=0.8
2026-05-10 07:23:35 | INFO | my_functions.py:172 | Searching weekly3.PNG (timeout=0s)
2026-05-10 07:23:35 | INFO | my_functions.py:209 | 
⛔ Not found: weekly3.PNG after 0.0s region=(0, 0, 765, 1038) confidence=0.8
2026-05-10 07:23:35 | INFO | my_functions.py:258 | [DEBUG] Click skipped, image not found: weekly3.PNG
2026-05-10 07:23:35 | INFO | my_functions.py:231 | [DEBUG] wait_for_image_and_click -> weekly3.PNG timeout=0s delay_click=0.1s confidence=0.8
2026-05-10 07:23:35 | INFO | my_functions.py:172 | Searching weekly3.PNG (timeout=0s)
2026-05-10 07:23:35 | INFO | my_functions.py:209 | 
⛔ Not found: weekly3.PNG after 0.0s region=(0, 0, 765, 1038) confidence=0.8
2026-05-10 07:23:35 | INFO | my_functions.py:258 | [DEBUG] Click skipped, image not found: weekly3.PNG
2026-05-10 07:23:35 | INFO | my_functions.py:138 | Haciendo click en la posición (557, 64)
2026-05-10 07:23:36 | INFO | my_functions.py:231 | [DEBUG] wait_for_image_and_click -> cards_shop.PNG timeout=20s delay_click=1s confidence=0.8
2026-05-10 07:23:36 | INFO | my_functions.py:172 | Searching cards_shop.PNG (timeout=20s)
2026-05-10 07:23:37 | INFO | my_functions.py:198 | 
✅ Found: cards_shop.PNG pos=(568, 121) time=0.6s confidence=0.8
2026-05-10 07:23:38 | INFO | my_functions.py:138 | Haciendo click en la posición (568, 121)
2026-05-10 07:23:38 | INFO | my_functions.py:251 | 🖱️ Click OK: cards_shop.PNG at (568, 121) delay=1s
2026-05-10 07:23:38 | INFO | my_functions.py:231 | [DEBUG] wait_for_image_and_click -> token_icon.PNG timeout=20s delay_click=1s confidence=0.8
2026-05-10 07:23:38 | INFO | my_functions.py:172 | Searching token_icon.PNG (timeout=20s)
2026-05-10 07:23:40 | INFO | my_functions.py:198 | 
✅ Found: token_icon.PNG pos=(531, 171) time=1.98s confidence=0.8
2026-05-10 07:23:41 | INFO | my_functions.py:138 | Haciendo click en la posición (531, 171)
2026-05-10 07:23:41 | INFO | my_functions.py:251 | 🖱️ Click OK: token_icon.PNG at (531, 171) delay=1s
2026-05-10 07:23:43 | INFO | my_functions.py:231 | [DEBUG] wait_for_image_and_click -> claim!_token_3.PNG timeout=4s delay_click=1s confidence=0.8
2026-05-10 07:23:43 | INFO | my_functions.py:172 | Searching claim!_token_3.PNG (timeout=4s)
2026-05-10 07:23:48 | INFO | my_functions.py:209 | 
⛔ Not found: claim!_token_3.PNG after 4.03s region=(0, 0, 765, 1038) confidence=0.8
2026-05-10 07:23:48 | INFO | my_functions.py:258 | [DEBUG] Click skipped, image not found: claim!_token_3.PNG
2026-05-10 07:23:48 | INFO | my_functions.py:231 | [DEBUG] wait_for_image_and_click -> offers.PNG timeout=0.1s delay_click=1s confidence=0.8
2026-05-10 07:23:48 | INFO | my_functions.py:172 | Searching offers.PNG (timeout=0.1s)
2026-05-10 07:23:48 | INFO | my_functions.py:198 | 
✅ Found: offers.PNG pos=(197, 121) time=0.22s confidence=0.8
2026-05-10 07:23:49 | INFO | my_functions.py:138 | Haciendo click en la posición (197, 121)
2026-05-10 07:23:49 | INFO | my_functions.py:251 | 🖱️ Click OK: offers.PNG at (197, 121) delay=1s
2026-05-10 07:23:49 | INFO | my_functions.py:231 | [DEBUG] wait_for_image_and_click -> credits_selected.png timeout=0.1s delay_click=1s confidence=0.8
2026-05-10 07:23:49 | INFO | my_functions.py:172 | Searching credits_selected.png (timeout=0.1s)
2026-05-10 07:23:49 | INFO | my_functions.py:209 | 
⛔ Not found: credits_selected.png after 0.19s region=(0, 0, 765, 1038) confidence=0.8
2026-05-10 07:23:49 | INFO | my_functions.py:258 | [DEBUG] Click skipped, image not found: credits_selected.png
2026-05-10 07:23:49 | INFO | my_functions.py:231 | [DEBUG] wait_for_image_and_click -> credits.PNG timeout=0.1s delay_click=1s confidence=0.95
2026-05-10 07:23:49 | INFO | my_functions.py:172 | Searching credits.PNG (timeout=0.1s)
2026-05-10 07:23:50 | INFO | my_functions.py:198 | 
✅ Found: credits.PNG pos=(442, 172) time=0.2s confidence=0.95
2026-05-10 07:23:51 | INFO | my_functions.py:138 | Haciendo click en la posición (442, 172)
2026-05-10 07:23:51 | INFO | my_functions.py:251 | 🖱️ Click OK: credits.PNG at (442, 172) delay=1s
2026-05-10 07:23:52 | INFO | my_functions.py:231 | [DEBUG] wait_for_image_and_click -> claim_25_credits.png timeout=2s delay_click=1s confidence=0.8
2026-05-10 07:23:52 | INFO | my_functions.py:172 | Searching claim_25_credits.png (timeout=2s)
2026-05-10 07:23:53 | INFO | my_functions.py:198 | 
✅ Found: claim_25_credits.png pos=(236, 328) time=0.19s confidence=0.8
2026-05-10 07:23:54 | INFO | my_functions.py:138 | Haciendo click en la posición (236, 328)
2026-05-10 07:23:54 | INFO | my_functions.py:251 | 🖱️ Click OK: claim_25_credits.png at (236, 328) delay=1s
2026-05-10 07:23:54 | INFO | my_functions.py:231 | [DEBUG] wait_for_image_and_click -> cards_shop.PNG timeout=20s delay_click=1s confidence=0.8
2026-05-10 07:23:54 | INFO | my_functions.py:172 | Searching cards_shop.PNG (timeout=20s)
2026-05-10 07:23:54 | INFO | my_functions.py:198 | 
✅ Found: cards_shop.PNG pos=(568, 121) time=0.23s confidence=0.8
2026-05-10 07:23:55 | INFO | my_functions.py:138 | Haciendo click en la posición (568, 121)
2026-05-10 07:23:55 | INFO | my_functions.py:251 | 🖱️ Click OK: cards_shop.PNG at (568, 121) delay=1s
2026-05-10 07:23:55 | INFO | my_functions.py:231 | [DEBUG] wait_for_image_and_click -> offers.PNG timeout=20s delay_click=1s confidence=0.8
2026-05-10 07:23:55 | INFO | my_functions.py:172 | Searching offers.PNG (timeout=20s)
2026-05-10 07:23:55 | INFO | my_functions.py:198 | 
✅ Found: offers.PNG pos=(197, 122) time=0.18s confidence=0.8
2026-05-10 07:23:56 | INFO | my_functions.py:138 | Haciendo click en la posición (197, 122)
2026-05-10 07:23:57 | INFO | my_functions.py:251 | 🖱️ Click OK: offers.PNG at (197, 122) delay=1s
2026-05-10 07:23:57 | INFO | my_functions.py:1491 | [INFO] Iniciando mejora de cartas
2026-05-10 07:23:57 | INFO | my_functions.py:231 | [DEBUG] wait_for_image_and_click -> upgrade_cards_icon.PNG timeout=20s delay_click=1s confidence=0.8
2026-05-10 07:23:57 | INFO | my_functions.py:172 | Searching upgrade_cards_icon.PNG (timeout=20s)
2026-05-10 07:23:57 | INFO | my_functions.py:198 | 
✅ Found: upgrade_cards_icon.PNG pos=(322, 170) time=0.19s confidence=0.8
2026-05-10 07:23:58 | INFO | my_functions.py:138 | Haciendo click en la posición (322, 170)
2026-05-10 07:23:58 | INFO | my_functions.py:251 | 🖱️ Click OK: upgrade_cards_icon.PNG at (322, 170) delay=1s
2026-05-10 07:23:58 | INFO | my_functions.py:1495 | [INFO] Abriendo icono de upgrade_cards
2026-05-10 07:23:59 | INFO | my_functions.py:1501 | [STEP] Mejorando carta 1
2026-05-10 07:23:59 | INFO | my_functions.py:1505 | [ACTION] Click en carta 1
2026-05-10 07:24:00 | INFO | my_functions.py:1510 | [ACTION] Click en botón upgrade
2026-05-10 07:24:07 | INFO | my_functions.py:231 | [DEBUG] wait_for_image_and_click -> you_need_more_credits!.png timeout=3s delay_click=1s confidence=0.8
2026-05-10 07:24:07 | INFO | my_functions.py:172 | Searching you_need_more_credits!.png (timeout=3s)
2026-05-10 07:24:11 | INFO | my_functions.py:209 | 
⛔ Not found: you_need_more_credits!.png after 3.03s region=(0, 0, 765, 1038) confidence=0.8
2026-05-10 07:24:11 | INFO | my_functions.py:258 | [DEBUG] Click skipped, image not found: you_need_more_credits!.png
2026-05-10 07:24:16 | INFO | my_functions.py:1525 | [ACTION] Click para continuar a stage de nivel de coleccion
2026-05-10 07:24:21 | INFO | my_functions.py:146 | Presionando ESC (1/1)
2026-05-10 07:24:21 | INFO | my_functions.py:1530 | [ACTION] Saliendo de stage nivel de coleccion con ESC
2026-05-10 07:24:22 | INFO | my_functions.py:231 | [DEBUG] wait_for_image_and_click -> upgrade_cards_icon_selected.PNG timeout=0s delay_click=1s confidence=0.8
2026-05-10 07:24:22 | INFO | my_functions.py:172 | Searching upgrade_cards_icon_selected.PNG (timeout=0s)
2026-05-10 07:24:23 | INFO | my_functions.py:198 | 
✅ Found: upgrade_cards_icon_selected.PNG pos=(320, 173) time=0.19s confidence=0.8
2026-05-10 07:24:24 | INFO | my_functions.py:138 | Haciendo click en la posición (320, 173)
2026-05-10 07:24:24 | INFO | my_functions.py:251 | 🖱️ Click OK: upgrade_cards_icon_selected.PNG at (320, 173) delay=1s
2026-05-10 07:24:24 | INFO | my_functions.py:1550 | [INFO] Reabriendo icono de upgrade_cards
2026-05-10 07:24:25 | INFO | my_functions.py:1501 | [STEP] Mejorando carta 2
2026-05-10 07:24:25 | INFO | my_functions.py:1505 | [ACTION] Click en carta 2
2026-05-10 07:24:26 | INFO | my_functions.py:1510 | [ACTION] Click en botón upgrade
2026-05-10 07:24:33 | INFO | my_functions.py:231 | [DEBUG] wait_for_image_and_click -> you_need_more_credits!.png timeout=3s delay_click=1s confidence=0.8
2026-05-10 07:24:33 | INFO | my_functions.py:172 | Searching you_need_more_credits!.png (timeout=3s)
2026-05-10 07:24:36 | INFO | my_functions.py:209 | 
⛔ Not found: you_need_more_credits!.png after 3.18s region=(0, 0, 765, 1038) confidence=0.8
2026-05-10 07:24:36 | INFO | my_functions.py:258 | [DEBUG] Click skipped, image not found: you_need_more_credits!.png
2026-05-10 07:24:42 | INFO | my_functions.py:1525 | [ACTION] Click para continuar a stage de nivel de coleccion
2026-05-10 07:24:47 | INFO | my_functions.py:146 | Presionando ESC (1/1)
2026-05-10 07:24:47 | INFO | my_functions.py:1530 | [ACTION] Saliendo de stage nivel de coleccion con ESC
2026-05-10 07:24:48 | INFO | my_functions.py:231 | [DEBUG] wait_for_image_and_click -> upgrade_cards_icon_selected.PNG timeout=0s delay_click=1s confidence=0.8
2026-05-10 07:24:48 | INFO | my_functions.py:172 | Searching upgrade_cards_icon_selected.PNG (timeout=0s)
2026-05-10 07:24:48 | INFO | my_functions.py:198 | 
✅ Found: upgrade_cards_icon_selected.PNG pos=(320, 173) time=0.18s confidence=0.8
2026-05-10 07:24:49 | INFO | my_functions.py:138 | Haciendo click en la posición (320, 173)
2026-05-10 07:24:50 | INFO | my_functions.py:251 | 🖱️ Click OK: upgrade_cards_icon_selected.PNG at (320, 173) delay=1s
2026-05-10 07:24:50 | INFO | my_functions.py:1550 | [INFO] Reabriendo icono de upgrade_cards
2026-05-10 07:24:51 | INFO | my_functions.py:1501 | [STEP] Mejorando carta 3
2026-05-10 07:24:51 | INFO | my_functions.py:1505 | [ACTION] Click en carta 3
2026-05-10 07:24:52 | INFO | my_functions.py:1510 | [ACTION] Click en botón upgrade
2026-05-10 07:24:59 | INFO | my_functions.py:231 | [DEBUG] wait_for_image_and_click -> you_need_more_credits!.png timeout=3s delay_click=1s confidence=0.8
2026-05-10 07:24:59 | INFO | my_functions.py:172 | Searching you_need_more_credits!.png (timeout=3s)
2026-05-10 07:25:02 | INFO | my_functions.py:209 | 
⛔ Not found: you_need_more_credits!.png after 3.09s region=(0, 0, 765, 1038) confidence=0.8
2026-05-10 07:25:02 | INFO | my_functions.py:258 | [DEBUG] Click skipped, image not found: you_need_more_credits!.png
2026-05-10 07:25:07 | INFO | my_functions.py:1525 | [ACTION] Click para continuar a stage de nivel de coleccion
2026-05-10 07:25:12 | INFO | my_functions.py:146 | Presionando ESC (1/1)
2026-05-10 07:25:13 | INFO | my_functions.py:1530 | [ACTION] Saliendo de stage nivel de coleccion con ESC
2026-05-10 07:25:14 | INFO | my_functions.py:1553 | [INFO] Mejora de cartas completada ✅
2026-05-10 07:25:14 | INFO | my_functions.py:146 | Presionando ESC (1/1)
2026-05-10 07:25:15 | INFO | each_eight_hours.py:437 | Finished all games
2026-05-10 07:25:15 | INFO | my_functions.py:1443 | [DEBUG] Starting logout process...
2026-05-10 07:25:15 | INFO | my_functions.py:1445 | [DEBUG] Clicking nut icon...
2026-05-10 07:25:15 | INFO | my_functions.py:231 | [DEBUG] wait_for_image_and_click -> nut.png timeout=20s delay_click=1s confidence=0.8
2026-05-10 07:25:15 | INFO | my_functions.py:172 | Searching nut.png (timeout=20s)
2026-05-10 07:25:15 | INFO | my_functions.py:198 | 
✅ Found: nut.png pos=(184, 78) time=0.21s confidence=0.8
2026-05-10 07:25:16 | INFO | my_functions.py:138 | Haciendo click en la posición (184, 78)
2026-05-10 07:25:16 | INFO | my_functions.py:251 | 🖱️ Click OK: nut.png at (184, 78) delay=1s
2026-05-10 07:25:16 | INFO | my_functions.py:1448 | [DEBUG] Waiting for graphics quality image...
2026-05-10 07:25:16 | INFO | my_functions.py:172 | Searching graphics_quality.png (timeout=3s)
2026-05-10 07:25:17 | INFO | my_functions.py:198 | 
✅ Found: graphics_quality.png pos=(304, 644) time=0.86s confidence=0.8
2026-05-10 07:25:17 | INFO | my_functions.py:1450 | [DEBUG] graphics_quality result: Point(x=304, y=644)
2026-05-10 07:25:17 | INFO | my_functions.py:1456 | [DEBUG] Clicking graphics quality...
2026-05-10 07:25:18 | INFO | my_functions.py:1461 | [DEBUG] Scrolling down...
2026-05-10 07:25:18 | INFO | my_functions.py:1464 | [DEBUG] Clicking sign_out...
2026-05-10 07:25:18 | INFO | my_functions.py:231 | [DEBUG] wait_for_image_and_click -> sign_out.png timeout=20s delay_click=1s confidence=0.8
2026-05-10 07:25:18 | INFO | my_functions.py:172 | Searching sign_out.png (timeout=20s)
2026-05-10 07:25:18 | INFO | my_functions.py:198 | 
✅ Found: sign_out.png pos=(380, 796) time=0.18s confidence=0.8
2026-05-10 07:25:19 | INFO | my_functions.py:138 | Haciendo click en la posición (380, 796)
2026-05-10 07:25:19 | INFO | my_functions.py:251 | 🖱️ Click OK: sign_out.png at (380, 796) delay=1s
2026-05-10 07:25:20 | INFO | my_functions.py:1469 | [DEBUG] Clicking big sign_out...
2026-05-10 07:25:20 | INFO | my_functions.py:231 | [DEBUG] wait_for_image_and_click -> sign_out_grande.png timeout=20s delay_click=1s confidence=0.8
2026-05-10 07:25:20 | INFO | my_functions.py:172 | Searching sign_out_grande.png (timeout=20s)
2026-05-10 07:25:21 | INFO | my_functions.py:198 | 
✅ Found: sign_out_grande.png pos=(359, 437) time=0.19s confidence=0.8
2026-05-10 07:25:22 | INFO | my_functions.py:138 | Haciendo click en la posición (359, 437)
2026-05-10 07:25:22 | INFO | my_functions.py:251 | 🖱️ Click OK: sign_out_grande.png at (359, 437) delay=1s
2026-05-10 07:25:22 | INFO | my_functions.py:1472 | [DEBUG] Clicking sign_out2...
2026-05-10 07:25:22 | INFO | my_functions.py:231 | [DEBUG] wait_for_image_and_click -> sign_out2.png timeout=20s delay_click=1s confidence=0.8
2026-05-10 07:25:22 | INFO | my_functions.py:172 | Searching sign_out2.png (timeout=20s)
2026-05-10 07:25:22 | INFO | my_functions.py:198 | 
✅ Found: sign_out2.png pos=(383, 634) time=0.18s confidence=0.8
2026-05-10 07:25:23 | INFO | my_functions.py:138 | Haciendo click en la posición (383, 634)
2026-05-10 07:25:23 | INFO | my_functions.py:251 | 🖱️ Click OK: sign_out2.png at (383, 634) delay=1s
2026-05-10 07:25:23 | INFO | my_functions.py:1475 | [DEBUG] Resizing SNAP window...
2026-05-10 07:25:23 | INFO | my_functions.py:1668 | ⏱ Esperando 0.1 segundos antes de empezar...
2026-05-10 07:25:23 | INFO | my_functions.py:1675 | 🔍 Esperando ventana que contenga alguna de: SNAP (máx 20s)
2026-05-10 07:25:23 | INFO | my_functions.py:1687 | ✅ Ventana encontrada: 'SNAP'
2026-05-10 07:25:23 | INFO | my_functions.py:1702 | ✅ Ventana seleccionada: 'SNAP'
2026-05-10 07:25:25 | INFO | my_functions.py:1725 | 🔁 Reajuste #1...
2026-05-10 07:25:27 | INFO | my_functions.py:1732 | ✔ Verificación completa. Se hicieron 1 reajustes.
2026-05-10 07:25:29 | INFO | my_functions.py:1484 | snap.exe closed
2026-05-10 07:25:32 | INFO | my_functions.py:1487 | [DEBUG] Logout completed successfully.
2026-05-10 07:25:32 | INFO | each_eight_hours.py:146 | Processing account: robert
2026-05-10 07:25:32 | INFO | each_eight_hours.py:149 | Game relaunched for account
2026-05-10 07:25:32 | INFO | my_functions.py:1668 | ⏱ Esperando 0.1 segundos antes de empezar...
2026-05-10 07:25:32 | INFO | my_functions.py:1675 | 🔍 Esperando ventana que contenga alguna de: ['SNAP'] (máx 20s)
2026-05-10 07:25:34 | INFO | my_functions.py:1687 | ✅ Ventana encontrada: 'SNAP'
2026-05-10 07:25:34 | INFO | my_functions.py:1702 | ✅ Ventana seleccionada: 'SNAP'
2026-05-10 07:25:36 | INFO | my_functions.py:1734 | ✔ Verificación completa. No hubo cambios después del primer ajuste.
2026-05-10 07:25:36 | INFO | each_eight_hours.py:156 | Game window resized
2026-05-10 07:25:36 | INFO | my_functions.py:1207 | [DEBUG] Resizing SNAP window...
2026-05-10 07:25:36 | INFO | my_functions.py:1668 | ⏱ Esperando 0.1 segundos antes de empezar...
2026-05-10 07:25:36 | INFO | my_functions.py:1675 | 🔍 Esperando ventana que contenga alguna de: ['SNAP'] (máx 20s)
2026-05-10 07:25:36 | INFO | my_functions.py:1687 | ✅ Ventana encontrada: 'SNAP'
2026-05-10 07:25:36 | INFO | my_functions.py:1702 | ✅ Ventana seleccionada: 'SNAP'
2026-05-10 07:25:39 | INFO | my_functions.py:1734 | ✔ Verificación completa. No hubo cambios después del primer ajuste.
2026-05-10 07:25:39 | INFO | my_functions.py:231 | [DEBUG] wait_for_image_and_click -> submit.PNG timeout=90s delay_click=0.2s confidence=0.8
2026-05-10 07:25:39 | INFO | my_functions.py:172 | Searching submit.PNG (timeout=90s)
2026-05-10 07:25:42 | INFO | my_functions.py:198 | 
✅ Found: submit.PNG pos=(385, 779) time=3.03s confidence=0.8
2026-05-10 07:25:42 | INFO | my_functions.py:138 | Haciendo click en la posición (385, 779)
2026-05-10 07:25:43 | INFO | my_functions.py:251 | 🖱️ Click OK: submit.PNG at (385, 779) delay=0.2s
2026-05-10 07:25:43 | INFO | my_functions.py:1668 | ⏱ Esperando 0.1 segundos antes de empezar...
2026-05-10 07:25:43 | INFO | my_functions.py:1675 | 🔍 Esperando ventana que contenga alguna de: ['SNAP'] (máx 20s)
2026-05-10 07:25:43 | INFO | my_functions.py:1687 | ✅ Ventana encontrada: 'SNAP'
2026-05-10 07:25:43 | INFO | my_functions.py:1702 | ✅ Ventana seleccionada: 'SNAP'
2026-05-10 07:25:45 | INFO | my_functions.py:1725 | 🔁 Reajuste #1...
2026-05-10 07:25:46 | INFO | my_functions.py:1732 | ✔ Verificación completa. Se hicieron 1 reajustes.
2026-05-10 07:25:46 | INFO | my_functions.py:172 | Searching please_sign.png (timeout=0s)
2026-05-10 07:25:46 | INFO | my_functions.py:198 | 
✅ Found: please_sign.png pos=(383, 438) time=0.18s confidence=0.8
2026-05-10 07:25:46 | INFO | my_functions.py:231 | [DEBUG] wait_for_image_and_click -> ok_btn.png timeout=20s delay_click=1s confidence=0.8
2026-05-10 07:25:46 | INFO | my_functions.py:172 | Searching ok_btn.png (timeout=20s)
2026-05-10 07:25:46 | INFO | my_functions.py:198 | 
✅ Found: ok_btn.png pos=(382, 634) time=0.18s confidence=0.8
2026-05-10 07:25:47 | INFO | my_functions.py:138 | Haciendo click en la posición (382, 634)
2026-05-10 07:25:47 | INFO | my_functions.py:251 | 🖱️ Click OK: ok_btn.png at (382, 634) delay=1s
2026-05-10 07:25:47 | INFO | my_functions.py:231 | [DEBUG] wait_for_image_and_click -> submit.PNG timeout=90s delay_click=0.2s confidence=0.8
2026-05-10 07:25:47 | INFO | my_functions.py:172 | Searching submit.PNG (timeout=90s)
2026-05-10 07:25:48 | INFO | my_functions.py:198 | 
✅ Found: submit.PNG pos=(385, 773) time=1.01s confidence=0.8
2026-05-10 07:25:49 | INFO | my_functions.py:138 | Haciendo click en la posición (385, 773)
2026-05-10 07:25:49 | INFO | my_functions.py:251 | 🖱️ Click OK: submit.PNG at (385, 773) delay=0.2s
2026-05-10 07:25:49 | INFO | my_functions.py:172 | Searching sign_in_with_google2.PNG (timeout=90s)
2026-05-10 07:25:50 | INFO | my_functions.py:198 | 
✅ Found: sign_in_with_google2.PNG pos=(406, 958) time=0.82s confidence=0.8
2026-05-10 07:25:50 | INFO | my_functions.py:231 | [DEBUG] wait_for_image_and_click -> sign_in_with_google2.PNG timeout=20s delay_click=1s confidence=0.8
2026-05-10 07:25:50 | INFO | my_functions.py:172 | Searching sign_in_with_google2.PNG (timeout=20s)
2026-05-10 07:25:50 | INFO | my_functions.py:198 | 
✅ Found: sign_in_with_google2.PNG pos=(406, 957) time=0.31s confidence=0.8
2026-05-10 07:25:51 | INFO | my_functions.py:138 | Haciendo click en la posición (406, 957)
2026-05-10 07:25:51 | INFO | my_functions.py:251 | 🖱️ Click OK: sign_in_with_google2.PNG at (406, 957) delay=1s
2026-05-10 07:25:51 | INFO | my_functions.py:231 | [DEBUG] wait_for_image_and_click -> robert.png timeout=30s delay_click=3s confidence=0.8
2026-05-10 07:25:51 | INFO | my_functions.py:172 | Searching robert.png (timeout=30s)
2026-05-10 07:25:56 | INFO | my_functions.py:198 | 
✅ Found: robert.png pos=(1152, 794) time=5.21s confidence=0.8
2026-05-10 07:25:59 | INFO | my_functions.py:138 | Haciendo click en la posición (1152, 794)
2026-05-10 07:26:00 | INFO | my_functions.py:251 | 🖱️ Click OK: robert.png at (1152, 794) delay=3s
2026-05-10 07:26:02 | INFO | my_functions.py:231 | [DEBUG] wait_for_image_and_click -> python_icon.PNG timeout=5s delay_click=1s confidence=0.8
2026-05-10 07:26:02 | INFO | my_functions.py:172 | Searching python_icon.PNG (timeout=5s)
2026-05-10 07:26:02 | INFO | my_functions.py:198 | 
✅ Found: python_icon.PNG pos=(647, 1054) time=0.33s confidence=0.8
2026-05-10 07:26:03 | INFO | my_functions.py:138 | Haciendo click en la posición (647, 1054)
2026-05-10 07:26:03 | INFO | my_functions.py:251 | 🖱️ Click OK: python_icon.PNG at (647, 1054) delay=1s
2026-05-10 07:26:03 | INFO | my_functions.py:231 | [DEBUG] wait_for_image_and_click -> snap_icon_task_bar.PNG timeout=20s delay_click=1s confidence=0.8
2026-05-10 07:26:03 | INFO | my_functions.py:172 | Searching snap_icon_task_bar.PNG (timeout=20s)
2026-05-10 07:26:04 | INFO | my_functions.py:198 | 
✅ Found: snap_icon_task_bar.PNG pos=(524, 1052) time=0.43s confidence=0.8
2026-05-10 07:26:05 | INFO | my_functions.py:138 | Haciendo click en la posición (524, 1052)
2026-05-10 07:26:05 | INFO | my_functions.py:251 | 🖱️ Click OK: snap_icon_task_bar.PNG at (524, 1052) delay=1s
2026-05-10 07:26:05 | INFO | my_functions.py:172 | Searching play.PNG (timeout=30s)
2026-05-10 07:26:14 | INFO | my_functions.py:198 | 
✅ Found: play.PNG pos=(384, 824) time=8.65s confidence=0.8
2026-05-10 07:26:14 | INFO | my_functions.py:1265 | [DEBUG] Login completado correctamente.
2026-05-10 07:26:14 | INFO | each_eight_hours.py:160 | Login executed
2026-05-10 07:26:14 | INFO | my_functions.py:172 | Searching shop_unselected.PNG (timeout=0s)
2026-05-10 07:26:14 | INFO | my_functions.py:198 | 
✅ Found: shop_unselected.PNG pos=(88, 961) time=0.33s confidence=0.8
2026-05-10 07:26:22 | INFO | my_functions.py:172 | Searching shop_unselected.PNG (timeout=0s)
2026-05-10 07:26:22 | INFO | my_functions.py:209 | 
⛔ Not found: shop_unselected.PNG after 0.0s region=(0, 0, 765, 1038) confidence=0.8
2026-05-10 07:26:23 | INFO | my_functions.py:172 | Searching shop_unselected.PNG (timeout=0s)
2026-05-10 07:26:23 | INFO | my_functions.py:209 | 
⛔ Not found: shop_unselected.PNG after 0.0s region=(0, 0, 765, 1038) confidence=0.8
2026-05-10 07:26:23 | INFO | my_functions.py:231 | [DEBUG] wait_for_image_and_click -> super_premium.PNG timeout=0s delay_click=1s confidence=0.8
2026-05-10 07:26:23 | INFO | my_functions.py:172 | Searching super_premium.PNG (timeout=0s)
2026-05-10 07:26:24 | INFO | my_functions.py:198 | 
✅ Found: super_premium.PNG pos=(480, 777) time=0.19s confidence=0.8
2026-05-10 07:26:25 | INFO | my_functions.py:138 | Haciendo click en la posición (480, 777)
2026-05-10 07:26:25 | INFO | my_functions.py:251 | 🖱️ Click OK: super_premium.PNG at (480, 777) delay=1s
2026-05-10 07:26:25 | INFO | my_functions.py:146 | Presionando ESC (1/1)
2026-05-10 07:26:33 | INFO | my_functions.py:172 | Searching shop_unselected.PNG (timeout=0s)
2026-05-10 07:26:34 | INFO | my_functions.py:198 | 
✅ Found: shop_unselected.PNG pos=(88, 961) time=0.17s confidence=0.8
2026-05-10 07:26:34 | INFO | my_functions.py:720 | Ya esta listo
2026-05-10 07:26:34 | INFO | each_eight_hours.py:163 | Initial images processed
2026-05-10 07:26:34 | INFO | each_eight_hours.py:166 | Chrome terminated
2026-05-10 07:26:34 | INFO | my_functions.py:231 | [DEBUG] wait_for_image_and_click -> missions_unnotified2.png timeout=20s delay_click=1s confidence=0.8
2026-05-10 07:26:34 | INFO | my_functions.py:172 | Searching missions_unnotified2.png (timeout=20s)
2026-05-10 07:26:34 | INFO | my_functions.py:198 | 
✅ Found: missions_unnotified2.png pos=(516, 127) time=0.21s confidence=0.8
2026-05-10 07:26:35 | INFO | my_functions.py:138 | Haciendo click en la posición (516, 127)
2026-05-10 07:26:35 | INFO | my_functions.py:251 | 🖱️ Click OK: missions_unnotified2.png at (516, 127) delay=1s
2026-05-10 07:26:35 | INFO | my_functions.py:231 | [DEBUG] wait_for_image_and_click -> calendar_missions_daily.png timeout=3s delay_click=1s confidence=0.8
2026-05-10 07:26:35 | INFO | my_functions.py:172 | Searching calendar_missions_daily.png (timeout=3s)
2026-05-10 07:26:36 | INFO | my_functions.py:198 | 
✅ Found: calendar_missions_daily.png pos=(189, 131) time=1.23s confidence=0.8
2026-05-10 07:26:37 | INFO | my_functions.py:138 | Haciendo click en la posición (189, 131)
2026-05-10 07:26:38 | INFO | my_functions.py:251 | 🖱️ Click OK: calendar_missions_daily.png at (189, 131) delay=1s
2026-05-10 07:26:38 | INFO | each_eight_hours.py:180 | Mission screens opened
2026-05-10 07:26:38 | INFO | my_functions.py:295 | JSON file located at C:\Users\Farm\AppData\LocalLow\Second Dinner\SNAP\Standalone\States\nvprod\MissionState.json
2026-05-10 07:26:41 | INFO | my_functions.py:434 | AVAILABLE: 6
2026-05-10 07:26:41 | INFO | my_functions.py:444 | [INFO] Waiting for Notepad++ process...
2026-05-10 07:26:41 | INFO | my_functions.py:458 | [INFO] Notepad++ detected PID=10204
2026-05-10 07:26:44 | INFO | my_functions.py:466 | [SUCCESS] Notepad++ closed successfully
2026-05-10 07:26:45 | INFO | my_functions.py:1593 | [INFO] Iniciando click_missions_blue2
2026-05-10 07:26:45 | INFO | my_functions.py:138 | Haciendo click en la posición (150, 132)
2026-05-10 07:26:46 | INFO | my_functions.py:1596 | [ACTION] Click hecho en icono de calendario que me dirige a las misiones ordinarias
2026-05-10 07:26:46 | INFO | my_functions.py:172 | Searching bonus_challenge.png (timeout=0s)
2026-05-10 07:26:46 | INFO | my_functions.py:209 | 
⛔ Not found: bonus_challenge.png after 0.0s region=(0, 0, 765, 1038) confidence=0.8
2026-05-10 07:26:48 | INFO | my_functions.py:172 | Searching flechita_mission.PNG (timeout=0s)
2026-05-10 07:26:48 | INFO | my_functions.py:209 | 
⛔ Not found: flechita_mission.PNG after 0.0s region=(0, 0, 765, 1038) confidence=0.8
2026-05-10 07:26:48 | INFO | my_functions.py:231 | [DEBUG] wait_for_image_and_click -> weekly3.PNG timeout=0s delay_click=0.1s confidence=0.8
2026-05-10 07:26:48 | INFO | my_functions.py:172 | Searching weekly3.PNG (timeout=0s)
2026-05-10 07:26:48 | INFO | my_functions.py:209 | 
⛔ Not found: weekly3.PNG after 0.0s region=(0, 0, 765, 1038) confidence=0.8
2026-05-10 07:26:48 | INFO | my_functions.py:258 | [DEBUG] Click skipped, image not found: weekly3.PNG
2026-05-10 07:26:48 | INFO | my_functions.py:231 | [DEBUG] wait_for_image_and_click -> weekly3.PNG timeout=0s delay_click=0.1s confidence=0.8
2026-05-10 07:26:48 | INFO | my_functions.py:172 | Searching weekly3.PNG (timeout=0s)
2026-05-10 07:26:49 | INFO | my_functions.py:209 | 
⛔ Not found: weekly3.PNG after 0.01s region=(0, 0, 765, 1038) confidence=0.8
2026-05-10 07:26:49 | INFO | my_functions.py:258 | [DEBUG] Click skipped, image not found: weekly3.PNG
2026-05-10 07:26:49 | INFO | my_functions.py:231 | [DEBUG] wait_for_image_and_click -> weekly3.PNG timeout=0s delay_click=0.1s confidence=0.8
2026-05-10 07:26:49 | INFO | my_functions.py:172 | Searching weekly3.PNG (timeout=0s)
2026-05-10 07:26:49 | INFO | my_functions.py:209 | 
⛔ Not found: weekly3.PNG after 0.01s region=(0, 0, 765, 1038) confidence=0.8
2026-05-10 07:26:49 | INFO | my_functions.py:258 | [DEBUG] Click skipped, image not found: weekly3.PNG
2026-05-10 07:26:49 | INFO | my_functions.py:231 | [DEBUG] wait_for_image_and_click -> weekly3.PNG timeout=0s delay_click=0.1s confidence=0.8
2026-05-10 07:26:49 | INFO | my_functions.py:172 | Searching weekly3.PNG (timeout=0s)
2026-05-10 07:26:49 | INFO | my_functions.py:209 | 
⛔ Not found: weekly3.PNG after 0.01s region=(0, 0, 765, 1038) confidence=0.8
2026-05-10 07:26:49 | INFO | my_functions.py:258 | [DEBUG] Click skipped, image not found: weekly3.PNG
2026-05-10 07:26:49 | INFO | my_functions.py:231 | [DEBUG] wait_for_image_and_click -> weekly3.PNG timeout=0s delay_click=0.1s confidence=0.8
2026-05-10 07:26:49 | INFO | my_functions.py:172 | Searching weekly3.PNG (timeout=0s)
2026-05-10 07:26:49 | INFO | my_functions.py:209 | 
⛔ Not found: weekly3.PNG after 0.01s region=(0, 0, 765, 1038) confidence=0.8
2026-05-10 07:26:49 | INFO | my_functions.py:258 | [DEBUG] Click skipped, image not found: weekly3.PNG
2026-05-10 07:26:49 | INFO | my_functions.py:231 | [DEBUG] wait_for_image_and_click -> weekly3.PNG timeout=0s delay_click=0.1s confidence=0.8
2026-05-10 07:26:49 | INFO | my_functions.py:172 | Searching weekly3.PNG (timeout=0s)
2026-05-10 07:26:49 | INFO | my_functions.py:209 | 
⛔ Not found: weekly3.PNG after 0.01s region=(0, 0, 765, 1038) confidence=0.8
2026-05-10 07:26:49 | INFO | my_functions.py:258 | [DEBUG] Click skipped, image not found: weekly3.PNG
2026-05-10 07:26:49 | INFO | my_functions.py:231 | [DEBUG] wait_for_image_and_click -> weekly3.PNG timeout=0s delay_click=0.1s confidence=0.8
2026-05-10 07:26:49 | INFO | my_functions.py:172 | Searching weekly3.PNG (timeout=0s)
2026-05-10 07:26:50 | INFO | my_functions.py:209 | 
⛔ Not found: weekly3.PNG after 0.0s region=(0, 0, 765, 1038) confidence=0.8
2026-05-10 07:26:50 | INFO | my_functions.py:258 | [DEBUG] Click skipped, image not found: weekly3.PNG
2026-05-10 07:26:50 | INFO | my_functions.py:231 | [DEBUG] wait_for_image_and_click -> weekly3.PNG timeout=0s delay_click=0.1s confidence=0.8
2026-05-10 07:26:50 | INFO | my_functions.py:172 | Searching weekly3.PNG (timeout=0s)
2026-05-10 07:26:50 | INFO | my_functions.py:209 | 
⛔ Not found: weekly3.PNG after 0.0s region=(0, 0, 765, 1038) confidence=0.8
2026-05-10 07:26:50 | INFO | my_functions.py:258 | [DEBUG] Click skipped, image not found: weekly3.PNG
2026-05-10 07:26:50 | INFO | my_functions.py:231 | [DEBUG] wait_for_image_and_click -> weekly3.PNG timeout=0s delay_click=0.1s confidence=0.8
2026-05-10 07:26:50 | INFO | my_functions.py:172 | Searching weekly3.PNG (timeout=0s)
2026-05-10 07:26:50 | INFO | my_functions.py:209 | 
⛔ Not found: weekly3.PNG after 0.0s region=(0, 0, 765, 1038) confidence=0.8
2026-05-10 07:26:50 | INFO | my_functions.py:258 | [DEBUG] Click skipped, image not found: weekly3.PNG
2026-05-10 07:26:50 | INFO | my_functions.py:231 | [DEBUG] wait_for_image_and_click -> weekly3.PNG timeout=0s delay_click=0.1s confidence=0.8
2026-05-10 07:26:50 | INFO | my_functions.py:172 | Searching weekly3.PNG (timeout=0s)
2026-05-10 07:26:50 | INFO | my_functions.py:209 | 
⛔ Not found: weekly3.PNG after 0.0s region=(0, 0, 765, 1038) confidence=0.8
2026-05-10 07:26:50 | INFO | my_functions.py:258 | [DEBUG] Click skipped, image not found: weekly3.PNG
2026-05-10 07:26:50 | INFO | my_functions.py:231 | [DEBUG] wait_for_image_and_click -> weekly3.PNG timeout=0s delay_click=0.1s confidence=0.8
2026-05-10 07:26:50 | INFO | my_functions.py:172 | Searching weekly3.PNG (timeout=0s)
2026-05-10 07:26:50 | INFO | my_functions.py:209 | 
⛔ Not found: weekly3.PNG after 0.01s region=(0, 0, 765, 1038) confidence=0.8
2026-05-10 07:26:50 | INFO | my_functions.py:258 | [DEBUG] Click skipped, image not found: weekly3.PNG
2026-05-10 07:26:50 | INFO | my_functions.py:295 | JSON file located at C:\Users\Farm\AppData\LocalLow\Second Dinner\SNAP\Standalone\States\nvprod\MissionState.json
2026-05-10 07:26:53 | INFO | my_functions.py:434 | AVAILABLE: 6
2026-05-10 07:26:53 | INFO | my_functions.py:444 | [INFO] Waiting for Notepad++ process...
2026-05-10 07:26:53 | INFO | my_functions.py:458 | [INFO] Notepad++ detected PID=1040
2026-05-10 07:26:56 | INFO | my_functions.py:466 | [SUCCESS] Notepad++ closed successfully
2026-05-10 07:26:57 | INFO | my_functions.py:146 | Presionando ESC (1/1)
2026-05-10 07:26:58 | INFO | my_functions.py:231 | [DEBUG] wait_for_image_and_click -> white_x.png timeout=2s delay_click=1s confidence=0.8
2026-05-10 07:26:58 | INFO | my_functions.py:172 | Searching white_x.png (timeout=2s)
2026-05-10 07:27:00 | INFO | my_functions.py:209 | 
⛔ Not found: white_x.png after 2.13s region=(0, 0, 765, 1038) confidence=0.8
2026-05-10 07:27:00 | INFO | my_functions.py:258 | [DEBUG] Click skipped, image not found: white_x.png
2026-05-10 07:27:00 | INFO | my_functions.py:172 | Searching play.PNG (timeout=0s)
2026-05-10 07:27:01 | INFO | my_functions.py:198 | 
✅ Found: play.PNG pos=(384, 824) time=0.21s confidence=0.8
2026-05-10 07:27:01 | INFO | my_functions.py:1563 | [INFO] Click realizado donde se equipa el deck a jugar
2026-05-10 07:27:05 | INFO | my_functions.py:231 | [DEBUG] wait_for_image_and_click -> deck_666666.png timeout=3s delay_click=1s confidence=0.8
2026-05-10 07:27:05 | INFO | my_functions.py:172 | Searching deck_666666.png (timeout=3s)
2026-05-10 07:27:05 | INFO | my_functions.py:198 | 
✅ Found: deck_666666.png pos=(234, 702) time=0.2s confidence=0.8
2026-05-10 07:27:06 | INFO | my_functions.py:138 | Haciendo click en la posición (234, 702)
2026-05-10 07:27:06 | INFO | my_functions.py:251 | 🖱️ Click OK: deck_666666.png at (234, 702) delay=1s
2026-05-10 07:27:06 | INFO | my_functions.py:231 | [DEBUG] wait_for_image_and_click -> equip.png timeout=3s delay_click=1s confidence=0.95
2026-05-10 07:27:06 | INFO | my_functions.py:172 | Searching equip.png (timeout=3s)
2026-05-10 07:27:06 | INFO | my_functions.py:198 | 
✅ Found: equip.png pos=(548, 983) time=0.19s confidence=0.95
2026-05-10 07:27:07 | INFO | my_functions.py:138 | Haciendo click en la posición (548, 983)
2026-05-10 07:27:08 | INFO | my_functions.py:251 | 🖱️ Click OK: equip.png at (548, 983) delay=1s
2026-05-10 07:27:08 | INFO | each_eight_hours.py:217 | Deck selected: 6turns
2026-05-10 07:27:08 | INFO | my_functions.py:231 | [DEBUG] wait_for_image_and_click -> maybe_later.PNG timeout=2s delay_click=1s confidence=0.8
2026-05-10 07:27:08 | INFO | my_functions.py:172 | Searching maybe_later.PNG (timeout=2s)
2026-05-10 07:27:10 | INFO | my_functions.py:209 | 
⛔ Not found: maybe_later.PNG after 2.13s region=(0, 0, 765, 1038) confidence=0.8
2026-05-10 07:27:10 | INFO | my_functions.py:258 | [DEBUG] Click skipped, image not found: maybe_later.PNG
2026-05-10 07:27:10 | INFO | my_functions.py:231 | [DEBUG] wait_for_image_and_click -> maybe_later2.PNG timeout=2s delay_click=1s confidence=0.8
2026-05-10 07:27:10 | INFO | my_functions.py:172 | Searching maybe_later2.PNG (timeout=2s)
2026-05-10 07:27:12 | INFO | my_functions.py:209 | 
⛔ Not found: maybe_later2.PNG after 2.27s region=(0, 0, 765, 1038) confidence=0.8
2026-05-10 07:27:12 | INFO | my_functions.py:258 | [DEBUG] Click skipped, image not found: maybe_later2.PNG
2026-05-10 07:27:12 | INFO | each_eight_hours.py:287 | Starting game loop 1
2026-05-10 07:27:12 | INFO | my_functions.py:231 | [DEBUG] wait_for_image_and_click -> play.PNG timeout=20s delay_click=3s confidence=0.8
2026-05-10 07:27:12 | INFO | my_functions.py:172 | Searching play.PNG (timeout=20s)
2026-05-10 07:27:13 | INFO | my_functions.py:198 | 
✅ Found: play.PNG pos=(384, 824) time=0.3s confidence=0.8
2026-05-10 07:27:16 | INFO | my_functions.py:138 | Haciendo click en la posición (384, 824)
2026-05-10 07:27:16 | INFO | my_functions.py:251 | 🖱️ Click OK: play.PNG at (384, 824) delay=3s
2026-05-10 07:27:16 | INFO | each_eight_hours.py:293 | Play button clicked
2026-05-10 07:27:28 | INFO | my_functions.py:198 | 
✅ Found: end_turn.PNG pos=(681, 945) time=0.23s confidence=0.8
2026-05-10 07:27:28 | INFO | my_functions.py:231 | [DEBUG] wait_for_image_and_click -> snap.PNG timeout=0s delay_click=1s confidence=0.8
2026-05-10 07:27:28 | INFO | my_functions.py:198 | 
✅ Found: snap.PNG pos=(386, 122) time=0.25s confidence=0.8
2026-05-10 07:27:29 | INFO | my_functions.py:138 | Haciendo click en la posición (386, 122)
2026-05-10 07:27:29 | INFO | my_functions.py:251 | 🖱️ Click OK: snap.PNG at (386, 122) delay=1s
2026-05-10 07:27:34 | INFO | my_functions.py:138 | Haciendo click en la posición (681, 945)
2026-05-10 07:27:35 | INFO | each_eight_hours.py:314 | End turn executed
2026-05-10 07:27:49 | INFO | my_functions.py:198 | 
✅ Found: end_turn.PNG pos=(681, 945) time=0.17s confidence=0.8
2026-05-10 07:27:49 | INFO | my_functions.py:231 | [DEBUG] wait_for_image_and_click -> snap.PNG timeout=0s delay_click=1s confidence=0.8
2026-05-10 07:27:50 | INFO | my_functions.py:258 | [DEBUG] Click skipped, image not found: snap.PNG
2026-05-10 07:27:55 | INFO | my_functions.py:138 | Haciendo click en la posición (681, 945)
2026-05-10 07:27:56 | INFO | each_eight_hours.py:314 | End turn executed
2026-05-10 07:28:09 | INFO | my_functions.py:198 | 
✅ Found: end_turn.PNG pos=(681, 945) time=0.2s confidence=0.8
2026-05-10 07:28:09 | INFO | my_functions.py:231 | [DEBUG] wait_for_image_and_click -> snap.PNG timeout=0s delay_click=1s confidence=0.8
2026-05-10 07:28:09 | INFO | my_functions.py:258 | [DEBUG] Click skipped, image not found: snap.PNG
2026-05-10 07:28:14 | INFO | my_functions.py:138 | Haciendo click en la posición (681, 945)
2026-05-10 07:28:15 | INFO | each_eight_hours.py:314 | End turn executed
2026-05-10 07:28:25 | INFO | my_functions.py:198 | 
✅ Found: end_turn.PNG pos=(681, 945) time=0.17s confidence=0.8
2026-05-10 07:28:25 | INFO | my_functions.py:231 | [DEBUG] wait_for_image_and_click -> snap.PNG timeout=0s delay_click=1s confidence=0.8
2026-05-10 07:28:25 | INFO | my_functions.py:258 | [DEBUG] Click skipped, image not found: snap.PNG
2026-05-10 07:28:30 | INFO | my_functions.py:138 | Haciendo click en la posición (681, 945)
2026-05-10 07:28:31 | INFO | each_eight_hours.py:314 | End turn executed
2026-05-10 07:28:41 | INFO | my_functions.py:198 | 
✅ Found: end_turn.PNG pos=(681, 945) time=0.2s confidence=0.8
2026-05-10 07:28:41 | INFO | my_functions.py:231 | [DEBUG] wait_for_image_and_click -> snap.PNG timeout=0s delay_click=1s confidence=0.8
2026-05-10 07:28:42 | INFO | my_functions.py:258 | [DEBUG] Click skipped, image not found: snap.PNG
2026-05-10 07:28:47 | INFO | my_functions.py:138 | Haciendo click en la posición (681, 945)
2026-05-10 07:28:48 | INFO | each_eight_hours.py:314 | End turn executed
2026-05-10 07:29:18 | INFO | my_functions.py:198 | 
✅ Found: end_turn.PNG pos=(681, 945) time=0.2s confidence=0.8
2026-05-10 07:29:18 | INFO | my_functions.py:231 | [DEBUG] wait_for_image_and_click -> snap.PNG timeout=0s delay_click=1s confidence=0.8
2026-05-10 07:29:18 | INFO | my_functions.py:258 | [DEBUG] Click skipped, image not found: snap.PNG
2026-05-10 07:29:23 | INFO | my_functions.py:138 | Haciendo click en la posición (681, 945)
2026-05-10 07:29:24 | INFO | each_eight_hours.py:314 | End turn executed
2026-05-10 07:29:56 | INFO | my_functions.py:198 | 
✅ Found: collect_rewards.PNG pos=(679, 957) time=0.2s confidence=0.8
2026-05-10 07:29:56 | INFO | each_eight_hours.py:353 | Rewards detected, exiting match
2026-05-10 07:29:56 | INFO | my_functions.py:231 | [DEBUG] wait_for_image_and_click -> collect_rewards.PNG timeout=20s delay_click=1s confidence=0.8
2026-05-10 07:29:56 | INFO | my_functions.py:172 | Searching collect_rewards.PNG (timeout=20s)
2026-05-10 07:29:56 | INFO | my_functions.py:198 | 
✅ Found: collect_rewards.PNG pos=(679, 957) time=0.23s confidence=0.8
2026-05-10 07:29:57 | INFO | my_functions.py:138 | Haciendo click en la posición (679, 957)
2026-05-10 07:29:58 | INFO | my_functions.py:251 | 🖱️ Click OK: collect_rewards.PNG at (679, 957) delay=1s
2026-05-10 07:29:58 | INFO | my_functions.py:231 | [DEBUG] wait_for_image_and_click -> next.PNG timeout=20s delay_click=1s confidence=0.8
2026-05-10 07:29:58 | INFO | my_functions.py:172 | Searching next.PNG (timeout=20s)
2026-05-10 07:30:02 | INFO | my_functions.py:198 | 
✅ Found: next.PNG pos=(678, 972) time=4.26s confidence=0.8
2026-05-10 07:30:03 | INFO | my_functions.py:138 | Haciendo click en la posición (678, 972)
2026-05-10 07:30:03 | INFO | my_functions.py:251 | 🖱️ Click OK: next.PNG at (678, 972) delay=1s
2026-05-10 07:30:07 | INFO | my_functions.py:434 | AVAILABLE: 6
2026-05-10 07:30:07 | INFO | my_functions.py:444 | [INFO] Waiting for Notepad++ process...
2026-05-10 07:30:07 | INFO | my_functions.py:458 | [INFO] Notepad++ detected PID=5408
2026-05-10 07:30:10 | INFO | my_functions.py:466 | [SUCCESS] Notepad++ closed successfully
2026-05-10 07:30:11 | INFO | each_eight_hours.py:421 | Submissions after match: 6
2026-05-10 07:30:11 | INFO | my_functions.py:378 | Misiones completadas: 3
2026-05-10 07:30:11 | INFO | each_eight_hours.py:425 | Submission condition met, breaking loop
2026-05-10 07:30:12 | INFO | my_functions.py:231 | [DEBUG] wait_for_image_and_click -> missionsNotify2.png timeout=20s delay_click=3s confidence=0.8
2026-05-10 07:30:12 | INFO | my_functions.py:172 | Searching missionsNotify2.png (timeout=20s)
2026-05-10 07:30:12 | INFO | my_functions.py:198 | 
✅ Found: missionsNotify2.png pos=(538, 124) time=0.21s confidence=0.8
2026-05-10 07:30:15 | INFO | my_functions.py:138 | Haciendo click en la posición (538, 124)
2026-05-10 07:30:15 | INFO | my_functions.py:251 | 🖱️ Click OK: missionsNotify2.png at (538, 124) delay=3s
2026-05-10 07:30:15 | INFO | my_functions.py:1593 | [INFO] Iniciando click_missions_blue2
2026-05-10 07:30:15 | INFO | my_functions.py:138 | Haciendo click en la posición (150, 132)
2026-05-10 07:30:16 | INFO | my_functions.py:1596 | [ACTION] Click hecho en icono de calendario que me dirige a las misiones ordinarias
2026-05-10 07:30:16 | INFO | my_functions.py:172 | Searching bonus_challenge.png (timeout=0s)
2026-05-10 07:30:16 | INFO | my_functions.py:209 | 
⛔ Not found: bonus_challenge.png after 0.0s region=(0, 0, 765, 1038) confidence=0.8
2026-05-10 07:30:18 | INFO | my_functions.py:138 | Haciendo click en la posición (362, 493)
2026-05-10 07:30:20 | INFO | my_functions.py:1609 | [ACTION] Click 1/3 en misión azul
2026-05-10 07:30:20 | INFO | my_functions.py:138 | Haciendo click en la posición (362, 493)
2026-05-10 07:30:21 | INFO | my_functions.py:1609 | [ACTION] Click 2/3 en misión azul
2026-05-10 07:30:22 | INFO | my_functions.py:138 | Haciendo click en la posición (362, 493)
2026-05-10 07:30:23 | INFO | my_functions.py:1609 | [ACTION] Click 3/3 en misión azul
2026-05-10 07:30:24 | INFO | my_functions.py:172 | Searching flechita_mission.PNG (timeout=0s)
2026-05-10 07:30:24 | INFO | my_functions.py:209 | 
⛔ Not found: flechita_mission.PNG after 0.0s region=(0, 0, 765, 1038) confidence=0.8
2026-05-10 07:30:24 | INFO | my_functions.py:231 | [DEBUG] wait_for_image_and_click -> weekly3.PNG timeout=0s delay_click=0.1s confidence=0.8
2026-05-10 07:30:24 | INFO | my_functions.py:172 | Searching weekly3.PNG (timeout=0s)
2026-05-10 07:30:24 | INFO | my_functions.py:209 | 
⛔ Not found: weekly3.PNG after 0.0s region=(0, 0, 765, 1038) confidence=0.8
2026-05-10 07:30:24 | INFO | my_functions.py:258 | [DEBUG] Click skipped, image not found: weekly3.PNG
2026-05-10 07:30:24 | INFO | my_functions.py:231 | [DEBUG] wait_for_image_and_click -> weekly3.PNG timeout=0s delay_click=0.1s confidence=0.8
2026-05-10 07:30:24 | INFO | my_functions.py:172 | Searching weekly3.PNG (timeout=0s)
2026-05-10 07:30:24 | INFO | my_functions.py:209 | 
⛔ Not found: weekly3.PNG after 0.01s region=(0, 0, 765, 1038) confidence=0.8
2026-05-10 07:30:24 | INFO | my_functions.py:258 | [DEBUG] Click skipped, image not found: weekly3.PNG
2026-05-10 07:30:24 | INFO | my_functions.py:231 | [DEBUG] wait_for_image_and_click -> weekly3.PNG timeout=0s delay_click=0.1s confidence=0.8
2026-05-10 07:30:24 | INFO | my_functions.py:172 | Searching weekly3.PNG (timeout=0s)
2026-05-10 07:30:24 | INFO | my_functions.py:209 | 
⛔ Not found: weekly3.PNG after 0.0s region=(0, 0, 765, 1038) confidence=0.8
2026-05-10 07:30:24 | INFO | my_functions.py:258 | [DEBUG] Click skipped, image not found: weekly3.PNG
2026-05-10 07:30:24 | INFO | my_functions.py:231 | [DEBUG] wait_for_image_and_click -> weekly3.PNG timeout=0s delay_click=0.1s confidence=0.8
2026-05-10 07:30:24 | INFO | my_functions.py:172 | Searching weekly3.PNG (timeout=0s)
2026-05-10 07:30:24 | INFO | my_functions.py:209 | 
⛔ Not found: weekly3.PNG after 0.01s region=(0, 0, 765, 1038) confidence=0.8
2026-05-10 07:30:24 | INFO | my_functions.py:258 | [DEBUG] Click skipped, image not found: weekly3.PNG
2026-05-10 07:30:24 | INFO | my_functions.py:231 | [DEBUG] wait_for_image_and_click -> weekly3.PNG timeout=0s delay_click=0.1s confidence=0.8
2026-05-10 07:30:24 | INFO | my_functions.py:172 | Searching weekly3.PNG (timeout=0s)
2026-05-10 07:30:25 | INFO | my_functions.py:209 | 
⛔ Not found: weekly3.PNG after 0.0s region=(0, 0, 765, 1038) confidence=0.8
2026-05-10 07:30:25 | INFO | my_functions.py:258 | [DEBUG] Click skipped, image not found: weekly3.PNG
2026-05-10 07:30:25 | INFO | my_functions.py:231 | [DEBUG] wait_for_image_and_click -> weekly3.PNG timeout=0s delay_click=0.1s confidence=0.8
2026-05-10 07:30:25 | INFO | my_functions.py:172 | Searching weekly3.PNG (timeout=0s)
2026-05-10 07:30:25 | INFO | my_functions.py:209 | 
⛔ Not found: weekly3.PNG after 0.01s region=(0, 0, 765, 1038) confidence=0.8
2026-05-10 07:30:25 | INFO | my_functions.py:258 | [DEBUG] Click skipped, image not found: weekly3.PNG
2026-05-10 07:30:25 | INFO | my_functions.py:231 | [DEBUG] wait_for_image_and_click -> weekly3.PNG timeout=0s delay_click=0.1s confidence=0.8
2026-05-10 07:30:25 | INFO | my_functions.py:172 | Searching weekly3.PNG (timeout=0s)
2026-05-10 07:30:25 | INFO | my_functions.py:209 | 
⛔ Not found: weekly3.PNG after 0.01s region=(0, 0, 765, 1038) confidence=0.8
2026-05-10 07:30:25 | INFO | my_functions.py:258 | [DEBUG] Click skipped, image not found: weekly3.PNG
2026-05-10 07:30:25 | INFO | my_functions.py:231 | [DEBUG] wait_for_image_and_click -> weekly3.PNG timeout=0s delay_click=0.1s confidence=0.8
2026-05-10 07:30:25 | INFO | my_functions.py:172 | Searching weekly3.PNG (timeout=0s)
2026-05-10 07:30:25 | INFO | my_functions.py:209 | 
⛔ Not found: weekly3.PNG after 0.01s region=(0, 0, 765, 1038) confidence=0.8
2026-05-10 07:30:25 | INFO | my_functions.py:258 | [DEBUG] Click skipped, image not found: weekly3.PNG
2026-05-10 07:30:25 | INFO | my_functions.py:231 | [DEBUG] wait_for_image_and_click -> weekly3.PNG timeout=0s delay_click=0.1s confidence=0.8
2026-05-10 07:30:25 | INFO | my_functions.py:172 | Searching weekly3.PNG (timeout=0s)
2026-05-10 07:30:25 | INFO | my_functions.py:209 | 
⛔ Not found: weekly3.PNG after 0.01s region=(0, 0, 765, 1038) confidence=0.8
2026-05-10 07:30:25 | INFO | my_functions.py:258 | [DEBUG] Click skipped, image not found: weekly3.PNG
2026-05-10 07:30:25 | INFO | my_functions.py:231 | [DEBUG] wait_for_image_and_click -> weekly3.PNG timeout=0s delay_click=0.1s confidence=0.8
2026-05-10 07:30:25 | INFO | my_functions.py:172 | Searching weekly3.PNG (timeout=0s)
2026-05-10 07:30:26 | INFO | my_functions.py:209 | 
⛔ Not found: weekly3.PNG after 0.01s region=(0, 0, 765, 1038) confidence=0.8
2026-05-10 07:30:26 | INFO | my_functions.py:258 | [DEBUG] Click skipped, image not found: weekly3.PNG
2026-05-10 07:30:26 | INFO | my_functions.py:231 | [DEBUG] wait_for_image_and_click -> weekly3.PNG timeout=0s delay_click=0.1s confidence=0.8
2026-05-10 07:30:26 | INFO | my_functions.py:172 | Searching weekly3.PNG (timeout=0s)
2026-05-10 07:30:26 | INFO | my_functions.py:209 | 
⛔ Not found: weekly3.PNG after 0.01s region=(0, 0, 765, 1038) confidence=0.8
2026-05-10 07:30:26 | INFO | my_functions.py:258 | [DEBUG] Click skipped, image not found: weekly3.PNG
2026-05-10 07:30:26 | INFO | my_functions.py:138 | Haciendo click en la posición (557, 64)
2026-05-10 07:30:27 | INFO | my_functions.py:231 | [DEBUG] wait_for_image_and_click -> cards_shop.PNG timeout=20s delay_click=1s confidence=0.8
2026-05-10 07:30:27 | INFO | my_functions.py:172 | Searching cards_shop.PNG (timeout=20s)
2026-05-10 07:30:28 | INFO | my_functions.py:198 | 
✅ Found: cards_shop.PNG pos=(568, 121) time=1.2s confidence=0.8
2026-05-10 07:30:29 | INFO | my_functions.py:138 | Haciendo click en la posición (568, 121)
2026-05-10 07:30:29 | INFO | my_functions.py:251 | 🖱️ Click OK: cards_shop.PNG at (568, 121) delay=1s
2026-05-10 07:30:29 | INFO | my_functions.py:231 | [DEBUG] wait_for_image_and_click -> token_icon.PNG timeout=20s delay_click=1s confidence=0.8
2026-05-10 07:30:29 | INFO | my_functions.py:172 | Searching token_icon.PNG (timeout=20s)
2026-05-10 07:30:31 | INFO | my_functions.py:198 | 
✅ Found: token_icon.PNG pos=(531, 171) time=1.81s confidence=0.8
2026-05-10 07:30:32 | INFO | my_functions.py:138 | Haciendo click en la posición (531, 171)
2026-05-10 07:30:32 | INFO | my_functions.py:251 | 🖱️ Click OK: token_icon.PNG at (531, 171) delay=1s
2026-05-10 07:30:34 | INFO | my_functions.py:231 | [DEBUG] wait_for_image_and_click -> claim!_token_3.PNG timeout=4s delay_click=1s confidence=0.8
2026-05-10 07:30:34 | INFO | my_functions.py:172 | Searching claim!_token_3.PNG (timeout=4s)
2026-05-10 07:30:39 | INFO | my_functions.py:209 | 
⛔ Not found: claim!_token_3.PNG after 4.12s region=(0, 0, 765, 1038) confidence=0.8
2026-05-10 07:30:39 | INFO | my_functions.py:258 | [DEBUG] Click skipped, image not found: claim!_token_3.PNG
2026-05-10 07:30:39 | INFO | my_functions.py:231 | [DEBUG] wait_for_image_and_click -> offers.PNG timeout=0.1s delay_click=1s confidence=0.8
2026-05-10 07:30:39 | INFO | my_functions.py:172 | Searching offers.PNG (timeout=0.1s)
2026-05-10 07:30:39 | INFO | my_functions.py:198 | 
✅ Found: offers.PNG pos=(197, 121) time=0.25s confidence=0.8
2026-05-10 07:30:40 | INFO | my_functions.py:138 | Haciendo click en la posición (197, 121)
2026-05-10 07:30:40 | INFO | my_functions.py:251 | 🖱️ Click OK: offers.PNG at (197, 121) delay=1s
2026-05-10 07:30:40 | INFO | my_functions.py:231 | [DEBUG] wait_for_image_and_click -> credits_selected.png timeout=0.1s delay_click=1s confidence=0.8
2026-05-10 07:30:40 | INFO | my_functions.py:172 | Searching credits_selected.png (timeout=0.1s)
2026-05-10 07:30:41 | INFO | my_functions.py:209 | 
⛔ Not found: credits_selected.png after 0.21s region=(0, 0, 765, 1038) confidence=0.8
2026-05-10 07:30:41 | INFO | my_functions.py:258 | [DEBUG] Click skipped, image not found: credits_selected.png
2026-05-10 07:30:41 | INFO | my_functions.py:231 | [DEBUG] wait_for_image_and_click -> credits.PNG timeout=0.1s delay_click=1s confidence=0.95
2026-05-10 07:30:41 | INFO | my_functions.py:172 | Searching credits.PNG (timeout=0.1s)
2026-05-10 07:30:41 | INFO | my_functions.py:198 | 
✅ Found: credits.PNG pos=(442, 172) time=0.2s confidence=0.95
2026-05-10 07:30:42 | INFO | my_functions.py:138 | Haciendo click en la posición (442, 172)
2026-05-10 07:30:42 | INFO | my_functions.py:251 | 🖱️ Click OK: credits.PNG at (442, 172) delay=1s
2026-05-10 07:30:44 | INFO | my_functions.py:231 | [DEBUG] wait_for_image_and_click -> claim_25_credits.png timeout=2s delay_click=1s confidence=0.8
2026-05-10 07:30:44 | INFO | my_functions.py:172 | Searching claim_25_credits.png (timeout=2s)
2026-05-10 07:30:44 | INFO | my_functions.py:198 | 
✅ Found: claim_25_credits.png pos=(236, 328) time=0.2s confidence=0.8
2026-05-10 07:30:45 | INFO | my_functions.py:138 | Haciendo click en la posición (236, 328)
2026-05-10 07:30:45 | INFO | my_functions.py:251 | 🖱️ Click OK: claim_25_credits.png at (236, 328) delay=1s
2026-05-10 07:30:45 | INFO | my_functions.py:231 | [DEBUG] wait_for_image_and_click -> cards_shop.PNG timeout=20s delay_click=1s confidence=0.8
2026-05-10 07:30:45 | INFO | my_functions.py:172 | Searching cards_shop.PNG (timeout=20s)
2026-05-10 07:30:45 | INFO | my_functions.py:198 | 
✅ Found: cards_shop.PNG pos=(568, 121) time=0.22s confidence=0.8
2026-05-10 07:30:46 | INFO | my_functions.py:138 | Haciendo click en la posición (568, 121)
2026-05-10 07:30:46 | INFO | my_functions.py:251 | 🖱️ Click OK: cards_shop.PNG at (568, 121) delay=1s
2026-05-10 07:30:46 | INFO | my_functions.py:231 | [DEBUG] wait_for_image_and_click -> offers.PNG timeout=20s delay_click=1s confidence=0.8
2026-05-10 07:30:46 | INFO | my_functions.py:172 | Searching offers.PNG (timeout=20s)
2026-05-10 07:30:47 | INFO | my_functions.py:198 | 
✅ Found: offers.PNG pos=(197, 122) time=0.17s confidence=0.8
2026-05-10 07:30:48 | INFO | my_functions.py:138 | Haciendo click en la posición (197, 122)
2026-05-10 07:30:48 | INFO | my_functions.py:251 | 🖱️ Click OK: offers.PNG at (197, 122) delay=1s
2026-05-10 07:30:48 | INFO | my_functions.py:1491 | [INFO] Iniciando mejora de cartas
2026-05-10 07:30:48 | INFO | my_functions.py:231 | [DEBUG] wait_for_image_and_click -> upgrade_cards_icon.PNG timeout=20s delay_click=1s confidence=0.8
2026-05-10 07:30:48 | INFO | my_functions.py:172 | Searching upgrade_cards_icon.PNG (timeout=20s)
2026-05-10 07:30:48 | INFO | my_functions.py:198 | 
✅ Found: upgrade_cards_icon.PNG pos=(322, 170) time=0.2s confidence=0.8
2026-05-10 07:30:49 | INFO | my_functions.py:138 | Haciendo click en la posición (322, 170)
2026-05-10 07:30:49 | INFO | my_functions.py:251 | 🖱️ Click OK: upgrade_cards_icon.PNG at (322, 170) delay=1s
2026-05-10 07:30:49 | INFO | my_functions.py:1495 | [INFO] Abriendo icono de upgrade_cards
2026-05-10 07:30:50 | INFO | my_functions.py:1501 | [STEP] Mejorando carta 1
2026-05-10 07:30:50 | INFO | my_functions.py:1505 | [ACTION] Click en carta 1
2026-05-10 07:30:52 | INFO | my_functions.py:1510 | [ACTION] Click en botón upgrade
2026-05-10 07:30:59 | INFO | my_functions.py:231 | [DEBUG] wait_for_image_and_click -> you_need_more_credits!.png timeout=3s delay_click=1s confidence=0.8
2026-05-10 07:30:59 | INFO | my_functions.py:172 | Searching you_need_more_credits!.png (timeout=3s)
2026-05-10 07:31:02 | INFO | my_functions.py:209 | 
⛔ Not found: you_need_more_credits!.png after 3.14s region=(0, 0, 765, 1038) confidence=0.8
2026-05-10 07:31:02 | INFO | my_functions.py:258 | [DEBUG] Click skipped, image not found: you_need_more_credits!.png
2026-05-10 07:31:07 | INFO | my_functions.py:1525 | [ACTION] Click para continuar a stage de nivel de coleccion
2026-05-10 07:31:12 | INFO | my_functions.py:146 | Presionando ESC (1/1)
2026-05-10 07:31:13 | INFO | my_functions.py:1530 | [ACTION] Saliendo de stage nivel de coleccion con ESC
2026-05-10 07:31:14 | INFO | my_functions.py:231 | [DEBUG] wait_for_image_and_click -> upgrade_cards_icon_selected.PNG timeout=0s delay_click=1s confidence=0.8
2026-05-10 07:31:14 | INFO | my_functions.py:172 | Searching upgrade_cards_icon_selected.PNG (timeout=0s)
2026-05-10 07:31:14 | INFO | my_functions.py:198 | 
✅ Found: upgrade_cards_icon_selected.PNG pos=(320, 173) time=0.19s confidence=0.8
2026-05-10 07:31:15 | INFO | my_functions.py:138 | Haciendo click en la posición (320, 173)
2026-05-10 07:31:15 | INFO | my_functions.py:251 | 🖱️ Click OK: upgrade_cards_icon_selected.PNG at (320, 173) delay=1s
2026-05-10 07:31:15 | INFO | my_functions.py:1550 | [INFO] Reabriendo icono de upgrade_cards
2026-05-10 07:31:16 | INFO | my_functions.py:1501 | [STEP] Mejorando carta 2
2026-05-10 07:31:16 | INFO | my_functions.py:1505 | [ACTION] Click en carta 2
2026-05-10 07:31:17 | INFO | my_functions.py:1510 | [ACTION] Click en botón upgrade
2026-05-10 07:31:24 | INFO | my_functions.py:231 | [DEBUG] wait_for_image_and_click -> you_need_more_credits!.png timeout=3s delay_click=1s confidence=0.8
2026-05-10 07:31:24 | INFO | my_functions.py:172 | Searching you_need_more_credits!.png (timeout=3s)
2026-05-10 07:31:28 | INFO | my_functions.py:209 | 
⛔ Not found: you_need_more_credits!.png after 3.16s region=(0, 0, 765, 1038) confidence=0.8
2026-05-10 07:31:28 | INFO | my_functions.py:258 | [DEBUG] Click skipped, image not found: you_need_more_credits!.png
2026-05-10 07:31:33 | INFO | my_functions.py:1525 | [ACTION] Click para continuar a stage de nivel de coleccion
2026-05-10 07:31:38 | INFO | my_functions.py:146 | Presionando ESC (1/1)
2026-05-10 07:31:39 | INFO | my_functions.py:1530 | [ACTION] Saliendo de stage nivel de coleccion con ESC
2026-05-10 07:31:40 | INFO | my_functions.py:231 | [DEBUG] wait_for_image_and_click -> upgrade_cards_icon_selected.PNG timeout=0s delay_click=1s confidence=0.8
2026-05-10 07:31:40 | INFO | my_functions.py:172 | Searching upgrade_cards_icon_selected.PNG (timeout=0s)
2026-05-10 07:31:40 | INFO | my_functions.py:198 | 
✅ Found: upgrade_cards_icon_selected.PNG pos=(320, 173) time=0.21s confidence=0.8
2026-05-10 07:31:41 | INFO | my_functions.py:138 | Haciendo click en la posición (320, 173)
2026-05-10 07:31:41 | INFO | my_functions.py:251 | 🖱️ Click OK: upgrade_cards_icon_selected.PNG at (320, 173) delay=1s
2026-05-10 07:31:41 | INFO | my_functions.py:1550 | [INFO] Reabriendo icono de upgrade_cards
2026-05-10 07:31:42 | INFO | my_functions.py:1501 | [STEP] Mejorando carta 3
2026-05-10 07:31:42 | INFO | my_functions.py:1505 | [ACTION] Click en carta 3
2026-05-10 07:31:43 | INFO | my_functions.py:1510 | [ACTION] Click en botón upgrade
2026-05-10 07:31:50 | INFO | my_functions.py:231 | [DEBUG] wait_for_image_and_click -> you_need_more_credits!.png timeout=3s delay_click=1s confidence=0.8
2026-05-10 07:31:50 | INFO | my_functions.py:172 | Searching you_need_more_credits!.png (timeout=3s)
2026-05-10 07:31:51 | INFO | my_functions.py:198 | 
✅ Found: you_need_more_credits!.png pos=(381, 345) time=0.2s confidence=0.8
2026-05-10 07:31:52 | INFO | my_functions.py:138 | Haciendo click en la posición (381, 345)
2026-05-10 07:31:52 | INFO | my_functions.py:251 | 🖱️ Click OK: you_need_more_credits!.png at (381, 345) delay=1s
2026-05-10 07:31:52 | INFO | my_functions.py:146 | Presionando ESC (1/2)
2026-05-10 07:31:52 | INFO | my_functions.py:146 | Presionando ESC (2/2)
2026-05-10 07:31:55 | INFO | my_functions.py:1553 | [INFO] Mejora de cartas completada ✅
2026-05-10 07:31:55 | INFO | my_functions.py:146 | Presionando ESC (1/1)
2026-05-10 07:31:56 | INFO | each_eight_hours.py:437 | Finished all games
2026-05-10 07:31:56 | INFO | my_functions.py:1443 | [DEBUG] Starting logout process...
2026-05-10 07:31:56 | INFO | my_functions.py:1445 | [DEBUG] Clicking nut icon...
2026-05-10 07:31:56 | INFO | my_functions.py:231 | [DEBUG] wait_for_image_and_click -> nut.png timeout=20s delay_click=1s confidence=0.8
2026-05-10 07:31:56 | INFO | my_functions.py:172 | Searching nut.png (timeout=20s)
2026-05-10 07:31:56 | INFO | my_functions.py:198 | 
✅ Found: nut.png pos=(184, 78) time=0.19s confidence=0.8
2026-05-10 07:31:57 | INFO | my_functions.py:138 | Haciendo click en la posición (184, 78)
2026-05-10 07:31:57 | INFO | my_functions.py:251 | 🖱️ Click OK: nut.png at (184, 78) delay=1s
2026-05-10 07:31:57 | INFO | my_functions.py:1448 | [DEBUG] Waiting for graphics quality image...
2026-05-10 07:31:57 | INFO | my_functions.py:172 | Searching graphics_quality.png (timeout=3s)
2026-05-10 07:31:58 | INFO | my_functions.py:198 | 
✅ Found: graphics_quality.png pos=(304, 644) time=1.03s confidence=0.8
2026-05-10 07:31:58 | INFO | my_functions.py:1450 | [DEBUG] graphics_quality result: Point(x=304, y=644)
2026-05-10 07:31:58 | INFO | my_functions.py:1456 | [DEBUG] Clicking graphics quality...
2026-05-10 07:31:59 | INFO | my_functions.py:1461 | [DEBUG] Scrolling down...
2026-05-10 07:31:59 | INFO | my_functions.py:1464 | [DEBUG] Clicking sign_out...
2026-05-10 07:31:59 | INFO | my_functions.py:231 | [DEBUG] wait_for_image_and_click -> sign_out.png timeout=20s delay_click=1s confidence=0.8
2026-05-10 07:31:59 | INFO | my_functions.py:172 | Searching sign_out.png (timeout=20s)
2026-05-10 07:31:59 | INFO | my_functions.py:198 | 
✅ Found: sign_out.png pos=(380, 796) time=0.18s confidence=0.8
2026-05-10 07:32:00 | INFO | my_functions.py:138 | Haciendo click en la posición (380, 796)
2026-05-10 07:32:01 | INFO | my_functions.py:251 | 🖱️ Click OK: sign_out.png at (380, 796) delay=1s
2026-05-10 07:32:02 | INFO | my_functions.py:1469 | [DEBUG] Clicking big sign_out...
2026-05-10 07:32:02 | INFO | my_functions.py:231 | [DEBUG] wait_for_image_and_click -> sign_out_grande.png timeout=20s delay_click=1s confidence=0.8
2026-05-10 07:32:02 | INFO | my_functions.py:172 | Searching sign_out_grande.png (timeout=20s)
2026-05-10 07:32:02 | INFO | my_functions.py:198 | 
✅ Found: sign_out_grande.png pos=(359, 437) time=0.2s confidence=0.8
2026-05-10 07:32:03 | INFO | my_functions.py:138 | Haciendo click en la posición (359, 437)
2026-05-10 07:32:03 | INFO | my_functions.py:251 | 🖱️ Click OK: sign_out_grande.png at (359, 437) delay=1s
2026-05-10 07:32:03 | INFO | my_functions.py:1472 | [DEBUG] Clicking sign_out2...
2026-05-10 07:32:03 | INFO | my_functions.py:231 | [DEBUG] wait_for_image_and_click -> sign_out2.png timeout=20s delay_click=1s confidence=0.8
2026-05-10 07:32:03 | INFO | my_functions.py:172 | Searching sign_out2.png (timeout=20s)
2026-05-10 07:32:03 | INFO | my_functions.py:198 | 
✅ Found: sign_out2.png pos=(383, 634) time=0.18s confidence=0.8
2026-05-10 07:32:04 | INFO | my_functions.py:138 | Haciendo click en la posición (383, 634)
2026-05-10 07:32:04 | INFO | my_functions.py:251 | 🖱️ Click OK: sign_out2.png at (383, 634) delay=1s
2026-05-10 07:32:04 | INFO | my_functions.py:1475 | [DEBUG] Resizing SNAP window...
2026-05-10 07:32:04 | INFO | my_functions.py:1668 | ⏱ Esperando 0.1 segundos antes de empezar...
2026-05-10 07:32:05 | INFO | my_functions.py:1675 | 🔍 Esperando ventana que contenga alguna de: SNAP (máx 20s)
2026-05-10 07:32:05 | INFO | my_functions.py:1687 | ✅ Ventana encontrada: 'SNAP'
2026-05-10 07:32:05 | INFO | my_functions.py:1702 | ✅ Ventana seleccionada: 'SNAP'
2026-05-10 07:32:07 | INFO | my_functions.py:1725 | 🔁 Reajuste #1...
2026-05-10 07:32:09 | INFO | my_functions.py:1732 | ✔ Verificación completa. Se hicieron 1 reajustes.
2026-05-10 07:32:11 | INFO | my_functions.py:1484 | snap.exe closed
2026-05-10 07:32:14 | INFO | my_functions.py:1487 | [DEBUG] Logout completed successfully.
2026-05-10 07:32:14 | INFO | each_eight_hours.py:146 | Processing account: michael
2026-05-10 07:32:14 | INFO | each_eight_hours.py:149 | Game relaunched for account
2026-05-10 07:32:14 | INFO | my_functions.py:1668 | ⏱ Esperando 0.1 segundos antes de empezar...
2026-05-10 07:32:14 | INFO | my_functions.py:1675 | 🔍 Esperando ventana que contenga alguna de: ['SNAP'] (máx 20s)
2026-05-10 07:32:16 | INFO | my_functions.py:1687 | ✅ Ventana encontrada: 'SNAP'
2026-05-10 07:32:16 | INFO | my_functions.py:1702 | ✅ Ventana seleccionada: 'SNAP'
2026-05-10 07:32:18 | INFO | my_functions.py:1734 | ✔ Verificación completa. No hubo cambios después del primer ajuste.
2026-05-10 07:32:18 | INFO | each_eight_hours.py:156 | Game window resized
2026-05-10 07:32:18 | INFO | my_functions.py:1207 | [DEBUG] Resizing SNAP window...
2026-05-10 07:32:18 | INFO | my_functions.py:1668 | ⏱ Esperando 0.1 segundos antes de empezar...
2026-05-10 07:32:18 | INFO | my_functions.py:1675 | 🔍 Esperando ventana que contenga alguna de: ['SNAP'] (máx 20s)
2026-05-10 07:32:18 | INFO | my_functions.py:1687 | ✅ Ventana encontrada: 'SNAP'
2026-05-10 07:32:18 | INFO | my_functions.py:1702 | ✅ Ventana seleccionada: 'SNAP'
2026-05-10 07:32:21 | INFO | my_functions.py:1734 | ✔ Verificación completa. No hubo cambios después del primer ajuste.
2026-05-10 07:32:21 | INFO | my_functions.py:231 | [DEBUG] wait_for_image_and_click -> submit.PNG timeout=90s delay_click=0.2s confidence=0.8
2026-05-10 07:32:21 | INFO | my_functions.py:172 | Searching submit.PNG (timeout=90s)
2026-05-10 07:32:24 | INFO | my_functions.py:198 | 
✅ Found: submit.PNG pos=(386, 780) time=2.76s confidence=0.8
2026-05-10 07:32:24 | INFO | my_functions.py:138 | Haciendo click en la posición (386, 780)
2026-05-10 07:32:24 | INFO | my_functions.py:251 | 🖱️ Click OK: submit.PNG at (386, 780) delay=0.2s
2026-05-10 07:32:24 | INFO | my_functions.py:1668 | ⏱ Esperando 0.1 segundos antes de empezar...
2026-05-10 07:32:25 | INFO | my_functions.py:1675 | 🔍 Esperando ventana que contenga alguna de: ['SNAP'] (máx 20s)
2026-05-10 07:32:25 | INFO | my_functions.py:1687 | ✅ Ventana encontrada: 'SNAP'
2026-05-10 07:32:25 | INFO | my_functions.py:1702 | ✅ Ventana seleccionada: 'SNAP'
2026-05-10 07:32:27 | INFO | my_functions.py:1725 | 🔁 Reajuste #1...
2026-05-10 07:32:28 | INFO | my_functions.py:1732 | ✔ Verificación completa. Se hicieron 1 reajustes.
2026-05-10 07:32:28 | INFO | my_functions.py:172 | Searching please_sign.png (timeout=0s)
2026-05-10 07:32:28 | INFO | my_functions.py:198 | 
✅ Found: please_sign.png pos=(383, 438) time=0.19s confidence=0.8
2026-05-10 07:32:28 | INFO | my_functions.py:231 | [DEBUG] wait_for_image_and_click -> ok_btn.png timeout=20s delay_click=1s confidence=0.8
2026-05-10 07:32:28 | INFO | my_functions.py:172 | Searching ok_btn.png (timeout=20s)
2026-05-10 07:32:28 | INFO | my_functions.py:198 | 
✅ Found: ok_btn.png pos=(382, 634) time=0.18s confidence=0.8
2026-05-10 07:32:29 | INFO | my_functions.py:138 | Haciendo click en la posición (382, 634)
2026-05-10 07:32:29 | INFO | my_functions.py:251 | 🖱️ Click OK: ok_btn.png at (382, 634) delay=1s
2026-05-10 07:32:29 | INFO | my_functions.py:231 | [DEBUG] wait_for_image_and_click -> submit.PNG timeout=90s delay_click=0.2s confidence=0.8
2026-05-10 07:32:29 | INFO | my_functions.py:172 | Searching submit.PNG (timeout=90s)
2026-05-10 07:32:30 | INFO | my_functions.py:198 | 
✅ Found: submit.PNG pos=(385, 785) time=0.9s confidence=0.8
2026-05-10 07:32:30 | INFO | my_functions.py:138 | Haciendo click en la posición (385, 785)
2026-05-10 07:32:31 | INFO | my_functions.py:251 | 🖱️ Click OK: submit.PNG at (385, 785) delay=0.2s
2026-05-10 07:32:31 | INFO | my_functions.py:172 | Searching sign_in_with_google2.PNG (timeout=90s)
2026-05-10 07:32:31 | INFO | my_functions.py:198 | 
✅ Found: sign_in_with_google2.PNG pos=(406, 957) time=0.81s confidence=0.8
2026-05-10 07:32:31 | INFO | my_functions.py:231 | [DEBUG] wait_for_image_and_click -> sign_in_with_google2.PNG timeout=20s delay_click=1s confidence=0.8
2026-05-10 07:32:31 | INFO | my_functions.py:172 | Searching sign_in_with_google2.PNG (timeout=20s)
2026-05-10 07:32:32 | INFO | my_functions.py:198 | 
✅ Found: sign_in_with_google2.PNG pos=(406, 957) time=0.31s confidence=0.8
2026-05-10 07:32:33 | INFO | my_functions.py:138 | Haciendo click en la posición (406, 957)
2026-05-10 07:32:33 | INFO | my_functions.py:251 | 🖱️ Click OK: sign_in_with_google2.PNG at (406, 957) delay=1s
2026-05-10 07:32:33 | INFO | my_functions.py:231 | [DEBUG] wait_for_image_and_click -> michael.png timeout=30s delay_click=3s confidence=0.8
2026-05-10 07:32:33 | INFO | my_functions.py:172 | Searching michael.png (timeout=30s)
2026-05-10 07:32:38 | INFO | my_functions.py:198 | 
✅ Found: michael.png pos=(1156, 878) time=5.39s confidence=0.8
2026-05-10 07:32:41 | INFO | my_functions.py:138 | Haciendo click en la posición (1156, 878)
2026-05-10 07:32:42 | INFO | my_functions.py:251 | 🖱️ Click OK: michael.png at (1156, 878) delay=3s
2026-05-10 07:32:44 | INFO | my_functions.py:231 | [DEBUG] wait_for_image_and_click -> python_icon.PNG timeout=5s delay_click=1s confidence=0.8
2026-05-10 07:32:44 | INFO | my_functions.py:172 | Searching python_icon.PNG (timeout=5s)
2026-05-10 07:32:44 | INFO | my_functions.py:198 | 
✅ Found: python_icon.PNG pos=(647, 1054) time=0.42s confidence=0.8
2026-05-10 07:32:45 | INFO | my_functions.py:138 | Haciendo click en la posición (647, 1054)
2026-05-10 07:32:45 | INFO | my_functions.py:251 | 🖱️ Click OK: python_icon.PNG at (647, 1054) delay=1s
2026-05-10 07:32:45 | INFO | my_functions.py:231 | [DEBUG] wait_for_image_and_click -> snap_icon_task_bar.PNG timeout=20s delay_click=1s confidence=0.8
2026-05-10 07:32:45 | INFO | my_functions.py:172 | Searching snap_icon_task_bar.PNG (timeout=20s)
2026-05-10 07:32:46 | INFO | my_functions.py:198 | 
✅ Found: snap_icon_task_bar.PNG pos=(524, 1052) time=0.47s confidence=0.8
2026-05-10 07:32:47 | INFO | my_functions.py:138 | Haciendo click en la posición (524, 1052)
2026-05-10 07:32:47 | INFO | my_functions.py:251 | 🖱️ Click OK: snap_icon_task_bar.PNG at (524, 1052) delay=1s
2026-05-10 07:32:47 | INFO | my_functions.py:172 | Searching play.PNG (timeout=30s)
2026-05-10 07:32:56 | INFO | my_functions.py:198 | 
✅ Found: play.PNG pos=(384, 824) time=9.36s confidence=0.8
2026-05-10 07:32:56 | INFO | my_functions.py:1265 | [DEBUG] Login completado correctamente.
2026-05-10 07:32:56 | INFO | each_eight_hours.py:160 | Login executed
2026-05-10 07:32:56 | INFO | my_functions.py:172 | Searching shop_unselected.PNG (timeout=0s)
2026-05-10 07:32:56 | INFO | my_functions.py:198 | 
✅ Found: shop_unselected.PNG pos=(88, 961) time=0.22s confidence=0.8
2026-05-10 07:33:04 | INFO | my_functions.py:172 | Searching shop_unselected.PNG (timeout=0s)
2026-05-10 07:33:05 | INFO | my_functions.py:209 | 
⛔ Not found: shop_unselected.PNG after 0.0s region=(0, 0, 765, 1038) confidence=0.8
2026-05-10 07:33:06 | INFO | my_functions.py:172 | Searching shop_unselected.PNG (timeout=0s)
2026-05-10 07:33:06 | INFO | my_functions.py:209 | 
⛔ Not found: shop_unselected.PNG after 0.0s region=(0, 0, 765, 1038) confidence=0.8
2026-05-10 07:33:06 | INFO | my_functions.py:231 | [DEBUG] wait_for_image_and_click -> super_premium.PNG timeout=0s delay_click=1s confidence=0.8
2026-05-10 07:33:06 | INFO | my_functions.py:172 | Searching super_premium.PNG (timeout=0s)
2026-05-10 07:33:06 | INFO | my_functions.py:198 | 
✅ Found: super_premium.PNG pos=(480, 777) time=0.2s confidence=0.8
2026-05-10 07:33:07 | INFO | my_functions.py:138 | Haciendo click en la posición (480, 777)
2026-05-10 07:33:07 | INFO | my_functions.py:251 | 🖱️ Click OK: super_premium.PNG at (480, 777) delay=1s
2026-05-10 07:33:07 | INFO | my_functions.py:146 | Presionando ESC (1/1)
2026-05-10 07:33:16 | INFO | my_functions.py:172 | Searching shop_unselected.PNG (timeout=0s)
2026-05-10 07:33:16 | INFO | my_functions.py:198 | 
✅ Found: shop_unselected.PNG pos=(88, 961) time=0.17s confidence=0.8
2026-05-10 07:33:16 | INFO | my_functions.py:720 | Ya esta listo
2026-05-10 07:33:16 | INFO | each_eight_hours.py:163 | Initial images processed
2026-05-10 07:33:16 | INFO | each_eight_hours.py:166 | Chrome terminated
2026-05-10 07:33:16 | INFO | my_functions.py:231 | [DEBUG] wait_for_image_and_click -> missions_unnotified2.png timeout=20s delay_click=1s confidence=0.8
2026-05-10 07:33:16 | INFO | my_functions.py:172 | Searching missions_unnotified2.png (timeout=20s)
2026-05-10 07:33:16 | INFO | my_functions.py:198 | 
✅ Found: missions_unnotified2.png pos=(516, 127) time=0.19s confidence=0.8
2026-05-10 07:33:17 | INFO | my_functions.py:138 | Haciendo click en la posición (516, 127)
2026-05-10 07:33:18 | INFO | my_functions.py:251 | 🖱️ Click OK: missions_unnotified2.png at (516, 127) delay=1s
2026-05-10 07:33:18 | INFO | my_functions.py:231 | [DEBUG] wait_for_image_and_click -> calendar_missions_daily.png timeout=3s delay_click=1s confidence=0.8
2026-05-10 07:33:18 | INFO | my_functions.py:172 | Searching calendar_missions_daily.png (timeout=3s)
2026-05-10 07:33:19 | INFO | my_functions.py:198 | 
✅ Found: calendar_missions_daily.png pos=(189, 131) time=1.1s confidence=0.8
2026-05-10 07:33:20 | INFO | my_functions.py:138 | Haciendo click en la posición (189, 131)
2026-05-10 07:33:20 | INFO | my_functions.py:251 | 🖱️ Click OK: calendar_missions_daily.png at (189, 131) delay=1s
2026-05-10 07:33:20 | INFO | each_eight_hours.py:180 | Mission screens opened
2026-05-10 07:33:20 | INFO | my_functions.py:295 | JSON file located at C:\Users\Farm\AppData\LocalLow\Second Dinner\SNAP\Standalone\States\nvprod\MissionState.json
2026-05-10 07:33:23 | INFO | my_functions.py:434 | AVAILABLE: 4
2026-05-10 07:33:23 | INFO | my_functions.py:444 | [INFO] Waiting for Notepad++ process...
2026-05-10 07:33:23 | INFO | my_functions.py:458 | [INFO] Notepad++ detected PID=1648
2026-05-10 07:33:26 | INFO | my_functions.py:466 | [SUCCESS] Notepad++ closed successfully
2026-05-10 07:33:27 | INFO | my_functions.py:1593 | [INFO] Iniciando click_missions_blue2
2026-05-10 07:33:27 | INFO | my_functions.py:138 | Haciendo click en la posición (150, 132)
2026-05-10 07:33:28 | INFO | my_functions.py:1596 | [ACTION] Click hecho en icono de calendario que me dirige a las misiones ordinarias
2026-05-10 07:33:28 | INFO | my_functions.py:172 | Searching bonus_challenge.png (timeout=0s)
2026-05-10 07:33:28 | INFO | my_functions.py:209 | 
⛔ Not found: bonus_challenge.png after 0.0s region=(0, 0, 765, 1038) confidence=0.8
2026-05-10 07:33:30 | INFO | my_functions.py:172 | Searching flechita_mission.PNG (timeout=0s)
2026-05-10 07:33:31 | INFO | my_functions.py:209 | 
⛔ Not found: flechita_mission.PNG after 0.0s region=(0, 0, 765, 1038) confidence=0.8
2026-05-10 07:33:31 | INFO | my_functions.py:231 | [DEBUG] wait_for_image_and_click -> weekly3.PNG timeout=0s delay_click=0.1s confidence=0.8
2026-05-10 07:33:31 | INFO | my_functions.py:172 | Searching weekly3.PNG (timeout=0s)
2026-05-10 07:33:31 | INFO | my_functions.py:209 | 
⛔ Not found: weekly3.PNG after 0.0s region=(0, 0, 765, 1038) confidence=0.8
2026-05-10 07:33:31 | INFO | my_functions.py:258 | [DEBUG] Click skipped, image not found: weekly3.PNG
2026-05-10 07:33:31 | INFO | my_functions.py:231 | [DEBUG] wait_for_image_and_click -> weekly3.PNG timeout=0s delay_click=0.1s confidence=0.8
2026-05-10 07:33:31 | INFO | my_functions.py:172 | Searching weekly3.PNG (timeout=0s)
2026-05-10 07:33:31 | INFO | my_functions.py:209 | 
⛔ Not found: weekly3.PNG after 0.01s region=(0, 0, 765, 1038) confidence=0.8
2026-05-10 07:33:31 | INFO | my_functions.py:258 | [DEBUG] Click skipped, image not found: weekly3.PNG
2026-05-10 07:33:31 | INFO | my_functions.py:231 | [DEBUG] wait_for_image_and_click -> weekly3.PNG timeout=0s delay_click=0.1s confidence=0.8
2026-05-10 07:33:31 | INFO | my_functions.py:172 | Searching weekly3.PNG (timeout=0s)
2026-05-10 07:33:31 | INFO | my_functions.py:209 | 
⛔ Not found: weekly3.PNG after 0.0s region=(0, 0, 765, 1038) confidence=0.8
2026-05-10 07:33:31 | INFO | my_functions.py:258 | [DEBUG] Click skipped, image not found: weekly3.PNG
2026-05-10 07:33:31 | INFO | my_functions.py:231 | [DEBUG] wait_for_image_and_click -> weekly3.PNG timeout=0s delay_click=0.1s confidence=0.8
2026-05-10 07:33:31 | INFO | my_functions.py:172 | Searching weekly3.PNG (timeout=0s)
2026-05-10 07:33:31 | INFO | my_functions.py:209 | 
⛔ Not found: weekly3.PNG after 0.01s region=(0, 0, 765, 1038) confidence=0.8
2026-05-10 07:33:31 | INFO | my_functions.py:258 | [DEBUG] Click skipped, image not found: weekly3.PNG
2026-05-10 07:33:31 | INFO | my_functions.py:231 | [DEBUG] wait_for_image_and_click -> weekly3.PNG timeout=0s delay_click=0.1s confidence=0.8
2026-05-10 07:33:31 | INFO | my_functions.py:172 | Searching weekly3.PNG (timeout=0s)
2026-05-10 07:33:32 | INFO | my_functions.py:209 | 
⛔ Not found: weekly3.PNG after 0.0s region=(0, 0, 765, 1038) confidence=0.8
2026-05-10 07:33:32 | INFO | my_functions.py:258 | [DEBUG] Click skipped, image not found: weekly3.PNG
2026-05-10 07:33:32 | INFO | my_functions.py:231 | [DEBUG] wait_for_image_and_click -> weekly3.PNG timeout=0s delay_click=0.1s confidence=0.8
2026-05-10 07:33:32 | INFO | my_functions.py:172 | Searching weekly3.PNG (timeout=0s)
2026-05-10 07:33:32 | INFO | my_functions.py:209 | 
⛔ Not found: weekly3.PNG after 0.0s region=(0, 0, 765, 1038) confidence=0.8
2026-05-10 07:33:32 | INFO | my_functions.py:258 | [DEBUG] Click skipped, image not found: weekly3.PNG
2026-05-10 07:33:32 | INFO | my_functions.py:231 | [DEBUG] wait_for_image_and_click -> weekly3.PNG timeout=0s delay_click=0.1s confidence=0.8
2026-05-10 07:33:32 | INFO | my_functions.py:172 | Searching weekly3.PNG (timeout=0s)
2026-05-10 07:33:32 | INFO | my_functions.py:209 | 
⛔ Not found: weekly3.PNG after 0.0s region=(0, 0, 765, 1038) confidence=0.8
2026-05-10 07:33:32 | INFO | my_functions.py:258 | [DEBUG] Click skipped, image not found: weekly3.PNG
2026-05-10 07:33:32 | INFO | my_functions.py:231 | [DEBUG] wait_for_image_and_click -> weekly3.PNG timeout=0s delay_click=0.1s confidence=0.8
2026-05-10 07:33:32 | INFO | my_functions.py:172 | Searching weekly3.PNG (timeout=0s)
2026-05-10 07:33:32 | INFO | my_functions.py:209 | 
⛔ Not found: weekly3.PNG after 0.0s region=(0, 0, 765, 1038) confidence=0.8
2026-05-10 07:33:32 | INFO | my_functions.py:258 | [DEBUG] Click skipped, image not found: weekly3.PNG
2026-05-10 07:33:32 | INFO | my_functions.py:231 | [DEBUG] wait_for_image_and_click -> weekly3.PNG timeout=0s delay_click=0.1s confidence=0.8
2026-05-10 07:33:32 | INFO | my_functions.py:172 | Searching weekly3.PNG (timeout=0s)
2026-05-10 07:33:32 | INFO | my_functions.py:209 | 
⛔ Not found: weekly3.PNG after 0.0s region=(0, 0, 765, 1038) confidence=0.8
2026-05-10 07:33:32 | INFO | my_functions.py:258 | [DEBUG] Click skipped, image not found: weekly3.PNG
2026-05-10 07:33:32 | INFO | my_functions.py:231 | [DEBUG] wait_for_image_and_click -> weekly3.PNG timeout=0s delay_click=0.1s confidence=0.8
2026-05-10 07:33:32 | INFO | my_functions.py:172 | Searching weekly3.PNG (timeout=0s)
2026-05-10 07:33:33 | INFO | my_functions.py:209 | 
⛔ Not found: weekly3.PNG after 0.0s region=(0, 0, 765, 1038) confidence=0.8
2026-05-10 07:33:33 | INFO | my_functions.py:258 | [DEBUG] Click skipped, image not found: weekly3.PNG
2026-05-10 07:33:33 | INFO | my_functions.py:231 | [DEBUG] wait_for_image_and_click -> weekly3.PNG timeout=0s delay_click=0.1s confidence=0.8
2026-05-10 07:33:33 | INFO | my_functions.py:172 | Searching weekly3.PNG (timeout=0s)
2026-05-10 07:33:33 | INFO | my_functions.py:209 | 
⛔ Not found: weekly3.PNG after 0.0s region=(0, 0, 765, 1038) confidence=0.8
2026-05-10 07:33:33 | INFO | my_functions.py:258 | [DEBUG] Click skipped, image not found: weekly3.PNG
2026-05-10 07:33:33 | INFO | my_functions.py:295 | JSON file located at C:\Users\Farm\AppData\LocalLow\Second Dinner\SNAP\Standalone\States\nvprod\MissionState.json
2026-05-10 07:33:36 | INFO | my_functions.py:434 | AVAILABLE: 4
2026-05-10 07:33:36 | INFO | my_functions.py:444 | [INFO] Waiting for Notepad++ process...
2026-05-10 07:33:36 | INFO | my_functions.py:458 | [INFO] Notepad++ detected PID=4912
2026-05-10 07:33:39 | INFO | my_functions.py:466 | [SUCCESS] Notepad++ closed successfully
2026-05-10 07:33:40 | INFO | each_eight_hours.py:219 | Entering shop to claim credits
2026-05-10 07:33:40 | INFO | my_functions.py:138 | Haciendo click en la posición (557, 64)
2026-05-10 07:33:41 | INFO | my_functions.py:231 | [DEBUG] wait_for_image_and_click -> offers.PNG timeout=0s delay_click=1s confidence=0.8
2026-05-10 07:33:41 | INFO | my_functions.py:172 | Searching offers.PNG (timeout=0s)
2026-05-10 07:33:41 | INFO | my_functions.py:209 | 
⛔ Not found: offers.PNG after 0.0s region=(0, 0, 765, 1038) confidence=0.8
2026-05-10 07:33:41 | INFO | my_functions.py:258 | [DEBUG] Click skipped, image not found: offers.PNG
2026-05-10 07:33:41 | INFO | my_functions.py:231 | [DEBUG] wait_for_image_and_click -> offers_selected.PNG timeout=0s delay_click=1s confidence=0.8
2026-05-10 07:33:41 | INFO | my_functions.py:172 | Searching offers_selected.PNG (timeout=0s)
2026-05-10 07:33:41 | INFO | my_functions.py:209 | 
⛔ Not found: offers_selected.PNG after 0.0s region=(0, 0, 765, 1038) confidence=0.8
2026-05-10 07:33:41 | INFO | my_functions.py:258 | [DEBUG] Click skipped, image not found: offers_selected.PNG
2026-05-10 07:33:41 | INFO | my_functions.py:231 | [DEBUG] wait_for_image_and_click -> offers.PNG timeout=0s delay_click=1s confidence=0.8
2026-05-10 07:33:41 | INFO | my_functions.py:172 | Searching offers.PNG (timeout=0s)
2026-05-10 07:33:42 | INFO | my_functions.py:198 | 
✅ Found: offers.PNG pos=(197, 122) time=0.2s confidence=0.8
2026-05-10 07:33:43 | INFO | my_functions.py:138 | Haciendo click en la posición (197, 122)
2026-05-10 07:33:43 | INFO | my_functions.py:251 | 🖱️ Click OK: offers.PNG at (197, 122) delay=1s
2026-05-10 07:33:43 | INFO | each_eight_hours.py:229 | Offers screen opened
2026-05-10 07:33:43 | INFO | my_functions.py:231 | [DEBUG] wait_for_image_and_click -> credits_selected.png timeout=0s delay_click=1s confidence=0.8
2026-05-10 07:33:43 | INFO | my_functions.py:172 | Searching credits_selected.png (timeout=0s)
2026-05-10 07:33:43 | INFO | my_functions.py:198 | 
✅ Found: credits_selected.png pos=(443, 167) time=0.2s confidence=0.8
2026-05-10 07:33:44 | INFO | my_functions.py:138 | Haciendo click en la posición (443, 167)
2026-05-10 07:33:44 | INFO | my_functions.py:251 | 🖱️ Click OK: credits_selected.png at (443, 167) delay=1s
2026-05-10 07:33:46 | INFO | my_functions.py:231 | [DEBUG] wait_for_image_and_click -> claim_25_credits.png timeout=3s delay_click=1s confidence=0.8
2026-05-10 07:33:46 | INFO | my_functions.py:172 | Searching claim_25_credits.png (timeout=3s)
2026-05-10 07:33:46 | INFO | my_functions.py:198 | 
✅ Found: claim_25_credits.png pos=(236, 328) time=0.18s confidence=0.8
2026-05-10 07:33:47 | INFO | my_functions.py:138 | Haciendo click en la posición (236, 328)
2026-05-10 07:33:47 | INFO | my_functions.py:251 | 🖱️ Click OK: claim_25_credits.png at (236, 328) delay=1s
2026-05-10 07:33:47 | INFO | each_eight_hours.py:258 | Credits claimed
2026-05-10 07:33:47 | INFO | my_functions.py:146 | Presionando ESC (1/1)
2026-05-10 07:33:48 | INFO | my_functions.py:231 | [DEBUG] wait_for_image_and_click -> white_x.png timeout=2s delay_click=1s confidence=0.8
2026-05-10 07:33:48 | INFO | my_functions.py:172 | Searching white_x.png (timeout=2s)
2026-05-10 07:33:49 | INFO | my_functions.py:198 | 
✅ Found: white_x.png pos=(597, 113) time=1.1s confidence=0.8
2026-05-10 07:33:50 | INFO | my_functions.py:138 | Haciendo click en la posición (597, 113)
2026-05-10 07:33:50 | INFO | my_functions.py:251 | 🖱️ Click OK: white_x.png at (597, 113) delay=1s
2026-05-10 07:33:50 | INFO | each_eight_hours.py:266 | Offer popup closed
2026-05-10 07:33:50 | INFO | my_functions.py:1443 | [DEBUG] Starting logout process...
2026-05-10 07:33:50 | INFO | my_functions.py:1445 | [DEBUG] Clicking nut icon...
2026-05-10 07:33:50 | INFO | my_functions.py:231 | [DEBUG] wait_for_image_and_click -> nut.png timeout=20s delay_click=1s confidence=0.8
2026-05-10 07:33:50 | INFO | my_functions.py:172 | Searching nut.png (timeout=20s)
2026-05-10 07:33:50 | INFO | my_functions.py:198 | 
✅ Found: nut.png pos=(184, 78) time=0.19s confidence=0.8
2026-05-10 07:33:51 | INFO | my_functions.py:138 | Haciendo click en la posición (184, 78)
2026-05-10 07:33:52 | INFO | my_functions.py:251 | 🖱️ Click OK: nut.png at (184, 78) delay=1s
2026-05-10 07:33:52 | INFO | my_functions.py:1448 | [DEBUG] Waiting for graphics quality image...
2026-05-10 07:33:52 | INFO | my_functions.py:172 | Searching graphics_quality.png (timeout=3s)
2026-05-10 07:33:52 | INFO | my_functions.py:198 | 
✅ Found: graphics_quality.png pos=(304, 644) time=0.86s confidence=0.8
2026-05-10 07:33:52 | INFO | my_functions.py:1450 | [DEBUG] graphics_quality result: Point(x=304, y=644)
2026-05-10 07:33:52 | INFO | my_functions.py:1456 | [DEBUG] Clicking graphics quality...
2026-05-10 07:33:53 | INFO | my_functions.py:1461 | [DEBUG] Scrolling down...
2026-05-10 07:33:54 | INFO | my_functions.py:1464 | [DEBUG] Clicking sign_out...
2026-05-10 07:33:54 | INFO | my_functions.py:231 | [DEBUG] wait_for_image_and_click -> sign_out.png timeout=20s delay_click=1s confidence=0.8
2026-05-10 07:33:54 | INFO | my_functions.py:172 | Searching sign_out.png (timeout=20s)
2026-05-10 07:33:54 | INFO | my_functions.py:198 | 
✅ Found: sign_out.png pos=(380, 796) time=0.19s confidence=0.8
2026-05-10 07:33:55 | INFO | my_functions.py:138 | Haciendo click en la posición (380, 796)
2026-05-10 07:33:55 | INFO | my_functions.py:251 | 🖱️ Click OK: sign_out.png at (380, 796) delay=1s
2026-05-10 07:33:56 | INFO | my_functions.py:1469 | [DEBUG] Clicking big sign_out...
2026-05-10 07:33:56 | INFO | my_functions.py:231 | [DEBUG] wait_for_image_and_click -> sign_out_grande.png timeout=20s delay_click=1s confidence=0.8
2026-05-10 07:33:56 | INFO | my_functions.py:172 | Searching sign_out_grande.png (timeout=20s)
2026-05-10 07:33:56 | INFO | my_functions.py:198 | 
✅ Found: sign_out_grande.png pos=(359, 437) time=0.19s confidence=0.8
2026-05-10 07:33:57 | INFO | my_functions.py:138 | Haciendo click en la posición (359, 437)
2026-05-10 07:33:57 | INFO | my_functions.py:251 | 🖱️ Click OK: sign_out_grande.png at (359, 437) delay=1s
2026-05-10 07:33:57 | INFO | my_functions.py:1472 | [DEBUG] Clicking sign_out2...
2026-05-10 07:33:57 | INFO | my_functions.py:231 | [DEBUG] wait_for_image_and_click -> sign_out2.png timeout=20s delay_click=1s confidence=0.8
2026-05-10 07:33:57 | INFO | my_functions.py:172 | Searching sign_out2.png (timeout=20s)
2026-05-10 07:33:58 | INFO | my_functions.py:198 | 
✅ Found: sign_out2.png pos=(383, 634) time=0.19s confidence=0.8
2026-05-10 07:33:59 | INFO | my_functions.py:138 | Haciendo click en la posición (383, 634)
2026-05-10 07:33:59 | INFO | my_functions.py:251 | 🖱️ Click OK: sign_out2.png at (383, 634) delay=1s
2026-05-10 07:33:59 | INFO | my_functions.py:1475 | [DEBUG] Resizing SNAP window...
2026-05-10 07:33:59 | INFO | my_functions.py:1668 | ⏱ Esperando 0.1 segundos antes de empezar...
2026-05-10 07:33:59 | INFO | my_functions.py:1675 | 🔍 Esperando ventana que contenga alguna de: SNAP (máx 20s)
2026-05-10 07:33:59 | INFO | my_functions.py:1687 | ✅ Ventana encontrada: 'SNAP'
2026-05-10 07:33:59 | INFO | my_functions.py:1702 | ✅ Ventana seleccionada: 'SNAP'
2026-05-10 07:34:01 | INFO | my_functions.py:1725 | 🔁 Reajuste #1...
2026-05-10 07:34:03 | INFO | my_functions.py:1732 | ✔ Verificación completa. Se hicieron 1 reajustes.
2026-05-10 07:34:04 | INFO | my_functions.py:1484 | snap.exe closed
2026-05-10 07:34:07 | INFO | my_functions.py:1487 | [DEBUG] Logout completed successfully.
2026-05-10 07:34:07 | INFO | each_eight_hours.py:269 | Logged out due to insufficient submissions
2026-05-10 07:34:08 | INFO | each_eight_hours.py:273 | snap.exe closed
2026-05-10 07:34:11 | INFO | each_eight_hours.py:146 | Processing account: william
2026-05-10 07:34:11 | INFO | each_eight_hours.py:149 | Game relaunched for account
2026-05-10 07:34:11 | INFO | my_functions.py:1668 | ⏱ Esperando 0.1 segundos antes de empezar...
2026-05-10 07:34:11 | INFO | my_functions.py:1675 | 🔍 Esperando ventana que contenga alguna de: ['SNAP'] (máx 20s)
2026-05-10 07:34:13 | INFO | my_functions.py:1687 | ✅ Ventana encontrada: 'SNAP'
2026-05-10 07:34:13 | INFO | my_functions.py:1702 | ✅ Ventana seleccionada: 'SNAP'
2026-05-10 07:34:16 | INFO | my_functions.py:1734 | ✔ Verificación completa. No hubo cambios después del primer ajuste.
2026-05-10 07:34:16 | INFO | each_eight_hours.py:156 | Game window resized
2026-05-10 07:34:16 | INFO | my_functions.py:1207 | [DEBUG] Resizing SNAP window...
2026-05-10 07:34:16 | INFO | my_functions.py:1668 | ⏱ Esperando 0.1 segundos antes de empezar...
2026-05-10 07:34:16 | INFO | my_functions.py:1675 | 🔍 Esperando ventana que contenga alguna de: ['SNAP'] (máx 20s)
2026-05-10 07:34:16 | INFO | my_functions.py:1687 | ✅ Ventana encontrada: 'SNAP'
2026-05-10 07:34:16 | INFO | my_functions.py:1702 | ✅ Ventana seleccionada: 'SNAP'
2026-05-10 07:34:19 | INFO | my_functions.py:1734 | ✔ Verificación completa. No hubo cambios después del primer ajuste.
2026-05-10 07:34:19 | INFO | my_functions.py:231 | [DEBUG] wait_for_image_and_click -> submit.PNG timeout=90s delay_click=0.2s confidence=0.8
2026-05-10 07:34:19 | INFO | my_functions.py:172 | Searching submit.PNG (timeout=90s)
2026-05-10 07:34:21 | INFO | my_functions.py:198 | 
✅ Found: submit.PNG pos=(385, 779) time=1.93s confidence=0.8
2026-05-10 07:34:21 | INFO | my_functions.py:138 | Haciendo click en la posición (385, 779)
2026-05-10 07:34:21 | INFO | my_functions.py:251 | 🖱️ Click OK: submit.PNG at (385, 779) delay=0.2s
2026-05-10 07:34:21 | INFO | my_functions.py:1668 | ⏱ Esperando 0.1 segundos antes de empezar...
2026-05-10 07:34:21 | INFO | my_functions.py:1675 | 🔍 Esperando ventana que contenga alguna de: ['SNAP'] (máx 20s)
2026-05-10 07:34:21 | INFO | my_functions.py:1687 | ✅ Ventana encontrada: 'SNAP'
2026-05-10 07:34:21 | INFO | my_functions.py:1702 | ✅ Ventana seleccionada: 'SNAP'
2026-05-10 07:34:23 | INFO | my_functions.py:1725 | 🔁 Reajuste #1...
2026-05-10 07:34:25 | INFO | my_functions.py:1732 | ✔ Verificación completa. Se hicieron 1 reajustes.
2026-05-10 07:34:25 | INFO | my_functions.py:172 | Searching please_sign.png (timeout=0s)
2026-05-10 07:34:25 | INFO | my_functions.py:198 | 
✅ Found: please_sign.png pos=(383, 438) time=0.19s confidence=0.8
2026-05-10 07:34:25 | INFO | my_functions.py:231 | [DEBUG] wait_for_image_and_click -> ok_btn.png timeout=20s delay_click=1s confidence=0.8
2026-05-10 07:34:25 | INFO | my_functions.py:172 | Searching ok_btn.png (timeout=20s)
2026-05-10 07:34:25 | INFO | my_functions.py:198 | 
✅ Found: ok_btn.png pos=(382, 634) time=0.18s confidence=0.8
2026-05-10 07:34:26 | INFO | my_functions.py:138 | Haciendo click en la posición (382, 634)
2026-05-10 07:34:26 | INFO | my_functions.py:251 | 🖱️ Click OK: ok_btn.png at (382, 634) delay=1s
2026-05-10 07:34:26 | INFO | my_functions.py:231 | [DEBUG] wait_for_image_and_click -> submit.PNG timeout=90s delay_click=0.2s confidence=0.8
2026-05-10 07:34:26 | INFO | my_functions.py:172 | Searching submit.PNG (timeout=90s)
2026-05-10 07:34:27 | INFO | my_functions.py:198 | 
✅ Found: submit.PNG pos=(385, 779) time=1.24s confidence=0.8
2026-05-10 07:34:28 | INFO | my_functions.py:138 | Haciendo click en la posición (385, 779)
2026-05-10 07:34:28 | INFO | my_functions.py:251 | 🖱️ Click OK: submit.PNG at (385, 779) delay=0.2s
2026-05-10 07:34:28 | INFO | my_functions.py:172 | Searching sign_in_with_google2.PNG (timeout=90s)
2026-05-10 07:34:29 | INFO | my_functions.py:198 | 
✅ Found: sign_in_with_google2.PNG pos=(406, 957) time=0.84s confidence=0.8
2026-05-10 07:34:29 | INFO | my_functions.py:231 | [DEBUG] wait_for_image_and_click -> sign_in_with_google2.PNG timeout=20s delay_click=1s confidence=0.8
2026-05-10 07:34:29 | INFO | my_functions.py:172 | Searching sign_in_with_google2.PNG (timeout=20s)
2026-05-10 07:34:29 | INFO | my_functions.py:198 | 
✅ Found: sign_in_with_google2.PNG pos=(406, 957) time=0.32s confidence=0.8
2026-05-10 07:34:30 | INFO | my_functions.py:138 | Haciendo click en la posición (406, 957)
2026-05-10 07:34:30 | INFO | my_functions.py:251 | 🖱️ Click OK: sign_in_with_google2.PNG at (406, 957) delay=1s
2026-05-10 07:34:30 | INFO | my_functions.py:231 | [DEBUG] wait_for_image_and_click -> william.png timeout=30s delay_click=3s confidence=0.8
2026-05-10 07:34:30 | INFO | my_functions.py:172 | Searching william.png (timeout=30s)
2026-05-10 07:34:35 | INFO | my_functions.py:198 | 
✅ Found: william.png pos=(1150, 961) time=4.47s confidence=0.8
2026-05-10 07:34:38 | INFO | my_functions.py:138 | Haciendo click en la posición (1150, 961)
2026-05-10 07:34:38 | INFO | my_functions.py:251 | 🖱️ Click OK: william.png at (1150, 961) delay=3s
2026-05-10 07:34:40 | INFO | my_functions.py:231 | [DEBUG] wait_for_image_and_click -> python_icon.PNG timeout=5s delay_click=1s confidence=0.8
2026-05-10 07:34:40 | INFO | my_functions.py:172 | Searching python_icon.PNG (timeout=5s)
2026-05-10 07:34:40 | INFO | my_functions.py:198 | 
✅ Found: python_icon.PNG pos=(647, 1054) time=0.3s confidence=0.8
2026-05-10 07:34:41 | INFO | my_functions.py:138 | Haciendo click en la posición (647, 1054)
2026-05-10 07:34:41 | INFO | my_functions.py:251 | 🖱️ Click OK: python_icon.PNG at (647, 1054) delay=1s
2026-05-10 07:34:41 | INFO | my_functions.py:231 | [DEBUG] wait_for_image_and_click -> snap_icon_task_bar.PNG timeout=20s delay_click=1s confidence=0.8
2026-05-10 07:34:41 | INFO | my_functions.py:172 | Searching snap_icon_task_bar.PNG (timeout=20s)
2026-05-10 07:34:42 | INFO | my_functions.py:198 | 
✅ Found: snap_icon_task_bar.PNG pos=(524, 1052) time=0.43s confidence=0.8
2026-05-10 07:34:43 | INFO | my_functions.py:138 | Haciendo click en la posición (524, 1052)
2026-05-10 07:34:43 | INFO | my_functions.py:251 | 🖱️ Click OK: snap_icon_task_bar.PNG at (524, 1052) delay=1s
2026-05-10 07:34:43 | INFO | my_functions.py:172 | Searching play.PNG (timeout=30s)
2026-05-10 07:34:52 | INFO | my_functions.py:198 | 
✅ Found: play.PNG pos=(384, 824) time=9.31s confidence=0.8
2026-05-10 07:34:52 | INFO | my_functions.py:1265 | [DEBUG] Login completado correctamente.
2026-05-10 07:34:52 | INFO | each_eight_hours.py:160 | Login executed
2026-05-10 07:34:52 | INFO | my_functions.py:172 | Searching shop_unselected.PNG (timeout=0s)
2026-05-10 07:34:53 | INFO | my_functions.py:198 | 
✅ Found: shop_unselected.PNG pos=(88, 961) time=0.25s confidence=0.8
2026-05-10 07:35:01 | INFO | my_functions.py:172 | Searching shop_unselected.PNG (timeout=0s)
2026-05-10 07:35:01 | INFO | my_functions.py:209 | 
⛔ Not found: shop_unselected.PNG after 0.0s region=(0, 0, 765, 1038) confidence=0.8
2026-05-10 07:35:02 | INFO | my_functions.py:172 | Searching shop_unselected.PNG (timeout=0s)
2026-05-10 07:35:02 | INFO | my_functions.py:209 | 
⛔ Not found: shop_unselected.PNG after 0.0s region=(0, 0, 765, 1038) confidence=0.8
2026-05-10 07:35:02 | INFO | my_functions.py:231 | [DEBUG] wait_for_image_and_click -> super_premium.PNG timeout=0s delay_click=1s confidence=0.8
2026-05-10 07:35:02 | INFO | my_functions.py:172 | Searching super_premium.PNG (timeout=0s)
2026-05-10 07:35:02 | INFO | my_functions.py:198 | 
✅ Found: super_premium.PNG pos=(480, 777) time=0.18s confidence=0.8
2026-05-10 07:35:03 | INFO | my_functions.py:138 | Haciendo click en la posición (480, 777)
2026-05-10 07:35:03 | INFO | my_functions.py:251 | 🖱️ Click OK: super_premium.PNG at (480, 777) delay=1s
2026-05-10 07:35:03 | INFO | my_functions.py:146 | Presionando ESC (1/1)
2026-05-10 07:35:12 | INFO | my_functions.py:172 | Searching shop_unselected.PNG (timeout=0s)
2026-05-10 07:35:12 | INFO | my_functions.py:198 | 
✅ Found: shop_unselected.PNG pos=(89, 961) time=0.19s confidence=0.8
2026-05-10 07:35:12 | INFO | my_functions.py:720 | Ya esta listo
2026-05-10 07:35:12 | INFO | each_eight_hours.py:163 | Initial images processed
2026-05-10 07:35:12 | INFO | each_eight_hours.py:166 | Chrome terminated
2026-05-10 07:35:12 | INFO | my_functions.py:231 | [DEBUG] wait_for_image_and_click -> missions_unnotified2.png timeout=20s delay_click=1s confidence=0.8
2026-05-10 07:35:12 | INFO | my_functions.py:172 | Searching missions_unnotified2.png (timeout=20s)
2026-05-10 07:35:13 | INFO | my_functions.py:198 | 
✅ Found: missions_unnotified2.png pos=(516, 127) time=0.19s confidence=0.8
2026-05-10 07:35:14 | INFO | my_functions.py:138 | Haciendo click en la posición (516, 127)
2026-05-10 07:35:14 | INFO | my_functions.py:251 | 🖱️ Click OK: missions_unnotified2.png at (516, 127) delay=1s
2026-05-10 07:35:14 | INFO | my_functions.py:231 | [DEBUG] wait_for_image_and_click -> calendar_missions_daily.png timeout=3s delay_click=1s confidence=0.8
2026-05-10 07:35:14 | INFO | my_functions.py:172 | Searching calendar_missions_daily.png (timeout=3s)
2026-05-10 07:35:15 | INFO | my_functions.py:198 | 
✅ Found: calendar_missions_daily.png pos=(189, 131) time=1.06s confidence=0.8
2026-05-10 07:35:16 | INFO | my_functions.py:138 | Haciendo click en la posición (189, 131)
2026-05-10 07:35:16 | INFO | my_functions.py:251 | 🖱️ Click OK: calendar_missions_daily.png at (189, 131) delay=1s
2026-05-10 07:35:16 | INFO | each_eight_hours.py:180 | Mission screens opened
2026-05-10 07:35:16 | INFO | my_functions.py:295 | JSON file located at C:\Users\Farm\AppData\LocalLow\Second Dinner\SNAP\Standalone\States\nvprod\MissionState.json
2026-05-10 07:35:19 | INFO | my_functions.py:434 | AVAILABLE: 5
2026-05-10 07:35:19 | INFO | my_functions.py:444 | [INFO] Waiting for Notepad++ process...
2026-05-10 07:35:19 | INFO | my_functions.py:458 | [INFO] Notepad++ detected PID=4908
2026-05-10 07:35:22 | INFO | my_functions.py:466 | [SUCCESS] Notepad++ closed successfully
2026-05-10 07:35:23 | INFO | my_functions.py:1593 | [INFO] Iniciando click_missions_blue2
2026-05-10 07:35:23 | INFO | my_functions.py:138 | Haciendo click en la posición (150, 132)
2026-05-10 07:35:24 | INFO | my_functions.py:1596 | [ACTION] Click hecho en icono de calendario que me dirige a las misiones ordinarias
2026-05-10 07:35:24 | INFO | my_functions.py:172 | Searching bonus_challenge.png (timeout=0s)
2026-05-10 07:35:25 | INFO | my_functions.py:209 | 
⛔ Not found: bonus_challenge.png after 0.0s region=(0, 0, 765, 1038) confidence=0.8
2026-05-10 07:35:27 | INFO | my_functions.py:172 | Searching flechita_mission.PNG (timeout=0s)
2026-05-10 07:35:27 | INFO | my_functions.py:209 | 
⛔ Not found: flechita_mission.PNG after 0.0s region=(0, 0, 765, 1038) confidence=0.8
2026-05-10 07:35:27 | INFO | my_functions.py:231 | [DEBUG] wait_for_image_and_click -> weekly3.PNG timeout=0s delay_click=0.1s confidence=0.8
2026-05-10 07:35:27 | INFO | my_functions.py:172 | Searching weekly3.PNG (timeout=0s)
2026-05-10 07:35:27 | INFO | my_functions.py:209 | 
⛔ Not found: weekly3.PNG after 0.19s region=(0, 0, 765, 1038) confidence=0.8
2026-05-10 07:35:27 | INFO | my_functions.py:258 | [DEBUG] Click skipped, image not found: weekly3.PNG
2026-05-10 07:35:27 | INFO | my_functions.py:231 | [DEBUG] wait_for_image_and_click -> weekly3.PNG timeout=0s delay_click=0.1s confidence=0.8
2026-05-10 07:35:27 | INFO | my_functions.py:172 | Searching weekly3.PNG (timeout=0s)
2026-05-10 07:35:27 | INFO | my_functions.py:209 | 
⛔ Not found: weekly3.PNG after 0.01s region=(0, 0, 765, 1038) confidence=0.8
2026-05-10 07:35:27 | INFO | my_functions.py:258 | [DEBUG] Click skipped, image not found: weekly3.PNG
2026-05-10 07:35:27 | INFO | my_functions.py:231 | [DEBUG] wait_for_image_and_click -> weekly3.PNG timeout=0s delay_click=0.1s confidence=0.8
2026-05-10 07:35:27 | INFO | my_functions.py:172 | Searching weekly3.PNG (timeout=0s)
2026-05-10 07:35:27 | INFO | my_functions.py:209 | 
⛔ Not found: weekly3.PNG after 0.0s region=(0, 0, 765, 1038) confidence=0.8
2026-05-10 07:35:27 | INFO | my_functions.py:258 | [DEBUG] Click skipped, image not found: weekly3.PNG
2026-05-10 07:35:27 | INFO | my_functions.py:231 | [DEBUG] wait_for_image_and_click -> weekly3.PNG timeout=0s delay_click=0.1s confidence=0.8
2026-05-10 07:35:27 | INFO | my_functions.py:172 | Searching weekly3.PNG (timeout=0s)
2026-05-10 07:35:28 | INFO | my_functions.py:209 | 
⛔ Not found: weekly3.PNG after 0.01s region=(0, 0, 765, 1038) confidence=0.8
2026-05-10 07:35:28 | INFO | my_functions.py:258 | [DEBUG] Click skipped, image not found: weekly3.PNG
2026-05-10 07:35:28 | INFO | my_functions.py:231 | [DEBUG] wait_for_image_and_click -> weekly3.PNG timeout=0s delay_click=0.1s confidence=0.8
2026-05-10 07:35:28 | INFO | my_functions.py:172 | Searching weekly3.PNG (timeout=0s)
2026-05-10 07:35:28 | INFO | my_functions.py:209 | 
⛔ Not found: weekly3.PNG after 0.0s region=(0, 0, 765, 1038) confidence=0.8
2026-05-10 07:35:28 | INFO | my_functions.py:258 | [DEBUG] Click skipped, image not found: weekly3.PNG
2026-05-10 07:35:28 | INFO | my_functions.py:231 | [DEBUG] wait_for_image_and_click -> weekly3.PNG timeout=0s delay_click=0.1s confidence=0.8
2026-05-10 07:35:28 | INFO | my_functions.py:172 | Searching weekly3.PNG (timeout=0s)
2026-05-10 07:35:28 | INFO | my_functions.py:209 | 
⛔ Not found: weekly3.PNG after 0.0s region=(0, 0, 765, 1038) confidence=0.8
2026-05-10 07:35:28 | INFO | my_functions.py:258 | [DEBUG] Click skipped, image not found: weekly3.PNG
2026-05-10 07:35:28 | INFO | my_functions.py:231 | [DEBUG] wait_for_image_and_click -> weekly3.PNG timeout=0s delay_click=0.1s confidence=0.8
2026-05-10 07:35:28 | INFO | my_functions.py:172 | Searching weekly3.PNG (timeout=0s)
2026-05-10 07:35:28 | INFO | my_functions.py:209 | 
⛔ Not found: weekly3.PNG after 0.01s region=(0, 0, 765, 1038) confidence=0.8
2026-05-10 07:35:28 | INFO | my_functions.py:258 | [DEBUG] Click skipped, image not found: weekly3.PNG
2026-05-10 07:35:28 | INFO | my_functions.py:231 | [DEBUG] wait_for_image_and_click -> weekly3.PNG timeout=0s delay_click=0.1s confidence=0.8
2026-05-10 07:35:28 | INFO | my_functions.py:172 | Searching weekly3.PNG (timeout=0s)
2026-05-10 07:35:28 | INFO | my_functions.py:209 | 
⛔ Not found: weekly3.PNG after 0.01s region=(0, 0, 765, 1038) confidence=0.8
2026-05-10 07:35:28 | INFO | my_functions.py:258 | [DEBUG] Click skipped, image not found: weekly3.PNG
2026-05-10 07:35:28 | INFO | my_functions.py:231 | [DEBUG] wait_for_image_and_click -> weekly3.PNG timeout=0s delay_click=0.1s confidence=0.8
2026-05-10 07:35:28 | INFO | my_functions.py:172 | Searching weekly3.PNG (timeout=0s)
2026-05-10 07:35:29 | INFO | my_functions.py:209 | 
⛔ Not found: weekly3.PNG after 0.01s region=(0, 0, 765, 1038) confidence=0.8
2026-05-10 07:35:29 | INFO | my_functions.py:258 | [DEBUG] Click skipped, image not found: weekly3.PNG
2026-05-10 07:35:29 | INFO | my_functions.py:231 | [DEBUG] wait_for_image_and_click -> weekly3.PNG timeout=0s delay_click=0.1s confidence=0.8
2026-05-10 07:35:29 | INFO | my_functions.py:172 | Searching weekly3.PNG (timeout=0s)
2026-05-10 07:35:29 | INFO | my_functions.py:209 | 
⛔ Not found: weekly3.PNG after 0.0s region=(0, 0, 765, 1038) confidence=0.8
2026-05-10 07:35:29 | INFO | my_functions.py:258 | [DEBUG] Click skipped, image not found: weekly3.PNG
2026-05-10 07:35:29 | INFO | my_functions.py:295 | JSON file located at C:\Users\Farm\AppData\LocalLow\Second Dinner\SNAP\Standalone\States\nvprod\MissionState.json
2026-05-10 07:35:32 | INFO | my_functions.py:434 | AVAILABLE: 5
2026-05-10 07:35:32 | INFO | my_functions.py:444 | [INFO] Waiting for Notepad++ process...
2026-05-10 07:35:32 | INFO | my_functions.py:458 | [INFO] Notepad++ detected PID=5144
2026-05-10 07:35:35 | INFO | my_functions.py:466 | [SUCCESS] Notepad++ closed successfully
2026-05-10 07:35:36 | INFO | my_functions.py:146 | Presionando ESC (1/1)
2026-05-10 07:35:36 | INFO | my_functions.py:231 | [DEBUG] wait_for_image_and_click -> white_x.png timeout=2s delay_click=1s confidence=0.8
2026-05-10 07:35:36 | INFO | my_functions.py:172 | Searching white_x.png (timeout=2s)
2026-05-10 07:35:37 | INFO | my_functions.py:198 | 
✅ Found: white_x.png pos=(597, 113) time=0.72s confidence=0.8
2026-05-10 07:35:38 | INFO | my_functions.py:138 | Haciendo click en la posición (597, 113)
2026-05-10 07:35:38 | INFO | my_functions.py:251 | 🖱️ Click OK: white_x.png at (597, 113) delay=1s
2026-05-10 07:35:38 | INFO | each_eight_hours.py:214 | Offer popup closed
2026-05-10 07:35:38 | INFO | my_functions.py:172 | Searching play.PNG (timeout=0s)
2026-05-10 07:35:39 | INFO | my_functions.py:198 | 
✅ Found: play.PNG pos=(384, 824) time=0.21s confidence=0.8
2026-05-10 07:35:39 | INFO | my_functions.py:1563 | [INFO] Click realizado donde se equipa el deck a jugar
2026-05-10 07:35:43 | INFO | my_functions.py:231 | [DEBUG] wait_for_image_and_click -> deck_666666.png timeout=3s delay_click=1s confidence=0.8
2026-05-10 07:35:43 | INFO | my_functions.py:172 | Searching deck_666666.png (timeout=3s)
2026-05-10 07:35:43 | INFO | my_functions.py:198 | 
✅ Found: deck_666666.png pos=(384, 546) time=0.19s confidence=0.8
2026-05-10 07:35:44 | INFO | my_functions.py:138 | Haciendo click en la posición (384, 546)
2026-05-10 07:35:44 | INFO | my_functions.py:251 | 🖱️ Click OK: deck_666666.png at (384, 546) delay=1s
2026-05-10 07:35:44 | INFO | my_functions.py:231 | [DEBUG] wait_for_image_and_click -> equip.png timeout=3s delay_click=1s confidence=0.95
2026-05-10 07:35:44 | INFO | my_functions.py:172 | Searching equip.png (timeout=3s)
2026-05-10 07:35:44 | INFO | my_functions.py:198 | 
✅ Found: equip.png pos=(548, 983) time=0.2s confidence=0.95
2026-05-10 07:35:45 | INFO | my_functions.py:138 | Haciendo click en la posición (548, 983)
2026-05-10 07:35:46 | INFO | my_functions.py:251 | 🖱️ Click OK: equip.png at (548, 983) delay=1s
2026-05-10 07:35:46 | INFO | each_eight_hours.py:217 | Deck selected: 6turns
2026-05-10 07:35:46 | INFO | my_functions.py:231 | [DEBUG] wait_for_image_and_click -> maybe_later.PNG timeout=2s delay_click=1s confidence=0.8
2026-05-10 07:35:46 | INFO | my_functions.py:172 | Searching maybe_later.PNG (timeout=2s)
2026-05-10 07:35:48 | INFO | my_functions.py:209 | 
⛔ Not found: maybe_later.PNG after 2.1s region=(0, 0, 765, 1038) confidence=0.8
2026-05-10 07:35:48 | INFO | my_functions.py:258 | [DEBUG] Click skipped, image not found: maybe_later.PNG
2026-05-10 07:35:48 | INFO | my_functions.py:231 | [DEBUG] wait_for_image_and_click -> maybe_later2.PNG timeout=2s delay_click=1s confidence=0.8
2026-05-10 07:35:48 | INFO | my_functions.py:172 | Searching maybe_later2.PNG (timeout=2s)
2026-05-10 07:35:50 | INFO | my_functions.py:209 | 
⛔ Not found: maybe_later2.PNG after 2.07s region=(0, 0, 765, 1038) confidence=0.8
2026-05-10 07:35:50 | INFO | my_functions.py:258 | [DEBUG] Click skipped, image not found: maybe_later2.PNG
2026-05-10 07:35:50 | INFO | each_eight_hours.py:287 | Starting game loop 1
2026-05-10 07:35:50 | INFO | my_functions.py:231 | [DEBUG] wait_for_image_and_click -> play.PNG timeout=20s delay_click=3s confidence=0.8
2026-05-10 07:35:50 | INFO | my_functions.py:172 | Searching play.PNG (timeout=20s)
2026-05-10 07:35:50 | INFO | my_functions.py:198 | 
✅ Found: play.PNG pos=(384, 824) time=0.18s confidence=0.8
2026-05-10 07:35:53 | INFO | my_functions.py:138 | Haciendo click en la posición (384, 824)
2026-05-10 07:35:54 | INFO | my_functions.py:251 | 🖱️ Click OK: play.PNG at (384, 824) delay=3s
2026-05-10 07:35:54 | INFO | each_eight_hours.py:293 | Play button clicked
2026-05-10 07:36:07 | INFO | my_functions.py:198 | 
✅ Found: end_turn.PNG pos=(681, 945) time=0.17s confidence=0.8
2026-05-10 07:36:07 | INFO | my_functions.py:231 | [DEBUG] wait_for_image_and_click -> snap.PNG timeout=0s delay_click=1s confidence=0.8
2026-05-10 07:36:08 | INFO | my_functions.py:198 | 
✅ Found: snap.PNG pos=(386, 122) time=0.2s confidence=0.8
2026-05-10 07:36:09 | INFO | my_functions.py:138 | Haciendo click en la posición (386, 122)
2026-05-10 07:36:09 | INFO | my_functions.py:251 | 🖱️ Click OK: snap.PNG at (386, 122) delay=1s
2026-05-10 07:36:14 | INFO | my_functions.py:138 | Haciendo click en la posición (681, 945)
2026-05-10 07:36:15 | INFO | each_eight_hours.py:314 | End turn executed
2026-05-10 07:36:29 | INFO | my_functions.py:198 | 
✅ Found: end_turn.PNG pos=(681, 945) time=0.19s confidence=0.8
2026-05-10 07:36:29 | INFO | my_functions.py:231 | [DEBUG] wait_for_image_and_click -> snap.PNG timeout=0s delay_click=1s confidence=0.8
2026-05-10 07:36:29 | INFO | my_functions.py:258 | [DEBUG] Click skipped, image not found: snap.PNG
2026-05-10 07:36:34 | INFO | my_functions.py:138 | Haciendo click en la posición (681, 945)
2026-05-10 07:36:35 | INFO | each_eight_hours.py:314 | End turn executed
2026-05-10 07:36:43 | INFO | my_functions.py:198 | 
✅ Found: end_turn.PNG pos=(681, 945) time=0.22s confidence=0.8
2026-05-10 07:36:43 | INFO | my_functions.py:231 | [DEBUG] wait_for_image_and_click -> snap.PNG timeout=0s delay_click=1s confidence=0.8
2026-05-10 07:36:43 | INFO | my_functions.py:258 | [DEBUG] Click skipped, image not found: snap.PNG
2026-05-10 07:36:48 | INFO | my_functions.py:138 | Haciendo click en la posición (681, 945)
2026-05-10 07:36:50 | INFO | each_eight_hours.py:314 | End turn executed
2026-05-10 07:37:07 | INFO | my_functions.py:198 | 
✅ Found: end_turn.PNG pos=(681, 945) time=0.19s confidence=0.8
2026-05-10 07:37:07 | INFO | my_functions.py:231 | [DEBUG] wait_for_image_and_click -> snap.PNG timeout=0s delay_click=1s confidence=0.8
2026-05-10 07:37:07 | INFO | my_functions.py:258 | [DEBUG] Click skipped, image not found: snap.PNG
2026-05-10 07:37:12 | INFO | my_functions.py:138 | Haciendo click en la posición (681, 945)
2026-05-10 07:37:13 | INFO | each_eight_hours.py:314 | End turn executed
2026-05-10 07:37:33 | INFO | my_functions.py:198 | 
✅ Found: end_turn.PNG pos=(681, 945) time=0.19s confidence=0.8
2026-05-10 07:37:33 | INFO | my_functions.py:231 | [DEBUG] wait_for_image_and_click -> snap.PNG timeout=0s delay_click=1s confidence=0.8
2026-05-10 07:37:33 | INFO | my_functions.py:258 | [DEBUG] Click skipped, image not found: snap.PNG
2026-05-10 07:37:38 | INFO | my_functions.py:138 | Haciendo click en la posición (681, 945)
2026-05-10 07:37:39 | INFO | each_eight_hours.py:314 | End turn executed
2026-05-10 07:37:54 | INFO | my_functions.py:198 | 
✅ Found: end_turn.PNG pos=(681, 945) time=0.19s confidence=0.8
2026-05-10 07:37:54 | INFO | my_functions.py:231 | [DEBUG] wait_for_image_and_click -> snap.PNG timeout=0s delay_click=1s confidence=0.8
2026-05-10 07:37:54 | INFO | my_functions.py:258 | [DEBUG] Click skipped, image not found: snap.PNG
2026-05-10 07:37:59 | INFO | my_functions.py:138 | Haciendo click en la posición (681, 945)
2026-05-10 07:38:00 | INFO | each_eight_hours.py:314 | End turn executed
2026-05-10 07:38:25 | INFO | my_functions.py:198 | 
✅ Found: collect_rewards.PNG pos=(679, 995) time=0.22s confidence=0.8
2026-05-10 07:38:25 | INFO | each_eight_hours.py:353 | Rewards detected, exiting match
2026-05-10 07:38:25 | INFO | my_functions.py:231 | [DEBUG] wait_for_image_and_click -> collect_rewards.PNG timeout=20s delay_click=1s confidence=0.8
2026-05-10 07:38:25 | INFO | my_functions.py:172 | Searching collect_rewards.PNG (timeout=20s)
2026-05-10 07:38:25 | INFO | my_functions.py:198 | 
✅ Found: collect_rewards.PNG pos=(680, 961) time=0.22s confidence=0.8
2026-05-10 07:38:26 | INFO | my_functions.py:138 | Haciendo click en la posición (680, 961)
2026-05-10 07:38:27 | INFO | my_functions.py:251 | 🖱️ Click OK: collect_rewards.PNG at (680, 961) delay=1s
2026-05-10 07:38:27 | INFO | my_functions.py:231 | [DEBUG] wait_for_image_and_click -> next.PNG timeout=20s delay_click=1s confidence=0.8
2026-05-10 07:38:27 | INFO | my_functions.py:172 | Searching next.PNG (timeout=20s)
2026-05-10 07:38:32 | INFO | my_functions.py:198 | 
✅ Found: next.PNG pos=(677, 973) time=5.13s confidence=0.8
2026-05-10 07:38:33 | INFO | my_functions.py:138 | Haciendo click en la posición (677, 973)
2026-05-10 07:38:33 | INFO | my_functions.py:251 | 🖱️ Click OK: next.PNG at (677, 973) delay=1s
2026-05-10 07:38:37 | INFO | my_functions.py:434 | AVAILABLE: 5
2026-05-10 07:38:37 | INFO | my_functions.py:444 | [INFO] Waiting for Notepad++ process...
2026-05-10 07:38:37 | INFO | my_functions.py:458 | [INFO] Notepad++ detected PID=424
2026-05-10 07:38:40 | INFO | my_functions.py:466 | [SUCCESS] Notepad++ closed successfully
2026-05-10 07:38:41 | INFO | each_eight_hours.py:421 | Submissions after match: 5
2026-05-10 07:38:41 | INFO | my_functions.py:378 | Misiones completadas: 1
2026-05-10 07:38:41 | INFO | each_eight_hours.py:430 | Submission condition met, breaking loop
2026-05-10 07:38:41 | INFO | my_functions.py:231 | [DEBUG] wait_for_image_and_click -> missionsNotify2.png timeout=20s delay_click=3s confidence=0.8
2026-05-10 07:38:41 | INFO | my_functions.py:172 | Searching missionsNotify2.png (timeout=20s)
2026-05-10 07:38:42 | INFO | my_functions.py:198 | 
✅ Found: missionsNotify2.png pos=(538, 124) time=0.2s confidence=0.8
2026-05-10 07:38:45 | INFO | my_functions.py:138 | Haciendo click en la posición (538, 124)
2026-05-10 07:38:45 | INFO | my_functions.py:251 | 🖱️ Click OK: missionsNotify2.png at (538, 124) delay=3s
2026-05-10 07:38:45 | INFO | my_functions.py:1593 | [INFO] Iniciando click_missions_blue2
2026-05-10 07:38:45 | INFO | my_functions.py:138 | Haciendo click en la posición (150, 132)
2026-05-10 07:38:46 | INFO | my_functions.py:1596 | [ACTION] Click hecho en icono de calendario que me dirige a las misiones ordinarias
2026-05-10 07:38:46 | INFO | my_functions.py:172 | Searching bonus_challenge.png (timeout=0s)
2026-05-10 07:38:46 | INFO | my_functions.py:209 | 
⛔ Not found: bonus_challenge.png after 0.0s region=(0, 0, 765, 1038) confidence=0.8
2026-05-10 07:38:48 | INFO | my_functions.py:138 | Haciendo click en la posición (362, 493)
2026-05-10 07:38:49 | INFO | my_functions.py:1609 | [ACTION] Click 1/1 en misión azul
2026-05-10 07:38:50 | INFO | my_functions.py:172 | Searching flechita_mission.PNG (timeout=0s)
2026-05-10 07:38:50 | INFO | my_functions.py:209 | 
⛔ Not found: flechita_mission.PNG after 0.0s region=(0, 0, 765, 1038) confidence=0.8
2026-05-10 07:38:50 | INFO | my_functions.py:231 | [DEBUG] wait_for_image_and_click -> weekly3.PNG timeout=0s delay_click=0.1s confidence=0.8
2026-05-10 07:38:50 | INFO | my_functions.py:172 | Searching weekly3.PNG (timeout=0s)
2026-05-10 07:38:50 | INFO | my_functions.py:209 | 
⛔ Not found: weekly3.PNG after 0.0s region=(0, 0, 765, 1038) confidence=0.8
2026-05-10 07:38:50 | INFO | my_functions.py:258 | [DEBUG] Click skipped, image not found: weekly3.PNG
2026-05-10 07:38:50 | INFO | my_functions.py:231 | [DEBUG] wait_for_image_and_click -> weekly3.PNG timeout=0s delay_click=0.1s confidence=0.8
2026-05-10 07:38:50 | INFO | my_functions.py:172 | Searching weekly3.PNG (timeout=0s)
2026-05-10 07:38:50 | INFO | my_functions.py:209 | 
⛔ Not found: weekly3.PNG after 0.0s region=(0, 0, 765, 1038) confidence=0.8
2026-05-10 07:38:50 | INFO | my_functions.py:258 | [DEBUG] Click skipped, image not found: weekly3.PNG
2026-05-10 07:38:50 | INFO | my_functions.py:231 | [DEBUG] wait_for_image_and_click -> weekly3.PNG timeout=0s delay_click=0.1s confidence=0.8
2026-05-10 07:38:50 | INFO | my_functions.py:172 | Searching weekly3.PNG (timeout=0s)
2026-05-10 07:38:51 | INFO | my_functions.py:209 | 
⛔ Not found: weekly3.PNG after 0.01s region=(0, 0, 765, 1038) confidence=0.8
2026-05-10 07:38:51 | INFO | my_functions.py:258 | [DEBUG] Click skipped, image not found: weekly3.PNG
2026-05-10 07:38:51 | INFO | my_functions.py:231 | [DEBUG] wait_for_image_and_click -> weekly3.PNG timeout=0s delay_click=0.1s confidence=0.8
2026-05-10 07:38:51 | INFO | my_functions.py:172 | Searching weekly3.PNG (timeout=0s)
2026-05-10 07:38:51 | INFO | my_functions.py:209 | 
⛔ Not found: weekly3.PNG after 0.01s region=(0, 0, 765, 1038) confidence=0.8
2026-05-10 07:38:51 | INFO | my_functions.py:258 | [DEBUG] Click skipped, image not found: weekly3.PNG
2026-05-10 07:38:51 | INFO | my_functions.py:231 | [DEBUG] wait_for_image_and_click -> weekly3.PNG timeout=0s delay_click=0.1s confidence=0.8
2026-05-10 07:38:51 | INFO | my_functions.py:172 | Searching weekly3.PNG (timeout=0s)
2026-05-10 07:38:51 | INFO | my_functions.py:209 | 
⛔ Not found: weekly3.PNG after 0.0s region=(0, 0, 765, 1038) confidence=0.8
2026-05-10 07:38:51 | INFO | my_functions.py:258 | [DEBUG] Click skipped, image not found: weekly3.PNG
2026-05-10 07:38:51 | INFO | my_functions.py:231 | [DEBUG] wait_for_image_and_click -> weekly3.PNG timeout=0s delay_click=0.1s confidence=0.8
2026-05-10 07:38:51 | INFO | my_functions.py:172 | Searching weekly3.PNG (timeout=0s)
2026-05-10 07:38:51 | INFO | my_functions.py:209 | 
⛔ Not found: weekly3.PNG after 0.0s region=(0, 0, 765, 1038) confidence=0.8
2026-05-10 07:38:51 | INFO | my_functions.py:258 | [DEBUG] Click skipped, image not found: weekly3.PNG
2026-05-10 07:38:51 | INFO | my_functions.py:231 | [DEBUG] wait_for_image_and_click -> weekly3.PNG timeout=0s delay_click=0.1s confidence=0.8
2026-05-10 07:38:51 | INFO | my_functions.py:172 | Searching weekly3.PNG (timeout=0s)
2026-05-10 07:38:51 | INFO | my_functions.py:209 | 
⛔ Not found: weekly3.PNG after 0.01s region=(0, 0, 765, 1038) confidence=0.8
2026-05-10 07:38:51 | INFO | my_functions.py:258 | [DEBUG] Click skipped, image not found: weekly3.PNG
2026-05-10 07:38:51 | INFO | my_functions.py:231 | [DEBUG] wait_for_image_and_click -> weekly3.PNG timeout=0s delay_click=0.1s confidence=0.8
2026-05-10 07:38:51 | INFO | my_functions.py:172 | Searching weekly3.PNG (timeout=0s)
2026-05-10 07:38:52 | INFO | my_functions.py:209 | 
⛔ Not found: weekly3.PNG after 0.01s region=(0, 0, 765, 1038) confidence=0.8
2026-05-10 07:38:52 | INFO | my_functions.py:258 | [DEBUG] Click skipped, image not found: weekly3.PNG
2026-05-10 07:38:52 | INFO | my_functions.py:231 | [DEBUG] wait_for_image_and_click -> weekly3.PNG timeout=0s delay_click=0.1s confidence=0.8
2026-05-10 07:38:52 | INFO | my_functions.py:172 | Searching weekly3.PNG (timeout=0s)
2026-05-10 07:38:52 | INFO | my_functions.py:209 | 
⛔ Not found: weekly3.PNG after 0.0s region=(0, 0, 765, 1038) confidence=0.8
2026-05-10 07:38:52 | INFO | my_functions.py:258 | [DEBUG] Click skipped, image not found: weekly3.PNG
2026-05-10 07:38:52 | INFO | my_functions.py:231 | [DEBUG] wait_for_image_and_click -> weekly3.PNG timeout=0s delay_click=0.1s confidence=0.8
2026-05-10 07:38:52 | INFO | my_functions.py:172 | Searching weekly3.PNG (timeout=0s)
2026-05-10 07:38:52 | INFO | my_functions.py:209 | 
⛔ Not found: weekly3.PNG after 0.0s region=(0, 0, 765, 1038) confidence=0.8
2026-05-10 07:38:52 | INFO | my_functions.py:258 | [DEBUG] Click skipped, image not found: weekly3.PNG
2026-05-10 07:38:52 | INFO | my_functions.py:231 | [DEBUG] wait_for_image_and_click -> weekly3.PNG timeout=0s delay_click=0.1s confidence=0.8
2026-05-10 07:38:52 | INFO | my_functions.py:172 | Searching weekly3.PNG (timeout=0s)
2026-05-10 07:38:52 | INFO | my_functions.py:209 | 
⛔ Not found: weekly3.PNG after 0.01s region=(0, 0, 765, 1038) confidence=0.8
2026-05-10 07:38:52 | INFO | my_functions.py:258 | [DEBUG] Click skipped, image not found: weekly3.PNG
2026-05-10 07:38:52 | INFO | my_functions.py:138 | Haciendo click en la posición (557, 64)
2026-05-10 07:38:53 | INFO | my_functions.py:231 | [DEBUG] wait_for_image_and_click -> cards_shop.PNG timeout=20s delay_click=1s confidence=0.8
2026-05-10 07:38:53 | INFO | my_functions.py:172 | Searching cards_shop.PNG (timeout=20s)
2026-05-10 07:38:54 | INFO | my_functions.py:198 | 
✅ Found: cards_shop.PNG pos=(568, 121) time=0.6s confidence=0.8
2026-05-10 07:38:55 | INFO | my_functions.py:138 | Haciendo click en la posición (568, 121)
2026-05-10 07:38:55 | INFO | my_functions.py:251 | 🖱️ Click OK: cards_shop.PNG at (568, 121) delay=1s
2026-05-10 07:38:55 | INFO | my_functions.py:231 | [DEBUG] wait_for_image_and_click -> token_icon.PNG timeout=20s delay_click=1s confidence=0.8
2026-05-10 07:38:55 | INFO | my_functions.py:172 | Searching token_icon.PNG (timeout=20s)
2026-05-10 07:38:57 | INFO | my_functions.py:198 | 
✅ Found: token_icon.PNG pos=(531, 171) time=2.03s confidence=0.8
2026-05-10 07:38:58 | INFO | my_functions.py:138 | Haciendo click en la posición (531, 171)
2026-05-10 07:38:58 | INFO | my_functions.py:251 | 🖱️ Click OK: token_icon.PNG at (531, 171) delay=1s
2026-05-10 07:39:00 | INFO | my_functions.py:231 | [DEBUG] wait_for_image_and_click -> claim!_token_3.PNG timeout=4s delay_click=1s confidence=0.8
2026-05-10 07:39:00 | INFO | my_functions.py:172 | Searching claim!_token_3.PNG (timeout=4s)
2026-05-10 07:39:05 | INFO | my_functions.py:209 | 
⛔ Not found: claim!_token_3.PNG after 4.1s region=(0, 0, 765, 1038) confidence=0.8
2026-05-10 07:39:05 | INFO | my_functions.py:258 | [DEBUG] Click skipped, image not found: claim!_token_3.PNG
2026-05-10 07:39:05 | INFO | my_functions.py:231 | [DEBUG] wait_for_image_and_click -> offers.PNG timeout=0.1s delay_click=1s confidence=0.8
2026-05-10 07:39:05 | INFO | my_functions.py:172 | Searching offers.PNG (timeout=0.1s)
2026-05-10 07:39:05 | INFO | my_functions.py:198 | 
✅ Found: offers.PNG pos=(197, 121) time=0.23s confidence=0.8
2026-05-10 07:39:06 | INFO | my_functions.py:138 | Haciendo click en la posición (197, 121)
2026-05-10 07:39:06 | INFO | my_functions.py:251 | 🖱️ Click OK: offers.PNG at (197, 121) delay=1s
2026-05-10 07:39:06 | INFO | my_functions.py:231 | [DEBUG] wait_for_image_and_click -> credits_selected.png timeout=0.1s delay_click=1s confidence=0.8
2026-05-10 07:39:06 | INFO | my_functions.py:172 | Searching credits_selected.png (timeout=0.1s)
2026-05-10 07:39:06 | INFO | my_functions.py:198 | 
✅ Found: credits_selected.png pos=(442, 168) time=0.2s confidence=0.8
2026-05-10 07:39:07 | INFO | my_functions.py:138 | Haciendo click en la posición (442, 168)
2026-05-10 07:39:08 | INFO | my_functions.py:251 | 🖱️ Click OK: credits_selected.png at (442, 168) delay=1s
2026-05-10 07:39:09 | INFO | my_functions.py:231 | [DEBUG] wait_for_image_and_click -> claim_25_credits.png timeout=2s delay_click=1s confidence=0.8
2026-05-10 07:39:09 | INFO | my_functions.py:172 | Searching claim_25_credits.png (timeout=2s)
2026-05-10 07:39:09 | INFO | my_functions.py:198 | 
✅ Found: claim_25_credits.png pos=(236, 328) time=0.2s confidence=0.8
2026-05-10 07:39:10 | INFO | my_functions.py:138 | Haciendo click en la posición (236, 328)
2026-05-10 07:39:11 | INFO | my_functions.py:251 | 🖱️ Click OK: claim_25_credits.png at (236, 328) delay=1s
2026-05-10 07:39:11 | INFO | my_functions.py:231 | [DEBUG] wait_for_image_and_click -> cards_shop.PNG timeout=20s delay_click=1s confidence=0.8
2026-05-10 07:39:11 | INFO | my_functions.py:172 | Searching cards_shop.PNG (timeout=20s)
2026-05-10 07:39:11 | INFO | my_functions.py:198 | 
✅ Found: cards_shop.PNG pos=(568, 121) time=0.21s confidence=0.8
2026-05-10 07:39:12 | INFO | my_functions.py:138 | Haciendo click en la posición (568, 121)
2026-05-10 07:39:12 | INFO | my_functions.py:251 | 🖱️ Click OK: cards_shop.PNG at (568, 121) delay=1s
2026-05-10 07:39:12 | INFO | my_functions.py:231 | [DEBUG] wait_for_image_and_click -> offers.PNG timeout=20s delay_click=1s confidence=0.8
2026-05-10 07:39:12 | INFO | my_functions.py:172 | Searching offers.PNG (timeout=20s)
2026-05-10 07:39:12 | INFO | my_functions.py:198 | 
✅ Found: offers.PNG pos=(197, 122) time=0.18s confidence=0.8
2026-05-10 07:39:13 | INFO | my_functions.py:138 | Haciendo click en la posición (197, 122)
2026-05-10 07:39:13 | INFO | my_functions.py:251 | 🖱️ Click OK: offers.PNG at (197, 122) delay=1s
2026-05-10 07:39:13 | INFO | my_functions.py:1491 | [INFO] Iniciando mejora de cartas
2026-05-10 07:39:13 | INFO | my_functions.py:231 | [DEBUG] wait_for_image_and_click -> upgrade_cards_icon.PNG timeout=20s delay_click=1s confidence=0.8
2026-05-10 07:39:13 | INFO | my_functions.py:172 | Searching upgrade_cards_icon.PNG (timeout=20s)
2026-05-10 07:39:14 | INFO | my_functions.py:198 | 
✅ Found: upgrade_cards_icon.PNG pos=(322, 170) time=0.2s confidence=0.8
2026-05-10 07:39:15 | INFO | my_functions.py:138 | Haciendo click en la posición (322, 170)
2026-05-10 07:39:15 | INFO | my_functions.py:251 | 🖱️ Click OK: upgrade_cards_icon.PNG at (322, 170) delay=1s
2026-05-10 07:39:15 | INFO | my_functions.py:1495 | [INFO] Abriendo icono de upgrade_cards
2026-05-10 07:39:16 | INFO | my_functions.py:1501 | [STEP] Mejorando carta 1
2026-05-10 07:39:16 | INFO | my_functions.py:1505 | [ACTION] Click en carta 1
2026-05-10 07:39:17 | INFO | my_functions.py:1510 | [ACTION] Click en botón upgrade
2026-05-10 07:39:24 | INFO | my_functions.py:231 | [DEBUG] wait_for_image_and_click -> you_need_more_credits!.png timeout=3s delay_click=1s confidence=0.8
2026-05-10 07:39:24 | INFO | my_functions.py:172 | Searching you_need_more_credits!.png (timeout=3s)
2026-05-10 07:39:27 | INFO | my_functions.py:209 | 
⛔ Not found: you_need_more_credits!.png after 3.01s region=(0, 0, 765, 1038) confidence=0.8
2026-05-10 07:39:27 | INFO | my_functions.py:258 | [DEBUG] Click skipped, image not found: you_need_more_credits!.png
2026-05-10 07:39:32 | INFO | my_functions.py:1525 | [ACTION] Click para continuar a stage de nivel de coleccion
2026-05-10 07:39:37 | INFO | my_functions.py:146 | Presionando ESC (1/1)
2026-05-10 07:39:38 | INFO | my_functions.py:1530 | [ACTION] Saliendo de stage nivel de coleccion con ESC
2026-05-10 07:39:39 | INFO | my_functions.py:231 | [DEBUG] wait_for_image_and_click -> upgrade_cards_icon_selected.PNG timeout=0s delay_click=1s confidence=0.8
2026-05-10 07:39:39 | INFO | my_functions.py:172 | Searching upgrade_cards_icon_selected.PNG (timeout=0s)
2026-05-10 07:39:39 | INFO | my_functions.py:198 | 
✅ Found: upgrade_cards_icon_selected.PNG pos=(320, 173) time=0.18s confidence=0.8
2026-05-10 07:39:40 | INFO | my_functions.py:138 | Haciendo click en la posición (320, 173)
2026-05-10 07:39:40 | INFO | my_functions.py:251 | 🖱️ Click OK: upgrade_cards_icon_selected.PNG at (320, 173) delay=1s
2026-05-10 07:39:40 | INFO | my_functions.py:1550 | [INFO] Reabriendo icono de upgrade_cards
2026-05-10 07:39:41 | INFO | my_functions.py:1501 | [STEP] Mejorando carta 2
2026-05-10 07:39:42 | INFO | my_functions.py:1505 | [ACTION] Click en carta 2
2026-05-10 07:39:43 | INFO | my_functions.py:1510 | [ACTION] Click en botón upgrade
2026-05-10 07:39:50 | INFO | my_functions.py:231 | [DEBUG] wait_for_image_and_click -> you_need_more_credits!.png timeout=3s delay_click=1s confidence=0.8
2026-05-10 07:39:50 | INFO | my_functions.py:172 | Searching you_need_more_credits!.png (timeout=3s)
2026-05-10 07:39:53 | INFO | my_functions.py:209 | 
⛔ Not found: you_need_more_credits!.png after 3.11s region=(0, 0, 765, 1038) confidence=0.8
2026-05-10 07:39:53 | INFO | my_functions.py:258 | [DEBUG] Click skipped, image not found: you_need_more_credits!.png
2026-05-10 07:39:58 | INFO | my_functions.py:1525 | [ACTION] Click para continuar a stage de nivel de coleccion
2026-05-10 07:40:03 | INFO | my_functions.py:146 | Presionando ESC (1/1)
2026-05-10 07:40:04 | INFO | my_functions.py:1530 | [ACTION] Saliendo de stage nivel de coleccion con ESC
2026-05-10 07:40:05 | INFO | my_functions.py:231 | [DEBUG] wait_for_image_and_click -> upgrade_cards_icon_selected.PNG timeout=0s delay_click=1s confidence=0.8
2026-05-10 07:40:05 | INFO | my_functions.py:172 | Searching upgrade_cards_icon_selected.PNG (timeout=0s)
2026-05-10 07:40:05 | INFO | my_functions.py:198 | 
✅ Found: upgrade_cards_icon_selected.PNG pos=(320, 173) time=0.19s confidence=0.8
2026-05-10 07:40:06 | INFO | my_functions.py:138 | Haciendo click en la posición (320, 173)
2026-05-10 07:40:06 | INFO | my_functions.py:251 | 🖱️ Click OK: upgrade_cards_icon_selected.PNG at (320, 173) delay=1s
2026-05-10 07:40:06 | INFO | my_functions.py:1550 | [INFO] Reabriendo icono de upgrade_cards
2026-05-10 07:40:07 | INFO | my_functions.py:1501 | [STEP] Mejorando carta 3
2026-05-10 07:40:07 | INFO | my_functions.py:1505 | [ACTION] Click en carta 3
2026-05-10 07:40:08 | INFO | my_functions.py:1510 | [ACTION] Click en botón upgrade
2026-05-10 07:40:16 | INFO | my_functions.py:231 | [DEBUG] wait_for_image_and_click -> you_need_more_credits!.png timeout=3s delay_click=1s confidence=0.8
2026-05-10 07:40:16 | INFO | my_functions.py:172 | Searching you_need_more_credits!.png (timeout=3s)
2026-05-10 07:40:19 | INFO | my_functions.py:209 | 
⛔ Not found: you_need_more_credits!.png after 3.12s region=(0, 0, 765, 1038) confidence=0.8
2026-05-10 07:40:19 | INFO | my_functions.py:258 | [DEBUG] Click skipped, image not found: you_need_more_credits!.png
2026-05-10 07:40:24 | INFO | my_functions.py:1525 | [ACTION] Click para continuar a stage de nivel de coleccion
2026-05-10 07:40:29 | INFO | my_functions.py:146 | Presionando ESC (1/1)
2026-05-10 07:40:30 | INFO | my_functions.py:1530 | [ACTION] Saliendo de stage nivel de coleccion con ESC
2026-05-10 07:40:31 | INFO | my_functions.py:1553 | [INFO] Mejora de cartas completada ✅
2026-05-10 07:40:31 | INFO | my_functions.py:146 | Presionando ESC (1/1)
2026-05-10 07:40:31 | INFO | each_eight_hours.py:437 | Finished all games
2026-05-10 07:40:31 | INFO | my_functions.py:1443 | [DEBUG] Starting logout process...
2026-05-10 07:40:31 | INFO | my_functions.py:1445 | [DEBUG] Clicking nut icon...
2026-05-10 07:40:31 | INFO | my_functions.py:231 | [DEBUG] wait_for_image_and_click -> nut.png timeout=20s delay_click=1s confidence=0.8
2026-05-10 07:40:31 | INFO | my_functions.py:172 | Searching nut.png (timeout=20s)
2026-05-10 07:40:31 | INFO | my_functions.py:198 | 
✅ Found: nut.png pos=(184, 78) time=0.18s confidence=0.8
2026-05-10 07:40:32 | INFO | my_functions.py:138 | Haciendo click en la posición (184, 78)
2026-05-10 07:40:33 | INFO | my_functions.py:251 | 🖱️ Click OK: nut.png at (184, 78) delay=1s
2026-05-10 07:40:33 | INFO | my_functions.py:1448 | [DEBUG] Waiting for graphics quality image...
2026-05-10 07:40:33 | INFO | my_functions.py:172 | Searching graphics_quality.png (timeout=3s)
2026-05-10 07:40:34 | INFO | my_functions.py:198 | 
✅ Found: graphics_quality.png pos=(304, 644) time=1.13s confidence=0.8
2026-05-10 07:40:34 | INFO | my_functions.py:1450 | [DEBUG] graphics_quality result: Point(x=304, y=644)
2026-05-10 07:40:34 | INFO | my_functions.py:1456 | [DEBUG] Clicking graphics quality...
2026-05-10 07:40:35 | INFO | my_functions.py:1461 | [DEBUG] Scrolling down...
2026-05-10 07:40:35 | INFO | my_functions.py:1464 | [DEBUG] Clicking sign_out...
2026-05-10 07:40:35 | INFO | my_functions.py:231 | [DEBUG] wait_for_image_and_click -> sign_out.png timeout=20s delay_click=1s confidence=0.8
2026-05-10 07:40:35 | INFO | my_functions.py:172 | Searching sign_out.png (timeout=20s)
2026-05-10 07:40:35 | INFO | my_functions.py:198 | 
✅ Found: sign_out.png pos=(380, 796) time=0.21s confidence=0.8
2026-05-10 07:40:36 | INFO | my_functions.py:138 | Haciendo click en la posición (380, 796)
2026-05-10 07:40:36 | INFO | my_functions.py:251 | 🖱️ Click OK: sign_out.png at (380, 796) delay=1s
2026-05-10 07:40:37 | INFO | my_functions.py:1469 | [DEBUG] Clicking big sign_out...
2026-05-10 07:40:37 | INFO | my_functions.py:231 | [DEBUG] wait_for_image_and_click -> sign_out_grande.png timeout=20s delay_click=1s confidence=0.8
2026-05-10 07:40:37 | INFO | my_functions.py:172 | Searching sign_out_grande.png (timeout=20s)
2026-05-10 07:40:38 | INFO | my_functions.py:198 | 
✅ Found: sign_out_grande.png pos=(359, 437) time=0.2s confidence=0.8
2026-05-10 07:40:39 | INFO | my_functions.py:138 | Haciendo click en la posición (359, 437)
2026-05-10 07:40:39 | INFO | my_functions.py:251 | 🖱️ Click OK: sign_out_grande.png at (359, 437) delay=1s
2026-05-10 07:40:39 | INFO | my_functions.py:1472 | [DEBUG] Clicking sign_out2...
2026-05-10 07:40:39 | INFO | my_functions.py:231 | [DEBUG] wait_for_image_and_click -> sign_out2.png timeout=20s delay_click=1s confidence=0.8
2026-05-10 07:40:39 | INFO | my_functions.py:172 | Searching sign_out2.png (timeout=20s)
2026-05-10 07:40:39 | INFO | my_functions.py:198 | 
✅ Found: sign_out2.png pos=(383, 634) time=0.18s confidence=0.8
2026-05-10 07:40:40 | INFO | my_functions.py:138 | Haciendo click en la posición (383, 634)
2026-05-10 07:40:40 | INFO | my_functions.py:251 | 🖱️ Click OK: sign_out2.png at (383, 634) delay=1s
2026-05-10 07:40:40 | INFO | my_functions.py:1475 | [DEBUG] Resizing SNAP window...
2026-05-10 07:40:40 | INFO | my_functions.py:1668 | ⏱ Esperando 0.1 segundos antes de empezar...
2026-05-10 07:40:40 | INFO | my_functions.py:1675 | 🔍 Esperando ventana que contenga alguna de: SNAP (máx 20s)
2026-05-10 07:40:40 | INFO | my_functions.py:1687 | ✅ Ventana encontrada: 'SNAP'
2026-05-10 07:40:40 | INFO | my_functions.py:1702 | ✅ Ventana seleccionada: 'SNAP'
2026-05-10 07:40:42 | INFO | my_functions.py:1725 | 🔁 Reajuste #1...
2026-05-10 07:40:44 | INFO | my_functions.py:1732 | ✔ Verificación completa. Se hicieron 1 reajustes.
2026-05-10 07:40:46 | INFO | my_functions.py:1484 | snap.exe closed
2026-05-10 07:40:49 | INFO | my_functions.py:1487 | [DEBUG] Logout completed successfully.
2026-05-10 07:40:49 | INFO | each_eight_hours.py:146 | Processing account: percy
2026-05-10 07:40:49 | INFO | each_eight_hours.py:149 | Game relaunched for account
2026-05-10 07:40:49 | INFO | my_functions.py:1668 | ⏱ Esperando 0.1 segundos antes de empezar...
2026-05-10 07:40:49 | INFO | my_functions.py:1675 | 🔍 Esperando ventana que contenga alguna de: ['SNAP'] (máx 20s)
2026-05-10 07:40:51 | INFO | my_functions.py:1687 | ✅ Ventana encontrada: 'SNAP'
2026-05-10 07:40:51 | INFO | my_functions.py:1702 | ✅ Ventana seleccionada: 'SNAP'
2026-05-10 07:40:53 | INFO | my_functions.py:1734 | ✔ Verificación completa. No hubo cambios después del primer ajuste.
2026-05-10 07:40:53 | INFO | each_eight_hours.py:156 | Game window resized
2026-05-10 07:40:53 | INFO | my_functions.py:1207 | [DEBUG] Resizing SNAP window...
2026-05-10 07:40:53 | INFO | my_functions.py:1668 | ⏱ Esperando 0.1 segundos antes de empezar...
2026-05-10 07:40:53 | INFO | my_functions.py:1675 | 🔍 Esperando ventana que contenga alguna de: ['SNAP'] (máx 20s)
2026-05-10 07:40:53 | INFO | my_functions.py:1687 | ✅ Ventana encontrada: 'SNAP'
2026-05-10 07:40:53 | INFO | my_functions.py:1702 | ✅ Ventana seleccionada: 'SNAP'
2026-05-10 07:40:56 | INFO | my_functions.py:1734 | ✔ Verificación completa. No hubo cambios después del primer ajuste.
2026-05-10 07:40:56 | INFO | my_functions.py:231 | [DEBUG] wait_for_image_and_click -> submit.PNG timeout=90s delay_click=0.2s confidence=0.8
2026-05-10 07:40:56 | INFO | my_functions.py:172 | Searching submit.PNG (timeout=90s)
2026-05-10 07:40:59 | INFO | my_functions.py:198 | 
✅ Found: submit.PNG pos=(386, 773) time=2.57s confidence=0.8
2026-05-10 07:40:59 | INFO | my_functions.py:138 | Haciendo click en la posición (386, 773)
2026-05-10 07:40:59 | INFO | my_functions.py:251 | 🖱️ Click OK: submit.PNG at (386, 773) delay=0.2s
2026-05-10 07:40:59 | INFO | my_functions.py:1668 | ⏱ Esperando 0.1 segundos antes de empezar...
2026-05-10 07:40:59 | INFO | my_functions.py:1675 | 🔍 Esperando ventana que contenga alguna de: ['SNAP'] (máx 20s)
2026-05-10 07:40:59 | INFO | my_functions.py:1687 | ✅ Ventana encontrada: 'SNAP'
2026-05-10 07:40:59 | INFO | my_functions.py:1702 | ✅ Ventana seleccionada: 'SNAP'
2026-05-10 07:41:01 | INFO | my_functions.py:1725 | 🔁 Reajuste #1...
2026-05-10 07:41:02 | INFO | my_functions.py:1732 | ✔ Verificación completa. Se hicieron 1 reajustes.
2026-05-10 07:41:02 | INFO | my_functions.py:172 | Searching please_sign.png (timeout=0s)
2026-05-10 07:41:03 | INFO | my_functions.py:198 | 
✅ Found: please_sign.png pos=(383, 438) time=0.19s confidence=0.8
2026-05-10 07:41:03 | INFO | my_functions.py:231 | [DEBUG] wait_for_image_and_click -> ok_btn.png timeout=20s delay_click=1s confidence=0.8
2026-05-10 07:41:03 | INFO | my_functions.py:172 | Searching ok_btn.png (timeout=20s)
2026-05-10 07:41:03 | INFO | my_functions.py:198 | 
✅ Found: ok_btn.png pos=(382, 634) time=0.17s confidence=0.8
2026-05-10 07:41:04 | INFO | my_functions.py:138 | Haciendo click en la posición (382, 634)
2026-05-10 07:41:04 | INFO | my_functions.py:251 | 🖱️ Click OK: ok_btn.png at (382, 634) delay=1s
2026-05-10 07:41:04 | INFO | my_functions.py:231 | [DEBUG] wait_for_image_and_click -> submit.PNG timeout=90s delay_click=0.2s confidence=0.8
2026-05-10 07:41:04 | INFO | my_functions.py:172 | Searching submit.PNG (timeout=90s)
2026-05-10 07:41:05 | INFO | my_functions.py:198 | 
✅ Found: submit.PNG pos=(385, 775) time=0.91s confidence=0.8
2026-05-10 07:41:05 | INFO | my_functions.py:138 | Haciendo click en la posición (385, 775)
2026-05-10 07:41:05 | INFO | my_functions.py:251 | 🖱️ Click OK: submit.PNG at (385, 775) delay=0.2s
2026-05-10 07:41:05 | INFO | my_functions.py:172 | Searching sign_in_with_google2.PNG (timeout=90s)
2026-05-10 07:41:06 | INFO | my_functions.py:198 | 
✅ Found: sign_in_with_google2.PNG pos=(406, 958) time=0.8s confidence=0.8
2026-05-10 07:41:06 | INFO | my_functions.py:231 | [DEBUG] wait_for_image_and_click -> sign_in_with_google2.PNG timeout=20s delay_click=1s confidence=0.8
2026-05-10 07:41:06 | INFO | my_functions.py:172 | Searching sign_in_with_google2.PNG (timeout=20s)
2026-05-10 07:41:06 | INFO | my_functions.py:198 | 
✅ Found: sign_in_with_google2.PNG pos=(406, 957) time=0.3s confidence=0.8
2026-05-10 07:41:07 | INFO | my_functions.py:138 | Haciendo click en la posición (406, 957)
2026-05-10 07:41:08 | INFO | my_functions.py:251 | 🖱️ Click OK: sign_in_with_google2.PNG at (406, 957) delay=1s
2026-05-10 07:41:08 | INFO | my_functions.py:231 | [DEBUG] wait_for_image_and_click -> percy.png timeout=30s delay_click=3s confidence=0.8
2026-05-10 07:41:08 | INFO | my_functions.py:172 | Searching percy.png (timeout=30s)
2026-05-10 07:41:38 | INFO | my_functions.py:209 | 
⛔ Not found: percy.png after 30.07s region=None confidence=0.8
2026-05-10 07:41:38 | INFO | my_functions.py:258 | [DEBUG] Click skipped, image not found: percy.png
2026-05-10 07:41:39 | INFO | my_functions.py:231 | [DEBUG] wait_for_image_and_click -> percy.png timeout=0s delay_click=3s confidence=0.8
2026-05-10 07:41:39 | INFO | my_functions.py:172 | Searching percy.png (timeout=0s)
2026-05-10 07:41:39 | INFO | my_functions.py:198 | 
✅ Found: percy.png pos=(1132, 647) time=0.29s confidence=0.8
2026-05-10 07:41:42 | INFO | my_functions.py:138 | Haciendo click en la posición (1132, 647)
2026-05-10 07:41:42 | INFO | my_functions.py:251 | 🖱️ Click OK: percy.png at (1132, 647) delay=3s
2026-05-10 07:41:44 | INFO | my_functions.py:231 | [DEBUG] wait_for_image_and_click -> python_icon.PNG timeout=5s delay_click=1s confidence=0.8
2026-05-10 07:41:44 | INFO | my_functions.py:172 | Searching python_icon.PNG (timeout=5s)
2026-05-10 07:41:45 | INFO | my_functions.py:198 | 
✅ Found: python_icon.PNG pos=(647, 1054) time=0.35s confidence=0.8
2026-05-10 07:41:46 | INFO | my_functions.py:138 | Haciendo click en la posición (647, 1054)
2026-05-10 07:41:46 | INFO | my_functions.py:251 | 🖱️ Click OK: python_icon.PNG at (647, 1054) delay=1s
2026-05-10 07:41:46 | INFO | my_functions.py:231 | [DEBUG] wait_for_image_and_click -> snap_icon_task_bar.PNG timeout=20s delay_click=1s confidence=0.8
2026-05-10 07:41:46 | INFO | my_functions.py:172 | Searching snap_icon_task_bar.PNG (timeout=20s)
2026-05-10 07:41:46 | INFO | my_functions.py:198 | 
✅ Found: snap_icon_task_bar.PNG pos=(524, 1052) time=0.4s confidence=0.8
2026-05-10 07:41:47 | INFO | my_functions.py:138 | Haciendo click en la posición (524, 1052)
2026-05-10 07:41:47 | INFO | my_functions.py:251 | 🖱️ Click OK: snap_icon_task_bar.PNG at (524, 1052) delay=1s
2026-05-10 07:41:47 | INFO | my_functions.py:172 | Searching play.PNG (timeout=30s)
2026-05-10 07:41:55 | INFO | my_functions.py:198 | 
✅ Found: play.PNG pos=(384, 824) time=7.66s confidence=0.8
2026-05-10 07:41:55 | INFO | my_functions.py:1265 | [DEBUG] Login completado correctamente.
2026-05-10 07:41:55 | INFO | each_eight_hours.py:160 | Login executed
2026-05-10 07:41:55 | INFO | my_functions.py:172 | Searching shop_unselected.PNG (timeout=0s)
2026-05-10 07:41:55 | INFO | my_functions.py:198 | 
✅ Found: shop_unselected.PNG pos=(88, 961) time=0.2s confidence=0.8
2026-05-10 07:42:03 | INFO | my_functions.py:172 | Searching shop_unselected.PNG (timeout=0s)
2026-05-10 07:42:04 | INFO | my_functions.py:209 | 
⛔ Not found: shop_unselected.PNG after 0.0s region=(0, 0, 765, 1038) confidence=0.8
2026-05-10 07:42:05 | INFO | my_functions.py:172 | Searching shop_unselected.PNG (timeout=0s)
2026-05-10 07:42:05 | INFO | my_functions.py:209 | 
⛔ Not found: shop_unselected.PNG after 0.0s region=(0, 0, 765, 1038) confidence=0.8
2026-05-10 07:42:05 | INFO | my_functions.py:231 | [DEBUG] wait_for_image_and_click -> super_premium.PNG timeout=0s delay_click=1s confidence=0.8
2026-05-10 07:42:05 | INFO | my_functions.py:172 | Searching super_premium.PNG (timeout=0s)
2026-05-10 07:42:05 | INFO | my_functions.py:198 | 
✅ Found: super_premium.PNG pos=(480, 777) time=0.17s confidence=0.8
2026-05-10 07:42:06 | INFO | my_functions.py:138 | Haciendo click en la posición (480, 777)
2026-05-10 07:42:06 | INFO | my_functions.py:251 | 🖱️ Click OK: super_premium.PNG at (480, 777) delay=1s
2026-05-10 07:42:06 | INFO | my_functions.py:146 | Presionando ESC (1/1)
2026-05-10 07:42:15 | INFO | my_functions.py:172 | Searching shop_unselected.PNG (timeout=0s)
2026-05-10 07:42:15 | INFO | my_functions.py:198 | 
✅ Found: shop_unselected.PNG pos=(88, 961) time=0.19s confidence=0.8
2026-05-10 07:42:15 | INFO | my_functions.py:720 | Ya esta listo
2026-05-10 07:42:15 | INFO | each_eight_hours.py:163 | Initial images processed
2026-05-10 07:42:15 | INFO | each_eight_hours.py:166 | Chrome terminated
2026-05-10 07:42:15 | INFO | my_functions.py:231 | [DEBUG] wait_for_image_and_click -> missions_unnotified2.png timeout=20s delay_click=1s confidence=0.8
2026-05-10 07:42:15 | INFO | my_functions.py:172 | Searching missions_unnotified2.png (timeout=20s)
2026-05-10 07:42:15 | INFO | my_functions.py:198 | 
✅ Found: missions_unnotified2.png pos=(516, 127) time=0.19s confidence=0.8
2026-05-10 07:42:16 | INFO | my_functions.py:138 | Haciendo click en la posición (516, 127)
2026-05-10 07:42:17 | INFO | my_functions.py:251 | 🖱️ Click OK: missions_unnotified2.png at (516, 127) delay=1s
2026-05-10 07:42:17 | INFO | my_functions.py:231 | [DEBUG] wait_for_image_and_click -> calendar_missions_daily.png timeout=3s delay_click=1s confidence=0.8
2026-05-10 07:42:17 | INFO | my_functions.py:172 | Searching calendar_missions_daily.png (timeout=3s)
2026-05-10 07:42:18 | INFO | my_functions.py:198 | 
✅ Found: calendar_missions_daily.png pos=(189, 131) time=1.17s confidence=0.8
2026-05-10 07:42:19 | INFO | my_functions.py:138 | Haciendo click en la posición (189, 131)
2026-05-10 07:42:19 | INFO | my_functions.py:251 | 🖱️ Click OK: calendar_missions_daily.png at (189, 131) delay=1s
2026-05-10 07:42:19 | INFO | each_eight_hours.py:180 | Mission screens opened
2026-05-10 07:42:19 | INFO | my_functions.py:295 | JSON file located at C:\Users\Farm\AppData\LocalLow\Second Dinner\SNAP\Standalone\States\nvprod\MissionState.json
2026-05-10 07:42:22 | INFO | my_functions.py:434 | AVAILABLE: 6
2026-05-10 07:42:22 | INFO | my_functions.py:444 | [INFO] Waiting for Notepad++ process...
2026-05-10 07:42:22 | INFO | my_functions.py:458 | [INFO] Notepad++ detected PID=9692
2026-05-10 07:42:25 | INFO | my_functions.py:466 | [SUCCESS] Notepad++ closed successfully
2026-05-10 07:42:26 | INFO | my_functions.py:1593 | [INFO] Iniciando click_missions_blue2
2026-05-10 07:42:26 | INFO | my_functions.py:138 | Haciendo click en la posición (150, 132)
2026-05-10 07:42:27 | INFO | my_functions.py:1596 | [ACTION] Click hecho en icono de calendario que me dirige a las misiones ordinarias
2026-05-10 07:42:27 | INFO | my_functions.py:172 | Searching bonus_challenge.png (timeout=0s)
2026-05-10 07:42:27 | INFO | my_functions.py:209 | 
⛔ Not found: bonus_challenge.png after 0.0s region=(0, 0, 765, 1038) confidence=0.8
2026-05-10 07:42:29 | INFO | my_functions.py:172 | Searching flechita_mission.PNG (timeout=0s)
2026-05-10 07:42:30 | INFO | my_functions.py:209 | 
⛔ Not found: flechita_mission.PNG after 0.0s region=(0, 0, 765, 1038) confidence=0.8
2026-05-10 07:42:30 | INFO | my_functions.py:231 | [DEBUG] wait_for_image_and_click -> weekly3.PNG timeout=0s delay_click=0.1s confidence=0.8
2026-05-10 07:42:30 | INFO | my_functions.py:172 | Searching weekly3.PNG (timeout=0s)
2026-05-10 07:42:30 | INFO | my_functions.py:209 | 
⛔ Not found: weekly3.PNG after 0.01s region=(0, 0, 765, 1038) confidence=0.8
2026-05-10 07:42:30 | INFO | my_functions.py:258 | [DEBUG] Click skipped, image not found: weekly3.PNG
2026-05-10 07:42:30 | INFO | my_functions.py:231 | [DEBUG] wait_for_image_and_click -> weekly3.PNG timeout=0s delay_click=0.1s confidence=0.8
2026-05-10 07:42:30 | INFO | my_functions.py:172 | Searching weekly3.PNG (timeout=0s)
2026-05-10 07:42:30 | INFO | my_functions.py:209 | 
⛔ Not found: weekly3.PNG after 0.01s region=(0, 0, 765, 1038) confidence=0.8
2026-05-10 07:42:30 | INFO | my_functions.py:258 | [DEBUG] Click skipped, image not found: weekly3.PNG
2026-05-10 07:42:30 | INFO | my_functions.py:231 | [DEBUG] wait_for_image_and_click -> weekly3.PNG timeout=0s delay_click=0.1s confidence=0.8
2026-05-10 07:42:30 | INFO | my_functions.py:172 | Searching weekly3.PNG (timeout=0s)
2026-05-10 07:42:30 | INFO | my_functions.py:209 | 
⛔ Not found: weekly3.PNG after 0.01s region=(0, 0, 765, 1038) confidence=0.8
2026-05-10 07:42:30 | INFO | my_functions.py:258 | [DEBUG] Click skipped, image not found: weekly3.PNG
2026-05-10 07:42:30 | INFO | my_functions.py:231 | [DEBUG] wait_for_image_and_click -> weekly3.PNG timeout=0s delay_click=0.1s confidence=0.8
2026-05-10 07:42:30 | INFO | my_functions.py:172 | Searching weekly3.PNG (timeout=0s)
2026-05-10 07:42:30 | INFO | my_functions.py:209 | 
⛔ Not found: weekly3.PNG after 0.0s region=(0, 0, 765, 1038) confidence=0.8
2026-05-10 07:42:30 | INFO | my_functions.py:258 | [DEBUG] Click skipped, image not found: weekly3.PNG
2026-05-10 07:42:30 | INFO | my_functions.py:231 | [DEBUG] wait_for_image_and_click -> weekly3.PNG timeout=0s delay_click=0.1s confidence=0.8
2026-05-10 07:42:30 | INFO | my_functions.py:172 | Searching weekly3.PNG (timeout=0s)
2026-05-10 07:42:31 | INFO | my_functions.py:209 | 
⛔ Not found: weekly3.PNG after 0.01s region=(0, 0, 765, 1038) confidence=0.8
2026-05-10 07:42:31 | INFO | my_functions.py:258 | [DEBUG] Click skipped, image not found: weekly3.PNG
2026-05-10 07:42:31 | INFO | my_functions.py:231 | [DEBUG] wait_for_image_and_click -> weekly3.PNG timeout=0s delay_click=0.1s confidence=0.8
2026-05-10 07:42:31 | INFO | my_functions.py:172 | Searching weekly3.PNG (timeout=0s)
2026-05-10 07:42:31 | INFO | my_functions.py:209 | 
⛔ Not found: weekly3.PNG after 0.01s region=(0, 0, 765, 1038) confidence=0.8
2026-05-10 07:42:31 | INFO | my_functions.py:258 | [DEBUG] Click skipped, image not found: weekly3.PNG
2026-05-10 07:42:31 | INFO | my_functions.py:231 | [DEBUG] wait_for_image_and_click -> weekly3.PNG timeout=0s delay_click=0.1s confidence=0.8
2026-05-10 07:42:31 | INFO | my_functions.py:172 | Searching weekly3.PNG (timeout=0s)
2026-05-10 07:42:31 | INFO | my_functions.py:209 | 
⛔ Not found: weekly3.PNG after 0.01s region=(0, 0, 765, 1038) confidence=0.8
2026-05-10 07:42:31 | INFO | my_functions.py:258 | [DEBUG] Click skipped, image not found: weekly3.PNG
2026-05-10 07:42:31 | INFO | my_functions.py:231 | [DEBUG] wait_for_image_and_click -> weekly3.PNG timeout=0s delay_click=0.1s confidence=0.8
2026-05-10 07:42:31 | INFO | my_functions.py:172 | Searching weekly3.PNG (timeout=0s)
2026-05-10 07:42:31 | INFO | my_functions.py:209 | 
⛔ Not found: weekly3.PNG after 0.0s region=(0, 0, 765, 1038) confidence=0.8
2026-05-10 07:42:31 | INFO | my_functions.py:258 | [DEBUG] Click skipped, image not found: weekly3.PNG
2026-05-10 07:42:31 | INFO | my_functions.py:231 | [DEBUG] wait_for_image_and_click -> weekly3.PNG timeout=0s delay_click=0.1s confidence=0.8
2026-05-10 07:42:31 | INFO | my_functions.py:172 | Searching weekly3.PNG (timeout=0s)
2026-05-10 07:42:31 | INFO | my_functions.py:209 | 
⛔ Not found: weekly3.PNG after 0.01s region=(0, 0, 765, 1038) confidence=0.8
2026-05-10 07:42:31 | INFO | my_functions.py:258 | [DEBUG] Click skipped, image not found: weekly3.PNG
2026-05-10 07:42:31 | INFO | my_functions.py:231 | [DEBUG] wait_for_image_and_click -> weekly3.PNG timeout=0s delay_click=0.1s confidence=0.8
2026-05-10 07:42:31 | INFO | my_functions.py:172 | Searching weekly3.PNG (timeout=0s)
2026-05-10 07:42:31 | INFO | my_functions.py:209 | 
⛔ Not found: weekly3.PNG after 0.01s region=(0, 0, 765, 1038) confidence=0.8
2026-05-10 07:42:31 | INFO | my_functions.py:258 | [DEBUG] Click skipped, image not found: weekly3.PNG
2026-05-10 07:42:31 | INFO | my_functions.py:231 | [DEBUG] wait_for_image_and_click -> weekly3.PNG timeout=0s delay_click=0.1s confidence=0.8
2026-05-10 07:42:31 | INFO | my_functions.py:172 | Searching weekly3.PNG (timeout=0s)
2026-05-10 07:42:32 | INFO | my_functions.py:209 | 
⛔ Not found: weekly3.PNG after 0.01s region=(0, 0, 765, 1038) confidence=0.8
2026-05-10 07:42:32 | INFO | my_functions.py:258 | [DEBUG] Click skipped, image not found: weekly3.PNG
2026-05-10 07:42:32 | INFO | my_functions.py:295 | JSON file located at C:\Users\Farm\AppData\LocalLow\Second Dinner\SNAP\Standalone\States\nvprod\MissionState.json
2026-05-10 07:42:35 | INFO | my_functions.py:434 | AVAILABLE: 6
2026-05-10 07:42:35 | INFO | my_functions.py:444 | [INFO] Waiting for Notepad++ process...
2026-05-10 07:42:35 | INFO | my_functions.py:458 | [INFO] Notepad++ detected PID=7296
2026-05-10 07:42:38 | INFO | my_functions.py:466 | [SUCCESS] Notepad++ closed successfully
2026-05-10 07:42:39 | INFO | my_functions.py:146 | Presionando ESC (1/1)
2026-05-10 07:42:39 | INFO | my_functions.py:231 | [DEBUG] wait_for_image_and_click -> white_x.png timeout=2s delay_click=1s confidence=0.8
2026-05-10 07:42:39 | INFO | my_functions.py:172 | Searching white_x.png (timeout=2s)
2026-05-10 07:42:41 | INFO | my_functions.py:209 | 
⛔ Not found: white_x.png after 2.07s region=(0, 0, 765, 1038) confidence=0.8
2026-05-10 07:42:41 | INFO | my_functions.py:258 | [DEBUG] Click skipped, image not found: white_x.png
2026-05-10 07:42:41 | INFO | my_functions.py:172 | Searching play.PNG (timeout=0s)
2026-05-10 07:42:42 | INFO | my_functions.py:198 | 
✅ Found: play.PNG pos=(384, 824) time=0.2s confidence=0.8
2026-05-10 07:42:42 | INFO | my_functions.py:1563 | [INFO] Click realizado donde se equipa el deck a jugar
2026-05-10 07:42:46 | INFO | my_functions.py:231 | [DEBUG] wait_for_image_and_click -> deck_666666.png timeout=3s delay_click=1s confidence=0.8
2026-05-10 07:42:46 | INFO | my_functions.py:172 | Searching deck_666666.png (timeout=3s)
2026-05-10 07:42:46 | INFO | my_functions.py:198 | 
✅ Found: deck_666666.png pos=(235, 547) time=0.19s confidence=0.8
2026-05-10 07:42:47 | INFO | my_functions.py:138 | Haciendo click en la posición (235, 547)
2026-05-10 07:42:47 | INFO | my_functions.py:251 | 🖱️ Click OK: deck_666666.png at (235, 547) delay=1s
2026-05-10 07:42:47 | INFO | my_functions.py:231 | [DEBUG] wait_for_image_and_click -> equip.png timeout=3s delay_click=1s confidence=0.95
2026-05-10 07:42:47 | INFO | my_functions.py:172 | Searching equip.png (timeout=3s)
2026-05-10 07:42:51 | INFO | my_functions.py:209 | 
⛔ Not found: equip.png after 3.12s region=(0, 0, 765, 1038) confidence=0.95
2026-05-10 07:42:51 | INFO | my_functions.py:258 | [DEBUG] Click skipped, image not found: equip.png
2026-05-10 07:42:51 | INFO | my_functions.py:146 | Presionando ESC (1/1)
2026-05-10 07:42:51 | INFO | each_eight_hours.py:217 | Deck selected: 6turns
2026-05-10 07:42:51 | INFO | my_functions.py:231 | [DEBUG] wait_for_image_and_click -> maybe_later.PNG timeout=2s delay_click=1s confidence=0.8
2026-05-10 07:42:51 | INFO | my_functions.py:172 | Searching maybe_later.PNG (timeout=2s)
2026-05-10 07:42:53 | INFO | my_functions.py:209 | 
⛔ Not found: maybe_later.PNG after 2.11s region=(0, 0, 765, 1038) confidence=0.8
2026-05-10 07:42:53 | INFO | my_functions.py:258 | [DEBUG] Click skipped, image not found: maybe_later.PNG
2026-05-10 07:42:53 | INFO | my_functions.py:231 | [DEBUG] wait_for_image_and_click -> maybe_later2.PNG timeout=2s delay_click=1s confidence=0.8
2026-05-10 07:42:53 | INFO | my_functions.py:172 | Searching maybe_later2.PNG (timeout=2s)
2026-05-10 07:42:56 | INFO | my_functions.py:209 | 
⛔ Not found: maybe_later2.PNG after 2.11s region=(0, 0, 765, 1038) confidence=0.8
2026-05-10 07:42:56 | INFO | my_functions.py:258 | [DEBUG] Click skipped, image not found: maybe_later2.PNG
2026-05-10 07:42:56 | INFO | each_eight_hours.py:287 | Starting game loop 1
2026-05-10 07:42:56 | INFO | my_functions.py:231 | [DEBUG] wait_for_image_and_click -> play.PNG timeout=20s delay_click=3s confidence=0.8
2026-05-10 07:42:56 | INFO | my_functions.py:172 | Searching play.PNG (timeout=20s)
2026-05-10 07:42:56 | INFO | my_functions.py:198 | 
✅ Found: play.PNG pos=(384, 824) time=0.19s confidence=0.8
2026-05-10 07:42:59 | INFO | my_functions.py:138 | Haciendo click en la posición (384, 824)
2026-05-10 07:42:59 | INFO | my_functions.py:251 | 🖱️ Click OK: play.PNG at (384, 824) delay=3s
2026-05-10 07:42:59 | INFO | each_eight_hours.py:293 | Play button clicked
2026-05-10 07:43:15 | INFO | my_functions.py:198 | 
✅ Found: end_turn.PNG pos=(681, 945) time=0.2s confidence=0.8
2026-05-10 07:43:15 | INFO | my_functions.py:231 | [DEBUG] wait_for_image_and_click -> snap.PNG timeout=0s delay_click=1s confidence=0.8
2026-05-10 07:43:16 | INFO | my_functions.py:198 | 
✅ Found: snap.PNG pos=(386, 123) time=0.21s confidence=0.8
2026-05-10 07:43:17 | INFO | my_functions.py:138 | Haciendo click en la posición (386, 123)
2026-05-10 07:43:17 | INFO | my_functions.py:251 | 🖱️ Click OK: snap.PNG at (386, 123) delay=1s
2026-05-10 07:43:22 | INFO | my_functions.py:138 | Haciendo click en la posición (681, 945)
2026-05-10 07:43:23 | INFO | each_eight_hours.py:314 | End turn executed
2026-05-10 07:43:42 | INFO | my_functions.py:198 | 
✅ Found: end_turn.PNG pos=(681, 945) time=0.17s confidence=0.8
2026-05-10 07:43:42 | INFO | my_functions.py:231 | [DEBUG] wait_for_image_and_click -> snap.PNG timeout=0s delay_click=1s confidence=0.8
2026-05-10 07:43:42 | INFO | my_functions.py:258 | [DEBUG] Click skipped, image not found: snap.PNG
2026-05-10 07:43:48 | INFO | my_functions.py:138 | Haciendo click en la posición (681, 945)
2026-05-10 07:43:49 | INFO | each_eight_hours.py:314 | End turn executed
2026-05-10 07:44:04 | INFO | my_functions.py:198 | 
✅ Found: end_turn.PNG pos=(681, 945) time=0.18s confidence=0.8
2026-05-10 07:44:04 | INFO | my_functions.py:231 | [DEBUG] wait_for_image_and_click -> snap.PNG timeout=0s delay_click=1s confidence=0.8
2026-05-10 07:44:04 | INFO | my_functions.py:258 | [DEBUG] Click skipped, image not found: snap.PNG
2026-05-10 07:44:10 | INFO | my_functions.py:138 | Haciendo click en la posición (681, 945)
2026-05-10 07:44:11 | INFO | each_eight_hours.py:314 | End turn executed
2026-05-10 07:44:24 | INFO | my_functions.py:198 | 
✅ Found: end_turn.PNG pos=(681, 945) time=0.18s confidence=0.8
2026-05-10 07:44:24 | INFO | my_functions.py:231 | [DEBUG] wait_for_image_and_click -> snap.PNG timeout=0s delay_click=1s confidence=0.8
2026-05-10 07:44:24 | INFO | my_functions.py:258 | [DEBUG] Click skipped, image not found: snap.PNG
2026-05-10 07:44:29 | INFO | my_functions.py:138 | Haciendo click en la posición (681, 945)
2026-05-10 07:44:30 | INFO | each_eight_hours.py:314 | End turn executed
2026-05-10 07:45:03 | INFO | my_functions.py:198 | 
✅ Found: end_turn.PNG pos=(681, 945) time=0.18s confidence=0.8
2026-05-10 07:45:03 | INFO | my_functions.py:231 | [DEBUG] wait_for_image_and_click -> snap.PNG timeout=0s delay_click=1s confidence=0.8
2026-05-10 07:45:03 | INFO | my_functions.py:258 | [DEBUG] Click skipped, image not found: snap.PNG
2026-05-10 07:45:08 | INFO | my_functions.py:138 | Haciendo click en la posición (681, 945)
2026-05-10 07:45:09 | INFO | each_eight_hours.py:314 | End turn executed
2026-05-10 07:45:43 | INFO | my_functions.py:198 | 
✅ Found: end_turn.PNG pos=(681, 945) time=0.17s confidence=0.8
2026-05-10 07:45:43 | INFO | my_functions.py:231 | [DEBUG] wait_for_image_and_click -> snap.PNG timeout=0s delay_click=1s confidence=0.8
2026-05-10 07:45:43 | INFO | my_functions.py:258 | [DEBUG] Click skipped, image not found: snap.PNG
2026-05-10 07:45:48 | INFO | my_functions.py:138 | Haciendo click en la posición (681, 945)
2026-05-10 07:45:50 | INFO | each_eight_hours.py:314 | End turn executed
2026-05-10 07:46:07 | INFO | my_functions.py:198 | 
✅ Found: collect_rewards.PNG pos=(679, 957) time=0.2s confidence=0.8
2026-05-10 07:46:07 | INFO | each_eight_hours.py:353 | Rewards detected, exiting match
2026-05-10 07:46:07 | INFO | my_functions.py:231 | [DEBUG] wait_for_image_and_click -> collect_rewards.PNG timeout=20s delay_click=1s confidence=0.8
2026-05-10 07:46:07 | INFO | my_functions.py:172 | Searching collect_rewards.PNG (timeout=20s)
2026-05-10 07:46:07 | INFO | my_functions.py:198 | 
✅ Found: collect_rewards.PNG pos=(679, 957) time=0.22s confidence=0.8
2026-05-10 07:46:08 | INFO | my_functions.py:138 | Haciendo click en la posición (679, 957)
2026-05-10 07:46:08 | INFO | my_functions.py:251 | 🖱️ Click OK: collect_rewards.PNG at (679, 957) delay=1s
2026-05-10 07:46:08 | INFO | my_functions.py:231 | [DEBUG] wait_for_image_and_click -> next.PNG timeout=20s delay_click=1s confidence=0.8
2026-05-10 07:46:08 | INFO | my_functions.py:172 | Searching next.PNG (timeout=20s)
2026-05-10 07:46:13 | INFO | my_functions.py:198 | 
✅ Found: next.PNG pos=(678, 972) time=4.23s confidence=0.8
2026-05-10 07:46:14 | INFO | my_functions.py:138 | Haciendo click en la posición (678, 972)
2026-05-10 07:46:14 | INFO | my_functions.py:251 | 🖱️ Click OK: next.PNG at (678, 972) delay=1s
2026-05-10 07:46:18 | INFO | my_functions.py:434 | AVAILABLE: 6
2026-05-10 07:46:18 | INFO | my_functions.py:444 | [INFO] Waiting for Notepad++ process...
2026-05-10 07:46:18 | INFO | my_functions.py:458 | [INFO] Notepad++ detected PID=2808
2026-05-10 07:46:21 | INFO | my_functions.py:466 | [SUCCESS] Notepad++ closed successfully
2026-05-10 07:46:22 | INFO | each_eight_hours.py:421 | Submissions after match: 6
2026-05-10 07:46:22 | INFO | my_functions.py:378 | Misiones completadas: 0
2026-05-10 07:46:22 | INFO | each_eight_hours.py:287 | Starting game loop 2
2026-05-10 07:46:22 | INFO | my_functions.py:231 | [DEBUG] wait_for_image_and_click -> play.PNG timeout=20s delay_click=3s confidence=0.8
2026-05-10 07:46:22 | INFO | my_functions.py:172 | Searching play.PNG (timeout=20s)
2026-05-10 07:46:22 | INFO | my_functions.py:198 | 
✅ Found: play.PNG pos=(384, 824) time=0.2s confidence=0.8
2026-05-10 07:46:25 | INFO | my_functions.py:138 | Haciendo click en la posición (384, 824)
2026-05-10 07:46:25 | INFO | my_functions.py:251 | 🖱️ Click OK: play.PNG at (384, 824) delay=3s
2026-05-10 07:46:26 | INFO | each_eight_hours.py:293 | Play button clicked
2026-05-10 07:46:42 | INFO | my_functions.py:198 | 
✅ Found: end_turn.PNG pos=(681, 945) time=0.18s confidence=0.8
2026-05-10 07:46:42 | INFO | my_functions.py:231 | [DEBUG] wait_for_image_and_click -> snap.PNG timeout=0s delay_click=1s confidence=0.8
2026-05-10 07:46:42 | INFO | my_functions.py:198 | 
✅ Found: snap.PNG pos=(386, 122) time=0.17s confidence=0.8
2026-05-10 07:46:43 | INFO | my_functions.py:138 | Haciendo click en la posición (386, 122)
2026-05-10 07:46:43 | INFO | my_functions.py:251 | 🖱️ Click OK: snap.PNG at (386, 122) delay=1s
2026-05-10 07:46:48 | INFO | my_functions.py:138 | Haciendo click en la posición (681, 945)
2026-05-10 07:46:49 | INFO | each_eight_hours.py:314 | End turn executed
2026-05-10 07:47:15 | INFO | my_functions.py:198 | 
✅ Found: end_turn.PNG pos=(681, 945) time=0.17s confidence=0.8
2026-05-10 07:47:15 | INFO | my_functions.py:231 | [DEBUG] wait_for_image_and_click -> snap.PNG timeout=0s delay_click=1s confidence=0.8
2026-05-10 07:47:15 | INFO | my_functions.py:258 | [DEBUG] Click skipped, image not found: snap.PNG
2026-05-10 07:47:20 | INFO | my_functions.py:138 | Haciendo click en la posición (681, 945)
2026-05-10 07:47:21 | INFO | each_eight_hours.py:314 | End turn executed
2026-05-10 07:47:45 | INFO | my_functions.py:198 | 
✅ Found: end_turn.PNG pos=(681, 945) time=0.18s confidence=0.8
2026-05-10 07:47:45 | INFO | my_functions.py:231 | [DEBUG] wait_for_image_and_click -> snap.PNG timeout=0s delay_click=1s confidence=0.8
2026-05-10 07:47:45 | INFO | my_functions.py:258 | [DEBUG] Click skipped, image not found: snap.PNG
2026-05-10 07:47:50 | INFO | my_functions.py:138 | Haciendo click en la posición (681, 945)
2026-05-10 07:47:51 | INFO | each_eight_hours.py:314 | End turn executed
2026-05-10 07:47:58 | INFO | my_functions.py:198 | 
✅ Found: end_turn.PNG pos=(681, 945) time=0.18s confidence=0.8
2026-05-10 07:47:58 | INFO | my_functions.py:231 | [DEBUG] wait_for_image_and_click -> snap.PNG timeout=0s delay_click=1s confidence=0.8
2026-05-10 07:47:58 | INFO | my_functions.py:258 | [DEBUG] Click skipped, image not found: snap.PNG
2026-05-10 07:48:04 | INFO | my_functions.py:138 | Haciendo click en la posición (681, 945)
2026-05-10 07:48:05 | INFO | each_eight_hours.py:314 | End turn executed
2026-05-10 07:48:27 | INFO | my_functions.py:198 | 
✅ Found: end_turn.PNG pos=(681, 945) time=0.21s confidence=0.8
2026-05-10 07:48:27 | INFO | my_functions.py:231 | [DEBUG] wait_for_image_and_click -> snap.PNG timeout=0s delay_click=1s confidence=0.8
2026-05-10 07:48:28 | INFO | my_functions.py:258 | [DEBUG] Click skipped, image not found: snap.PNG
2026-05-10 07:48:32 | INFO | my_functions.py:138 | Haciendo click en la posición (681, 945)
2026-05-10 07:48:34 | INFO | each_eight_hours.py:314 | End turn executed
2026-05-10 07:48:53 | INFO | my_functions.py:198 | 
✅ Found: end_turn.PNG pos=(681, 945) time=0.18s confidence=0.8
2026-05-10 07:48:53 | INFO | my_functions.py:231 | [DEBUG] wait_for_image_and_click -> snap.PNG timeout=0s delay_click=1s confidence=0.8
2026-05-10 07:48:53 | INFO | my_functions.py:258 | [DEBUG] Click skipped, image not found: snap.PNG
2026-05-10 07:48:58 | INFO | my_functions.py:138 | Haciendo click en la posición (681, 945)
2026-05-10 07:48:59 | INFO | each_eight_hours.py:314 | End turn executed
2026-05-10 07:49:47 | INFO | my_functions.py:198 | 
✅ Found: collect_rewards.PNG pos=(679, 995) time=0.2s confidence=0.8
2026-05-10 07:49:47 | INFO | each_eight_hours.py:353 | Rewards detected, exiting match
2026-05-10 07:49:47 | INFO | my_functions.py:231 | [DEBUG] wait_for_image_and_click -> collect_rewards.PNG timeout=20s delay_click=1s confidence=0.8
2026-05-10 07:49:47 | INFO | my_functions.py:172 | Searching collect_rewards.PNG (timeout=20s)
2026-05-10 07:49:48 | INFO | my_functions.py:198 | 
✅ Found: collect_rewards.PNG pos=(680, 961) time=0.21s confidence=0.8
2026-05-10 07:49:49 | INFO | my_functions.py:138 | Haciendo click en la posición (680, 961)
2026-05-10 07:49:49 | INFO | my_functions.py:251 | 🖱️ Click OK: collect_rewards.PNG at (680, 961) delay=1s
2026-05-10 07:49:49 | INFO | my_functions.py:231 | [DEBUG] wait_for_image_and_click -> next.PNG timeout=20s delay_click=1s confidence=0.8
2026-05-10 07:49:49 | INFO | my_functions.py:172 | Searching next.PNG (timeout=20s)
2026-05-10 07:49:54 | INFO | my_functions.py:198 | 
✅ Found: next.PNG pos=(677, 973) time=5.22s confidence=0.8
2026-05-10 07:49:55 | INFO | my_functions.py:138 | Haciendo click en la posición (677, 973)
2026-05-10 07:49:55 | INFO | my_functions.py:251 | 🖱️ Click OK: next.PNG at (677, 973) delay=1s
2026-05-10 07:49:59 | INFO | my_functions.py:434 | AVAILABLE: 6
2026-05-10 07:49:59 | INFO | my_functions.py:444 | [INFO] Waiting for Notepad++ process...
2026-05-10 07:50:00 | INFO | my_functions.py:458 | [INFO] Notepad++ detected PID=2296
2026-05-10 07:50:03 | INFO | my_functions.py:466 | [SUCCESS] Notepad++ closed successfully
2026-05-10 07:50:04 | INFO | each_eight_hours.py:421 | Submissions after match: 6
2026-05-10 07:50:04 | INFO | my_functions.py:378 | Misiones completadas: 1
2026-05-10 07:50:04 | INFO | each_eight_hours.py:287 | Starting game loop 3
2026-05-10 07:50:04 | INFO | my_functions.py:231 | [DEBUG] wait_for_image_and_click -> play.PNG timeout=20s delay_click=3s confidence=0.8
2026-05-10 07:50:04 | INFO | my_functions.py:172 | Searching play.PNG (timeout=20s)
2026-05-10 07:50:04 | INFO | my_functions.py:198 | 
✅ Found: play.PNG pos=(384, 824) time=0.19s confidence=0.8
2026-05-10 07:50:07 | INFO | my_functions.py:138 | Haciendo click en la posición (384, 824)
2026-05-10 07:50:07 | INFO | my_functions.py:251 | 🖱️ Click OK: play.PNG at (384, 824) delay=3s
2026-05-10 07:50:07 | INFO | each_eight_hours.py:293 | Play button clicked
2026-05-10 07:50:20 | INFO | my_functions.py:198 | 
✅ Found: end_turn.PNG pos=(681, 945) time=0.16s confidence=0.8
2026-05-10 07:50:20 | INFO | my_functions.py:231 | [DEBUG] wait_for_image_and_click -> snap.PNG timeout=0s delay_click=1s confidence=0.8
2026-05-10 07:50:21 | INFO | my_functions.py:198 | 
✅ Found: snap.PNG pos=(386, 123) time=0.18s confidence=0.8
2026-05-10 07:50:22 | INFO | my_functions.py:138 | Haciendo click en la posición (386, 123)
2026-05-10 07:50:22 | INFO | my_functions.py:251 | 🖱️ Click OK: snap.PNG at (386, 123) delay=1s
2026-05-10 07:50:27 | INFO | my_functions.py:138 | Haciendo click en la posición (681, 945)
2026-05-10 07:50:28 | INFO | each_eight_hours.py:314 | End turn executed
2026-05-10 07:50:41 | INFO | my_functions.py:198 | 
✅ Found: end_turn.PNG pos=(682, 945) time=0.17s confidence=0.8
2026-05-10 07:50:41 | INFO | my_functions.py:231 | [DEBUG] wait_for_image_and_click -> snap.PNG timeout=0s delay_click=1s confidence=0.8
2026-05-10 07:50:42 | INFO | my_functions.py:258 | [DEBUG] Click skipped, image not found: snap.PNG
2026-05-10 07:50:47 | INFO | my_functions.py:138 | Haciendo click en la posición (682, 945)
2026-05-10 07:50:48 | INFO | each_eight_hours.py:314 | End turn executed
2026-05-10 07:50:58 | INFO | my_functions.py:198 | 
✅ Found: end_turn.PNG pos=(681, 945) time=0.18s confidence=0.8
2026-05-10 07:50:58 | INFO | my_functions.py:231 | [DEBUG] wait_for_image_and_click -> snap.PNG timeout=0s delay_click=1s confidence=0.8
2026-05-10 07:50:58 | INFO | my_functions.py:258 | [DEBUG] Click skipped, image not found: snap.PNG
2026-05-10 07:51:03 | INFO | my_functions.py:138 | Haciendo click en la posición (681, 945)
2026-05-10 07:51:04 | INFO | each_eight_hours.py:314 | End turn executed
2026-05-10 07:51:15 | INFO | my_functions.py:198 | 
✅ Found: end_turn.PNG pos=(681, 945) time=0.17s confidence=0.8
2026-05-10 07:51:15 | INFO | my_functions.py:231 | [DEBUG] wait_for_image_and_click -> snap.PNG timeout=0s delay_click=1s confidence=0.8
2026-05-10 07:51:15 | INFO | my_functions.py:258 | [DEBUG] Click skipped, image not found: snap.PNG
2026-05-10 07:51:20 | INFO | my_functions.py:138 | Haciendo click en la posición (681, 945)
2026-05-10 07:51:22 | INFO | each_eight_hours.py:314 | End turn executed
2026-05-10 07:51:30 | INFO | my_functions.py:198 | 
✅ Found: end_turn.PNG pos=(681, 945) time=0.17s confidence=0.8
2026-05-10 07:51:30 | INFO | my_functions.py:231 | [DEBUG] wait_for_image_and_click -> snap.PNG timeout=0s delay_click=1s confidence=0.8
2026-05-10 07:51:30 | INFO | my_functions.py:258 | [DEBUG] Click skipped, image not found: snap.PNG
2026-05-10 07:51:35 | INFO | my_functions.py:138 | Haciendo click en la posición (681, 945)
2026-05-10 07:51:36 | INFO | each_eight_hours.py:314 | End turn executed
2026-05-10 07:52:05 | INFO | my_functions.py:198 | 
✅ Found: end_turn.PNG pos=(681, 945) time=0.2s confidence=0.8
2026-05-10 07:52:05 | INFO | my_functions.py:231 | [DEBUG] wait_for_image_and_click -> snap.PNG timeout=0s delay_click=1s confidence=0.8
2026-05-10 07:52:05 | INFO | my_functions.py:258 | [DEBUG] Click skipped, image not found: snap.PNG
2026-05-10 07:52:10 | INFO | my_functions.py:138 | Haciendo click en la posición (681, 945)
2026-05-10 07:52:11 | INFO | each_eight_hours.py:314 | End turn executed
2026-05-10 07:52:32 | INFO | my_functions.py:198 | 
✅ Found: collect_rewards.PNG pos=(679, 960) time=0.2s confidence=0.8
2026-05-10 07:52:32 | INFO | each_eight_hours.py:353 | Rewards detected, exiting match
2026-05-10 07:52:32 | INFO | my_functions.py:231 | [DEBUG] wait_for_image_and_click -> collect_rewards.PNG timeout=20s delay_click=1s confidence=0.8
2026-05-10 07:52:32 | INFO | my_functions.py:172 | Searching collect_rewards.PNG (timeout=20s)
2026-05-10 07:52:33 | INFO | my_functions.py:198 | 
✅ Found: collect_rewards.PNG pos=(680, 957) time=0.21s confidence=0.8
2026-05-10 07:52:34 | INFO | my_functions.py:138 | Haciendo click en la posición (680, 957)
2026-05-10 07:52:34 | INFO | my_functions.py:251 | 🖱️ Click OK: collect_rewards.PNG at (680, 957) delay=1s
2026-05-10 07:52:34 | INFO | my_functions.py:231 | [DEBUG] wait_for_image_and_click -> next.PNG timeout=20s delay_click=1s confidence=0.8
2026-05-10 07:52:34 | INFO | my_functions.py:172 | Searching next.PNG (timeout=20s)
2026-05-10 07:52:39 | INFO | my_functions.py:198 | 
✅ Found: next.PNG pos=(677, 973) time=5.23s confidence=0.8
2026-05-10 07:52:40 | INFO | my_functions.py:138 | Haciendo click en la posición (677, 973)
2026-05-10 07:52:40 | INFO | my_functions.py:251 | 🖱️ Click OK: next.PNG at (677, 973) delay=1s
2026-05-10 07:52:44 | INFO | my_functions.py:434 | AVAILABLE: 6
2026-05-10 07:52:44 | INFO | my_functions.py:444 | [INFO] Waiting for Notepad++ process...
2026-05-10 07:52:45 | INFO | my_functions.py:458 | [INFO] Notepad++ detected PID=1316
2026-05-10 07:52:48 | INFO | my_functions.py:466 | [SUCCESS] Notepad++ closed successfully
2026-05-10 07:52:49 | INFO | each_eight_hours.py:421 | Submissions after match: 6
2026-05-10 07:52:49 | INFO | my_functions.py:378 | Misiones completadas: 3
2026-05-10 07:52:49 | INFO | each_eight_hours.py:425 | Submission condition met, breaking loop
2026-05-10 07:52:49 | INFO | my_functions.py:231 | [DEBUG] wait_for_image_and_click -> missionsNotify2.png timeout=20s delay_click=3s confidence=0.8
2026-05-10 07:52:49 | INFO | my_functions.py:172 | Searching missionsNotify2.png (timeout=20s)
2026-05-10 07:52:49 | INFO | my_functions.py:198 | 
✅ Found: missionsNotify2.png pos=(538, 124) time=0.16s confidence=0.8
2026-05-10 07:52:52 | INFO | my_functions.py:138 | Haciendo click en la posición (538, 124)
2026-05-10 07:52:52 | INFO | my_functions.py:251 | 🖱️ Click OK: missionsNotify2.png at (538, 124) delay=3s
2026-05-10 07:52:52 | INFO | my_functions.py:1593 | [INFO] Iniciando click_missions_blue2
2026-05-10 07:52:52 | INFO | my_functions.py:138 | Haciendo click en la posición (150, 132)
2026-05-10 07:52:53 | INFO | my_functions.py:1596 | [ACTION] Click hecho en icono de calendario que me dirige a las misiones ordinarias
2026-05-10 07:52:53 | INFO | my_functions.py:172 | Searching bonus_challenge.png (timeout=0s)
2026-05-10 07:52:53 | INFO | my_functions.py:209 | 
⛔ Not found: bonus_challenge.png after 0.0s region=(0, 0, 765, 1038) confidence=0.8
2026-05-10 07:52:55 | INFO | my_functions.py:138 | Haciendo click en la posición (362, 493)
2026-05-10 07:52:57 | INFO | my_functions.py:1609 | [ACTION] Click 1/3 en misión azul
2026-05-10 07:52:57 | INFO | my_functions.py:138 | Haciendo click en la posición (362, 493)
2026-05-10 07:52:58 | INFO | my_functions.py:1609 | [ACTION] Click 2/3 en misión azul
2026-05-10 07:52:59 | INFO | my_functions.py:138 | Haciendo click en la posición (362, 493)
2026-05-10 07:53:00 | INFO | my_functions.py:1609 | [ACTION] Click 3/3 en misión azul
2026-05-10 07:53:01 | INFO | my_functions.py:172 | Searching flechita_mission.PNG (timeout=0s)
2026-05-10 07:53:01 | INFO | my_functions.py:209 | 
⛔ Not found: flechita_mission.PNG after 0.0s region=(0, 0, 765, 1038) confidence=0.8
2026-05-10 07:53:01 | INFO | my_functions.py:231 | [DEBUG] wait_for_image_and_click -> weekly3.PNG timeout=0s delay_click=0.1s confidence=0.8
2026-05-10 07:53:01 | INFO | my_functions.py:172 | Searching weekly3.PNG (timeout=0s)
2026-05-10 07:53:01 | INFO | my_functions.py:209 | 
⛔ Not found: weekly3.PNG after 0.0s region=(0, 0, 765, 1038) confidence=0.8
2026-05-10 07:53:01 | INFO | my_functions.py:258 | [DEBUG] Click skipped, image not found: weekly3.PNG
2026-05-10 07:53:01 | INFO | my_functions.py:231 | [DEBUG] wait_for_image_and_click -> weekly3.PNG timeout=0s delay_click=0.1s confidence=0.8
2026-05-10 07:53:01 | INFO | my_functions.py:172 | Searching weekly3.PNG (timeout=0s)
2026-05-10 07:53:01 | INFO | my_functions.py:209 | 
⛔ Not found: weekly3.PNG after 0.01s region=(0, 0, 765, 1038) confidence=0.8
2026-05-10 07:53:01 | INFO | my_functions.py:258 | [DEBUG] Click skipped, image not found: weekly3.PNG
2026-05-10 07:53:01 | INFO | my_functions.py:231 | [DEBUG] wait_for_image_and_click -> weekly3.PNG timeout=0s delay_click=0.1s confidence=0.8
2026-05-10 07:53:01 | INFO | my_functions.py:172 | Searching weekly3.PNG (timeout=0s)
2026-05-10 07:53:01 | INFO | my_functions.py:209 | 
⛔ Not found: weekly3.PNG after 0.01s region=(0, 0, 765, 1038) confidence=0.8
2026-05-10 07:53:01 | INFO | my_functions.py:258 | [DEBUG] Click skipped, image not found: weekly3.PNG
2026-05-10 07:53:01 | INFO | my_functions.py:231 | [DEBUG] wait_for_image_and_click -> weekly3.PNG timeout=0s delay_click=0.1s confidence=0.8
2026-05-10 07:53:01 | INFO | my_functions.py:172 | Searching weekly3.PNG (timeout=0s)
2026-05-10 07:53:01 | INFO | my_functions.py:209 | 
⛔ Not found: weekly3.PNG after 0.0s region=(0, 0, 765, 1038) confidence=0.8
2026-05-10 07:53:01 | INFO | my_functions.py:258 | [DEBUG] Click skipped, image not found: weekly3.PNG
2026-05-10 07:53:01 | INFO | my_functions.py:231 | [DEBUG] wait_for_image_and_click -> weekly3.PNG timeout=0s delay_click=0.1s confidence=0.8
2026-05-10 07:53:01 | INFO | my_functions.py:172 | Searching weekly3.PNG (timeout=0s)
2026-05-10 07:53:02 | INFO | my_functions.py:209 | 
⛔ Not found: weekly3.PNG after 0.0s region=(0, 0, 765, 1038) confidence=0.8
2026-05-10 07:53:02 | INFO | my_functions.py:258 | [DEBUG] Click skipped, image not found: weekly3.PNG
2026-05-10 07:53:02 | INFO | my_functions.py:231 | [DEBUG] wait_for_image_and_click -> weekly3.PNG timeout=0s delay_click=0.1s confidence=0.8
2026-05-10 07:53:02 | INFO | my_functions.py:172 | Searching weekly3.PNG (timeout=0s)
2026-05-10 07:53:02 | INFO | my_functions.py:209 | 
⛔ Not found: weekly3.PNG after 0.01s region=(0, 0, 765, 1038) confidence=0.8
2026-05-10 07:53:02 | INFO | my_functions.py:258 | [DEBUG] Click skipped, image not found: weekly3.PNG
2026-05-10 07:53:02 | INFO | my_functions.py:231 | [DEBUG] wait_for_image_and_click -> weekly3.PNG timeout=0s delay_click=0.1s confidence=0.8
2026-05-10 07:53:02 | INFO | my_functions.py:172 | Searching weekly3.PNG (timeout=0s)
2026-05-10 07:53:02 | INFO | my_functions.py:209 | 
⛔ Not found: weekly3.PNG after 0.01s region=(0, 0, 765, 1038) confidence=0.8
2026-05-10 07:53:02 | INFO | my_functions.py:258 | [DEBUG] Click skipped, image not found: weekly3.PNG
2026-05-10 07:53:02 | INFO | my_functions.py:231 | [DEBUG] wait_for_image_and_click -> weekly3.PNG timeout=0s delay_click=0.1s confidence=0.8
2026-05-10 07:53:02 | INFO | my_functions.py:172 | Searching weekly3.PNG (timeout=0s)
2026-05-10 07:53:02 | INFO | my_functions.py:209 | 
⛔ Not found: weekly3.PNG after 0.0s region=(0, 0, 765, 1038) confidence=0.8
2026-05-10 07:53:02 | INFO | my_functions.py:258 | [DEBUG] Click skipped, image not found: weekly3.PNG
2026-05-10 07:53:02 | INFO | my_functions.py:231 | [DEBUG] wait_for_image_and_click -> weekly3.PNG timeout=0s delay_click=0.1s confidence=0.8
2026-05-10 07:53:02 | INFO | my_functions.py:172 | Searching weekly3.PNG (timeout=0s)
2026-05-10 07:53:02 | INFO | my_functions.py:209 | 
⛔ Not found: weekly3.PNG after 0.01s region=(0, 0, 765, 1038) confidence=0.8
2026-05-10 07:53:02 | INFO | my_functions.py:258 | [DEBUG] Click skipped, image not found: weekly3.PNG
2026-05-10 07:53:02 | INFO | my_functions.py:231 | [DEBUG] wait_for_image_and_click -> weekly3.PNG timeout=0s delay_click=0.1s confidence=0.8
2026-05-10 07:53:02 | INFO | my_functions.py:172 | Searching weekly3.PNG (timeout=0s)
2026-05-10 07:53:03 | INFO | my_functions.py:209 | 
⛔ Not found: weekly3.PNG after 0.01s region=(0, 0, 765, 1038) confidence=0.8
2026-05-10 07:53:03 | INFO | my_functions.py:258 | [DEBUG] Click skipped, image not found: weekly3.PNG
2026-05-10 07:53:03 | INFO | my_functions.py:231 | [DEBUG] wait_for_image_and_click -> weekly3.PNG timeout=0s delay_click=0.1s confidence=0.8
2026-05-10 07:53:03 | INFO | my_functions.py:172 | Searching weekly3.PNG (timeout=0s)
2026-05-10 07:53:03 | INFO | my_functions.py:209 | 
⛔ Not found: weekly3.PNG after 0.0s region=(0, 0, 765, 1038) confidence=0.8
2026-05-10 07:53:03 | INFO | my_functions.py:258 | [DEBUG] Click skipped, image not found: weekly3.PNG
2026-05-10 07:53:03 | INFO | my_functions.py:138 | Haciendo click en la posición (557, 64)
2026-05-10 07:53:04 | INFO | my_functions.py:231 | [DEBUG] wait_for_image_and_click -> cards_shop.PNG timeout=20s delay_click=1s confidence=0.8
2026-05-10 07:53:04 | INFO | my_functions.py:172 | Searching cards_shop.PNG (timeout=20s)
2026-05-10 07:53:04 | INFO | my_functions.py:198 | 
✅ Found: cards_shop.PNG pos=(568, 121) time=0.55s confidence=0.8
2026-05-10 07:53:05 | INFO | my_functions.py:138 | Haciendo click en la posición (568, 121)
2026-05-10 07:53:06 | INFO | my_functions.py:251 | 🖱️ Click OK: cards_shop.PNG at (568, 121) delay=1s
2026-05-10 07:53:06 | INFO | my_functions.py:231 | [DEBUG] wait_for_image_and_click -> token_icon.PNG timeout=20s delay_click=1s confidence=0.8
2026-05-10 07:53:06 | INFO | my_functions.py:172 | Searching token_icon.PNG (timeout=20s)
2026-05-10 07:53:07 | INFO | my_functions.py:198 | 
✅ Found: token_icon.PNG pos=(531, 171) time=1.71s confidence=0.8
2026-05-10 07:53:08 | INFO | my_functions.py:138 | Haciendo click en la posición (531, 171)
2026-05-10 07:53:09 | INFO | my_functions.py:251 | 🖱️ Click OK: token_icon.PNG at (531, 171) delay=1s
2026-05-10 07:53:11 | INFO | my_functions.py:231 | [DEBUG] wait_for_image_and_click -> claim!_token_3.PNG timeout=4s delay_click=1s confidence=0.8
2026-05-10 07:53:11 | INFO | my_functions.py:172 | Searching claim!_token_3.PNG (timeout=4s)
2026-05-10 07:53:15 | INFO | my_functions.py:209 | 
⛔ Not found: claim!_token_3.PNG after 4.01s region=(0, 0, 765, 1038) confidence=0.8
2026-05-10 07:53:15 | INFO | my_functions.py:258 | [DEBUG] Click skipped, image not found: claim!_token_3.PNG
2026-05-10 07:53:15 | INFO | my_functions.py:231 | [DEBUG] wait_for_image_and_click -> offers.PNG timeout=0.1s delay_click=1s confidence=0.8
2026-05-10 07:53:15 | INFO | my_functions.py:172 | Searching offers.PNG (timeout=0.1s)
2026-05-10 07:53:15 | INFO | my_functions.py:198 | 
✅ Found: offers.PNG pos=(197, 121) time=0.23s confidence=0.8
2026-05-10 07:53:16 | INFO | my_functions.py:138 | Haciendo click en la posición (197, 121)
2026-05-10 07:53:16 | INFO | my_functions.py:251 | 🖱️ Click OK: offers.PNG at (197, 121) delay=1s
2026-05-10 07:53:16 | INFO | my_functions.py:231 | [DEBUG] wait_for_image_and_click -> credits_selected.png timeout=0.1s delay_click=1s confidence=0.8
2026-05-10 07:53:16 | INFO | my_functions.py:172 | Searching credits_selected.png (timeout=0.1s)
2026-05-10 07:53:17 | INFO | my_functions.py:198 | 
✅ Found: credits_selected.png pos=(442, 168) time=0.21s confidence=0.8
2026-05-10 07:53:18 | INFO | my_functions.py:138 | Haciendo click en la posición (442, 168)
2026-05-10 07:53:18 | INFO | my_functions.py:251 | 🖱️ Click OK: credits_selected.png at (442, 168) delay=1s
2026-05-10 07:53:19 | INFO | my_functions.py:231 | [DEBUG] wait_for_image_and_click -> claim_25_credits.png timeout=2s delay_click=1s confidence=0.8
2026-05-10 07:53:19 | INFO | my_functions.py:172 | Searching claim_25_credits.png (timeout=2s)
2026-05-10 07:53:19 | INFO | my_functions.py:198 | 
✅ Found: claim_25_credits.png pos=(236, 328) time=0.18s confidence=0.8
2026-05-10 07:53:20 | INFO | my_functions.py:138 | Haciendo click en la posición (236, 328)
2026-05-10 07:53:21 | INFO | my_functions.py:251 | 🖱️ Click OK: claim_25_credits.png at (236, 328) delay=1s
2026-05-10 07:53:21 | INFO | my_functions.py:231 | [DEBUG] wait_for_image_and_click -> cards_shop.PNG timeout=20s delay_click=1s confidence=0.8
2026-05-10 07:53:21 | INFO | my_functions.py:172 | Searching cards_shop.PNG (timeout=20s)
2026-05-10 07:53:21 | INFO | my_functions.py:198 | 
✅ Found: cards_shop.PNG pos=(568, 121) time=0.2s confidence=0.8
2026-05-10 07:53:22 | INFO | my_functions.py:138 | Haciendo click en la posición (568, 121)
2026-05-10 07:53:22 | INFO | my_functions.py:251 | 🖱️ Click OK: cards_shop.PNG at (568, 121) delay=1s
2026-05-10 07:53:22 | INFO | my_functions.py:231 | [DEBUG] wait_for_image_and_click -> offers.PNG timeout=20s delay_click=1s confidence=0.8
2026-05-10 07:53:22 | INFO | my_functions.py:172 | Searching offers.PNG (timeout=20s)
2026-05-10 07:53:22 | INFO | my_functions.py:198 | 
✅ Found: offers.PNG pos=(197, 122) time=0.18s confidence=0.8
2026-05-10 07:53:23 | INFO | my_functions.py:138 | Haciendo click en la posición (197, 122)
2026-05-10 07:53:23 | INFO | my_functions.py:251 | 🖱️ Click OK: offers.PNG at (197, 122) delay=1s
2026-05-10 07:53:23 | INFO | my_functions.py:1491 | [INFO] Iniciando mejora de cartas
2026-05-10 07:53:23 | INFO | my_functions.py:231 | [DEBUG] wait_for_image_and_click -> upgrade_cards_icon.PNG timeout=20s delay_click=1s confidence=0.8
2026-05-10 07:53:23 | INFO | my_functions.py:172 | Searching upgrade_cards_icon.PNG (timeout=20s)
2026-05-10 07:53:24 | INFO | my_functions.py:198 | 
✅ Found: upgrade_cards_icon.PNG pos=(322, 170) time=0.19s confidence=0.8
2026-05-10 07:53:25 | INFO | my_functions.py:138 | Haciendo click en la posición (322, 170)
2026-05-10 07:53:25 | INFO | my_functions.py:251 | 🖱️ Click OK: upgrade_cards_icon.PNG at (322, 170) delay=1s
2026-05-10 07:53:25 | INFO | my_functions.py:1495 | [INFO] Abriendo icono de upgrade_cards
2026-05-10 07:53:26 | INFO | my_functions.py:1501 | [STEP] Mejorando carta 1
2026-05-10 07:53:26 | INFO | my_functions.py:1505 | [ACTION] Click en carta 1
2026-05-10 07:53:27 | INFO | my_functions.py:1510 | [ACTION] Click en botón upgrade
2026-05-10 07:53:34 | INFO | my_functions.py:231 | [DEBUG] wait_for_image_and_click -> you_need_more_credits!.png timeout=3s delay_click=1s confidence=0.8
2026-05-10 07:53:34 | INFO | my_functions.py:172 | Searching you_need_more_credits!.png (timeout=3s)
2026-05-10 07:53:37 | INFO | my_functions.py:209 | 
⛔ Not found: you_need_more_credits!.png after 3.07s region=(0, 0, 765, 1038) confidence=0.8
2026-05-10 07:53:37 | INFO | my_functions.py:258 | [DEBUG] Click skipped, image not found: you_need_more_credits!.png
2026-05-10 07:53:43 | INFO | my_functions.py:1525 | [ACTION] Click para continuar a stage de nivel de coleccion
2026-05-10 07:53:48 | INFO | my_functions.py:146 | Presionando ESC (1/1)
2026-05-10 07:53:48 | INFO | my_functions.py:1530 | [ACTION] Saliendo de stage nivel de coleccion con ESC
2026-05-10 07:53:49 | INFO | my_functions.py:231 | [DEBUG] wait_for_image_and_click -> upgrade_cards_icon_selected.PNG timeout=0s delay_click=1s confidence=0.8
2026-05-10 07:53:49 | INFO | my_functions.py:172 | Searching upgrade_cards_icon_selected.PNG (timeout=0s)
2026-05-10 07:53:49 | INFO | my_functions.py:198 | 
✅ Found: upgrade_cards_icon_selected.PNG pos=(320, 173) time=0.18s confidence=0.8
2026-05-10 07:53:50 | INFO | my_functions.py:138 | Haciendo click en la posición (320, 173)
2026-05-10 07:53:51 | INFO | my_functions.py:251 | 🖱️ Click OK: upgrade_cards_icon_selected.PNG at (320, 173) delay=1s
2026-05-10 07:53:51 | INFO | my_functions.py:1550 | [INFO] Reabriendo icono de upgrade_cards
2026-05-10 07:53:52 | INFO | my_functions.py:1501 | [STEP] Mejorando carta 2
2026-05-10 07:53:52 | INFO | my_functions.py:1505 | [ACTION] Click en carta 2
2026-05-10 07:53:53 | INFO | my_functions.py:1510 | [ACTION] Click en botón upgrade
2026-05-10 07:54:00 | INFO | my_functions.py:231 | [DEBUG] wait_for_image_and_click -> you_need_more_credits!.png timeout=3s delay_click=1s confidence=0.8
2026-05-10 07:54:00 | INFO | my_functions.py:172 | Searching you_need_more_credits!.png (timeout=3s)
2026-05-10 07:54:00 | INFO | my_functions.py:198 | 
✅ Found: you_need_more_credits!.png pos=(381, 345) time=0.2s confidence=0.8
2026-05-10 07:54:01 | INFO | my_functions.py:138 | Haciendo click en la posición (381, 345)
2026-05-10 07:54:01 | INFO | my_functions.py:251 | 🖱️ Click OK: you_need_more_credits!.png at (381, 345) delay=1s
2026-05-10 07:54:01 | INFO | my_functions.py:146 | Presionando ESC (1/2)
2026-05-10 07:54:02 | INFO | my_functions.py:146 | Presionando ESC (2/2)
2026-05-10 07:54:05 | INFO | my_functions.py:1553 | [INFO] Mejora de cartas completada ✅
2026-05-10 07:54:05 | INFO | my_functions.py:146 | Presionando ESC (1/1)
2026-05-10 07:54:05 | INFO | each_eight_hours.py:437 | Finished all games
2026-05-10 07:54:05 | INFO | my_functions.py:1443 | [DEBUG] Starting logout process...
2026-05-10 07:54:05 | INFO | my_functions.py:1445 | [DEBUG] Clicking nut icon...
2026-05-10 07:54:05 | INFO | my_functions.py:231 | [DEBUG] wait_for_image_and_click -> nut.png timeout=20s delay_click=1s confidence=0.8
2026-05-10 07:54:05 | INFO | my_functions.py:172 | Searching nut.png (timeout=20s)
2026-05-10 07:54:05 | INFO | my_functions.py:198 | 
✅ Found: nut.png pos=(184, 78) time=0.18s confidence=0.8
2026-05-10 07:54:06 | INFO | my_functions.py:138 | Haciendo click en la posición (184, 78)
2026-05-10 07:54:07 | INFO | my_functions.py:251 | 🖱️ Click OK: nut.png at (184, 78) delay=1s
2026-05-10 07:54:07 | INFO | my_functions.py:1448 | [DEBUG] Waiting for graphics quality image...
2026-05-10 07:54:07 | INFO | my_functions.py:172 | Searching graphics_quality.png (timeout=3s)
2026-05-10 07:54:07 | INFO | my_functions.py:198 | 
✅ Found: graphics_quality.png pos=(303, 646) time=0.84s confidence=0.8
2026-05-10 07:54:07 | INFO | my_functions.py:1450 | [DEBUG] graphics_quality result: Point(x=303, y=646)
2026-05-10 07:54:07 | INFO | my_functions.py:1456 | [DEBUG] Clicking graphics quality...
2026-05-10 07:54:09 | INFO | my_functions.py:1461 | [DEBUG] Scrolling down...
2026-05-10 07:54:09 | INFO | my_functions.py:1464 | [DEBUG] Clicking sign_out...
2026-05-10 07:54:09 | INFO | my_functions.py:231 | [DEBUG] wait_for_image_and_click -> sign_out.png timeout=20s delay_click=1s confidence=0.8
2026-05-10 07:54:09 | INFO | my_functions.py:172 | Searching sign_out.png (timeout=20s)
2026-05-10 07:54:09 | INFO | my_functions.py:198 | 
✅ Found: sign_out.png pos=(380, 796) time=0.2s confidence=0.8
2026-05-10 07:54:10 | INFO | my_functions.py:138 | Haciendo click en la posición (380, 796)
2026-05-10 07:54:10 | INFO | my_functions.py:251 | 🖱️ Click OK: sign_out.png at (380, 796) delay=1s
2026-05-10 07:54:11 | INFO | my_functions.py:1469 | [DEBUG] Clicking big sign_out...
2026-05-10 07:54:11 | INFO | my_functions.py:231 | [DEBUG] wait_for_image_and_click -> sign_out_grande.png timeout=20s delay_click=1s confidence=0.8
2026-05-10 07:54:11 | INFO | my_functions.py:172 | Searching sign_out_grande.png (timeout=20s)
2026-05-10 07:54:11 | INFO | my_functions.py:198 | 
✅ Found: sign_out_grande.png pos=(359, 437) time=0.17s confidence=0.8
2026-05-10 07:54:12 | INFO | my_functions.py:138 | Haciendo click en la posición (359, 437)
2026-05-10 07:54:12 | INFO | my_functions.py:251 | 🖱️ Click OK: sign_out_grande.png at (359, 437) delay=1s
2026-05-10 07:54:12 | INFO | my_functions.py:1472 | [DEBUG] Clicking sign_out2...
2026-05-10 07:54:12 | INFO | my_functions.py:231 | [DEBUG] wait_for_image_and_click -> sign_out2.png timeout=20s delay_click=1s confidence=0.8
2026-05-10 07:54:12 | INFO | my_functions.py:172 | Searching sign_out2.png (timeout=20s)
2026-05-10 07:54:13 | INFO | my_functions.py:198 | 
✅ Found: sign_out2.png pos=(383, 634) time=0.2s confidence=0.8
2026-05-10 07:54:14 | INFO | my_functions.py:138 | Haciendo click en la posición (383, 634)
2026-05-10 07:54:14 | INFO | my_functions.py:251 | 🖱️ Click OK: sign_out2.png at (383, 634) delay=1s
2026-05-10 07:54:14 | INFO | my_functions.py:1475 | [DEBUG] Resizing SNAP window...
2026-05-10 07:54:14 | INFO | my_functions.py:1668 | ⏱ Esperando 0.1 segundos antes de empezar...
2026-05-10 07:54:14 | INFO | my_functions.py:1675 | 🔍 Esperando ventana que contenga alguna de: SNAP (máx 20s)
2026-05-10 07:54:14 | INFO | my_functions.py:1687 | ✅ Ventana encontrada: 'SNAP'
2026-05-10 07:54:14 | INFO | my_functions.py:1702 | ✅ Ventana seleccionada: 'SNAP'
2026-05-10 07:54:16 | INFO | my_functions.py:1725 | 🔁 Reajuste #1...
2026-05-10 07:54:18 | INFO | my_functions.py:1732 | ✔ Verificación completa. Se hicieron 1 reajustes.
2026-05-10 07:54:19 | INFO | my_functions.py:1484 | snap.exe closed
2026-05-10 07:54:22 | INFO | my_functions.py:1487 | [DEBUG] Logout completed successfully.
2026-05-10 07:54:22 | INFO | baseclient.py:33 | Connecting with parameters: host='localhost' port=4455 password='' subs=0 timeout=None
2026-05-10 07:54:22 | INFO | reqs.py:23 | Successfully identified ReqClient with the server using RPC version:1
2026-05-10 07:54:23 | INFO | my_functions.py:97 | Record stopped.
2026-05-10 07:54:35 | INFO | my_functions.py:127 | Archivo renombrado a: C:\Users\Farm\Videos\my_functions_2026-05-10_06-19-24.mkv
2026-05-10 07:54:35 | INFO | each_eight_hours.py:448 | OBS recording stopped
